timestamp,endpoint,deployment,instance,status,response_time_ms
2026-09-17T03:44:44.379362056Z,book,full,a42d74844cf7,200,23.247717
2026-09-17T03:44:44.426577046Z,book,full,a42d74844cf7,200,11.871383
2026-09-17T03:44:44.486015385Z,book,full,a42d74844cf7,200,11.652885
2026-09-17T03:44:44.54538149Z,book,full,a42d74844cf7,200,11.4428
2026-09-17T03:44:44.605185917Z,book,full,a42d74844cf7,200,10.435508
2026-09-17T03:44:44.665150192Z,book,full,a42d74844cf7,200,11.256976
2026-09-17T03:44:44.72531265Z,book,full,a42d74844cf7,200,11.32337
2026-09-17T03:44:44.790375028Z,book,full,a42d74844cf7,200,15.662941
2026-09-17T03:44:44.843728264Z,book,full,a42d74844cf7,200,9.502112
2026-09-17T03:44:44.905214669Z,book,full,a42d74844cf7,200,9.264589
2026-09-17T03:44:44.963270023Z,book,full,a42d74844cf7,200,9.800116
2026-09-17T03:44:45.025779535Z,book,full,a42d74844cf7,200,9.558951
2026-09-17T03:44:45.083634814Z,book,full,a42d74844cf7,200,10.272172
2026-09-17T03:44:45.145396801Z,book,full,a42d74844cf7,200,11.210853
2026-09-17T03:44:45.205999584Z,book,full,a42d74844cf7,200,11.622329
2026-09-17T03:44:45.264716483Z,book,full,a42d74844cf7,200,10.202796
2026-09-17T03:44:45.32354122Z,book,full,a42d74844cf7,200,9.79883
2026-09-17T03:44:45.386397665Z,book,full,a42d74844cf7,200,9.79814
2026-09-17T03:44:45.443813179Z,book,full,a42d74844cf7,200,9.825977
2026-09-17T03:44:45.505586168Z,book,full,a42d74844cf7,200,11.652957
2026-09-17T03:44:45.561999477Z,book,full,a42d74844cf7,200,13.66592
2026-09-17T03:44:45.621900671Z,book,full,a42d74844cf7,200,13.213735
2026-09-17T03:44:45.680564903Z,book,full,a42d74844cf7,200,11.758964
2026-09-17T03:44:45.738900258Z,book,full,a42d74844cf7,200,10.700872
2026-09-17T03:44:45.799985433Z,book,full,a42d74844cf7,200,11.356848
2026-09-17T03:44:45.859073201Z,book,full,a42d74844cf7,200,10.023931
2026-09-17T03:44:45.919777682Z,book,full,a42d74844cf7,200,10.85092
2026-09-17T03:44:45.979809477Z,book,full,a42d74844cf7,200,11.100305
2026-09-17T03:44:46.039066432Z,book,full,a42d74844cf7,200,10.602072
2026-09-17T03:44:46.099426511Z,book,full,a42d74844cf7,200,10.72652
2026-09-17T03:44:46.158704248Z,book,full,a42d74844cf7,200,10.34178
2026-09-17T03:44:46.218706912Z,book,full,a42d74844cf7,200,10.001407
2026-09-17T03:44:46.278625238Z,book,full,a42d74844cf7,200,10.12622
2026-09-17T03:44:46.338510791Z,book,full,a42d74844cf7,200,10.193346
2026-09-17T03:44:46.399066275Z,book,full,a42d74844cf7,200,9.815337
2026-09-17T03:44:46.459710625Z,book,full,a42d74844cf7,200,10.854484
2026-09-17T03:44:46.51855917Z,book,full,a42d74844cf7,200,9.967578
2026-09-17T03:44:46.578152398Z,book,full,a42d74844cf7,200,9.774708
2026-09-17T03:44:46.639588984Z,book,full,a42d74844cf7,200,10.572844
2026-09-17T03:44:46.700006577Z,book,full,a42d74844cf7,200,11.007756
2026-09-17T03:44:46.759487379Z,book,full,a42d74844cf7,200,10.554511
2026-09-17T03:44:46.820602072Z,book,full,a42d74844cf7,200,12.016498
2026-09-17T03:44:46.879227223Z,book,full,a42d74844cf7,200,10.945142
2026-09-17T03:44:46.938991073Z,book,full,a42d74844cf7,200,9.816962
2026-09-17T03:44:47.000385345Z,book,full,a42d74844cf7,200,11.693259
2026-09-17T03:44:47.060197023Z,book,full,a42d74844cf7,200,12.030225
2026-09-17T03:44:47.118404899Z,book,full,a42d74844cf7,200,9.48453
2026-09-17T03:44:47.178519056Z,book,full,a42d74844cf7,200,10.401647
2026-09-17T03:44:47.238202159Z,book,full,a42d74844cf7,200,10.014392
2026-09-17T03:44:47.299549168Z,book,full,a42d74844cf7,200,10.570709
2026-09-17T03:44:47.358606294Z,book,full,a42d74844cf7,200,10.181505
2026-09-17T03:44:47.419690899Z,book,full,a42d74844cf7,200,11.29218
2026-09-17T03:44:47.480451651Z,book,full,a42d74844cf7,200,11.837062
2026-09-17T03:44:47.5400327Z,book,full,a42d74844cf7,200,10.861765
2026-09-17T03:44:47.599712682Z,book,full,a42d74844cf7,200,10.924546
2026-09-17T03:44:47.659944536Z,book,full,a42d74844cf7,200,11.430489
2026-09-17T03:44:47.718949362Z,book,full,a42d74844cf7,200,10.064386
2026-09-17T03:44:47.779430456Z,book,full,a42d74844cf7,200,10.59333
2026-09-17T03:44:47.840259655Z,book,full,a42d74844cf7,200,11.153726
2026-09-17T03:44:47.900809439Z,book,full,a42d74844cf7,200,11.873013
2026-09-17T03:44:47.958462962Z,book,full,a42d74844cf7,200,9.812577
2026-09-17T03:44:48.019051333Z,book,full,a42d74844cf7,200,9.815921
2026-09-17T03:44:48.08145386Z,book,full,a42d74844cf7,200,12.661363
2026-09-17T03:44:48.140062512Z,book,full,a42d74844cf7,200,10.962624
2026-09-17T03:44:48.19919606Z,book,full,a42d74844cf7,200,10.741317
2026-09-17T03:44:48.258210863Z,book,full,a42d74844cf7,200,9.330789
2026-09-17T03:44:48.320420166Z,book,full,a42d74844cf7,200,11.286134
2026-09-17T03:44:48.379954708Z,book,full,a42d74844cf7,200,11.232229
2026-09-17T03:44:48.439279609Z,book,full,a42d74844cf7,200,10.563203
2026-09-17T03:44:48.500991458Z,book,full,a42d74844cf7,200,12.225725
2026-09-17T03:44:48.564682388Z,book,full,a42d74844cf7,200,15.861948
2026-09-17T03:44:48.630354978Z,book,full,a42d74844cf7,200,21.767941
2026-09-17T03:44:48.678965377Z,book,full,a42d74844cf7,200,10.174206
2026-09-17T03:44:48.738404933Z,book,full,a42d74844cf7,200,10.765689
2026-09-17T03:44:48.797955602Z,book,full,a42d74844cf7,200,10.109044
2026-09-17T03:44:48.860286014Z,book,full,a42d74844cf7,200,12.374671
2026-09-17T03:44:48.917684619Z,book,full,a42d74844cf7,200,9.860311
2026-09-17T03:44:48.977450565Z,book,full,a42d74844cf7,200,10.064266
2026-09-17T03:44:49.037263824Z,book,full,a42d74844cf7,200,10.000621
2026-09-17T03:44:49.098031876Z,book,full,a42d74844cf7,200,10.213997
2026-09-17T03:44:49.159396043Z,book,full,a42d74844cf7,200,11.495239
2026-09-17T03:44:49.217279806Z,book,full,a42d74844cf7,200,9.811156
2026-09-17T03:44:49.277755106Z,book,full,a42d74844cf7,200,10.920161
2026-09-17T03:44:49.341599361Z,book,full,a42d74844cf7,200,13.932333
2026-09-17T03:44:49.397451679Z,book,full,a42d74844cf7,200,10.562834
2026-09-17T03:44:49.461204283Z,book,full,a42d74844cf7,200,13.614216
2026-09-17T03:44:49.518534009Z,book,full,a42d74844cf7,200,11.505579
2026-09-17T03:44:49.579525057Z,book,full,a42d74844cf7,200,11.878047
2026-09-17T03:44:49.636929795Z,book,full,a42d74844cf7,200,9.656435
2026-09-17T03:44:49.698055188Z,book,full,a42d74844cf7,200,10.178993
2026-09-17T03:44:49.757753664Z,book,full,a42d74844cf7,200,10.068865
2026-09-17T03:44:49.817934476Z,book,full,a42d74844cf7,200,10.19114
2026-09-17T03:44:49.877364171Z,book,full,a42d74844cf7,200,9.634902
2026-09-17T03:44:49.937510575Z,book,full,a42d74844cf7,200,10.265085
2026-09-17T03:44:49.999176145Z,book,full,a42d74844cf7,200,12.175051
2026-09-17T03:44:50.058499347Z,book,full,a42d74844cf7,200,10.873387
2026-09-17T03:44:50.117639495Z,book,full,a42d74844cf7,200,10.486327
2026-09-17T03:44:50.177421057Z,book,full,a42d74844cf7,200,9.9155
2026-09-17T03:44:50.238100476Z,book,full,a42d74844cf7,200,10.652131
2026-09-17T03:44:50.297880623Z,book,full,a42d74844cf7,200,9.966552
2026-09-17T03:44:50.358530916Z,book,full,a42d74844cf7,200,10.714519
2026-09-17T03:44:50.416296519Z,book,full,a42d74844cf7,200,9.099697
2026-09-17T03:44:50.478229649Z,book,full,a42d74844cf7,200,10.316484
2026-09-17T03:44:50.541988585Z,book,full,a42d74844cf7,200,14.091497
2026-09-17T03:44:50.598694452Z,book,full,a42d74844cf7,200,11.031509
2026-09-17T03:44:50.658805304Z,book,full,a42d74844cf7,200,11.423789
2026-09-17T03:44:50.718787876Z,book,full,a42d74844cf7,200,11.481113
2026-09-17T03:44:50.778260339Z,book,full,a42d74844cf7,200,10.729556
2026-09-17T03:44:50.845884172Z,book,full,a42d74844cf7,200,17.879975
2026-09-17T03:44:50.90265382Z,book,full,a42d74844cf7,200,15.128691
2026-09-17T03:44:50.958767154Z,book,full,a42d74844cf7,200,10.950729
2026-09-17T03:44:51.019311573Z,book,full,a42d74844cf7,200,11.957634
2026-09-17T03:44:51.079184137Z,book,full,a42d74844cf7,200,11.609063
2026-09-17T03:44:51.138705244Z,book,full,a42d74844cf7,200,10.782001
2026-09-17T03:44:51.19999775Z,book,full,a42d74844cf7,200,12.132668
2026-09-17T03:44:51.257723931Z,book,full,a42d74844cf7,200,10.007576
2026-09-17T03:44:51.317902468Z,book,full,a42d74844cf7,200,10.39244
2026-09-17T03:44:51.377745365Z,book,full,a42d74844cf7,200,10.024817
2026-09-17T03:44:51.439373197Z,book,full,a42d74844cf7,200,11.607479
2026-09-17T03:44:51.498149231Z,book,full,a42d74844cf7,200,10.335995
2026-09-17T03:44:51.558030756Z,book,full,a42d74844cf7,200,10.234883
2026-09-17T03:44:51.617234307Z,book,full,a42d74844cf7,200,9.427766
2026-09-17T03:44:51.676304719Z,book,full,a42d74844cf7,200,9.407106
2026-09-17T03:44:51.736857414Z,book,full,a42d74844cf7,200,9.698368
2026-09-17T03:44:51.798069775Z,book,full,a42d74844cf7,200,10.52699
2026-09-17T03:44:51.858707132Z,book,full,a42d74844cf7,200,10.97078
2026-09-17T03:44:51.917507175Z,book,full,a42d74844cf7,200,9.834709
2026-09-17T03:44:51.978002697Z,book,full,a42d74844cf7,200,10.863616
2026-09-17T03:44:52.042966304Z,book,full,a42d74844cf7,200,15.000808
2026-09-17T03:44:52.097143658Z,book,full,a42d74844cf7,200,9.598415
2026-09-17T03:44:52.157753264Z,book,full,a42d74844cf7,200,10.83936
2026-09-17T03:44:52.217427918Z,book,full,a42d74844cf7,200,9.847109
2026-09-17T03:44:52.277076925Z,book,full,a42d74844cf7,200,9.958918
2026-09-17T03:44:52.3365537Z,book,full,a42d74844cf7,200,9.491022
2026-09-17T03:44:52.39741392Z,book,full,a42d74844cf7,200,10.18293
2026-09-17T03:44:52.457245361Z,book,full,a42d74844cf7,200,10.073591
2026-09-17T03:44:52.517427489Z,book,full,a42d74844cf7,200,10.345447
2026-09-17T03:44:52.578006206Z,book,full,a42d74844cf7,200,10.825868
2026-09-17T03:44:52.637445332Z,book,full,a42d74844cf7,200,9.697067
2026-09-17T03:44:52.697559774Z,book,full,a42d74844cf7,200,10.570941
2026-09-17T03:44:52.756985434Z,book,full,a42d74844cf7,200,9.773668
2026-09-17T03:44:52.816924075Z,book,full,a42d74844cf7,200,9.136404
2026-09-17T03:44:52.877069363Z,book,full,a42d74844cf7,200,9.404344
2026-09-17T03:44:52.937546677Z,book,full,a42d74844cf7,200,9.632417
2026-09-17T03:44:52.997816525Z,book,full,a42d74844cf7,200,10.683403
2026-09-17T03:44:53.060980299Z,book,full,a42d74844cf7,200,13.383588
2026-09-17T03:44:53.119077522Z,book,full,a42d74844cf7,200,11.150552
2026-09-17T03:44:53.178301272Z,book,full,a42d74844cf7,200,10.549427
2026-09-17T03:44:53.23810626Z,book,full,a42d74844cf7,200,11.037549
2026-09-17T03:44:53.298365102Z,book,full,a42d74844cf7,200,10.685878
2026-09-17T03:44:53.357824599Z,book,full,a42d74844cf7,200,10.740942
2026-09-17T03:44:53.417418932Z,book,full,a42d74844cf7,200,9.813242
2026-09-17T03:44:53.478314978Z,book,full,a42d74844cf7,200,11.090394
2026-09-17T03:44:53.538574326Z,book,full,a42d74844cf7,200,11.413738
2026-09-17T03:44:53.597388185Z,book,full,a42d74844cf7,200,9.749181
2026-09-17T03:44:53.656732084Z,book,full,a42d74844cf7,200,9.668626
2026-09-17T03:44:53.716752915Z,book,full,a42d74844cf7,200,9.336701
2026-09-17T03:44:53.777593981Z,book,full,a42d74844cf7,200,10.001011
2026-09-17T03:44:53.837528508Z,book,full,a42d74844cf7,200,10.217007
2026-09-17T03:44:53.897086678Z,book,full,a42d74844cf7,200,9.749182
2026-09-17T03:44:53.957993398Z,book,full,a42d74844cf7,200,10.180814
2026-09-17T03:44:54.018586467Z,book,full,a42d74844cf7,200,10.882592
2026-09-17T03:44:54.077993169Z,book,full,a42d74844cf7,200,10.631419
2026-09-17T03:44:54.137445766Z,book,full,a42d74844cf7,200,9.686067
2026-09-17T03:44:54.198539892Z,book,full,a42d74844cf7,200,11.591442
2026-09-17T03:44:54.256431605Z,book,full,a42d74844cf7,200,9.120152
2026-09-17T03:44:54.318260528Z,book,full,a42d74844cf7,200,11.17722
2026-09-17T03:44:54.376727484Z,book,full,a42d74844cf7,200,9.808979
2026-09-17T03:44:54.437647888Z,book,full,a42d74844cf7,200,10.093377
2026-09-17T03:44:54.496726721Z,book,full,a42d74844cf7,200,9.453339
2026-09-17T03:44:54.558669053Z,book,full,a42d74844cf7,200,11.192152
2026-09-17T03:44:54.617957651Z,book,full,a42d74844cf7,200,10.318745
2026-09-17T03:44:54.678302731Z,book,full,a42d74844cf7,200,10.38098
2026-09-17T03:44:54.73772476Z,book,full,a42d74844cf7,200,10.590346
2026-09-17T03:44:54.815118527Z,book,full,a42d74844cf7,200,27.890583
2026-09-17T03:44:54.85683235Z,book,full,a42d74844cf7,200,10.045495
2026-09-17T03:44:54.916990455Z,book,full,a42d74844cf7,200,9.138936
2026-09-17T03:44:54.976589548Z,book,full,a42d74844cf7,200,8.995615
2026-09-17T03:44:55.036586992Z,book,full,a42d74844cf7,200,9.168147
2026-09-17T03:44:55.096601226Z,book,full,a42d74844cf7,200,9.272365
2026-09-17T03:44:55.157492797Z,book,full,a42d74844cf7,200,10.097338
2026-09-17T03:44:55.216681441Z,book,full,a42d74844cf7,200,9.581739
2026-09-17T03:44:55.276990127Z,book,full,a42d74844cf7,200,9.447979
2026-09-17T03:44:55.337861867Z,book,full,a42d74844cf7,200,10.024272
2026-09-17T03:44:55.397060791Z,book,full,a42d74844cf7,200,9.688657
2026-09-17T03:44:55.457117843Z,book,full,a42d74844cf7,200,9.159337
2026-09-17T03:44:55.517708672Z,book,full,a42d74844cf7,200,9.828341
2026-09-17T03:44:55.578603448Z,book,full,a42d74844cf7,200,11.110545
2026-09-17T03:44:55.637068533Z,book,full,a42d74844cf7,200,9.830447
2026-09-17T03:44:55.706429087Z,book,full,a42d74844cf7,200,17.110276
2026-09-17T03:44:55.757153645Z,book,full,a42d74844cf7,200,9.902558
2026-09-17T03:44:55.817072201Z,book,full,a42d74844cf7,200,9.198809
2026-09-17T03:44:55.877559951Z,book,full,a42d74844cf7,200,9.66313
2026-09-17T03:44:55.936966965Z,book,full,a42d74844cf7,200,9.80904
2026-09-17T03:44:55.99713444Z,book,full,a42d74844cf7,200,9.665589
2026-09-17T03:44:56.057455322Z,book,full,a42d74844cf7,200,9.522978
2026-09-17T03:44:56.119784235Z,book,full,a42d74844cf7,200,12.759708
2026-09-17T03:44:56.177501184Z,book,full,a42d74844cf7,200,10.308839
2026-09-17T03:44:56.237727282Z,book,full,a42d74844cf7,200,10.473375
2026-09-17T03:44:56.300297098Z,book,full,a42d74844cf7,200,13.077758
2026-09-17T03:44:56.357402201Z,book,full,a42d74844cf7,200,10.360409
2026-09-17T03:44:56.416286553Z,book,full,a42d74844cf7,200,8.906437
2026-09-17T03:44:56.476232445Z,book,full,a42d74844cf7,200,8.884004
2026-09-17T03:44:56.537223146Z,book,full,a42d74844cf7,200,10.156606
2026-09-17T03:44:56.597996861Z,book,full,a42d74844cf7,200,10.296605
2026-09-17T03:44:56.658147599Z,book,full,a42d74844cf7,200,10.559912
2026-09-17T03:44:56.718870822Z,book,full,a42d74844cf7,200,10.995276
2026-09-17T03:44:56.777084402Z,book,full,a42d74844cf7,200,9.465799
2026-09-17T03:44:56.839991459Z,book,full,a42d74844cf7,200,12.283056
2026-09-17T03:44:56.897741037Z,book,full,a42d74844cf7,200,10.296042
2026-09-17T03:44:56.957737191Z,book,full,a42d74844cf7,200,10.213265
2026-09-17T03:44:57.017352359Z,book,full,a42d74844cf7,200,9.690286
2026-09-17T03:44:57.077193704Z,book,full,a42d74844cf7,200,10.070296
2026-09-17T03:44:57.136814583Z,book,full,a42d74844cf7,200,9.88721
2026-09-17T03:44:57.196484604Z,book,full,a42d74844cf7,200,9.154085
2026-09-17T03:44:57.258187389Z,book,full,a42d74844cf7,200,10.898573
2026-09-17T03:44:57.316748918Z,book,full,a42d74844cf7,200,9.511892
2026-09-17T03:44:57.377218105Z,book,full,a42d74844cf7,200,9.732596
2026-09-17T03:44:57.438606871Z,book,full,a42d74844cf7,200,10.661239
2026-09-17T03:44:57.496340916Z,book,full,a42d74844cf7,200,9.227101
2026-09-17T03:44:57.557902885Z,book,full,a42d74844cf7,200,10.864829
2026-09-17T03:44:57.619252631Z,book,full,a42d74844cf7,200,11.408835
2026-09-17T03:44:57.677084741Z,book,full,a42d74844cf7,200,9.238612
2026-09-17T03:44:57.737926002Z,book,full,a42d74844cf7,200,10.064345
2026-09-17T03:44:57.797180281Z,book,full,a42d74844cf7,200,9.565966
2026-09-17T03:44:57.857586608Z,book,full,a42d74844cf7,200,10.629817
2026-09-17T03:44:57.917026391Z,book,full,a42d74844cf7,200,9.75208
2026-09-17T03:44:57.978260501Z,book,full,a42d74844cf7,200,10.26436
2026-09-17T03:44:58.037900256Z,book,full,a42d74844cf7,200,9.913468
2026-09-17T03:44:58.097823002Z,book,full,a42d74844cf7,200,10.335626
2026-09-17T03:44:58.159157209Z,book,full,a42d74844cf7,200,11.561397
2026-09-17T03:44:58.218103321Z,book,full,a42d74844cf7,200,10.062335
2026-09-17T03:44:58.277476934Z,book,full,a42d74844cf7,200,9.74633
2026-09-17T03:44:58.337278264Z,book,full,a42d74844cf7,200,9.766692
2026-09-17T03:44:58.396130588Z,book,full,a42d74844cf7,200,9.145735
2026-09-17T03:44:58.457357614Z,book,full,a42d74844cf7,200,10.432904
2026-09-17T03:44:58.52090232Z,book,full,a42d74844cf7,200,13.632975
2026-09-17T03:44:58.580330092Z,book,full,a42d74844cf7,200,12.860326
2026-09-17T03:44:58.638871062Z,book,full,a42d74844cf7,200,10.94426
2026-09-17T03:44:58.697419494Z,book,full,a42d74844cf7,200,10.206145
2026-09-17T03:44:58.757610266Z,book,full,a42d74844cf7,200,10.452675
2026-09-17T03:44:58.822042569Z,book,full,a42d74844cf7,200,14.711837
2026-09-17T03:44:58.878592783Z,book,full,a42d74844cf7,200,10.831982
2026-09-17T03:44:58.937448253Z,book,full,a42d74844cf7,200,10.089011
2026-09-17T03:44:58.997432373Z,book,full,a42d74844cf7,200,10.147192
2026-09-17T03:44:59.056912774Z,book,full,a42d74844cf7,200,9.770296
2026-09-17T03:44:59.118583379Z,book,full,a42d74844cf7,200,10.797621
2026-09-17T03:44:59.177385054Z,book,full,a42d74844cf7,200,10.093756
2026-09-17T03:44:59.242743797Z,book,full,a42d74844cf7,200,15.489656
2026-09-17T03:44:59.298130893Z,book,full,a42d74844cf7,200,11.249824
2026-09-17T03:44:59.357461799Z,book,full,a42d74844cf7,200,10.502847
2026-09-17T03:44:59.418456066Z,book,full,a42d74844cf7,200,11.360258
2026-09-17T03:44:59.47741915Z,book,full,a42d74844cf7,200,10.322506
2026-09-17T03:44:59.536827052Z,book,full,a42d74844cf7,200,9.677294
2026-09-17T03:44:59.597660986Z,book,full,a42d74844cf7,200,10.136144
2026-09-17T03:44:59.657579402Z,book,full,a42d74844cf7,200,10.248498
2026-09-17T03:44:59.716909647Z,book,full,a42d74844cf7,200,9.577912
2026-09-17T03:44:59.777189956Z,book,full,a42d74844cf7,200,9.526463
2026-09-17T03:44:59.838200229Z,book,full,a42d74844cf7,200,11.313191
2026-09-17T03:44:59.897700337Z,book,full,a42d74844cf7,200,9.785162
2026-09-17T03:44:59.957496218Z,book,full,a42d74844cf7,200,10.01113
2026-09-17T03:45:00.018212489Z,book,full,a42d74844cf7,200,10.947374
2026-09-17T03:45:00.077153385Z,book,full,a42d74844cf7,200,10.213175
2026-09-17T03:45:00.137564934Z,book,full,a42d74844cf7,200,9.651779
2026-09-17T03:45:00.197710422Z,book,full,a42d74844cf7,200,9.863201
2026-09-17T03:45:00.25708014Z,book,full,a42d74844cf7,200,9.685446
2026-09-17T03:45:00.316535526Z,book,full,a42d74844cf7,200,9.620101
2026-09-17T03:45:00.376233579Z,book,full,a42d74844cf7,200,8.920137
2026-09-17T03:45:00.437548245Z,book,full,a42d74844cf7,200,9.684735
2026-09-17T03:45:00.496766933Z,book,full,a42d74844cf7,200,9.86088
2026-09-17T03:45:00.558342749Z,book,full,a42d74844cf7,200,10.820067
2026-09-17T03:45:00.618188284Z,book,full,a42d74844cf7,200,11.2744
2026-09-17T03:45:00.678649265Z,book,full,a42d74844cf7,200,10.79587
2026-09-17T03:45:00.737392542Z,book,full,a42d74844cf7,200,9.964771
2026-09-17T03:45:00.797676103Z,book,full,a42d74844cf7,200,9.739864
2026-09-17T03:45:00.857361313Z,book,full,a42d74844cf7,200,9.912389
2026-09-17T03:45:00.916841073Z,book,full,a42d74844cf7,200,9.901871
2026-09-17T03:45:00.977477347Z,book,full,a42d74844cf7,200,9.920133
2026-09-17T03:45:01.037726444Z,book,full,a42d74844cf7,200,10.750126
2026-09-17T03:45:01.097645293Z,book,full,a42d74844cf7,200,10.381118
2026-09-17T03:45:01.157035863Z,book,full,a42d74844cf7,200,9.783903
2026-09-17T03:45:01.218319428Z,book,full,a42d74844cf7,200,10.474027
2026-09-17T03:45:01.277009669Z,book,full,a42d74844cf7,200,10.133294
2026-09-17T03:45:01.337463035Z,book,full,a42d74844cf7,200,9.757991
2026-09-17T03:45:01.397390386Z,book,full,a42d74844cf7,200,10.192594
2026-09-17T03:45:01.456661737Z,book,full,a42d74844cf7,200,9.402079
2026-09-17T03:45:01.516962767Z,book,full,a42d74844cf7,200,9.551176
2026-09-17T03:45:01.577366595Z,book,full,a42d74844cf7,200,9.647714
2026-09-17T03:45:01.637360281Z,book,full,a42d74844cf7,200,10.27485
2026-09-17T03:45:01.697475436Z,book,full,a42d74844cf7,200,9.512708
2026-09-17T03:45:01.756346847Z,book,full,a42d74844cf7,200,8.927393
2026-09-17T03:45:01.818386888Z,book,full,a42d74844cf7,200,11.074981
2026-09-17T03:45:01.877830204Z,book,full,a42d74844cf7,200,10.760369
2026-09-17T03:45:01.938141073Z,book,full,a42d74844cf7,200,10.412996
2026-09-17T03:45:01.997405153Z,book,full,a42d74844cf7,200,9.706527
2026-09-17T03:45:02.056531493Z,book,full,a42d74844cf7,200,9.257333
2026-09-17T03:45:02.118332826Z,book,full,a42d74844cf7,200,11.009116
2026-09-17T03:45:02.176672766Z,book,full,a42d74844cf7,200,9.688596
2026-09-17T03:45:02.238104723Z,book,full,a42d74844cf7,200,10.696794
2026-09-17T03:45:02.297089602Z,book,full,a42d74844cf7,200,9.422896
2026-09-17T03:45:02.357016963Z,book,full,a42d74844cf7,200,9.22277
2026-09-17T03:45:02.417525946Z,book,full,a42d74844cf7,200,9.81909
2026-09-17T03:45:02.476798537Z,book,full,a42d74844cf7,200,9.525043
2026-09-17T03:45:02.538679206Z,book,full,a42d74844cf7,200,11.000145
2026-09-17T03:45:02.596769169Z,book,full,a42d74844cf7,200,9.806506
2026-09-17T03:45:02.657502407Z,book,full,a42d74844cf7,200,9.869965
2026-09-17T03:45:02.718950247Z,book,full,a42d74844cf7,200,11.733511
2026-09-17T03:45:02.777413596Z,book,full,a42d74844cf7,200,9.725818
2026-09-17T03:45:02.836873712Z,book,full,a42d74844cf7,200,9.826596
2026-09-17T03:45:02.898181919Z,book,full,a42d74844cf7,200,10.627918
2026-09-17T03:45:02.958127541Z,book,full,a42d74844cf7,200,10.25396
2026-09-17T03:45:03.017880534Z,book,full,a42d74844cf7,200,10.017646
2026-09-17T03:45:03.079480876Z,book,full,a42d74844cf7,200,11.977879
2026-09-17T03:45:03.136924399Z,book,full,a42d74844cf7,200,9.874129
2026-09-17T03:45:03.19738914Z,book,full,a42d74844cf7,200,9.641002
2026-09-17T03:45:03.256599277Z,book,full,a42d74844cf7,200,9.376752
2026-09-17T03:45:03.317854943Z,book,full,a42d74844cf7,200,10.558096
2026-09-17T03:45:03.37713797Z,book,full,a42d74844cf7,200,9.436141
2026-09-17T03:45:03.437700438Z,book,full,a42d74844cf7,200,9.860203
2026-09-17T03:45:03.4971076Z,book,full,a42d74844cf7,200,9.780492
2026-09-17T03:45:03.557230285Z,book,full,a42d74844cf7,200,9.596268
2026-09-17T03:45:03.618470057Z,book,full,a42d74844cf7,200,10.581415
2026-09-17T03:45:03.677499178Z,book,full,a42d74844cf7,200,10.27178
2026-09-17T03:45:03.737172705Z,book,full,a42d74844cf7,200,9.546549
2026-09-17T03:45:03.79761793Z,book,full,a42d74844cf7,200,9.793423
2026-09-17T03:45:03.858045678Z,book,full,a42d74844cf7,200,10.597974
2026-09-17T03:45:03.91798336Z,book,full,a42d74844cf7,200,10.231636
2026-09-17T03:45:03.976254817Z,book,full,a42d74844cf7,200,9.414246
2026-09-17T03:45:04.036706752Z,book,full,a42d74844cf7,200,9.467218
2026-09-17T03:45:04.098593268Z,book,full,a42d74844cf7,200,11.136917
2026-09-17T03:45:04.156956328Z,book,full,a42d74844cf7,200,9.395193
2026-09-17T03:45:04.21826441Z,book,full,a42d74844cf7,200,10.532281
2026-09-17T03:45:04.34728625Z,book,full,a42d74844cf7,200,79.985442
2026-09-17T03:45:04.36266283Z,book,full,a42d74844cf7,200,35.844108
2026-09-17T03:45:04.400585723Z,book,full,a42d74844cf7,200,13.056433
2026-09-17T03:45:04.463784659Z,book,full,a42d74844cf7,200,16.324841
2026-09-17T03:45:04.51824909Z,book,full,a42d74844cf7,200,10.706934
2026-09-17T03:45:04.577660272Z,book,full,a42d74844cf7,200,9.734565
2026-09-17T03:45:04.637957682Z,book,full,a42d74844cf7,200,10.37511
2026-09-17T03:45:04.697080249Z,book,full,a42d74844cf7,200,9.35249
2026-09-17T03:45:04.756741329Z,book,full,a42d74844cf7,200,9.781739
2026-09-17T03:45:04.8181094Z,book,full,a42d74844cf7,200,10.307613
2026-09-17T03:45:04.877491711Z,book,full,a42d74844cf7,200,10.262502
2026-09-17T03:45:04.936514558Z,book,full,a42d74844cf7,200,9.380719
2026-09-17T03:45:04.997539322Z,book,full,a42d74844cf7,200,10.047026
2026-09-17T03:45:05.057302667Z,book,full,a42d74844cf7,200,9.791694
2026-09-17T03:45:05.116941759Z,book,full,a42d74844cf7,200,10.049324
2026-09-17T03:45:05.177819929Z,book,full,a42d74844cf7,200,9.905354
2026-09-17T03:45:05.237174562Z,book,full,a42d74844cf7,200,9.601316
2026-09-17T03:45:05.29727015Z,book,full,a42d74844cf7,200,9.387253
2026-09-17T03:45:05.357414594Z,book,full,a42d74844cf7,200,10.211307
2026-09-17T03:45:05.417464126Z,book,full,a42d74844cf7,200,10.127407
2026-09-17T03:45:05.476926426Z,book,full,a42d74844cf7,200,9.718445
2026-09-17T03:45:05.538439097Z,book,full,a42d74844cf7,200,10.629168
2026-09-17T03:45:05.597437103Z,book,full,a42d74844cf7,200,10.599805
2026-09-17T03:45:05.657956506Z,book,full,a42d74844cf7,200,10.862366
2026-09-17T03:45:05.717373265Z,book,full,a42d74844cf7,200,9.700762
2026-09-17T03:45:05.776654347Z,book,full,a42d74844cf7,200,9.350527
2026-09-17T03:45:05.837481666Z,book,full,a42d74844cf7,200,9.78588
2026-09-17T03:45:05.897032468Z,book,full,a42d74844cf7,200,10.146345
2026-09-17T03:45:05.957828816Z,book,full,a42d74844cf7,200,10.027992
2026-09-17T03:45:06.017412075Z,book,full,a42d74844cf7,200,9.805191
2026-09-17T03:45:06.076903188Z,book,full,a42d74844cf7,200,9.73988
2026-09-17T03:45:06.137525018Z,book,full,a42d74844cf7,200,9.824437
2026-09-17T03:45:06.196488171Z,book,full,a42d74844cf7,200,9.463729
2026-09-17T03:45:06.256663378Z,book,full,a42d74844cf7,200,9.005074
2026-09-17T03:45:06.315643773Z,book,full,a42d74844cf7,200,8.296592
2026-09-17T03:45:06.378119223Z,book,full,a42d74844cf7,200,10.460035
2026-09-17T03:45:06.43713904Z,book,full,a42d74844cf7,200,9.28469
2026-09-17T03:45:06.496836319Z,book,full,a42d74844cf7,200,9.167125
2026-09-17T03:45:06.558007341Z,book,full,a42d74844cf7,200,10.178944
2026-09-17T03:45:06.617669845Z,book,full,a42d74844cf7,200,10.002234
2026-09-17T03:45:06.682955966Z,book,full,a42d74844cf7,200,14.797135
2026-09-17T03:45:06.7373177Z,book,full,a42d74844cf7,200,10.075384
2026-09-17T03:45:06.800861592Z,book,full,a42d74844cf7,200,13.424474
2026-09-17T03:45:06.858184651Z,book,full,a42d74844cf7,200,10.773729
2026-09-17T03:45:06.918242336Z,book,full,a42d74844cf7,200,10.470644
2026-09-17T03:45:06.978431088Z,book,full,a42d74844cf7,200,11.205053
2026-09-17T03:45:07.040784441Z,book,full,a42d74844cf7,200,13.545878
2026-09-17T03:45:07.098102457Z,book,full,a42d74844cf7,200,10.877506
2026-09-17T03:45:07.162079632Z,book,full,a42d74844cf7,200,15.051579
2026-09-17T03:45:07.217619934Z,book,full,a42d74844cf7,200,9.955288
2026-09-17T03:45:07.27715524Z,book,full,a42d74844cf7,200,9.801831
2026-09-17T03:45:07.339017615Z,book,full,a42d74844cf7,200,11.748162
2026-09-17T03:45:07.397432506Z,book,full,a42d74844cf7,200,9.902551
2026-09-17T03:45:07.45782835Z,book,full,a42d74844cf7,200,10.641678
2026-09-17T03:45:07.517304606Z,book,full,a42d74844cf7,200,9.774357
2026-09-17T03:45:07.576950706Z,book,full,a42d74844cf7,200,10.030748
2026-09-17T03:45:07.637492074Z,book,full,a42d74844cf7,200,9.710673
2026-09-17T03:45:07.698483761Z,book,full,a42d74844cf7,200,11.456784
2026-09-17T03:45:07.756894588Z,book,full,a42d74844cf7,200,9.691806
2026-09-17T03:45:07.818102982Z,book,full,a42d74844cf7,200,10.541941
2026-09-17T03:45:07.877278597Z,book,full,a42d74844cf7,200,9.318035
2026-09-17T03:45:07.93703561Z,book,full,a42d74844cf7,200,9.90475
2026-09-17T03:45:07.996894956Z,book,full,a42d74844cf7,200,9.257614
2026-09-17T03:45:08.058800681Z,book,full,a42d74844cf7,200,11.001051
2026-09-17T03:45:08.118794856Z,book,full,a42d74844cf7,200,10.917721
2026-09-17T03:45:08.177535258Z,book,full,a42d74844cf7,200,9.827454
2026-09-17T03:45:08.237634371Z,book,full,a42d74844cf7,200,10.231086
2026-09-17T03:45:08.296888358Z,book,full,a42d74844cf7,200,9.7162
2026-09-17T03:45:08.35795681Z,book,full,a42d74844cf7,200,10.236709
2026-09-17T03:45:08.418637213Z,book,full,a42d74844cf7,200,10.943382
2026-09-17T03:45:08.476564978Z,book,full,a42d74844cf7,200,9.242814
2026-09-17T03:45:08.537169427Z,book,full,a42d74844cf7,200,9.453097
2026-09-17T03:45:08.597836751Z,book,full,a42d74844cf7,200,10.927401
2026-09-17T03:45:08.656554956Z,book,full,a42d74844cf7,200,8.952437
2026-09-17T03:45:08.718185652Z,book,full,a42d74844cf7,200,10.660161
2026-09-17T03:45:08.776304221Z,book,full,a42d74844cf7,200,8.998745
2026-09-17T03:45:08.83665492Z,book,full,a42d74844cf7,200,9.464493
2026-09-17T03:45:08.896723228Z,book,full,a42d74844cf7,200,9.156546
2026-09-17T03:45:08.956789426Z,book,full,a42d74844cf7,200,9.32678
2026-09-17T03:45:09.017114583Z,book,full,a42d74844cf7,200,9.560387
2026-09-17T03:45:09.077123396Z,book,full,a42d74844cf7,200,9.818726
2026-09-17T03:45:09.136523771Z,book,full,a42d74844cf7,200,8.709532
2026-09-17T03:45:09.197488457Z,book,full,a42d74844cf7,200,10.254109
2026-09-17T03:45:09.25672488Z,book,full,a42d74844cf7,200,9.499607
2026-09-17T03:45:09.320292272Z,book,full,a42d74844cf7,200,12.813755
2026-09-17T03:45:09.378855335Z,book,full,a42d74844cf7,200,11.866364
2026-09-17T03:45:09.437366954Z,book,full,a42d74844cf7,200,9.622115
2026-09-17T03:45:09.497883005Z,book,full,a42d74844cf7,200,9.974983
2026-09-17T03:45:09.557844405Z,book,full,a42d74844cf7,200,10.244559
2026-09-17T03:45:09.617372037Z,book,full,a42d74844cf7,200,9.756618
2026-09-17T03:45:09.677780764Z,book,full,a42d74844cf7,200,9.770112
2026-09-17T03:45:09.737064043Z,book,full,a42d74844cf7,200,9.633104
2026-09-17T03:45:09.797086693Z,book,full,a42d74844cf7,200,9.446085
2026-09-17T03:45:09.867337097Z,book,full,a42d74844cf7,200,20.429583
2026-09-17T03:45:09.916966475Z,book,full,a42d74844cf7,200,9.868906
2026-09-17T03:45:09.976783433Z,book,full,a42d74844cf7,200,9.122277
2026-09-17T03:45:10.037332532Z,book,full,a42d74844cf7,200,9.652064
2026-09-17T03:45:10.096900252Z,book,full,a42d74844cf7,200,10.038454
2026-09-17T03:45:10.15658006Z,book,full,a42d74844cf7,200,9.001404
2026-09-17T03:45:10.217110213Z,book,full,a42d74844cf7,200,9.655724
2026-09-17T03:45:10.278205119Z,book,full,a42d74844cf7,200,10.410062
2026-09-17T03:45:10.336708528Z,book,full,a42d74844cf7,200,9.692531
2026-09-17T03:45:10.397702695Z,book,full,a42d74844cf7,200,10.287841
2026-09-17T03:45:10.457148852Z,book,full,a42d74844cf7,200,9.887868
2026-09-17T03:45:10.517671687Z,book,full,a42d74844cf7,200,10.012972
2026-09-17T03:45:10.579939443Z,book,full,a42d74844cf7,200,12.49679
2026-09-17T03:45:10.637209377Z,book,full,a42d74844cf7,200,9.465169
2026-09-17T03:45:10.699031667Z,book,full,a42d74844cf7,200,11.234134
2026-09-17T03:45:10.756718604Z,book,full,a42d74844cf7,200,9.558307
2026-09-17T03:45:10.818266744Z,book,full,a42d74844cf7,200,10.685351
2026-09-17T03:45:10.876718249Z,book,full,a42d74844cf7,200,9.816836
2026-09-17T03:45:10.938190703Z,book,full,a42d74844cf7,200,10.52496
2026-09-17T03:45:10.998373609Z,book,full,a42d74844cf7,200,10.599432
2026-09-17T03:45:11.057667428Z,book,full,a42d74844cf7,200,10.531491
2026-09-17T03:45:11.117431418Z,book,full,a42d74844cf7,200,9.945571
2026-09-17T03:45:11.17702875Z,book,full,a42d74844cf7,200,9.701312
2026-09-17T03:45:11.23665994Z,book,full,a42d74844cf7,200,9.729921
2026-09-17T03:45:11.296683318Z,book,full,a42d74844cf7,200,9.358187
2026-09-17T03:45:11.35634362Z,book,full,a42d74844cf7,200,9.46447
2026-09-17T03:45:11.416789875Z,book,full,a42d74844cf7,200,9.318218
2026-09-17T03:45:11.477036376Z,book,full,a42d74844cf7,200,9.355901
2026-09-17T03:45:11.538168455Z,book,full,a42d74844cf7,200,10.889502
2026-09-17T03:45:11.596861643Z,book,full,a42d74844cf7,200,9.3209
2026-09-17T03:45:11.657281431Z,book,full,a42d74844cf7,200,9.680711
2026-09-17T03:45:11.717757538Z,book,full,a42d74844cf7,200,10.619136
2026-09-17T03:45:11.778066254Z,book,full,a42d74844cf7,200,10.168653
2026-09-17T03:45:11.838391261Z,book,full,a42d74844cf7,200,11.476503
2026-09-17T03:45:11.898958415Z,book,full,a42d74844cf7,200,11.087363
2026-09-17T03:45:11.956754608Z,book,full,a42d74844cf7,200,9.902049
2026-09-17T03:45:12.017620286Z,book,full,a42d74844cf7,200,10.126975
2026-09-17T03:45:12.077953912Z,book,full,a42d74844cf7,200,10.515908
2026-09-17T03:45:12.137321657Z,book,full,a42d74844cf7,200,10.43998
2026-09-17T03:45:12.198173822Z,book,full,a42d74844cf7,200,10.283022
2026-09-17T03:45:12.257264851Z,book,full,a42d74844cf7,200,9.497613
2026-09-17T03:45:12.317123273Z,book,full,a42d74844cf7,200,9.741237
2026-09-17T03:45:12.378689742Z,book,full,a42d74844cf7,200,10.736977
2026-09-17T03:45:12.437359728Z,book,full,a42d74844cf7,200,10.062587
2026-09-17T03:45:12.498677786Z,book,full,a42d74844cf7,200,11.837872
2026-09-17T03:45:12.556554907Z,book,full,a42d74844cf7,200,9.090309
2026-09-17T03:45:12.616671367Z,book,full,a42d74844cf7,200,9.430768
2026-09-17T03:45:12.677757538Z,book,full,a42d74844cf7,200,10.1382
2026-09-17T03:45:12.737451436Z,book,full,a42d74844cf7,200,9.92947
2026-09-17T03:45:12.796764691Z,book,full,a42d74844cf7,200,9.699168
2026-09-17T03:45:12.857227816Z,book,full,a42d74844cf7,200,9.514368
2026-09-17T03:45:12.916956422Z,book,full,a42d74844cf7,200,9.788935
2026-09-17T03:45:12.977077088Z,book,full,a42d74844cf7,200,9.000885
2026-09-17T03:45:13.037770507Z,book,full,a42d74844cf7,200,10.030363
2026-09-17T03:45:13.098566899Z,book,full,a42d74844cf7,200,11.265683
2026-09-17T03:45:13.157474597Z,book,full,a42d74844cf7,200,10.018163
2026-09-17T03:45:13.21767641Z,book,full,a42d74844cf7,200,10.405092
2026-09-17T03:45:13.278286203Z,book,full,a42d74844cf7,200,10.63491
2026-09-17T03:45:13.338033721Z,book,full,a42d74844cf7,200,10.524973
2026-09-17T03:45:13.398629049Z,book,full,a42d74844cf7,200,10.800229
2026-09-17T03:45:13.456504178Z,book,full,a42d74844cf7,200,9.079549
2026-09-17T03:45:13.519431285Z,book,full,a42d74844cf7,200,11.978387
2026-09-17T03:45:13.577039065Z,book,full,a42d74844cf7,200,9.798126
2026-09-17T03:45:13.637840372Z,book,full,a42d74844cf7,200,10.024384
2026-09-17T03:45:13.69720923Z,book,full,a42d74844cf7,200,9.991989
2026-09-17T03:45:13.7573986Z,book,full,a42d74844cf7,200,10.129012
2026-09-17T03:45:13.817454122Z,book,full,a42d74844cf7,200,9.723841
2026-09-17T03:45:13.877277406Z,book,full,a42d74844cf7,200,9.844018
2026-09-17T03:45:13.938004616Z,book,full,a42d74844cf7,200,10.549571
2026-09-17T03:45:13.997128266Z,book,full,a42d74844cf7,200,9.581098
2026-09-17T03:45:14.058176296Z,book,full,a42d74844cf7,200,10.204836
2026-09-17T03:45:14.117769323Z,book,full,a42d74844cf7,200,10.788789
2026-09-17T03:45:14.177229903Z,book,full,a42d74844cf7,200,9.766583
2026-09-17T03:45:14.237970008Z,book,full,a42d74844cf7,200,10.741155
2026-09-17T03:45:14.298879825Z,book,full,a42d74844cf7,200,11.307942
2026-09-17T03:45:14.357691102Z,book,full,a42d74844cf7,200,9.842484
2026-09-17T03:45:14.419154896Z,book,full,a42d74844cf7,200,11.627059
2026-09-17T03:45:14.477784854Z,book,full,a42d74844cf7,200,9.928205
2026-09-17T03:45:14.541021397Z,book,full,a42d74844cf7,200,13.476545
2026-09-17T03:45:14.599415702Z,book,full,a42d74844cf7,200,11.826441
2026-09-17T03:45:14.657494935Z,book,full,a42d74844cf7,200,10.260682
2026-09-17T03:45:14.718429783Z,book,full,a42d74844cf7,200,10.837446
2026-09-17T03:45:14.7793391Z,book,full,a42d74844cf7,200,12.118133
2026-09-17T03:45:14.838998831Z,book,full,a42d74844cf7,200,10.977347
2026-09-17T03:45:14.898125251Z,book,full,a42d74844cf7,200,10.858447
2026-09-17T03:45:14.958940924Z,book,full,a42d74844cf7,200,11.198937
2026-09-17T03:45:15.031690276Z,book,full,a42d74844cf7,200,24.024258
2026-09-17T03:45:15.079680148Z,book,full,a42d74844cf7,200,11.945574
2026-09-17T03:45:15.137593548Z,book,full,a42d74844cf7,200,10.236149
2026-09-17T03:45:15.196918154Z,book,full,a42d74844cf7,200,9.98769
2026-09-17T03:45:15.257281004Z,book,full,a42d74844cf7,200,9.563583
2026-09-17T03:45:15.317770463Z,book,full,a42d74844cf7,200,9.882012
2026-09-17T03:45:15.380486306Z,book,full,a42d74844cf7,200,12.941334
2026-09-17T03:45:15.436955805Z,book,full,a42d74844cf7,200,9.577769
2026-09-17T03:45:15.498352518Z,book,full,a42d74844cf7,200,10.736736
2026-09-17T03:45:15.557553783Z,book,full,a42d74844cf7,200,10.480131
2026-09-17T03:45:15.618248234Z,book,full,a42d74844cf7,200,10.987641
2026-09-17T03:45:15.676750637Z,book,full,a42d74844cf7,200,9.941237
2026-09-17T03:45:15.737320348Z,book,full,a42d74844cf7,200,9.96892
2026-09-17T03:45:15.799897411Z,book,full,a42d74844cf7,200,12.94793
2026-09-17T03:45:15.858558108Z,book,full,a42d74844cf7,200,11.490399
2026-09-17T03:45:15.919859289Z,book,full,a42d74844cf7,200,12.466625
2026-09-17T03:45:15.977917663Z,book,full,a42d74844cf7,200,11.02395
2026-09-17T03:45:16.038218571Z,book,full,a42d74844cf7,200,10.562607
2026-09-17T03:45:16.097955738Z,book,full,a42d74844cf7,200,10.237779
2026-09-17T03:45:16.157316527Z,book,full,a42d74844cf7,200,9.58232
2026-09-17T03:45:16.217950623Z,book,full,a42d74844cf7,200,10.470958
2026-09-17T03:45:16.278096068Z,book,full,a42d74844cf7,200,10.223201
2026-09-17T03:45:16.338394481Z,book,full,a42d74844cf7,200,11.302002
2026-09-17T03:45:16.399007775Z,book,full,a42d74844cf7,200,11.186383
2026-09-17T03:45:16.457603816Z,book,full,a42d74844cf7,200,9.823027
2026-09-17T03:45:16.517797608Z,book,full,a42d74844cf7,200,10.367229
2026-09-17T03:45:16.577153006Z,book,full,a42d74844cf7,200,9.761763
2026-09-17T03:45:16.638677139Z,book,full,a42d74844cf7,200,11.56634
2026-09-17T03:45:16.696476678Z,book,full,a42d74844cf7,200,9.409047
2026-09-17T03:45:16.757453979Z,book,full,a42d74844cf7,200,9.952813
2026-09-17T03:45:16.820805622Z,book,full,a42d74844cf7,200,13.619707
2026-09-17T03:45:16.878413697Z,book,full,a42d74844cf7,200,10.995043
2026-09-17T03:45:16.937253426Z,book,full,a42d74844cf7,200,9.989781
2026-09-17T03:45:16.998502307Z,book,full,a42d74844cf7,200,10.791641
2026-09-17T03:45:17.056625312Z,book,full,a42d74844cf7,200,9.439708
2026-09-17T03:45:17.117935543Z,book,full,a42d74844cf7,200,10.422632
2026-09-17T03:45:17.176848373Z,book,full,a42d74844cf7,200,9.042943
2026-09-17T03:45:17.237323525Z,book,full,a42d74844cf7,200,9.807935
2026-09-17T03:45:17.297656648Z,book,full,a42d74844cf7,200,9.83986
2026-09-17T03:45:17.356262389Z,book,full,a42d74844cf7,200,8.93732
2026-09-17T03:45:17.419391764Z,book,full,a42d74844cf7,200,12.374902
2026-09-17T03:45:17.477613306Z,book,full,a42d74844cf7,200,10.656791
2026-09-17T03:45:17.537378087Z,book,full,a42d74844cf7,200,10.044846
2026-09-17T03:45:17.598635815Z,book,full,a42d74844cf7,200,10.625174
2026-09-17T03:45:17.655736006Z,book,full,a42d74844cf7,200,8.517959
2026-09-17T03:45:17.71760773Z,book,full,a42d74844cf7,200,9.989276
2026-09-17T03:45:17.780084382Z,book,full,a42d74844cf7,200,12.487205
2026-09-17T03:45:17.837847529Z,book,full,a42d74844cf7,200,10.579366
2026-09-17T03:45:17.898282138Z,book,full,a42d74844cf7,200,10.823965
2026-09-17T03:45:17.957405408Z,book,full,a42d74844cf7,200,10.221573
2026-09-17T03:45:18.017233102Z,book,full,a42d74844cf7,200,10.210928
2026-09-17T03:45:18.079344931Z,book,full,a42d74844cf7,200,12.425737
2026-09-17T03:45:18.138199951Z,book,full,a42d74844cf7,200,10.625119
2026-09-17T03:45:18.198840094Z,book,full,a42d74844cf7,200,11.14027
2026-09-17T03:45:18.257311895Z,book,full,a42d74844cf7,200,9.586588
2026-09-17T03:45:18.317339855Z,book,full,a42d74844cf7,200,10.074668
2026-09-17T03:45:18.37697491Z,book,full,a42d74844cf7,200,9.645629
2026-09-17T03:45:18.437225531Z,book,full,a42d74844cf7,200,9.317049
2026-09-17T03:45:18.498572622Z,book,full,a42d74844cf7,200,10.736387
2026-09-17T03:45:18.557427692Z,book,full,a42d74844cf7,200,9.820537
2026-09-17T03:45:18.621582586Z,book,full,a42d74844cf7,200,14.293667
2026-09-17T03:45:18.683200471Z,book,full,a42d74844cf7,200,15.407132
2026-09-17T03:45:18.736134041Z,book,full,a42d74844cf7,200,9.92261
2026-09-17T03:45:18.797872898Z,book,full,a42d74844cf7,200,10.885447
2026-09-17T03:45:18.856125347Z,book,full,a42d74844cf7,200,9.490458
2026-09-17T03:45:18.916567254Z,book,full,a42d74844cf7,200,10.211903
2026-09-17T03:45:18.97589851Z,book,full,a42d74844cf7,200,9.354673
2026-09-17T03:45:19.036104553Z,book,full,a42d74844cf7,200,9.493803
2026-09-17T03:45:19.096129707Z,book,full,a42d74844cf7,200,9.311794
2026-09-17T03:45:19.156187539Z,book,full,a42d74844cf7,200,9.344677
2026-09-17T03:45:19.216430489Z,book,full,a42d74844cf7,200,9.670717
2026-09-17T03:45:19.275844351Z,book,full,a42d74844cf7,200,9.852864
2026-09-17T03:45:19.338104119Z,book,full,a42d74844cf7,200,11.482643
2026-09-17T03:45:19.397533243Z,book,full,a42d74844cf7,200,10.951113
2026-09-17T03:45:19.461424277Z,book,full,a42d74844cf7,200,15.179525
2026-09-17T03:45:19.516644049Z,book,full,a42d74844cf7,200,10.670633
2026-09-17T03:45:19.576357675Z,book,full,a42d74844cf7,200,9.801246
2026-09-17T03:45:19.640080555Z,book,full,a42d74844cf7,200,14.112814
2026-09-17T03:45:19.700886784Z,book,full,a42d74844cf7,200,14.05858
2026-09-17T03:45:19.756329484Z,book,full,a42d74844cf7,200,9.637584
2026-09-17T03:45:19.81605324Z,book,full,a42d74844cf7,200,10.077617
2026-09-17T03:45:19.877940621Z,book,full,a42d74844cf7,200,11.196012
2026-09-17T03:45:19.936274301Z,book,full,a42d74844cf7,200,9.57418
2026-09-17T03:45:19.997188819Z,book,full,a42d74844cf7,200,10.400753
2026-09-17T03:45:20.056726915Z,book,full,a42d74844cf7,200,9.887182
2026-09-17T03:45:20.116973393Z,book,full,a42d74844cf7,200,10.443373
2026-09-17T03:45:20.176467371Z,book,full,a42d74844cf7,200,9.734405
2026-09-17T03:45:20.237544489Z,book,full,a42d74844cf7,200,11.09646
2026-09-17T03:45:20.297169722Z,book,full,a42d74844cf7,200,10.139836
2026-09-17T03:45:20.356455855Z,book,full,a42d74844cf7,200,9.517683
2026-09-17T03:45:20.416329901Z,book,full,a42d74844cf7,200,10.059405
2026-09-17T03:45:20.480091018Z,book,full,a42d74844cf7,200,13.042134
2026-09-17T03:45:20.537523764Z,book,full,a42d74844cf7,200,10.678243
2026-09-17T03:45:20.596616087Z,book,full,a42d74844cf7,200,9.738351
2026-09-17T03:45:20.659030032Z,book,full,a42d74844cf7,200,12.332722
2026-09-17T03:45:20.719746969Z,book,full,a42d74844cf7,200,12.708171
2026-09-17T03:45:20.776643353Z,book,full,a42d74844cf7,200,10.038232
2026-09-17T03:45:20.835724635Z,book,full,a42d74844cf7,200,9.367493
2026-09-17T03:45:20.896098856Z,book,full,a42d74844cf7,200,9.495582
2026-09-17T03:45:20.955601075Z,book,full,a42d74844cf7,200,9.471083
2026-09-17T03:45:21.016681374Z,book,full,a42d74844cf7,200,10.024012
2026-09-17T03:45:21.076330152Z,book,full,a42d74844cf7,200,9.894537
2026-09-17T03:45:21.136203058Z,book,full,a42d74844cf7,200,9.569506
2026-09-17T03:45:21.196776174Z,book,full,a42d74844cf7,200,10.682707
2026-09-17T03:45:21.256131047Z,book,full,a42d74844cf7,200,9.603581
2026-09-17T03:45:21.317649616Z,book,full,a42d74844cf7,200,10.745388
2026-09-17T03:45:21.37621488Z,book,full,a42d74844cf7,200,9.714769
2026-09-17T03:45:21.43629232Z,book,full,a42d74844cf7,200,9.395793
2026-09-17T03:45:21.497347838Z,book,full,a42d74844cf7,200,10.391211
2026-09-17T03:45:21.556189472Z,book,full,a42d74844cf7,200,10.190255
2026-09-17T03:45:21.616871881Z,book,full,a42d74844cf7,200,9.923842
2026-09-17T03:45:21.677930317Z,book,full,a42d74844cf7,200,11.4358
2026-09-17T03:45:21.736834074Z,book,full,a42d74844cf7,200,10.124993
2026-09-17T03:45:21.800380416Z,book,full,a42d74844cf7,200,14.056728
2026-09-17T03:45:21.856377243Z,book,full,a42d74844cf7,200,10.406091
2026-09-17T03:45:21.919857629Z,book,full,a42d74844cf7,200,13.774928
2026-09-17T03:45:21.976951309Z,book,full,a42d74844cf7,200,10.502169
2026-09-17T03:45:22.035956175Z,book,full,a42d74844cf7,200,9.424987
2026-09-17T03:45:22.097025487Z,book,full,a42d74844cf7,200,10.247073
2026-09-17T03:45:22.157325251Z,book,full,a42d74844cf7,200,10.690053
2026-09-17T03:45:22.21650403Z,book,full,a42d74844cf7,200,10.296983
2026-09-17T03:45:22.276381843Z,book,full,a42d74844cf7,200,9.908694
2026-09-17T03:45:22.344709166Z,book,full,a42d74844cf7,200,17.759489
2026-09-17T03:45:22.396103398Z,book,full,a42d74844cf7,200,10.001694
2026-09-17T03:45:22.457217149Z,book,full,a42d74844cf7,200,10.137909
2026-09-17T03:45:22.516246297Z,book,full,a42d74844cf7,200,9.270455
2026-09-17T03:45:22.577064211Z,book,full,a42d74844cf7,200,10.103859
2026-09-17T03:45:22.635500982Z,book,full,a42d74844cf7,200,8.651237
2026-09-17T03:45:22.696046168Z,book,full,a42d74844cf7,200,9.564126
2026-09-17T03:45:22.758515376Z,book,full,a42d74844cf7,200,11.356796
2026-09-17T03:45:22.816765945Z,book,full,a42d74844cf7,200,10.31514
2026-09-17T03:45:22.876074464Z,book,full,a42d74844cf7,200,9.763563
2026-09-17T03:45:22.936037663Z,book,full,a42d74844cf7,200,9.855805
2026-09-17T03:45:22.996776171Z,book,full,a42d74844cf7,200,10.055434
2026-09-17T03:45:23.059153432Z,book,full,a42d74844cf7,200,12.267661
2026-09-17T03:45:23.117158071Z,book,full,a42d74844cf7,200,10.783971
2026-09-17T03:45:23.177069955Z,book,full,a42d74844cf7,200,10.890209
2026-09-17T03:45:23.237599557Z,book,full,a42d74844cf7,200,10.743397
2026-09-17T03:45:23.295745709Z,book,full,a42d74844cf7,200,9.495281
2026-09-17T03:45:23.356122329Z,book,full,a42d74844cf7,200,9.61307
2026-09-17T03:45:23.417878688Z,book,full,a42d74844cf7,200,10.880342
2026-09-17T03:45:23.477253402Z,book,full,a42d74844cf7,200,10.399817
2026-09-17T03:45:23.537219855Z,book,full,a42d74844cf7,200,10.232038
2026-09-17T03:45:23.597086872Z,book,full,a42d74844cf7,200,10.089864
2026-09-17T03:45:23.655846864Z,book,full,a42d74844cf7,200,9.869919
2026-09-17T03:45:23.716583839Z,book,full,a42d74844cf7,200,9.969346
2026-09-17T03:45:23.775847185Z,book,full,a42d74844cf7,200,9.363272
2026-09-17T03:45:23.837374617Z,book,full,a42d74844cf7,200,10.414222
2026-09-17T03:45:23.895659465Z,book,full,a42d74844cf7,200,9.647572
2026-09-17T03:45:23.956935802Z,book,full,a42d74844cf7,200,10.382649
2026-09-17T03:45:24.015872633Z,book,full,a42d74844cf7,200,9.201149
2026-09-17T03:45:24.077016749Z,book,full,a42d74844cf7,200,10.362177
2026-09-17T03:45:24.136402464Z,book,full,a42d74844cf7,200,9.674957
2026-09-17T03:45:24.19632508Z,book,full,a42d74844cf7,200,10.219168
2026-09-17T03:45:24.258527279Z,book,full,a42d74844cf7,200,11.563239
2026-09-17T03:45:24.317621072Z,book,full,a42d74844cf7,200,11.167089
2026-09-17T03:45:24.377358061Z,book,full,a42d74844cf7,200,10.80625
2026-09-17T03:45:24.435767114Z,book,full,a42d74844cf7,200,9.491682
2026-09-17T03:45:24.499185385Z,book,full,a42d74844cf7,200,12.7651
2026-09-17T03:45:24.556781889Z,book,full,a42d74844cf7,200,9.99753
2026-09-17T03:45:24.616918026Z,book,full,a42d74844cf7,200,10.200806
2026-09-17T03:45:24.676473507Z,book,full,a42d74844cf7,200,9.845122
2026-09-17T03:45:24.736382327Z,book,full,a42d74844cf7,200,10.174288
2026-09-17T03:45:24.796692902Z,book,full,a42d74844cf7,200,10.633759
2026-09-17T03:45:24.857309871Z,book,full,a42d74844cf7,200,10.880168
2026-09-17T03:45:24.917235727Z,book,full,a42d74844cf7,200,10.25729
2026-09-17T03:45:24.977344477Z,book,full,a42d74844cf7,200,10.288067
2026-09-17T03:45:25.036653554Z,book,full,a42d74844cf7,200,9.645032
2026-09-17T03:45:25.097007087Z,book,full,a42d74844cf7,200,10.820028
2026-09-17T03:45:25.157078269Z,book,full,a42d74844cf7,200,10.37639
2026-09-17T03:45:25.216358976Z,book,full,a42d74844cf7,200,9.401565
2026-09-17T03:45:25.27599905Z,book,full,a42d74844cf7,200,9.74985
2026-09-17T03:45:25.337685637Z,book,full,a42d74844cf7,200,10.750006
2026-09-17T03:45:25.396681431Z,book,full,a42d74844cf7,200,10.501567
2026-09-17T03:45:25.456578386Z,book,full,a42d74844cf7,200,9.759013
2026-09-17T03:45:25.517524039Z,book,full,a42d74844cf7,200,10.747688
2026-09-17T03:45:25.578207683Z,book,full,a42d74844cf7,200,11.770031
2026-09-17T03:45:25.637029115Z,book,full,a42d74844cf7,200,10.085137
2026-09-17T03:45:25.69710854Z,book,full,a42d74844cf7,200,10.524888
2026-09-17T03:45:25.75742052Z,book,full,a42d74844cf7,200,10.536806
2026-09-17T03:45:25.816068624Z,book,full,a42d74844cf7,200,9.693438
2026-09-17T03:45:25.877890744Z,book,full,a42d74844cf7,200,10.979953
2026-09-17T03:45:25.936269278Z,book,full,a42d74844cf7,200,9.636307
2026-09-17T03:45:25.996087338Z,book,full,a42d74844cf7,200,9.929234
2026-09-17T03:45:26.056258052Z,book,full,a42d74844cf7,200,9.854628
2026-09-17T03:45:26.118414477Z,book,full,a42d74844cf7,200,11.466662
2026-09-17T03:45:26.17744175Z,book,full,a42d74844cf7,200,11.009388
2026-09-17T03:45:26.235908598Z,book,full,a42d74844cf7,200,9.647203
2026-09-17T03:45:26.296158219Z,book,full,a42d74844cf7,200,9.454754
2026-09-17T03:45:26.355473437Z,book,full,a42d74844cf7,200,9.414335
2026-09-17T03:45:26.415235641Z,book,full,a42d74844cf7,200,8.807041
2026-09-17T03:45:26.47678301Z,book,full,a42d74844cf7,200,10.691602
2026-09-17T03:45:26.53675496Z,book,full,a42d74844cf7,200,10.222808
2026-09-17T03:45:26.597020601Z,book,full,a42d74844cf7,200,10.706374
2026-09-17T03:45:26.656702996Z,book,full,a42d74844cf7,200,9.941274
2026-09-17T03:45:26.716787664Z,book,full,a42d74844cf7,200,10.126681
2026-09-17T03:45:26.776264886Z,book,full,a42d74844cf7,200,9.678256
2026-09-17T03:45:26.840612528Z,book,full,a42d74844cf7,200,14.384173
2026-09-17T03:45:26.896433401Z,book,full,a42d74844cf7,200,9.633182
2026-09-17T03:45:26.955687766Z,book,full,a42d74844cf7,200,9.413835
2026-09-17T03:45:27.016929356Z,book,full,a42d74844cf7,200,10.510207
2026-09-17T03:45:27.077007119Z,book,full,a42d74844cf7,200,10.32546
2026-09-17T03:45:27.136040337Z,book,full,a42d74844cf7,200,9.289957
2026-09-17T03:45:27.196628383Z,book,full,a42d74844cf7,200,9.969628
2026-09-17T03:45:27.256836799Z,book,full,a42d74844cf7,200,10.161402
2026-09-17T03:45:27.315656954Z,book,full,a42d74844cf7,200,8.999268
2026-09-17T03:45:27.376735773Z,book,full,a42d74844cf7,200,10.226748
2026-09-17T03:45:27.435568126Z,book,full,a42d74844cf7,200,8.854008
2026-09-17T03:45:27.496366478Z,book,full,a42d74844cf7,200,10.130141
2026-09-17T03:45:27.557277949Z,book,full,a42d74844cf7,200,11.195229
2026-09-17T03:45:27.617746424Z,book,full,a42d74844cf7,200,10.731479
2026-09-17T03:45:27.677205098Z,book,full,a42d74844cf7,200,10.40278
2026-09-17T03:45:27.735411449Z,book,full,a42d74844cf7,200,9.217656
2026-09-17T03:45:27.796037073Z,book,full,a42d74844cf7,200,9.723533
2026-09-17T03:45:27.856940202Z,book,full,a42d74844cf7,200,10.0627
2026-09-17T03:45:27.916465625Z,book,full,a42d74844cf7,200,9.383043
2026-09-17T03:45:27.976376318Z,book,full,a42d74844cf7,200,9.628621
2026-09-17T03:45:28.036061678Z,book,full,a42d74844cf7,200,9.948397
2026-09-17T03:45:28.097302874Z,book,full,a42d74844cf7,200,10.621093
2026-09-17T03:45:28.157288278Z,book,full,a42d74844cf7,200,11.263137
2026-09-17T03:45:28.216872243Z,book,full,a42d74844cf7,200,10.411243
2026-09-17T03:45:28.277474694Z,book,full,a42d74844cf7,200,10.676312
2026-09-17T03:45:28.336808062Z,book,full,a42d74844cf7,200,10.10565
2026-09-17T03:45:28.396060072Z,book,full,a42d74844cf7,200,9.667107
2026-09-17T03:45:28.456523185Z,book,full,a42d74844cf7,200,9.683357
2026-09-17T03:45:28.515919195Z,book,full,a42d74844cf7,200,9.59316
2026-09-17T03:45:28.580347419Z,book,full,a42d74844cf7,200,13.383578
2026-09-17T03:45:28.636051458Z,book,full,a42d74844cf7,200,10.021242
2026-09-17T03:45:28.698445288Z,book,full,a42d74844cf7,200,11.642648
2026-09-17T03:45:28.756354175Z,book,full,a42d74844cf7,200,10.211886
2026-09-17T03:45:28.817390849Z,book,full,a42d74844cf7,200,10.342477
2026-09-17T03:45:28.877639375Z,book,full,a42d74844cf7,200,11.348483
2026-09-17T03:45:28.935366359Z,book,full,a42d74844cf7,200,9.009855
2026-09-17T03:45:28.997018642Z,book,full,a42d74844cf7,200,10.065037
2026-09-17T03:45:29.057304306Z,book,full,a42d74844cf7,200,10.29782
2026-09-17T03:45:29.117975832Z,book,full,a42d74844cf7,200,10.97841
2026-09-17T03:45:29.176374223Z,book,full,a42d74844cf7,200,9.617862
2026-09-17T03:45:29.235772786Z,book,full,a42d74844cf7,200,9.771668
2026-09-17T03:45:29.297575728Z,book,full,a42d74844cf7,200,10.962266
2026-09-17T03:45:29.355675984Z,book,full,a42d74844cf7,200,9.331556
2026-09-17T03:45:29.416481267Z,book,full,a42d74844cf7,200,10.012882
2026-09-17T03:45:29.476647512Z,book,full,a42d74844cf7,200,10.376544
2026-09-17T03:45:29.536922264Z,book,full,a42d74844cf7,200,10.575274
2026-09-17T03:45:29.59598091Z,book,full,a42d74844cf7,200,9.621992
2026-09-17T03:45:29.656464924Z,book,full,a42d74844cf7,200,9.689938
2026-09-17T03:45:29.720401499Z,book,full,a42d74844cf7,200,14.33273
2026-09-17T03:45:29.777071329Z,book,full,a42d74844cf7,200,10.842481
2026-09-17T03:45:29.839857252Z,book,full,a42d74844cf7,200,12.958616
2026-09-17T03:45:29.899333803Z,book,full,a42d74844cf7,200,12.53686
2026-09-17T03:45:29.957228625Z,book,full,a42d74844cf7,200,10.933252
2026-09-17T03:45:30.017313038Z,book,full,a42d74844cf7,200,10.278782
2026-09-17T03:45:30.078499185Z,book,full,a42d74844cf7,200,11.915541
2026-09-17T03:45:30.141754509Z,book,full,a42d74844cf7,200,15.585819
2026-09-17T03:45:30.199426019Z,book,full,a42d74844cf7,200,12.902868
2026-09-17T03:45:30.258889112Z,book,full,a42d74844cf7,200,12.708834
2026-09-17T03:45:30.317581462Z,book,full,a42d74844cf7,200,10.90962
2026-09-17T03:45:30.377425227Z,book,full,a42d74844cf7,200,10.831804
2026-09-17T03:45:30.435358608Z,book,full,a42d74844cf7,200,9.180178
2026-09-17T03:45:30.496027584Z,book,full,a42d74844cf7,200,9.687308
2026-09-17T03:45:30.557943398Z,book,full,a42d74844cf7,200,11.913102
2026-09-17T03:45:30.616698214Z,book,full,a42d74844cf7,200,10.106374
2026-09-17T03:45:30.678774094Z,book,full,a42d74844cf7,200,12.203599
2026-09-17T03:45:30.736845834Z,book,full,a42d74844cf7,200,10.408082
2026-09-17T03:45:30.796078642Z,book,full,a42d74844cf7,200,9.685771
2026-09-17T03:45:30.858065951Z,book,full,a42d74844cf7,200,11.145399
2026-09-17T03:45:30.924397699Z,book,full,a42d74844cf7,200,17.47419
2026-09-17T03:45:30.976454851Z,book,full,a42d74844cf7,200,10.358358
2026-09-17T03:45:31.038114654Z,book,full,a42d74844cf7,200,11.689244
2026-09-17T03:45:31.096626056Z,book,full,a42d74844cf7,200,9.810976
2026-09-17T03:45:31.155556258Z,book,full,a42d74844cf7,200,9.087018
2026-09-17T03:45:31.216807106Z,book,full,a42d74844cf7,200,10.78378
2026-09-17T03:45:31.276258298Z,book,full,a42d74844cf7,200,9.690654
2026-09-17T03:45:31.337266109Z,book,full,a42d74844cf7,200,10.318745
2026-09-17T03:45:31.396930064Z,book,full,a42d74844cf7,200,10.123709
2026-09-17T03:45:31.457526557Z,book,full,a42d74844cf7,200,10.973477
2026-09-17T03:45:31.516305132Z,book,full,a42d74844cf7,200,10.003802
2026-09-17T03:45:31.575831768Z,book,full,a42d74844cf7,200,8.939156
2026-09-17T03:45:31.635999751Z,book,full,a42d74844cf7,200,9.45316
2026-09-17T03:45:31.69658076Z,book,full,a42d74844cf7,200,9.99875
2026-09-17T03:45:31.755399247Z,book,full,a42d74844cf7,200,8.989465
2026-09-17T03:45:31.816568936Z,book,full,a42d74844cf7,200,10.436986
2026-09-17T03:45:31.87721959Z,book,full,a42d74844cf7,200,11.083563
2026-09-17T03:45:31.936946841Z,book,full,a42d74844cf7,200,10.039699
2026-09-17T03:45:31.99657843Z,book,full,a42d74844cf7,200,9.935711
2026-09-17T03:45:32.056292545Z,book,full,a42d74844cf7,200,9.888488
2026-09-17T03:45:32.115767278Z,book,full,a42d74844cf7,200,8.926205
2026-09-17T03:45:32.177093057Z,book,full,a42d74844cf7,200,10.313464
2026-09-17T03:45:32.237300859Z,book,full,a42d74844cf7,200,10.438174
2026-09-17T03:45:32.296320992Z,book,full,a42d74844cf7,200,9.59446
2026-09-17T03:45:32.355518822Z,book,full,a42d74844cf7,200,9.531166
2026-09-17T03:45:32.416019633Z,book,full,a42d74844cf7,200,9.5839
2026-09-17T03:45:32.477532151Z,book,full,a42d74844cf7,200,10.619736
2026-09-17T03:45:32.536691753Z,book,full,a42d74844cf7,200,10.245035
2026-09-17T03:45:32.595876043Z,book,full,a42d74844cf7,200,9.557917
2026-09-17T03:45:32.655634127Z,book,full,a42d74844cf7,200,8.918585
2026-09-17T03:45:32.715136531Z,book,full,a42d74844cf7,200,8.948612
2026-09-17T03:45:32.776619099Z,book,full,a42d74844cf7,200,10.489297
2026-09-17T03:45:32.836219687Z,book,full,a42d74844cf7,200,9.939497
2026-09-17T03:45:32.898279371Z,book,full,a42d74844cf7,200,11.450295
2026-09-17T03:45:32.959086968Z,book,full,a42d74844cf7,200,12.121897
2026-09-17T03:45:33.015612453Z,book,full,a42d74844cf7,200,9.233505
2026-09-17T03:45:33.078619078Z,book,full,a42d74844cf7,200,11.729214
2026-09-17T03:45:33.136495013Z,book,full,a42d74844cf7,200,9.902729
2026-09-17T03:45:33.197060703Z,book,full,a42d74844cf7,200,10.935041
2026-09-17T03:45:33.257208019Z,book,full,a42d74844cf7,200,10.40959
2026-09-17T03:45:33.317061236Z,book,full,a42d74844cf7,200,10.077009
2026-09-17T03:45:33.377858092Z,book,full,a42d74844cf7,200,10.799931
2026-09-17T03:45:33.436976716Z,book,full,a42d74844cf7,200,10.282969
2026-09-17T03:45:33.495848281Z,book,full,a42d74844cf7,200,9.138606
2026-09-17T03:45:33.557683165Z,book,full,a42d74844cf7,200,10.894936
2026-09-17T03:45:33.616122153Z,book,full,a42d74844cf7,200,9.572723
2026-09-17T03:45:33.676497922Z,book,full,a42d74844cf7,200,9.685776
2026-09-17T03:45:33.736345998Z,book,full,a42d74844cf7,200,9.857866
2026-09-17T03:45:33.795832036Z,book,full,a42d74844cf7,200,8.837413
2026-09-17T03:45:33.856887071Z,book,full,a42d74844cf7,200,10.158073
2026-09-17T03:45:33.917123028Z,book,full,a42d74844cf7,200,10.38636
2026-09-17T03:45:33.97612419Z,book,full,a42d74844cf7,200,10.093179
2026-09-17T03:45:34.035887733Z,book,full,a42d74844cf7,200,8.99883
2026-09-17T03:45:34.09595636Z,book,full,a42d74844cf7,200,9.34338
2026-09-17T03:45:34.156148232Z,book,full,a42d74844cf7,200,9.430238
2026-09-17T03:45:34.217128893Z,book,full,a42d74844cf7,200,9.944161
2026-09-17T03:45:34.276782972Z,book,full,a42d74844cf7,200,9.951957
2026-09-17T03:45:34.338457836Z,book,full,a42d74844cf7,200,11.599524
2026-09-17T03:45:34.396789546Z,book,full,a42d74844cf7,200,9.878472
2026-09-17T03:45:34.45722045Z,book,full,a42d74844cf7,200,10.600586
2026-09-17T03:45:34.516900908Z,book,full,a42d74844cf7,200,9.873391
2026-09-17T03:45:34.577528733Z,book,full,a42d74844cf7,200,10.65535
2026-09-17T03:45:34.635715401Z,book,full,a42d74844cf7,200,9.515158
2026-09-17T03:45:34.696309883Z,book,full,a42d74844cf7,200,9.761348
2026-09-17T03:45:34.755247539Z,book,full,a42d74844cf7,200,9.296988
2026-09-17T03:45:34.816150835Z,book,full,a42d74844cf7,200,9.152877
2026-09-17T03:45:34.876898137Z,book,full,a42d74844cf7,200,10.045859
2026-09-17T03:45:34.936689408Z,book,full,a42d74844cf7,200,9.94054
2026-09-17T03:45:34.997264229Z,book,full,a42d74844cf7,200,10.437299
2026-09-17T03:45:35.055645533Z,book,full,a42d74844cf7,200,9.640144
2026-09-17T03:45:35.117426464Z,book,full,a42d74844cf7,200,10.850666
2026-09-17T03:45:35.175672868Z,book,full,a42d74844cf7,200,9.229482
2026-09-17T03:45:35.23574372Z,book,full,a42d74844cf7,200,9.416106
2026-09-17T03:45:35.296042929Z,book,full,a42d74844cf7,200,9.415167
2026-09-17T03:45:35.356416435Z,book,full,a42d74844cf7,200,9.502043
2026-09-17T03:45:35.415812644Z,book,full,a42d74844cf7,200,9.131005
2026-09-17T03:45:35.476953258Z,book,full,a42d74844cf7,200,10.082889
2026-09-17T03:45:35.53792747Z,book,full,a42d74844cf7,200,11.207254
2026-09-17T03:45:35.596231986Z,book,full,a42d74844cf7,200,9.850879
2026-09-17T03:45:35.658344503Z,book,full,a42d74844cf7,200,11.384451
2026-09-17T03:45:35.716599086Z,book,full,a42d74844cf7,200,10.233133
2026-09-17T03:45:35.776859054Z,book,full,a42d74844cf7,200,10.544472
2026-09-17T03:45:35.83630739Z,book,full,a42d74844cf7,200,9.503734
2026-09-17T03:45:35.896620861Z,book,full,a42d74844cf7,200,10.538333
2026-09-17T03:45:35.957690189Z,book,full,a42d74844cf7,200,11.134939
2026-09-17T03:45:36.016561668Z,book,full,a42d74844cf7,200,10.211557
2026-09-17T03:45:36.076481839Z,book,full,a42d74844cf7,200,10.204362
2026-09-17T03:45:36.137176522Z,book,full,a42d74844cf7,200,10.707339
2026-09-17T03:45:36.196058519Z,book,full,a42d74844cf7,200,9.522359
2026-09-17T03:45:36.25745086Z,book,full,a42d74844cf7,200,10.67497
2026-09-17T03:45:36.315931142Z,book,full,a42d74844cf7,200,9.83483
2026-09-17T03:45:36.376794223Z,book,full,a42d74844cf7,200,9.996539
2026-09-17T03:45:36.436000714Z,book,full,a42d74844cf7,200,9.34829
2026-09-17T03:45:36.496819011Z,book,full,a42d74844cf7,200,10.022581
2026-09-17T03:45:36.556511084Z,book,full,a42d74844cf7,200,9.943185
2026-09-17T03:45:36.616948233Z,book,full,a42d74844cf7,200,10.745706
2026-09-17T03:45:36.677206744Z,book,full,a42d74844cf7,200,10.407055
2026-09-17T03:45:36.736783567Z,book,full,a42d74844cf7,200,9.798723
2026-09-17T03:45:36.797501411Z,book,full,a42d74844cf7,200,11.129949
2026-09-17T03:45:36.856631266Z,book,full,a42d74844cf7,200,10.526359
2026-09-17T03:45:36.917503828Z,book,full,a42d74844cf7,200,11.120385
2026-09-17T03:45:36.976780425Z,book,full,a42d74844cf7,200,10.493201
2026-09-17T03:45:37.036852641Z,book,full,a42d74844cf7,200,10.377042
2026-09-17T03:45:37.095773554Z,book,full,a42d74844cf7,200,9.35204
2026-09-17T03:45:37.156326554Z,book,full,a42d74844cf7,200,9.893093
2026-09-17T03:45:37.216249374Z,book,full,a42d74844cf7,200,9.74906
2026-09-17T03:45:37.275927931Z,book,full,a42d74844cf7,200,9.987153
2026-09-17T03:45:37.337675156Z,book,full,a42d74844cf7,200,10.553732
2026-09-17T03:45:37.396265783Z,book,full,a42d74844cf7,200,9.426166
2026-09-17T03:45:37.45691812Z,book,full,a42d74844cf7,200,9.840078
2026-09-17T03:45:37.515932813Z,book,full,a42d74844cf7,200,8.975971
2026-09-17T03:45:37.576410554Z,book,full,a42d74844cf7,200,9.780622
2026-09-17T03:45:37.635242012Z,book,full,a42d74844cf7,200,9.158006
2026-09-17T03:45:37.695178254Z,book,full,a42d74844cf7,200,9.073523
2026-09-17T03:45:37.756200109Z,book,full,a42d74844cf7,200,10.201837
2026-09-17T03:45:37.817114285Z,book,full,a42d74844cf7,200,10.022261
2026-09-17T03:45:37.877917103Z,book,full,a42d74844cf7,200,10.909428
2026-09-17T03:45:37.936807615Z,book,full,a42d74844cf7,200,10.027651
2026-09-17T03:45:37.997636545Z,book,full,a42d74844cf7,200,10.953351
2026-09-17T03:45:38.060446856Z,book,full,a42d74844cf7,200,14.083501
2026-09-17T03:45:38.118074282Z,book,full,a42d74844cf7,200,11.686117
2026-09-17T03:45:38.182613533Z,book,full,a42d74844cf7,200,16.303378
2026-09-17T03:45:38.237719398Z,book,full,a42d74844cf7,200,11.251094
2026-09-17T03:45:38.296451958Z,book,full,a42d74844cf7,200,10.314884
2026-09-17T03:45:38.356623618Z,book,full,a42d74844cf7,200,10.419022
2026-09-17T03:45:38.415555414Z,book,full,a42d74844cf7,200,9.244834
2026-09-17T03:45:38.476771623Z,book,full,a42d74844cf7,200,10.474525
2026-09-17T03:45:38.539466453Z,book,full,a42d74844cf7,200,12.440525
2026-09-17T03:45:38.599238892Z,book,full,a42d74844cf7,200,12.449514
2026-09-17T03:45:38.66056394Z,book,full,a42d74844cf7,200,13.789538
2026-09-17T03:45:38.716072896Z,book,full,a42d74844cf7,200,9.908934
2026-09-17T03:45:38.777381297Z,book,full,a42d74844cf7,200,10.564883
2026-09-17T03:45:38.836664823Z,book,full,a42d74844cf7,200,10.651249
2026-09-17T03:45:38.895664164Z,book,full,a42d74844cf7,200,9.429055
2026-09-17T03:45:38.955872763Z,book,full,a42d74844cf7,200,9.732114
2026-09-17T03:45:39.015609375Z,book,full,a42d74844cf7,200,8.950761
2026-09-17T03:45:39.076690273Z,book,full,a42d74844cf7,200,10.27305
2026-09-17T03:45:39.136533247Z,book,full,a42d74844cf7,200,9.906822
2026-09-17T03:45:39.19714603Z,book,full,a42d74844cf7,200,10.120972
2026-09-17T03:45:39.256232947Z,book,full,a42d74844cf7,200,9.471739
2026-09-17T03:45:39.317797094Z,book,full,a42d74844cf7,200,10.898499
2026-09-17T03:45:39.377365537Z,book,full,a42d74844cf7,200,10.851146
2026-09-17T03:45:39.435979848Z,book,full,a42d74844cf7,200,9.954035
2026-09-17T03:45:39.496980321Z,book,full,a42d74844cf7,200,10.390889
2026-09-17T03:45:39.556702548Z,book,full,a42d74844cf7,200,9.982958
2026-09-17T03:45:39.615334614Z,book,full,a42d74844cf7,200,8.883851
2026-09-17T03:45:39.67683027Z,book,full,a42d74844cf7,200,9.836118
2026-09-17T03:45:39.737921739Z,book,full,a42d74844cf7,200,11.328669
2026-09-17T03:45:39.796033362Z,book,full,a42d74844cf7,200,9.424435
2026-09-17T03:45:39.856446819Z,book,full,a42d74844cf7,200,9.477689
2026-09-17T03:45:39.918212629Z,book,full,a42d74844cf7,200,11.9914
2026-09-17T03:45:39.978875974Z,book,full,a42d74844cf7,200,11.56221
2026-09-17T03:45:40.036475112Z,book,full,a42d74844cf7,200,9.803844
2026-09-17T03:45:40.096282853Z,book,full,a42d74844cf7,200,9.918113
2026-09-17T03:45:40.157160021Z,book,full,a42d74844cf7,200,10.189178
2026-09-17T03:45:40.216171951Z,book,full,a42d74844cf7,200,9.904951
2026-09-17T03:45:40.276261202Z,book,full,a42d74844cf7,200,9.970851
2026-09-17T03:45:40.337176778Z,book,full,a42d74844cf7,200,10.549811
2026-09-17T03:45:40.395656939Z,book,full,a42d74844cf7,200,8.911486
2026-09-17T03:45:40.458260273Z,book,full,a42d74844cf7,200,11.599235
2026-09-17T03:45:40.517148389Z,book,full,a42d74844cf7,200,10.853919
2026-09-17T03:45:40.577613349Z,book,full,a42d74844cf7,200,11.533248
2026-09-17T03:45:40.636577243Z,book,full,a42d74844cf7,200,10.204822
2026-09-17T03:45:40.697779556Z,book,full,a42d74844cf7,200,10.822666
2026-09-17T03:45:40.75751354Z,book,full,a42d74844cf7,200,10.700403
2026-09-17T03:45:40.817111757Z,book,full,a42d74844cf7,200,10.787063
2026-09-17T03:45:40.877684985Z,book,full,a42d74844cf7,200,10.868915
2026-09-17T03:45:40.936246539Z,book,full,a42d74844cf7,200,9.704083
2026-09-17T03:45:40.999551171Z,book,full,a42d74844cf7,200,12.730196
2026-09-17T03:45:41.055653991Z,book,full,a42d74844cf7,200,9.504762
2026-09-17T03:45:41.116154876Z,book,full,a42d74844cf7,200,9.592538
2026-09-17T03:45:41.176111669Z,book,full,a42d74844cf7,200,9.417015
2026-09-17T03:45:41.2362901Z,book,full,a42d74844cf7,200,9.270816
2026-09-17T03:45:41.296155957Z,book,full,a42d74844cf7,200,9.265525
2026-09-17T03:45:41.356961334Z,book,full,a42d74844cf7,200,10.040562
2026-09-17T03:45:41.417082574Z,book,full,a42d74844cf7,200,10.477971
2026-09-17T03:45:41.477154872Z,book,full,a42d74844cf7,200,10.213195
2026-09-17T03:45:41.536742738Z,book,full,a42d74844cf7,200,9.863369
2026-09-17T03:45:41.595926414Z,book,full,a42d74844cf7,200,9.584469
2026-09-17T03:45:41.656281047Z,book,full,a42d74844cf7,200,9.602649
2026-09-17T03:45:41.717739264Z,book,full,a42d74844cf7,200,10.857984
2026-09-17T03:45:41.778948732Z,book,full,a42d74844cf7,200,12.393011
2026-09-17T03:45:41.837550032Z,book,full,a42d74844cf7,200,10.816961
2026-09-17T03:45:41.900719336Z,book,full,a42d74844cf7,200,13.647122
2026-09-17T03:45:41.956844793Z,book,full,a42d74844cf7,200,10.515058
2026-09-17T03:45:42.016865351Z,book,full,a42d74844cf7,200,10.27874
2026-09-17T03:45:42.076154704Z,book,full,a42d74844cf7,200,9.279604
2026-09-17T03:45:42.136006659Z,book,full,a42d74844cf7,200,9.701986
2026-09-17T03:45:42.196539348Z,book,full,a42d74844cf7,200,9.827347
2026-09-17T03:45:42.257251173Z,book,full,a42d74844cf7,200,11.012781
2026-09-17T03:45:42.316599465Z,book,full,a42d74844cf7,200,9.708638
2026-09-17T03:45:42.376433378Z,book,full,a42d74844cf7,200,9.859428
2026-09-17T03:45:42.436007622Z,book,full,a42d74844cf7,200,9.793883
2026-09-17T03:45:42.496813712Z,book,full,a42d74844cf7,200,9.924154
2026-09-17T03:45:42.557323566Z,book,full,a42d74844cf7,200,10.720339
2026-09-17T03:45:42.616110571Z,book,full,a42d74844cf7,200,9.60544
2026-09-17T03:45:42.675612055Z,book,full,a42d74844cf7,200,9.349365
2026-09-17T03:45:42.736183552Z,book,full,a42d74844cf7,200,9.784352
2026-09-17T03:45:42.795901991Z,book,full,a42d74844cf7,200,9.085195
2026-09-17T03:45:42.856459314Z,book,full,a42d74844cf7,200,9.804506
2026-09-17T03:45:42.916352814Z,book,full,a42d74844cf7,200,10.235127
2026-09-17T03:45:42.976548462Z,book,full,a42d74844cf7,200,10.196424
2026-09-17T03:45:43.037593284Z,book,full,a42d74844cf7,200,11.418403
2026-09-17T03:45:43.096110242Z,book,full,a42d74844cf7,200,9.844931
2026-09-17T03:45:43.158375602Z,book,full,a42d74844cf7,200,11.328492
2026-09-17T03:45:43.215884769Z,book,full,a42d74844cf7,200,9.889385
2026-09-17T03:45:43.276357951Z,book,full,a42d74844cf7,200,9.599703
2026-09-17T03:45:43.337161698Z,book,full,a42d74844cf7,200,10.138799
2026-09-17T03:45:43.396203712Z,book,full,a42d74844cf7,200,9.441136
2026-09-17T03:45:43.456108588Z,book,full,a42d74844cf7,200,9.732029
2026-09-17T03:45:43.517203525Z,book,full,a42d74844cf7,200,10.163932
2026-09-17T03:45:43.576661489Z,book,full,a42d74844cf7,200,9.6246
2026-09-17T03:45:43.636870149Z,book,full,a42d74844cf7,200,10.593804
2026-09-17T03:45:43.697064976Z,book,full,a42d74844cf7,200,10.357632
2026-09-17T03:45:43.756603182Z,book,full,a42d74844cf7,200,9.815236
2026-09-17T03:45:43.816961217Z,book,full,a42d74844cf7,200,10.38466
2026-09-17T03:45:43.877249555Z,book,full,a42d74844cf7,200,10.6689
2026-09-17T03:45:43.941890534Z,book,full,a42d74844cf7,200,14.932584
2026-09-17T03:45:44.00431649Z,book,full,a42d74844cf7,200,17.806358
2026-09-17T03:45:44.059497445Z,book,full,a42d74844cf7,200,13.511316
2026-09-17T03:45:44.11550772Z,book,full,a42d74844cf7,200,9.512504
2026-09-17T03:45:44.17501534Z,book,full,a42d74844cf7,200,8.697134
2026-09-17T03:45:44.237149532Z,book,full,a42d74844cf7,200,10.401897
2026-09-17T03:45:44.298964877Z,book,full,a42d74844cf7,200,12.21546
2026-09-17T03:45:44.356930406Z,book,full,a42d74844cf7,200,10.175091
2026-09-17T03:45:44.415845485Z,book,full,a42d74844cf7,200,9.158369
2026-09-17T03:45:44.475987242Z,book,full,a42d74844cf7,200,9.401451
2026-09-17T03:45:44.536687275Z,book,full,a42d74844cf7,200,9.734485
2026-09-17T03:45:44.596276913Z,book,full,a42d74844cf7,200,9.88328
2026-09-17T03:45:44.656690859Z,book,full,a42d74844cf7,200,9.918779
2026-09-17T03:45:44.716002615Z,book,full,a42d74844cf7,200,9.757511
2026-09-17T03:45:44.776012322Z,book,full,a42d74844cf7,200,9.060067
2026-09-17T03:45:44.83686861Z,book,full,a42d74844cf7,200,10.064594
2026-09-17T03:45:44.896265698Z,book,full,a42d74844cf7,200,9.876886
2026-09-17T03:45:44.956521756Z,book,full,a42d74844cf7,200,10.343264
2026-09-17T03:45:45.017098624Z,book,full,a42d74844cf7,200,10.662787
2026-09-17T03:45:45.07668516Z,book,full,a42d74844cf7,200,9.336673
2026-09-17T03:45:45.137086854Z,book,full,a42d74844cf7,200,10.495203
2026-09-17T03:45:45.196455445Z,book,full,a42d74844cf7,200,9.851335
2026-09-17T03:45:45.255990957Z,book,full,a42d74844cf7,200,9.524976
2026-09-17T03:45:45.317127744Z,book,full,a42d74844cf7,200,10.391647
2026-09-17T03:45:45.375993159Z,book,full,a42d74844cf7,200,9.03959
2026-09-17T03:45:45.436662513Z,book,full,a42d74844cf7,200,9.658761
2026-09-17T03:45:45.495881143Z,book,full,a42d74844cf7,200,9.677027
2026-09-17T03:45:45.55893395Z,book,full,a42d74844cf7,200,12.346899
2026-09-17T03:45:45.615946141Z,book,full,a42d74844cf7,200,9.181345
2026-09-17T03:45:45.676667801Z,book,full,a42d74844cf7,200,10.034643
2026-09-17T03:45:45.738925Z,book,full,a42d74844cf7,200,12.590805
2026-09-17T03:45:45.79669808Z,book,full,a42d74844cf7,200,10.347124
2026-09-17T03:45:45.856888005Z,book,full,a42d74844cf7,200,10.521792
2026-09-17T03:45:45.916877839Z,book,full,a42d74844cf7,200,10.099926
2026-09-17T03:45:45.978087173Z,book,full,a42d74844cf7,200,11.481336
2026-09-17T03:45:46.037885954Z,book,full,a42d74844cf7,200,11.156333
2026-09-17T03:45:46.096336268Z,book,full,a42d74844cf7,200,10.115317
2026-09-17T03:45:46.156100077Z,book,full,a42d74844cf7,200,10.126928
2026-09-17T03:45:46.217848049Z,book,full,a42d74844cf7,200,10.809708
2026-09-17T03:45:46.280503725Z,book,full,a42d74844cf7,200,12.461365
2026-09-17T03:45:46.337188504Z,book,full,a42d74844cf7,200,11.045434
2026-09-17T03:45:46.396761499Z,book,full,a42d74844cf7,200,9.753672
2026-09-17T03:45:46.458128512Z,book,full,a42d74844cf7,200,11.41907
2026-09-17T03:45:46.522795034Z,book,full,a42d74844cf7,200,13.68629
2026-09-17T03:45:46.576649748Z,book,full,a42d74844cf7,200,10.010381
2026-09-17T03:45:46.635945853Z,book,full,a42d74844cf7,200,9.42959
2026-09-17T03:45:46.695709431Z,book,full,a42d74844cf7,200,9.236023
2026-09-17T03:45:46.75683181Z,book,full,a42d74844cf7,200,10.490515
2026-09-17T03:45:46.818235156Z,book,full,a42d74844cf7,200,11.633782
2026-09-17T03:45:46.877005743Z,book,full,a42d74844cf7,200,10.112286
2026-09-17T03:45:46.935851017Z,book,full,a42d74844cf7,200,9.898272
2026-09-17T03:45:46.997619651Z,book,full,a42d74844cf7,200,10.856516
2026-09-17T03:45:47.057895576Z,book,full,a42d74844cf7,200,11.497401
2026-09-17T03:45:47.117151879Z,book,full,a42d74844cf7,200,10.345234
2026-09-17T03:45:47.175388778Z,book,full,a42d74844cf7,200,9.371945
2026-09-17T03:45:47.235923742Z,book,full,a42d74844cf7,200,9.824611
2026-09-17T03:45:47.295949799Z,book,full,a42d74844cf7,200,8.990966
2026-09-17T03:45:47.356899664Z,book,full,a42d74844cf7,200,9.960987
2026-09-17T03:45:47.416078851Z,book,full,a42d74844cf7,200,9.333022
2026-09-17T03:45:47.476276857Z,book,full,a42d74844cf7,200,9.26228
2026-09-17T03:45:47.535863267Z,book,full,a42d74844cf7,200,9.653098
2026-09-17T03:45:47.596914748Z,book,full,a42d74844cf7,200,10.192319
2026-09-17T03:45:47.656261656Z,book,full,a42d74844cf7,200,9.489827
2026-09-17T03:45:47.716168115Z,book,full,a42d74844cf7,200,9.122996
2026-09-17T03:45:47.776069815Z,book,full,a42d74844cf7,200,9.077569
2026-09-17T03:45:47.836160488Z,book,full,a42d74844cf7,200,9.929526
2026-09-17T03:45:47.898011334Z,book,full,a42d74844cf7,200,11.274327
2026-09-17T03:45:47.955799255Z,book,full,a42d74844cf7,200,9.707959
2026-09-17T03:45:48.017487473Z,book,full,a42d74844cf7,200,10.663548
2026-09-17T03:45:48.076429113Z,book,full,a42d74844cf7,200,10.266537
2026-09-17T03:45:48.136144449Z,book,full,a42d74844cf7,200,9.946177
2026-09-17T03:45:48.196938308Z,book,full,a42d74844cf7,200,10.138886
2026-09-17T03:45:48.25654888Z,book,full,a42d74844cf7,200,9.705049
2026-09-17T03:45:48.316896862Z,book,full,a42d74844cf7,200,10.393517
2026-09-17T03:45:48.376180356Z,book,full,a42d74844cf7,200,9.29811
2026-09-17T03:45:48.43685804Z,book,full,a42d74844cf7,200,9.850677
2026-09-17T03:45:48.496137244Z,book,full,a42d74844cf7,200,9.565898
2026-09-17T03:45:48.557930926Z,book,full,a42d74844cf7,200,11.053831
2026-09-17T03:45:48.618588383Z,book,full,a42d74844cf7,200,12.018903
2026-09-17T03:45:48.676687592Z,book,full,a42d74844cf7,200,10.014191
2026-09-17T03:45:48.736184216Z,book,full,a42d74844cf7,200,11.647244
2026-09-17T03:45:48.793966603Z,book,full,a42d74844cf7,200,9.420487
2026-09-17T03:45:48.854391779Z,book,full,a42d74844cf7,200,9.790635
2026-09-17T03:45:48.915120998Z,book,full,a42d74844cf7,200,10.00321
2026-09-17T03:45:48.973927788Z,book,full,a42d74844cf7,200,9.094904
2026-09-17T03:45:49.035047155Z,book,full,a42d74844cf7,200,10.505696
2026-09-17T03:45:49.093516301Z,book,full,a42d74844cf7,200,8.862904
2026-09-17T03:45:49.154497143Z,book,full,a42d74844cf7,200,10.030202
2026-09-17T03:45:49.213846873Z,book,full,a42d74844cf7,200,9.676743
2026-09-17T03:45:49.27757202Z,book,full,a42d74844cf7,200,13.047879
2026-09-17T03:45:49.334546158Z,book,full,a42d74844cf7,200,10.461916
2026-09-17T03:45:49.394303598Z,book,full,a42d74844cf7,200,9.897603
2026-09-17T03:45:49.454079027Z,book,full,a42d74844cf7,200,9.158899
2026-09-17T03:45:49.515327402Z,book,full,a42d74844cf7,200,10.018371
2026-09-17T03:45:49.575634781Z,book,full,a42d74844cf7,200,10.623235
2026-09-17T03:45:49.634102157Z,book,full,a42d74844cf7,200,9.808466
2026-09-17T03:45:49.69351764Z,book,full,a42d74844cf7,200,8.642106
2026-09-17T03:45:49.756178399Z,book,full,a42d74844cf7,200,11.639388
2026-09-17T03:45:49.81390114Z,book,full,a42d74844cf7,200,9.586935
2026-09-17T03:45:49.874255601Z,book,full,a42d74844cf7,200,9.695656
2026-09-17T03:45:49.934627694Z,book,full,a42d74844cf7,200,9.415387
2026-09-17T03:45:49.99449491Z,book,full,a42d74844cf7,200,9.372415
2026-09-17T03:45:50.055021344Z,book,full,a42d74844cf7,200,10.432114
2026-09-17T03:45:50.114294502Z,book,full,a42d74844cf7,200,9.563493
2026-09-17T03:45:50.174784302Z,book,full,a42d74844cf7,200,9.786669
2026-09-17T03:45:50.234120535Z,book,full,a42d74844cf7,200,9.529746
2026-09-17T03:45:50.293087416Z,book,full,a42d74844cf7,200,8.389617
2026-09-17T03:45:50.355874463Z,book,full,a42d74844cf7,200,10.71718
2026-09-17T03:45:50.414055007Z,book,full,a42d74844cf7,200,9.421788
2026-09-17T03:45:50.474053253Z,book,full,a42d74844cf7,200,9.227592
2026-09-17T03:45:50.536216995Z,book,full,a42d74844cf7,200,11.476178
2026-09-17T03:45:50.595627518Z,book,full,a42d74844cf7,200,10.908059
2026-09-17T03:45:50.655832208Z,book,full,a42d74844cf7,200,11.582966
2026-09-17T03:45:50.714985772Z,book,full,a42d74844cf7,200,10.273438
2026-09-17T03:45:50.774404688Z,book,full,a42d74844cf7,200,9.785029
2026-09-17T03:45:50.834873977Z,book,full,a42d74844cf7,200,9.72612
2026-09-17T03:45:50.895116031Z,book,full,a42d74844cf7,200,10.744832
2026-09-17T03:45:50.955437779Z,book,full,a42d74844cf7,200,10.505196
2026-09-17T03:45:51.017682597Z,book,full,a42d74844cf7,200,12.5032
2026-09-17T03:45:51.075167831Z,book,full,a42d74844cf7,200,10.743822
2026-09-17T03:45:51.13539786Z,book,full,a42d74844cf7,200,10.562591
2026-09-17T03:45:51.195430523Z,book,full,a42d74844cf7,200,10.509187
2026-09-17T03:45:51.254498064Z,book,full,a42d74844cf7,200,9.515658
2026-09-17T03:45:51.314652718Z,book,full,a42d74844cf7,200,10.338613
2026-09-17T03:45:51.373949814Z,book,full,a42d74844cf7,200,9.049496
2026-09-17T03:45:51.435420744Z,book,full,a42d74844cf7,200,10.82692
2026-09-17T03:45:51.497568046Z,book,full,a42d74844cf7,200,12.396766
2026-09-17T03:45:51.554238456Z,book,full,a42d74844cf7,200,10.06932
2026-09-17T03:45:51.614877003Z,book,full,a42d74844cf7,200,9.85348
2026-09-17T03:45:51.675426245Z,book,full,a42d74844cf7,200,10.85385
2026-09-17T03:45:51.734853702Z,book,full,a42d74844cf7,200,10.439635
2026-09-17T03:45:51.79626703Z,book,full,a42d74844cf7,200,11.590634
2026-09-17T03:45:51.854177095Z,book,full,a42d74844cf7,200,10.024021
2026-09-17T03:45:51.915526799Z,book,full,a42d74844cf7,200,10.634745
2026-09-17T03:45:51.973799301Z,book,full,a42d74844cf7,200,9.288319
2026-09-17T03:45:52.035717575Z,book,full,a42d74844cf7,200,11.173815
2026-09-17T03:45:52.095211346Z,book,full,a42d74844cf7,200,9.992008
2026-09-17T03:45:52.154481862Z,book,full,a42d74844cf7,200,9.181574
2026-09-17T03:45:52.215025878Z,book,full,a42d74844cf7,200,9.887752
2026-09-17T03:45:52.274631702Z,book,full,a42d74844cf7,200,9.73985
2026-09-17T03:45:52.336933184Z,book,full,a42d74844cf7,200,12.186472
2026-09-17T03:45:52.393566123Z,book,full,a42d74844cf7,200,9.290909
2026-09-17T03:45:52.453601713Z,book,full,a42d74844cf7,200,9.449131
2026-09-17T03:45:52.51435496Z,book,full,a42d74844cf7,200,10.159393
2026-09-17T03:45:52.579263789Z,book,full,a42d74844cf7,200,14.899384
2026-09-17T03:45:52.633496589Z,book,full,a42d74844cf7,200,9.087685
2026-09-17T03:45:52.693712109Z,book,full,a42d74844cf7,200,9.474643
2026-09-17T03:45:52.755961467Z,book,full,a42d74844cf7,200,11.013886
2026-09-17T03:45:52.814235136Z,book,full,a42d74844cf7,200,9.666476
2026-09-17T03:45:52.874464847Z,book,full,a42d74844cf7,200,9.300815
2026-09-17T03:45:52.934952567Z,book,full,a42d74844cf7,200,9.68157
2026-09-17T03:45:52.994527962Z,book,full,a42d74844cf7,200,9.622413
2026-09-17T03:45:53.059475526Z,book,full,a42d74844cf7,200,14.157469
2026-09-17T03:45:53.115534612Z,book,full,a42d74844cf7,200,10.340776
2026-09-17T03:45:53.174141326Z,book,full,a42d74844cf7,200,9.924325
2026-09-17T03:45:53.235436847Z,book,full,a42d74844cf7,200,10.283934
2026-09-17T03:45:53.294783551Z,book,full,a42d74844cf7,200,9.988321
2026-09-17T03:45:53.356057448Z,book,full,a42d74844cf7,200,11.39755
2026-09-17T03:45:53.414517846Z,book,full,a42d74844cf7,200,9.758483
2026-09-17T03:45:53.474685886Z,book,full,a42d74844cf7,200,9.419118
2026-09-17T03:45:53.53464376Z,book,full,a42d74844cf7,200,10.100148
2026-09-17T03:45:53.595071817Z,book,full,a42d74844cf7,200,9.705667
2026-09-17T03:45:53.654581102Z,book,full,a42d74844cf7,200,10.301363
2026-09-17T03:45:53.714330637Z,book,full,a42d74844cf7,200,10.098179
2026-09-17T03:45:53.775242676Z,book,full,a42d74844cf7,200,10.032583
2026-09-17T03:45:53.834304244Z,book,full,a42d74844cf7,200,9.362444
2026-09-17T03:45:53.896247158Z,book,full,a42d74844cf7,200,11.093154
2026-09-17T03:45:53.954791262Z,book,full,a42d74844cf7,200,9.875118
2026-09-17T03:45:54.015639328Z,book,full,a42d74844cf7,200,10.892117
2026-09-17T03:45:54.074795379Z,book,full,a42d74844cf7,200,10.43879
2026-09-17T03:45:54.13405663Z,book,full,a42d74844cf7,200,9.540362
2026-09-17T03:45:54.194986442Z,book,full,a42d74844cf7,200,10.000731
2026-09-17T03:45:54.254898935Z,book,full,a42d74844cf7,200,10.030595
2026-09-17T03:45:54.317929387Z,book,full,a42d74844cf7,200,13.103926
2026-09-17T03:45:54.375158259Z,book,full,a42d74844cf7,200,10.339856
2026-09-17T03:45:54.434270506Z,book,full,a42d74844cf7,200,9.959907
2026-09-17T03:45:54.495244221Z,book,full,a42d74844cf7,200,10.380469
2026-09-17T03:45:54.55458743Z,book,full,a42d74844cf7,200,9.541858
2026-09-17T03:45:54.614887391Z,book,full,a42d74844cf7,200,10.615338
2026-09-17T03:45:54.67396207Z,book,full,a42d74844cf7,200,9.333796
2026-09-17T03:45:54.735004375Z,book,full,a42d74844cf7,200,10.38952
2026-09-17T03:45:54.795663736Z,book,full,a42d74844cf7,200,11.018061
2026-09-17T03:45:54.85392511Z,book,full,a42d74844cf7,200,9.320941
2026-09-17T03:45:54.914448948Z,book,full,a42d74844cf7,200,9.628525
2026-09-17T03:45:54.973573937Z,book,full,a42d74844cf7,200,9.199087
2026-09-17T03:45:55.034614855Z,book,full,a42d74844cf7,200,10.171073
2026-09-17T03:45:55.095276187Z,book,full,a42d74844cf7,200,10.101384
2026-09-17T03:45:55.154223485Z,book,full,a42d74844cf7,200,10.072886
2026-09-17T03:45:55.214525103Z,book,full,a42d74844cf7,200,9.699469
2026-09-17T03:45:55.274245355Z,book,full,a42d74844cf7,200,9.88322
2026-09-17T03:45:55.334623661Z,book,full,a42d74844cf7,200,9.788691
2026-09-17T03:45:55.398753659Z,book,full,a42d74844cf7,200,13.252966
2026-09-17T03:45:55.45381273Z,book,full,a42d74844cf7,200,9.32135
2026-09-17T03:45:55.516399759Z,book,full,a42d74844cf7,200,11.969297
2026-09-17T03:45:55.575025217Z,book,full,a42d74844cf7,200,9.929903
2026-09-17T03:45:55.635183486Z,book,full,a42d74844cf7,200,10.334486
2026-09-17T03:45:55.6950523Z,book,full,a42d74844cf7,200,10.311471
2026-09-17T03:45:55.755633326Z,book,full,a42d74844cf7,200,10.974793
2026-09-17T03:45:55.814985184Z,book,full,a42d74844cf7,200,10.773928
2026-09-17T03:45:55.874579656Z,book,full,a42d74844cf7,200,9.85305
2026-09-17T03:45:55.934585348Z,book,full,a42d74844cf7,200,10.189551
2026-09-17T03:45:55.994144145Z,book,full,a42d74844cf7,200,8.991681
2026-09-17T03:45:56.054633629Z,book,full,a42d74844cf7,200,9.809972
2026-09-17T03:45:56.116478613Z,book,full,a42d74844cf7,200,12.130278
2026-09-17T03:45:56.174565688Z,book,full,a42d74844cf7,200,10.241439
2026-09-17T03:45:56.234262935Z,book,full,a42d74844cf7,200,10.015244
2026-09-17T03:45:56.294639431Z,book,full,a42d74844cf7,200,9.965968
2026-09-17T03:45:56.354607616Z,book,full,a42d74844cf7,200,10.239194
2026-09-17T03:45:56.415104355Z,book,full,a42d74844cf7,200,10.566238
2026-09-17T03:45:56.475867249Z,book,full,a42d74844cf7,200,10.86552
2026-09-17T03:45:56.535453813Z,book,full,a42d74844cf7,200,10.530572
2026-09-17T03:45:56.595266917Z,book,full,a42d74844cf7,200,10.029234
2026-09-17T03:45:56.655524244Z,book,full,a42d74844cf7,200,10.369623
2026-09-17T03:45:56.716430804Z,book,full,a42d74844cf7,200,12.005264
2026-09-17T03:45:56.775806581Z,book,full,a42d74844cf7,200,11.499247
2026-09-17T03:45:56.834980597Z,book,full,a42d74844cf7,200,10.372629
2026-09-17T03:45:56.896906319Z,book,full,a42d74844cf7,200,12.195566
2026-09-17T03:45:56.955475735Z,book,full,a42d74844cf7,200,10.690517
2026-09-17T03:45:57.014648447Z,book,full,a42d74844cf7,200,10.44894
2026-09-17T03:45:57.074897802Z,book,full,a42d74844cf7,200,10.58422
2026-09-17T03:45:57.135294649Z,book,full,a42d74844cf7,200,10.436104
2026-09-17T03:45:57.195041384Z,book,full,a42d74844cf7,200,10.211523
2026-09-17T03:45:57.254955041Z,book,full,a42d74844cf7,200,10.181872
2026-09-17T03:45:57.314802248Z,book,full,a42d74844cf7,200,9.967353
2026-09-17T03:45:57.374245474Z,book,full,a42d74844cf7,200,9.331712
2026-09-17T03:45:57.437916886Z,book,full,a42d74844cf7,200,12.881214
2026-09-17T03:45:57.494093328Z,book,full,a42d74844cf7,200,9.838358
2026-09-17T03:45:57.555019806Z,book,full,a42d74844cf7,200,10.038871
2026-09-17T03:45:57.614277848Z,book,full,a42d74844cf7,200,9.514475
2026-09-17T03:45:57.673705853Z,book,full,a42d74844cf7,200,8.77116
2026-09-17T03:45:57.739167115Z,book,full,a42d74844cf7,200,14.637375
2026-09-17T03:45:57.79738297Z,book,full,a42d74844cf7,200,12.54579
2026-09-17T03:45:57.854513997Z,book,full,a42d74844cf7,200,9.545568
2026-09-17T03:45:57.91465373Z,book,full,a42d74844cf7,200,10.16196
2026-09-17T03:45:57.973986813Z,book,full,a42d74844cf7,200,9.416548
2026-09-17T03:45:58.038453382Z,book,full,a42d74844cf7,200,13.656362
2026-09-17T03:45:58.096694209Z,book,full,a42d74844cf7,200,11.857228
2026-09-17T03:45:58.154681297Z,book,full,a42d74844cf7,200,10.230283
2026-09-17T03:45:58.214775934Z,book,full,a42d74844cf7,200,10.257051
2026-09-17T03:45:58.275402063Z,book,full,a42d74844cf7,200,10.333061
2026-09-17T03:45:58.33411596Z,book,full,a42d74844cf7,200,9.114765
2026-09-17T03:45:58.394128259Z,book,full,a42d74844cf7,200,9.30382
2026-09-17T03:45:58.454417908Z,book,full,a42d74844cf7,200,9.559368
2026-09-17T03:45:58.515669745Z,book,full,a42d74844cf7,200,10.46169
2026-09-17T03:45:58.574454041Z,book,full,a42d74844cf7,200,9.875907
2026-09-17T03:45:58.63976521Z,book,full,a42d74844cf7,200,14.519486
2026-09-17T03:45:58.695030835Z,book,full,a42d74844cf7,200,9.91378
2026-09-17T03:45:58.753466666Z,book,full,a42d74844cf7,200,8.687003
2026-09-17T03:45:58.813026651Z,book,full,a42d74844cf7,200,8.935732
2026-09-17T03:45:58.874293818Z,book,full,a42d74844cf7,200,9.310519
2026-09-17T03:45:58.934805942Z,book,full,a42d74844cf7,200,9.800767
2026-09-17T03:45:58.99436809Z,book,full,a42d74844cf7,200,9.935571
2026-09-17T03:45:59.053737412Z,book,full,a42d74844cf7,200,9.330046
2026-09-17T03:45:59.115129462Z,book,full,a42d74844cf7,200,10.486152
2026-09-17T03:45:59.174538873Z,book,full,a42d74844cf7,200,9.577215
2026-09-17T03:45:59.233896333Z,book,full,a42d74844cf7,200,9.689415
2026-09-17T03:45:59.296557608Z,book,full,a42d74844cf7,200,12.058058
2026-09-17T03:45:59.355079267Z,book,full,a42d74844cf7,200,10.86006
2026-09-17T03:45:59.415093603Z,book,full,a42d74844cf7,200,10.849324
2026-09-17T03:45:59.474923019Z,book,full,a42d74844cf7,200,9.809987
2026-09-17T03:45:59.534531409Z,book,full,a42d74844cf7,200,9.814819
2026-09-17T03:45:59.59639145Z,book,full,a42d74844cf7,200,11.312123
2026-09-17T03:45:59.657757863Z,book,full,a42d74844cf7,200,12.579482
2026-09-17T03:45:59.715302819Z,book,full,a42d74844cf7,200,10.825303
2026-09-17T03:45:59.774224617Z,book,full,a42d74844cf7,200,9.074682
2026-09-17T03:45:59.834981081Z,book,full,a42d74844cf7,200,9.889019
2026-09-17T03:45:59.895066756Z,book,full,a42d74844cf7,200,10.427634
2026-09-17T03:45:59.954941254Z,book,full,a42d74844cf7,200,9.997441
2026-09-17T03:46:00.016354176Z,book,full,a42d74844cf7,200,11.536684
2026-09-17T03:46:00.074565505Z,book,full,a42d74844cf7,200,9.455841
2026-09-17T03:46:00.134484264Z,book,full,a42d74844cf7,200,10.316404
2026-09-17T03:46:00.195822748Z,book,full,a42d74844cf7,200,10.713738
2026-09-17T03:46:00.254057331Z,book,full,a42d74844cf7,200,9.421688
2026-09-17T03:46:00.313941672Z,book,full,a42d74844cf7,200,9.064858
2026-09-17T03:46:00.374033932Z,book,full,a42d74844cf7,200,9.119662
2026-09-17T03:46:00.435313171Z,book,full,a42d74844cf7,200,10.355286
2026-09-17T03:46:00.497978928Z,book,full,a42d74844cf7,200,13.16323
2026-09-17T03:46:00.554446193Z,book,full,a42d74844cf7,200,9.700577
2026-09-17T03:46:00.615673568Z,book,full,a42d74844cf7,200,10.311713
2026-09-17T03:46:00.674880722Z,book,full,a42d74844cf7,200,10.544415
2026-09-17T03:46:00.734600564Z,book,full,a42d74844cf7,200,10.129703
2026-09-17T03:46:00.795347199Z,book,full,a42d74844cf7,200,10.262005
2026-09-17T03:46:00.854287675Z,book,full,a42d74844cf7,200,9.286257
2026-09-17T03:46:00.914957955Z,book,full,a42d74844cf7,200,10.040267
2026-09-17T03:46:00.974757358Z,book,full,a42d74844cf7,200,9.944394
2026-09-17T03:46:01.034042476Z,book,full,a42d74844cf7,200,9.585492
2026-09-17T03:46:01.095400944Z,book,full,a42d74844cf7,200,10.555971
2026-09-17T03:46:01.155458541Z,book,full,a42d74844cf7,200,10.41313
2026-09-17T03:46:01.214335378Z,book,full,a42d74844cf7,200,10.209175
2026-09-17T03:46:01.274836781Z,book,full,a42d74844cf7,200,9.699897
2026-09-17T03:46:01.335152177Z,book,full,a42d74844cf7,200,10.352296
2026-09-17T03:46:01.394888769Z,book,full,a42d74844cf7,200,9.992932
2026-09-17T03:46:01.454749942Z,book,full,a42d74844cf7,200,10.075263
2026-09-17T03:46:01.514094286Z,book,full,a42d74844cf7,200,9.654113
2026-09-17T03:46:01.575313951Z,book,full,a42d74844cf7,200,10.240967
2026-09-17T03:46:01.634784894Z,book,full,a42d74844cf7,200,9.822265
2026-09-17T03:46:01.694346881Z,book,full,a42d74844cf7,200,10.170078
2026-09-17T03:46:01.755749819Z,book,full,a42d74844cf7,200,11.27058
2026-09-17T03:46:01.816678387Z,book,full,a42d74844cf7,200,12.276772
2026-09-17T03:46:01.875768271Z,book,full,a42d74844cf7,200,11.044657
2026-09-17T03:46:01.93543409Z,book,full,a42d74844cf7,200,11.044968
2026-09-17T03:46:01.995825932Z,book,full,a42d74844cf7,200,10.757367
2026-09-17T03:46:02.05695701Z,book,full,a42d74844cf7,200,12.239788
2026-09-17T03:46:02.114939832Z,book,full,a42d74844cf7,200,10.297542
2026-09-17T03:46:02.175692592Z,book,full,a42d74844cf7,200,10.752906
2026-09-17T03:46:02.234562859Z,book,full,a42d74844cf7,200,10.101767
2026-09-17T03:46:02.294814302Z,book,full,a42d74844cf7,200,10.398759
2026-09-17T03:46:02.355007189Z,book,full,a42d74844cf7,200,10.541
2026-09-17T03:46:02.416224034Z,book,full,a42d74844cf7,200,10.607705
2026-09-17T03:46:02.474267049Z,book,full,a42d74844cf7,200,9.387532
2026-09-17T03:46:02.534655362Z,book,full,a42d74844cf7,200,9.56335
2026-09-17T03:46:02.593845743Z,book,full,a42d74844cf7,200,9.677254
2026-09-17T03:46:02.65350196Z,book,full,a42d74844cf7,200,9.005672
2026-09-17T03:46:02.714435875Z,book,full,a42d74844cf7,200,10.317424
2026-09-17T03:46:02.774810966Z,book,full,a42d74844cf7,200,9.75813
2026-09-17T03:46:02.835471039Z,book,full,a42d74844cf7,200,10.512358
2026-09-17T03:46:02.895967707Z,book,full,a42d74844cf7,200,11.070147
2026-09-17T03:46:02.955059984Z,book,full,a42d74844cf7,200,10.218675
2026-09-17T03:46:03.018536361Z,book,full,a42d74844cf7,200,13.713891
2026-09-17T03:46:03.075346968Z,book,full,a42d74844cf7,200,10.147515
2026-09-17T03:46:03.135859685Z,book,full,a42d74844cf7,200,11.59071
2026-09-17T03:46:03.195432485Z,book,full,a42d74844cf7,200,11.075721
2026-09-17T03:46:03.254650428Z,book,full,a42d74844cf7,200,10.331734
2026-09-17T03:46:03.314858538Z,book,full,a42d74844cf7,200,10.514383
2026-09-17T03:46:03.375025253Z,book,full,a42d74844cf7,200,10.253098
2026-09-17T03:46:03.434986512Z,book,full,a42d74844cf7,200,10.077245
2026-09-17T03:46:03.495280099Z,book,full,a42d74844cf7,200,10.602015
2026-09-17T03:46:03.554614901Z,book,full,a42d74844cf7,200,9.679674
2026-09-17T03:46:03.614505076Z,book,full,a42d74844cf7,200,9.674455
2026-09-17T03:46:03.674890887Z,book,full,a42d74844cf7,200,9.676673
2026-09-17T03:46:03.733673699Z,book,full,a42d74844cf7,200,9.075569
2026-09-17T03:46:03.794059441Z,book,full,a42d74844cf7,200,9.676009
2026-09-17T03:46:03.853925388Z,book,full,a42d74844cf7,200,8.981645
2026-09-17T03:46:03.914434726Z,book,full,a42d74844cf7,200,9.688906
2026-09-17T03:46:03.974189608Z,book,full,a42d74844cf7,200,9.711467
2026-09-17T03:46:04.034661328Z,book,full,a42d74844cf7,200,9.700002
2026-09-17T03:46:04.095623316Z,book,full,a42d74844cf7,200,10.468804
2026-09-17T03:46:04.154811857Z,book,full,a42d74844cf7,200,10.452123
2026-09-17T03:46:04.214657378Z,book,full,a42d74844cf7,200,10.073254
2026-09-17T03:46:04.275942628Z,book,full,a42d74844cf7,200,11.49114
2026-09-17T03:46:04.334457599Z,book,full,a42d74844cf7,200,9.839537
2026-09-17T03:46:04.395966287Z,book,full,a42d74844cf7,200,10.818581
2026-09-17T03:46:04.45478834Z,book,full,a42d74844cf7,200,9.942925
2026-09-17T03:46:04.51406608Z,book,full,a42d74844cf7,200,9.455878
2026-09-17T03:46:04.574247599Z,book,full,a42d74844cf7,200,9.444152
2026-09-17T03:46:04.634432568Z,book,full,a42d74844cf7,200,10.306489
2026-09-17T03:46:04.694561287Z,book,full,a42d74844cf7,200,9.460788
2026-09-17T03:46:04.75760397Z,book,full,a42d74844cf7,200,13.080613
2026-09-17T03:46:04.815181659Z,book,full,a42d74844cf7,200,11.012196
2026-09-17T03:46:04.874982012Z,book,full,a42d74844cf7,200,10.170216
2026-09-17T03:46:04.934452281Z,book,full,a42d74844cf7,200,9.495366
2026-09-17T03:46:04.994235357Z,book,full,a42d74844cf7,200,9.157875
2026-09-17T03:46:05.054167864Z,book,full,a42d74844cf7,200,9.059572
2026-09-17T03:46:05.114470051Z,book,full,a42d74844cf7,200,9.717708
2026-09-17T03:46:05.175405815Z,book,full,a42d74844cf7,200,10.279091
2026-09-17T03:46:05.234073997Z,book,full,a42d74844cf7,200,8.848246
2026-09-17T03:46:05.295225547Z,book,full,a42d74844cf7,200,10.437451
2026-09-17T03:46:05.353481169Z,book,full,a42d74844cf7,200,9.295185
2026-09-17T03:46:05.415151448Z,book,full,a42d74844cf7,200,10.834943
2026-09-17T03:46:05.474586908Z,book,full,a42d74844cf7,200,9.825714
2026-09-17T03:46:05.540185262Z,book,full,a42d74844cf7,200,15.795628
2026-09-17T03:46:05.594222517Z,book,full,a42d74844cf7,200,9.87269
2026-09-17T03:46:05.654275274Z,book,full,a42d74844cf7,200,9.245416
2026-09-17T03:46:05.714604093Z,book,full,a42d74844cf7,200,9.683915
2026-09-17T03:46:05.773693146Z,book,full,a42d74844cf7,200,9.36548
2026-09-17T03:46:05.834675704Z,book,full,a42d74844cf7,200,10.135689
2026-09-17T03:46:05.895586396Z,book,full,a42d74844cf7,200,11.469079
2026-09-17T03:46:05.953968177Z,book,full,a42d74844cf7,200,9.824436
2026-09-17T03:46:06.014946054Z,book,full,a42d74844cf7,200,10.049463
2026-09-17T03:46:06.075167217Z,book,full,a42d74844cf7,200,10.398367
2026-09-17T03:46:06.136073526Z,book,full,a42d74844cf7,200,11.178278
2026-09-17T03:46:06.195235675Z,book,full,a42d74844cf7,200,10.451063
2026-09-17T03:46:06.253696131Z,book,full,a42d74844cf7,200,9.441127
2026-09-17T03:46:06.314691336Z,book,full,a42d74844cf7,200,9.982044
2026-09-17T03:46:06.374478956Z,book,full,a42d74844cf7,200,9.713277
2026-09-17T03:46:06.434270547Z,book,full,a42d74844cf7,200,10.029976
2026-09-17T03:46:06.496091393Z,book,full,a42d74844cf7,200,11.064268
2026-09-17T03:46:06.558121492Z,book,full,a42d74844cf7,200,13.349053
2026-09-17T03:46:06.614550063Z,book,full,a42d74844cf7,200,9.643842
2026-09-17T03:46:06.673844732Z,book,full,a42d74844cf7,200,9.275412
2026-09-17T03:46:06.735378402Z,book,full,a42d74844cf7,200,10.79819
2026-09-17T03:46:06.795726526Z,book,full,a42d74844cf7,200,10.830977
2026-09-17T03:46:06.85402423Z,book,full,a42d74844cf7,200,9.642717
2026-09-17T03:46:06.914976251Z,book,full,a42d74844cf7,200,9.733718
2026-09-17T03:46:06.975166168Z,book,full,a42d74844cf7,200,10.312442
2026-09-17T03:46:07.034681224Z,book,full,a42d74844cf7,200,9.778572
2026-09-17T03:46:07.094607441Z,book,full,a42d74844cf7,200,10.144342
2026-09-17T03:46:07.155026167Z,book,full,a42d74844cf7,200,10.514588
2026-09-17T03:46:07.215326523Z,book,full,a42d74844cf7,200,10.555485
2026-09-17T03:46:07.275674548Z,book,full,a42d74844cf7,200,10.64797
2026-09-17T03:46:07.334386878Z,book,full,a42d74844cf7,200,9.840997
2026-09-17T03:46:07.396001314Z,book,full,a42d74844cf7,200,10.92812
2026-09-17T03:46:07.453832886Z,book,full,a42d74844cf7,200,9.227806
2026-09-17T03:46:07.515753952Z,book,full,a42d74844cf7,200,11.032178
2026-09-17T03:46:07.57583497Z,book,full,a42d74844cf7,200,11.389895
2026-09-17T03:46:07.635318644Z,book,full,a42d74844cf7,200,10.67364
2026-09-17T03:46:07.700940863Z,book,full,a42d74844cf7,200,15.955649
2026-09-17T03:46:07.753532645Z,book,full,a42d74844cf7,200,8.789343
2026-09-17T03:46:07.815470475Z,book,full,a42d74844cf7,200,10.327114
2026-09-17T03:46:07.875181226Z,book,full,a42d74844cf7,200,9.984308
2026-09-17T03:46:07.934685152Z,book,full,a42d74844cf7,200,9.786393
2026-09-17T03:46:07.996671716Z,book,full,a42d74844cf7,200,11.412696
2026-09-17T03:46:08.057101991Z,book,full,a42d74844cf7,200,11.866447
2026-09-17T03:46:08.115485753Z,book,full,a42d74844cf7,200,10.317393
2026-09-17T03:46:08.175298851Z,book,full,a42d74844cf7,200,10.049203
2026-09-17T03:46:08.235832032Z,book,full,a42d74844cf7,200,10.736114
2026-09-17T03:46:08.294563488Z,book,full,a42d74844cf7,200,10.098807
2026-09-17T03:46:08.354455391Z,book,full,a42d74844cf7,200,9.292065
2026-09-17T03:46:08.414638907Z,book,full,a42d74844cf7,200,10.378438
2026-09-17T03:46:08.473943194Z,book,full,a42d74844cf7,200,9.75479
2026-09-17T03:46:08.535301791Z,book,full,a42d74844cf7,200,10.317213
2026-09-17T03:46:08.599640852Z,book,full,a42d74844cf7,200,14.603467
2026-09-17T03:46:08.654081362Z,book,full,a42d74844cf7,200,9.673894
2026-09-17T03:46:08.715555145Z,book,full,a42d74844cf7,200,10.619259
2026-09-17T03:46:08.774123274Z,book,full,a42d74844cf7,200,9.622565
2026-09-17T03:46:08.835662076Z,book,full,a42d74844cf7,200,10.623805
2026-09-17T03:46:08.89579765Z,book,full,a42d74844cf7,200,10.600744
2026-09-17T03:46:08.954134896Z,book,full,a42d74844cf7,200,9.364434
2026-09-17T03:46:09.01508204Z,book,full,a42d74844cf7,200,10.168731
2026-09-17T03:46:09.07534225Z,book,full,a42d74844cf7,200,10.579851
2026-09-17T03:46:09.134882968Z,book,full,a42d74844cf7,200,9.663223
2026-09-17T03:46:09.194910451Z,book,full,a42d74844cf7,200,10.182942
2026-09-17T03:46:09.255614317Z,book,full,a42d74844cf7,200,10.965642
2026-09-17T03:46:09.315368179Z,book,full,a42d74844cf7,200,11.200548
2026-09-17T03:46:09.375240837Z,book,full,a42d74844cf7,200,10.889032
2026-09-17T03:46:09.434483336Z,book,full,a42d74844cf7,200,9.452712
2026-09-17T03:46:09.495977152Z,book,full,a42d74844cf7,200,11.021017
2026-09-17T03:46:09.554454173Z,book,full,a42d74844cf7,200,9.916418
2026-09-17T03:46:09.614092692Z,book,full,a42d74844cf7,200,9.752431
2026-09-17T03:46:09.674899975Z,book,full,a42d74844cf7,200,10.002278
2026-09-17T03:46:09.735820656Z,book,full,a42d74844cf7,200,11.266336
2026-09-17T03:46:09.795982571Z,book,full,a42d74844cf7,200,11.541456
2026-09-17T03:46:09.855665008Z,book,full,a42d74844cf7,200,11.023116
2026-09-17T03:46:09.918747964Z,book,full,a42d74844cf7,200,14.221269
2026-09-17T03:46:09.983383467Z,book,full,a42d74844cf7,200,17.6489
2026-09-17T03:46:10.035091421Z,book,full,a42d74844cf7,200,10.683051
2026-09-17T03:46:10.095778084Z,book,full,a42d74844cf7,200,10.755706
2026-09-17T03:46:10.155910556Z,book,full,a42d74844cf7,200,10.633741
2026-09-17T03:46:10.214918152Z,book,full,a42d74844cf7,200,10.188239
2026-09-17T03:46:10.275140981Z,book,full,a42d74844cf7,200,10.153851
2026-09-17T03:46:10.338878802Z,book,full,a42d74844cf7,200,14.026885
2026-09-17T03:46:10.394787523Z,book,full,a42d74844cf7,200,10.563637
2026-09-17T03:46:10.455225752Z,book,full,a42d74844cf7,200,10.712639
2026-09-17T03:46:10.521218729Z,book,full,a42d74844cf7,200,14.983318
2026-09-17T03:46:10.577185919Z,book,full,a42d74844cf7,200,12.336724
2026-09-17T03:46:10.634081391Z,book,full,a42d74844cf7,200,9.138284
2026-09-17T03:46:10.695339487Z,book,full,a42d74844cf7,200,10.596567
2026-09-17T03:46:10.753264712Z,book,full,a42d74844cf7,200,9.208179
2026-09-17T03:46:10.814663418Z,book,full,a42d74844cf7,200,9.630291
2026-09-17T03:46:10.875927657Z,book,full,a42d74844cf7,200,11.495803
2026-09-17T03:46:10.934414663Z,book,full,a42d74844cf7,200,9.868647
2026-09-17T03:46:10.996856227Z,book,full,a42d74844cf7,200,11.846056
2026-09-17T03:46:11.055225374Z,book,full,a42d74844cf7,200,10.524959
2026-09-17T03:46:11.114973759Z,book,full,a42d74844cf7,200,9.794304
2026-09-17T03:46:11.175050212Z,book,full,a42d74844cf7,200,10.29745
2026-09-17T03:46:11.235157478Z,book,full,a42d74844cf7,200,10.382963
2026-09-17T03:46:11.295112996Z,book,full,a42d74844cf7,200,10.203543
2026-09-17T03:46:11.353857063Z,book,full,a42d74844cf7,200,9.024875
2026-09-17T03:46:11.414405016Z,book,full,a42d74844cf7,200,9.717782
2026-09-17T03:46:11.475326648Z,book,full,a42d74844cf7,200,10.209825
2026-09-17T03:46:11.533534004Z,book,full,a42d74844cf7,200,8.502365
2026-09-17T03:46:11.594950458Z,book,full,a42d74844cf7,200,9.822495
2026-09-17T03:46:11.654247951Z,book,full,a42d74844cf7,200,9.48823
2026-09-17T03:46:11.715204744Z,book,full,a42d74844cf7,200,9.95408
2026-09-17T03:46:11.781258986Z,book,full,a42d74844cf7,200,16.387718
2026-09-17T03:46:11.834358715Z,book,full,a42d74844cf7,200,9.447877
2026-09-17T03:46:11.89545077Z,book,full,a42d74844cf7,200,11.224082
2026-09-17T03:46:11.953658435Z,book,full,a42d74844cf7,200,9.559305
2026-09-17T03:46:12.013931817Z,book,full,a42d74844cf7,200,9.446177
2026-09-17T03:46:12.075707699Z,book,full,a42d74844cf7,200,11.075719
2026-09-17T03:46:12.134054802Z,book,full,a42d74844cf7,200,9.697196
2026-09-17T03:46:12.194976873Z,book,full,a42d74844cf7,200,10.248578
2026-09-17T03:46:12.25503998Z,book,full,a42d74844cf7,200,10.263199
2026-09-17T03:46:12.315379894Z,book,full,a42d74844cf7,200,10.444113
2026-09-17T03:46:12.375413701Z,book,full,a42d74844cf7,200,10.286395
2026-09-17T03:46:12.43499971Z,book,full,a42d74844cf7,200,10.027715
2026-09-17T03:46:12.494366375Z,book,full,a42d74844cf7,200,9.948485
2026-09-17T03:46:12.554613745Z,book,full,a42d74844cf7,200,9.567065
2026-09-17T03:46:12.614049904Z,book,full,a42d74844cf7,200,9.712277
2026-09-17T03:46:12.675203382Z,book,full,a42d74844cf7,200,10.519307
2026-09-17T03:46:12.73368287Z,book,full,a42d74844cf7,200,9.563781
2026-09-17T03:46:12.794657424Z,book,full,a42d74844cf7,200,10.102965
2026-09-17T03:46:12.854521887Z,book,full,a42d74844cf7,200,10.183163
2026-09-17T03:46:12.914346495Z,book,full,a42d74844cf7,200,9.827306
2026-09-17T03:46:12.975554019Z,book,full,a42d74844cf7,200,10.658113
2026-09-17T03:46:13.035750184Z,book,full,a42d74844cf7,200,11.308136
2026-09-17T03:46:13.09460872Z,book,full,a42d74844cf7,200,10.180223
2026-09-17T03:46:13.154673566Z,book,full,a42d74844cf7,200,10.469393
2026-09-17T03:46:13.214866443Z,book,full,a42d74844cf7,200,10.33037
2026-09-17T03:46:13.276545766Z,book,full,a42d74844cf7,200,11.929363
2026-09-17T03:46:13.334689573Z,book,full,a42d74844cf7,200,10.507588
2026-09-17T03:46:13.394694795Z,book,full,a42d74844cf7,200,10.079234
2026-09-17T03:46:13.454979963Z,book,full,a42d74844cf7,200,10.231801
2026-09-17T03:46:13.514777802Z,book,full,a42d74844cf7,200,9.81346
2026-09-17T03:46:13.575034312Z,book,full,a42d74844cf7,200,10.261945
2026-09-17T03:46:13.635190479Z,book,full,a42d74844cf7,200,10.172621
2026-09-17T03:46:13.695987482Z,book,full,a42d74844cf7,200,11.07305
2026-09-17T03:46:13.754250033Z,book,full,a42d74844cf7,200,9.367861
2026-09-17T03:46:13.820238499Z,book,full,a42d74844cf7,200,14.866848
2026-09-17T03:46:13.875325643Z,book,full,a42d74844cf7,200,10.184068
2026-09-17T03:46:13.933855072Z,book,full,a42d74844cf7,200,9.655418
2026-09-17T03:46:13.995390788Z,book,full,a42d74844cf7,200,10.512773
2026-09-17T03:46:14.054585316Z,book,full,a42d74844cf7,200,10.417041
2026-09-17T03:46:14.114624552Z,book,full,a42d74844cf7,200,10.400569
2026-09-17T03:46:14.17551015Z,book,full,a42d74844cf7,200,10.749361
2026-09-17T03:46:14.235242332Z,book,full,a42d74844cf7,200,11.13615
2026-09-17T03:46:14.29573493Z,book,full,a42d74844cf7,200,10.912748
2026-09-17T03:46:14.355008658Z,book,full,a42d74844cf7,200,10.667905
2026-09-17T03:46:14.415316711Z,book,full,a42d74844cf7,200,10.237896
2026-09-17T03:46:14.474812692Z,book,full,a42d74844cf7,200,9.699292
2026-09-17T03:46:14.534559257Z,book,full,a42d74844cf7,200,9.937298
2026-09-17T03:46:14.595494611Z,book,full,a42d74844cf7,200,10.234357
2026-09-17T03:46:14.65454776Z,book,full,a42d74844cf7,200,9.433614
2026-09-17T03:46:14.714807828Z,book,full,a42d74844cf7,200,9.628437
2026-09-17T03:46:14.774936808Z,book,full,a42d74844cf7,200,10.391652
2026-09-17T03:46:14.835013062Z,book,full,a42d74844cf7,200,10.424076
2026-09-17T03:46:14.894858301Z,book,full,a42d74844cf7,200,10.277798
2026-09-17T03:46:14.954841532Z,book,full,a42d74844cf7,200,10.298911
2026-09-17T03:46:15.015280996Z,book,full,a42d74844cf7,200,10.645901
2026-09-17T03:46:15.075011439Z,book,full,a42d74844cf7,200,9.808665
2026-09-17T03:46:15.13370916Z,book,full,a42d74844cf7,200,8.97684
2026-09-17T03:46:15.194367193Z,book,full,a42d74844cf7,200,9.972688
2026-09-17T03:46:15.254480273Z,book,full,a42d74844cf7,200,9.593747
2026-09-17T03:46:15.314454353Z,book,full,a42d74844cf7,200,10.285841
2026-09-17T03:46:15.374044294Z,book,full,a42d74844cf7,200,9.864112
2026-09-17T03:46:15.436210486Z,book,full,a42d74844cf7,200,11.322285
2026-09-17T03:46:15.499571816Z,book,full,a42d74844cf7,200,14.999557
2026-09-17T03:46:15.555081608Z,book,full,a42d74844cf7,200,10.73264
2026-09-17T03:46:15.622816406Z,book,full,a42d74844cf7,200,18.157747
2026-09-17T03:46:15.674576878Z,book,full,a42d74844cf7,200,10.015845
2026-09-17T03:46:15.734139107Z,book,full,a42d74844cf7,200,9.664948
2026-09-17T03:46:15.79448523Z,book,full,a42d74844cf7,200,9.703427
2026-09-17T03:46:15.855331377Z,book,full,a42d74844cf7,200,10.124049
2026-09-17T03:46:15.916019809Z,book,full,a42d74844cf7,200,10.864814
2026-09-17T03:46:15.975378003Z,book,full,a42d74844cf7,200,10.467544
2026-09-17T03:46:16.034443522Z,book,full,a42d74844cf7,200,9.377192
2026-09-17T03:46:16.094157159Z,book,full,a42d74844cf7,200,9.935899
2026-09-17T03:46:16.154575923Z,book,full,a42d74844cf7,200,9.53121
2026-09-17T03:46:16.213778631Z,book,full,a42d74844cf7,200,9.43011
2026-09-17T03:46:16.275718474Z,book,full,a42d74844cf7,200,11.238736
2026-09-17T03:46:16.33391422Z,book,full,a42d74844cf7,200,9.551323
2026-09-17T03:46:16.393744699Z,book,full,a42d74844cf7,200,9.14988
2026-09-17T03:46:16.45452798Z,book,full,a42d74844cf7,200,10.182985
2026-09-17T03:46:16.513947092Z,book,full,a42d74844cf7,200,9.739495
2026-09-17T03:46:16.574519824Z,book,full,a42d74844cf7,200,9.796189
2026-09-17T03:46:16.634032799Z,book,full,a42d74844cf7,200,9.840368
2026-09-17T03:46:16.695105018Z,book,full,a42d74844cf7,200,10.328131
2026-09-17T03:46:16.756730529Z,book,full,a42d74844cf7,200,11.662285
2026-09-17T03:46:16.815197817Z,book,full,a42d74844cf7,200,10.820643
2026-09-17T03:46:16.875524711Z,book,full,a42d74844cf7,200,10.564081
2026-09-17T03:46:16.933775913Z,book,full,a42d74844cf7,200,9.650484
2026-09-17T03:46:16.994463103Z,book,full,a42d74844cf7,200,10.055803
2026-09-17T03:46:17.05366544Z,book,full,a42d74844cf7,200,9.401249
2026-09-17T03:46:17.114230936Z,book,full,a42d74844cf7,200,9.731731
2026-09-17T03:46:17.175460384Z,book,full,a42d74844cf7,200,10.559225
2026-09-17T03:46:17.235042833Z,book,full,a42d74844cf7,200,9.864488
2026-09-17T03:46:17.296117295Z,book,full,a42d74844cf7,200,11.550513
2026-09-17T03:46:17.354207711Z,book,full,a42d74844cf7,200,9.347207
2026-09-17T03:46:17.413763418Z,book,full,a42d74844cf7,200,8.685124
2026-09-17T03:46:17.473957223Z,book,full,a42d74844cf7,200,9.476686
2026-09-17T03:46:17.534854284Z,book,full,a42d74844cf7,200,10.075892
2026-09-17T03:46:17.594226279Z,book,full,a42d74844cf7,200,9.848869
2026-09-17T03:46:17.655480569Z,book,full,a42d74844cf7,200,10.582843
2026-09-17T03:46:17.715396291Z,book,full,a42d74844cf7,200,10.206502
2026-09-17T03:46:17.776300529Z,book,full,a42d74844cf7,200,11.236031
2026-09-17T03:46:17.834693017Z,book,full,a42d74844cf7,200,9.753331
2026-09-17T03:46:17.896194031Z,book,full,a42d74844cf7,200,10.967658
2026-09-17T03:46:17.955482374Z,book,full,a42d74844cf7,200,10.566806
2026-09-17T03:46:18.01693383Z,book,full,a42d74844cf7,200,12.155769
2026-09-17T03:46:18.076061728Z,book,full,a42d74844cf7,200,11.424806
2026-09-17T03:46:18.137058707Z,book,full,a42d74844cf7,200,12.107592
2026-09-17T03:46:18.194289876Z,book,full,a42d74844cf7,200,9.692582
2026-09-17T03:46:18.254418266Z,book,full,a42d74844cf7,200,9.433739
2026-09-17T03:46:18.314311941Z,book,full,a42d74844cf7,200,9.820891
2026-09-17T03:46:18.376005793Z,book,full,a42d74844cf7,200,10.823819
2026-09-17T03:46:18.434103896Z,book,full,a42d74844cf7,200,9.469857
2026-09-17T03:46:18.496003882Z,book,full,a42d74844cf7,200,10.922311
2026-09-17T03:46:18.554878392Z,book,full,a42d74844cf7,200,10.279387
2026-09-17T03:46:18.61682751Z,book,full,a42d74844cf7,200,11.984847
2026-09-17T03:46:18.675570752Z,book,full,a42d74844cf7,200,10.528663
2026-09-17T03:46:18.734580922Z,book,full,a42d74844cf7,200,11.130494
2026-09-17T03:46:18.792022382Z,book,full,a42d74844cf7,200,8.881398
2026-09-17T03:46:18.851717599Z,book,full,a42d74844cf7,200,9.146995
2026-09-17T03:46:18.912198162Z,book,full,a42d74844cf7,200,9.766831
2026-09-17T03:46:18.97264965Z,book,full,a42d74844cf7,200,9.422019
2026-09-17T03:46:19.032215422Z,book,full,a42d74844cf7,200,9.517891
2026-09-17T03:46:19.092442438Z,book,full,a42d74844cf7,200,9.463971
2026-09-17T03:46:19.151746327Z,book,full,a42d74844cf7,200,9.366845
2026-09-17T03:46:19.212671753Z,book,full,a42d74844cf7,200,10.291984
2026-09-17T03:46:19.27452397Z,book,full,a42d74844cf7,200,11.155506
2026-09-17T03:46:19.333936157Z,book,full,a42d74844cf7,200,10.618649
2026-09-17T03:46:19.393858375Z,book,full,a42d74844cf7,200,10.491472
2026-09-17T03:46:19.45295534Z,book,full,a42d74844cf7,200,10.224648
2026-09-17T03:46:19.512714624Z,book,full,a42d74844cf7,200,9.963957
2026-09-17T03:46:19.572526777Z,book,full,a42d74844cf7,200,10.094243
2026-09-17T03:46:19.632712127Z,book,full,a42d74844cf7,200,9.44161
2026-09-17T03:46:19.692782198Z,book,full,a42d74844cf7,200,9.356124
2026-09-17T03:46:19.752969015Z,book,full,a42d74844cf7,200,10.610664
2026-09-17T03:46:19.812325148Z,book,full,a42d74844cf7,200,9.647599
2026-09-17T03:46:19.873590384Z,book,full,a42d74844cf7,200,10.76772
2026-09-17T03:46:19.932588714Z,book,full,a42d74844cf7,200,10.249624
2026-09-17T03:46:19.993496372Z,book,full,a42d74844cf7,200,10.422677
2026-09-17T03:46:20.053127042Z,book,full,a42d74844cf7,200,9.962204
2026-09-17T03:46:20.116416042Z,book,full,a42d74844cf7,200,13.406492
2026-09-17T03:46:20.172500199Z,book,full,a42d74844cf7,200,9.52026
2026-09-17T03:46:20.232321049Z,book,full,a42d74844cf7,200,9.22399
2026-09-17T03:46:20.292956829Z,book,full,a42d74844cf7,200,9.869959
2026-09-17T03:46:20.353666194Z,book,full,a42d74844cf7,200,10.952027
2026-09-17T03:46:20.412845966Z,book,full,a42d74844cf7,200,10.336986
2026-09-17T03:46:20.473871962Z,book,full,a42d74844cf7,200,11.376042
2026-09-17T03:46:20.53509131Z,book,full,a42d74844cf7,200,12.002754
2026-09-17T03:46:20.592494841Z,book,full,a42d74844cf7,200,9.770657
2026-09-17T03:46:20.653963098Z,book,full,a42d74844cf7,200,11.13715
2026-09-17T03:46:20.711929287Z,book,full,a42d74844cf7,200,9.269488
2026-09-17T03:46:20.773113089Z,book,full,a42d74844cf7,200,10.137706
2026-09-17T03:46:20.833737124Z,book,full,a42d74844cf7,200,10.798562
2026-09-17T03:46:20.89357859Z,book,full,a42d74844cf7,200,10.362964
2026-09-17T03:46:20.953325273Z,book,full,a42d74844cf7,200,10.014659
2026-09-17T03:46:21.012602491Z,book,full,a42d74844cf7,200,9.599755
2026-09-17T03:46:21.072792636Z,book,full,a42d74844cf7,200,10.113536
2026-09-17T03:46:21.132936014Z,book,full,a42d74844cf7,200,10.165959
2026-09-17T03:46:21.192186281Z,book,full,a42d74844cf7,200,9.709388
2026-09-17T03:46:21.25259907Z,book,full,a42d74844cf7,200,9.605326
2026-09-17T03:46:21.311872103Z,book,full,a42d74844cf7,200,9.413648
2026-09-17T03:46:21.372308549Z,book,full,a42d74844cf7,200,9.702233
2026-09-17T03:46:21.43341435Z,book,full,a42d74844cf7,200,10.427336
2026-09-17T03:46:21.493305119Z,book,full,a42d74844cf7,200,10.142657
2026-09-17T03:46:21.552376969Z,book,full,a42d74844cf7,200,9.176783
2026-09-17T03:46:21.612771332Z,book,full,a42d74844cf7,200,9.862853
2026-09-17T03:46:21.672532447Z,book,full,a42d74844cf7,200,10.196391
2026-09-17T03:46:21.735031533Z,book,full,a42d74844cf7,200,11.745666
2026-09-17T03:46:21.792907646Z,book,full,a42d74844cf7,200,9.558778
2026-09-17T03:46:21.85389882Z,book,full,a42d74844cf7,200,11.20167
2026-09-17T03:46:21.912947517Z,book,full,a42d74844cf7,200,10.381579
2026-09-17T03:46:21.973149252Z,book,full,a42d74844cf7,200,10.513947
2026-09-17T03:46:22.032168207Z,book,full,a42d74844cf7,200,9.485951
2026-09-17T03:46:22.09269442Z,book,full,a42d74844cf7,200,9.763791
2026-09-17T03:46:22.152090927Z,book,full,a42d74844cf7,200,9.727085
2026-09-17T03:46:22.213651544Z,book,full,a42d74844cf7,200,10.794146
2026-09-17T03:46:22.273002583Z,book,full,a42d74844cf7,200,10.617572
2026-09-17T03:46:22.33294813Z,book,full,a42d74844cf7,200,10.319975
2026-09-17T03:46:22.392348375Z,book,full,a42d74844cf7,200,9.756371
2026-09-17T03:46:22.454122855Z,book,full,a42d74844cf7,200,10.998705
2026-09-17T03:46:22.512522432Z,book,full,a42d74844cf7,200,9.514124
2026-09-17T03:46:22.571907618Z,book,full,a42d74844cf7,200,9.558657
2026-09-17T03:46:22.632779999Z,book,full,a42d74844cf7,200,10.159748
2026-09-17T03:46:22.692116111Z,book,full,a42d74844cf7,200,8.839028
2026-09-17T03:46:22.752315517Z,book,full,a42d74844cf7,200,9.525557
2026-09-17T03:46:22.813173567Z,book,full,a42d74844cf7,200,10.144019
2026-09-17T03:46:22.872423257Z,book,full,a42d74844cf7,200,9.432349
2026-09-17T03:46:22.931693294Z,book,full,a42d74844cf7,200,9.312881
2026-09-17T03:46:22.993974166Z,book,full,a42d74844cf7,200,10.572846
2026-09-17T03:46:23.054508061Z,book,full,a42d74844cf7,200,11.882939
2026-09-17T03:46:23.113289053Z,book,full,a42d74844cf7,200,10.887368
2026-09-17T03:46:23.173279879Z,book,full,a42d74844cf7,200,10.397814
2026-09-17T03:46:23.232768642Z,book,full,a42d74844cf7,200,9.758122
2026-09-17T03:46:23.292134399Z,book,full,a42d74844cf7,200,8.893378
2026-09-17T03:46:23.355778158Z,book,full,a42d74844cf7,200,12.801601
2026-09-17T03:46:23.412105882Z,book,full,a42d74844cf7,200,9.782119
2026-09-17T03:46:23.473009194Z,book,full,a42d74844cf7,200,10.098474
2026-09-17T03:46:23.534193227Z,book,full,a42d74844cf7,200,11.120954
2026-09-17T03:46:23.595668079Z,book,full,a42d74844cf7,200,13.000371
2026-09-17T03:46:23.652890438Z,book,full,a42d74844cf7,200,10.573057
2026-09-17T03:46:23.711762008Z,book,full,a42d74844cf7,200,8.972194
2026-09-17T03:46:23.772373285Z,book,full,a42d74844cf7,200,9.625222
2026-09-17T03:46:23.834149792Z,book,full,a42d74844cf7,200,10.799502
2026-09-17T03:46:23.89356238Z,book,full,a42d74844cf7,200,10.975874
2026-09-17T03:46:23.952402158Z,book,full,a42d74844cf7,200,9.432143
2026-09-17T03:46:24.013475948Z,book,full,a42d74844cf7,200,10.63566
2026-09-17T03:46:24.073421301Z,book,full,a42d74844cf7,200,10.052171
2026-09-17T03:46:24.133025472Z,book,full,a42d74844cf7,200,9.85645
2026-09-17T03:46:24.192588282Z,book,full,a42d74844cf7,200,9.914954
2026-09-17T03:46:24.253956965Z,book,full,a42d74844cf7,200,11.482324
2026-09-17T03:46:24.313592232Z,book,full,a42d74844cf7,200,10.682907
2026-09-17T03:46:24.373219247Z,book,full,a42d74844cf7,200,10.796584
2026-09-17T03:46:24.433560244Z,book,full,a42d74844cf7,200,10.474131
2026-09-17T03:46:24.493808554Z,book,full,a42d74844cf7,200,10.689647
2026-09-17T03:46:24.55261839Z,book,full,a42d74844cf7,200,9.925061
2026-09-17T03:46:24.612983059Z,book,full,a42d74844cf7,200,9.402721
2026-09-17T03:46:24.673374297Z,book,full,a42d74844cf7,200,10.586306
2026-09-17T03:46:24.732745887Z,book,full,a42d74844cf7,200,9.787044
2026-09-17T03:46:24.793242836Z,book,full,a42d74844cf7,200,9.905548
2026-09-17T03:46:24.852597096Z,book,full,a42d74844cf7,200,9.41108
2026-09-17T03:46:24.913845623Z,book,full,a42d74844cf7,200,10.549485
2026-09-17T03:46:24.972525784Z,book,full,a42d74844cf7,200,10.121858
2026-09-17T03:46:25.034016262Z,book,full,a42d74844cf7,200,10.788504
2026-09-17T03:46:25.09274603Z,book,full,a42d74844cf7,200,9.372129
2026-09-17T03:46:25.152476483Z,book,full,a42d74844cf7,200,10.114273
2026-09-17T03:46:25.214093345Z,book,full,a42d74844cf7,200,10.881245
2026-09-17T03:46:25.272578136Z,book,full,a42d74844cf7,200,9.745496
2026-09-17T03:46:25.333101859Z,book,full,a42d74844cf7,200,9.878718
2026-09-17T03:46:25.393087349Z,book,full,a42d74844cf7,200,9.934705
2026-09-17T03:46:25.453481963Z,book,full,a42d74844cf7,200,10.68463
2026-09-17T03:46:25.51473888Z,book,full,a42d74844cf7,200,12.415409
2026-09-17T03:46:25.573601118Z,book,full,a42d74844cf7,200,11.257543
2026-09-17T03:46:25.634168308Z,book,full,a42d74844cf7,200,10.935204
2026-09-17T03:46:25.693118219Z,book,full,a42d74844cf7,200,10.163814
2026-09-17T03:46:25.758146245Z,book,full,a42d74844cf7,200,15.521366
2026-09-17T03:46:25.813837221Z,book,full,a42d74844cf7,200,11.093315
2026-09-17T03:46:25.873023464Z,book,full,a42d74844cf7,200,10.513988
2026-09-17T03:46:25.932342616Z,book,full,a42d74844cf7,200,9.703974
2026-09-17T03:46:25.993960987Z,book,full,a42d74844cf7,200,10.596829
2026-09-17T03:46:26.052746111Z,book,full,a42d74844cf7,200,10.092653
2026-09-17T03:46:26.114510322Z,book,full,a42d74844cf7,200,11.545949
2026-09-17T03:46:26.174019619Z,book,full,a42d74844cf7,200,10.557276
2026-09-17T03:46:26.232311441Z,book,full,a42d74844cf7,200,9.545838
2026-09-17T03:46:26.293627534Z,book,full,a42d74844cf7,200,10.432522
2026-09-17T03:46:26.354663054Z,book,full,a42d74844cf7,200,11.279199
2026-09-17T03:46:26.41375342Z,book,full,a42d74844cf7,200,10.417762
2026-09-17T03:46:26.473827922Z,book,full,a42d74844cf7,200,10.611329
2026-09-17T03:46:26.532462449Z,book,full,a42d74844cf7,200,9.763217
2026-09-17T03:46:26.592583885Z,book,full,a42d74844cf7,200,9.458871
2026-09-17T03:46:26.652395599Z,book,full,a42d74844cf7,200,10.031427
2026-09-17T03:46:26.714313923Z,book,full,a42d74844cf7,200,11.085181
2026-09-17T03:46:26.773808028Z,book,full,a42d74844cf7,200,10.754476
2026-09-17T03:46:26.832565919Z,book,full,a42d74844cf7,200,10.204719
2026-09-17T03:46:26.893448782Z,book,full,a42d74844cf7,200,10.345757
2026-09-17T03:46:26.954070364Z,book,full,a42d74844cf7,200,10.994208
2026-09-17T03:46:27.012799272Z,book,full,a42d74844cf7,200,10.131445
2026-09-17T03:46:27.07175154Z,book,full,a42d74844cf7,200,9.184546
2026-09-17T03:46:27.132304444Z,book,full,a42d74844cf7,200,9.664032
2026-09-17T03:46:27.194040463Z,book,full,a42d74844cf7,200,11.050342
2026-09-17T03:46:27.253696861Z,book,full,a42d74844cf7,200,11.051709
2026-09-17T03:46:27.313548189Z,book,full,a42d74844cf7,200,10.169479
2026-09-17T03:46:27.374380268Z,book,full,a42d74844cf7,200,11.030731
2026-09-17T03:46:27.433679139Z,book,full,a42d74844cf7,200,10.473311
2026-09-17T03:46:27.494270265Z,book,full,a42d74844cf7,200,11.035822
2026-09-17T03:46:27.552945Z,book,full,a42d74844cf7,200,10.039497
2026-09-17T03:46:27.61279421Z,book,full,a42d74844cf7,200,9.838315
2026-09-17T03:46:27.67250679Z,book,full,a42d74844cf7,200,10.100302
2026-09-17T03:46:27.73326646Z,book,full,a42d74844cf7,200,9.978778
2026-09-17T03:46:27.793333048Z,book,full,a42d74844cf7,200,10.301558
2026-09-17T03:46:27.853409324Z,book,full,a42d74844cf7,200,10.281816
2026-09-17T03:46:27.912996597Z,book,full,a42d74844cf7,200,9.916709
2026-09-17T03:46:27.974643606Z,book,full,a42d74844cf7,200,11.610139
2026-09-17T03:46:28.033705552Z,book,full,a42d74844cf7,200,10.32192
2026-09-17T03:46:28.095230739Z,book,full,a42d74844cf7,200,11.95322
2026-09-17T03:46:28.153001137Z,book,full,a42d74844cf7,200,10.293707
2026-09-17T03:46:28.212674105Z,book,full,a42d74844cf7,200,9.689612
2026-09-17T03:46:28.273072698Z,book,full,a42d74844cf7,200,10.45174
2026-09-17T03:46:28.33388459Z,book,full,a42d74844cf7,200,10.846209
2026-09-17T03:46:28.393734872Z,book,full,a42d74844cf7,200,10.377842
2026-09-17T03:46:28.453591222Z,book,full,a42d74844cf7,200,11.178133
2026-09-17T03:46:28.514190406Z,book,full,a42d74844cf7,200,10.851213
2026-09-17T03:46:28.574362731Z,book,full,a42d74844cf7,200,11.141853
2026-09-17T03:46:28.635633368Z,book,full,a42d74844cf7,200,12.56039
2026-09-17T03:46:28.698846651Z,book,full,a42d74844cf7,200,15.45253
2026-09-17T03:46:28.753207339Z,book,full,a42d74844cf7,200,10.456818
2026-09-17T03:46:28.812409331Z,book,full,a42d74844cf7,200,9.229536
2026-09-17T03:46:28.871800943Z,book,full,a42d74844cf7,200,9.109131
2026-09-17T03:46:28.931755352Z,book,full,a42d74844cf7,200,8.974239
2026-09-17T03:46:28.992096669Z,book,full,a42d74844cf7,200,9.5022
2026-09-17T03:46:29.053741237Z,book,full,a42d74844cf7,200,10.693117
2026-09-17T03:46:29.121482043Z,book,full,a42d74844cf7,200,19.095593
2026-09-17T03:46:29.176282294Z,book,full,a42d74844cf7,200,12.891699
2026-09-17T03:46:29.236257614Z,book,full,a42d74844cf7,200,13.000645
2026-09-17T03:46:29.293284258Z,book,full,a42d74844cf7,200,10.48672
2026-09-17T03:46:29.35396396Z,book,full,a42d74844cf7,200,10.618991
2026-09-17T03:46:29.413936342Z,book,full,a42d74844cf7,200,11.199513
2026-09-17T03:46:29.472706331Z,book,full,a42d74844cf7,200,9.849851
2026-09-17T03:46:29.534274208Z,book,full,a42d74844cf7,200,10.79028
2026-09-17T03:46:29.593293533Z,book,full,a42d74844cf7,200,10.643981
2026-09-17T03:46:29.655012642Z,book,full,a42d74844cf7,200,12.000814
2026-09-17T03:46:29.712993472Z,book,full,a42d74844cf7,200,10.200527
2026-09-17T03:46:29.798606988Z,book,full,a42d74844cf7,200,35.740103
2026-09-17T03:46:29.849621564Z,book,full,a42d74844cf7,200,26.554644
2026-09-17T03:46:29.898650905Z,book,full,a42d74844cf7,200,15.475978
2026-09-17T03:46:29.954560937Z,book,full,a42d74844cf7,200,11.261483
2026-09-17T03:46:30.013513527Z,book,full,a42d74844cf7,200,10.191296
2026-09-17T03:46:30.072289229Z,book,full,a42d74844cf7,200,9.198807
2026-09-17T03:46:30.135115327Z,book,full,a42d74844cf7,200,12.08895
2026-09-17T03:46:30.192662121Z,book,full,a42d74844cf7,200,9.963024
2026-09-17T03:46:30.252571332Z,book,full,a42d74844cf7,200,9.845889
2026-09-17T03:46:30.312952537Z,book,full,a42d74844cf7,200,9.645114
2026-09-17T03:46:30.373025026Z,book,full,a42d74844cf7,200,9.933791
2026-09-17T03:46:30.433753571Z,book,full,a42d74844cf7,200,10.694856
2026-09-17T03:46:30.495514414Z,book,full,a42d74844cf7,200,12.252671
2026-09-17T03:46:30.55393923Z,book,full,a42d74844cf7,200,10.537259
2026-09-17T03:46:30.612547799Z,book,full,a42d74844cf7,200,9.817473
2026-09-17T03:46:30.674448183Z,book,full,a42d74844cf7,200,11.209085
2026-09-17T03:46:30.733025576Z,book,full,a42d74844cf7,200,10.549192
2026-09-17T03:46:30.793155732Z,book,full,a42d74844cf7,200,10.383763
2026-09-17T03:46:30.853247648Z,book,full,a42d74844cf7,200,10.24121
2026-09-17T03:46:30.912504099Z,book,full,a42d74844cf7,200,9.408662
2026-09-17T03:46:30.973666522Z,book,full,a42d74844cf7,200,11.292669
2026-09-17T03:46:31.03324093Z,book,full,a42d74844cf7,200,9.85545
2026-09-17T03:46:31.091751052Z,book,full,a42d74844cf7,200,9.009344
2026-09-17T03:46:31.153300936Z,book,full,a42d74844cf7,200,10.572237
2026-09-17T03:46:31.213191453Z,book,full,a42d74844cf7,200,10.233954
2026-09-17T03:46:31.27422007Z,book,full,a42d74844cf7,200,11.205293
2026-09-17T03:46:31.333265862Z,book,full,a42d74844cf7,200,10.025257
2026-09-17T03:46:31.393326495Z,book,full,a42d74844cf7,200,10.512519
2026-09-17T03:46:31.453603464Z,book,full,a42d74844cf7,200,10.54167
2026-09-17T03:46:31.512654855Z,book,full,a42d74844cf7,200,10.23146
2026-09-17T03:46:31.57498377Z,book,full,a42d74844cf7,200,12.598807
2026-09-17T03:46:31.633479471Z,book,full,a42d74844cf7,200,10.716472
2026-09-17T03:46:31.69589816Z,book,full,a42d74844cf7,200,12.917088
2026-09-17T03:46:31.752526297Z,book,full,a42d74844cf7,200,9.999326
2026-09-17T03:46:31.813114079Z,book,full,a42d74844cf7,200,9.770507
2026-09-17T03:46:31.872222782Z,book,full,a42d74844cf7,200,9.471249
2026-09-17T03:46:31.932932882Z,book,full,a42d74844cf7,200,9.908458
2026-09-17T03:46:31.992133026Z,book,full,a42d74844cf7,200,9.769759
2026-09-17T03:46:32.052663567Z,book,full,a42d74844cf7,200,9.820412
2026-09-17T03:46:32.11257897Z,book,full,a42d74844cf7,200,10.24912
2026-09-17T03:46:32.174031041Z,book,full,a42d74844cf7,200,10.751906
2026-09-17T03:46:32.232942787Z,book,full,a42d74844cf7,200,10.183981
2026-09-17T03:46:32.291775977Z,book,full,a42d74844cf7,200,9.42446
2026-09-17T03:46:32.352433925Z,book,full,a42d74844cf7,200,10.16617
2026-09-17T03:46:32.412982921Z,book,full,a42d74844cf7,200,9.693764
2026-09-17T03:46:32.472812402Z,book,full,a42d74844cf7,200,9.874596
2026-09-17T03:46:32.532691909Z,book,full,a42d74844cf7,200,10.259332
2026-09-17T03:46:32.592296193Z,book,full,a42d74844cf7,200,9.831665
2026-09-17T03:46:32.652497713Z,book,full,a42d74844cf7,200,9.504809
2026-09-17T03:46:32.712737356Z,book,full,a42d74844cf7,200,9.45093
2026-09-17T03:46:32.771956822Z,book,full,a42d74844cf7,200,9.255616
2026-09-17T03:46:32.832789409Z,book,full,a42d74844cf7,200,10.044751
2026-09-17T03:46:32.89311116Z,book,full,a42d74844cf7,200,9.90218
2026-09-17T03:46:32.954402503Z,book,full,a42d74844cf7,200,11.352832
2026-09-17T03:46:33.012580531Z,book,full,a42d74844cf7,200,9.419586
2026-09-17T03:46:33.074008412Z,book,full,a42d74844cf7,200,10.828139
2026-09-17T03:46:33.133066708Z,book,full,a42d74844cf7,200,10.088756
2026-09-17T03:46:33.192274879Z,book,full,a42d74844cf7,200,9.661995
2026-09-17T03:46:33.252510528Z,book,full,a42d74844cf7,200,9.422285
2026-09-17T03:46:33.31259548Z,book,full,a42d74844cf7,200,9.24467
2026-09-17T03:46:33.372149314Z,book,full,a42d74844cf7,200,9.403779
2026-09-17T03:46:33.433703196Z,book,full,a42d74844cf7,200,10.658848
2026-09-17T03:46:33.493376715Z,book,full,a42d74844cf7,200,10.104284
2026-09-17T03:46:33.553315097Z,book,full,a42d74844cf7,200,10.148898
2026-09-17T03:46:33.611986016Z,book,full,a42d74844cf7,200,8.975772
2026-09-17T03:46:33.671851724Z,book,full,a42d74844cf7,200,9.071364
2026-09-17T03:46:33.733121421Z,book,full,a42d74844cf7,200,10.677535
2026-09-17T03:46:33.79311709Z,book,full,a42d74844cf7,200,9.798887
2026-09-17T03:46:33.853919625Z,book,full,a42d74844cf7,200,10.897294
2026-09-17T03:46:33.912145989Z,book,full,a42d74844cf7,200,9.476362
2026-09-17T03:46:33.97956855Z,book,full,a42d74844cf7,200,16.761079
2026-09-17T03:46:34.033054229Z,book,full,a42d74844cf7,200,9.855563
2026-09-17T03:46:34.093107258Z,book,full,a42d74844cf7,200,10.523847
2026-09-17T03:46:34.154164663Z,book,full,a42d74844cf7,200,11.048717
2026-09-17T03:46:34.220864749Z,book,full,a42d74844cf7,200,17.570922
2026-09-17T03:46:34.277642705Z,book,full,a42d74844cf7,200,13.738727
2026-09-17T03:46:34.335970337Z,book,full,a42d74844cf7,200,12.602842
2026-09-17T03:46:34.394630558Z,book,full,a42d74844cf7,200,11.240006
2026-09-17T03:46:34.470609092Z,book,full,a42d74844cf7,200,27.225909
2026-09-17T03:46:34.524175506Z,book,full,a42d74844cf7,200,14.932905
2026-09-17T03:46:34.572986975Z,book,full,a42d74844cf7,200,9.794016
2026-09-17T03:46:34.633465618Z,book,full,a42d74844cf7,200,10.754219
2026-09-17T03:46:34.692941853Z,book,full,a42d74844cf7,200,9.855676
2026-09-17T03:46:34.752671487Z,book,full,a42d74844cf7,200,9.751013
2026-09-17T03:46:34.813930467Z,book,full,a42d74844cf7,200,10.467933
2026-09-17T03:46:34.872403059Z,book,full,a42d74844cf7,200,9.789548
2026-09-17T03:46:34.933952582Z,book,full,a42d74844cf7,200,10.70055
2026-09-17T03:46:34.993097244Z,book,full,a42d74844cf7,200,9.757903
2026-09-17T03:46:35.052174031Z,book,full,a42d74844cf7,200,9.061788
2026-09-17T03:46:35.112511092Z,book,full,a42d74844cf7,200,9.390512
2026-09-17T03:46:35.177060217Z,book,full,a42d74844cf7,200,14.494154
2026-09-17T03:46:35.232733631Z,book,full,a42d74844cf7,200,9.734211
2026-09-17T03:46:35.292730757Z,book,full,a42d74844cf7,200,9.337938
2026-09-17T03:46:35.352163616Z,book,full,a42d74844cf7,200,9.385838
2026-09-17T03:46:35.412725588Z,book,full,a42d74844cf7,200,9.592773
2026-09-17T03:46:35.474650296Z,book,full,a42d74844cf7,200,12.00104
2026-09-17T03:46:35.534062358Z,book,full,a42d74844cf7,200,10.771315
2026-09-17T03:46:35.593140225Z,book,full,a42d74844cf7,200,10.17519
2026-09-17T03:46:35.653996565Z,book,full,a42d74844cf7,200,10.881193
2026-09-17T03:46:35.71531848Z,book,full,a42d74844cf7,200,12.594111
2026-09-17T03:46:35.775157065Z,book,full,a42d74844cf7,200,11.369571
2026-09-17T03:46:35.833411151Z,book,full,a42d74844cf7,200,10.270501
2026-09-17T03:46:35.892510689Z,book,full,a42d74844cf7,200,9.599387
2026-09-17T03:46:35.952015988Z,book,full,a42d74844cf7,200,9.597818
2026-09-17T03:46:36.012463456Z,book,full,a42d74844cf7,200,9.712754
2026-09-17T03:46:36.072721402Z,book,full,a42d74844cf7,200,9.403183
2026-09-17T03:46:36.133509318Z,book,full,a42d74844cf7,200,11.173574
2026-09-17T03:46:36.193275311Z,book,full,a42d74844cf7,200,10.261372
2026-09-17T03:46:36.253164144Z,book,full,a42d74844cf7,200,10.149748
2026-09-17T03:46:36.314906411Z,book,full,a42d74844cf7,200,11.981087
2026-09-17T03:46:36.372522399Z,book,full,a42d74844cf7,200,9.830355
2026-09-17T03:46:36.433300318Z,book,full,a42d74844cf7,200,10.209189
2026-09-17T03:46:36.493425258Z,book,full,a42d74844cf7,200,10.472599
2026-09-17T03:46:36.554055726Z,book,full,a42d74844cf7,200,10.889999
2026-09-17T03:46:36.613035565Z,book,full,a42d74844cf7,200,10.06069
2026-09-17T03:46:36.674200738Z,book,full,a42d74844cf7,200,11.156071
2026-09-17T03:46:36.735133232Z,book,full,a42d74844cf7,200,12.288391
2026-09-17T03:46:36.793421009Z,book,full,a42d74844cf7,200,10.978782
2026-09-17T03:46:36.852989077Z,book,full,a42d74844cf7,200,9.859677
2026-09-17T03:46:36.913329348Z,book,full,a42d74844cf7,200,10.704031
2026-09-17T03:46:36.972998918Z,book,full,a42d74844cf7,200,9.959278
2026-09-17T03:46:37.032557391Z,book,full,a42d74844cf7,200,9.943417
2026-09-17T03:46:37.092573977Z,book,full,a42d74844cf7,200,9.192179
2026-09-17T03:46:37.15233199Z,book,full,a42d74844cf7,200,9.252607
2026-09-17T03:46:37.213542276Z,book,full,a42d74844cf7,200,10.404477
2026-09-17T03:46:37.273280879Z,book,full,a42d74844cf7,200,9.85631
2026-09-17T03:46:37.333923937Z,book,full,a42d74844cf7,200,10.839028
2026-09-17T03:46:37.392767321Z,book,full,a42d74844cf7,200,10.146617
2026-09-17T03:46:37.452859139Z,book,full,a42d74844cf7,200,10.466378
2026-09-17T03:46:37.512647251Z,book,full,a42d74844cf7,200,10.221249
2026-09-17T03:46:37.572148353Z,book,full,a42d74844cf7,200,9.595986
2026-09-17T03:46:37.632750865Z,book,full,a42d74844cf7,200,9.923557
2026-09-17T03:46:37.692490062Z,book,full,a42d74844cf7,200,10.033542
2026-09-17T03:46:37.75273124Z,book,full,a42d74844cf7,200,9.490975
2026-09-17T03:46:37.812272697Z,book,full,a42d74844cf7,200,9.60546
2026-09-17T03:46:37.872785421Z,book,full,a42d74844cf7,200,9.778989
2026-09-17T03:46:37.932806977Z,book,full,a42d74844cf7,200,10.077547
2026-09-17T03:46:37.993669608Z,book,full,a42d74844cf7,200,10.919285
2026-09-17T03:46:38.054524316Z,book,full,a42d74844cf7,200,12.023168
2026-09-17T03:46:38.113355614Z,book,full,a42d74844cf7,200,10.175651
2026-09-17T03:46:38.173731778Z,book,full,a42d74844cf7,200,10.402699
2026-09-17T03:46:38.232774979Z,book,full,a42d74844cf7,200,9.952401
2026-09-17T03:46:38.293019712Z,book,full,a42d74844cf7,200,9.716801
2026-09-17T03:46:38.354682737Z,book,full,a42d74844cf7,200,11.296424
2026-09-17T03:46:38.411941754Z,book,full,a42d74844cf7,200,9.53999
2026-09-17T03:46:38.473413863Z,book,full,a42d74844cf7,200,10.600142
2026-09-17T03:46:38.533375716Z,book,full,a42d74844cf7,200,10.118376
2026-09-17T03:46:38.592991043Z,book,full,a42d74844cf7,200,10.043926
2026-09-17T03:46:38.655996195Z,book,full,a42d74844cf7,200,13.350575
2026-09-17T03:46:38.712132716Z,book,full,a42d74844cf7,200,9.567051
2026-09-17T03:46:38.773325646Z,book,full,a42d74844cf7,200,10.375826
2026-09-17T03:46:38.833266257Z,book,full,a42d74844cf7,200,10.224375
2026-09-17T03:46:38.892651597Z,book,full,a42d74844cf7,200,9.848035
2026-09-17T03:46:38.952317928Z,book,full,a42d74844cf7,200,9.012663
2026-09-17T03:46:39.012875501Z,book,full,a42d74844cf7,200,9.921048
2026-09-17T03:46:39.07205058Z,book,full,a42d74844cf7,200,8.764755
2026-09-17T03:46:39.135936506Z,book,full,a42d74844cf7,200,13.103971
2026-09-17T03:46:39.195063447Z,book,full,a42d74844cf7,200,11.660661
2026-09-17T03:46:39.253623925Z,book,full,a42d74844cf7,200,10.611643
2026-09-17T03:46:39.313528752Z,book,full,a42d74844cf7,200,10.18187
2026-09-17T03:46:39.373532619Z,book,full,a42d74844cf7,200,10.179482
2026-09-17T03:46:39.433973017Z,book,full,a42d74844cf7,200,10.602833
2026-09-17T03:46:39.493686927Z,book,full,a42d74844cf7,200,10.336754
2026-09-17T03:46:39.554013747Z,book,full,a42d74844cf7,200,10.563935
2026-09-17T03:46:39.613454646Z,book,full,a42d74844cf7,200,10.653476
2026-09-17T03:46:39.673442656Z,book,full,a42d74844cf7,200,10.298015
2026-09-17T03:46:39.733548094Z,book,full,a42d74844cf7,200,10.397107
2026-09-17T03:46:39.793825567Z,book,full,a42d74844cf7,200,10.389864
2026-09-17T03:46:39.852384983Z,book,full,a42d74844cf7,200,9.770765
2026-09-17T03:46:39.917476649Z,book,full,a42d74844cf7,200,14.295862
2026-09-17T03:46:39.972511749Z,book,full,a42d74844cf7,200,10.052922
2026-09-17T03:46:40.034336126Z,book,full,a42d74844cf7,200,10.89531
2026-09-17T03:46:40.093010957Z,book,full,a42d74844cf7,200,10.041532
2026-09-17T03:46:40.153596197Z,book,full,a42d74844cf7,200,10.382547
2026-09-17T03:46:40.214905468Z,book,full,a42d74844cf7,200,11.482038
2026-09-17T03:46:40.272307561Z,book,full,a42d74844cf7,200,9.655139
2026-09-17T03:46:40.333078925Z,book,full,a42d74844cf7,200,10.053739
2026-09-17T03:46:40.392296139Z,book,full,a42d74844cf7,200,9.354878
2026-09-17T03:46:40.454653468Z,book,full,a42d74844cf7,200,11.554304
2026-09-17T03:46:40.513617807Z,book,full,a42d74844cf7,200,11.298622
2026-09-17T03:46:40.571745304Z,book,full,a42d74844cf7,200,9.199696
2026-09-17T03:46:40.63300487Z,book,full,a42d74844cf7,200,10.352963
2026-09-17T03:46:40.691979346Z,book,full,a42d74844cf7,200,9.174506
2026-09-17T03:46:40.753058043Z,book,full,a42d74844cf7,200,10.409526
2026-09-17T03:46:40.815510932Z,book,full,a42d74844cf7,200,12.88011
2026-09-17T03:46:40.874250597Z,book,full,a42d74844cf7,200,10.968814
2026-09-17T03:46:40.932851299Z,book,full,a42d74844cf7,200,9.796883
2026-09-17T03:46:40.992421143Z,book,full,a42d74844cf7,200,9.969203
2026-09-17T03:46:41.052886384Z,book,full,a42d74844cf7,200,9.608657
2026-09-17T03:46:41.112802345Z,book,full,a42d74844cf7,200,10.099528
2026-09-17T03:46:41.172465458Z,book,full,a42d74844cf7,200,9.839325
2026-09-17T03:46:41.232720299Z,book,full,a42d74844cf7,200,9.650776
2026-09-17T03:46:41.291842795Z,book,full,a42d74844cf7,200,9.494238
2026-09-17T03:46:41.354091419Z,book,full,a42d74844cf7,200,11.425146
2026-09-17T03:46:41.41345592Z,book,full,a42d74844cf7,200,10.804007
2026-09-17T03:46:41.47282027Z,book,full,a42d74844cf7,200,9.667133
2026-09-17T03:46:41.533576614Z,book,full,a42d74844cf7,200,10.774554
2026-09-17T03:46:41.5927803Z,book,full,a42d74844cf7,200,9.779939
2026-09-17T03:46:41.652650707Z,book,full,a42d74844cf7,200,10.061316
2026-09-17T03:46:41.71513788Z,book,full,a42d74844cf7,200,11.852111
2026-09-17T03:46:41.773811444Z,book,full,a42d74844cf7,200,11.034813
2026-09-17T03:46:41.833597178Z,book,full,a42d74844cf7,200,11.134635
2026-09-17T03:46:41.895835498Z,book,full,a42d74844cf7,200,12.806732
2026-09-17T03:46:41.953252157Z,book,full,a42d74844cf7,200,10.728221
2026-09-17T03:46:42.012742536Z,book,full,a42d74844cf7,200,9.856935
2026-09-17T03:46:42.073660766Z,book,full,a42d74844cf7,200,10.991604
2026-09-17T03:46:42.13314083Z,book,full,a42d74844cf7,200,9.932045
2026-09-17T03:46:42.192484478Z,book,full,a42d74844cf7,200,9.800343
2026-09-17T03:46:42.261631911Z,book,full,a42d74844cf7,200,18.277747
2026-09-17T03:46:42.315049822Z,book,full,a42d74844cf7,200,12.528284
2026-09-17T03:46:42.372904639Z,book,full,a42d74844cf7,200,10.479906
2026-09-17T03:46:42.436344913Z,book,full,a42d74844cf7,200,13.351967
2026-09-17T03:46:42.493467835Z,book,full,a42d74844cf7,200,10.658364
2026-09-17T03:46:42.553016028Z,book,full,a42d74844cf7,200,9.885857
2026-09-17T03:46:42.612437532Z,book,full,a42d74844cf7,200,9.785165
2026-09-17T03:46:42.672505605Z,book,full,a42d74844cf7,200,9.751909
2026-09-17T03:46:42.732661272Z,book,full,a42d74844cf7,200,10.032433
2026-09-17T03:46:42.792733246Z,book,full,a42d74844cf7,200,10.440588
2026-09-17T03:46:42.852738871Z,book,full,a42d74844cf7,200,10.088822
2026-09-17T03:46:42.913253622Z,book,full,a42d74844cf7,200,9.860551
2026-09-17T03:46:42.973031477Z,book,full,a42d74844cf7,200,10.045951
2026-09-17T03:46:43.032786651Z,book,full,a42d74844cf7,200,9.965962
2026-09-17T03:46:43.09229409Z,book,full,a42d74844cf7,200,10.013661
2026-09-17T03:46:43.152246015Z,book,full,a42d74844cf7,200,9.075843
2026-09-17T03:46:43.212847022Z,book,full,a42d74844cf7,200,10.029034
2026-09-17T03:46:43.272617911Z,book,full,a42d74844cf7,200,10.090023
2026-09-17T03:46:43.333961977Z,book,full,a42d74844cf7,200,10.697727
2026-09-17T03:46:43.392616825Z,book,full,a42d74844cf7,200,10.101343
2026-09-17T03:46:43.452648476Z,book,full,a42d74844cf7,200,10.243293
2026-09-17T03:46:43.512961025Z,book,full,a42d74844cf7,200,10.626607
2026-09-17T03:46:43.572195025Z,book,full,a42d74844cf7,200,9.52038
2026-09-17T03:46:43.632219563Z,book,full,a42d74844cf7,200,9.052194
2026-09-17T03:46:43.692038828Z,book,full,a42d74844cf7,200,9.389352
2026-09-17T03:46:43.751995192Z,book,full,a42d74844cf7,200,9.089537
2026-09-17T03:46:43.812007361Z,book,full,a42d74844cf7,200,9.285003
2026-09-17T03:46:43.872748033Z,book,full,a42d74844cf7,200,9.800041
2026-09-17T03:46:43.932854058Z,book,full,a42d74844cf7,200,10.082713
2026-09-17T03:46:43.992329855Z,book,full,a42d74844cf7,200,9.782825
2026-09-17T03:46:44.053019623Z,book,full,a42d74844cf7,200,9.939776
2026-09-17T03:46:44.112981113Z,book,full,a42d74844cf7,200,10.282771
2026-09-17T03:46:44.173078902Z,book,full,a42d74844cf7,200,10.277207
2026-09-17T03:46:44.233467109Z,book,full,a42d74844cf7,200,10.814067
2026-09-17T03:46:44.293507869Z,book,full,a42d74844cf7,200,10.505053
2026-09-17T03:46:44.352270386Z,book,full,a42d74844cf7,200,9.812652
2026-09-17T03:46:44.413801425Z,book,full,a42d74844cf7,200,10.501858
2026-09-17T03:46:44.472798038Z,book,full,a42d74844cf7,200,10.141277
2026-09-17T03:46:44.5328789Z,book,full,a42d74844cf7,200,10.510013
2026-09-17T03:46:44.593166218Z,book,full,a42d74844cf7,200,10.522
2026-09-17T03:46:44.652774917Z,book,full,a42d74844cf7,200,9.611112
2026-09-17T03:46:44.713293068Z,book,full,a42d74844cf7,200,10.375531
2026-09-17T03:46:44.773096505Z,book,full,a42d74844cf7,200,9.703853
2026-09-17T03:46:44.832856603Z,book,full,a42d74844cf7,200,9.815381
2026-09-17T03:46:44.89273059Z,book,full,a42d74844cf7,200,10.38676
2026-09-17T03:46:44.952376132Z,book,full,a42d74844cf7,200,9.98165
2026-09-17T03:46:45.013751762Z,book,full,a42d74844cf7,200,10.341238
2026-09-17T03:46:45.071680874Z,book,full,a42d74844cf7,200,9.221687
2026-09-17T03:46:45.132892731Z,book,full,a42d74844cf7,200,9.432313
2026-09-17T03:46:45.192632534Z,book,full,a42d74844cf7,200,10.23636
2026-09-17T03:46:45.252071874Z,book,full,a42d74844cf7,200,9.691833
2026-09-17T03:46:45.312537725Z,book,full,a42d74844cf7,200,9.670861
2026-09-17T03:46:45.372626808Z,book,full,a42d74844cf7,200,9.216848
2026-09-17T03:46:45.433520033Z,book,full,a42d74844cf7,200,10.98054
2026-09-17T03:46:45.494143178Z,book,full,a42d74844cf7,200,11.174093
2026-09-17T03:46:45.553834059Z,book,full,a42d74844cf7,200,10.916829
2026-09-17T03:46:45.612950046Z,book,full,a42d74844cf7,200,10.214488
2026-09-17T03:46:45.673096339Z,book,full,a42d74844cf7,200,10.432609
2026-09-17T03:46:45.732576558Z,book,full,a42d74844cf7,200,9.615133
2026-09-17T03:46:45.79424845Z,book,full,a42d74844cf7,200,11.024293
2026-09-17T03:46:45.854139527Z,book,full,a42d74844cf7,200,11.310369
2026-09-17T03:46:45.916899642Z,book,full,a42d74844cf7,200,13.92286
2026-09-17T03:46:45.974740767Z,book,full,a42d74844cf7,200,11.966944
2026-09-17T03:46:46.032672619Z,book,full,a42d74844cf7,200,10.278027
2026-09-17T03:46:46.093053704Z,book,full,a42d74844cf7,200,9.954936
2026-09-17T03:46:46.152251478Z,book,full,a42d74844cf7,200,9.528452
2026-09-17T03:46:46.212645158Z,book,full,a42d74844cf7,200,9.560875
2026-09-17T03:46:46.27310438Z,book,full,a42d74844cf7,200,10.477411
2026-09-17T03:46:46.333322764Z,book,full,a42d74844cf7,200,10.477995
2026-09-17T03:46:46.393149506Z,book,full,a42d74844cf7,200,10.170143
2026-09-17T03:46:46.452012304Z,book,full,a42d74844cf7,200,9.03923
2026-09-17T03:46:46.515252657Z,book,full,a42d74844cf7,200,11.800991
2026-09-17T03:46:46.573357957Z,book,full,a42d74844cf7,200,10.419022
2026-09-17T03:46:46.632790367Z,book,full,a42d74844cf7,200,9.416392
2026-09-17T03:46:46.696609819Z,book,full,a42d74844cf7,200,13.348022
2026-09-17T03:46:46.752667012Z,book,full,a42d74844cf7,200,9.321705
2026-09-17T03:46:46.813439068Z,book,full,a42d74844cf7,200,10.198265
2026-09-17T03:46:46.872350572Z,book,full,a42d74844cf7,200,9.191079
2026-09-17T03:46:46.932830091Z,book,full,a42d74844cf7,200,9.464798
2026-09-17T03:46:46.992221346Z,book,full,a42d74844cf7,200,9.774911
2026-09-17T03:46:47.052023858Z,book,full,a42d74844cf7,200,9.070307
2026-09-17T03:46:47.113239575Z,book,full,a42d74844cf7,200,10.300313
2026-09-17T03:46:47.172823962Z,book,full,a42d74844cf7,200,9.563214
2026-09-17T03:46:47.232329003Z,book,full,a42d74844cf7,200,9.560205
2026-09-17T03:46:47.292085483Z,book,full,a42d74844cf7,200,9.19738
2026-09-17T03:46:47.352452617Z,book,full,a42d74844cf7,200,9.639622
2026-09-17T03:46:47.412965611Z,book,full,a42d74844cf7,200,9.785939
2026-09-17T03:46:47.472679539Z,book,full,a42d74844cf7,200,9.934662
2026-09-17T03:46:47.533052294Z,book,full,a42d74844cf7,200,10.501265
2026-09-17T03:46:47.594632238Z,book,full,a42d74844cf7,200,11.738015
2026-09-17T03:46:47.652641786Z,book,full,a42d74844cf7,200,10.3285
2026-09-17T03:46:47.712951958Z,book,full,a42d74844cf7,200,9.664056
2026-09-17T03:46:47.772270224Z,book,full,a42d74844cf7,200,9.264296
2026-09-17T03:46:47.832599706Z,book,full,a42d74844cf7,200,9.514519
2026-09-17T03:46:47.893222357Z,book,full,a42d74844cf7,200,10.086415
2026-09-17T03:46:47.954383752Z,book,full,a42d74844cf7,200,11.392285
2026-09-17T03:46:48.013758077Z,book,full,a42d74844cf7,200,10.63578
2026-09-17T03:46:48.072477829Z,book,full,a42d74844cf7,200,10.081167
2026-09-17T03:46:48.133861774Z,book,full,a42d74844cf7,200,10.74124
2026-09-17T03:46:48.193475269Z,book,full,a42d74844cf7,200,10.204117
2026-09-17T03:46:48.25297281Z,book,full,a42d74844cf7,200,9.810047
2026-09-17T03:46:48.31209494Z,book,full,a42d74844cf7,200,9.581936
2026-09-17T03:46:48.372400523Z,book,full,a42d74844cf7,200,9.617733
2026-09-17T03:46:48.432387159Z,book,full,a42d74844cf7,200,9.364107
2026-09-17T03:46:48.493008285Z,book,full,a42d74844cf7,200,9.880019
2026-09-17T03:46:48.558534892Z,book,full,a42d74844cf7,200,15.529894
2026-09-17T03:46:48.613301037Z,book,full,a42d74844cf7,200,10.114894
2026-09-17T03:46:48.686923822Z,book,full,a42d74844cf7,200,23.767516
2026-09-17T03:46:48.730244855Z,book,full,a42d74844cf7,200,9.311016
2026-09-17T03:46:48.790553998Z,book,full,a42d74844cf7,200,9.776615
2026-09-17T03:46:48.849875828Z,book,full,a42d74844cf7,200,9.527841
2026-09-17T03:46:48.910147272Z,book,full,a42d74844cf7,200,9.69895
2026-09-17T03:46:48.96975844Z,book,full,a42d74844cf7,200,8.909442
2026-09-17T03:46:49.030786869Z,book,full,a42d74844cf7,200,10.21118
2026-09-17T03:46:49.090076961Z,book,full,a42d74844cf7,200,9.750207
2026-09-17T03:46:49.150167114Z,book,full,a42d74844cf7,200,9.447706
2026-09-17T03:46:49.213102741Z,book,full,a42d74844cf7,200,12.196573
2026-09-17T03:46:49.27081097Z,book,full,a42d74844cf7,200,10.034248
2026-09-17T03:46:49.330872429Z,book,full,a42d74844cf7,200,10.217204
2026-09-17T03:46:49.391095454Z,book,full,a42d74844cf7,200,10.198284
2026-09-17T03:46:49.44993291Z,book,full,a42d74844cf7,200,9.64329
2026-09-17T03:46:49.51137219Z,book,full,a42d74844cf7,200,10.378677
2026-09-17T03:46:49.57047237Z,book,full,a42d74844cf7,200,10.126239
2026-09-17T03:46:49.630184094Z,book,full,a42d74844cf7,200,10.05314
2026-09-17T03:46:49.691132167Z,book,full,a42d74844cf7,200,11.168991
2026-09-17T03:46:49.751100891Z,book,full,a42d74844cf7,200,10.289177
2026-09-17T03:46:49.810758317Z,book,full,a42d74844cf7,200,10.753916
2026-09-17T03:46:49.874296079Z,book,full,a42d74844cf7,200,13.69783
2026-09-17T03:46:49.930936374Z,book,full,a42d74844cf7,200,10.064481
2026-09-17T03:46:49.991353289Z,book,full,a42d74844cf7,200,10.707906
2026-09-17T03:46:50.050512453Z,book,full,a42d74844cf7,200,10.310439
2026-09-17T03:46:50.112026889Z,book,full,a42d74844cf7,200,10.825176
2026-09-17T03:46:50.170918198Z,book,full,a42d74844cf7,200,10.082452
2026-09-17T03:46:50.231605248Z,book,full,a42d74844cf7,200,10.889905
2026-09-17T03:46:50.291441361Z,book,full,a42d74844cf7,200,11.199188
2026-09-17T03:46:50.350440353Z,book,full,a42d74844cf7,200,9.804261
2026-09-17T03:46:50.410259045Z,book,full,a42d74844cf7,200,10.13297
2026-09-17T03:46:50.472518761Z,book,full,a42d74844cf7,200,12.401656
2026-09-17T03:46:50.532000978Z,book,full,a42d74844cf7,200,11.438376
2026-09-17T03:46:50.593165432Z,book,full,a42d74844cf7,200,12.968142
2026-09-17T03:46:50.649199189Z,book,full,a42d74844cf7,200,9.313355
2026-09-17T03:46:50.713069325Z,book,full,a42d74844cf7,200,12.770577
2026-09-17T03:46:50.770420558Z,book,full,a42d74844cf7,200,9.643774
2026-09-17T03:46:50.828815165Z,book,full,a42d74844cf7,200,8.664048
2026-09-17T03:46:50.89065086Z,book,full,a42d74844cf7,200,10.127551
2026-09-17T03:46:50.950879045Z,book,full,a42d74844cf7,200,10.577553
2026-09-17T03:46:51.012711584Z,book,full,a42d74844cf7,200,12.280141
2026-09-17T03:46:51.070438464Z,book,full,a42d74844cf7,200,9.882077
2026-09-17T03:46:51.129823876Z,book,full,a42d74844cf7,200,9.7684
2026-09-17T03:46:51.190992135Z,book,full,a42d74844cf7,200,10.512992
2026-09-17T03:46:51.250700128Z,book,full,a42d74844cf7,200,9.954963
2026-09-17T03:46:51.310653899Z,book,full,a42d74844cf7,200,10.186888
2026-09-17T03:46:51.370002519Z,book,full,a42d74844cf7,200,9.556174
2026-09-17T03:46:51.43091874Z,book,full,a42d74844cf7,200,10.266264
2026-09-17T03:46:51.49107212Z,book,full,a42d74844cf7,200,10.508566
2026-09-17T03:46:51.54989684Z,book,full,a42d74844cf7,200,9.190362
2026-09-17T03:46:51.611727072Z,book,full,a42d74844cf7,200,10.949993
2026-09-17T03:46:51.67162693Z,book,full,a42d74844cf7,200,10.997243
2026-09-17T03:46:51.730428359Z,book,full,a42d74844cf7,200,9.929431
2026-09-17T03:46:51.791294676Z,book,full,a42d74844cf7,200,11.067847
2026-09-17T03:46:51.849245513Z,book,full,a42d74844cf7,200,9.045878
2026-09-17T03:46:51.909602984Z,book,full,a42d74844cf7,200,9.498233
2026-09-17T03:46:51.971214517Z,book,full,a42d74844cf7,200,10.662294
2026-09-17T03:46:52.029482926Z,book,full,a42d74844cf7,200,9.577219
2026-09-17T03:46:52.09144595Z,book,full,a42d74844cf7,200,11.175041
2026-09-17T03:46:52.151408867Z,book,full,a42d74844cf7,200,11.056642
2026-09-17T03:46:52.210052309Z,book,full,a42d74844cf7,200,9.950373
2026-09-17T03:46:52.271239484Z,book,full,a42d74844cf7,200,10.32634
2026-09-17T03:46:52.331998674Z,book,full,a42d74844cf7,200,12.034654
2026-09-17T03:46:52.390479985Z,book,full,a42d74844cf7,200,10.027623
2026-09-17T03:46:52.450238624Z,book,full,a42d74844cf7,200,10.139087
2026-09-17T03:46:52.509745436Z,book,full,a42d74844cf7,200,9.583816
2026-09-17T03:46:52.571280271Z,book,full,a42d74844cf7,200,10.859233
2026-09-17T03:46:52.632124558Z,book,full,a42d74844cf7,200,11.934136
2026-09-17T03:46:52.691521949Z,book,full,a42d74844cf7,200,10.763991
2026-09-17T03:46:52.749124105Z,book,full,a42d74844cf7,200,8.62376
2026-09-17T03:46:52.809769832Z,book,full,a42d74844cf7,200,9.90335
2026-09-17T03:46:52.870291526Z,book,full,a42d74844cf7,200,9.883659
2026-09-17T03:46:52.930913726Z,book,full,a42d74844cf7,200,11.041071
2026-09-17T03:46:52.991242205Z,book,full,a42d74844cf7,200,10.719537
2026-09-17T03:46:53.051044446Z,book,full,a42d74844cf7,200,11.119889
2026-09-17T03:46:53.111668711Z,book,full,a42d74844cf7,200,10.767542
2026-09-17T03:46:53.170510947Z,book,full,a42d74844cf7,200,10.15174
2026-09-17T03:46:53.230079662Z,book,full,a42d74844cf7,200,9.911185
2026-09-17T03:46:53.291421605Z,book,full,a42d74844cf7,200,10.840222
2026-09-17T03:46:53.349745834Z,book,full,a42d74844cf7,200,9.725022
2026-09-17T03:46:53.411099852Z,book,full,a42d74844cf7,200,10.659981
2026-09-17T03:46:53.469673759Z,book,full,a42d74844cf7,200,9.551203
2026-09-17T03:46:53.53042039Z,book,full,a42d74844cf7,200,10.171535
2026-09-17T03:46:53.591863542Z,book,full,a42d74844cf7,200,11.111505
2026-09-17T03:46:53.650822582Z,book,full,a42d74844cf7,200,9.86143
2026-09-17T03:46:53.711948617Z,book,full,a42d74844cf7,200,11.438078
2026-09-17T03:46:53.77129725Z,book,full,a42d74844cf7,200,10.595224
2026-09-17T03:46:53.829656451Z,book,full,a42d74844cf7,200,9.690003
2026-09-17T03:46:53.89095201Z,book,full,a42d74844cf7,200,10.678286
2026-09-17T03:46:53.95005922Z,book,full,a42d74844cf7,200,9.438265
2026-09-17T03:46:54.010334266Z,book,full,a42d74844cf7,200,10.260179
2026-09-17T03:46:54.069491591Z,book,full,a42d74844cf7,200,9.465817
2026-09-17T03:46:54.129644927Z,book,full,a42d74844cf7,200,9.216178
2026-09-17T03:46:54.193182782Z,book,full,a42d74844cf7,200,12.624649
2026-09-17T03:46:54.250337256Z,book,full,a42d74844cf7,200,10.32401
2026-09-17T03:46:54.310635244Z,book,full,a42d74844cf7,200,10.436337
2026-09-17T03:46:54.370167005Z,book,full,a42d74844cf7,200,9.859925
2026-09-17T03:46:54.430806756Z,book,full,a42d74844cf7,200,10.90145
2026-09-17T03:46:54.491090061Z,book,full,a42d74844cf7,200,10.575192
2026-09-17T03:46:54.549450255Z,book,full,a42d74844cf7,200,9.337319
2026-09-17T03:46:54.612138647Z,book,full,a42d74844cf7,200,11.401873
2026-09-17T03:46:54.670487142Z,book,full,a42d74844cf7,200,10.219002
2026-09-17T03:46:54.729224601Z,book,full,a42d74844cf7,200,8.60226
2026-09-17T03:46:54.790429278Z,book,full,a42d74844cf7,200,9.612908
2026-09-17T03:46:54.849360341Z,book,full,a42d74844cf7,200,8.922463
2026-09-17T03:46:54.910055791Z,book,full,a42d74844cf7,200,9.922829
2026-09-17T03:46:54.97051177Z,book,full,a42d74844cf7,200,9.71726
2026-09-17T03:46:55.029778561Z,book,full,a42d74844cf7,200,9.059957
2026-09-17T03:46:55.090762898Z,book,full,a42d74844cf7,200,10.026938
2026-09-17T03:46:55.151513787Z,book,full,a42d74844cf7,200,10.771271
2026-09-17T03:46:55.210074788Z,book,full,a42d74844cf7,200,9.926416
2026-09-17T03:46:55.271349756Z,book,full,a42d74844cf7,200,10.545736
2026-09-17T03:46:55.329714201Z,book,full,a42d74844cf7,200,9.447386
2026-09-17T03:46:55.391857802Z,book,full,a42d74844cf7,200,11.411403
2026-09-17T03:46:55.450763118Z,book,full,a42d74844cf7,200,10.115624
2026-09-17T03:46:55.510966227Z,book,full,a42d74844cf7,200,10.349371
2026-09-17T03:46:55.570674888Z,book,full,a42d74844cf7,200,9.43176
2026-09-17T03:46:55.630643735Z,book,full,a42d74844cf7,200,10.731819
2026-09-17T03:46:55.689985762Z,book,full,a42d74844cf7,200,9.830073
2026-09-17T03:46:55.751523039Z,book,full,a42d74844cf7,200,10.704107
2026-09-17T03:46:55.810654381Z,book,full,a42d74844cf7,200,10.397236
2026-09-17T03:46:55.870715889Z,book,full,a42d74844cf7,200,10.389508
2026-09-17T03:46:55.93036187Z,book,full,a42d74844cf7,200,9.796902
2026-09-17T03:46:55.991716629Z,book,full,a42d74844cf7,200,10.729505
2026-09-17T03:46:56.054813413Z,book,full,a42d74844cf7,200,14.32448
2026-09-17T03:46:56.110102192Z,book,full,a42d74844cf7,200,9.577321
2026-09-17T03:46:56.170606848Z,book,full,a42d74844cf7,200,9.813858
2026-09-17T03:46:56.230347615Z,book,full,a42d74844cf7,200,10.01902
2026-09-17T03:46:56.292336219Z,book,full,a42d74844cf7,200,11.414952
2026-09-17T03:46:56.349363078Z,book,full,a42d74844cf7,200,9.46873
2026-09-17T03:46:56.410163936Z,book,full,a42d74844cf7,200,10.068175
2026-09-17T03:46:56.470909675Z,book,full,a42d74844cf7,200,10.020646
2026-09-17T03:46:56.529743755Z,book,full,a42d74844cf7,200,9.142396
2026-09-17T03:46:56.590901511Z,book,full,a42d74844cf7,200,10.1935
2026-09-17T03:46:56.652454725Z,book,full,a42d74844cf7,200,11.763383
2026-09-17T03:46:56.711409215Z,book,full,a42d74844cf7,200,11.312297
2026-09-17T03:46:56.770480112Z,book,full,a42d74844cf7,200,10.34495
2026-09-17T03:46:56.829779074Z,book,full,a42d74844cf7,200,9.638123
2026-09-17T03:46:56.890395037Z,book,full,a42d74844cf7,200,10.169227
2026-09-17T03:46:56.95093101Z,book,full,a42d74844cf7,200,10.297657
2026-09-17T03:46:57.010001269Z,book,full,a42d74844cf7,200,9.40918
2026-09-17T03:46:57.070031508Z,book,full,a42d74844cf7,200,10.207575
2026-09-17T03:46:57.128893931Z,book,full,a42d74844cf7,200,8.742309
2026-09-17T03:46:57.190005252Z,book,full,a42d74844cf7,200,9.465615
2026-09-17T03:46:57.250659497Z,book,full,a42d74844cf7,200,9.83448
2026-09-17T03:46:57.310366841Z,book,full,a42d74844cf7,200,10.056569
2026-09-17T03:46:57.370070731Z,book,full,a42d74844cf7,200,10.045628
2026-09-17T03:46:57.429698602Z,book,full,a42d74844cf7,200,9.571272
2026-09-17T03:46:57.491244596Z,book,full,a42d74844cf7,200,10.635202
2026-09-17T03:46:57.549800878Z,book,full,a42d74844cf7,200,9.524358
2026-09-17T03:46:57.612420248Z,book,full,a42d74844cf7,200,11.868121
2026-09-17T03:46:57.670492715Z,book,full,a42d74844cf7,200,10.557927
2026-09-17T03:46:57.730807746Z,book,full,a42d74844cf7,200,10.498532
2026-09-17T03:46:57.791007388Z,book,full,a42d74844cf7,200,10.666715
2026-09-17T03:46:57.850791421Z,book,full,a42d74844cf7,200,9.994424
2026-09-17T03:46:57.913354197Z,book,full,a42d74844cf7,200,12.902583
2026-09-17T03:46:57.971310597Z,book,full,a42d74844cf7,200,11.151896
2026-09-17T03:46:58.032368724Z,book,full,a42d74844cf7,200,11.39204
2026-09-17T03:46:58.092743551Z,book,full,a42d74844cf7,200,11.923127
2026-09-17T03:46:58.15183416Z,book,full,a42d74844cf7,200,11.353037
2026-09-17T03:46:58.211555756Z,book,full,a42d74844cf7,200,11.011691
2026-09-17T03:46:58.270708241Z,book,full,a42d74844cf7,200,10.472611
2026-09-17T03:46:58.331714794Z,book,full,a42d74844cf7,200,11.185268
2026-09-17T03:46:58.390941635Z,book,full,a42d74844cf7,200,10.860149
2026-09-17T03:46:58.45051105Z,book,full,a42d74844cf7,200,9.848003
2026-09-17T03:46:58.510376958Z,book,full,a42d74844cf7,200,10.257915
2026-09-17T03:46:58.571144434Z,book,full,a42d74844cf7,200,11.047263
2026-09-17T03:46:58.63180007Z,book,full,a42d74844cf7,200,10.913028
2026-09-17T03:46:58.694412987Z,book,full,a42d74844cf7,200,14.158488
2026-09-17T03:46:58.750696773Z,book,full,a42d74844cf7,200,10.73726
2026-09-17T03:46:58.810442143Z,book,full,a42d74844cf7,200,9.849447
2026-09-17T03:46:58.869924191Z,book,full,a42d74844cf7,200,9.483116
2026-09-17T03:46:58.931361637Z,book,full,a42d74844cf7,200,10.625032
2026-09-17T03:46:58.991476435Z,book,full,a42d74844cf7,200,10.583249
2026-09-17T03:46:59.050165783Z,book,full,a42d74844cf7,200,10.028547
2026-09-17T03:46:59.111401805Z,book,full,a42d74844cf7,200,10.495942
2026-09-17T03:46:59.17268838Z,book,full,a42d74844cf7,200,12.369774
2026-09-17T03:46:59.23025951Z,book,full,a42d74844cf7,200,9.921463
2026-09-17T03:46:59.292594319Z,book,full,a42d74844cf7,200,11.738496
2026-09-17T03:46:59.350473572Z,book,full,a42d74844cf7,200,9.933885
2026-09-17T03:46:59.411223952Z,book,full,a42d74844cf7,200,10.538085
2026-09-17T03:46:59.469948923Z,book,full,a42d74844cf7,200,10.020026
2026-09-17T03:46:59.530181579Z,book,full,a42d74844cf7,200,10.209095
2026-09-17T03:46:59.591111327Z,book,full,a42d74844cf7,200,10.365392
2026-09-17T03:46:59.650671563Z,book,full,a42d74844cf7,200,10.277447
2026-09-17T03:46:59.711195629Z,book,full,a42d74844cf7,200,10.164457
2026-09-17T03:46:59.770409557Z,book,full,a42d74844cf7,200,10.078291
2026-09-17T03:46:59.829512749Z,book,full,a42d74844cf7,200,8.965476
2026-09-17T03:46:59.89036416Z,book,full,a42d74844cf7,200,10.066189
2026-09-17T03:46:59.949906065Z,book,full,a42d74844cf7,200,9.625281
2026-09-17T03:47:00.012361717Z,book,full,a42d74844cf7,200,11.370573
2026-09-17T03:47:00.069205903Z,book,full,a42d74844cf7,200,9.097053
2026-09-17T03:47:00.129028882Z,book,full,a42d74844cf7,200,9.137049
2026-09-17T03:47:00.190780491Z,book,full,a42d74844cf7,200,9.950555
2026-09-17T03:47:00.250563304Z,book,full,a42d74844cf7,200,9.942404
2026-09-17T03:47:00.309881664Z,book,full,a42d74844cf7,200,9.227476
2026-09-17T03:47:00.371536753Z,book,full,a42d74844cf7,200,10.402175
2026-09-17T03:47:00.43258492Z,book,full,a42d74844cf7,200,12.40142
2026-09-17T03:47:00.49049385Z,book,full,a42d74844cf7,200,10.613917
2026-09-17T03:47:00.550015122Z,book,full,a42d74844cf7,200,9.763837
2026-09-17T03:47:00.610964341Z,book,full,a42d74844cf7,200,9.954196
2026-09-17T03:47:00.671440273Z,book,full,a42d74844cf7,200,10.693291
2026-09-17T03:47:00.730080823Z,book,full,a42d74844cf7,200,9.838263
2026-09-17T03:47:00.790696706Z,book,full,a42d74844cf7,200,10.040347
2026-09-17T03:47:00.864014128Z,book,full,a42d74844cf7,200,23.245744
2026-09-17T03:47:00.912633947Z,book,full,a42d74844cf7,200,11.756048
2026-09-17T03:47:00.969588036Z,book,full,a42d74844cf7,200,9.175258
2026-09-17T03:47:01.029036072Z,book,full,a42d74844cf7,200,8.73582
2026-09-17T03:47:01.09340958Z,book,full,a42d74844cf7,200,12.709438
2026-09-17T03:47:01.149341501Z,book,full,a42d74844cf7,200,9.380242
2026-09-17T03:47:01.210085446Z,book,full,a42d74844cf7,200,9.93331
2026-09-17T03:47:01.270774795Z,book,full,a42d74844cf7,200,9.974413
2026-09-17T03:47:01.329477235Z,book,full,a42d74844cf7,200,8.970237
2026-09-17T03:47:01.390304926Z,book,full,a42d74844cf7,200,10.156186
2026-09-17T03:47:01.449713049Z,book,full,a42d74844cf7,200,9.519753
2026-09-17T03:47:01.509166506Z,book,full,a42d74844cf7,200,8.663453
2026-09-17T03:47:01.569704774Z,book,full,a42d74844cf7,200,9.542314
2026-09-17T03:47:01.629791375Z,book,full,a42d74844cf7,200,9.128399
2026-09-17T03:47:01.693008275Z,book,full,a42d74844cf7,200,12.425068
2026-09-17T03:47:01.751106144Z,book,full,a42d74844cf7,200,10.307367
2026-09-17T03:47:01.81099723Z,book,full,a42d74844cf7,200,10.00047
2026-09-17T03:47:01.871306685Z,book,full,a42d74844cf7,200,10.600669
2026-09-17T03:47:01.930658575Z,book,full,a42d74844cf7,200,9.778458
2026-09-17T03:47:01.990337438Z,book,full,a42d74844cf7,200,10.241328
2026-09-17T03:47:02.049745512Z,book,full,a42d74844cf7,200,9.442584
2026-09-17T03:47:02.109816725Z,book,full,a42d74844cf7,200,9.069044
2026-09-17T03:47:02.169864966Z,book,full,a42d74844cf7,200,9.253838
2026-09-17T03:47:02.230681895Z,book,full,a42d74844cf7,200,9.870305
2026-09-17T03:47:02.291057841Z,book,full,a42d74844cf7,200,10.793185
2026-09-17T03:47:02.350207046Z,book,full,a42d74844cf7,200,9.373658
2026-09-17T03:47:02.411966406Z,book,full,a42d74844cf7,200,11.113718
2026-09-17T03:47:02.471305094Z,book,full,a42d74844cf7,200,10.627137
2026-09-17T03:47:02.530583823Z,book,full,a42d74844cf7,200,10.492987
2026-09-17T03:47:02.590497639Z,book,full,a42d74844cf7,200,10.452999
2026-09-17T03:47:02.652279631Z,book,full,a42d74844cf7,200,12.046089
2026-09-17T03:47:02.710240605Z,book,full,a42d74844cf7,200,10.2677
2026-09-17T03:47:02.771035064Z,book,full,a42d74844cf7,200,10.219901
2026-09-17T03:47:02.830871653Z,book,full,a42d74844cf7,200,10.225566
2026-09-17T03:47:02.890002216Z,book,full,a42d74844cf7,200,9.642079
2026-09-17T03:47:02.951663935Z,book,full,a42d74844cf7,200,11.025803
2026-09-17T03:47:03.009940352Z,book,full,a42d74844cf7,200,9.67315
2026-09-17T03:47:03.074575788Z,book,full,a42d74844cf7,200,13.708781
2026-09-17T03:47:03.130303257Z,book,full,a42d74844cf7,200,10.013965
2026-09-17T03:47:03.190667772Z,book,full,a42d74844cf7,200,9.928919
2026-09-17T03:47:03.250247797Z,book,full,a42d74844cf7,200,9.933669
2026-09-17T03:47:03.311299654Z,book,full,a42d74844cf7,200,10.418876
2026-09-17T03:47:03.370283235Z,book,full,a42d74844cf7,200,10.099572
2026-09-17T03:47:03.43157751Z,book,full,a42d74844cf7,200,10.637852
2026-09-17T03:47:03.490440733Z,book,full,a42d74844cf7,200,10.422061
2026-09-17T03:47:03.550160449Z,book,full,a42d74844cf7,200,9.895581
2026-09-17T03:47:03.610514326Z,book,full,a42d74844cf7,200,9.620377
2026-09-17T03:47:03.671773758Z,book,full,a42d74844cf7,200,11.59699
2026-09-17T03:47:03.730471857Z,book,full,a42d74844cf7,200,9.678544
2026-09-17T03:47:03.789833688Z,book,full,a42d74844cf7,200,9.760686
2026-09-17T03:47:03.850288409Z,book,full,a42d74844cf7,200,9.728714
2026-09-17T03:47:03.909905335Z,book,full,a42d74844cf7,200,9.904393
2026-09-17T03:47:03.971153821Z,book,full,a42d74844cf7,200,10.541915
2026-09-17T03:47:04.030056077Z,book,full,a42d74844cf7,200,10.153993
2026-09-17T03:47:04.090495142Z,book,full,a42d74844cf7,200,9.867429
2026-09-17T03:47:04.152181692Z,book,full,a42d74844cf7,200,11.896088
2026-09-17T03:47:04.211153653Z,book,full,a42d74844cf7,200,10.084251
2026-09-17T03:47:04.270788802Z,book,full,a42d74844cf7,200,9.881714
2026-09-17T03:47:04.330269665Z,book,full,a42d74844cf7,200,9.638342
2026-09-17T03:47:04.38992192Z,book,full,a42d74844cf7,200,10.061668
2026-09-17T03:47:04.450684308Z,book,full,a42d74844cf7,200,9.79921
2026-09-17T03:47:04.509799638Z,book,full,a42d74844cf7,200,9.323546
2026-09-17T03:47:04.570793865Z,book,full,a42d74844cf7,200,10.073749
2026-09-17T03:47:04.629806032Z,book,full,a42d74844cf7,200,9.331692
2026-09-17T03:47:04.691264539Z,book,full,a42d74844cf7,200,10.826493
2026-09-17T03:47:04.74969034Z,book,full,a42d74844cf7,200,9.779406
2026-09-17T03:47:04.809420452Z,book,full,a42d74844cf7,200,9.017013
2026-09-17T03:47:04.870674295Z,book,full,a42d74844cf7,200,10.404984
2026-09-17T03:47:04.929715165Z,book,full,a42d74844cf7,200,9.440957
2026-09-17T03:47:04.990220351Z,book,full,a42d74844cf7,200,9.876393
2026-09-17T03:47:05.050724422Z,book,full,a42d74844cf7,200,10.61589
2026-09-17T03:47:05.11031903Z,book,full,a42d74844cf7,200,9.680645
2026-09-17T03:47:05.169287986Z,book,full,a42d74844cf7,200,9.410277
2026-09-17T03:47:05.229739333Z,book,full,a42d74844cf7,200,9.708602
2026-09-17T03:47:05.29069539Z,book,full,a42d74844cf7,200,10.364932
2026-09-17T03:47:05.350561582Z,book,full,a42d74844cf7,200,10.085459
2026-09-17T03:47:05.411375883Z,book,full,a42d74844cf7,200,11.055601
2026-09-17T03:47:05.472590655Z,book,full,a42d74844cf7,200,11.490699
2026-09-17T03:47:05.530512571Z,book,full,a42d74844cf7,200,10.188744
2026-09-17T03:47:05.591984692Z,book,full,a42d74844cf7,200,11.11193
2026-09-17T03:47:05.649830586Z,book,full,a42d74844cf7,200,9.174299
2026-09-17T03:47:05.710284045Z,book,full,a42d74844cf7,200,9.747864
2026-09-17T03:47:05.77024347Z,book,full,a42d74844cf7,200,10.292782
2026-09-17T03:47:05.830436571Z,book,full,a42d74844cf7,200,10.423788
2026-09-17T03:47:05.890569915Z,book,full,a42d74844cf7,200,10.226232
2026-09-17T03:47:05.950768081Z,book,full,a42d74844cf7,200,10.547155
2026-09-17T03:47:06.01070821Z,book,full,a42d74844cf7,200,10.006645
2026-09-17T03:47:06.070951911Z,book,full,a42d74844cf7,200,10.355072
2026-09-17T03:47:06.135746914Z,book,full,a42d74844cf7,200,14.765181
2026-09-17T03:47:06.193913366Z,book,full,a42d74844cf7,200,13.791937
2026-09-17T03:47:06.251522403Z,book,full,a42d74844cf7,200,10.773273
2026-09-17T03:47:06.309652447Z,book,full,a42d74844cf7,200,9.381332
2026-09-17T03:47:06.371187353Z,book,full,a42d74844cf7,200,10.794726
2026-09-17T03:47:06.431029782Z,book,full,a42d74844cf7,200,10.182037
2026-09-17T03:47:06.490377311Z,book,full,a42d74844cf7,200,9.905223
2026-09-17T03:47:06.550315932Z,book,full,a42d74844cf7,200,10.181207
2026-09-17T03:47:06.609915154Z,book,full,a42d74844cf7,200,9.711342
2026-09-17T03:47:06.672004879Z,book,full,a42d74844cf7,200,11.872459
2026-09-17T03:47:06.732290532Z,book,full,a42d74844cf7,200,11.394206
2026-09-17T03:47:06.791045879Z,book,full,a42d74844cf7,200,10.174572
2026-09-17T03:47:06.850222819Z,book,full,a42d74844cf7,200,9.401897
2026-09-17T03:47:06.910130219Z,book,full,a42d74844cf7,200,10.054634
2026-09-17T03:47:06.971305728Z,book,full,a42d74844cf7,200,10.470701
2026-09-17T03:47:07.029429155Z,book,full,a42d74844cf7,200,9.506129
2026-09-17T03:47:07.091479456Z,book,full,a42d74844cf7,200,11.174106
2026-09-17T03:47:07.151314246Z,book,full,a42d74844cf7,200,10.827777
2026-09-17T03:47:07.211874881Z,book,full,a42d74844cf7,200,11.89329
2026-09-17T03:47:07.271341263Z,book,full,a42d74844cf7,200,10.652115
2026-09-17T03:47:07.330529372Z,book,full,a42d74844cf7,200,10.294225
2026-09-17T03:47:07.390477291Z,book,full,a42d74844cf7,200,10.502243
2026-09-17T03:47:07.450941051Z,book,full,a42d74844cf7,200,10.73512
2026-09-17T03:47:07.510827483Z,book,full,a42d74844cf7,200,10.168056
2026-09-17T03:47:07.570669543Z,book,full,a42d74844cf7,200,10.259884
2026-09-17T03:47:07.629808583Z,book,full,a42d74844cf7,200,9.39029
2026-09-17T03:47:07.69123133Z,book,full,a42d74844cf7,200,10.632473
2026-09-17T03:47:07.750593083Z,book,full,a42d74844cf7,200,10.657304
2026-09-17T03:47:07.810946193Z,book,full,a42d74844cf7,200,10.598573
2026-09-17T03:47:07.871893949Z,book,full,a42d74844cf7,200,11.011603
2026-09-17T03:47:07.933319487Z,book,full,a42d74844cf7,200,12.785125
2026-09-17T03:47:07.991504324Z,book,full,a42d74844cf7,200,10.752253
2026-09-17T03:47:08.051197883Z,book,full,a42d74844cf7,200,10.938796
2026-09-17T03:47:08.109955848Z,book,full,a42d74844cf7,200,9.159491
2026-09-17T03:47:08.171508122Z,book,full,a42d74844cf7,200,10.773404
2026-09-17T03:47:08.230344064Z,book,full,a42d74844cf7,200,10.121674
2026-09-17T03:47:08.291710607Z,book,full,a42d74844cf7,200,10.827363
2026-09-17T03:47:08.35359992Z,book,full,a42d74844cf7,200,13.124506
2026-09-17T03:47:08.411018392Z,book,full,a42d74844cf7,200,10.761701
2026-09-17T03:47:08.470732673Z,book,full,a42d74844cf7,200,9.968373
2026-09-17T03:47:08.530316608Z,book,full,a42d74844cf7,200,9.635211
2026-09-17T03:47:08.591246798Z,book,full,a42d74844cf7,200,10.356261
2026-09-17T03:47:08.655544357Z,book,full,a42d74844cf7,200,14.588489
2026-09-17T03:47:08.712369904Z,book,full,a42d74844cf7,200,12.150735
2026-09-17T03:47:08.770491856Z,book,full,a42d74844cf7,200,10.606646
2026-09-17T03:47:08.82909138Z,book,full,a42d74844cf7,200,8.849324
2026-09-17T03:47:08.890213648Z,book,full,a42d74844cf7,200,9.476132
2026-09-17T03:47:08.95284952Z,book,full,a42d74844cf7,200,11.937699
2026-09-17T03:47:09.010353563Z,book,full,a42d74844cf7,200,9.572649
2026-09-17T03:47:09.070847005Z,book,full,a42d74844cf7,200,10.765234
2026-09-17T03:47:09.132645687Z,book,full,a42d74844cf7,200,12.818276
2026-09-17T03:47:09.191582246Z,book,full,a42d74844cf7,200,11.495104
2026-09-17T03:47:09.251288768Z,book,full,a42d74844cf7,200,10.963367
2026-09-17T03:47:09.310109555Z,book,full,a42d74844cf7,200,9.988612
2026-09-17T03:47:09.371259925Z,book,full,a42d74844cf7,200,10.466895
2026-09-17T03:47:09.430659177Z,book,full,a42d74844cf7,200,10.564348
2026-09-17T03:47:09.490790498Z,book,full,a42d74844cf7,200,10.555066
2026-09-17T03:47:09.550873378Z,book,full,a42d74844cf7,200,10.347947
2026-09-17T03:47:09.610966955Z,book,full,a42d74844cf7,200,10.452804
2026-09-17T03:47:09.671112012Z,book,full,a42d74844cf7,200,10.422602
2026-09-17T03:47:09.730306963Z,book,full,a42d74844cf7,200,9.488374
2026-09-17T03:47:09.790505918Z,book,full,a42d74844cf7,200,10.579268
2026-09-17T03:47:09.850491152Z,book,full,a42d74844cf7,200,9.967382
2026-09-17T03:47:09.909503779Z,book,full,a42d74844cf7,200,9.494313
2026-09-17T03:47:09.970815202Z,book,full,a42d74844cf7,200,10.509092
2026-09-17T03:47:10.030002257Z,book,full,a42d74844cf7,200,9.576147
2026-09-17T03:47:10.090940117Z,book,full,a42d74844cf7,200,10.373982
2026-09-17T03:47:10.151914096Z,book,full,a42d74844cf7,200,11.252576
2026-09-17T03:47:10.209975438Z,book,full,a42d74844cf7,200,9.320436
2026-09-17T03:47:10.270819564Z,book,full,a42d74844cf7,200,10.264919
2026-09-17T03:47:10.32929805Z,book,full,a42d74844cf7,200,9.326622
2026-09-17T03:47:10.391867902Z,book,full,a42d74844cf7,200,11.598708
2026-09-17T03:47:10.45115842Z,book,full,a42d74844cf7,200,10.636084
2026-09-17T03:47:10.511482348Z,book,full,a42d74844cf7,200,10.59749
2026-09-17T03:47:10.570680163Z,book,full,a42d74844cf7,200,10.472109
2026-09-17T03:47:10.63003222Z,book,full,a42d74844cf7,200,9.596178
2026-09-17T03:47:10.689994061Z,book,full,a42d74844cf7,200,9.43656
2026-09-17T03:47:10.75150197Z,book,full,a42d74844cf7,200,10.849974
2026-09-17T03:47:10.810859333Z,book,full,a42d74844cf7,200,10.585174
2026-09-17T03:47:10.870951751Z,book,full,a42d74844cf7,200,10.312947
2026-09-17T03:47:10.93000021Z,book,full,a42d74844cf7,200,9.336233
2026-09-17T03:47:10.991095459Z,book,full,a42d74844cf7,200,10.265904
2026-09-17T03:47:11.050040865Z,book,full,a42d74844cf7,200,9.724524
2026-09-17T03:47:11.108885793Z,book,full,a42d74844cf7,200,9.023479
2026-09-17T03:47:11.170937343Z,book,full,a42d74844cf7,200,10.330857
2026-09-17T03:47:11.230400725Z,book,full,a42d74844cf7,200,9.772516
2026-09-17T03:47:11.291621312Z,book,full,a42d74844cf7,200,11.649561
2026-09-17T03:47:11.350096886Z,book,full,a42d74844cf7,200,9.77539
2026-09-17T03:47:11.409193455Z,book,full,a42d74844cf7,200,9.311557
2026-09-17T03:47:11.470237723Z,book,full,a42d74844cf7,200,10.340278
2026-09-17T03:47:11.530068213Z,book,full,a42d74844cf7,200,9.460617
2026-09-17T03:47:11.592027068Z,book,full,a42d74844cf7,200,11.291297
2026-09-17T03:47:11.654238386Z,book,full,a42d74844cf7,200,13.975347
2026-09-17T03:47:11.711362207Z,book,full,a42d74844cf7,200,10.402872
2026-09-17T03:47:11.772826827Z,book,full,a42d74844cf7,200,12.053249
2026-09-17T03:47:11.830346063Z,book,full,a42d74844cf7,200,9.570758
2026-09-17T03:47:11.890509282Z,book,full,a42d74844cf7,200,10.660969
2026-09-17T03:47:11.950307829Z,book,full,a42d74844cf7,200,10.109571
2026-09-17T03:47:12.00951137Z,book,full,a42d74844cf7,200,9.584112
2026-09-17T03:47:12.070593867Z,book,full,a42d74844cf7,200,10.379187
2026-09-17T03:47:12.130329319Z,book,full,a42d74844cf7,200,10.103672
2026-09-17T03:47:12.190677829Z,book,full,a42d74844cf7,200,9.850443
2026-09-17T03:47:12.250259484Z,book,full,a42d74844cf7,200,9.990902
2026-09-17T03:47:12.31061631Z,book,full,a42d74844cf7,200,9.615444
2026-09-17T03:47:12.37022005Z,book,full,a42d74844cf7,200,9.912487
2026-09-17T03:47:12.430732532Z,book,full,a42d74844cf7,200,9.795788
2026-09-17T03:47:12.489703989Z,book,full,a42d74844cf7,200,9.523842
2026-09-17T03:47:12.550454539Z,book,full,a42d74844cf7,200,9.967026
2026-09-17T03:47:12.609736784Z,book,full,a42d74844cf7,200,9.669293
2026-09-17T03:47:12.671740662Z,book,full,a42d74844cf7,200,11.234595
2026-09-17T03:47:12.7297693Z,book,full,a42d74844cf7,200,9.411302
2026-09-17T03:47:12.790016101Z,book,full,a42d74844cf7,200,9.683655
2026-09-17T03:47:12.850653487Z,book,full,a42d74844cf7,200,9.937654
2026-09-17T03:47:12.912989026Z,book,full,a42d74844cf7,200,12.718964
2026-09-17T03:47:12.971864171Z,book,full,a42d74844cf7,200,11.17046
2026-09-17T03:47:13.030480777Z,book,full,a42d74844cf7,200,9.912327
2026-09-17T03:47:13.090657852Z,book,full,a42d74844cf7,200,10.739416
2026-09-17T03:47:13.151435254Z,book,full,a42d74844cf7,200,11.080153
2026-09-17T03:47:13.210034966Z,book,full,a42d74844cf7,200,9.89028
2026-09-17T03:47:13.272438195Z,book,full,a42d74844cf7,200,11.560441
2026-09-17T03:47:13.329981056Z,book,full,a42d74844cf7,200,9.644556
2026-09-17T03:47:13.389877211Z,book,full,a42d74844cf7,200,9.221128
2026-09-17T03:47:13.451010271Z,book,full,a42d74844cf7,200,10.413481
2026-09-17T03:47:13.511068917Z,book,full,a42d74844cf7,200,10.329804
2026-09-17T03:47:13.570614774Z,book,full,a42d74844cf7,200,9.829619
2026-09-17T03:47:13.629545032Z,book,full,a42d74844cf7,200,8.887046
2026-09-17T03:47:13.689684155Z,book,full,a42d74844cf7,200,9.472473
2026-09-17T03:47:13.749944898Z,book,full,a42d74844cf7,200,9.474168
2026-09-17T03:47:13.811798264Z,book,full,a42d74844cf7,200,11.067422
2026-09-17T03:47:13.875695399Z,book,full,a42d74844cf7,200,15.067108
2026-09-17T03:47:13.930314717Z,book,full,a42d74844cf7,200,9.767485
2026-09-17T03:47:13.989706537Z,book,full,a42d74844cf7,200,9.563934
2026-09-17T03:47:14.050793213Z,book,full,a42d74844cf7,200,10.223517
2026-09-17T03:47:14.109657397Z,book,full,a42d74844cf7,200,9.20099
2026-09-17T03:47:14.173106187Z,book,full,a42d74844cf7,200,12.752383
2026-09-17T03:47:14.231301389Z,book,full,a42d74844cf7,200,10.506458
2026-09-17T03:47:14.291956028Z,book,full,a42d74844cf7,200,11.08953
2026-09-17T03:47:14.351122039Z,book,full,a42d74844cf7,200,10.238147
2026-09-17T03:47:14.410522639Z,book,full,a42d74844cf7,200,9.923471
2026-09-17T03:47:14.47315625Z,book,full,a42d74844cf7,200,12.602805
2026-09-17T03:47:14.531176528Z,book,full,a42d74844cf7,200,10.406741
2026-09-17T03:47:14.590824983Z,book,full,a42d74844cf7,200,10.075125
2026-09-17T03:47:14.650566665Z,book,full,a42d74844cf7,200,10.211389
2026-09-17T03:47:14.709473998Z,book,full,a42d74844cf7,200,9.191056
2026-09-17T03:47:14.770104311Z,book,full,a42d74844cf7,200,9.960544
2026-09-17T03:47:14.831564716Z,book,full,a42d74844cf7,200,11.592402
2026-09-17T03:47:14.889141788Z,book,full,a42d74844cf7,200,9.218037
2026-09-17T03:47:14.950854713Z,book,full,a42d74844cf7,200,10.214386
2026-09-17T03:47:15.009684494Z,book,full,a42d74844cf7,200,8.963979
2026-09-17T03:47:15.070854119Z,book,full,a42d74844cf7,200,10.257299
2026-09-17T03:47:15.129993059Z,book,full,a42d74844cf7,200,9.3684
2026-09-17T03:47:15.189435792Z,book,full,a42d74844cf7,200,8.889847
2026-09-17T03:47:15.25002884Z,book,full,a42d74844cf7,200,9.944054
2026-09-17T03:47:15.310439394Z,book,full,a42d74844cf7,200,9.804233
2026-09-17T03:47:15.369765242Z,book,full,a42d74844cf7,200,9.641531
2026-09-17T03:47:15.432523295Z,book,full,a42d74844cf7,200,12.25339
2026-09-17T03:47:15.491124593Z,book,full,a42d74844cf7,200,10.2135
2026-09-17T03:47:15.550250597Z,book,full,a42d74844cf7,200,9.585101
2026-09-17T03:47:15.609280433Z,book,full,a42d74844cf7,200,9.426344
2026-09-17T03:47:15.669881361Z,book,full,a42d74844cf7,200,9.6391
2026-09-17T03:47:15.731197894Z,book,full,a42d74844cf7,200,10.462094
2026-09-17T03:47:15.791679948Z,book,full,a42d74844cf7,200,10.649651
2026-09-17T03:47:15.850619362Z,book,full,a42d74844cf7,200,10.366948
2026-09-17T03:47:15.910351389Z,book,full,a42d74844cf7,200,9.94719
2026-09-17T03:47:15.969766761Z,book,full,a42d74844cf7,200,9.676228
2026-09-17T03:47:16.030142724Z,book,full,a42d74844cf7,200,9.438835
2026-09-17T03:47:16.090358422Z,book,full,a42d74844cf7,200,9.671333
2026-09-17T03:47:16.150764036Z,book,full,a42d74844cf7,200,10.626607
2026-09-17T03:47:16.210775938Z,book,full,a42d74844cf7,200,10.380129
2026-09-17T03:47:16.271404309Z,book,full,a42d74844cf7,200,10.686732
2026-09-17T03:47:16.330244081Z,book,full,a42d74844cf7,200,10.375598
2026-09-17T03:47:16.389413719Z,book,full,a42d74844cf7,200,8.483201
2026-09-17T03:47:16.449973974Z,book,full,a42d74844cf7,200,9.744779
2026-09-17T03:47:16.509880058Z,book,full,a42d74844cf7,200,9.175014
2026-09-17T03:47:16.570919517Z,book,full,a42d74844cf7,200,10.237632
2026-09-17T03:47:16.633318448Z,book,full,a42d74844cf7,200,12.451854
2026-09-17T03:47:16.690964052Z,book,full,a42d74844cf7,200,10.268885
2026-09-17T03:47:16.751522542Z,book,full,a42d74844cf7,200,10.866944
2026-09-17T03:47:16.810962251Z,book,full,a42d74844cf7,200,10.696593
2026-09-17T03:47:16.872101023Z,book,full,a42d74844cf7,200,11.300601
2026-09-17T03:47:16.930834146Z,book,full,a42d74844cf7,200,9.962266
2026-09-17T03:47:16.990643772Z,book,full,a42d74844cf7,200,10.339814
2026-09-17T03:47:17.050933675Z,book,full,a42d74844cf7,200,10.540649
2026-09-17T03:47:17.110945158Z,book,full,a42d74844cf7,200,10.155711
2026-09-17T03:47:17.168398752Z,book,full,a42d74844cf7,200,7.868164
2026-09-17T03:47:17.230154747Z,book,full,a42d74844cf7,200,10.226343
2026-09-17T03:47:17.290849808Z,book,full,a42d74844cf7,200,10.231247
2026-09-17T03:47:17.35111656Z,book,full,a42d74844cf7,200,10.467924
2026-09-17T03:47:17.411059623Z,book,full,a42d74844cf7,200,10.289556
2026-09-17T03:47:17.470183431Z,book,full,a42d74844cf7,200,9.470987
2026-09-17T03:47:17.530540791Z,book,full,a42d74844cf7,200,9.75894
2026-09-17T03:47:17.590260051Z,book,full,a42d74844cf7,200,10.128589
2026-09-17T03:47:17.651621259Z,book,full,a42d74844cf7,200,10.769774
2026-09-17T03:47:17.709716298Z,book,full,a42d74844cf7,200,9.44096
2026-09-17T03:47:17.769711564Z,book,full,a42d74844cf7,200,9.224152
2026-09-17T03:47:17.83130029Z,book,full,a42d74844cf7,200,10.822342
2026-09-17T03:47:17.893800995Z,book,full,a42d74844cf7,200,13.151564
2026-09-17T03:47:17.951050972Z,book,full,a42d74844cf7,200,10.53588
2026-09-17T03:47:18.01054706Z,book,full,a42d74844cf7,200,9.728243
2026-09-17T03:47:18.07071487Z,book,full,a42d74844cf7,200,10.496282
2026-09-17T03:47:18.131384694Z,book,full,a42d74844cf7,200,10.821923
2026-09-17T03:47:18.190708335Z,book,full,a42d74844cf7,200,9.872564
2026-09-17T03:47:18.250557165Z,book,full,a42d74844cf7,200,10.201484
2026-09-17T03:47:18.30984124Z,book,full,a42d74844cf7,200,9.606657
2026-09-17T03:47:18.371553265Z,book,full,a42d74844cf7,200,10.681721
2026-09-17T03:47:18.43030822Z,book,full,a42d74844cf7,200,9.943465
2026-09-17T03:47:18.490990684Z,book,full,a42d74844cf7,200,10.14294
2026-09-17T03:47:18.551287329Z,book,full,a42d74844cf7,200,10.720625
2026-09-17T03:47:18.610153645Z,book,full,a42d74844cf7,200,10.120878
2026-09-17T03:47:18.673137289Z,book,full,a42d74844cf7,200,12.308358
2026-09-17T03:47:18.729045148Z,book,full,a42d74844cf7,200,9.059005
2026-09-17T03:47:18.789003127Z,book,full,a42d74844cf7,200,9.355203
2026-09-17T03:47:18.849673562Z,book,full,a42d74844cf7,200,9.932764
2026-09-17T03:47:18.909461267Z,book,full,a42d74844cf7,200,10.103932
2026-09-17T03:47:18.969665255Z,book,full,a42d74844cf7,200,10.444824
2026-09-17T03:47:19.029415427Z,book,full,a42d74844cf7,200,10.058297
2026-09-17T03:47:19.088629879Z,book,full,a42d74844cf7,200,9.735469
2026-09-17T03:47:19.151608214Z,book,full,a42d74844cf7,200,12.247863
2026-09-17T03:47:19.209692997Z,book,full,a42d74844cf7,200,10.423792
2026-09-17T03:47:19.269940903Z,book,full,a42d74844cf7,200,10.599571
2026-09-17T03:47:19.329850538Z,book,full,a42d74844cf7,200,10.227511
2026-09-17T03:47:19.388742129Z,book,full,a42d74844cf7,200,9.331135
2026-09-17T03:47:19.449741938Z,book,full,a42d74844cf7,200,10.171773
2026-09-17T03:47:19.509909544Z,book,full,a42d74844cf7,200,10.534522
2026-09-17T03:47:19.570511011Z,book,full,a42d74844cf7,200,10.982055
2026-09-17T03:47:19.629429359Z,book,full,a42d74844cf7,200,10.200805
2026-09-17T03:47:19.690210413Z,book,full,a42d74844cf7,200,10.240138
2026-09-17T03:47:19.749790892Z,book,full,a42d74844cf7,200,9.829716
2026-09-17T03:47:19.808612462Z,book,full,a42d74844cf7,200,9.247769
2026-09-17T03:47:19.869736941Z,book,full,a42d74844cf7,200,10.335354
2026-09-17T03:47:19.929482563Z,book,full,a42d74844cf7,200,9.714446
2026-09-17T03:47:19.988634059Z,book,full,a42d74844cf7,200,9.647212
2026-09-17T03:47:20.049447809Z,book,full,a42d74844cf7,200,10.132974
2026-09-17T03:47:20.108728681Z,book,full,a42d74844cf7,200,9.618869
2026-09-17T03:47:20.168900257Z,book,full,a42d74844cf7,200,9.395152
2026-09-17T03:47:20.229399894Z,book,full,a42d74844cf7,200,9.998284
2026-09-17T03:47:20.290234918Z,book,full,a42d74844cf7,200,10.308556
2026-09-17T03:47:20.349902669Z,book,full,a42d74844cf7,200,9.951987
2026-09-17T03:47:20.411142544Z,book,full,a42d74844cf7,200,11.703575
2026-09-17T03:47:20.469661977Z,book,full,a42d74844cf7,200,9.878397
2026-09-17T03:47:20.529564327Z,book,full,a42d74844cf7,200,10.517396
2026-09-17T03:47:20.58926349Z,book,full,a42d74844cf7,200,10.138177
2026-09-17T03:47:20.648171104Z,book,full,a42d74844cf7,200,9.150072
2026-09-17T03:47:20.710703842Z,book,full,a42d74844cf7,200,10.819858
2026-09-17T03:47:20.768613239Z,book,full,a42d74844cf7,200,9.027996
2026-09-17T03:47:20.830119951Z,book,full,a42d74844cf7,200,10.870637
2026-09-17T03:47:20.889169054Z,book,full,a42d74844cf7,200,9.454785
2026-09-17T03:47:20.948609685Z,book,full,a42d74844cf7,200,9.590921
2026-09-17T03:47:21.009190175Z,book,full,a42d74844cf7,200,9.70388
2026-09-17T03:47:21.06952288Z,book,full,a42d74844cf7,200,9.594955
2026-09-17T03:47:21.129858802Z,book,full,a42d74844cf7,200,10.337807
2026-09-17T03:47:21.189190692Z,book,full,a42d74844cf7,200,9.488333
2026-09-17T03:47:21.24913086Z,book,full,a42d74844cf7,200,10.038088
2026-09-17T03:47:21.308909628Z,book,full,a42d74844cf7,200,9.042372
2026-09-17T03:47:21.37070602Z,book,full,a42d74844cf7,200,10.632604
2026-09-17T03:47:21.429223944Z,book,full,a42d74844cf7,200,9.894853
2026-09-17T03:47:21.488998534Z,book,full,a42d74844cf7,200,9.219957
2026-09-17T03:47:21.549588435Z,book,full,a42d74844cf7,200,9.635788
2026-09-17T03:47:21.610545013Z,book,full,a42d74844cf7,200,10.941597
2026-09-17T03:47:21.669496179Z,book,full,a42d74844cf7,200,10.294677
2026-09-17T03:47:21.730619652Z,book,full,a42d74844cf7,200,11.458548
2026-09-17T03:47:21.788519328Z,book,full,a42d74844cf7,200,9.568854
2026-09-17T03:47:21.850357763Z,book,full,a42d74844cf7,200,11.127092
2026-09-17T03:47:21.909377106Z,book,full,a42d74844cf7,200,10.231314
2026-09-17T03:47:21.971822107Z,book,full,a42d74844cf7,200,12.501926
2026-09-17T03:47:22.029648915Z,book,full,a42d74844cf7,200,10.287674
2026-09-17T03:47:22.091608043Z,book,full,a42d74844cf7,200,12.410488
2026-09-17T03:47:22.151152215Z,book,full,a42d74844cf7,200,11.746248
2026-09-17T03:47:22.214148923Z,book,full,a42d74844cf7,200,14.433938
2026-09-17T03:47:22.270134269Z,book,full,a42d74844cf7,200,10.390045
2026-09-17T03:47:22.33066443Z,book,full,a42d74844cf7,200,10.968824
2026-09-17T03:47:22.389920066Z,book,full,a42d74844cf7,200,10.651016
2026-09-17T03:47:22.449883409Z,book,full,a42d74844cf7,200,10.154578
2026-09-17T03:47:22.513018602Z,book,full,a42d74844cf7,200,12.902266
2026-09-17T03:47:22.568784978Z,book,full,a42d74844cf7,200,9.113528
2026-09-17T03:47:22.629671821Z,book,full,a42d74844cf7,200,10.116375
2026-09-17T03:47:22.68870612Z,book,full,a42d74844cf7,200,9.400236
2026-09-17T03:47:22.751386824Z,book,full,a42d74844cf7,200,11.878659
2026-09-17T03:47:22.809826853Z,book,full,a42d74844cf7,200,9.798851
2026-09-17T03:47:22.872558005Z,book,full,a42d74844cf7,200,13.040375
2026-09-17T03:47:22.930053417Z,book,full,a42d74844cf7,200,10.567934
2026-09-17T03:47:22.9902063Z,book,full,a42d74844cf7,200,10.489375
2026-09-17T03:47:23.04998862Z,book,full,a42d74844cf7,200,11.000153
2026-09-17T03:47:23.110300449Z,book,full,a42d74844cf7,200,10.566939
2026-09-17T03:47:23.168759315Z,book,full,a42d74844cf7,200,9.863967
2026-09-17T03:47:23.230213955Z,book,full,a42d74844cf7,200,10.331691
2026-09-17T03:47:23.289082076Z,book,full,a42d74844cf7,200,9.51442
2026-09-17T03:47:23.349755283Z,book,full,a42d74844cf7,200,9.855225
2026-09-17T03:47:23.409585801Z,book,full,a42d74844cf7,200,9.901753
2026-09-17T03:47:23.469472044Z,book,full,a42d74844cf7,200,10.19971
2026-09-17T03:47:23.529137103Z,book,full,a42d74844cf7,200,9.966041
2026-09-17T03:47:23.58953479Z,book,full,a42d74844cf7,200,9.821483
2026-09-17T03:47:23.64998074Z,book,full,a42d74844cf7,200,10.709675
2026-09-17T03:47:23.709390946Z,book,full,a42d74844cf7,200,9.665565
2026-09-17T03:47:23.769033272Z,book,full,a42d74844cf7,200,9.864017
2026-09-17T03:47:23.830092648Z,book,full,a42d74844cf7,200,10.472202
2026-09-17T03:47:23.890325308Z,book,full,a42d74844cf7,200,10.558954
2026-09-17T03:47:23.950342718Z,book,full,a42d74844cf7,200,10.215616
2026-09-17T03:47:24.008723261Z,book,full,a42d74844cf7,200,9.823531
2026-09-17T03:47:24.070232652Z,book,full,a42d74844cf7,200,10.401966
2026-09-17T03:47:24.131783559Z,book,full,a42d74844cf7,200,11.864872
2026-09-17T03:47:24.189865866Z,book,full,a42d74844cf7,200,10.524846
2026-09-17T03:47:24.251611413Z,book,full,a42d74844cf7,200,12.116365
2026-09-17T03:47:24.310057952Z,book,full,a42d74844cf7,200,10.330391
2026-09-17T03:47:24.369969492Z,book,full,a42d74844cf7,200,10.038369
2026-09-17T03:47:24.430692857Z,book,full,a42d74844cf7,200,11.059016
2026-09-17T03:47:24.489642124Z,book,full,a42d74844cf7,200,10.506259
2026-09-17T03:47:24.55076253Z,book,full,a42d74844cf7,200,11.438975
2026-09-17T03:47:24.60962265Z,book,full,a42d74844cf7,200,10.017548
2026-09-17T03:47:24.66952954Z,book,full,a42d74844cf7,200,10.05204
2026-09-17T03:47:24.730031033Z,book,full,a42d74844cf7,200,10.663766
2026-09-17T03:47:24.790049811Z,book,full,a42d74844cf7,200,10.401336
2026-09-17T03:47:24.849091104Z,book,full,a42d74844cf7,200,9.251815
2026-09-17T03:47:24.910558011Z,book,full,a42d74844cf7,200,10.763624
2026-09-17T03:47:24.968690497Z,book,full,a42d74844cf7,200,9.474626
2026-09-17T03:47:25.02930235Z,book,full,a42d74844cf7,200,9.995976
2026-09-17T03:47:25.089541193Z,book,full,a42d74844cf7,200,9.569664
2026-09-17T03:47:25.149218605Z,book,full,a42d74844cf7,200,10.089082
2026-09-17T03:47:25.20946362Z,book,full,a42d74844cf7,200,10.512131
2026-09-17T03:47:25.268802315Z,book,full,a42d74844cf7,200,9.674241
2026-09-17T03:47:25.329914354Z,book,full,a42d74844cf7,200,10.123705
2026-09-17T03:47:25.391795403Z,book,full,a42d74844cf7,200,12.315072
2026-09-17T03:47:25.450839427Z,book,full,a42d74844cf7,200,11.061541
2026-09-17T03:47:25.510426182Z,book,full,a42d74844cf7,200,10.754814
2026-09-17T03:47:25.569489493Z,book,full,a42d74844cf7,200,10.278104
2026-09-17T03:47:25.630269452Z,book,full,a42d74844cf7,200,11.099053
2026-09-17T03:47:25.689600537Z,book,full,a42d74844cf7,200,9.784059
2026-09-17T03:47:25.749197253Z,book,full,a42d74844cf7,200,9.993235
2026-09-17T03:47:25.810084545Z,book,full,a42d74844cf7,200,10.107694
2026-09-17T03:47:25.870749807Z,book,full,a42d74844cf7,200,10.683932
2026-09-17T03:47:25.931233605Z,book,full,a42d74844cf7,200,11.428982
2026-09-17T03:47:25.989015074Z,book,full,a42d74844cf7,200,9.233753
2026-09-17T03:47:26.051033402Z,book,full,a42d74844cf7,200,11.188357
2026-09-17T03:47:26.111410217Z,book,full,a42d74844cf7,200,11.112255
2026-09-17T03:47:26.169309413Z,book,full,a42d74844cf7,200,9.92906
2026-09-17T03:47:26.227997816Z,book,full,a42d74844cf7,200,8.977255
2026-09-17T03:47:26.289025713Z,book,full,a42d74844cf7,200,9.172534
2026-09-17T03:47:26.351230165Z,book,full,a42d74844cf7,200,11.273603
2026-09-17T03:47:26.409921773Z,book,full,a42d74844cf7,200,9.840744
2026-09-17T03:47:26.469944251Z,book,full,a42d74844cf7,200,10.315755
2026-09-17T03:47:26.528968483Z,book,full,a42d74844cf7,200,9.363998
2026-09-17T03:47:26.589178285Z,book,full,a42d74844cf7,200,9.525279
2026-09-17T03:47:26.651724512Z,book,full,a42d74844cf7,200,11.73626
2026-09-17T03:47:26.710375506Z,book,full,a42d74844cf7,200,10.952189
2026-09-17T03:47:26.768807674Z,book,full,a42d74844cf7,200,9.796381
2026-09-17T03:47:26.830074616Z,book,full,a42d74844cf7,200,10.536567
2026-09-17T03:47:26.891192388Z,book,full,a42d74844cf7,200,11.579304
2026-09-17T03:47:26.949741237Z,book,full,a42d74844cf7,200,9.928755
2026-09-17T03:47:27.009443687Z,book,full,a42d74844cf7,200,9.937218
2026-09-17T03:47:27.069667891Z,book,full,a42d74844cf7,200,10.333252
2026-09-17T03:47:27.128957933Z,book,full,a42d74844cf7,200,9.694313
2026-09-17T03:47:27.188953824Z,book,full,a42d74844cf7,200,9.448169
2026-09-17T03:47:27.249569422Z,book,full,a42d74844cf7,200,9.863086
2026-09-17T03:47:27.309543126Z,book,full,a42d74844cf7,200,10.375515
2026-09-17T03:47:27.369937552Z,book,full,a42d74844cf7,200,10.312619
2026-09-17T03:47:27.429406557Z,book,full,a42d74844cf7,200,9.971528
2026-09-17T03:47:27.490087475Z,book,full,a42d74844cf7,200,10.119515
2026-09-17T03:47:27.549511788Z,book,full,a42d74844cf7,200,9.700974
2026-09-17T03:47:27.610000386Z,book,full,a42d74844cf7,200,10.775695
2026-09-17T03:47:27.669341172Z,book,full,a42d74844cf7,200,9.634364
2026-09-17T03:47:27.728964885Z,book,full,a42d74844cf7,200,9.671146
2026-09-17T03:47:27.790024032Z,book,full,a42d74844cf7,200,10.328451
2026-09-17T03:47:27.849813111Z,book,full,a42d74844cf7,200,10.075246
2026-09-17T03:47:27.912707636Z,book,full,a42d74844cf7,200,13.116982
2026-09-17T03:47:27.969406433Z,book,full,a42d74844cf7,200,9.779638
2026-09-17T03:47:28.029723448Z,book,full,a42d74844cf7,200,10.475643
2026-09-17T03:47:28.089585768Z,book,full,a42d74844cf7,200,10.264962
2026-09-17T03:47:28.149948231Z,book,full,a42d74844cf7,200,10.778845
2026-09-17T03:47:28.209137716Z,book,full,a42d74844cf7,200,9.396104
2026-09-17T03:47:28.270160233Z,book,full,a42d74844cf7,200,10.242267
2026-09-17T03:47:28.330964544Z,book,full,a42d74844cf7,200,11.043538
2026-09-17T03:47:28.389363982Z,book,full,a42d74844cf7,200,9.98752
2026-09-17T03:47:28.449561774Z,book,full,a42d74844cf7,200,10.638555
2026-09-17T03:47:28.510053222Z,book,full,a42d74844cf7,200,10.72835
2026-09-17T03:47:28.570065029Z,book,full,a42d74844cf7,200,10.18474
2026-09-17T03:47:28.629579918Z,book,full,a42d74844cf7,200,9.798051
2026-09-17T03:47:28.694903417Z,book,full,a42d74844cf7,200,15.759446
2026-09-17T03:47:28.74905262Z,book,full,a42d74844cf7,200,9.348805
2026-09-17T03:47:28.809620776Z,book,full,a42d74844cf7,200,9.911019
2026-09-17T03:47:28.869815651Z,book,full,a42d74844cf7,200,10.395484
2026-09-17T03:47:28.930445089Z,book,full,a42d74844cf7,200,10.777214
2026-09-17T03:47:28.988713505Z,book,full,a42d74844cf7,200,8.847497
2026-09-17T03:47:29.048761415Z,book,full,a42d74844cf7,200,9.406122
2026-09-17T03:47:29.111132086Z,book,full,a42d74844cf7,200,11.585959
2026-09-17T03:47:29.169794501Z,book,full,a42d74844cf7,200,9.913005
2026-09-17T03:47:29.228903679Z,book,full,a42d74844cf7,200,9.378689
2026-09-17T03:47:29.289545824Z,book,full,a42d74844cf7,200,9.964536
2026-09-17T03:47:29.349316863Z,book,full,a42d74844cf7,200,10.088637
2026-09-17T03:47:29.411387372Z,book,full,a42d74844cf7,200,11.404612
2026-09-17T03:47:29.469100103Z,book,full,a42d74844cf7,200,9.125874
2026-09-17T03:47:29.529766991Z,book,full,a42d74844cf7,200,10.010139
2026-09-17T03:47:29.589229741Z,book,full,a42d74844cf7,200,9.920439
2026-09-17T03:47:29.650485198Z,book,full,a42d74844cf7,200,10.27111
2026-09-17T03:47:29.709619103Z,book,full,a42d74844cf7,200,10.373164
2026-09-17T03:47:29.768532181Z,book,full,a42d74844cf7,200,9.232585
2026-09-17T03:47:29.828934723Z,book,full,a42d74844cf7,200,9.745145
2026-09-17T03:47:29.891519942Z,book,full,a42d74844cf7,200,11.910921
2026-09-17T03:47:29.950320706Z,book,full,a42d74844cf7,200,11.136957
2026-09-17T03:47:30.009405573Z,book,full,a42d74844cf7,200,10.43699
2026-09-17T03:47:30.069339418Z,book,full,a42d74844cf7,200,10.055723
2026-09-17T03:47:30.130049524Z,book,full,a42d74844cf7,200,10.895343
2026-09-17T03:47:30.190764494Z,book,full,a42d74844cf7,200,11.062632
2026-09-17T03:47:30.252467141Z,book,full,a42d74844cf7,200,12.814911
2026-09-17T03:47:30.308606766Z,book,full,a42d74844cf7,200,9.600643
2026-09-17T03:47:30.373857739Z,book,full,a42d74844cf7,200,14.559804
2026-09-17T03:47:30.432977573Z,book,full,a42d74844cf7,200,13.385543
2026-09-17T03:47:30.490300169Z,book,full,a42d74844cf7,200,10.474226
2026-09-17T03:47:30.55016342Z,book,full,a42d74844cf7,200,10.222216
2026-09-17T03:47:30.608567678Z,book,full,a42d74844cf7,200,9.508957
2026-09-17T03:47:30.672142843Z,book,full,a42d74844cf7,200,12.943071
2026-09-17T03:47:30.729002124Z,book,full,a42d74844cf7,200,9.833928
2026-09-17T03:47:30.794828351Z,book,full,a42d74844cf7,200,14.981137
2026-09-17T03:47:30.849031338Z,book,full,a42d74844cf7,200,9.388148
2026-09-17T03:47:30.909809039Z,book,full,a42d74844cf7,200,9.912449
2026-09-17T03:47:30.971071046Z,book,full,a42d74844cf7,200,11.541744
2026-09-17T03:47:31.029154091Z,book,full,a42d74844cf7,200,9.392399
2026-09-17T03:47:31.093001227Z,book,full,a42d74844cf7,200,13.831578
2026-09-17T03:47:31.15163757Z,book,full,a42d74844cf7,200,11.486439
2026-09-17T03:47:31.209737669Z,book,full,a42d74844cf7,200,10.593911
2026-09-17T03:47:31.269678505Z,book,full,a42d74844cf7,200,10.081061
2026-09-17T03:47:31.329476232Z,book,full,a42d74844cf7,200,9.851535
2026-09-17T03:47:31.389625744Z,book,full,a42d74844cf7,200,10.284487
2026-09-17T03:47:31.454382689Z,book,full,a42d74844cf7,200,14.636769
2026-09-17T03:47:31.510619682Z,book,full,a42d74844cf7,200,11.519612
2026-09-17T03:47:31.569484476Z,book,full,a42d74844cf7,200,10.094053
2026-09-17T03:47:31.632148712Z,book,full,a42d74844cf7,200,12.896507
2026-09-17T03:47:31.69066612Z,book,full,a42d74844cf7,200,11.070167
2026-09-17T03:47:31.75104433Z,book,full,a42d74844cf7,200,11.582926
2026-09-17T03:47:31.81221163Z,book,full,a42d74844cf7,200,12.419461
2026-09-17T03:47:31.869594731Z,book,full,a42d74844cf7,200,9.68302
2026-09-17T03:47:31.929148799Z,book,full,a42d74844cf7,200,9.563018
2026-09-17T03:47:31.99060339Z,book,full,a42d74844cf7,200,10.845239
2026-09-17T03:47:32.04967378Z,book,full,a42d74844cf7,200,10.296148
2026-09-17T03:47:32.113351634Z,book,full,a42d74844cf7,200,13.844496
2026-09-17T03:47:32.171363772Z,book,full,a42d74844cf7,200,12.194303
2026-09-17T03:47:32.229867629Z,book,full,a42d74844cf7,200,10.707959
2026-09-17T03:47:32.291847106Z,book,full,a42d74844cf7,200,12.471774
2026-09-17T03:47:32.350617988Z,book,full,a42d74844cf7,200,10.896664
2026-09-17T03:47:32.410156341Z,book,full,a42d74844cf7,200,10.8799
2026-09-17T03:47:32.469739344Z,book,full,a42d74844cf7,200,9.716927
2026-09-17T03:47:32.529164661Z,book,full,a42d74844cf7,200,9.535335
2026-09-17T03:47:32.589932121Z,book,full,a42d74844cf7,200,9.920749
2026-09-17T03:47:32.650170225Z,book,full,a42d74844cf7,200,10.546281
2026-09-17T03:47:32.708810777Z,book,full,a42d74844cf7,200,9.610925
2026-09-17T03:47:32.770915679Z,book,full,a42d74844cf7,200,11.403173
2026-09-17T03:47:32.829666424Z,book,full,a42d74844cf7,200,9.726674
2026-09-17T03:47:32.890833985Z,book,full,a42d74844cf7,200,11.641893
2026-09-17T03:47:32.951252328Z,book,full,a42d74844cf7,200,11.532602
2026-09-17T03:47:33.009825645Z,book,full,a42d74844cf7,200,10.855908
2026-09-17T03:47:33.070486971Z,book,full,a42d74844cf7,200,10.741052
2026-09-17T03:47:33.128936053Z,book,full,a42d74844cf7,200,9.735385
2026-09-17T03:47:33.189427831Z,book,full,a42d74844cf7,200,9.904847
2026-09-17T03:47:33.249478741Z,book,full,a42d74844cf7,200,10.157005
2026-09-17T03:47:33.308854684Z,book,full,a42d74844cf7,200,9.54039
2026-09-17T03:47:33.36961887Z,book,full,a42d74844cf7,200,9.942777
2026-09-17T03:47:33.428641086Z,book,full,a42d74844cf7,200,9.309911
2026-09-17T03:47:33.490413968Z,book,full,a42d74844cf7,200,11.248336
2026-09-17T03:47:33.549807833Z,book,full,a42d74844cf7,200,10.272041
2026-09-17T03:47:33.609131382Z,book,full,a42d74844cf7,200,9.734791
2026-09-17T03:47:33.669742055Z,book,full,a42d74844cf7,200,9.908364
2026-09-17T03:47:33.72940652Z,book,full,a42d74844cf7,200,9.894278
2026-09-17T03:47:33.789159342Z,book,full,a42d74844cf7,200,10.144305
2026-09-17T03:47:33.849066166Z,book,full,a42d74844cf7,200,9.289344
2026-09-17T03:47:33.909386381Z,book,full,a42d74844cf7,200,9.66272
2026-09-17T03:47:33.969090674Z,book,full,a42d74844cf7,200,10.115498
2026-09-17T03:47:34.028797877Z,book,full,a42d74844cf7,200,8.937434
2026-09-17T03:47:34.090465574Z,book,full,a42d74844cf7,200,11.038723
2026-09-17T03:47:34.149822306Z,book,full,a42d74844cf7,200,10.820858
2026-09-17T03:47:34.209912245Z,book,full,a42d74844cf7,200,10.300519
2026-09-17T03:47:34.269131135Z,book,full,a42d74844cf7,200,9.612195
2026-09-17T03:47:34.331139426Z,book,full,a42d74844cf7,200,11.105424
2026-09-17T03:47:34.388993772Z,book,full,a42d74844cf7,200,9.399985
2026-09-17T03:47:34.449238252Z,book,full,a42d74844cf7,200,9.545747
2026-09-17T03:47:34.508542744Z,book,full,a42d74844cf7,200,9.563441
2026-09-17T03:47:34.56923415Z,book,full,a42d74844cf7,200,9.950912
2026-09-17T03:47:34.629636771Z,book,full,a42d74844cf7,200,9.642477
2026-09-17T03:47:34.688984332Z,book,full,a42d74844cf7,200,9.827312
2026-09-17T03:47:34.749866221Z,book,full,a42d74844cf7,200,10.01512
2026-09-17T03:47:34.808815962Z,book,full,a42d74844cf7,200,9.325964
2026-09-17T03:47:34.870191397Z,book,full,a42d74844cf7,200,10.564038
2026-09-17T03:47:34.929422129Z,book,full,a42d74844cf7,200,10.473701
2026-09-17T03:47:34.988136407Z,book,full,a42d74844cf7,200,9.23482
2026-09-17T03:47:35.050019128Z,book,full,a42d74844cf7,200,10.18529
2026-09-17T03:47:35.110999843Z,book,full,a42d74844cf7,200,10.79664
2026-09-17T03:47:35.169408173Z,book,full,a42d74844cf7,200,9.689737
2026-09-17T03:47:35.229164905Z,book,full,a42d74844cf7,200,10.003226
2026-09-17T03:47:35.290316986Z,book,full,a42d74844cf7,200,10.578261
2026-09-17T03:47:35.351488246Z,book,full,a42d74844cf7,200,12.437772
2026-09-17T03:47:35.41154529Z,book,full,a42d74844cf7,200,11.980477
2026-09-17T03:47:35.472500555Z,book,full,a42d74844cf7,200,12.985044
2026-09-17T03:47:35.530488522Z,book,full,a42d74844cf7,200,11.11829
2026-09-17T03:47:35.589912955Z,book,full,a42d74844cf7,200,10.699859
2026-09-17T03:47:35.651377937Z,book,full,a42d74844cf7,200,11.624424
2026-09-17T03:47:35.710731753Z,book,full,a42d74844cf7,200,11.727837
2026-09-17T03:47:35.769092009Z,book,full,a42d74844cf7,200,9.52869
2026-09-17T03:47:35.829295995Z,book,full,a42d74844cf7,200,9.710077
2026-09-17T03:47:35.890270467Z,book,full,a42d74844cf7,200,10.473097
2026-09-17T03:47:35.949158707Z,book,full,a42d74844cf7,200,10.18576
2026-09-17T03:47:36.010706416Z,book,full,a42d74844cf7,200,10.699262
2026-09-17T03:47:36.068719215Z,book,full,a42d74844cf7,200,9.377637
2026-09-17T03:47:36.129571238Z,book,full,a42d74844cf7,200,10.206717
2026-09-17T03:47:36.189641409Z,book,full,a42d74844cf7,200,9.731265
2026-09-17T03:47:36.249095168Z,book,full,a42d74844cf7,200,9.707377
2026-09-17T03:47:36.310699862Z,book,full,a42d74844cf7,200,10.891862
2026-09-17T03:47:36.369693754Z,book,full,a42d74844cf7,200,10.14184
2026-09-17T03:47:36.430363025Z,book,full,a42d74844cf7,200,10.913859
2026-09-17T03:47:36.490095349Z,book,full,a42d74844cf7,200,10.307013
2026-09-17T03:47:36.550422787Z,book,full,a42d74844cf7,200,10.530974
2026-09-17T03:47:36.615029039Z,book,full,a42d74844cf7,200,15.124753
2026-09-17T03:47:36.669294286Z,book,full,a42d74844cf7,200,9.609349
2026-09-17T03:47:36.72891484Z,book,full,a42d74844cf7,200,9.933434
2026-09-17T03:47:36.789561582Z,book,full,a42d74844cf7,200,9.927254
2026-09-17T03:47:36.849103409Z,book,full,a42d74844cf7,200,9.768691
2026-09-17T03:47:36.909151835Z,book,full,a42d74844cf7,200,9.096155
2026-09-17T03:47:36.969425048Z,book,full,a42d74844cf7,200,10.367846
2026-09-17T03:47:37.030661794Z,book,full,a42d74844cf7,200,11.389983
2026-09-17T03:47:37.089512969Z,book,full,a42d74844cf7,200,10.132152
2026-09-17T03:47:37.150354676Z,book,full,a42d74844cf7,200,11.097502
2026-09-17T03:47:37.209793987Z,book,full,a42d74844cf7,200,10.456554
2026-09-17T03:47:37.269907918Z,book,full,a42d74844cf7,200,10.02004
2026-09-17T03:47:37.329549863Z,book,full,a42d74844cf7,200,9.858108
2026-09-17T03:47:37.389042642Z,book,full,a42d74844cf7,200,10.055958
2026-09-17T03:47:37.448559383Z,book,full,a42d74844cf7,200,8.793408
2026-09-17T03:47:37.510055199Z,book,full,a42d74844cf7,200,10.374758
2026-09-17T03:47:37.572581433Z,book,full,a42d74844cf7,200,12.720665
2026-09-17T03:47:37.630159632Z,book,full,a42d74844cf7,200,10.199588
2026-09-17T03:47:37.689663402Z,book,full,a42d74844cf7,200,9.926658
2026-09-17T03:47:37.748684795Z,book,full,a42d74844cf7,200,9.135039
2026-09-17T03:47:37.809750848Z,book,full,a42d74844cf7,200,10.093462
2026-09-17T03:47:37.872368869Z,book,full,a42d74844cf7,200,12.410886
2026-09-17T03:47:37.930484734Z,book,full,a42d74844cf7,200,11.19579
2026-09-17T03:47:37.990163387Z,book,full,a42d74844cf7,200,10.173052
2026-09-17T03:47:38.051641958Z,book,full,a42d74844cf7,200,11.648434
2026-09-17T03:47:38.109817276Z,book,full,a42d74844cf7,200,10.59929
2026-09-17T03:47:38.169153259Z,book,full,a42d74844cf7,200,9.648172
2026-09-17T03:47:38.230107163Z,book,full,a42d74844cf7,200,10.21852
2026-09-17T03:47:38.290080073Z,book,full,a42d74844cf7,200,10.385747
2026-09-17T03:47:38.351706108Z,book,full,a42d74844cf7,200,11.858034
2026-09-17T03:47:38.410926012Z,book,full,a42d74844cf7,200,11.529584
2026-09-17T03:47:38.470433917Z,book,full,a42d74844cf7,200,10.683075
2026-09-17T03:47:38.528709309Z,book,full,a42d74844cf7,200,8.741786
2026-09-17T03:47:38.590369927Z,book,full,a42d74844cf7,200,11.059437
2026-09-17T03:47:38.652350116Z,book,full,a42d74844cf7,200,13.145984
2026-09-17T03:47:38.709857303Z,book,full,a42d74844cf7,200,10.556551
2026-09-17T03:47:38.768943666Z,book,full,a42d74844cf7,200,9.409769
2026-09-17T03:47:38.82848864Z,book,full,a42d74844cf7,200,8.799102
2026-09-17T03:47:38.888465716Z,book,full,a42d74844cf7,200,9.298936
2026-09-17T03:47:38.948969996Z,book,full,a42d74844cf7,200,9.635831
2026-09-17T03:47:39.010203132Z,book,full,a42d74844cf7,200,10.624506
2026-09-17T03:47:39.06928214Z,book,full,a42d74844cf7,200,9.48164
2026-09-17T03:47:39.131000647Z,book,full,a42d74844cf7,200,11.111183
2026-09-17T03:47:39.189585444Z,book,full,a42d74844cf7,200,9.905132
2026-09-17T03:47:39.249196295Z,book,full,a42d74844cf7,200,9.754686
2026-09-17T03:47:39.309978839Z,book,full,a42d74844cf7,200,10.123048
2026-09-17T03:47:39.370279115Z,book,full,a42d74844cf7,200,10.396329
2026-09-17T03:47:39.429450124Z,book,full,a42d74844cf7,200,9.556746
2026-09-17T03:47:39.489983612Z,book,full,a42d74844cf7,200,10.044457
2026-09-17T03:47:39.549135265Z,book,full,a42d74844cf7,200,9.432716
2026-09-17T03:47:39.609766706Z,book,full,a42d74844cf7,200,9.968167
2026-09-17T03:47:39.668251494Z,book,full,a42d74844cf7,200,8.733653
2026-09-17T03:47:39.729816115Z,book,full,a42d74844cf7,200,9.904082
2026-09-17T03:47:39.789604945Z,book,full,a42d74844cf7,200,10.004844
2026-09-17T03:47:39.849203693Z,book,full,a42d74844cf7,200,9.566095
2026-09-17T03:47:39.908800564Z,book,full,a42d74844cf7,200,9.806442
2026-09-17T03:47:39.968623803Z,book,full,a42d74844cf7,200,9.078712
2026-09-17T03:47:40.029674066Z,book,full,a42d74844cf7,200,10.377296
2026-09-17T03:47:40.090069259Z,book,full,a42d74844cf7,200,10.520699
2026-09-17T03:47:40.149437739Z,book,full,a42d74844cf7,200,9.788918
2026-09-17T03:47:40.208766045Z,book,full,a42d74844cf7,200,9.506442
2026-09-17T03:47:40.269739131Z,book,full,a42d74844cf7,200,10.341725
2026-09-17T03:47:40.330815655Z,book,full,a42d74844cf7,200,11.020077
2026-09-17T03:47:40.389758958Z,book,full,a42d74844cf7,200,10.147166
2026-09-17T03:47:40.449476119Z,book,full,a42d74844cf7,200,9.766412
2026-09-17T03:47:40.510256511Z,book,full,a42d74844cf7,200,10.858815
2026-09-17T03:47:40.569502476Z,book,full,a42d74844cf7,200,9.549046
2026-09-17T03:47:40.629356167Z,book,full,a42d74844cf7,200,10.102646
2026-09-17T03:47:40.689575326Z,book,full,a42d74844cf7,200,9.614714
2026-09-17T03:47:40.748831592Z,book,full,a42d74844cf7,200,9.509822
2026-09-17T03:47:40.81244915Z,book,full,a42d74844cf7,200,11.213412
2026-09-17T03:47:40.868692417Z,book,full,a42d74844cf7,200,9.390063
2026-09-17T03:47:40.928556754Z,book,full,a42d74844cf7,200,9.133739
2026-09-17T03:47:40.989268676Z,book,full,a42d74844cf7,200,9.932298
2026-09-17T03:47:41.049927345Z,book,full,a42d74844cf7,200,9.940961
2026-09-17T03:47:41.109663981Z,book,full,a42d74844cf7,200,10.126879
2026-09-17T03:47:41.16935181Z,book,full,a42d74844cf7,200,9.857578
2026-09-17T03:47:41.228492557Z,book,full,a42d74844cf7,200,9.503922
2026-09-17T03:47:41.28823001Z,book,full,a42d74844cf7,200,9.22093
2026-09-17T03:47:41.350100193Z,book,full,a42d74844cf7,200,10.145908
2026-09-17T03:47:41.410097435Z,book,full,a42d74844cf7,200,10.700781
2026-09-17T03:47:41.470507399Z,book,full,a42d74844cf7,200,10.56888
2026-09-17T03:47:41.52831169Z,book,full,a42d74844cf7,200,8.676952
2026-09-17T03:47:41.590176979Z,book,full,a42d74844cf7,200,10.928769
2026-09-17T03:47:41.653889154Z,book,full,a42d74844cf7,200,14.011263
2026-09-17T03:47:41.710482497Z,book,full,a42d74844cf7,200,11.028117
2026-09-17T03:47:41.768999218Z,book,full,a42d74844cf7,200,9.778603
2026-09-17T03:47:41.828951646Z,book,full,a42d74844cf7,200,9.176321
2026-09-17T03:47:41.890312302Z,book,full,a42d74844cf7,200,10.317653
2026-09-17T03:47:41.95031938Z,book,full,a42d74844cf7,200,11.298078
2026-09-17T03:47:42.009482775Z,book,full,a42d74844cf7,200,10.440342
2026-09-17T03:47:42.069805982Z,book,full,a42d74844cf7,200,10.601785
2026-09-17T03:47:42.130353994Z,book,full,a42d74844cf7,200,10.588684
2026-09-17T03:47:42.189655031Z,book,full,a42d74844cf7,200,9.784699
2026-09-17T03:47:42.249629654Z,book,full,a42d74844cf7,200,10.093766
2026-09-17T03:47:42.309077446Z,book,full,a42d74844cf7,200,9.574047
2026-09-17T03:47:42.369840267Z,book,full,a42d74844cf7,200,9.917177
2026-09-17T03:47:42.428684172Z,book,full,a42d74844cf7,200,9.003984
2026-09-17T03:47:42.490283035Z,book,full,a42d74844cf7,200,10.550661
2026-09-17T03:47:42.549953801Z,book,full,a42d74844cf7,200,10.909419
2026-09-17T03:47:42.609294121Z,book,full,a42d74844cf7,200,9.613715
2026-09-17T03:47:42.669861869Z,book,full,a42d74844cf7,200,10.392169
2026-09-17T03:47:42.730417229Z,book,full,a42d74844cf7,200,10.785452
2026-09-17T03:47:42.790093949Z,book,full,a42d74844cf7,200,10.21811
2026-09-17T03:47:42.854160678Z,book,full,a42d74844cf7,200,14.44233
2026-09-17T03:47:42.910479657Z,book,full,a42d74844cf7,200,11.247131
2026-09-17T03:47:42.973371309Z,book,full,a42d74844cf7,200,13.696438
2026-09-17T03:47:43.030960209Z,book,full,a42d74844cf7,200,11.7216
2026-09-17T03:47:43.089578876Z,book,full,a42d74844cf7,200,9.934034
2026-09-17T03:47:43.149506183Z,book,full,a42d74844cf7,200,10.251358
2026-09-17T03:47:43.210062397Z,book,full,a42d74844cf7,200,10.730964
2026-09-17T03:47:43.269954131Z,book,full,a42d74844cf7,200,10.241707
2026-09-17T03:47:43.328791896Z,book,full,a42d74844cf7,200,9.172747
2026-09-17T03:47:43.389877265Z,book,full,a42d74844cf7,200,10.160206
2026-09-17T03:47:43.449634584Z,book,full,a42d74844cf7,200,10.123528
2026-09-17T03:47:43.51032932Z,book,full,a42d74844cf7,200,10.743416
2026-09-17T03:47:43.57510079Z,book,full,a42d74844cf7,200,15.895451
2026-09-17T03:47:43.630270491Z,book,full,a42d74844cf7,200,10.418861
2026-09-17T03:47:43.690580567Z,book,full,a42d74844cf7,200,10.818537
2026-09-17T03:47:43.748319288Z,book,full,a42d74844cf7,200,9.131939
2026-09-17T03:47:43.809712336Z,book,full,a42d74844cf7,200,10.72372
2026-09-17T03:47:43.87012505Z,book,full,a42d74844cf7,200,10.606935
2026-09-17T03:47:43.929287978Z,book,full,a42d74844cf7,200,9.467799
2026-09-17T03:47:43.990167849Z,book,full,a42d74844cf7,200,10.186473
2026-09-17T03:47:44.048968453Z,book,full,a42d74844cf7,200,10.020111
2026-09-17T03:47:44.112332903Z,book,full,a42d74844cf7,200,12.64019
2026-09-17T03:47:44.169871941Z,book,full,a42d74844cf7,200,10.881645
2026-09-17T03:47:44.230820417Z,book,full,a42d74844cf7,200,11.227302
2026-09-17T03:47:44.289507371Z,book,full,a42d74844cf7,200,10.103357
2026-09-17T03:47:44.349080045Z,book,full,a42d74844cf7,200,9.862498
2026-09-17T03:47:44.410115072Z,book,full,a42d74844cf7,200,10.253468
2026-09-17T03:47:44.470949996Z,book,full,a42d74844cf7,200,11.050017
2026-09-17T03:47:44.529373009Z,book,full,a42d74844cf7,200,9.59728
2026-09-17T03:47:44.590426127Z,book,full,a42d74844cf7,200,10.378817
2026-09-17T03:47:44.649988085Z,book,full,a42d74844cf7,200,11.059708
2026-09-17T03:47:44.70978775Z,book,full,a42d74844cf7,200,9.874021
2026-09-17T03:47:44.771374858Z,book,full,a42d74844cf7,200,11.528794
2026-09-17T03:47:44.829177029Z,book,full,a42d74844cf7,200,10.079402
2026-09-17T03:47:44.889335766Z,book,full,a42d74844cf7,200,9.509075
2026-09-17T03:47:44.94867343Z,book,full,a42d74844cf7,200,9.648755
2026-09-17T03:47:45.00986366Z,book,full,a42d74844cf7,200,10.378829
2026-09-17T03:47:45.06998731Z,book,full,a42d74844cf7,200,10.363098
2026-09-17T03:47:45.128658952Z,book,full,a42d74844cf7,200,8.933712
2026-09-17T03:47:45.189715111Z,book,full,a42d74844cf7,200,10.28033
2026-09-17T03:47:45.249486849Z,book,full,a42d74844cf7,200,9.992628
2026-09-17T03:47:45.310211947Z,book,full,a42d74844cf7,200,11.003323
2026-09-17T03:47:45.371672036Z,book,full,a42d74844cf7,200,12.676797
2026-09-17T03:47:45.429335848Z,book,full,a42d74844cf7,200,9.758986
2026-09-17T03:47:45.490706901Z,book,full,a42d74844cf7,200,10.711368
2026-09-17T03:47:45.555724847Z,book,full,a42d74844cf7,200,15.831886
2026-09-17T03:47:45.608599859Z,book,full,a42d74844cf7,200,9.451434
2026-09-17T03:47:45.668558678Z,book,full,a42d74844cf7,200,9.31426
2026-09-17T03:47:45.730323598Z,book,full,a42d74844cf7,200,11.272204
2026-09-17T03:47:45.790558245Z,book,full,a42d74844cf7,200,10.605584
2026-09-17T03:47:45.848813957Z,book,full,a42d74844cf7,200,9.528016
2026-09-17T03:47:45.911042933Z,book,full,a42d74844cf7,200,11.431982
2026-09-17T03:47:45.968652426Z,book,full,a42d74844cf7,200,8.824744
2026-09-17T03:47:46.028915276Z,book,full,a42d74844cf7,200,9.791176
2026-09-17T03:47:46.091207306Z,book,full,a42d74844cf7,200,11.60614
2026-09-17T03:47:46.150101145Z,book,full,a42d74844cf7,200,10.26296
2026-09-17T03:47:46.209848916Z,book,full,a42d74844cf7,200,10.046505
2026-09-17T03:47:46.269244942Z,book,full,a42d74844cf7,200,9.676167
2026-09-17T03:47:46.329828655Z,book,full,a42d74844cf7,200,9.891168
2026-09-17T03:47:46.38962443Z,book,full,a42d74844cf7,200,9.95664
2026-09-17T03:47:46.449030887Z,book,full,a42d74844cf7,200,9.489951
2026-09-17T03:47:46.509846857Z,book,full,a42d74844cf7,200,10.069849
2026-09-17T03:47:46.571124182Z,book,full,a42d74844cf7,200,11.381932
2026-09-17T03:47:46.629419566Z,book,full,a42d74844cf7,200,10.358226
2026-09-17T03:47:46.690445712Z,book,full,a42d74844cf7,200,10.466038
2026-09-17T03:47:46.749551826Z,book,full,a42d74844cf7,200,10.521418
2026-09-17T03:47:46.808958743Z,book,full,a42d74844cf7,200,9.637193
2026-09-17T03:47:46.870460245Z,book,full,a42d74844cf7,200,10.54696
2026-09-17T03:47:46.928863143Z,book,full,a42d74844cf7,200,9.316975
2026-09-17T03:47:46.989849036Z,book,full,a42d74844cf7,200,10.116394
2026-09-17T03:47:47.048934501Z,book,full,a42d74844cf7,200,9.238904
2026-09-17T03:47:47.109823148Z,book,full,a42d74844cf7,200,9.98618
2026-09-17T03:47:47.170847318Z,book,full,a42d74844cf7,200,11.06737
2026-09-17T03:47:47.229436492Z,book,full,a42d74844cf7,200,9.663445
2026-09-17T03:47:47.290223346Z,book,full,a42d74844cf7,200,10.229538
2026-09-17T03:47:47.348422678Z,book,full,a42d74844cf7,200,9.477452
2026-09-17T03:47:47.409029605Z,book,full,a42d74844cf7,200,9.712656
2026-09-17T03:47:47.470289983Z,book,full,a42d74844cf7,200,10.145302
2026-09-17T03:47:47.529400023Z,book,full,a42d74844cf7,200,9.881808
2026-09-17T03:47:47.589554799Z,book,full,a42d74844cf7,200,9.859569
2026-09-17T03:47:47.648964126Z,book,full,a42d74844cf7,200,9.642912
2026-09-17T03:47:47.709297701Z,book,full,a42d74844cf7,200,9.545406
2026-09-17T03:47:47.770227379Z,book,full,a42d74844cf7,200,10.701356
2026-09-17T03:47:47.830739448Z,book,full,a42d74844cf7,200,10.771362
2026-09-17T03:47:47.890281554Z,book,full,a42d74844cf7,200,11.018754
2026-09-17T03:47:47.950127783Z,book,full,a42d74844cf7,200,10.87899
2026-09-17T03:47:48.010307317Z,book,full,a42d74844cf7,200,10.380398
2026-09-17T03:47:48.070920953Z,book,full,a42d74844cf7,200,10.990483
2026-09-17T03:47:48.133632599Z,book,full,a42d74844cf7,200,14.031954
2026-09-17T03:47:48.194250649Z,book,full,a42d74844cf7,200,15.195549
2026-09-17T03:47:48.250207791Z,book,full,a42d74844cf7,200,11.186437
2026-09-17T03:47:48.309806472Z,book,full,a42d74844cf7,200,9.812027
2026-09-17T03:47:48.368880124Z,book,full,a42d74844cf7,200,9.064491
2026-09-17T03:47:48.428335115Z,book,full,a42d74844cf7,200,8.743159
2026-09-17T03:47:48.490399588Z,book,full,a42d74844cf7,200,10.509039
2026-09-17T03:47:48.549184008Z,book,full,a42d74844cf7,200,10.204871
2026-09-17T03:47:48.609411191Z,book,full,a42d74844cf7,200,10.141696
2026-09-17T03:47:48.671550165Z,book,full,a42d74844cf7,200,12.441152
2026-09-17T03:47:48.725973836Z,book,full,a42d74844cf7,200,9.53576
2026-09-17T03:47:48.786816599Z,book,full,a42d74844cf7,200,10.180939
2026-09-17T03:47:48.845036166Z,book,full,a42d74844cf7,200,8.596257
2026-09-17T03:47:48.906243306Z,book,full,a42d74844cf7,200,10.249859
2026-09-17T03:47:48.965435726Z,book,full,a42d74844cf7,200,9.527699
2026-09-17T03:47:49.027483933Z,book,full,a42d74844cf7,200,11.178761
2026-09-17T03:47:49.089209576Z,book,full,a42d74844cf7,200,13.373479
2026-09-17T03:47:49.148298029Z,book,full,a42d74844cf7,200,12.42475
2026-09-17T03:47:49.206796758Z,book,full,a42d74844cf7,200,10.740264
2026-09-17T03:47:49.266645579Z,book,full,a42d74844cf7,200,10.893906
2026-09-17T03:47:49.325691147Z,book,full,a42d74844cf7,200,9.193219
2026-09-17T03:47:49.386646598Z,book,full,a42d74844cf7,200,10.249077
2026-09-17T03:47:49.445818308Z,book,full,a42d74844cf7,200,9.285477
2026-09-17T03:47:49.506495069Z,book,full,a42d74844cf7,200,9.750737
2026-09-17T03:47:49.566546463Z,book,full,a42d74844cf7,200,10.006331
2026-09-17T03:47:49.625602113Z,book,full,a42d74844cf7,200,9.292438
2026-09-17T03:47:49.686550755Z,book,full,a42d74844cf7,200,10.091791
2026-09-17T03:47:49.745842373Z,book,full,a42d74844cf7,200,9.766974
2026-09-17T03:47:49.807081982Z,book,full,a42d74844cf7,200,10.458151
2026-09-17T03:47:49.865662361Z,book,full,a42d74844cf7,200,9.922185
2026-09-17T03:47:49.925139553Z,book,full,a42d74844cf7,200,8.820628
2026-09-17T03:47:49.984751201Z,book,full,a42d74844cf7,200,8.911926
2026-09-17T03:47:50.04629305Z,book,full,a42d74844cf7,200,9.828676
2026-09-17T03:47:50.105291627Z,book,full,a42d74844cf7,200,9.214481
2026-09-17T03:47:50.16665126Z,book,full,a42d74844cf7,200,10.462073
2026-09-17T03:47:50.226300453Z,book,full,a42d74844cf7,200,9.950004
2026-09-17T03:47:50.285824829Z,book,full,a42d74844cf7,200,9.960935
2026-09-17T03:47:50.348536849Z,book,full,a42d74844cf7,200,11.917009
2026-09-17T03:47:50.406527331Z,book,full,a42d74844cf7,200,10.294082
2026-09-17T03:47:50.466665809Z,book,full,a42d74844cf7,200,10.518509
2026-09-17T03:47:50.525800948Z,book,full,a42d74844cf7,200,9.353552
2026-09-17T03:47:50.587466941Z,book,full,a42d74844cf7,200,11.109882
2026-09-17T03:47:50.646240562Z,book,full,a42d74844cf7,200,9.843269
2026-09-17T03:47:50.706692136Z,book,full,a42d74844cf7,200,10.594725
2026-09-17T03:47:50.766546645Z,book,full,a42d74844cf7,200,10.100208
2026-09-17T03:47:50.826561726Z,book,full,a42d74844cf7,200,10.349927
2026-09-17T03:47:50.889999616Z,book,full,a42d74844cf7,200,13.961454
2026-09-17T03:47:50.947612382Z,book,full,a42d74844cf7,200,11.122369
2026-09-17T03:47:51.006756509Z,book,full,a42d74844cf7,200,10.235758
2026-09-17T03:47:51.066850856Z,book,full,a42d74844cf7,200,10.351607
2026-09-17T03:47:51.126438956Z,book,full,a42d74844cf7,200,9.952386
2026-09-17T03:47:51.185988192Z,book,full,a42d74844cf7,200,9.651123
2026-09-17T03:47:51.245116646Z,book,full,a42d74844cf7,200,9.431281
2026-09-17T03:47:51.305664525Z,book,full,a42d74844cf7,200,9.858838
2026-09-17T03:47:51.366731265Z,book,full,a42d74844cf7,200,10.059275
2026-09-17T03:47:51.426273412Z,book,full,a42d74844cf7,200,9.832686
2026-09-17T03:47:51.486622218Z,book,full,a42d74844cf7,200,10.764115
2026-09-17T03:47:51.545319061Z,book,full,a42d74844cf7,200,9.186989
2026-09-17T03:47:51.611276643Z,book,full,a42d74844cf7,200,14.453754
2026-09-17T03:47:51.666100561Z,book,full,a42d74844cf7,200,10.201665
2026-09-17T03:47:51.724973658Z,book,full,a42d74844cf7,200,9.287608
2026-09-17T03:47:51.787044351Z,book,full,a42d74844cf7,200,10.403909
2026-09-17T03:47:51.846139771Z,book,full,a42d74844cf7,200,10.196752
2026-09-17T03:47:51.904908535Z,book,full,a42d74844cf7,200,8.943753
2026-09-17T03:47:51.967044183Z,book,full,a42d74844cf7,200,10.40054
2026-09-17T03:47:52.025137828Z,book,full,a42d74844cf7,200,9.302009
2026-09-17T03:47:52.085781076Z,book,full,a42d74844cf7,200,9.973451
2026-09-17T03:47:52.147590925Z,book,full,a42d74844cf7,200,11.6031
2026-09-17T03:47:52.206763434Z,book,full,a42d74844cf7,200,10.110719
2026-09-17T03:47:52.26643393Z,book,full,a42d74844cf7,200,9.928575
2026-09-17T03:47:52.325272036Z,book,full,a42d74844cf7,200,9.190957
2026-09-17T03:47:52.386466163Z,book,full,a42d74844cf7,200,10.443622
2026-09-17T03:47:52.447435114Z,book,full,a42d74844cf7,200,11.176485
2026-09-17T03:47:52.506021337Z,book,full,a42d74844cf7,200,9.771531
2026-09-17T03:47:52.565543709Z,book,full,a42d74844cf7,200,9.832666
2026-09-17T03:47:52.62680753Z,book,full,a42d74844cf7,200,10.386465
2026-09-17T03:47:52.685983447Z,book,full,a42d74844cf7,200,9.725428
2026-09-17T03:47:52.745493148Z,book,full,a42d74844cf7,200,9.874029
2026-09-17T03:47:52.809803106Z,book,full,a42d74844cf7,200,13.227457
2026-09-17T03:47:52.867701194Z,book,full,a42d74844cf7,200,11.276612
2026-09-17T03:47:52.928176778Z,book,full,a42d74844cf7,200,11.393115
2026-09-17T03:47:52.986580534Z,book,full,a42d74844cf7,200,10.55911
2026-09-17T03:47:53.04686344Z,book,full,a42d74844cf7,200,10.419069
2026-09-17T03:47:53.106497351Z,book,full,a42d74844cf7,200,9.864269
2026-09-17T03:47:53.168370198Z,book,full,a42d74844cf7,200,11.961778
2026-09-17T03:47:53.225900134Z,book,full,a42d74844cf7,200,9.74949
2026-09-17T03:47:53.288568708Z,book,full,a42d74844cf7,200,12.258499
2026-09-17T03:47:53.345916879Z,book,full,a42d74844cf7,200,10.004529
2026-09-17T03:47:53.408912389Z,book,full,a42d74844cf7,200,11.830367
2026-09-17T03:47:53.466276851Z,book,full,a42d74844cf7,200,9.694935
2026-09-17T03:47:53.529596724Z,book,full,a42d74844cf7,200,13.671674
2026-09-17T03:47:53.58592956Z,book,full,a42d74844cf7,200,9.814475
2026-09-17T03:47:53.646385231Z,book,full,a42d74844cf7,200,9.944434
2026-09-17T03:47:53.706067879Z,book,full,a42d74844cf7,200,9.835609
2026-09-17T03:47:53.765522871Z,book,full,a42d74844cf7,200,9.726078
2026-09-17T03:47:53.825765217Z,book,full,a42d74844cf7,200,9.558706
2026-09-17T03:47:53.885656328Z,book,full,a42d74844cf7,200,9.153106
2026-09-17T03:47:53.946298614Z,book,full,a42d74844cf7,200,10.01046
2026-09-17T03:47:54.0048686Z,book,full,a42d74844cf7,200,8.878549
2026-09-17T03:47:54.068108309Z,book,full,a42d74844cf7,200,11.496455
2026-09-17T03:47:54.126798145Z,book,full,a42d74844cf7,200,10.571701
2026-09-17T03:47:54.188151823Z,book,full,a42d74844cf7,200,11.782169
2026-09-17T03:47:54.245960739Z,book,full,a42d74844cf7,200,10.100543
2026-09-17T03:47:54.306118848Z,book,full,a42d74844cf7,200,10.250047
2026-09-17T03:47:54.366772374Z,book,full,a42d74844cf7,200,10.868192
2026-09-17T03:47:54.426091583Z,book,full,a42d74844cf7,200,9.552835
2026-09-17T03:47:54.486612623Z,book,full,a42d74844cf7,200,10.612528
2026-09-17T03:47:54.546900418Z,book,full,a42d74844cf7,200,10.540676
2026-09-17T03:47:54.606803498Z,book,full,a42d74844cf7,200,10.182883
2026-09-17T03:47:54.666559078Z,book,full,a42d74844cf7,200,10.109578
2026-09-17T03:47:54.726049239Z,book,full,a42d74844cf7,200,9.688465
2026-09-17T03:47:54.786891759Z,book,full,a42d74844cf7,200,10.17904
2026-09-17T03:47:54.847127457Z,book,full,a42d74844cf7,200,10.641075
2026-09-17T03:47:54.906011358Z,book,full,a42d74844cf7,200,10.171691
2026-09-17T03:47:54.965501149Z,book,full,a42d74844cf7,200,9.848727
2026-09-17T03:47:55.025397539Z,book,full,a42d74844cf7,200,9.116433
2026-09-17T03:47:55.086441005Z,book,full,a42d74844cf7,200,10.330648
2026-09-17T03:47:55.146847031Z,book,full,a42d74844cf7,200,10.509896
2026-09-17T03:47:55.205819448Z,book,full,a42d74844cf7,200,10.242377
2026-09-17T03:47:55.266415778Z,book,full,a42d74844cf7,200,9.90869
2026-09-17T03:47:55.327316963Z,book,full,a42d74844cf7,200,11.260671
2026-09-17T03:47:55.387069212Z,book,full,a42d74844cf7,200,11.263755
2026-09-17T03:47:55.44598937Z,book,full,a42d74844cf7,200,10.184804
2026-09-17T03:47:55.506607354Z,book,full,a42d74844cf7,200,10.100641
2026-09-17T03:47:55.566634043Z,book,full,a42d74844cf7,200,10.306051
2026-09-17T03:47:55.629573528Z,book,full,a42d74844cf7,200,13.27369
2026-09-17T03:47:55.686427625Z,book,full,a42d74844cf7,200,10.47311
2026-09-17T03:47:55.746005491Z,book,full,a42d74844cf7,200,9.809453
2026-09-17T03:47:55.805972896Z,book,full,a42d74844cf7,200,9.308387
2026-09-17T03:47:55.866452859Z,book,full,a42d74844cf7,200,9.790902
2026-09-17T03:47:55.931683511Z,book,full,a42d74844cf7,200,15.45264
2026-09-17T03:47:55.985298109Z,book,full,a42d74844cf7,200,9.216871
2026-09-17T03:47:56.048601624Z,book,full,a42d74844cf7,200,12.473665
2026-09-17T03:47:56.106252364Z,book,full,a42d74844cf7,200,9.935023
2026-09-17T03:47:56.166526861Z,book,full,a42d74844cf7,200,10.484534
2026-09-17T03:47:56.225433337Z,book,full,a42d74844cf7,200,9.388494
2026-09-17T03:47:56.286101576Z,book,full,a42d74844cf7,200,9.810355
2026-09-17T03:47:56.344850813Z,book,full,a42d74844cf7,200,8.991902
2026-09-17T03:47:56.404536528Z,book,full,a42d74844cf7,200,8.069564
2026-09-17T03:47:56.466385643Z,book,full,a42d74844cf7,200,10.131338
2026-09-17T03:47:56.525932282Z,book,full,a42d74844cf7,200,9.51026
2026-09-17T03:47:56.588943875Z,book,full,a42d74844cf7,200,12.546679
2026-09-17T03:47:56.648575885Z,book,full,a42d74844cf7,200,11.893452
2026-09-17T03:47:56.70665076Z,book,full,a42d74844cf7,200,10.136278
2026-09-17T03:47:56.766141905Z,book,full,a42d74844cf7,200,9.772317
2026-09-17T03:47:56.825885348Z,book,full,a42d74844cf7,200,9.952634
2026-09-17T03:47:56.886909133Z,book,full,a42d74844cf7,200,10.405387
2026-09-17T03:47:56.946370975Z,book,full,a42d74844cf7,200,9.766245
2026-09-17T03:47:57.005977069Z,book,full,a42d74844cf7,200,9.858307
2026-09-17T03:47:57.066055732Z,book,full,a42d74844cf7,200,10.413279
2026-09-17T03:47:57.125419872Z,book,full,a42d74844cf7,200,9.812643
2026-09-17T03:47:57.186313687Z,book,full,a42d74844cf7,200,9.819745
2026-09-17T03:47:57.24597972Z,book,full,a42d74844cf7,200,9.889258
2026-09-17T03:47:57.305436236Z,book,full,a42d74844cf7,200,9.834884
2026-09-17T03:47:57.366461719Z,book,full,a42d74844cf7,200,10.02852
2026-09-17T03:47:57.426347871Z,book,full,a42d74844cf7,200,9.790573
2026-09-17T03:47:57.48594735Z,book,full,a42d74844cf7,200,9.722208
2026-09-17T03:47:57.546006642Z,book,full,a42d74844cf7,200,9.560955
2026-09-17T03:47:57.605156309Z,book,full,a42d74844cf7,200,9.276405
2026-09-17T03:47:57.666026142Z,book,full,a42d74844cf7,200,10.16746
2026-09-17T03:47:57.725704271Z,book,full,a42d74844cf7,200,9.405361
2026-09-17T03:47:57.787165019Z,book,full,a42d74844cf7,200,10.881016
2026-09-17T03:47:57.845671236Z,book,full,a42d74844cf7,200,9.837936
2026-09-17T03:47:57.906964756Z,book,full,a42d74844cf7,200,10.564756
2026-09-17T03:47:57.96537639Z,book,full,a42d74844cf7,200,9.677045
2026-09-17T03:47:58.025858394Z,book,full,a42d74844cf7,200,9.260648
2026-09-17T03:47:58.086799362Z,book,full,a42d74844cf7,200,10.319091
2026-09-17T03:47:58.146502267Z,book,full,a42d74844cf7,200,10.042716
2026-09-17T03:47:58.206224689Z,book,full,a42d74844cf7,200,10.028893
2026-09-17T03:47:58.265988095Z,book,full,a42d74844cf7,200,9.686883
2026-09-17T03:47:58.327320305Z,book,full,a42d74844cf7,200,10.606148
2026-09-17T03:47:58.386564642Z,book,full,a42d74844cf7,200,10.301031
2026-09-17T03:47:58.446901465Z,book,full,a42d74844cf7,200,10.482204
2026-09-17T03:47:58.506200598Z,book,full,a42d74844cf7,200,9.549061
2026-09-17T03:47:58.56727057Z,book,full,a42d74844cf7,200,11.169225
2026-09-17T03:47:58.627244553Z,book,full,a42d74844cf7,200,11.152514
2026-09-17T03:47:58.690773666Z,book,full,a42d74844cf7,200,14.848396
2026-09-17T03:47:58.74720061Z,book,full,a42d74844cf7,200,10.423539
2026-09-17T03:47:58.805338601Z,book,full,a42d74844cf7,200,9.48189
2026-09-17T03:47:58.866236184Z,book,full,a42d74844cf7,200,9.979584
2026-09-17T03:47:58.930197847Z,book,full,a42d74844cf7,200,14.208811
2026-09-17T03:47:58.985290809Z,book,full,a42d74844cf7,200,9.400284
2026-09-17T03:47:59.050502101Z,book,full,a42d74844cf7,200,14.419195
2026-09-17T03:47:59.105581126Z,book,full,a42d74844cf7,200,9.410275
2026-09-17T03:47:59.167390079Z,book,full,a42d74844cf7,200,11.008902
2026-09-17T03:47:59.226564942Z,book,full,a42d74844cf7,200,10.19311
2026-09-17T03:47:59.286322391Z,book,full,a42d74844cf7,200,10.129792
2026-09-17T03:47:59.348923951Z,book,full,a42d74844cf7,200,12.987083
2026-09-17T03:47:59.406885308Z,book,full,a42d74844cf7,200,10.245501
2026-09-17T03:47:59.465960003Z,book,full,a42d74844cf7,200,10.059076
2026-09-17T03:47:59.526162865Z,book,full,a42d74844cf7,200,10.19268
2026-09-17T03:47:59.585077297Z,book,full,a42d74844cf7,200,9.406389
2026-09-17T03:47:59.645539614Z,book,full,a42d74844cf7,200,9.866399
2026-09-17T03:47:59.706093013Z,book,full,a42d74844cf7,200,9.880603
2026-09-17T03:47:59.765411606Z,book,full,a42d74844cf7,200,9.214574
2026-09-17T03:47:59.825637812Z,book,full,a42d74844cf7,200,9.538174
2026-09-17T03:47:59.887216683Z,book,full,a42d74844cf7,200,10.879445
2026-09-17T03:47:59.946473316Z,book,full,a42d74844cf7,200,10.579741
2026-09-17T03:48:00.006215524Z,book,full,a42d74844cf7,200,10.02353
2026-09-17T03:48:00.066320045Z,book,full,a42d74844cf7,200,10.389412
2026-09-17T03:48:00.125391429Z,book,full,a42d74844cf7,200,9.118714
2026-09-17T03:48:00.185425135Z,book,full,a42d74844cf7,200,9.374753
2026-09-17T03:48:00.246225016Z,book,full,a42d74844cf7,200,9.976217
2026-09-17T03:48:00.307312091Z,book,full,a42d74844cf7,200,11.377918
2026-09-17T03:48:00.366458197Z,book,full,a42d74844cf7,200,10.350139
2026-09-17T03:48:00.426892201Z,book,full,a42d74844cf7,200,10.78156
2026-09-17T03:48:00.486391156Z,book,full,a42d74844cf7,200,10.101994
2026-09-17T03:48:00.547274693Z,book,full,a42d74844cf7,200,11.233184
2026-09-17T03:48:00.605794633Z,book,full,a42d74844cf7,200,9.84641
2026-09-17T03:48:00.666484998Z,book,full,a42d74844cf7,200,9.988597
2026-09-17T03:48:00.725328751Z,book,full,a42d74844cf7,200,9.344221
2026-09-17T03:48:00.786554926Z,book,full,a42d74844cf7,200,10.487559
2026-09-17T03:48:00.847787629Z,book,full,a42d74844cf7,200,11.224933
2026-09-17T03:48:00.906764273Z,book,full,a42d74844cf7,200,10.174045
2026-09-17T03:48:00.967258473Z,book,full,a42d74844cf7,200,10.646657
2026-09-17T03:48:01.026147329Z,book,full,a42d74844cf7,200,9.774534
2026-09-17T03:48:01.08745861Z,book,full,a42d74844cf7,200,10.608377
2026-09-17T03:48:01.14585442Z,book,full,a42d74844cf7,200,9.866762
2026-09-17T03:48:01.207006308Z,book,full,a42d74844cf7,200,10.353518
2026-09-17T03:48:01.268513904Z,book,full,a42d74844cf7,200,11.583437
2026-09-17T03:48:01.326208721Z,book,full,a42d74844cf7,200,9.685867
2026-09-17T03:48:01.389294224Z,book,full,a42d74844cf7,200,13.406427
2026-09-17T03:48:01.446504365Z,book,full,a42d74844cf7,200,10.371579
2026-09-17T03:48:01.507707387Z,book,full,a42d74844cf7,200,10.765514
2026-09-17T03:48:01.565232267Z,book,full,a42d74844cf7,200,9.190386
2026-09-17T03:48:01.625789495Z,book,full,a42d74844cf7,200,9.705038
2026-09-17T03:48:01.687255407Z,book,full,a42d74844cf7,200,10.863487
2026-09-17T03:48:01.74594523Z,book,full,a42d74844cf7,200,10.101495
2026-09-17T03:48:01.80593443Z,book,full,a42d74844cf7,200,9.901984
2026-09-17T03:48:01.866067277Z,book,full,a42d74844cf7,200,10.04514
2026-09-17T03:48:01.92639122Z,book,full,a42d74844cf7,200,10.742682
2026-09-17T03:48:01.987737868Z,book,full,a42d74844cf7,200,11.867282
2026-09-17T03:48:02.047200448Z,book,full,a42d74844cf7,200,10.816763
2026-09-17T03:48:02.105946125Z,book,full,a42d74844cf7,200,10.010492
2026-09-17T03:48:02.166276502Z,book,full,a42d74844cf7,200,9.655176
2026-09-17T03:48:02.226038255Z,book,full,a42d74844cf7,200,9.948359
2026-09-17T03:48:02.285927173Z,book,full,a42d74844cf7,200,9.434035
2026-09-17T03:48:02.345438204Z,book,full,a42d74844cf7,200,9.70204
2026-09-17T03:48:02.404257656Z,book,full,a42d74844cf7,200,8.048073
2026-09-17T03:48:02.465072818Z,book,full,a42d74844cf7,200,9.162429
2026-09-17T03:48:02.525490031Z,book,full,a42d74844cf7,200,9.655125
2026-09-17T03:48:02.586783859Z,book,full,a42d74844cf7,200,10.556383
2026-09-17T03:48:02.646326125Z,book,full,a42d74844cf7,200,9.82049
2026-09-17T03:48:02.70571821Z,book,full,a42d74844cf7,200,9.642414
2026-09-17T03:48:02.768581426Z,book,full,a42d74844cf7,200,12.056714
2026-09-17T03:48:02.826423577Z,book,full,a42d74844cf7,200,10.119342
2026-09-17T03:48:02.886645596Z,book,full,a42d74844cf7,200,10.595158
2026-09-17T03:48:02.946667279Z,book,full,a42d74844cf7,200,10.464937
2026-09-17T03:48:03.006456284Z,book,full,a42d74844cf7,200,10.118196
2026-09-17T03:48:03.065899083Z,book,full,a42d74844cf7,200,9.610713
2026-09-17T03:48:03.127496975Z,book,full,a42d74844cf7,200,10.724813
2026-09-17T03:48:03.185325052Z,book,full,a42d74844cf7,200,9.384924
2026-09-17T03:48:03.247066044Z,book,full,a42d74844cf7,200,11.002347
2026-09-17T03:48:03.305993163Z,book,full,a42d74844cf7,200,10.07828
2026-09-17T03:48:03.366285906Z,book,full,a42d74844cf7,200,10.489577
2026-09-17T03:48:03.426868296Z,book,full,a42d74844cf7,200,10.854142
2026-09-17T03:48:03.48575008Z,book,full,a42d74844cf7,200,9.375846
2026-09-17T03:48:03.546302353Z,book,full,a42d74844cf7,200,9.915005
2026-09-17T03:48:03.606172163Z,book,full,a42d74844cf7,200,9.942406
2026-09-17T03:48:03.666013383Z,book,full,a42d74844cf7,200,10.025664
2026-09-17T03:48:03.726274814Z,book,full,a42d74844cf7,200,10.095239
2026-09-17T03:48:03.790848189Z,book,full,a42d74844cf7,200,14.87517
2026-09-17T03:48:03.846512355Z,book,full,a42d74844cf7,200,9.756653
2026-09-17T03:48:03.906582295Z,book,full,a42d74844cf7,200,10.146128
2026-09-17T03:48:03.966266468Z,book,full,a42d74844cf7,200,9.848971
2026-09-17T03:48:04.028121614Z,book,full,a42d74844cf7,200,12.056862
2026-09-17T03:48:04.086882196Z,book,full,a42d74844cf7,200,10.374489
2026-09-17T03:48:04.146769919Z,book,full,a42d74844cf7,200,10.134481
2026-09-17T03:48:04.205879773Z,book,full,a42d74844cf7,200,9.436623
2026-09-17T03:48:04.266185756Z,book,full,a42d74844cf7,200,10.223677
2026-09-17T03:48:04.325301342Z,book,full,a42d74844cf7,200,9.44456
2026-09-17T03:48:04.384838168Z,book,full,a42d74844cf7,200,8.869006
2026-09-17T03:48:04.445896078Z,book,full,a42d74844cf7,200,10.184467
2026-09-17T03:48:04.506680179Z,book,full,a42d74844cf7,200,9.95468
2026-09-17T03:48:04.566747605Z,book,full,a42d74844cf7,200,10.315805
2026-09-17T03:48:04.625537051Z,book,full,a42d74844cf7,200,9.760084
2026-09-17T03:48:04.686833509Z,book,full,a42d74844cf7,200,10.480945
2026-09-17T03:48:04.746493859Z,book,full,a42d74844cf7,200,9.862571
2026-09-17T03:48:04.806032877Z,book,full,a42d74844cf7,200,10.005334
2026-09-17T03:48:04.865643612Z,book,full,a42d74844cf7,200,9.984283
2026-09-17T03:48:04.92573421Z,book,full,a42d74844cf7,200,9.298184
2026-09-17T03:48:04.985945413Z,book,full,a42d74844cf7,200,9.671848
2026-09-17T03:48:05.046522317Z,book,full,a42d74844cf7,200,9.874091
2026-09-17T03:48:05.10545822Z,book,full,a42d74844cf7,200,9.206954
2026-09-17T03:48:05.167204872Z,book,full,a42d74844cf7,200,10.882598
2026-09-17T03:48:05.225860582Z,book,full,a42d74844cf7,200,10.009303
2026-09-17T03:48:05.288136256Z,book,full,a42d74844cf7,200,11.614469
2026-09-17T03:48:05.346022781Z,book,full,a42d74844cf7,200,10.354353
2026-09-17T03:48:05.406976499Z,book,full,a42d74844cf7,200,10.322237
2026-09-17T03:48:05.465872496Z,book,full,a42d74844cf7,200,10.199788
2026-09-17T03:48:05.526824594Z,book,full,a42d74844cf7,200,10.220013
2026-09-17T03:48:05.586111381Z,book,full,a42d74844cf7,200,9.635172
2026-09-17T03:48:05.646819321Z,book,full,a42d74844cf7,200,10.710379
2026-09-17T03:48:05.70537911Z,book,full,a42d74844cf7,200,8.880534
2026-09-17T03:48:05.76616323Z,book,full,a42d74844cf7,200,10.150757
2026-09-17T03:48:05.825598123Z,book,full,a42d74844cf7,200,9.901645
2026-09-17T03:48:05.885617306Z,book,full,a42d74844cf7,200,9.1648
2026-09-17T03:48:05.945704234Z,book,full,a42d74844cf7,200,9.474893
2026-09-17T03:48:06.006896861Z,book,full,a42d74844cf7,200,10.472754
2026-09-17T03:48:06.067124363Z,book,full,a42d74844cf7,200,10.608268
2026-09-17T03:48:06.125931705Z,book,full,a42d74844cf7,200,10.074458
2026-09-17T03:48:06.18572993Z,book,full,a42d74844cf7,200,9.279727
2026-09-17T03:48:06.246104531Z,book,full,a42d74844cf7,200,9.723482
2026-09-17T03:48:06.305460909Z,book,full,a42d74844cf7,200,9.64388
2026-09-17T03:48:06.365443333Z,book,full,a42d74844cf7,200,8.997027
2026-09-17T03:48:06.426137415Z,book,full,a42d74844cf7,200,9.625393
2026-09-17T03:48:06.485105199Z,book,full,a42d74844cf7,200,9.184161
2026-09-17T03:48:06.547900491Z,book,full,a42d74844cf7,200,12.236567
2026-09-17T03:48:06.611192919Z,book,full,a42d74844cf7,200,14.153828
2026-09-17T03:48:06.668115418Z,book,full,a42d74844cf7,200,11.509875
2026-09-17T03:48:06.726225978Z,book,full,a42d74844cf7,200,10.442475
2026-09-17T03:48:06.785151518Z,book,full,a42d74844cf7,200,9.510375
2026-09-17T03:48:06.845837736Z,book,full,a42d74844cf7,200,9.983176
2026-09-17T03:48:06.907351066Z,book,full,a42d74844cf7,200,10.762139
2026-09-17T03:48:06.965884149Z,book,full,a42d74844cf7,200,9.486674
2026-09-17T03:48:07.02562377Z,book,full,a42d74844cf7,200,10.071387
2026-09-17T03:48:07.085708227Z,book,full,a42d74844cf7,200,9.081397
2026-09-17T03:48:07.145759883Z,book,full,a42d74844cf7,200,9.283549
2026-09-17T03:48:07.205647694Z,book,full,a42d74844cf7,200,9.184321
2026-09-17T03:48:07.26648276Z,book,full,a42d74844cf7,200,10.161064
2026-09-17T03:48:07.326174028Z,book,full,a42d74844cf7,200,9.860401
2026-09-17T03:48:07.385708694Z,book,full,a42d74844cf7,200,9.023827
2026-09-17T03:48:07.447791739Z,book,full,a42d74844cf7,200,11.01878
2026-09-17T03:48:07.505121003Z,book,full,a42d74844cf7,200,9.015597
2026-09-17T03:48:07.565561673Z,book,full,a42d74844cf7,200,9.888054
2026-09-17T03:48:07.626218249Z,book,full,a42d74844cf7,200,9.947579
2026-09-17T03:48:07.685692771Z,book,full,a42d74844cf7,200,10.133771
2026-09-17T03:48:07.746351003Z,book,full,a42d74844cf7,200,10.019014
2026-09-17T03:48:07.808965211Z,book,full,a42d74844cf7,200,12.76237
2026-09-17T03:48:07.866585414Z,book,full,a42d74844cf7,200,9.994991
2026-09-17T03:48:07.925392426Z,book,full,a42d74844cf7,200,9.270439
2026-09-17T03:48:07.985694409Z,book,full,a42d74844cf7,200,9.557567
2026-09-17T03:48:08.048434477Z,book,full,a42d74844cf7,200,11.911067
2026-09-17T03:48:08.107383489Z,book,full,a42d74844cf7,200,11.106306
2026-09-17T03:48:08.165917718Z,book,full,a42d74844cf7,200,9.934916
2026-09-17T03:48:08.226555578Z,book,full,a42d74844cf7,200,10.018714
2026-09-17T03:48:08.286527183Z,book,full,a42d74844cf7,200,10.044205
2026-09-17T03:48:08.345912813Z,book,full,a42d74844cf7,200,10.310094
2026-09-17T03:48:08.404942163Z,book,full,a42d74844cf7,200,9.163836
2026-09-17T03:48:08.466182822Z,book,full,a42d74844cf7,200,9.45004
2026-09-17T03:48:08.525819351Z,book,full,a42d74844cf7,200,9.936858
2026-09-17T03:48:08.586103723Z,book,full,a42d74844cf7,200,9.407286
2026-09-17T03:48:08.646340961Z,book,full,a42d74844cf7,200,10.430266
2026-09-17T03:48:08.718254712Z,book,full,a42d74844cf7,200,22.180618
2026-09-17T03:48:08.767049158Z,book,full,a42d74844cf7,200,10.532498
2026-09-17T03:48:08.826048175Z,book,full,a42d74844cf7,200,10.247085
2026-09-17T03:48:08.88739953Z,book,full,a42d74844cf7,200,10.579522
2026-09-17T03:48:08.946972835Z,book,full,a42d74844cf7,200,10.774124
2026-09-17T03:48:09.008353911Z,book,full,a42d74844cf7,200,11.743237
2026-09-17T03:48:09.067293903Z,book,full,a42d74844cf7,200,11.037223
2026-09-17T03:48:09.128965098Z,book,full,a42d74844cf7,200,12.905692
2026-09-17T03:48:09.18641395Z,book,full,a42d74844cf7,200,10.036603
2026-09-17T03:48:09.24679799Z,book,full,a42d74844cf7,200,10.338783
2026-09-17T03:48:09.308668937Z,book,full,a42d74844cf7,200,11.558321
2026-09-17T03:48:09.366359153Z,book,full,a42d74844cf7,200,10.06676
2026-09-17T03:48:09.426044916Z,book,full,a42d74844cf7,200,9.949711
2026-09-17T03:48:09.485850889Z,book,full,a42d74844cf7,200,9.278851
2026-09-17T03:48:09.545952061Z,book,full,a42d74844cf7,200,9.440535
2026-09-17T03:48:09.606057914Z,book,full,a42d74844cf7,200,9.3349
2026-09-17T03:48:09.666403761Z,book,full,a42d74844cf7,200,10.832433
2026-09-17T03:48:09.72898053Z,book,full,a42d74844cf7,200,12.921298
2026-09-17T03:48:09.786056366Z,book,full,a42d74844cf7,200,9.716307
2026-09-17T03:48:09.845505222Z,book,full,a42d74844cf7,200,9.806338
2026-09-17T03:48:09.907335302Z,book,full,a42d74844cf7,200,10.998954
2026-09-17T03:48:09.965635936Z,book,full,a42d74844cf7,200,9.588832
2026-09-17T03:48:10.026313781Z,book,full,a42d74844cf7,200,10.023246
2026-09-17T03:48:10.085308078Z,book,full,a42d74844cf7,200,9.520285
2026-09-17T03:48:10.145897525Z,book,full,a42d74844cf7,200,9.836546
2026-09-17T03:48:10.206362813Z,book,full,a42d74844cf7,200,9.81744
2026-09-17T03:48:10.267848139Z,book,full,a42d74844cf7,200,11.864912
2026-09-17T03:48:10.327383365Z,book,full,a42d74844cf7,200,11.118281
2026-09-17T03:48:10.385428664Z,book,full,a42d74844cf7,200,9.335746
2026-09-17T03:48:10.446218319Z,book,full,a42d74844cf7,200,10.034528
2026-09-17T03:48:10.505808924Z,book,full,a42d74844cf7,200,9.882467
2026-09-17T03:48:10.565934318Z,book,full,a42d74844cf7,200,9.377809
2026-09-17T03:48:10.626427322Z,book,full,a42d74844cf7,200,9.861114
2026-09-17T03:48:10.685154513Z,book,full,a42d74844cf7,200,9.202101
2026-09-17T03:48:10.746479084Z,book,full,a42d74844cf7,200,10.641512
2026-09-17T03:48:10.805152265Z,book,full,a42d74844cf7,200,9.052223
2026-09-17T03:48:10.86533121Z,book,full,a42d74844cf7,200,9.460142
2026-09-17T03:48:10.925699939Z,book,full,a42d74844cf7,200,9.431943
2026-09-17T03:48:10.986750444Z,book,full,a42d74844cf7,200,10.184892
2026-09-17T03:48:11.049025869Z,book,full,a42d74844cf7,200,12.453985
2026-09-17T03:48:11.105721144Z,book,full,a42d74844cf7,200,9.936325
2026-09-17T03:48:11.167142414Z,book,full,a42d74844cf7,200,10.655228
2026-09-17T03:48:11.22576721Z,book,full,a42d74844cf7,200,9.950099
2026-09-17T03:48:11.285879029Z,book,full,a42d74844cf7,200,9.546198
2026-09-17T03:48:11.346204174Z,book,full,a42d74844cf7,200,10.237892
2026-09-17T03:48:11.405553389Z,book,full,a42d74844cf7,200,9.656866
2026-09-17T03:48:11.46630754Z,book,full,a42d74844cf7,200,9.925978
2026-09-17T03:48:11.527687401Z,book,full,a42d74844cf7,200,11.679272
2026-09-17T03:48:11.586535287Z,book,full,a42d74844cf7,200,10.474034
2026-09-17T03:48:11.647946821Z,book,full,a42d74844cf7,200,11.553411
2026-09-17T03:48:11.705637851Z,book,full,a42d74844cf7,200,9.762546
2026-09-17T03:48:11.767764344Z,book,full,a42d74844cf7,200,11.334194
2026-09-17T03:48:11.825706935Z,book,full,a42d74844cf7,200,9.285136
2026-09-17T03:48:11.88533774Z,book,full,a42d74844cf7,200,9.031483
2026-09-17T03:48:11.946464745Z,book,full,a42d74844cf7,200,10.439955
2026-09-17T03:48:12.005831423Z,book,full,a42d74844cf7,200,9.737554
2026-09-17T03:48:12.06642328Z,book,full,a42d74844cf7,200,9.990118
2026-09-17T03:48:12.126601623Z,book,full,a42d74844cf7,200,10.388932
2026-09-17T03:48:12.18546692Z,book,full,a42d74844cf7,200,9.386195
2026-09-17T03:48:12.24573264Z,book,full,a42d74844cf7,200,9.550647
2026-09-17T03:48:12.306616141Z,book,full,a42d74844cf7,200,10.232992
2026-09-17T03:48:12.366178935Z,book,full,a42d74844cf7,200,9.738174
2026-09-17T03:48:12.425308803Z,book,full,a42d74844cf7,200,9.425856
2026-09-17T03:48:12.485452024Z,book,full,a42d74844cf7,200,9.383521
2026-09-17T03:48:12.546005334Z,book,full,a42d74844cf7,200,9.906264
2026-09-17T03:48:12.605313286Z,book,full,a42d74844cf7,200,9.663163
2026-09-17T03:48:12.666085172Z,book,full,a42d74844cf7,200,10.162238
2026-09-17T03:48:12.724720538Z,book,full,a42d74844cf7,200,9.078019
2026-09-17T03:48:12.787405266Z,book,full,a42d74844cf7,200,10.969938
2026-09-17T03:48:12.845876272Z,book,full,a42d74844cf7,200,9.739874
2026-09-17T03:48:12.906199038Z,book,full,a42d74844cf7,200,9.666626
2026-09-17T03:48:12.966680674Z,book,full,a42d74844cf7,200,10.614847
2026-09-17T03:48:13.026400345Z,book,full,a42d74844cf7,200,10.002536
2026-09-17T03:48:13.085408219Z,book,full,a42d74844cf7,200,9.477423
2026-09-17T03:48:13.147150311Z,book,full,a42d74844cf7,200,10.974268
2026-09-17T03:48:13.206141342Z,book,full,a42d74844cf7,200,9.719681
2026-09-17T03:48:13.266140376Z,book,full,a42d74844cf7,200,10.248105
2026-09-17T03:48:13.326348682Z,book,full,a42d74844cf7,200,10.402002
2026-09-17T03:48:13.386276301Z,book,full,a42d74844cf7,200,10.041182
2026-09-17T03:48:13.445735491Z,book,full,a42d74844cf7,200,9.662973
2026-09-17T03:48:13.506207319Z,book,full,a42d74844cf7,200,9.731091
2026-09-17T03:48:13.565188345Z,book,full,a42d74844cf7,200,9.145615
2026-09-17T03:48:13.625730319Z,book,full,a42d74844cf7,200,9.680643
2026-09-17T03:48:13.693507267Z,book,full,a42d74844cf7,200,16.99564
2026-09-17T03:48:13.746171866Z,book,full,a42d74844cf7,200,9.890616
2026-09-17T03:48:13.805558905Z,book,full,a42d74844cf7,200,9.844533
2026-09-17T03:48:13.86648219Z,book,full,a42d74844cf7,200,10.141292
2026-09-17T03:48:13.92613289Z,book,full,a42d74844cf7,200,9.826589
2026-09-17T03:48:13.987051424Z,book,full,a42d74844cf7,200,11.374868
2026-09-17T03:48:14.046443983Z,book,full,a42d74844cf7,200,10.228222
2026-09-17T03:48:14.106811392Z,book,full,a42d74844cf7,200,10.539439
2026-09-17T03:48:14.166464604Z,book,full,a42d74844cf7,200,9.871705
2026-09-17T03:48:14.226548049Z,book,full,a42d74844cf7,200,10.202086
2026-09-17T03:48:14.28614336Z,book,full,a42d74844cf7,200,10.085727
2026-09-17T03:48:14.347292169Z,book,full,a42d74844cf7,200,11.362036
2026-09-17T03:48:14.405635882Z,book,full,a42d74844cf7,200,9.766075
2026-09-17T03:48:14.465715988Z,book,full,a42d74844cf7,200,9.372213
2026-09-17T03:48:14.527315723Z,book,full,a42d74844cf7,200,10.935267
2026-09-17T03:48:14.586579687Z,book,full,a42d74844cf7,200,10.884457
2026-09-17T03:48:14.645584414Z,book,full,a42d74844cf7,200,9.372838
2026-09-17T03:48:14.706067253Z,book,full,a42d74844cf7,200,9.806219
2026-09-17T03:48:14.765648969Z,book,full,a42d74844cf7,200,9.68932
2026-09-17T03:48:14.825967054Z,book,full,a42d74844cf7,200,9.620002
2026-09-17T03:48:14.885859084Z,book,full,a42d74844cf7,200,9.349776
2026-09-17T03:48:14.948614742Z,book,full,a42d74844cf7,200,11.848336
2026-09-17T03:48:15.007410102Z,book,full,a42d74844cf7,200,11.119162
2026-09-17T03:48:15.065941618Z,book,full,a42d74844cf7,200,9.759045
2026-09-17T03:48:15.127457869Z,book,full,a42d74844cf7,200,10.837752
2026-09-17T03:48:15.190955185Z,book,full,a42d74844cf7,200,15.08585
2026-09-17T03:48:15.247846971Z,book,full,a42d74844cf7,200,11.144854
2026-09-17T03:48:15.308882525Z,book,full,a42d74844cf7,200,12.257499
2026-09-17T03:48:15.36792228Z,book,full,a42d74844cf7,200,12.207219
2026-09-17T03:48:15.450938058Z,book,full,a42d74844cf7,200,34.249369
2026-09-17T03:48:15.485640428Z,book,full,a42d74844cf7,200,9.22699
2026-09-17T03:48:15.546289965Z,book,full,a42d74844cf7,200,9.972667
2026-09-17T03:48:15.606357275Z,book,full,a42d74844cf7,200,10.311531
2026-09-17T03:48:15.66642479Z,book,full,a42d74844cf7,200,10.342403
2026-09-17T03:48:15.72704476Z,book,full,a42d74844cf7,200,10.854021
2026-09-17T03:48:15.796754671Z,book,full,a42d74844cf7,200,20.277893
2026-09-17T03:48:15.846064628Z,book,full,a42d74844cf7,200,9.638706
2026-09-17T03:48:15.906720311Z,book,full,a42d74844cf7,200,10.941972
2026-09-17T03:48:15.966348154Z,book,full,a42d74844cf7,200,9.907912
2026-09-17T03:48:16.026214527Z,book,full,a42d74844cf7,200,10.227593
2026-09-17T03:48:16.086622465Z,book,full,a42d74844cf7,200,10.884316
2026-09-17T03:48:16.147429595Z,book,full,a42d74844cf7,200,10.897278
2026-09-17T03:48:16.206272124Z,book,full,a42d74844cf7,200,10.241738
2026-09-17T03:48:16.265692146Z,book,full,a42d74844cf7,200,9.604968
2026-09-17T03:48:16.327074312Z,book,full,a42d74844cf7,200,10.44147
2026-09-17T03:48:16.386315517Z,book,full,a42d74844cf7,200,10.580161
2026-09-17T03:48:16.445987407Z,book,full,a42d74844cf7,200,9.806688
2026-09-17T03:48:16.507919026Z,book,full,a42d74844cf7,200,11.296663
2026-09-17T03:48:16.565444685Z,book,full,a42d74844cf7,200,9.782906
2026-09-17T03:48:16.627319936Z,book,full,a42d74844cf7,200,10.966992
2026-09-17T03:48:16.685365093Z,book,full,a42d74844cf7,200,9.572828
2026-09-17T03:48:16.747536536Z,book,full,a42d74844cf7,200,11.487733
2026-09-17T03:48:16.806723826Z,book,full,a42d74844cf7,200,10.673656
2026-09-17T03:48:16.866606274Z,book,full,a42d74844cf7,200,10.205928
2026-09-17T03:48:16.92561141Z,book,full,a42d74844cf7,200,9.395093
2026-09-17T03:48:16.986439319Z,book,full,a42d74844cf7,200,9.824752
2026-09-17T03:48:17.048741268Z,book,full,a42d74844cf7,200,12.323238
2026-09-17T03:48:17.106902626Z,book,full,a42d74844cf7,200,10.287642
2026-09-17T03:48:17.167895893Z,book,full,a42d74844cf7,200,11.243539
2026-09-17T03:48:17.226643078Z,book,full,a42d74844cf7,200,10.233332
2026-09-17T03:48:17.287523807Z,book,full,a42d74844cf7,200,11.289472
2026-09-17T03:48:17.347002901Z,book,full,a42d74844cf7,200,10.642131
2026-09-17T03:48:17.406773604Z,book,full,a42d74844cf7,200,10.189204
2026-09-17T03:48:17.464897234Z,book,full,a42d74844cf7,200,8.442627
2026-09-17T03:48:17.526295573Z,book,full,a42d74844cf7,200,9.77986
2026-09-17T03:48:17.58579415Z,book,full,a42d74844cf7,200,9.934308
2026-09-17T03:48:17.646287196Z,book,full,a42d74844cf7,200,9.83504
2026-09-17T03:48:17.706082986Z,book,full,a42d74844cf7,200,10.182706
2026-09-17T03:48:17.767375147Z,book,full,a42d74844cf7,200,11.657227
2026-09-17T03:48:17.826551486Z,book,full,a42d74844cf7,200,10.353752
2026-09-17T03:48:17.886377379Z,book,full,a42d74844cf7,200,10.284087
2026-09-17T03:48:17.945483734Z,book,full,a42d74844cf7,200,9.678978
2026-09-17T03:48:18.006045676Z,book,full,a42d74844cf7,200,9.874373
2026-09-17T03:48:18.066358808Z,book,full,a42d74844cf7,200,10.406666
2026-09-17T03:48:18.126314581Z,book,full,a42d74844cf7,200,10.07677
2026-09-17T03:48:18.185525874Z,book,full,a42d74844cf7,200,9.59009
2026-09-17T03:48:18.245862729Z,book,full,a42d74844cf7,200,9.755894
2026-09-17T03:48:18.306123607Z,book,full,a42d74844cf7,200,10.462792
2026-09-17T03:48:18.366037515Z,book,full,a42d74844cf7,200,10.205239
2026-09-17T03:48:18.425059373Z,book,full,a42d74844cf7,200,9.463189
2026-09-17T03:48:18.485248524Z,book,full,a42d74844cf7,200,9.678606
2026-09-17T03:48:18.545494461Z,book,full,a42d74844cf7,200,9.432696
2026-09-17T03:48:18.605720976Z,book,full,a42d74844cf7,200,9.218988
2026-09-17T03:48:18.665529086Z,book,full,a42d74844cf7,200,9.849841
2026-09-17T03:48:18.730507146Z,book,full,a42d74844cf7,200,14.764954
2026-09-17T03:48:18.785324176Z,book,full,a42d74844cf7,200,9.381741
2026-09-17T03:48:18.844889877Z,book,full,a42d74844cf7,200,8.782033
2026-09-17T03:48:18.905371028Z,book,full,a42d74844cf7,200,9.716519
2026-09-17T03:48:18.966425606Z,book,full,a42d74844cf7,200,10.273854
2026-09-17T03:48:19.026566636Z,book,full,a42d74844cf7,200,10.168058
2026-09-17T03:48:19.085462188Z,book,full,a42d74844cf7,200,9.360377
2026-09-17T03:48:19.14720996Z,book,full,a42d74844cf7,200,10.971612
2026-09-17T03:48:19.205552293Z,book,full,a42d74844cf7,200,9.639494
2026-09-17T03:48:19.265176649Z,book,full,a42d74844cf7,200,8.750032
2026-09-17T03:48:19.326131744Z,book,full,a42d74844cf7,200,9.808807
2026-09-17T03:48:19.385203875Z,book,full,a42d74844cf7,200,9.558468
2026-09-17T03:48:19.446063132Z,book,full,a42d74844cf7,200,10.123913
2026-09-17T03:48:19.505479527Z,book,full,a42d74844cf7,200,9.727906
2026-09-17T03:48:19.565890501Z,book,full,a42d74844cf7,200,9.607036
2026-09-17T03:48:19.625822231Z,book,full,a42d74844cf7,200,10.249682
2026-09-17T03:48:19.686440948Z,book,full,a42d74844cf7,200,10.081378
2026-09-17T03:48:19.746482699Z,book,full,a42d74844cf7,200,10.214631
2026-09-17T03:48:19.806208218Z,book,full,a42d74844cf7,200,9.91472
2026-09-17T03:48:19.866170448Z,book,full,a42d74844cf7,200,9.936388
2026-09-17T03:48:19.925651121Z,book,full,a42d74844cf7,200,9.742582
2026-09-17T03:48:19.985845974Z,book,full,a42d74844cf7,200,9.630333
2026-09-17T03:48:20.045566299Z,book,full,a42d74844cf7,200,9.997574
2026-09-17T03:48:20.106253796Z,book,full,a42d74844cf7,200,9.961525
2026-09-17T03:48:20.166302212Z,book,full,a42d74844cf7,200,10.313978
2026-09-17T03:48:20.227666165Z,book,full,a42d74844cf7,200,11.434995
2026-09-17T03:48:20.28672085Z,book,full,a42d74844cf7,200,10.647416
2026-09-17T03:48:20.346892424Z,book,full,a42d74844cf7,200,10.383248
2026-09-17T03:48:20.407228204Z,book,full,a42d74844cf7,200,11.319775
2026-09-17T03:48:20.468148715Z,book,full,a42d74844cf7,200,11.402075
2026-09-17T03:48:20.52591057Z,book,full,a42d74844cf7,200,10.139883
2026-09-17T03:48:20.586902257Z,book,full,a42d74844cf7,200,10.409179
2026-09-17T03:48:20.64563852Z,book,full,a42d74844cf7,200,9.72366
2026-09-17T03:48:20.706671623Z,book,full,a42d74844cf7,200,10.192444
2026-09-17T03:48:20.767302481Z,book,full,a42d74844cf7,200,10.847402
2026-09-17T03:48:20.825314036Z,book,full,a42d74844cf7,200,9.210019
2026-09-17T03:48:20.884594954Z,book,full,a42d74844cf7,200,8.675025
2026-09-17T03:48:20.946377486Z,book,full,a42d74844cf7,200,10.82586
2026-09-17T03:48:21.006776705Z,book,full,a42d74844cf7,200,10.539117
2026-09-17T03:48:21.06514595Z,book,full,a42d74844cf7,200,9.555988
2026-09-17T03:48:21.127619618Z,book,full,a42d74844cf7,200,11.779969
2026-09-17T03:48:21.185341498Z,book,full,a42d74844cf7,200,9.381223
2026-09-17T03:48:21.245471036Z,book,full,a42d74844cf7,200,9.214719
2026-09-17T03:48:21.30619069Z,book,full,a42d74844cf7,200,9.960174
2026-09-17T03:48:21.365643012Z,book,full,a42d74844cf7,200,9.292249
2026-09-17T03:48:21.426762589Z,book,full,a42d74844cf7,200,10.335291
2026-09-17T03:48:21.487538216Z,book,full,a42d74844cf7,200,11.345738
2026-09-17T03:48:21.545929457Z,book,full,a42d74844cf7,200,9.647984
2026-09-17T03:48:21.607081691Z,book,full,a42d74844cf7,200,10.51759
2026-09-17T03:48:21.665691925Z,book,full,a42d74844cf7,200,10.097387
2026-09-17T03:48:21.726936538Z,book,full,a42d74844cf7,200,10.538798
2026-09-17T03:48:21.786988409Z,book,full,a42d74844cf7,200,10.629274
2026-09-17T03:48:21.845061528Z,book,full,a42d74844cf7,200,9.508219
2026-09-17T03:48:21.910819662Z,book,full,a42d74844cf7,200,15.206196
2026-09-17T03:48:21.966282888Z,book,full,a42d74844cf7,200,9.691164
2026-09-17T03:48:22.026347243Z,book,full,a42d74844cf7,200,10.514275
2026-09-17T03:48:22.085774382Z,book,full,a42d74844cf7,200,9.803436
2026-09-17T03:48:22.146238287Z,book,full,a42d74844cf7,200,9.687876
2026-09-17T03:48:22.207029798Z,book,full,a42d74844cf7,200,11.149305
2026-09-17T03:48:22.265689266Z,book,full,a42d74844cf7,200,9.852564
2026-09-17T03:48:22.338338102Z,book,full,a42d74844cf7,200,22.031922
2026-09-17T03:48:22.390269487Z,book,full,a42d74844cf7,200,14.545758
2026-09-17T03:48:22.445796941Z,book,full,a42d74844cf7,200,9.550243
2026-09-17T03:48:22.506890556Z,book,full,a42d74844cf7,200,11.231808
2026-09-17T03:48:22.566508507Z,book,full,a42d74844cf7,200,9.878274
2026-09-17T03:48:22.626319318Z,book,full,a42d74844cf7,200,10.0851
2026-09-17T03:48:22.68607529Z,book,full,a42d74844cf7,200,10.170492
2026-09-17T03:48:22.747036675Z,book,full,a42d74844cf7,200,11.150022
2026-09-17T03:48:22.806445808Z,book,full,a42d74844cf7,200,10.776005
2026-09-17T03:48:22.866835857Z,book,full,a42d74844cf7,200,10.491852
2026-09-17T03:48:22.925985304Z,book,full,a42d74844cf7,200,10.227592
2026-09-17T03:48:22.98437472Z,book,full,a42d74844cf7,200,8.8742
2026-09-17T03:48:23.050364909Z,book,full,a42d74844cf7,200,13.494975
2026-09-17T03:48:23.105775767Z,book,full,a42d74844cf7,200,9.59991
2026-09-17T03:48:23.16547469Z,book,full,a42d74844cf7,200,9.931347
2026-09-17T03:48:23.226192851Z,book,full,a42d74844cf7,200,9.863379
2026-09-17T03:48:23.286038868Z,book,full,a42d74844cf7,200,10.287087
2026-09-17T03:48:23.346470641Z,book,full,a42d74844cf7,200,10.824104
2026-09-17T03:48:23.407996448Z,book,full,a42d74844cf7,200,11.492245
2026-09-17T03:48:23.464656077Z,book,full,a42d74844cf7,200,9.161745
2026-09-17T03:48:23.526388019Z,book,full,a42d74844cf7,200,10.077454
2026-09-17T03:48:23.585943305Z,book,full,a42d74844cf7,200,10.02693
2026-09-17T03:48:23.645242505Z,book,full,a42d74844cf7,200,9.766539
2026-09-17T03:48:23.707666593Z,book,full,a42d74844cf7,200,11.514311
2026-09-17T03:48:23.765967896Z,book,full,a42d74844cf7,200,9.330522
2026-09-17T03:48:23.825997781Z,book,full,a42d74844cf7,200,10.325743
2026-09-17T03:48:23.8880372Z,book,full,a42d74844cf7,200,11.287946
2026-09-17T03:48:23.947783206Z,book,full,a42d74844cf7,200,12.051869
2026-09-17T03:48:24.00691028Z,book,full,a42d74844cf7,200,10.427554
2026-09-17T03:48:24.066642079Z,book,full,a42d74844cf7,200,10.011414
2026-09-17T03:48:24.126840441Z,book,full,a42d74844cf7,200,10.352082
2026-09-17T03:48:24.186454786Z,book,full,a42d74844cf7,200,10.100622
2026-09-17T03:48:24.24470011Z,book,full,a42d74844cf7,200,8.542755
2026-09-17T03:48:24.306178227Z,book,full,a42d74844cf7,200,9.540046
2026-09-17T03:48:24.365733677Z,book,full,a42d74844cf7,200,9.490482
2026-09-17T03:48:24.427094535Z,book,full,a42d74844cf7,200,10.730832
2026-09-17T03:48:24.486353547Z,book,full,a42d74844cf7,200,9.753118
2026-09-17T03:48:24.548466024Z,book,full,a42d74844cf7,200,12.496816
2026-09-17T03:48:24.604880869Z,book,full,a42d74844cf7,200,8.674918
2026-09-17T03:48:24.666786726Z,book,full,a42d74844cf7,200,10.257462
2026-09-17T03:48:24.72652137Z,book,full,a42d74844cf7,200,10.20541
2026-09-17T03:48:24.785661452Z,book,full,a42d74844cf7,200,9.570941
2026-09-17T03:48:24.84809564Z,book,full,a42d74844cf7,200,11.722216
2026-09-17T03:48:24.905291007Z,book,full,a42d74844cf7,200,9.523282
2026-09-17T03:48:24.966257878Z,book,full,a42d74844cf7,200,10.233571
2026-09-17T03:48:25.025942093Z,book,full,a42d74844cf7,200,10.08066
2026-09-17T03:48:25.087323432Z,book,full,a42d74844cf7,200,10.827308
2026-09-17T03:48:25.146748878Z,book,full,a42d74844cf7,200,10.773255
2026-09-17T03:48:25.208724038Z,book,full,a42d74844cf7,200,12.147304
2026-09-17T03:48:25.266587579Z,book,full,a42d74844cf7,200,10.185893
2026-09-17T03:48:25.326463714Z,book,full,a42d74844cf7,200,10.213451
2026-09-17T03:48:25.385703458Z,book,full,a42d74844cf7,200,9.698674
2026-09-17T03:48:25.446991671Z,book,full,a42d74844cf7,200,10.827394
2026-09-17T03:48:25.505616498Z,book,full,a42d74844cf7,200,10.118383
2026-09-17T03:48:25.566202783Z,book,full,a42d74844cf7,200,9.664057
2026-09-17T03:48:25.626205583Z,book,full,a42d74844cf7,200,9.897485
2026-09-17T03:48:25.685341144Z,book,full,a42d74844cf7,200,9.606631
2026-09-17T03:48:25.746216024Z,book,full,a42d74844cf7,200,9.915926
2026-09-17T03:48:25.806723204Z,book,full,a42d74844cf7,200,10.810117
2026-09-17T03:48:25.866313762Z,book,full,a42d74844cf7,200,9.803817
2026-09-17T03:48:25.925963744Z,book,full,a42d74844cf7,200,9.703345
2026-09-17T03:48:25.98629168Z,book,full,a42d74844cf7,200,10.576439
2026-09-17T03:48:26.046154538Z,book,full,a42d74844cf7,200,9.83156
2026-09-17T03:48:26.105984219Z,book,full,a42d74844cf7,200,9.955935
2026-09-17T03:48:26.166843312Z,book,full,a42d74844cf7,200,11.217891
2026-09-17T03:48:26.227177148Z,book,full,a42d74844cf7,200,10.734093
2026-09-17T03:48:26.285976533Z,book,full,a42d74844cf7,200,10.169527
2026-09-17T03:48:26.346866919Z,book,full,a42d74844cf7,200,10.58482
2026-09-17T03:48:26.407096388Z,book,full,a42d74844cf7,200,10.784855
2026-09-17T03:48:26.468814351Z,book,full,a42d74844cf7,200,13.175561
2026-09-17T03:48:26.527085094Z,book,full,a42d74844cf7,200,10.589825
2026-09-17T03:48:26.588449867Z,book,full,a42d74844cf7,200,12.019044
2026-09-17T03:48:26.645866362Z,book,full,a42d74844cf7,200,9.713785
2026-09-17T03:48:26.706266637Z,book,full,a42d74844cf7,200,9.717246
2026-09-17T03:48:26.765796034Z,book,full,a42d74844cf7,200,9.821519
2026-09-17T03:48:26.826217602Z,book,full,a42d74844cf7,200,9.712886
2026-09-17T03:48:26.886710017Z,book,full,a42d74844cf7,200,10.134584
2026-09-17T03:48:26.949405117Z,book,full,a42d74844cf7,200,13.037459
2026-09-17T03:48:27.006924145Z,book,full,a42d74844cf7,200,10.924397
2026-09-17T03:48:27.065539609Z,book,full,a42d74844cf7,200,8.995569
2026-09-17T03:48:27.125807473Z,book,full,a42d74844cf7,200,9.445568
2026-09-17T03:48:27.186594766Z,book,full,a42d74844cf7,200,10.230102
2026-09-17T03:48:27.246576979Z,book,full,a42d74844cf7,200,10.315148
2026-09-17T03:48:27.309737205Z,book,full,a42d74844cf7,200,13.299169
2026-09-17T03:48:27.365946775Z,book,full,a42d74844cf7,200,9.528827
2026-09-17T03:48:27.424934714Z,book,full,a42d74844cf7,200,9.395825
2026-09-17T03:48:27.485334466Z,book,full,a42d74844cf7,200,9.730892
2026-09-17T03:48:27.544870155Z,book,full,a42d74844cf7,200,8.967086
2026-09-17T03:48:27.607041252Z,book,full,a42d74844cf7,200,10.467411
2026-09-17T03:48:27.674325881Z,book,full,a42d74844cf7,200,18.401929
2026-09-17T03:48:27.727434865Z,book,full,a42d74844cf7,200,11.46356
2026-09-17T03:48:27.786863228Z,book,full,a42d74844cf7,200,10.950699
2026-09-17T03:48:27.845865219Z,book,full,a42d74844cf7,200,10.067828
2026-09-17T03:48:27.907041564Z,book,full,a42d74844cf7,200,10.500643
2026-09-17T03:48:27.965460594Z,book,full,a42d74844cf7,200,9.714991
2026-09-17T03:48:28.026266712Z,book,full,a42d74844cf7,200,10.069549
2026-09-17T03:48:28.08598554Z,book,full,a42d74844cf7,200,10.048678
2026-09-17T03:48:28.146374239Z,book,full,a42d74844cf7,200,10.842825
2026-09-17T03:48:28.20663725Z,book,full,a42d74844cf7,200,10.46188
2026-09-17T03:48:28.266657349Z,book,full,a42d74844cf7,200,10.311337
2026-09-17T03:48:28.327277772Z,book,full,a42d74844cf7,200,10.96238
2026-09-17T03:48:28.386255866Z,book,full,a42d74844cf7,200,10.34176
2026-09-17T03:48:28.446226283Z,book,full,a42d74844cf7,200,10.289427
2026-09-17T03:48:28.505949712Z,book,full,a42d74844cf7,200,9.963552
2026-09-17T03:48:28.564947182Z,book,full,a42d74844cf7,200,9.357662
2026-09-17T03:48:28.625537063Z,book,full,a42d74844cf7,200,9.981317
2026-09-17T03:48:28.686224403Z,book,full,a42d74844cf7,200,10.09589
2026-09-17T03:48:28.74775655Z,book,full,a42d74844cf7,200,11.434343
2026-09-17T03:48:28.805780068Z,book,full,a42d74844cf7,200,9.299069
2026-09-17T03:48:28.866249025Z,book,full,a42d74844cf7,200,9.834631
2026-09-17T03:48:28.927273852Z,book,full,a42d74844cf7,200,11.315259
2026-09-17T03:48:28.986315009Z,book,full,a42d74844cf7,200,9.97486
2026-09-17T03:48:29.046154637Z,book,full,a42d74844cf7,200,10.315304
2026-09-17T03:48:29.106335141Z,book,full,a42d74844cf7,200,10.364086
2026-09-17T03:48:29.166305048Z,book,full,a42d74844cf7,200,10.145115
2026-09-17T03:48:29.225825921Z,book,full,a42d74844cf7,200,9.880285
2026-09-17T03:48:29.286544805Z,book,full,a42d74844cf7,200,10.230838
2026-09-17T03:48:29.34678355Z,book,full,a42d74844cf7,200,10.438769
2026-09-17T03:48:29.40766328Z,book,full,a42d74844cf7,200,11.09693
2026-09-17T03:48:29.467038631Z,book,full,a42d74844cf7,200,10.671057
2026-09-17T03:48:29.525402667Z,book,full,a42d74844cf7,200,9.699646
2026-09-17T03:48:29.586147061Z,book,full,a42d74844cf7,200,9.914187
2026-09-17T03:48:29.645749576Z,book,full,a42d74844cf7,200,9.816274
2026-09-17T03:48:29.70709705Z,book,full,a42d74844cf7,200,10.661775
2026-09-17T03:48:29.76603087Z,book,full,a42d74844cf7,200,10.107012
2026-09-17T03:48:29.824972532Z,book,full,a42d74844cf7,200,9.273091
2026-09-17T03:48:29.886035641Z,book,full,a42d74844cf7,200,10.440018
2026-09-17T03:48:29.946629923Z,book,full,a42d74844cf7,200,10.985492
2026-09-17T03:48:30.006521769Z,book,full,a42d74844cf7,200,9.932868
2026-09-17T03:48:30.066344375Z,book,full,a42d74844cf7,200,10.044011
2026-09-17T03:48:30.12567551Z,book,full,a42d74844cf7,200,9.541137
2026-09-17T03:48:30.186977423Z,book,full,a42d74844cf7,200,10.643415
2026-09-17T03:48:30.246085582Z,book,full,a42d74844cf7,200,10.331483
2026-09-17T03:48:30.306101622Z,book,full,a42d74844cf7,200,10.294927
2026-09-17T03:48:30.366062018Z,book,full,a42d74844cf7,200,10.233422
2026-09-17T03:48:30.426297307Z,book,full,a42d74844cf7,200,10.300577
2026-09-17T03:48:30.487529035Z,book,full,a42d74844cf7,200,11.663256
2026-09-17T03:48:30.546050123Z,book,full,a42d74844cf7,200,9.74966
2026-09-17T03:48:30.606410966Z,book,full,a42d74844cf7,200,10.727021
2026-09-17T03:48:30.668069417Z,book,full,a42d74844cf7,200,11.669053
2026-09-17T03:48:30.726425607Z,book,full,a42d74844cf7,200,10.07862
2026-09-17T03:48:30.786988631Z,book,full,a42d74844cf7,200,10.818844
2026-09-17T03:48:30.845705848Z,book,full,a42d74844cf7,200,9.796457
2026-09-17T03:48:30.906466739Z,book,full,a42d74844cf7,200,10.123513
2026-09-17T03:48:30.966165725Z,book,full,a42d74844cf7,200,10.202919
2026-09-17T03:48:31.025709539Z,book,full,a42d74844cf7,200,9.82478
2026-09-17T03:48:31.085999106Z,book,full,a42d74844cf7,200,9.721861
2026-09-17T03:48:31.145806886Z,book,full,a42d74844cf7,200,9.983321
2026-09-17T03:48:31.207005697Z,book,full,a42d74844cf7,200,10.516961
2026-09-17T03:48:31.266504421Z,book,full,a42d74844cf7,200,9.956269
2026-09-17T03:48:31.32642067Z,book,full,a42d74844cf7,200,10.072974
2026-09-17T03:48:31.38609167Z,book,full,a42d74844cf7,200,10.204884
2026-09-17T03:48:31.448285632Z,book,full,a42d74844cf7,200,12.254562
2026-09-17T03:48:31.506744643Z,book,full,a42d74844cf7,200,11.008758
2026-09-17T03:48:31.567490163Z,book,full,a42d74844cf7,200,11.024999
2026-09-17T03:48:31.625619686Z,book,full,a42d74844cf7,200,9.470017
2026-09-17T03:48:31.685345501Z,book,full,a42d74844cf7,200,8.939218
2026-09-17T03:48:31.745909846Z,book,full,a42d74844cf7,200,9.885905
2026-09-17T03:48:31.806990927Z,book,full,a42d74844cf7,200,10.458656
2026-09-17T03:48:31.866473768Z,book,full,a42d74844cf7,200,10.810337
2026-09-17T03:48:31.927133841Z,book,full,a42d74844cf7,200,10.720195
2026-09-17T03:48:31.986313006Z,book,full,a42d74844cf7,200,10.72191
2026-09-17T03:48:32.045842869Z,book,full,a42d74844cf7,200,9.82988
2026-09-17T03:48:32.10713003Z,book,full,a42d74844cf7,200,10.645695
2026-09-17T03:48:32.170438529Z,book,full,a42d74844cf7,200,14.29159
2026-09-17T03:48:32.225986134Z,book,full,a42d74844cf7,200,10.204694
2026-09-17T03:48:32.289369347Z,book,full,a42d74844cf7,200,12.861639
2026-09-17T03:48:32.346904647Z,book,full,a42d74844cf7,200,10.702282
2026-09-17T03:48:32.406972495Z,book,full,a42d74844cf7,200,10.111388
2026-09-17T03:48:32.464938509Z,book,full,a42d74844cf7,200,9.337845
2026-09-17T03:48:32.526080618Z,book,full,a42d74844cf7,200,10.525441
2026-09-17T03:48:32.584763122Z,book,full,a42d74844cf7,200,9.258027
2026-09-17T03:48:32.644810798Z,book,full,a42d74844cf7,200,9.034741
2026-09-17T03:48:32.70980121Z,book,full,a42d74844cf7,200,13.364487
2026-09-17T03:48:32.767473131Z,book,full,a42d74844cf7,200,11.021625
2026-09-17T03:48:32.825432609Z,book,full,a42d74844cf7,200,9.220961
2026-09-17T03:48:32.886458684Z,book,full,a42d74844cf7,200,10.253617
2026-09-17T03:48:32.946211104Z,book,full,a42d74844cf7,200,9.708698
2026-09-17T03:48:33.00548795Z,book,full,a42d74844cf7,200,9.561225
2026-09-17T03:48:33.065547357Z,book,full,a42d74844cf7,200,9.255076
2026-09-17T03:48:33.126027193Z,book,full,a42d74844cf7,200,9.458616
2026-09-17T03:48:33.187147046Z,book,full,a42d74844cf7,200,10.533832
2026-09-17T03:48:33.245585156Z,book,full,a42d74844cf7,200,9.484607
2026-09-17T03:48:33.306111783Z,book,full,a42d74844cf7,200,9.669679
2026-09-17T03:48:33.367502596Z,book,full,a42d74844cf7,200,11.573782
2026-09-17T03:48:33.426782107Z,book,full,a42d74844cf7,200,10.486668
2026-09-17T03:48:33.487799874Z,book,full,a42d74844cf7,200,11.465187
2026-09-17T03:48:33.546728827Z,book,full,a42d74844cf7,200,10.087863
2026-09-17T03:48:33.6065665Z,book,full,a42d74844cf7,200,10.024226
2026-09-17T03:48:33.665796292Z,book,full,a42d74844cf7,200,9.473346
2026-09-17T03:48:33.726790478Z,book,full,a42d74844cf7,200,10.291434
2026-09-17T03:48:33.787044048Z,book,full,a42d74844cf7,200,10.74753
2026-09-17T03:48:33.846286662Z,book,full,a42d74844cf7,200,10.532871
2026-09-17T03:48:33.907727393Z,book,full,a42d74844cf7,200,11.721132
2026-09-17T03:48:33.967519347Z,book,full,a42d74844cf7,200,11.068781
2026-09-17T03:48:34.02675211Z,book,full,a42d74844cf7,200,10.492568
2026-09-17T03:48:34.086463596Z,book,full,a42d74844cf7,200,10.216623
2026-09-17T03:48:34.146868705Z,book,full,a42d74844cf7,200,10.711378
2026-09-17T03:48:34.206148582Z,book,full,a42d74844cf7,200,9.696756
2026-09-17T03:48:34.264627847Z,book,full,a42d74844cf7,200,8.772073
2026-09-17T03:48:34.326427201Z,book,full,a42d74844cf7,200,9.977226
2026-09-17T03:48:34.385916767Z,book,full,a42d74844cf7,200,10.000874
2026-09-17T03:48:34.446490381Z,book,full,a42d74844cf7,200,9.969551
2026-09-17T03:48:34.507505915Z,book,full,a42d74844cf7,200,11.305062
2026-09-17T03:48:34.566217151Z,book,full,a42d74844cf7,200,9.905676
2026-09-17T03:48:34.625278188Z,book,full,a42d74844cf7,200,9.386828
2026-09-17T03:48:34.686378619Z,book,full,a42d74844cf7,200,10.383437
2026-09-17T03:48:34.747654236Z,book,full,a42d74844cf7,200,11.347993
2026-09-17T03:48:34.805809991Z,book,full,a42d74844cf7,200,9.669643
2026-09-17T03:48:34.866182357Z,book,full,a42d74844cf7,200,9.589567
2026-09-17T03:48:34.924789734Z,book,full,a42d74844cf7,200,8.645342
2026-09-17T03:48:34.98649794Z,book,full,a42d74844cf7,200,9.959751
2026-09-17T03:48:35.046411569Z,book,full,a42d74844cf7,200,9.995674
2026-09-17T03:48:35.10645949Z,book,full,a42d74844cf7,200,10.151648
2026-09-17T03:48:35.170074218Z,book,full,a42d74844cf7,200,13.728341
2026-09-17T03:48:35.226409388Z,book,full,a42d74844cf7,200,10.573651
2026-09-17T03:48:35.286171099Z,book,full,a42d74844cf7,200,10.157168
2026-09-17T03:48:35.346725867Z,book,full,a42d74844cf7,200,10.748542
2026-09-17T03:48:35.406550955Z,book,full,a42d74844cf7,200,10.056119
2026-09-17T03:48:35.466767638Z,book,full,a42d74844cf7,200,10.403731
2026-09-17T03:48:35.527547723Z,book,full,a42d74844cf7,200,10.936359
2026-09-17T03:48:35.586584148Z,book,full,a42d74844cf7,200,10.443354
2026-09-17T03:48:35.646216591Z,book,full,a42d74844cf7,200,9.798
2026-09-17T03:48:35.705783578Z,book,full,a42d74844cf7,200,9.793333
2026-09-17T03:48:35.766242692Z,book,full,a42d74844cf7,200,9.761045
2026-09-17T03:48:35.844772548Z,book,full,a42d74844cf7,200,28.761548
2026-09-17T03:48:35.923374696Z,book,full,a42d74844cf7,200,47.085331
2026-09-17T03:48:35.957171736Z,book,full,a42d74844cf7,200,13.723471
2026-09-17T03:48:36.005864507Z,book,full,a42d74844cf7,200,9.973606
2026-09-17T03:48:36.065701474Z,book,full,a42d74844cf7,200,9.172525
2026-09-17T03:48:36.125511779Z,book,full,a42d74844cf7,200,8.993833
2026-09-17T03:48:36.186762989Z,book,full,a42d74844cf7,200,10.67475
2026-09-17T03:48:36.2465941Z,book,full,a42d74844cf7,200,10.077495
2026-09-17T03:48:36.305717874Z,book,full,a42d74844cf7,200,9.472256
2026-09-17T03:48:36.366951047Z,book,full,a42d74844cf7,200,10.437393
2026-09-17T03:48:36.428617685Z,book,full,a42d74844cf7,200,12.020111
2026-09-17T03:48:36.487632703Z,book,full,a42d74844cf7,200,11.56193
2026-09-17T03:48:36.548198166Z,book,full,a42d74844cf7,200,11.874928
2026-09-17T03:48:36.605529397Z,book,full,a42d74844cf7,200,9.597247
2026-09-17T03:48:36.665177211Z,book,full,a42d74844cf7,200,9.03437
2026-09-17T03:48:36.725647015Z,book,full,a42d74844cf7,200,9.69551
2026-09-17T03:48:36.787354713Z,book,full,a42d74844cf7,200,11.083898
2026-09-17T03:48:36.845002787Z,book,full,a42d74844cf7,200,9.06767
2026-09-17T03:48:36.905515675Z,book,full,a42d74844cf7,200,9.820622
2026-09-17T03:48:36.965719316Z,book,full,a42d74844cf7,200,9.567275
2026-09-17T03:48:37.027434083Z,book,full,a42d74844cf7,200,10.95099
2026-09-17T03:48:37.085346026Z,book,full,a42d74844cf7,200,9.579216
2026-09-17T03:48:37.146248926Z,book,full,a42d74844cf7,200,10.139073
2026-09-17T03:48:37.206062406Z,book,full,a42d74844cf7,200,10.029676
2026-09-17T03:48:37.265666777Z,book,full,a42d74844cf7,200,9.659339
2026-09-17T03:48:37.325677681Z,book,full,a42d74844cf7,200,9.433243
2026-09-17T03:48:37.38662286Z,book,full,a42d74844cf7,200,10.193972
2026-09-17T03:48:37.446311246Z,book,full,a42d74844cf7,200,9.715368
2026-09-17T03:48:37.505666469Z,book,full,a42d74844cf7,200,9.712138
2026-09-17T03:48:37.567219031Z,book,full,a42d74844cf7,200,10.888672
2026-09-17T03:48:37.625689355Z,book,full,a42d74844cf7,200,9.708506
2026-09-17T03:48:37.689329516Z,book,full,a42d74844cf7,200,13.0725
2026-09-17T03:48:37.74558654Z,book,full,a42d74844cf7,200,9.422786
2026-09-17T03:48:37.806599039Z,book,full,a42d74844cf7,200,9.933619
2026-09-17T03:48:37.866434461Z,book,full,a42d74844cf7,200,10.240125
2026-09-17T03:48:37.92551459Z,book,full,a42d74844cf7,200,9.380573
2026-09-17T03:48:37.98560766Z,book,full,a42d74844cf7,200,9.427027
2026-09-17T03:48:38.048705093Z,book,full,a42d74844cf7,200,12.26791
2026-09-17T03:48:38.105908512Z,book,full,a42d74844cf7,200,9.487437
2026-09-17T03:48:38.16619275Z,book,full,a42d74844cf7,200,9.641611
2026-09-17T03:48:38.225986486Z,book,full,a42d74844cf7,200,9.621485
2026-09-17T03:48:38.285403021Z,book,full,a42d74844cf7,200,9.428532
2026-09-17T03:48:38.345821163Z,book,full,a42d74844cf7,200,9.675975
2026-09-17T03:48:38.407175409Z,book,full,a42d74844cf7,200,10.61355
2026-09-17T03:48:38.466463296Z,book,full,a42d74844cf7,200,10.530261
2026-09-17T03:48:38.526218955Z,book,full,a42d74844cf7,200,9.855899
2026-09-17T03:48:38.586326657Z,book,full,a42d74844cf7,200,10.718427
2026-09-17T03:48:38.645604469Z,book,full,a42d74844cf7,200,9.440101
2026-09-17T03:48:38.707882812Z,book,full,a42d74844cf7,200,11.464106
2026-09-17T03:48:38.766402247Z,book,full,a42d74844cf7,200,10.252062
2026-09-17T03:48:38.827703415Z,book,full,a42d74844cf7,200,11.609935
2026-09-17T03:48:38.888433519Z,book,full,a42d74844cf7,200,12.416093
2026-09-17T03:48:38.946866039Z,book,full,a42d74844cf7,200,10.741402
2026-09-17T03:48:39.006944194Z,book,full,a42d74844cf7,200,10.427434
2026-09-17T03:48:39.066855053Z,book,full,a42d74844cf7,200,10.255747
2026-09-17T03:48:39.12552854Z,book,full,a42d74844cf7,200,9.059208
2026-09-17T03:48:39.186078617Z,book,full,a42d74844cf7,200,9.986863
2026-09-17T03:48:39.245871711Z,book,full,a42d74844cf7,200,10.132281
2026-09-17T03:48:39.306384166Z,book,full,a42d74844cf7,200,9.910742
2026-09-17T03:48:39.365603886Z,book,full,a42d74844cf7,200,9.691602
2026-09-17T03:48:39.426442246Z,book,full,a42d74844cf7,200,10.073004
2026-09-17T03:48:39.486507024Z,book,full,a42d74844cf7,200,10.656556
2026-09-17T03:48:39.547819245Z,book,full,a42d74844cf7,200,11.663127
2026-09-17T03:48:39.605570434Z,book,full,a42d74844cf7,200,9.075008
2026-09-17T03:48:39.666971412Z,book,full,a42d74844cf7,200,10.650762
2026-09-17T03:48:39.72516825Z,book,full,a42d74844cf7,200,9.611799
2026-09-17T03:48:39.786439449Z,book,full,a42d74844cf7,200,10.542593
2026-09-17T03:48:39.847097911Z,book,full,a42d74844cf7,200,10.819418
2026-09-17T03:48:39.905598534Z,book,full,a42d74844cf7,200,9.670955
2026-09-17T03:48:39.966517423Z,book,full,a42d74844cf7,200,10.426513
2026-09-17T03:48:40.026301485Z,book,full,a42d74844cf7,200,9.927087
2026-09-17T03:48:40.088082059Z,book,full,a42d74844cf7,200,12.05784
2026-09-17T03:48:40.151345962Z,book,full,a42d74844cf7,200,15.757081
2026-09-17T03:48:40.206260798Z,book,full,a42d74844cf7,200,9.993613
2026-09-17T03:48:40.267278733Z,book,full,a42d74844cf7,200,11.405071
2026-09-17T03:48:40.326986208Z,book,full,a42d74844cf7,200,10.594403
2026-09-17T03:48:40.391988758Z,book,full,a42d74844cf7,200,15.401003
2026-09-17T03:48:40.445863693Z,book,full,a42d74844cf7,200,10.281782
2026-09-17T03:48:40.513630143Z,book,full,a42d74844cf7,200,16.721347
2026-09-17T03:48:40.567292027Z,book,full,a42d74844cf7,200,10.860696
2026-09-17T03:48:40.625387403Z,book,full,a42d74844cf7,200,9.260114
2026-09-17T03:48:40.686198447Z,book,full,a42d74844cf7,200,9.901423
2026-09-17T03:48:40.745794547Z,book,full,a42d74844cf7,200,9.922895
2026-09-17T03:48:40.806921987Z,book,full,a42d74844cf7,200,10.521916
2026-09-17T03:48:40.866688386Z,book,full,a42d74844cf7,200,10.915958
2026-09-17T03:48:40.925702156Z,book,full,a42d74844cf7,200,9.430596
2026-09-17T03:48:40.989015933Z,book,full,a42d74844cf7,200,12.632042
2026-09-17T03:48:41.045309305Z,book,full,a42d74844cf7,200,9.709643
2026-09-17T03:48:41.105791699Z,book,full,a42d74844cf7,200,9.641628
2026-09-17T03:48:41.166966251Z,book,full,a42d74844cf7,200,10.52703
2026-09-17T03:48:41.226162246Z,book,full,a42d74844cf7,200,10.356742
2026-09-17T03:48:41.286103598Z,book,full,a42d74844cf7,200,10.10995
2026-09-17T03:48:41.348391306Z,book,full,a42d74844cf7,200,11.371505
2026-09-17T03:48:41.408196244Z,book,full,a42d74844cf7,200,12.211031
2026-09-17T03:48:41.466874884Z,book,full,a42d74844cf7,200,10.90455
2026-09-17T03:48:41.527651746Z,book,full,a42d74844cf7,200,11.128658
2026-09-17T03:48:41.586820203Z,book,full,a42d74844cf7,200,10.827783
2026-09-17T03:48:41.655623426Z,book,full,a42d74844cf7,200,19.047638
2026-09-17T03:48:41.706777956Z,book,full,a42d74844cf7,200,10.217447
2026-09-17T03:48:41.766452043Z,book,full,a42d74844cf7,200,9.932245
2026-09-17T03:48:41.825766713Z,book,full,a42d74844cf7,200,9.661767
2026-09-17T03:48:41.887815654Z,book,full,a42d74844cf7,200,11.262773
2026-09-17T03:48:41.94664345Z,book,full,a42d74844cf7,200,10.201011
2026-09-17T03:48:42.005681722Z,book,full,a42d74844cf7,200,9.927503
2026-09-17T03:48:42.068540002Z,book,full,a42d74844cf7,200,12.239386
2026-09-17T03:48:42.126090855Z,book,full,a42d74844cf7,200,9.87188
2026-09-17T03:48:42.185249083Z,book,full,a42d74844cf7,200,9.665265
2026-09-17T03:48:42.245882002Z,book,full,a42d74844cf7,200,9.545124
2026-09-17T03:48:42.30555302Z,book,full,a42d74844cf7,200,9.836829
2026-09-17T03:48:42.366878569Z,book,full,a42d74844cf7,200,10.442214
2026-09-17T03:48:42.426600105Z,book,full,a42d74844cf7,200,10.019943
2026-09-17T03:48:42.486618679Z,book,full,a42d74844cf7,200,10.403896
2026-09-17T03:48:42.545558199Z,book,full,a42d74844cf7,200,9.21398
2026-09-17T03:48:42.607205838Z,book,full,a42d74844cf7,200,10.593367
2026-09-17T03:48:42.668083348Z,book,full,a42d74844cf7,200,12.270606
2026-09-17T03:48:42.727102124Z,book,full,a42d74844cf7,200,10.795351
2026-09-17T03:48:42.786065026Z,book,full,a42d74844cf7,200,10.517461
2026-09-17T03:48:42.845446206Z,book,full,a42d74844cf7,200,9.387719
2026-09-17T03:48:42.907404593Z,book,full,a42d74844cf7,200,10.931302
2026-09-17T03:48:42.966799958Z,book,full,a42d74844cf7,200,10.436364
2026-09-17T03:48:43.026730426Z,book,full,a42d74844cf7,200,10.330647
2026-09-17T03:48:43.088385185Z,book,full,a42d74844cf7,200,12.084931
2026-09-17T03:48:43.147312943Z,book,full,a42d74844cf7,200,10.940636
2026-09-17T03:48:43.206393155Z,book,full,a42d74844cf7,200,10.358774
2026-09-17T03:48:43.266990213Z,book,full,a42d74844cf7,200,10.872116
2026-09-17T03:48:43.325171025Z,book,full,a42d74844cf7,200,9.500681
2026-09-17T03:48:43.386239558Z,book,full,a42d74844cf7,200,10.27715
2026-09-17T03:48:43.445350841Z,book,full,a42d74844cf7,200,9.448467
2026-09-17T03:48:43.506020865Z,book,full,a42d74844cf7,200,9.984301
2026-09-17T03:48:43.5659132Z,book,full,a42d74844cf7,200,10.177214
2026-09-17T03:48:43.626097812Z,book,full,a42d74844cf7,200,10.492924
2026-09-17T03:48:43.687406999Z,book,full,a42d74844cf7,200,10.709069
2026-09-17T03:48:43.746059055Z,book,full,a42d74844cf7,200,9.866749
2026-09-17T03:48:43.806377182Z,book,full,a42d74844cf7,200,10.733525
2026-09-17T03:48:43.868126065Z,book,full,a42d74844cf7,200,12.033923
2026-09-17T03:48:43.92615363Z,book,full,a42d74844cf7,200,10.373939
2026-09-17T03:48:43.986802651Z,book,full,a42d74844cf7,200,10.890613
2026-09-17T03:48:44.046640469Z,book,full,a42d74844cf7,200,11.01907
2026-09-17T03:48:44.105775495Z,book,full,a42d74844cf7,200,9.545977
2026-09-17T03:48:44.166059316Z,book,full,a42d74844cf7,200,9.533406
2026-09-17T03:48:44.225669061Z,book,full,a42d74844cf7,200,9.85934
2026-09-17T03:48:44.286583705Z,book,full,a42d74844cf7,200,10.322652
2026-09-17T03:48:44.345850921Z,book,full,a42d74844cf7,200,9.314098
2026-09-17T03:48:44.4059642Z,book,full,a42d74844cf7,200,10.452104
2026-09-17T03:48:44.466268126Z,book,full,a42d74844cf7,200,10.612769
2026-09-17T03:48:44.526189723Z,book,full,a42d74844cf7,200,10.158186
2026-09-17T03:48:44.586447375Z,book,full,a42d74844cf7,200,10.517484
2026-09-17T03:48:44.645892075Z,book,full,a42d74844cf7,200,9.905084
2026-09-17T03:48:44.70554725Z,book,full,a42d74844cf7,200,10.047106
2026-09-17T03:48:44.766355851Z,book,full,a42d74844cf7,200,9.827603
2026-09-17T03:48:44.825417534Z,book,full,a42d74844cf7,200,9.293326
2026-09-17T03:48:44.88480485Z,book,full,a42d74844cf7,200,8.858034
2026-09-17T03:48:44.946405525Z,book,full,a42d74844cf7,200,10.844336
2026-09-17T03:48:45.005781129Z,book,full,a42d74844cf7,200,9.807546
2026-09-17T03:48:45.066224985Z,book,full,a42d74844cf7,200,10.424697
2026-09-17T03:48:45.128838134Z,book,full,a42d74844cf7,200,12.802362
2026-09-17T03:48:45.186328627Z,book,full,a42d74844cf7,200,10.402572
2026-09-17T03:48:45.247031047Z,book,full,a42d74844cf7,200,10.628788
2026-09-17T03:48:45.306933866Z,book,full,a42d74844cf7,200,10.433424
2026-09-17T03:48:45.366858173Z,book,full,a42d74844cf7,200,10.948479
2026-09-17T03:48:45.427991783Z,book,full,a42d74844cf7,200,12.282202
2026-09-17T03:48:45.487614546Z,book,full,a42d74844cf7,200,11.02374
2026-09-17T03:48:45.546493271Z,book,full,a42d74844cf7,200,10.149742
2026-09-17T03:48:45.608090146Z,book,full,a42d74844cf7,200,11.951442
2026-09-17T03:48:45.667719709Z,book,full,a42d74844cf7,200,12.013354
2026-09-17T03:48:45.726279981Z,book,full,a42d74844cf7,200,9.869321
2026-09-17T03:48:45.786339422Z,book,full,a42d74844cf7,200,10.44746
2026-09-17T03:48:45.846431077Z,book,full,a42d74844cf7,200,10.170653
2026-09-17T03:48:45.907398217Z,book,full,a42d74844cf7,200,10.950463
2026-09-17T03:48:45.966039179Z,book,full,a42d74844cf7,200,9.938316
2026-09-17T03:48:46.02484538Z,book,full,a42d74844cf7,200,9.200118
2026-09-17T03:48:46.087841812Z,book,full,a42d74844cf7,200,11.265142
2026-09-17T03:48:46.14531724Z,book,full,a42d74844cf7,200,9.565168
2026-09-17T03:48:46.205796768Z,book,full,a42d74844cf7,200,9.628311
2026-09-17T03:48:46.266539567Z,book,full,a42d74844cf7,200,10.084458
2026-09-17T03:48:46.326261428Z,book,full,a42d74844cf7,200,9.882392
2026-09-17T03:48:46.388841169Z,book,full,a42d74844cf7,200,13.023094
2026-09-17T03:48:46.44696009Z,book,full,a42d74844cf7,200,10.381234
2026-09-17T03:48:46.506160886Z,book,full,a42d74844cf7,200,10.606377
2026-09-17T03:48:46.566745113Z,book,full,a42d74844cf7,200,10.709945
2026-09-17T03:48:46.627522964Z,book,full,a42d74844cf7,200,11.070853
2026-09-17T03:48:46.68582808Z,book,full,a42d74844cf7,200,9.795574
2026-09-17T03:48:46.746054465Z,book,full,a42d74844cf7,200,9.47352
2026-09-17T03:48:46.805830541Z,book,full,a42d74844cf7,200,10.059927
2026-09-17T03:48:46.865462254Z,book,full,a42d74844cf7,200,9.943882
2026-09-17T03:48:46.92591449Z,book,full,a42d74844cf7,200,9.649313
2026-09-17T03:48:46.98589233Z,book,full,a42d74844cf7,200,9.363791
2026-09-17T03:48:47.045378343Z,book,full,a42d74844cf7,200,9.916803
2026-09-17T03:48:47.10596256Z,book,full,a42d74844cf7,200,9.933546
2026-09-17T03:48:47.165266838Z,book,full,a42d74844cf7,200,9.650893
2026-09-17T03:48:47.226020198Z,book,full,a42d74844cf7,200,9.866115
2026-09-17T03:48:47.286013049Z,book,full,a42d74844cf7,200,9.48766
2026-09-17T03:48:47.345141424Z,book,full,a42d74844cf7,200,9.478311
2026-09-17T03:48:47.405180415Z,book,full,a42d74844cf7,200,9.186564
2026-09-17T03:48:47.465895248Z,book,full,a42d74844cf7,200,9.927296
2026-09-17T03:48:47.52758028Z,book,full,a42d74844cf7,200,11.03625
2026-09-17T03:48:47.586562413Z,book,full,a42d74844cf7,200,10.344746
2026-09-17T03:48:47.649796104Z,book,full,a42d74844cf7,200,13.36958
2026-09-17T03:48:47.707869638Z,book,full,a42d74844cf7,200,11.41554
2026-09-17T03:48:47.767067988Z,book,full,a42d74844cf7,200,11.194914
2026-09-17T03:48:47.8262924Z,book,full,a42d74844cf7,200,10.496503
2026-09-17T03:48:47.88594089Z,book,full,a42d74844cf7,200,10.090883
2026-09-17T03:48:47.946596647Z,book,full,a42d74844cf7,200,10.82482
2026-09-17T03:48:48.007022652Z,book,full,a42d74844cf7,200,10.678512
2026-09-17T03:48:48.068039682Z,book,full,a42d74844cf7,200,12.22259
2026-09-17T03:48:48.126202903Z,book,full,a42d74844cf7,200,10.416043
2026-09-17T03:48:48.186055044Z,book,full,a42d74844cf7,200,10.436273
2026-09-17T03:48:48.249513582Z,book,full,a42d74844cf7,200,13.598672
2026-09-17T03:48:48.306189088Z,book,full,a42d74844cf7,200,10.077377
2026-09-17T03:48:48.368095665Z,book,full,a42d74844cf7,200,12.294592
2026-09-17T03:48:48.42637419Z,book,full,a42d74844cf7,200,10.366259
2026-09-17T03:48:48.48616787Z,book,full,a42d74844cf7,200,10.279882
2026-09-17T03:48:48.546371226Z,book,full,a42d74844cf7,200,10.552541
2026-09-17T03:48:48.605732266Z,book,full,a42d74844cf7,200,9.744394
2026-09-17T03:48:48.668874934Z,book,full,a42d74844cf7,200,12.35402
2026-09-17T03:48:48.727806868Z,book,full,a42d74844cf7,200,12.936576
2026-09-17T03:48:48.790035001Z,book,full,a42d74844cf7,200,15.450992
2026-09-17T03:48:48.883717116Z,book,full,a42d74844cf7,200,49.019625
2026-09-17T03:48:48.947108676Z,book,full,a42d74844cf7,200,52.884567
2026-09-17T03:48:48.965350647Z,book,full,a42d74844cf7,200,10.954925
2026-09-17T03:48:49.024423167Z,book,full,a42d74844cf7,200,10.426158
2026-09-17T03:48:49.084284353Z,book,full,a42d74844cf7,200,10.312544
2026-09-17T03:48:49.144970408Z,book,full,a42d74844cf7,200,11.046781
2026-09-17T03:48:49.203374647Z,book,full,a42d74844cf7,200,9.672481
2026-09-17T03:48:49.26526419Z,book,full,a42d74844cf7,200,10.866681
2026-09-17T03:48:49.323778045Z,book,full,a42d74844cf7,200,9.83784
2026-09-17T03:48:49.383764354Z,book,full,a42d74844cf7,200,9.356841
2026-09-17T03:48:49.44409883Z,book,full,a42d74844cf7,200,10.08271
2026-09-17T03:48:49.503613155Z,book,full,a42d74844cf7,200,9.929481
2026-09-17T03:48:49.565015929Z,book,full,a42d74844cf7,200,10.629322
2026-09-17T03:48:49.624366086Z,book,full,a42d74844cf7,200,10.542589
2026-09-17T03:48:49.684458241Z,book,full,a42d74844cf7,200,10.671106
2026-09-17T03:48:49.744352466Z,book,full,a42d74844cf7,200,10.192706
2026-09-17T03:48:49.80497566Z,book,full,a42d74844cf7,200,10.788568
2026-09-17T03:48:49.863369617Z,book,full,a42d74844cf7,200,9.701841
2026-09-17T03:48:49.923346366Z,book,full,a42d74844cf7,200,9.275258
2026-09-17T03:48:49.984435859Z,book,full,a42d74844cf7,200,10.476446
2026-09-17T03:48:50.04656661Z,book,full,a42d74844cf7,200,12.242832
2026-09-17T03:48:50.106893094Z,book,full,a42d74844cf7,200,12.557816
2026-09-17T03:48:50.165257748Z,book,full,a42d74844cf7,200,11.501522
2026-09-17T03:48:50.225477775Z,book,full,a42d74844cf7,200,11.523565
2026-09-17T03:48:50.285441179Z,book,full,a42d74844cf7,200,11.531378
2026-09-17T03:48:50.344078487Z,book,full,a42d74844cf7,200,9.969146
2026-09-17T03:48:50.404492322Z,book,full,a42d74844cf7,200,10.490254
2026-09-17T03:48:50.465391551Z,book,full,a42d74844cf7,200,11.267657
2026-09-17T03:48:50.524060902Z,book,full,a42d74844cf7,200,9.990959
2026-09-17T03:48:50.585850746Z,book,full,a42d74844cf7,200,11.314841
2026-09-17T03:48:50.645791363Z,book,full,a42d74844cf7,200,11.255102
2026-09-17T03:48:50.704940362Z,book,full,a42d74844cf7,200,10.425688
2026-09-17T03:48:50.765464426Z,book,full,a42d74844cf7,200,10.39259
2026-09-17T03:48:50.825640534Z,book,full,a42d74844cf7,200,10.928503
2026-09-17T03:48:50.884601216Z,book,full,a42d74844cf7,200,10.576854
2026-09-17T03:48:50.944460022Z,book,full,a42d74844cf7,200,10.200352
2026-09-17T03:48:51.002986533Z,book,full,a42d74844cf7,200,8.853716
2026-09-17T03:48:51.067768433Z,book,full,a42d74844cf7,200,13.807583
2026-09-17T03:48:51.123370661Z,book,full,a42d74844cf7,200,9.666494
2026-09-17T03:48:51.183505127Z,book,full,a42d74844cf7,200,9.498402
2026-09-17T03:48:51.244640673Z,book,full,a42d74844cf7,200,10.297439
2026-09-17T03:48:51.304786384Z,book,full,a42d74844cf7,200,10.204477
2026-09-17T03:48:51.367519257Z,book,full,a42d74844cf7,200,12.884192
2026-09-17T03:48:51.430882391Z,book,full,a42d74844cf7,200,16.440994
2026-09-17T03:48:51.485184684Z,book,full,a42d74844cf7,200,10.753901
2026-09-17T03:48:51.544396733Z,book,full,a42d74844cf7,200,10.518215
2026-09-17T03:48:51.603394279Z,book,full,a42d74844cf7,200,9.293609
2026-09-17T03:48:51.664479886Z,book,full,a42d74844cf7,200,10.162579
2026-09-17T03:48:51.724354612Z,book,full,a42d74844cf7,200,9.870683
2026-09-17T03:48:51.784809446Z,book,full,a42d74844cf7,200,10.895253
2026-09-17T03:48:51.844831579Z,book,full,a42d74844cf7,200,10.157924
2026-09-17T03:48:51.905346875Z,book,full,a42d74844cf7,200,10.766702
2026-09-17T03:48:51.96434104Z,book,full,a42d74844cf7,200,10.254175
2026-09-17T03:48:52.024622451Z,book,full,a42d74844cf7,200,10.399321
2026-09-17T03:48:52.084055902Z,book,full,a42d74844cf7,200,9.972535
2026-09-17T03:48:52.144455881Z,book,full,a42d74844cf7,200,10.81099
2026-09-17T03:48:52.204836209Z,book,full,a42d74844cf7,200,10.15778
2026-09-17T03:48:52.264879318Z,book,full,a42d74844cf7,200,10.387205
2026-09-17T03:48:52.324166294Z,book,full,a42d74844cf7,200,10.528295
2026-09-17T03:48:52.384287997Z,book,full,a42d74844cf7,200,9.667015
2026-09-17T03:48:52.444263191Z,book,full,a42d74844cf7,200,10.275111
2026-09-17T03:48:52.503395425Z,book,full,a42d74844cf7,200,9.192744
2026-09-17T03:48:52.563709164Z,book,full,a42d74844cf7,200,9.592029
2026-09-17T03:48:52.626053276Z,book,full,a42d74844cf7,200,11.560208
2026-09-17T03:48:52.685559107Z,book,full,a42d74844cf7,200,11.109876
2026-09-17T03:48:52.745007913Z,book,full,a42d74844cf7,200,10.72875
2026-09-17T03:48:52.803576257Z,book,full,a42d74844cf7,200,9.641992
2026-09-17T03:48:52.865339629Z,book,full,a42d74844cf7,200,11.041012
2026-09-17T03:48:52.92372521Z,book,full,a42d74844cf7,200,9.654074
2026-09-17T03:48:52.984749478Z,book,full,a42d74844cf7,200,10.389495
2026-09-17T03:48:53.046220892Z,book,full,a42d74844cf7,200,11.808299
2026-09-17T03:48:53.103671659Z,book,full,a42d74844cf7,200,9.772707
2026-09-17T03:48:53.165001404Z,book,full,a42d74844cf7,200,10.789104
2026-09-17T03:48:53.224282418Z,book,full,a42d74844cf7,200,10.359608
2026-09-17T03:48:53.283614236Z,book,full,a42d74844cf7,200,9.946624
2026-09-17T03:48:53.344903004Z,book,full,a42d74844cf7,200,10.52841
2026-09-17T03:48:53.404314678Z,book,full,a42d74844cf7,200,9.596489
2026-09-17T03:48:53.463863561Z,book,full,a42d74844cf7,200,9.911963
2026-09-17T03:48:53.524786163Z,book,full,a42d74844cf7,200,10.268992
2026-09-17T03:48:53.58566352Z,book,full,a42d74844cf7,200,11.567394
2026-09-17T03:48:53.644259008Z,book,full,a42d74844cf7,200,9.904123
2026-09-17T03:48:53.702970048Z,book,full,a42d74844cf7,200,9.091569
2026-09-17T03:48:53.763499606Z,book,full,a42d74844cf7,200,9.827366
2026-09-17T03:48:53.825256676Z,book,full,a42d74844cf7,200,11.219604
2026-09-17T03:48:53.885470995Z,book,full,a42d74844cf7,200,10.827275
2026-09-17T03:48:53.944759775Z,book,full,a42d74844cf7,200,10.613836
2026-09-17T03:48:54.003938349Z,book,full,a42d74844cf7,200,9.496824
2026-09-17T03:48:54.065623598Z,book,full,a42d74844cf7,200,10.917036
2026-09-17T03:48:54.124252789Z,book,full,a42d74844cf7,200,9.906179
2026-09-17T03:48:54.183746599Z,book,full,a42d74844cf7,200,9.777646
2026-09-17T03:48:54.244370468Z,book,full,a42d74844cf7,200,9.947149
2026-09-17T03:48:54.303746545Z,book,full,a42d74844cf7,200,9.608412
2026-09-17T03:48:54.363951455Z,book,full,a42d74844cf7,200,9.388984
2026-09-17T03:48:54.424780258Z,book,full,a42d74844cf7,200,10.17705
2026-09-17T03:48:54.484937465Z,book,full,a42d74844cf7,200,10.415538
2026-09-17T03:48:54.54533784Z,book,full,a42d74844cf7,200,10.706747
2026-09-17T03:48:54.604568031Z,book,full,a42d74844cf7,200,10.486483
2026-09-17T03:48:54.665858169Z,book,full,a42d74844cf7,200,11.591293
2026-09-17T03:48:54.724504487Z,book,full,a42d74844cf7,200,9.950733
2026-09-17T03:48:54.783717753Z,book,full,a42d74844cf7,200,9.748921
2026-09-17T03:48:54.843735095Z,book,full,a42d74844cf7,200,9.354392
2026-09-17T03:48:54.903750281Z,book,full,a42d74844cf7,200,9.331929
2026-09-17T03:48:54.964712105Z,book,full,a42d74844cf7,200,10.122241
2026-09-17T03:48:55.024884254Z,book,full,a42d74844cf7,200,10.413118
2026-09-17T03:48:55.085965625Z,book,full,a42d74844cf7,200,11.578169
2026-09-17T03:48:55.146166286Z,book,full,a42d74844cf7,200,11.484673
2026-09-17T03:48:55.205489005Z,book,full,a42d74844cf7,200,11.549808
2026-09-17T03:48:55.264272768Z,book,full,a42d74844cf7,200,10.212178
2026-09-17T03:48:55.3244232Z,book,full,a42d74844cf7,200,10.429788
2026-09-17T03:48:55.38377985Z,book,full,a42d74844cf7,200,9.822679
2026-09-17T03:48:55.444649936Z,book,full,a42d74844cf7,200,10.269989
2026-09-17T03:48:55.504219722Z,book,full,a42d74844cf7,200,9.75736
2026-09-17T03:48:55.563801729Z,book,full,a42d74844cf7,200,9.829676
2026-09-17T03:48:55.624922513Z,book,full,a42d74844cf7,200,10.509613
2026-09-17T03:48:55.684751137Z,book,full,a42d74844cf7,200,10.439699
2026-09-17T03:48:55.744408428Z,book,full,a42d74844cf7,200,9.995066
2026-09-17T03:48:55.804177692Z,book,full,a42d74844cf7,200,10.128131
2026-09-17T03:48:55.863953098Z,book,full,a42d74844cf7,200,10.213947
2026-09-17T03:48:55.924276832Z,book,full,a42d74844cf7,200,9.625732
2026-09-17T03:48:55.983618555Z,book,full,a42d74844cf7,200,9.823634
2026-09-17T03:48:56.044281468Z,book,full,a42d74844cf7,200,9.959344
2026-09-17T03:48:56.105236741Z,book,full,a42d74844cf7,200,10.899171
2026-09-17T03:48:56.166630742Z,book,full,a42d74844cf7,200,12.07446
2026-09-17T03:48:56.243912174Z,book,full,a42d74844cf7,200,29.421531
2026-09-17T03:48:56.286175685Z,book,full,a42d74844cf7,200,11.65873
2026-09-17T03:48:56.35126644Z,book,full,a42d74844cf7,200,17.247924
2026-09-17T03:48:56.404326909Z,book,full,a42d74844cf7,200,10.337227
2026-09-17T03:48:56.465242811Z,book,full,a42d74844cf7,200,11.164072
2026-09-17T03:48:56.524537931Z,book,full,a42d74844cf7,200,10.281217
2026-09-17T03:48:56.583915056Z,book,full,a42d74844cf7,200,9.710663
2026-09-17T03:48:56.644568523Z,book,full,a42d74844cf7,200,10.82345
2026-09-17T03:48:56.704806835Z,book,full,a42d74844cf7,200,10.559441
2026-09-17T03:48:56.764282379Z,book,full,a42d74844cf7,200,9.690382
2026-09-17T03:48:56.823786035Z,book,full,a42d74844cf7,200,9.588063
2026-09-17T03:48:56.884457782Z,book,full,a42d74844cf7,200,10.062794
2026-09-17T03:48:56.944159563Z,book,full,a42d74844cf7,200,9.972988
2026-09-17T03:48:57.003884752Z,book,full,a42d74844cf7,200,10.020603
2026-09-17T03:48:57.064066552Z,book,full,a42d74844cf7,200,9.280399
2026-09-17T03:48:57.124735393Z,book,full,a42d74844cf7,200,10.815184
2026-09-17T03:48:57.185134582Z,book,full,a42d74844cf7,200,10.68539
2026-09-17T03:48:57.24894753Z,book,full,a42d74844cf7,200,13.923778
2026-09-17T03:48:57.303961109Z,book,full,a42d74844cf7,200,10.268728
2026-09-17T03:48:57.363750488Z,book,full,a42d74844cf7,200,10.17548
2026-09-17T03:48:57.423894254Z,book,full,a42d74844cf7,200,10.323435
2026-09-17T03:48:57.484071591Z,book,full,a42d74844cf7,200,9.566082
2026-09-17T03:48:57.543860672Z,book,full,a42d74844cf7,200,10.232925
2026-09-17T03:48:57.606690884Z,book,full,a42d74844cf7,200,12.10501
2026-09-17T03:48:57.665761891Z,book,full,a42d74844cf7,200,11.474832
2026-09-17T03:48:57.734342911Z,book,full,a42d74844cf7,200,19.249523
2026-09-17T03:48:57.784688037Z,book,full,a42d74844cf7,200,10.032228
2026-09-17T03:48:57.844934136Z,book,full,a42d74844cf7,200,10.462727
2026-09-17T03:48:57.904328444Z,book,full,a42d74844cf7,200,9.73187
2026-09-17T03:48:57.964240647Z,book,full,a42d74844cf7,200,10.180863
2026-09-17T03:48:58.025535948Z,book,full,a42d74844cf7,200,11.505975
2026-09-17T03:48:58.084303663Z,book,full,a42d74844cf7,200,10.314321
2026-09-17T03:48:58.143986303Z,book,full,a42d74844cf7,200,10.119284
2026-09-17T03:48:58.204784595Z,book,full,a42d74844cf7,200,10.11502
2026-09-17T03:48:58.264223575Z,book,full,a42d74844cf7,200,9.812422
2026-09-17T03:48:58.325101355Z,book,full,a42d74844cf7,200,11.247887
2026-09-17T03:48:58.385030753Z,book,full,a42d74844cf7,200,10.398247
2026-09-17T03:48:58.444799083Z,book,full,a42d74844cf7,200,10.05215
2026-09-17T03:48:58.503314665Z,book,full,a42d74844cf7,200,8.881212
2026-09-17T03:48:58.563779653Z,book,full,a42d74844cf7,200,9.79395
2026-09-17T03:48:58.624451271Z,book,full,a42d74844cf7,200,9.947622
2026-09-17T03:48:58.684141401Z,book,full,a42d74844cf7,200,10.132075
2026-09-17T03:48:58.751643467Z,book,full,a42d74844cf7,200,17.772847
2026-09-17T03:48:58.805600877Z,book,full,a42d74844cf7,200,11.266226
2026-09-17T03:48:58.864196696Z,book,full,a42d74844cf7,200,9.887325
2026-09-17T03:48:58.924461357Z,book,full,a42d74844cf7,200,10.309291
2026-09-17T03:48:58.984692671Z,book,full,a42d74844cf7,200,10.367995
2026-09-17T03:48:59.044952875Z,book,full,a42d74844cf7,200,10.4602
2026-09-17T03:48:59.103861775Z,book,full,a42d74844cf7,200,10.288408
2026-09-17T03:48:59.164580087Z,book,full,a42d74844cf7,200,9.971674
2026-09-17T03:48:59.223698322Z,book,full,a42d74844cf7,200,9.572691
2026-09-17T03:48:59.28360828Z,book,full,a42d74844cf7,200,9.238007
2026-09-17T03:48:59.344176721Z,book,full,a42d74844cf7,200,9.704433
2026-09-17T03:48:59.404075346Z,book,full,a42d74844cf7,200,10.116194
2026-09-17T03:48:59.463732995Z,book,full,a42d74844cf7,200,9.934371
2026-09-17T03:48:59.524633592Z,book,full,a42d74844cf7,200,10.169114
2026-09-17T03:48:59.584171846Z,book,full,a42d74844cf7,200,9.879601
2026-09-17T03:48:59.644679435Z,book,full,a42d74844cf7,200,10.801353
2026-09-17T03:48:59.704755516Z,book,full,a42d74844cf7,200,10.025788
2026-09-17T03:48:59.765683799Z,book,full,a42d74844cf7,200,11.21703
2026-09-17T03:48:59.824554887Z,book,full,a42d74844cf7,200,10.110945
2026-09-17T03:48:59.883180578Z,book,full,a42d74844cf7,200,9.145214
2026-09-17T03:48:59.944375852Z,book,full,a42d74844cf7,200,10.202262
2026-09-17T03:49:00.004697958Z,book,full,a42d74844cf7,200,10.30221
2026-09-17T03:49:00.065970521Z,book,full,a42d74844cf7,200,11.478888
2026-09-17T03:49:00.124875521Z,book,full,a42d74844cf7,200,11.287206
2026-09-17T03:49:00.184745466Z,book,full,a42d74844cf7,200,10.30809
2026-09-17T03:49:00.24563301Z,book,full,a42d74844cf7,200,11.18617
2026-09-17T03:49:00.304369946Z,book,full,a42d74844cf7,200,9.966081
2026-09-17T03:49:00.364383213Z,book,full,a42d74844cf7,200,10.316101
2026-09-17T03:49:00.425558935Z,book,full,a42d74844cf7,200,11.485109
2026-09-17T03:49:00.484827747Z,book,full,a42d74844cf7,200,10.506404
2026-09-17T03:49:00.544572973Z,book,full,a42d74844cf7,200,9.977019
2026-09-17T03:49:00.604142384Z,book,full,a42d74844cf7,200,9.91464
2026-09-17T03:49:00.664972572Z,book,full,a42d74844cf7,200,11.313279
2026-09-17T03:49:00.724417025Z,book,full,a42d74844cf7,200,9.78431
2026-09-17T03:49:00.784337859Z,book,full,a42d74844cf7,200,10.379926
2026-09-17T03:49:00.84372632Z,book,full,a42d74844cf7,200,9.558763
2026-09-17T03:49:00.904555421Z,book,full,a42d74844cf7,200,10.170894
2026-09-17T03:49:00.963725302Z,book,full,a42d74844cf7,200,9.594234
2026-09-17T03:49:01.024967082Z,book,full,a42d74844cf7,200,10.409847
2026-09-17T03:49:01.08524629Z,book,full,a42d74844cf7,200,10.743824
2026-09-17T03:49:01.14631847Z,book,full,a42d74844cf7,200,12.244253
2026-09-17T03:49:01.203103551Z,book,full,a42d74844cf7,200,9.19035
2026-09-17T03:49:01.264276829Z,book,full,a42d74844cf7,200,10.548049
2026-09-17T03:49:01.325537204Z,book,full,a42d74844cf7,200,11.57111
2026-09-17T03:49:01.384015348Z,book,full,a42d74844cf7,200,9.964421
2026-09-17T03:49:01.444455983Z,book,full,a42d74844cf7,200,10.653673
2026-09-17T03:49:01.503587894Z,book,full,a42d74844cf7,200,9.195673
2026-09-17T03:49:01.564419224Z,book,full,a42d74844cf7,200,10.017446
2026-09-17T03:49:01.624740455Z,book,full,a42d74844cf7,200,10.399348
2026-09-17T03:49:01.684163886Z,book,full,a42d74844cf7,200,9.853354
2026-09-17T03:49:01.745019877Z,book,full,a42d74844cf7,200,10.65293
2026-09-17T03:49:01.804207219Z,book,full,a42d74844cf7,200,10.569226
2026-09-17T03:49:01.864268599Z,book,full,a42d74844cf7,200,9.951603
2026-09-17T03:49:01.924100734Z,book,full,a42d74844cf7,200,10.001779
2026-09-17T03:49:01.984529294Z,book,full,a42d74844cf7,200,9.581359
2026-09-17T03:49:02.044096255Z,book,full,a42d74844cf7,200,9.716783
2026-09-17T03:49:02.104856738Z,book,full,a42d74844cf7,200,10.911744
2026-09-17T03:49:02.163986201Z,book,full,a42d74844cf7,200,9.446113
2026-09-17T03:49:02.223330135Z,book,full,a42d74844cf7,200,9.652548
2026-09-17T03:49:02.28487246Z,book,full,a42d74844cf7,200,10.882761
2026-09-17T03:49:02.344181982Z,book,full,a42d74844cf7,200,9.547605
2026-09-17T03:49:02.403733612Z,book,full,a42d74844cf7,200,9.894048
2026-09-17T03:49:02.464926229Z,book,full,a42d74844cf7,200,10.544727
2026-09-17T03:49:02.524269899Z,book,full,a42d74844cf7,200,10.18173
2026-09-17T03:49:02.58580907Z,book,full,a42d74844cf7,200,12.058459
2026-09-17T03:49:02.645206026Z,book,full,a42d74844cf7,200,10.784949
2026-09-17T03:49:02.704746676Z,book,full,a42d74844cf7,200,10.836782
2026-09-17T03:49:02.766917751Z,book,full,a42d74844cf7,200,12.528175
2026-09-17T03:49:02.825800818Z,book,full,a42d74844cf7,200,11.149726
2026-09-17T03:49:02.883645014Z,book,full,a42d74844cf7,200,9.362146
2026-09-17T03:49:02.945319491Z,book,full,a42d74844cf7,200,10.923839
2026-09-17T03:49:03.00397256Z,book,full,a42d74844cf7,200,9.993446
2026-09-17T03:49:03.066289037Z,book,full,a42d74844cf7,200,11.484633
2026-09-17T03:49:03.125078278Z,book,full,a42d74844cf7,200,10.472149
2026-09-17T03:49:03.18594878Z,book,full,a42d74844cf7,200,11.206901
2026-09-17T03:49:03.244622571Z,book,full,a42d74844cf7,200,10.439001
2026-09-17T03:49:03.305613295Z,book,full,a42d74844cf7,200,11.280367
2026-09-17T03:49:03.363645104Z,book,full,a42d74844cf7,200,9.327187
2026-09-17T03:49:03.42428092Z,book,full,a42d74844cf7,200,9.859285
2026-09-17T03:49:03.483882649Z,book,full,a42d74844cf7,200,10.23996
2026-09-17T03:49:03.544949571Z,book,full,a42d74844cf7,200,10.408678
2026-09-17T03:49:03.605458577Z,book,full,a42d74844cf7,200,10.918418
2026-09-17T03:49:03.66383685Z,book,full,a42d74844cf7,200,9.359301
2026-09-17T03:49:03.725074676Z,book,full,a42d74844cf7,200,10.440901
2026-09-17T03:49:03.787070339Z,book,full,a42d74844cf7,200,12.428322
2026-09-17T03:49:03.84453249Z,book,full,a42d74844cf7,200,10.574767
2026-09-17T03:49:03.905462931Z,book,full,a42d74844cf7,200,11.226621
2026-09-17T03:49:03.965138102Z,book,full,a42d74844cf7,200,10.759656
2026-09-17T03:49:04.024585508Z,book,full,a42d74844cf7,200,10.592157
2026-09-17T03:49:04.084305096Z,book,full,a42d74844cf7,200,10.17689
2026-09-17T03:49:04.144069923Z,book,full,a42d74844cf7,200,10.122076
2026-09-17T03:49:04.205095858Z,book,full,a42d74844cf7,200,11.40865
2026-09-17T03:49:04.265352157Z,book,full,a42d74844cf7,200,11.549478
2026-09-17T03:49:04.324949298Z,book,full,a42d74844cf7,200,10.859224
2026-09-17T03:49:04.384484766Z,book,full,a42d74844cf7,200,9.80452
2026-09-17T03:49:04.444653879Z,book,full,a42d74844cf7,200,10.385611
2026-09-17T03:49:04.504363258Z,book,full,a42d74844cf7,200,9.774217
2026-09-17T03:49:04.56415444Z,book,full,a42d74844cf7,200,9.831197
2026-09-17T03:49:04.624037186Z,book,full,a42d74844cf7,200,10.084743
2026-09-17T03:49:04.683775703Z,book,full,a42d74844cf7,200,9.22891
2026-09-17T03:49:04.745879143Z,book,full,a42d74844cf7,200,11.225865
2026-09-17T03:49:04.804858077Z,book,full,a42d74844cf7,200,10.348851
2026-09-17T03:49:04.864338976Z,book,full,a42d74844cf7,200,9.863492
2026-09-17T03:49:04.924549143Z,book,full,a42d74844cf7,200,10.423926
2026-09-17T03:49:04.983983818Z,book,full,a42d74844cf7,200,9.908275
2026-09-17T03:49:05.044996968Z,book,full,a42d74844cf7,200,11.379781
2026-09-17T03:49:05.105387309Z,book,full,a42d74844cf7,200,10.726278
2026-09-17T03:49:05.164922163Z,book,full,a42d74844cf7,200,10.695165
2026-09-17T03:49:05.225190363Z,book,full,a42d74844cf7,200,10.637842
2026-09-17T03:49:05.28576196Z,book,full,a42d74844cf7,200,11.042485
2026-09-17T03:49:05.345771281Z,book,full,a42d74844cf7,200,11.252002
2026-09-17T03:49:05.404046695Z,book,full,a42d74844cf7,200,9.648795
2026-09-17T03:49:05.463371882Z,book,full,a42d74844cf7,200,9.648595
2026-09-17T03:49:05.524062346Z,book,full,a42d74844cf7,200,9.93985
2026-09-17T03:49:05.584518962Z,book,full,a42d74844cf7,200,9.996682
2026-09-17T03:49:05.644687751Z,book,full,a42d74844cf7,200,10.217303
2026-09-17T03:49:05.706397631Z,book,full,a42d74844cf7,200,11.743218
2026-09-17T03:49:05.764296155Z,book,full,a42d74844cf7,200,10.011812
2026-09-17T03:49:05.824927421Z,book,full,a42d74844cf7,200,11.001996
2026-09-17T03:49:05.884339148Z,book,full,a42d74844cf7,200,9.937686
2026-09-17T03:49:05.944611591Z,book,full,a42d74844cf7,200,10.543335
2026-09-17T03:49:06.005211868Z,book,full,a42d74844cf7,200,10.687921
2026-09-17T03:49:06.063358911Z,book,full,a42d74844cf7,200,9.412446
2026-09-17T03:49:06.124094475Z,book,full,a42d74844cf7,200,9.825282
2026-09-17T03:49:06.183834819Z,book,full,a42d74844cf7,200,9.147455
2026-09-17T03:49:06.2448571Z,book,full,a42d74844cf7,200,10.285419
2026-09-17T03:49:06.305455998Z,book,full,a42d74844cf7,200,11.454472
2026-09-17T03:49:06.364725951Z,book,full,a42d74844cf7,200,10.18807
2026-09-17T03:49:06.425043076Z,book,full,a42d74844cf7,200,11.398301
2026-09-17T03:49:06.48513882Z,book,full,a42d74844cf7,200,10.585422
2026-09-17T03:49:06.544197105Z,book,full,a42d74844cf7,200,10.541771
2026-09-17T03:49:06.604206816Z,book,full,a42d74844cf7,200,10.386882
2026-09-17T03:49:06.663552028Z,book,full,a42d74844cf7,200,9.656595
2026-09-17T03:49:06.726419596Z,book,full,a42d74844cf7,200,12.017412
2026-09-17T03:49:06.784200717Z,book,full,a42d74844cf7,200,10.371648
2026-09-17T03:49:06.843904709Z,book,full,a42d74844cf7,200,10.016872
2026-09-17T03:49:06.903800349Z,book,full,a42d74844cf7,200,10.162156
2026-09-17T03:49:06.965268535Z,book,full,a42d74844cf7,200,10.151553
2026-09-17T03:49:07.024626705Z,book,full,a42d74844cf7,200,9.990886
2026-09-17T03:49:07.084014848Z,book,full,a42d74844cf7,200,9.998291
2026-09-17T03:49:07.144656122Z,book,full,a42d74844cf7,200,10.696571
2026-09-17T03:49:07.204437881Z,book,full,a42d74844cf7,200,10.030724
2026-09-17T03:49:07.263958683Z,book,full,a42d74844cf7,200,9.833199
2026-09-17T03:49:07.328398145Z,book,full,a42d74844cf7,200,13.611968
2026-09-17T03:49:07.384075143Z,book,full,a42d74844cf7,200,10.406485
2026-09-17T03:49:07.443661671Z,book,full,a42d74844cf7,200,9.79244
2026-09-17T03:49:07.504319838Z,book,full,a42d74844cf7,200,9.83909
2026-09-17T03:49:07.565069662Z,book,full,a42d74844cf7,200,11.11099
2026-09-17T03:49:07.624621597Z,book,full,a42d74844cf7,200,10.700566
2026-09-17T03:49:07.684205783Z,book,full,a42d74844cf7,200,10.037014
2026-09-17T03:49:07.744645019Z,book,full,a42d74844cf7,200,10.701181
2026-09-17T03:49:07.805935551Z,book,full,a42d74844cf7,200,11.444435
2026-09-17T03:49:07.86653037Z,book,full,a42d74844cf7,200,11.787174
2026-09-17T03:49:07.924432523Z,book,full,a42d74844cf7,200,10.23472
2026-09-17T03:49:07.983516092Z,book,full,a42d74844cf7,200,9.481961
2026-09-17T03:49:08.045055414Z,book,full,a42d74844cf7,200,10.647079
2026-09-17T03:49:08.104127021Z,book,full,a42d74844cf7,200,10.176486
2026-09-17T03:49:08.163226892Z,book,full,a42d74844cf7,200,9.306847
2026-09-17T03:49:08.223903526Z,book,full,a42d74844cf7,200,10.151705
2026-09-17T03:49:08.284639564Z,book,full,a42d74844cf7,200,10.374671
2026-09-17T03:49:08.344875863Z,book,full,a42d74844cf7,200,10.437235
2026-09-17T03:49:08.404273061Z,book,full,a42d74844cf7,200,9.637337
2026-09-17T03:49:08.46431799Z,book,full,a42d74844cf7,200,10.207677
2026-09-17T03:49:08.524615283Z,book,full,a42d74844cf7,200,10.568032
2026-09-17T03:49:08.583426789Z,book,full,a42d74844cf7,200,9.281404
2026-09-17T03:49:08.645338362Z,book,full,a42d74844cf7,200,10.900414
2026-09-17T03:49:08.704838162Z,book,full,a42d74844cf7,200,10.776684
2026-09-17T03:49:08.768648523Z,book,full,a42d74844cf7,200,13.919763
2026-09-17T03:49:08.826321439Z,book,full,a42d74844cf7,200,12.160583
2026-09-17T03:49:08.884393727Z,book,full,a42d74844cf7,200,10.699516
2026-09-17T03:49:08.944798875Z,book,full,a42d74844cf7,200,10.574872
2026-09-17T03:49:09.005285228Z,book,full,a42d74844cf7,200,10.707832
2026-09-17T03:49:09.064742537Z,book,full,a42d74844cf7,200,10.722218
2026-09-17T03:49:09.124382407Z,book,full,a42d74844cf7,200,9.9948
2026-09-17T03:49:09.183751579Z,book,full,a42d74844cf7,200,9.791746
2026-09-17T03:49:09.243843226Z,book,full,a42d74844cf7,200,10.1092
2026-09-17T03:49:09.305244387Z,book,full,a42d74844cf7,200,10.707737
2026-09-17T03:49:09.363884595Z,book,full,a42d74844cf7,200,9.965386
2026-09-17T03:49:09.424525265Z,book,full,a42d74844cf7,200,10.785163
2026-09-17T03:49:09.484575174Z,book,full,a42d74844cf7,200,10.408009
2026-09-17T03:49:09.545157666Z,book,full,a42d74844cf7,200,10.79851
2026-09-17T03:49:09.604236754Z,book,full,a42d74844cf7,200,10.207615
2026-09-17T03:49:09.663656882Z,book,full,a42d74844cf7,200,9.940736
2026-09-17T03:49:09.724572276Z,book,full,a42d74844cf7,200,10.23606
2026-09-17T03:49:09.784693215Z,book,full,a42d74844cf7,200,10.633732
2026-09-17T03:49:09.843997175Z,book,full,a42d74844cf7,200,9.59243
2026-09-17T03:49:09.905007826Z,book,full,a42d74844cf7,200,10.134299
2026-09-17T03:49:09.964299335Z,book,full,a42d74844cf7,200,9.705463
2026-09-17T03:49:10.026608428Z,book,full,a42d74844cf7,200,12.737327
2026-09-17T03:49:10.085378246Z,book,full,a42d74844cf7,200,11.386728
2026-09-17T03:49:10.144000196Z,book,full,a42d74844cf7,200,9.946033
2026-09-17T03:49:10.208102066Z,book,full,a42d74844cf7,200,13.393189
2026-09-17T03:49:10.263202858Z,book,full,a42d74844cf7,200,9.526823
2026-09-17T03:49:10.323415471Z,book,full,a42d74844cf7,200,9.618376
2026-09-17T03:49:10.384681776Z,book,full,a42d74844cf7,200,10.687535
2026-09-17T03:49:10.443526434Z,book,full,a42d74844cf7,200,9.043616
2026-09-17T03:49:10.50408954Z,book,full,a42d74844cf7,200,9.885072
2026-09-17T03:49:10.563926207Z,book,full,a42d74844cf7,200,10.014894
2026-09-17T03:49:10.624360747Z,book,full,a42d74844cf7,200,9.734592
2026-09-17T03:49:10.683906596Z,book,full,a42d74844cf7,200,9.929827
2026-09-17T03:49:10.743840806Z,book,full,a42d74844cf7,200,9.174842
2026-09-17T03:49:10.804345876Z,book,full,a42d74844cf7,200,9.784461
2026-09-17T03:49:10.865543613Z,book,full,a42d74844cf7,200,11.203986
2026-09-17T03:49:10.924834711Z,book,full,a42d74844cf7,200,10.615539
2026-09-17T03:49:10.984238044Z,book,full,a42d74844cf7,200,9.809346
2026-09-17T03:49:11.044934349Z,book,full,a42d74844cf7,200,10.8767
2026-09-17T03:49:11.10598337Z,book,full,a42d74844cf7,200,10.746958
2026-09-17T03:49:11.164309621Z,book,full,a42d74844cf7,200,9.883542
2026-09-17T03:49:11.225903498Z,book,full,a42d74844cf7,200,11.716448
2026-09-17T03:49:11.287043168Z,book,full,a42d74844cf7,200,12.684715
2026-09-17T03:49:11.346361415Z,book,full,a42d74844cf7,200,11.730739
2026-09-17T03:49:11.405411899Z,book,full,a42d74844cf7,200,11.317361
2026-09-17T03:49:11.470700868Z,book,full,a42d74844cf7,200,16.566602
2026-09-17T03:49:11.524927061Z,book,full,a42d74844cf7,200,10.602472
2026-09-17T03:49:11.586541719Z,book,full,a42d74844cf7,200,11.995143
2026-09-17T03:49:11.644750547Z,book,full,a42d74844cf7,200,10.526523
2026-09-17T03:49:11.70503714Z,book,full,a42d74844cf7,200,10.522236
2026-09-17T03:49:11.763818415Z,book,full,a42d74844cf7,200,10.222379
2026-09-17T03:49:11.82409963Z,book,full,a42d74844cf7,200,9.675855
2026-09-17T03:49:11.884971382Z,book,full,a42d74844cf7,200,10.342055
2026-09-17T03:49:11.943614495Z,book,full,a42d74844cf7,200,9.992167
2026-09-17T03:49:12.004289864Z,book,full,a42d74844cf7,200,9.83254
2026-09-17T03:49:12.064322692Z,book,full,a42d74844cf7,200,10.366507
2026-09-17T03:49:12.123782119Z,book,full,a42d74844cf7,200,9.962328
2026-09-17T03:49:12.183301581Z,book,full,a42d74844cf7,200,8.846314
2026-09-17T03:49:12.243788814Z,book,full,a42d74844cf7,200,9.862139
2026-09-17T03:49:12.303896845Z,book,full,a42d74844cf7,200,9.407905
2026-09-17T03:49:12.364568186Z,book,full,a42d74844cf7,200,10.013912
2026-09-17T03:49:12.423548563Z,book,full,a42d74844cf7,200,9.304839
2026-09-17T03:49:12.484518098Z,book,full,a42d74844cf7,200,10.05003
2026-09-17T03:49:12.547272418Z,book,full,a42d74844cf7,200,12.94414
2026-09-17T03:49:12.605300214Z,book,full,a42d74844cf7,200,11.283262
2026-09-17T03:49:12.665093852Z,book,full,a42d74844cf7,200,11.210455
2026-09-17T03:49:12.724325017Z,book,full,a42d74844cf7,200,10.691968
2026-09-17T03:49:12.783669641Z,book,full,a42d74844cf7,200,9.842783
2026-09-17T03:49:12.844255188Z,book,full,a42d74844cf7,200,9.845064
2026-09-17T03:49:12.905716199Z,book,full,a42d74844cf7,200,11.560982
2026-09-17T03:49:12.964120248Z,book,full,a42d74844cf7,200,9.905273
2026-09-17T03:49:13.024956484Z,book,full,a42d74844cf7,200,10.589334
2026-09-17T03:49:13.085317138Z,book,full,a42d74844cf7,200,10.748386
2026-09-17T03:49:13.144101511Z,book,full,a42d74844cf7,200,10.151987
2026-09-17T03:49:13.223985896Z,book,full,a42d74844cf7,200,30.033399
2026-09-17T03:49:13.287739798Z,book,full,a42d74844cf7,200,33.138196
2026-09-17T03:49:13.325930836Z,book,full,a42d74844cf7,200,11.577458
2026-09-17T03:49:13.384274027Z,book,full,a42d74844cf7,200,9.707524
2026-09-17T03:49:13.443353817Z,book,full,a42d74844cf7,200,9.327691
2026-09-17T03:49:13.507273861Z,book,full,a42d74844cf7,200,12.656859
2026-09-17T03:49:13.563114819Z,book,full,a42d74844cf7,200,9.141346
2026-09-17T03:49:13.624026215Z,book,full,a42d74844cf7,200,9.643448
2026-09-17T03:49:13.683222643Z,book,full,a42d74844cf7,200,9.487218
2026-09-17T03:49:13.744394283Z,book,full,a42d74844cf7,200,10.576453
2026-09-17T03:49:13.804707214Z,book,full,a42d74844cf7,200,10.535105
2026-09-17T03:49:13.864868074Z,book,full,a42d74844cf7,200,10.507543
2026-09-17T03:49:13.924707235Z,book,full,a42d74844cf7,200,10.105524
2026-09-17T03:49:13.984398735Z,book,full,a42d74844cf7,200,10.120839
2026-09-17T03:49:14.043623855Z,book,full,a42d74844cf7,200,9.530815
2026-09-17T03:49:14.104686922Z,book,full,a42d74844cf7,200,10.2772
2026-09-17T03:49:14.163353976Z,book,full,a42d74844cf7,200,9.650835
2026-09-17T03:49:14.223752963Z,book,full,a42d74844cf7,200,9.808201
2026-09-17T03:49:14.284251127Z,book,full,a42d74844cf7,200,9.740411
2026-09-17T03:49:14.343707775Z,book,full,a42d74844cf7,200,9.660465
2026-09-17T03:49:14.404681441Z,book,full,a42d74844cf7,200,10.299228
2026-09-17T03:49:14.464514891Z,book,full,a42d74844cf7,200,9.899358
2026-09-17T03:49:14.524401125Z,book,full,a42d74844cf7,200,10.157061
2026-09-17T03:49:14.584195449Z,book,full,a42d74844cf7,200,10.143902
2026-09-17T03:49:14.643367624Z,book,full,a42d74844cf7,200,9.445595
2026-09-17T03:49:14.704846087Z,book,full,a42d74844cf7,200,10.940806
2026-09-17T03:49:14.764313Z,book,full,a42d74844cf7,200,9.774209
2026-09-17T03:49:14.823672465Z,book,full,a42d74844cf7,200,9.666971
2026-09-17T03:49:14.884881403Z,book,full,a42d74844cf7,200,10.630547
2026-09-17T03:49:14.944443068Z,book,full,a42d74844cf7,200,9.870165
2026-09-17T03:49:15.006775685Z,book,full,a42d74844cf7,200,12.430276
2026-09-17T03:49:15.066139561Z,book,full,a42d74844cf7,200,11.664219
2026-09-17T03:49:15.124921113Z,book,full,a42d74844cf7,200,11.241712
2026-09-17T03:49:15.185258291Z,book,full,a42d74844cf7,200,10.85881
2026-09-17T03:49:15.243910733Z,book,full,a42d74844cf7,200,9.913819
2026-09-17T03:49:15.304877838Z,book,full,a42d74844cf7,200,10.33269
2026-09-17T03:49:15.364441829Z,book,full,a42d74844cf7,200,9.821087
2026-09-17T03:49:15.424239426Z,book,full,a42d74844cf7,200,10.165728
2026-09-17T03:49:15.484243925Z,book,full,a42d74844cf7,200,10.255784
2026-09-17T03:49:15.545725613Z,book,full,a42d74844cf7,200,11.837142
2026-09-17T03:49:15.605018953Z,book,full,a42d74844cf7,200,10.311953
2026-09-17T03:49:15.665046898Z,book,full,a42d74844cf7,200,10.412577
2026-09-17T03:49:15.725659546Z,book,full,a42d74844cf7,200,11.920452
2026-09-17T03:49:15.785023572Z,book,full,a42d74844cf7,200,10.914244
2026-09-17T03:49:15.843851837Z,book,full,a42d74844cf7,200,9.19863
2026-09-17T03:49:15.905668158Z,book,full,a42d74844cf7,200,11.029852
2026-09-17T03:49:15.963155763Z,book,full,a42d74844cf7,200,9.437934
2026-09-17T03:49:16.023142655Z,book,full,a42d74844cf7,200,9.273741
2026-09-17T03:49:16.083757134Z,book,full,a42d74844cf7,200,10.100763
2026-09-17T03:49:16.144206096Z,book,full,a42d74844cf7,200,9.749517
2026-09-17T03:49:16.204506301Z,book,full,a42d74844cf7,200,10.539302
2026-09-17T03:49:16.266134116Z,book,full,a42d74844cf7,200,11.831877
2026-09-17T03:49:16.324178852Z,book,full,a42d74844cf7,200,10.441633
2026-09-17T03:49:16.384416507Z,book,full,a42d74844cf7,200,10.707938
2026-09-17T03:49:16.444222666Z,book,full,a42d74844cf7,200,10.129055
2026-09-17T03:49:16.503370275Z,book,full,a42d74844cf7,200,9.460916
2026-09-17T03:49:16.564439298Z,book,full,a42d74844cf7,200,10.212221
2026-09-17T03:49:16.625888308Z,book,full,a42d74844cf7,200,11.601365
2026-09-17T03:49:16.684001971Z,book,full,a42d74844cf7,200,9.643469
2026-09-17T03:49:16.745102847Z,book,full,a42d74844cf7,200,10.487662
2026-09-17T03:49:16.804570646Z,book,full,a42d74844cf7,200,10.654743
2026-09-17T03:49:16.864046925Z,book,full,a42d74844cf7,200,9.796481
2026-09-17T03:49:16.923914012Z,book,full,a42d74844cf7,200,10.227427
2026-09-17T03:49:16.98444092Z,book,full,a42d74844cf7,200,10.012996
2026-09-17T03:49:17.044632187Z,book,full,a42d74844cf7,200,10.580559
2026-09-17T03:49:17.103805103Z,book,full,a42d74844cf7,200,9.567838
2026-09-17T03:49:17.163278182Z,book,full,a42d74844cf7,200,8.770063
2026-09-17T03:49:17.223165996Z,book,full,a42d74844cf7,200,9.214907
2026-09-17T03:49:17.283765144Z,book,full,a42d74844cf7,200,10.012907
2026-09-17T03:49:17.345123938Z,book,full,a42d74844cf7,200,10.551407
2026-09-17T03:49:17.40470726Z,book,full,a42d74844cf7,200,11.079456
2026-09-17T03:49:17.464494007Z,book,full,a42d74844cf7,200,10.185519
2026-09-17T03:49:17.52986538Z,book,full,a42d74844cf7,200,15.447036
2026-09-17T03:49:17.585937732Z,book,full,a42d74844cf7,200,11.526149
2026-09-17T03:49:17.644777128Z,book,full,a42d74844cf7,200,10.241924
2026-09-17T03:49:17.704690371Z,book,full,a42d74844cf7,200,9.482063
2026-09-17T03:49:17.76378772Z,book,full,a42d74844cf7,200,9.419452
2026-09-17T03:49:17.824442352Z,book,full,a42d74844cf7,200,9.974873
2026-09-17T03:49:17.884619263Z,book,full,a42d74844cf7,200,10.649589
2026-09-17T03:49:17.946920542Z,book,full,a42d74844cf7,200,12.470679
2026-09-17T03:49:18.005577655Z,book,full,a42d74844cf7,200,11.183634
2026-09-17T03:49:18.063090783Z,book,full,a42d74844cf7,200,9.132336
2026-09-17T03:49:18.123392998Z,book,full,a42d74844cf7,200,9.476161
2026-09-17T03:49:18.183933576Z,book,full,a42d74844cf7,200,9.878472
2026-09-17T03:49:18.244023021Z,book,full,a42d74844cf7,200,10.268339
2026-09-17T03:49:18.30464706Z,book,full,a42d74844cf7,200,9.93476
2026-09-17T03:49:18.364679165Z,book,full,a42d74844cf7,200,9.971303
2026-09-17T03:49:18.423877925Z,book,full,a42d74844cf7,200,9.447499
2026-09-17T03:49:18.484472118Z,book,full,a42d74844cf7,200,9.968123
2026-09-17T03:49:18.544432837Z,book,full,a42d74844cf7,200,10.165261
2026-09-17T03:49:18.60469866Z,book,full,a42d74844cf7,200,10.265325
2026-09-17T03:49:18.665312804Z,book,full,a42d74844cf7,200,10.87417
2026-09-17T03:49:18.725524245Z,book,full,a42d74844cf7,200,13.134769
2026-09-17T03:49:18.783575448Z,book,full,a42d74844cf7,200,10.51832
2026-09-17T03:49:18.841195178Z,book,full,a42d74844cf7,200,8.897038
2026-09-17T03:49:18.903532761Z,book,full,a42d74844cf7,200,10.577784
2026-09-17T03:49:18.962458183Z,book,full,a42d74844cf7,200,10.170653
2026-09-17T03:49:19.022747863Z,book,full,a42d74844cf7,200,10.535335
2026-09-17T03:49:19.083313998Z,book,full,a42d74844cf7,200,10.621682
2026-09-17T03:49:19.142096196Z,book,full,a42d74844cf7,200,9.974674
2026-09-17T03:49:19.203220277Z,book,full,a42d74844cf7,200,10.668355
2026-09-17T03:49:19.26376068Z,book,full,a42d74844cf7,200,10.944036
2026-09-17T03:49:19.323045694Z,book,full,a42d74844cf7,200,10.686871
2026-09-17T03:49:19.383515437Z,book,full,a42d74844cf7,200,10.927304
2026-09-17T03:49:19.442538392Z,book,full,a42d74844cf7,200,10.33494
2026-09-17T03:49:19.50213289Z,book,full,a42d74844cf7,200,9.882207
2026-09-17T03:49:19.564036417Z,book,full,a42d74844cf7,200,11.210535
2026-09-17T03:49:19.623887403Z,book,full,a42d74844cf7,200,11.120764
2026-09-17T03:49:19.68204228Z,book,full,a42d74844cf7,200,9.810477
2026-09-17T03:49:19.741612125Z,book,full,a42d74844cf7,200,8.889777
2026-09-17T03:49:19.802361623Z,book,full,a42d74844cf7,200,9.850734
2026-09-17T03:49:19.86630972Z,book,full,a42d74844cf7,200,14.105306
2026-09-17T03:49:19.923936722Z,book,full,a42d74844cf7,200,10.866931
2026-09-17T03:49:19.984246612Z,book,full,a42d74844cf7,200,11.880425
2026-09-17T03:49:20.043988136Z,book,full,a42d74844cf7,200,11.037113
2026-09-17T03:49:20.104091402Z,book,full,a42d74844cf7,200,11.224121
2026-09-17T03:49:20.163874049Z,book,full,a42d74844cf7,200,11.06028
2026-09-17T03:49:20.22264195Z,book,full,a42d74844cf7,200,9.825819
2026-09-17T03:49:20.283455508Z,book,full,a42d74844cf7,200,11.128805
2026-09-17T03:49:20.361464013Z,book,full,a42d74844cf7,200,29.256931
2026-09-17T03:49:20.40398853Z,book,full,a42d74844cf7,200,11.608871
2026-09-17T03:49:20.463001032Z,book,full,a42d74844cf7,200,10.219423
2026-09-17T03:49:20.523482189Z,book,full,a42d74844cf7,200,10.738242
2026-09-17T03:49:20.582986824Z,book,full,a42d74844cf7,200,10.970917
2026-09-17T03:49:20.64211988Z,book,full,a42d74844cf7,200,9.435816
2026-09-17T03:49:20.70332024Z,book,full,a42d74844cf7,200,10.43218
2026-09-17T03:49:20.761372387Z,book,full,a42d74844cf7,200,9.307906
2026-09-17T03:49:20.822130755Z,book,full,a42d74844cf7,200,9.760304
2026-09-17T03:49:20.882640315Z,book,full,a42d74844cf7,200,9.936083
2026-09-17T03:49:20.943727036Z,book,full,a42d74844cf7,200,11.381421
2026-09-17T03:49:21.00148018Z,book,full,a42d74844cf7,200,8.913549
2026-09-17T03:49:21.062297203Z,book,full,a42d74844cf7,200,10.051602
2026-09-17T03:49:21.12171Z,book,full,a42d74844cf7,200,9.829698
2026-09-17T03:49:21.182845677Z,book,full,a42d74844cf7,200,10.486002
2026-09-17T03:49:21.2433234Z,book,full,a42d74844cf7,200,10.75291
2026-09-17T03:49:21.302705259Z,book,full,a42d74844cf7,200,10.543538
2026-09-17T03:49:21.363307201Z,book,full,a42d74844cf7,200,10.958014
2026-09-17T03:49:21.422612145Z,book,full,a42d74844cf7,200,9.601447
2026-09-17T03:49:21.482207643Z,book,full,a42d74844cf7,200,10.0707
2026-09-17T03:49:21.542696193Z,book,full,a42d74844cf7,200,9.747669
2026-09-17T03:49:21.601813629Z,book,full,a42d74844cf7,200,9.376063
2026-09-17T03:49:21.665605013Z,book,full,a42d74844cf7,200,12.731561
2026-09-17T03:49:21.721593244Z,book,full,a42d74844cf7,200,9.354559
2026-09-17T03:49:21.782799266Z,book,full,a42d74844cf7,200,10.605062
2026-09-17T03:49:21.841991667Z,book,full,a42d74844cf7,200,9.386255
2026-09-17T03:49:21.903117633Z,book,full,a42d74844cf7,200,10.357884
2026-09-17T03:49:21.96277975Z,book,full,a42d74844cf7,200,10.049431
2026-09-17T03:49:22.0234325Z,book,full,a42d74844cf7,200,10.961662
2026-09-17T03:49:22.083271609Z,book,full,a42d74844cf7,200,10.527398
2026-09-17T03:49:22.143209027Z,book,full,a42d74844cf7,200,10.201662
2026-09-17T03:49:22.203321056Z,book,full,a42d74844cf7,200,10.532715
2026-09-17T03:49:22.262261833Z,book,full,a42d74844cf7,200,10.239272
2026-09-17T03:49:22.324474203Z,book,full,a42d74844cf7,200,11.499119
2026-09-17T03:49:22.383055129Z,book,full,a42d74844cf7,200,10.338736
2026-09-17T03:49:22.443393005Z,book,full,a42d74844cf7,200,10.729022
2026-09-17T03:49:22.504407641Z,book,full,a42d74844cf7,200,11.433673
2026-09-17T03:49:22.561293961Z,book,full,a42d74844cf7,200,9.296395
2026-09-17T03:49:22.624327419Z,book,full,a42d74844cf7,200,12.400695
2026-09-17T03:49:22.68408445Z,book,full,a42d74844cf7,200,11.39274
2026-09-17T03:49:22.743211266Z,book,full,a42d74844cf7,200,10.483123
2026-09-17T03:49:22.803261652Z,book,full,a42d74844cf7,200,10.370393
2026-09-17T03:49:22.862434621Z,book,full,a42d74844cf7,200,10.424568
2026-09-17T03:49:22.922710313Z,book,full,a42d74844cf7,200,10.331402
2026-09-17T03:49:22.984247924Z,book,full,a42d74844cf7,200,11.988494
2026-09-17T03:49:23.041910581Z,book,full,a42d74844cf7,200,9.934403
2026-09-17T03:49:23.102566671Z,book,full,a42d74844cf7,200,9.976201
2026-09-17T03:49:23.162311328Z,book,full,a42d74844cf7,200,9.790831
2026-09-17T03:49:23.222101995Z,book,full,a42d74844cf7,200,10.093714
2026-09-17T03:49:23.284243586Z,book,full,a42d74844cf7,200,11.554482
2026-09-17T03:49:23.342428792Z,book,full,a42d74844cf7,200,9.395762
2026-09-17T03:49:23.40229187Z,book,full,a42d74844cf7,200,9.779327
2026-09-17T03:49:23.462889876Z,book,full,a42d74844cf7,200,9.995553
2026-09-17T03:49:23.523777618Z,book,full,a42d74844cf7,200,11.106415
2026-09-17T03:49:23.582545607Z,book,full,a42d74844cf7,200,10.076546
2026-09-17T03:49:23.641162705Z,book,full,a42d74844cf7,200,8.967089
2026-09-17T03:49:23.703908921Z,book,full,a42d74844cf7,200,10.929796
2026-09-17T03:49:23.763488871Z,book,full,a42d74844cf7,200,10.907585
2026-09-17T03:49:23.822361189Z,book,full,a42d74844cf7,200,10.232354
2026-09-17T03:49:23.883070393Z,book,full,a42d74844cf7,200,10.822164
2026-09-17T03:49:23.942954106Z,book,full,a42d74844cf7,200,10.050581
2026-09-17T03:49:24.002265715Z,book,full,a42d74844cf7,200,9.490147
2026-09-17T03:49:24.063493316Z,book,full,a42d74844cf7,200,10.639208
2026-09-17T03:49:24.122131885Z,book,full,a42d74844cf7,200,9.847856
2026-09-17T03:49:24.182913635Z,book,full,a42d74844cf7,200,10.189724
2026-09-17T03:49:24.24348118Z,book,full,a42d74844cf7,200,10.76273
2026-09-17T03:49:24.301848744Z,book,full,a42d74844cf7,200,9.736814
2026-09-17T03:49:24.362532171Z,book,full,a42d74844cf7,200,9.800322
2026-09-17T03:49:24.421997221Z,book,full,a42d74844cf7,200,9.951442
2026-09-17T03:49:24.483001138Z,book,full,a42d74844cf7,200,10.333182
2026-09-17T03:49:24.543126156Z,book,full,a42d74844cf7,200,10.3568
2026-09-17T03:49:24.602873283Z,book,full,a42d74844cf7,200,9.938662
2026-09-17T03:49:24.66334636Z,book,full,a42d74844cf7,200,10.536919
2026-09-17T03:49:24.722617576Z,book,full,a42d74844cf7,200,9.613928
2026-09-17T03:49:24.794360325Z,book,full,a42d74844cf7,200,22.245435
2026-09-17T03:49:24.842520143Z,book,full,a42d74844cf7,200,10.209688
2026-09-17T03:49:24.902336821Z,book,full,a42d74844cf7,200,9.991432
2026-09-17T03:49:24.965738494Z,book,full,a42d74844cf7,200,12.697588
2026-09-17T03:49:25.023103089Z,book,full,a42d74844cf7,200,10.787735
2026-09-17T03:49:25.083156939Z,book,full,a42d74844cf7,200,10.564876
2026-09-17T03:49:25.144133188Z,book,full,a42d74844cf7,200,11.201307
2026-09-17T03:49:25.202342946Z,book,full,a42d74844cf7,200,9.458967
2026-09-17T03:49:25.262584419Z,book,full,a42d74844cf7,200,10.590746
2026-09-17T03:49:25.322885718Z,book,full,a42d74844cf7,200,10.642856
2026-09-17T03:49:25.382260143Z,book,full,a42d74844cf7,200,9.610468
2026-09-17T03:49:25.442176497Z,book,full,a42d74844cf7,200,9.269577
2026-09-17T03:49:25.501548048Z,book,full,a42d74844cf7,200,9.455643
2026-09-17T03:49:25.562486704Z,book,full,a42d74844cf7,200,10.165489
2026-09-17T03:49:25.622496957Z,book,full,a42d74844cf7,200,10.310089
2026-09-17T03:49:25.68339416Z,book,full,a42d74844cf7,200,10.404481
2026-09-17T03:49:25.741976535Z,book,full,a42d74844cf7,200,9.883521
2026-09-17T03:49:25.801568472Z,book,full,a42d74844cf7,200,8.96163
2026-09-17T03:49:25.86340294Z,book,full,a42d74844cf7,200,10.987905
2026-09-17T03:49:25.921739847Z,book,full,a42d74844cf7,200,9.445742
2026-09-17T03:49:25.983621789Z,book,full,a42d74844cf7,200,11.386989
2026-09-17T03:49:26.04121902Z,book,full,a42d74844cf7,200,8.804482
2026-09-17T03:49:26.10184657Z,book,full,a42d74844cf7,200,8.947779
2026-09-17T03:49:26.162907871Z,book,full,a42d74844cf7,200,10.29862
2026-09-17T03:49:26.224177739Z,book,full,a42d74844cf7,200,11.515152
2026-09-17T03:49:26.284657584Z,book,full,a42d74844cf7,200,11.916289
2026-09-17T03:49:26.342704175Z,book,full,a42d74844cf7,200,10.3778
2026-09-17T03:49:26.401689076Z,book,full,a42d74844cf7,200,9.375865
2026-09-17T03:49:26.462816672Z,book,full,a42d74844cf7,200,10.444511
2026-09-17T03:49:26.522851741Z,book,full,a42d74844cf7,200,10.175435
2026-09-17T03:49:26.582684031Z,book,full,a42d74844cf7,200,10.314595
2026-09-17T03:49:26.642700544Z,book,full,a42d74844cf7,200,10.362473
2026-09-17T03:49:26.702770226Z,book,full,a42d74844cf7,200,10.089114
2026-09-17T03:49:26.764582563Z,book,full,a42d74844cf7,200,11.139142
2026-09-17T03:49:26.822835084Z,book,full,a42d74844cf7,200,10.559629
2026-09-17T03:49:26.882812993Z,book,full,a42d74844cf7,200,10.474952
2026-09-17T03:49:26.943746441Z,book,full,a42d74844cf7,200,11.289289
2026-09-17T03:49:27.004207631Z,book,full,a42d74844cf7,200,11.874587
2026-09-17T03:49:27.063274283Z,book,full,a42d74844cf7,200,10.359524
2026-09-17T03:49:27.122442121Z,book,full,a42d74844cf7,200,10.490213
2026-09-17T03:49:27.182891027Z,book,full,a42d74844cf7,200,9.993867
2026-09-17T03:49:27.242807562Z,book,full,a42d74844cf7,200,10.131762
2026-09-17T03:49:27.301505266Z,book,full,a42d74844cf7,200,9.087329
2026-09-17T03:49:27.362062029Z,book,full,a42d74844cf7,200,10.03435
2026-09-17T03:49:27.429138869Z,book,full,a42d74844cf7,200,15.358377
2026-09-17T03:49:27.486516674Z,book,full,a42d74844cf7,200,13.890792
2026-09-17T03:49:27.543175467Z,book,full,a42d74844cf7,200,10.788455
2026-09-17T03:49:27.60237938Z,book,full,a42d74844cf7,200,9.572715
2026-09-17T03:49:27.664924842Z,book,full,a42d74844cf7,200,12.964688
2026-09-17T03:49:27.723276509Z,book,full,a42d74844cf7,200,10.683668
2026-09-17T03:49:27.782679013Z,book,full,a42d74844cf7,200,9.82484
2026-09-17T03:49:27.843642845Z,book,full,a42d74844cf7,200,11.302324
2026-09-17T03:49:27.902494065Z,book,full,a42d74844cf7,200,10.200208
2026-09-17T03:49:27.962358027Z,book,full,a42d74844cf7,200,9.913041
2026-09-17T03:49:28.022676302Z,book,full,a42d74844cf7,200,10.566248
2026-09-17T03:49:28.08224453Z,book,full,a42d74844cf7,200,10.042121
2026-09-17T03:49:28.14410042Z,book,full,a42d74844cf7,200,10.546938
2026-09-17T03:49:28.20127366Z,book,full,a42d74844cf7,200,8.467792
2026-09-17T03:49:28.263273794Z,book,full,a42d74844cf7,200,11.002173
2026-09-17T03:49:28.32211739Z,book,full,a42d74844cf7,200,9.338171
2026-09-17T03:49:28.383257965Z,book,full,a42d74844cf7,200,10.4404
2026-09-17T03:49:28.441202779Z,book,full,a42d74844cf7,200,9.242612
2026-09-17T03:49:28.502016285Z,book,full,a42d74844cf7,200,9.178242
2026-09-17T03:49:28.562584132Z,book,full,a42d74844cf7,200,9.61276
2026-09-17T03:49:28.622067908Z,book,full,a42d74844cf7,200,9.795804
2026-09-17T03:49:28.685074956Z,book,full,a42d74844cf7,200,12.26104
2026-09-17T03:49:28.746343506Z,book,full,a42d74844cf7,200,13.610849
2026-09-17T03:49:28.80487352Z,book,full,a42d74844cf7,200,12.196361
2026-09-17T03:49:28.862752536Z,book,full,a42d74844cf7,200,9.919903
2026-09-17T03:49:28.923167112Z,book,full,a42d74844cf7,200,10.562963
2026-09-17T03:49:28.982576431Z,book,full,a42d74844cf7,200,9.831116
2026-09-17T03:49:29.041829759Z,book,full,a42d74844cf7,200,9.610589
2026-09-17T03:49:29.10263249Z,book,full,a42d74844cf7,200,10.011326
2026-09-17T03:49:29.163170889Z,book,full,a42d74844cf7,200,10.663589
2026-09-17T03:49:29.22286216Z,book,full,a42d74844cf7,200,9.907548
2026-09-17T03:49:29.282497897Z,book,full,a42d74844cf7,200,10.070214
2026-09-17T03:49:29.34247453Z,book,full,a42d74844cf7,200,10.230986
2026-09-17T03:49:29.401559921Z,book,full,a42d74844cf7,200,9.511628
2026-09-17T03:49:29.462611429Z,book,full,a42d74844cf7,200,10.325574
2026-09-17T03:49:29.522529817Z,book,full,a42d74844cf7,200,10.110187
2026-09-17T03:49:29.583277388Z,book,full,a42d74844cf7,200,11.170608
2026-09-17T03:49:29.642155314Z,book,full,a42d74844cf7,200,10.056199
2026-09-17T03:49:29.702856211Z,book,full,a42d74844cf7,200,9.889521
2026-09-17T03:49:29.762875523Z,book,full,a42d74844cf7,200,10.332024
2026-09-17T03:49:29.822518935Z,book,full,a42d74844cf7,200,9.88746
2026-09-17T03:49:29.882153721Z,book,full,a42d74844cf7,200,10.105997
2026-09-17T03:49:29.944594901Z,book,full,a42d74844cf7,200,11.756656
2026-09-17T03:49:30.003507293Z,book,full,a42d74844cf7,200,11.271876
2026-09-17T03:49:30.06242689Z,book,full,a42d74844cf7,200,9.951421
2026-09-17T03:49:30.123039016Z,book,full,a42d74844cf7,200,10.66617
2026-09-17T03:49:30.182434264Z,book,full,a42d74844cf7,200,9.756501
2026-09-17T03:49:30.242217253Z,book,full,a42d74844cf7,200,10.206865
2026-09-17T03:49:30.302985605Z,book,full,a42d74844cf7,200,10.024091
2026-09-17T03:49:30.363186691Z,book,full,a42d74844cf7,200,10.316669
2026-09-17T03:49:30.422560842Z,book,full,a42d74844cf7,200,9.645163
2026-09-17T03:49:30.481797344Z,book,full,a42d74844cf7,200,9.768272
2026-09-17T03:49:30.543201454Z,book,full,a42d74844cf7,200,10.47404
2026-09-17T03:49:30.603026761Z,book,full,a42d74844cf7,200,9.997583
2026-09-17T03:49:30.663031311Z,book,full,a42d74844cf7,200,9.996114
2026-09-17T03:49:30.722548163Z,book,full,a42d74844cf7,200,9.779577
2026-09-17T03:49:30.781958983Z,book,full,a42d74844cf7,200,9.857529
2026-09-17T03:49:30.849132971Z,book,full,a42d74844cf7,200,15.745235
2026-09-17T03:49:30.901876745Z,book,full,a42d74844cf7,200,9.376912
2026-09-17T03:49:30.96281132Z,book,full,a42d74844cf7,200,10.294641
2026-09-17T03:49:31.022461794Z,book,full,a42d74844cf7,200,9.889777
2026-09-17T03:49:31.081733722Z,book,full,a42d74844cf7,200,9.436671
2026-09-17T03:49:31.142400991Z,book,full,a42d74844cf7,200,9.979017
2026-09-17T03:49:31.203753218Z,book,full,a42d74844cf7,200,11.45819
2026-09-17T03:49:31.262733985Z,book,full,a42d74844cf7,200,10.40547
2026-09-17T03:49:31.324303038Z,book,full,a42d74844cf7,200,11.803195
2026-09-17T03:49:31.382882195Z,book,full,a42d74844cf7,200,10.177778
2026-09-17T03:49:31.442995818Z,book,full,a42d74844cf7,200,10.258259
2026-09-17T03:49:31.503191247Z,book,full,a42d74844cf7,200,10.399629
2026-09-17T03:49:31.563749884Z,book,full,a42d74844cf7,200,10.833042
2026-09-17T03:49:31.622948508Z,book,full,a42d74844cf7,200,10.39978
2026-09-17T03:49:31.682896188Z,book,full,a42d74844cf7,200,10.446003
2026-09-17T03:49:31.742838904Z,book,full,a42d74844cf7,200,9.729199
2026-09-17T03:49:31.802259418Z,book,full,a42d74844cf7,200,9.704346
2026-09-17T03:49:31.863850784Z,book,full,a42d74844cf7,200,10.863269
2026-09-17T03:49:31.921451534Z,book,full,a42d74844cf7,200,8.95198
2026-09-17T03:49:31.983327951Z,book,full,a42d74844cf7,200,10.241142
2026-09-17T03:49:32.043848495Z,book,full,a42d74844cf7,200,10.888451
2026-09-17T03:49:32.102829212Z,book,full,a42d74844cf7,200,10.0112
2026-09-17T03:49:32.163244338Z,book,full,a42d74844cf7,200,10.688917
2026-09-17T03:49:32.222423686Z,book,full,a42d74844cf7,200,9.420861
2026-09-17T03:49:32.283016349Z,book,full,a42d74844cf7,200,10.045103
2026-09-17T03:49:32.342799637Z,book,full,a42d74844cf7,200,9.903121
2026-09-17T03:49:32.402752203Z,book,full,a42d74844cf7,200,9.973877
2026-09-17T03:49:32.466975583Z,book,full,a42d74844cf7,200,14.523593
2026-09-17T03:49:32.524225319Z,book,full,a42d74844cf7,200,11.349121
2026-09-17T03:49:32.583941891Z,book,full,a42d74844cf7,200,11.083691
2026-09-17T03:49:32.642745605Z,book,full,a42d74844cf7,200,10.065624
2026-09-17T03:49:32.703193472Z,book,full,a42d74844cf7,200,10.644658
2026-09-17T03:49:32.763552934Z,book,full,a42d74844cf7,200,10.725119
2026-09-17T03:49:32.822915059Z,book,full,a42d74844cf7,200,10.447433
2026-09-17T03:49:32.882433737Z,book,full,a42d74844cf7,200,10.123598
2026-09-17T03:49:32.943122754Z,book,full,a42d74844cf7,200,10.6112
2026-09-17T03:49:33.003300017Z,book,full,a42d74844cf7,200,10.388093
2026-09-17T03:49:33.062635286Z,book,full,a42d74844cf7,200,10.628557
2026-09-17T03:49:33.12290118Z,book,full,a42d74844cf7,200,10.548081
2026-09-17T03:49:33.185295326Z,book,full,a42d74844cf7,200,12.922931
2026-09-17T03:49:33.243801627Z,book,full,a42d74844cf7,200,10.859834
2026-09-17T03:49:33.302289847Z,book,full,a42d74844cf7,200,9.535554
2026-09-17T03:49:33.364784857Z,book,full,a42d74844cf7,200,11.832504
2026-09-17T03:49:33.42197461Z,book,full,a42d74844cf7,200,9.279613
2026-09-17T03:49:33.482210559Z,book,full,a42d74844cf7,200,9.593785
2026-09-17T03:49:33.542709185Z,book,full,a42d74844cf7,200,9.699797
2026-09-17T03:49:33.602502903Z,book,full,a42d74844cf7,200,10.027351
2026-09-17T03:49:33.664862112Z,book,full,a42d74844cf7,200,12.801967
2026-09-17T03:49:33.722250103Z,book,full,a42d74844cf7,200,9.524303
2026-09-17T03:49:33.78215003Z,book,full,a42d74844cf7,200,9.297336
2026-09-17T03:49:33.843175752Z,book,full,a42d74844cf7,200,10.325354
2026-09-17T03:49:33.903060868Z,book,full,a42d74844cf7,200,10.214726
2026-09-17T03:49:33.962953024Z,book,full,a42d74844cf7,200,10.236927
2026-09-17T03:49:34.022745613Z,book,full,a42d74844cf7,200,9.978147
2026-09-17T03:49:34.082334941Z,book,full,a42d74844cf7,200,10.009225
2026-09-17T03:49:34.143659471Z,book,full,a42d74844cf7,200,10.505902
2026-09-17T03:49:34.203055888Z,book,full,a42d74844cf7,200,10.657049
2026-09-17T03:49:34.262581386Z,book,full,a42d74844cf7,200,9.75002
2026-09-17T03:49:34.32296194Z,book,full,a42d74844cf7,200,10.66778
2026-09-17T03:49:34.383487574Z,book,full,a42d74844cf7,200,10.864505
2026-09-17T03:49:34.442875272Z,book,full,a42d74844cf7,200,10.825841
2026-09-17T03:49:34.502426062Z,book,full,a42d74844cf7,200,9.681665
2026-09-17T03:49:34.56233847Z,book,full,a42d74844cf7,200,10.14391
2026-09-17T03:49:34.621976897Z,book,full,a42d74844cf7,200,9.941389
2026-09-17T03:49:34.682996903Z,book,full,a42d74844cf7,200,10.139704
2026-09-17T03:49:34.74486242Z,book,full,a42d74844cf7,200,12.146242
2026-09-17T03:49:34.803097835Z,book,full,a42d74844cf7,200,10.419546
2026-09-17T03:49:34.863805653Z,book,full,a42d74844cf7,200,10.923549
2026-09-17T03:49:34.924249131Z,book,full,a42d74844cf7,200,11.54669
2026-09-17T03:49:34.984122774Z,book,full,a42d74844cf7,200,11.201075
2026-09-17T03:49:35.053258268Z,book,full,a42d74844cf7,200,20.289106
2026-09-17T03:49:35.103139818Z,book,full,a42d74844cf7,200,10.121238
2026-09-17T03:49:35.163984637Z,book,full,a42d74844cf7,200,11.650214
2026-09-17T03:49:35.224953255Z,book,full,a42d74844cf7,200,12.189256
2026-09-17T03:49:35.283291328Z,book,full,a42d74844cf7,200,10.687326
2026-09-17T03:49:35.343180219Z,book,full,a42d74844cf7,200,11.127635
2026-09-17T03:49:35.403446584Z,book,full,a42d74844cf7,200,10.458994
2026-09-17T03:49:35.46492592Z,book,full,a42d74844cf7,200,12.524791
2026-09-17T03:49:35.52341981Z,book,full,a42d74844cf7,200,10.341595
2026-09-17T03:49:35.583638312Z,book,full,a42d74844cf7,200,10.66924
2026-09-17T03:49:35.642793252Z,book,full,a42d74844cf7,200,10.471244
2026-09-17T03:49:35.702806957Z,book,full,a42d74844cf7,200,9.910023
2026-09-17T03:49:35.762903602Z,book,full,a42d74844cf7,200,10.265384
2026-09-17T03:49:35.822155625Z,book,full,a42d74844cf7,200,9.564766
2026-09-17T03:49:35.882416834Z,book,full,a42d74844cf7,200,9.637676
2026-09-17T03:49:35.942107535Z,book,full,a42d74844cf7,200,9.925959
2026-09-17T03:49:36.00152362Z,book,full,a42d74844cf7,200,8.7803
2026-09-17T03:49:36.06325294Z,book,full,a42d74844cf7,200,10.569338
2026-09-17T03:49:36.122627092Z,book,full,a42d74844cf7,200,9.62251
2026-09-17T03:49:36.183851196Z,book,full,a42d74844cf7,200,11.783101
2026-09-17T03:49:36.244033658Z,book,full,a42d74844cf7,200,11.395775
2026-09-17T03:49:36.303911173Z,book,full,a42d74844cf7,200,11.298742
2026-09-17T03:49:36.364704898Z,book,full,a42d74844cf7,200,11.979164
2026-09-17T03:49:36.450072593Z,book,full,a42d74844cf7,200,31.777918
2026-09-17T03:49:36.483300651Z,book,full,a42d74844cf7,200,10.803526
2026-09-17T03:49:36.542768613Z,book,full,a42d74844cf7,200,9.920178
2026-09-17T03:49:36.603186196Z,book,full,a42d74844cf7,200,10.730038
2026-09-17T03:49:36.664079374Z,book,full,a42d74844cf7,200,11.192464
2026-09-17T03:49:36.722265434Z,book,full,a42d74844cf7,200,9.484598
2026-09-17T03:49:36.782384455Z,book,full,a42d74844cf7,200,9.630581
2026-09-17T03:49:36.843236657Z,book,full,a42d74844cf7,200,10.221715
2026-09-17T03:49:36.902979904Z,book,full,a42d74844cf7,200,10.045833
2026-09-17T03:49:36.963132878Z,book,full,a42d74844cf7,200,10.398495
2026-09-17T03:49:37.022849437Z,book,full,a42d74844cf7,200,10.062854
2026-09-17T03:49:37.082883212Z,book,full,a42d74844cf7,200,10.208595
2026-09-17T03:49:37.143131672Z,book,full,a42d74844cf7,200,10.441097
2026-09-17T03:49:37.202580323Z,book,full,a42d74844cf7,200,10.593495
2026-09-17T03:49:37.262593533Z,book,full,a42d74844cf7,200,10.296006
2026-09-17T03:49:37.322128092Z,book,full,a42d74844cf7,200,9.866928
2026-09-17T03:49:37.383207114Z,book,full,a42d74844cf7,200,10.320482
2026-09-17T03:49:37.445340238Z,book,full,a42d74844cf7,200,12.458756
2026-09-17T03:49:37.503404113Z,book,full,a42d74844cf7,200,10.466823
2026-09-17T03:49:37.561977227Z,book,full,a42d74844cf7,200,9.87183
2026-09-17T03:49:37.622442658Z,book,full,a42d74844cf7,200,9.805187
2026-09-17T03:49:37.682191586Z,book,full,a42d74844cf7,200,10.063629
2026-09-17T03:49:37.743208284Z,book,full,a42d74844cf7,200,10.347754
2026-09-17T03:49:37.802890753Z,book,full,a42d74844cf7,200,9.94234
2026-09-17T03:49:37.861316505Z,book,full,a42d74844cf7,200,8.717351
2026-09-17T03:49:37.92202266Z,book,full,a42d74844cf7,200,9.967921
2026-09-17T03:49:37.98284059Z,book,full,a42d74844cf7,200,10.084495
2026-09-17T03:49:38.042961Z,book,full,a42d74844cf7,200,10.232422
2026-09-17T03:49:38.103162003Z,book,full,a42d74844cf7,200,10.288191
2026-09-17T03:49:38.163308489Z,book,full,a42d74844cf7,200,10.381783
2026-09-17T03:49:38.222261388Z,book,full,a42d74844cf7,200,10.247548
2026-09-17T03:49:38.284462346Z,book,full,a42d74844cf7,200,11.649834
2026-09-17T03:49:38.341941983Z,book,full,a42d74844cf7,200,9.496677
2026-09-17T03:49:38.402186707Z,book,full,a42d74844cf7,200,9.588336
2026-09-17T03:49:38.463453281Z,book,full,a42d74844cf7,200,10.497882
2026-09-17T03:49:38.522933631Z,book,full,a42d74844cf7,200,9.912571
2026-09-17T03:49:38.582109556Z,book,full,a42d74844cf7,200,9.633552
2026-09-17T03:49:38.649381045Z,book,full,a42d74844cf7,200,16.624126
2026-09-17T03:49:38.703452591Z,book,full,a42d74844cf7,200,11.425747
2026-09-17T03:49:38.772537111Z,book,full,a42d74844cf7,200,20.255925
2026-09-17T03:49:38.85096313Z,book,full,a42d74844cf7,200,37.945488
2026-09-17T03:49:38.909294911Z,book,full,a42d74844cf7,200,36.947858
2026-09-17T03:49:38.945523524Z,book,full,a42d74844cf7,200,13.474303
2026-09-17T03:49:39.002231587Z,book,full,a42d74844cf7,200,10.00413
2026-09-17T03:49:39.061691847Z,book,full,a42d74844cf7,200,9.688486
2026-09-17T03:49:39.122087674Z,book,full,a42d74844cf7,200,9.67757
2026-09-17T03:49:39.182302195Z,book,full,a42d74844cf7,200,9.576172
2026-09-17T03:49:39.243174661Z,book,full,a42d74844cf7,200,10.839668
2026-09-17T03:49:39.303407414Z,book,full,a42d74844cf7,200,10.511222
2026-09-17T03:49:39.363651875Z,book,full,a42d74844cf7,200,11.480816
2026-09-17T03:49:39.422611351Z,book,full,a42d74844cf7,200,9.961643
2026-09-17T03:49:39.482988737Z,book,full,a42d74844cf7,200,10.060953
2026-09-17T03:49:39.54125585Z,book,full,a42d74844cf7,200,9.314312
2026-09-17T03:49:39.601440883Z,book,full,a42d74844cf7,200,9.074783
2026-09-17T03:49:39.661963135Z,book,full,a42d74844cf7,200,9.84134
2026-09-17T03:49:39.722033808Z,book,full,a42d74844cf7,200,9.164541
2026-09-17T03:49:39.782271132Z,book,full,a42d74844cf7,200,9.550298
2026-09-17T03:49:39.842817106Z,book,full,a42d74844cf7,200,10.341805
2026-09-17T03:49:39.904365464Z,book,full,a42d74844cf7,200,12.201644
2026-09-17T03:49:39.962918313Z,book,full,a42d74844cf7,200,10.878042
2026-09-17T03:49:40.023636924Z,book,full,a42d74844cf7,200,10.906183
2026-09-17T03:49:40.08304629Z,book,full,a42d74844cf7,200,9.933214
2026-09-17T03:49:40.142307726Z,book,full,a42d74844cf7,200,9.569187
2026-09-17T03:49:40.200807053Z,book,full,a42d74844cf7,200,7.833985
2026-09-17T03:49:40.262474082Z,book,full,a42d74844cf7,200,9.610279
2026-09-17T03:49:40.322495649Z,book,full,a42d74844cf7,200,9.97819
2026-09-17T03:49:40.382335714Z,book,full,a42d74844cf7,200,10.196484
2026-09-17T03:49:40.442829443Z,book,full,a42d74844cf7,200,10.868397
2026-09-17T03:49:40.502940764Z,book,full,a42d74844cf7,200,9.890071
2026-09-17T03:49:40.563613375Z,book,full,a42d74844cf7,200,10.856583
2026-09-17T03:49:40.623355028Z,book,full,a42d74844cf7,200,10.966752
2026-09-17T03:49:40.683286498Z,book,full,a42d74844cf7,200,11.233993
2026-09-17T03:49:40.741895322Z,book,full,a42d74844cf7,200,9.876165
2026-09-17T03:49:40.804403132Z,book,full,a42d74844cf7,200,10.432862
2026-09-17T03:49:40.861474322Z,book,full,a42d74844cf7,200,9.397188
2026-09-17T03:49:40.921160306Z,book,full,a42d74844cf7,200,8.786047
2026-09-17T03:49:40.982641208Z,book,full,a42d74844cf7,200,9.899833
2026-09-17T03:49:41.044467785Z,book,full,a42d74844cf7,200,12.091198
2026-09-17T03:49:41.102907068Z,book,full,a42d74844cf7,200,10.796459
2026-09-17T03:49:41.165296451Z,book,full,a42d74844cf7,200,12.705514
2026-09-17T03:49:41.222833525Z,book,full,a42d74844cf7,200,10.810595
2026-09-17T03:49:41.283066306Z,book,full,a42d74844cf7,200,10.568052
2026-09-17T03:49:41.343137642Z,book,full,a42d74844cf7,200,10.285656
2026-09-17T03:49:41.40202438Z,book,full,a42d74844cf7,200,9.269084
2026-09-17T03:49:41.4637398Z,book,full,a42d74844cf7,200,10.974032
2026-09-17T03:49:41.523267873Z,book,full,a42d74844cf7,200,10.889848
2026-09-17T03:49:41.583401288Z,book,full,a42d74844cf7,200,10.621124
2026-09-17T03:49:41.642437777Z,book,full,a42d74844cf7,200,10.473765
2026-09-17T03:49:41.701903764Z,book,full,a42d74844cf7,200,9.81997
2026-09-17T03:49:41.762600128Z,book,full,a42d74844cf7,200,9.918988
2026-09-17T03:49:41.823127643Z,book,full,a42d74844cf7,200,10.950691
2026-09-17T03:49:41.883839892Z,book,full,a42d74844cf7,200,11.220327
2026-09-17T03:49:41.94292627Z,book,full,a42d74844cf7,200,10.395054
2026-09-17T03:49:42.002767679Z,book,full,a42d74844cf7,200,10.068339
2026-09-17T03:49:42.062999179Z,book,full,a42d74844cf7,200,10.377718
2026-09-17T03:49:42.122879135Z,book,full,a42d74844cf7,200,10.215115
2026-09-17T03:49:42.182726576Z,book,full,a42d74844cf7,200,10.235831
2026-09-17T03:49:42.242140372Z,book,full,a42d74844cf7,200,9.588138
2026-09-17T03:49:42.303515049Z,book,full,a42d74844cf7,200,10.451857
2026-09-17T03:49:42.361794914Z,book,full,a42d74844cf7,200,9.590358
2026-09-17T03:49:42.425409646Z,book,full,a42d74844cf7,200,12.78287
2026-09-17T03:49:42.483473791Z,book,full,a42d74844cf7,200,10.508931
2026-09-17T03:49:42.542998552Z,book,full,a42d74844cf7,200,10.857499
2026-09-17T03:49:42.602881194Z,book,full,a42d74844cf7,200,9.985442
2026-09-17T03:49:42.664541348Z,book,full,a42d74844cf7,200,11.868411
2026-09-17T03:49:42.722506124Z,book,full,a42d74844cf7,200,10.468303
2026-09-17T03:49:42.781557094Z,book,full,a42d74844cf7,200,9.548375
2026-09-17T03:49:42.842614485Z,book,full,a42d74844cf7,200,10.080713
2026-09-17T03:49:42.901835859Z,book,full,a42d74844cf7,200,9.530784
2026-09-17T03:49:42.96248632Z,book,full,a42d74844cf7,200,9.740872
2026-09-17T03:49:43.022533652Z,book,full,a42d74844cf7,200,10.250935
2026-09-17T03:49:43.082525328Z,book,full,a42d74844cf7,200,10.585989
2026-09-17T03:49:43.144656816Z,book,full,a42d74844cf7,200,12.31048
2026-09-17T03:49:43.202740237Z,book,full,a42d74844cf7,200,10.428252
2026-09-17T03:49:43.263751015Z,book,full,a42d74844cf7,200,11.305818
2026-09-17T03:49:43.326273365Z,book,full,a42d74844cf7,200,13.831435
2026-09-17T03:49:43.385193088Z,book,full,a42d74844cf7,200,12.525171
2026-09-17T03:49:43.444542571Z,book,full,a42d74844cf7,200,11.560468
2026-09-17T03:49:43.504477433Z,book,full,a42d74844cf7,200,12.022417
2026-09-17T03:49:43.56593372Z,book,full,a42d74844cf7,200,13.605678
2026-09-17T03:49:43.626863971Z,book,full,a42d74844cf7,200,14.142797
2026-09-17T03:49:43.684411798Z,book,full,a42d74844cf7,200,12.077796
2026-09-17T03:49:43.745019804Z,book,full,a42d74844cf7,200,12.452363
2026-09-17T03:49:43.804853168Z,book,full,a42d74844cf7,200,12.154482
2026-09-17T03:49:43.867312932Z,book,full,a42d74844cf7,200,14.071141
2026-09-17T03:49:43.923774486Z,book,full,a42d74844cf7,200,10.888786
2026-09-17T03:49:43.982263648Z,book,full,a42d74844cf7,200,10.020861
2026-09-17T03:49:44.043836624Z,book,full,a42d74844cf7,200,10.908983
2026-09-17T03:49:44.104487824Z,book,full,a42d74844cf7,200,11.74683
2026-09-17T03:49:44.16425974Z,book,full,a42d74844cf7,200,12.25064
2026-09-17T03:49:44.224961846Z,book,full,a42d74844cf7,200,11.928415
2026-09-17T03:49:44.284697781Z,book,full,a42d74844cf7,200,12.274117
