timestamp,endpoint,deployment,instance,status,response_time_ms
2026-09-17T03:34:04.560911379Z,aggregation,full,a42d74844cf7,200,33.100316
2026-09-17T03:34:04.605729579Z,aggregation,full,a42d74844cf7,200,22.095521
2026-09-17T03:34:04.659197757Z,aggregation,full,a42d74844cf7,200,15.764865
2026-09-17T03:34:04.721287988Z,aggregation,full,a42d74844cf7,200,17.456884
2026-09-17T03:34:04.780940832Z,aggregation,full,a42d74844cf7,200,17.423192
2026-09-17T03:34:04.842704664Z,aggregation,full,a42d74844cf7,200,18.875168
2026-09-17T03:34:04.904492518Z,aggregation,full,a42d74844cf7,200,15.641495
2026-09-17T03:34:04.957259812Z,aggregation,full,a42d74844cf7,200,13.333727
2026-09-17T03:34:05.024676358Z,aggregation,full,a42d74844cf7,200,19.428462
2026-09-17T03:34:05.077617169Z,aggregation,full,a42d74844cf7,200,13.269291
2026-09-17T03:34:05.138798391Z,aggregation,full,a42d74844cf7,200,15.520936
2026-09-17T03:34:05.19462787Z,aggregation,full,a42d74844cf7,200,11.57063
2026-09-17T03:34:05.257849151Z,aggregation,full,a42d74844cf7,200,12.376374
2026-09-17T03:34:05.316911769Z,aggregation,full,a42d74844cf7,200,13.711175
2026-09-17T03:34:05.377091384Z,aggregation,full,a42d74844cf7,200,12.671686
2026-09-17T03:34:05.439268794Z,aggregation,full,a42d74844cf7,200,15.628554
2026-09-17T03:34:05.495674947Z,aggregation,full,a42d74844cf7,200,12.337711
2026-09-17T03:34:05.557811071Z,aggregation,full,a42d74844cf7,200,13.378075
2026-09-17T03:34:05.617418392Z,aggregation,full,a42d74844cf7,200,13.744548
2026-09-17T03:34:05.674691744Z,aggregation,full,a42d74844cf7,200,11.472593
2026-09-17T03:34:05.736929166Z,aggregation,full,a42d74844cf7,200,18.433633
2026-09-17T03:34:05.794608741Z,aggregation,full,a42d74844cf7,200,15.916416
2026-09-17T03:34:05.853279208Z,aggregation,full,a42d74844cf7,200,14.962025
2026-09-17T03:34:05.920318762Z,aggregation,full,a42d74844cf7,200,22.244924
2026-09-17T03:34:05.972001472Z,aggregation,full,a42d74844cf7,200,14.166996
2026-09-17T03:34:06.040945949Z,aggregation,full,a42d74844cf7,200,21.959267
2026-09-17T03:34:06.091814249Z,aggregation,full,a42d74844cf7,200,13.419757
2026-09-17T03:34:06.154144516Z,aggregation,full,a42d74844cf7,200,15.431075
2026-09-17T03:34:06.212409603Z,aggregation,full,a42d74844cf7,200,14.598925
2026-09-17T03:34:06.271557853Z,aggregation,full,a42d74844cf7,200,13.75847
2026-09-17T03:34:06.337269814Z,aggregation,full,a42d74844cf7,200,18.950689
2026-09-17T03:34:06.392482517Z,aggregation,full,a42d74844cf7,200,14.538422
2026-09-17T03:34:06.451715053Z,aggregation,full,a42d74844cf7,200,13.763945
2026-09-17T03:34:06.513276708Z,aggregation,full,a42d74844cf7,200,14.881515
2026-09-17T03:34:06.570726124Z,aggregation,full,a42d74844cf7,200,13.092064
2026-09-17T03:34:06.635041747Z,aggregation,full,a42d74844cf7,200,16.613539
2026-09-17T03:34:06.695535066Z,aggregation,full,a42d74844cf7,200,15.671273
2026-09-17T03:34:06.753270187Z,aggregation,full,a42d74844cf7,200,15.192414
2026-09-17T03:34:06.81126737Z,aggregation,full,a42d74844cf7,200,13.330003
2026-09-17T03:34:06.871502198Z,aggregation,full,a42d74844cf7,200,13.756529
2026-09-17T03:34:06.935812592Z,aggregation,full,a42d74844cf7,200,17.559102
2026-09-17T03:34:06.993052419Z,aggregation,full,a42d74844cf7,200,14.424818
2026-09-17T03:34:07.05071749Z,aggregation,full,a42d74844cf7,200,12.987535
2026-09-17T03:34:07.111072878Z,aggregation,full,a42d74844cf7,200,12.60661
2026-09-17T03:34:07.16953389Z,aggregation,full,a42d74844cf7,200,11.899279
2026-09-17T03:34:07.23401286Z,aggregation,full,a42d74844cf7,200,15.686187
2026-09-17T03:34:07.293862523Z,aggregation,full,a42d74844cf7,200,15.33127
2026-09-17T03:34:07.351853435Z,aggregation,full,a42d74844cf7,200,13.203927
2026-09-17T03:34:07.411755143Z,aggregation,full,a42d74844cf7,200,13.181315
2026-09-17T03:34:07.470941875Z,aggregation,full,a42d74844cf7,200,12.396245
2026-09-17T03:34:07.542366562Z,aggregation,full,a42d74844cf7,200,24.386421
2026-09-17T03:34:07.595299058Z,aggregation,full,a42d74844cf7,200,17.023849
2026-09-17T03:34:07.655445264Z,aggregation,full,a42d74844cf7,200,17.328552
2026-09-17T03:34:07.714218802Z,aggregation,full,a42d74844cf7,200,15.755657
2026-09-17T03:34:07.778389929Z,aggregation,full,a42d74844cf7,200,20.093412
2026-09-17T03:34:07.837936829Z,aggregation,full,a42d74844cf7,200,19.969268
2026-09-17T03:34:07.892585476Z,aggregation,full,a42d74844cf7,200,14.870264
2026-09-17T03:34:07.962879896Z,aggregation,full,a42d74844cf7,200,24.623693
2026-09-17T03:34:08.015063403Z,aggregation,full,a42d74844cf7,200,16.820223
2026-09-17T03:34:08.07540324Z,aggregation,full,a42d74844cf7,200,16.894393
2026-09-17T03:34:08.146379546Z,aggregation,full,a42d74844cf7,200,27.709844
2026-09-17T03:34:08.201637138Z,aggregation,full,a42d74844cf7,200,23.194797
2026-09-17T03:34:08.251329687Z,aggregation,full,a42d74844cf7,200,13.490718
2026-09-17T03:34:08.330252744Z,aggregation,full,a42d74844cf7,200,32.151431
2026-09-17T03:34:08.374402272Z,aggregation,full,a42d74844cf7,200,16.699833
2026-09-17T03:34:08.449206914Z,aggregation,full,a42d74844cf7,200,31.185077
2026-09-17T03:34:08.508306953Z,aggregation,full,a42d74844cf7,200,30.456235
2026-09-17T03:34:08.557901504Z,aggregation,full,a42d74844cf7,200,19.202904
2026-09-17T03:34:08.613520824Z,aggregation,full,a42d74844cf7,200,14.985304
2026-09-17T03:34:08.673347452Z,aggregation,full,a42d74844cf7,200,15.371267
2026-09-17T03:34:08.734916751Z,aggregation,full,a42d74844cf7,200,16.999472
2026-09-17T03:34:08.791902961Z,aggregation,full,a42d74844cf7,200,13.139614
2026-09-17T03:34:08.852087255Z,aggregation,full,a42d74844cf7,200,13.440095
2026-09-17T03:34:08.913854389Z,aggregation,full,a42d74844cf7,200,15.197333
2026-09-17T03:34:08.973630894Z,aggregation,full,a42d74844cf7,200,15.15041
2026-09-17T03:34:09.036510228Z,aggregation,full,a42d74844cf7,200,18.205649
2026-09-17T03:34:09.091480049Z,aggregation,full,a42d74844cf7,200,13.141578
2026-09-17T03:34:09.151315342Z,aggregation,full,a42d74844cf7,200,13.183505
2026-09-17T03:34:09.212459303Z,aggregation,full,a42d74844cf7,200,14.418104
2026-09-17T03:34:09.270155363Z,aggregation,full,a42d74844cf7,200,12.145967
2026-09-17T03:34:09.33241144Z,aggregation,full,a42d74844cf7,200,14.396997
2026-09-17T03:34:09.391074292Z,aggregation,full,a42d74844cf7,200,12.941496
2026-09-17T03:34:09.450930077Z,aggregation,full,a42d74844cf7,200,13.142832
2026-09-17T03:34:09.513043039Z,aggregation,full,a42d74844cf7,200,14.268724
2026-09-17T03:34:09.574464396Z,aggregation,full,a42d74844cf7,200,15.99552
2026-09-17T03:34:09.63737503Z,aggregation,full,a42d74844cf7,200,19.121604
2026-09-17T03:34:09.697056354Z,aggregation,full,a42d74844cf7,200,18.923883
2026-09-17T03:34:09.756928139Z,aggregation,full,a42d74844cf7,200,19.178753
2026-09-17T03:34:09.813504514Z,aggregation,full,a42d74844cf7,200,15.158425
2026-09-17T03:34:09.881345117Z,aggregation,full,a42d74844cf7,200,23.348002
2026-09-17T03:34:09.933430608Z,aggregation,full,a42d74844cf7,200,15.252859
2026-09-17T03:34:09.999448923Z,aggregation,full,a42d74844cf7,200,21.262772
2026-09-17T03:34:10.051126623Z,aggregation,full,a42d74844cf7,200,13.127591
2026-09-17T03:34:10.113570121Z,aggregation,full,a42d74844cf7,200,15.523009
2026-09-17T03:34:10.173543657Z,aggregation,full,a42d74844cf7,200,15.457289
2026-09-17T03:34:10.24575912Z,aggregation,full,a42d74844cf7,200,27.212495
2026-09-17T03:34:10.295985624Z,aggregation,full,a42d74844cf7,200,17.050811
2026-09-17T03:34:10.351708053Z,aggregation,full,a42d74844cf7,200,13.704506
2026-09-17T03:34:10.412906169Z,aggregation,full,a42d74844cf7,200,14.42338
2026-09-17T03:34:10.473808323Z,aggregation,full,a42d74844cf7,200,15.131574
2026-09-17T03:34:10.538212048Z,aggregation,full,a42d74844cf7,200,19.44588
2026-09-17T03:34:10.593578736Z,aggregation,full,a42d74844cf7,200,14.979812
2026-09-17T03:34:10.65567632Z,aggregation,full,a42d74844cf7,200,17.053951
2026-09-17T03:34:10.714092585Z,aggregation,full,a42d74844cf7,200,16.000265
2026-09-17T03:34:10.770653307Z,aggregation,full,a42d74844cf7,200,13.102989
2026-09-17T03:34:10.83580419Z,aggregation,full,a42d74844cf7,200,17.489289
2026-09-17T03:34:10.894469649Z,aggregation,full,a42d74844cf7,200,15.842859
2026-09-17T03:34:10.951921749Z,aggregation,full,a42d74844cf7,200,13.818703
2026-09-17T03:34:11.030229631Z,aggregation,full,a42d74844cf7,200,30.696132
2026-09-17T03:34:11.074994504Z,aggregation,full,a42d74844cf7,200,16.738152
2026-09-17T03:34:11.138791493Z,aggregation,full,a42d74844cf7,200,20.1914
2026-09-17T03:34:11.196122065Z,aggregation,full,a42d74844cf7,200,17.596352
2026-09-17T03:34:11.253073952Z,aggregation,full,a42d74844cf7,200,15.306177
2026-09-17T03:34:11.313181034Z,aggregation,full,a42d74844cf7,200,15.313208
2026-09-17T03:34:11.371406185Z,aggregation,full,a42d74844cf7,200,13.632174
2026-09-17T03:34:11.434420789Z,aggregation,full,a42d74844cf7,200,16.434478
2026-09-17T03:34:11.49278861Z,aggregation,full,a42d74844cf7,200,14.622316
2026-09-17T03:34:11.551606765Z,aggregation,full,a42d74844cf7,200,13.915631
2026-09-17T03:34:11.612702283Z,aggregation,full,a42d74844cf7,200,14.325102
2026-09-17T03:34:11.67133562Z,aggregation,full,a42d74844cf7,200,13.149078
2026-09-17T03:34:11.734872448Z,aggregation,full,a42d74844cf7,200,16.855055
2026-09-17T03:34:11.791950221Z,aggregation,full,a42d74844cf7,200,14.203804
2026-09-17T03:34:11.850383241Z,aggregation,full,a42d74844cf7,200,12.73047
2026-09-17T03:34:11.911679179Z,aggregation,full,a42d74844cf7,200,13.623968
2026-09-17T03:34:11.969929702Z,aggregation,full,a42d74844cf7,200,11.699461
2026-09-17T03:34:12.034490175Z,aggregation,full,a42d74844cf7,200,16.820233
2026-09-17T03:34:12.091857345Z,aggregation,full,a42d74844cf7,200,13.192416
2026-09-17T03:34:12.152495553Z,aggregation,full,a42d74844cf7,200,14.30398
2026-09-17T03:34:12.214079719Z,aggregation,full,a42d74844cf7,200,15.356551
2026-09-17T03:34:12.270706957Z,aggregation,full,a42d74844cf7,200,12.423772
2026-09-17T03:34:12.334897991Z,aggregation,full,a42d74844cf7,200,16.316869
2026-09-17T03:34:12.39133457Z,aggregation,full,a42d74844cf7,200,12.605457
2026-09-17T03:34:12.452481467Z,aggregation,full,a42d74844cf7,200,14.35906
2026-09-17T03:34:12.514071493Z,aggregation,full,a42d74844cf7,200,15.947216
2026-09-17T03:34:12.571264924Z,aggregation,full,a42d74844cf7,200,13.442576
2026-09-17T03:34:12.632748833Z,aggregation,full,a42d74844cf7,200,14.788797
2026-09-17T03:34:12.692679646Z,aggregation,full,a42d74844cf7,200,13.97486
2026-09-17T03:34:12.752439029Z,aggregation,full,a42d74844cf7,200,13.90133
2026-09-17T03:34:12.812464285Z,aggregation,full,a42d74844cf7,200,14.294199
2026-09-17T03:34:12.869576351Z,aggregation,full,a42d74844cf7,200,11.703579
2026-09-17T03:34:12.935446132Z,aggregation,full,a42d74844cf7,200,17.211362
2026-09-17T03:34:12.994538249Z,aggregation,full,a42d74844cf7,200,16.273601
2026-09-17T03:34:13.052906434Z,aggregation,full,a42d74844cf7,200,14.627
2026-09-17T03:34:13.11572583Z,aggregation,full,a42d74844cf7,200,17.24023
2026-09-17T03:34:13.171148825Z,aggregation,full,a42d74844cf7,200,12.961018
2026-09-17T03:34:13.234775927Z,aggregation,full,a42d74844cf7,200,16.865015
2026-09-17T03:34:13.291419446Z,aggregation,full,a42d74844cf7,200,12.98125
2026-09-17T03:34:13.350795624Z,aggregation,full,a42d74844cf7,200,12.705769
2026-09-17T03:34:13.41219046Z,aggregation,full,a42d74844cf7,200,13.575115
2026-09-17T03:34:13.470389532Z,aggregation,full,a42d74844cf7,200,12.67812
2026-09-17T03:34:13.535008921Z,aggregation,full,a42d74844cf7,200,16.76952
2026-09-17T03:34:13.590856193Z,aggregation,full,a42d74844cf7,200,13.164553
2026-09-17T03:34:13.65239241Z,aggregation,full,a42d74844cf7,200,13.866678
2026-09-17T03:34:13.713274783Z,aggregation,full,a42d74844cf7,200,15.308182
2026-09-17T03:34:13.770867794Z,aggregation,full,a42d74844cf7,200,12.90184
2026-09-17T03:34:13.834642817Z,aggregation,full,a42d74844cf7,200,15.972838
2026-09-17T03:34:13.891152722Z,aggregation,full,a42d74844cf7,200,12.805507
2026-09-17T03:34:13.950329678Z,aggregation,full,a42d74844cf7,200,12.368788
2026-09-17T03:34:14.010990464Z,aggregation,full,a42d74844cf7,200,12.895383
2026-09-17T03:34:14.070540589Z,aggregation,full,a42d74844cf7,200,11.981182
2026-09-17T03:34:14.136158967Z,aggregation,full,a42d74844cf7,200,17.943649
2026-09-17T03:34:14.190852188Z,aggregation,full,a42d74844cf7,200,12.951197
2026-09-17T03:34:14.252198842Z,aggregation,full,a42d74844cf7,200,13.684429
2026-09-17T03:34:14.311777319Z,aggregation,full,a42d74844cf7,200,13.698785
2026-09-17T03:34:14.371515419Z,aggregation,full,a42d74844cf7,200,12.783154
2026-09-17T03:34:14.433802149Z,aggregation,full,a42d74844cf7,200,15.786714
2026-09-17T03:34:14.491898334Z,aggregation,full,a42d74844cf7,200,13.413093
2026-09-17T03:34:14.550772717Z,aggregation,full,a42d74844cf7,200,12.92764
2026-09-17T03:34:14.613272687Z,aggregation,full,a42d74844cf7,200,14.606533
2026-09-17T03:34:14.669889795Z,aggregation,full,a42d74844cf7,200,12.15078
2026-09-17T03:34:14.735616876Z,aggregation,full,a42d74844cf7,200,16.843465
2026-09-17T03:34:14.792093587Z,aggregation,full,a42d74844cf7,200,13.765856
2026-09-17T03:34:14.851157621Z,aggregation,full,a42d74844cf7,200,13.237185
2026-09-17T03:34:14.914916357Z,aggregation,full,a42d74844cf7,200,16.142391
2026-09-17T03:34:14.971418255Z,aggregation,full,a42d74844cf7,200,13.024263
2026-09-17T03:34:15.033280732Z,aggregation,full,a42d74844cf7,200,15.08617
2026-09-17T03:34:15.09084942Z,aggregation,full,a42d74844cf7,200,12.954918
2026-09-17T03:34:15.152038836Z,aggregation,full,a42d74844cf7,200,13.434054
2026-09-17T03:34:15.213067339Z,aggregation,full,a42d74844cf7,200,14.285634
2026-09-17T03:34:15.27075949Z,aggregation,full,a42d74844cf7,200,12.232412
2026-09-17T03:34:15.335053923Z,aggregation,full,a42d74844cf7,200,16.414205
2026-09-17T03:34:15.391538381Z,aggregation,full,a42d74844cf7,200,13.122047
2026-09-17T03:34:15.450713833Z,aggregation,full,a42d74844cf7,200,12.436982
2026-09-17T03:34:15.511294137Z,aggregation,full,a42d74844cf7,200,12.858498
2026-09-17T03:34:15.570376618Z,aggregation,full,a42d74844cf7,200,12.663773
2026-09-17T03:34:15.635105116Z,aggregation,full,a42d74844cf7,200,17.032292
2026-09-17T03:34:15.690566077Z,aggregation,full,a42d74844cf7,200,12.814314
2026-09-17T03:34:15.752760503Z,aggregation,full,a42d74844cf7,200,14.41406
2026-09-17T03:34:15.812096478Z,aggregation,full,a42d74844cf7,200,13.716145
2026-09-17T03:34:15.872573649Z,aggregation,full,a42d74844cf7,200,14.868388
2026-09-17T03:34:15.933644759Z,aggregation,full,a42d74844cf7,200,15.184646
2026-09-17T03:34:15.992620601Z,aggregation,full,a42d74844cf7,200,14.201181
2026-09-17T03:34:16.051810981Z,aggregation,full,a42d74844cf7,200,13.57257
2026-09-17T03:34:16.112742086Z,aggregation,full,a42d74844cf7,200,14.260118
2026-09-17T03:34:16.173306753Z,aggregation,full,a42d74844cf7,200,15.020392
2026-09-17T03:34:16.23473461Z,aggregation,full,a42d74844cf7,200,16.683463
2026-09-17T03:34:16.29652219Z,aggregation,full,a42d74844cf7,200,18.109066
2026-09-17T03:34:16.351291611Z,aggregation,full,a42d74844cf7,200,13.147542
2026-09-17T03:34:16.411377474Z,aggregation,full,a42d74844cf7,200,13.432805
2026-09-17T03:34:16.470095869Z,aggregation,full,a42d74844cf7,200,12.089932
2026-09-17T03:34:16.53500468Z,aggregation,full,a42d74844cf7,200,16.775489
2026-09-17T03:34:16.594040143Z,aggregation,full,a42d74844cf7,200,15.360339
2026-09-17T03:34:16.650843265Z,aggregation,full,a42d74844cf7,200,12.21038
2026-09-17T03:34:16.711526522Z,aggregation,full,a42d74844cf7,200,13.140208
2026-09-17T03:34:16.771001031Z,aggregation,full,a42d74844cf7,200,12.977731
2026-09-17T03:34:16.835905702Z,aggregation,full,a42d74844cf7,200,18.121151
2026-09-17T03:34:16.892707248Z,aggregation,full,a42d74844cf7,200,14.088958
2026-09-17T03:34:16.951051866Z,aggregation,full,a42d74844cf7,200,12.638217
2026-09-17T03:34:17.012484639Z,aggregation,full,a42d74844cf7,200,13.975539
2026-09-17T03:34:17.08905121Z,aggregation,full,a42d74844cf7,200,30.925893
2026-09-17T03:34:17.148496708Z,aggregation,full,a42d74844cf7,200,30.641217
2026-09-17T03:34:17.191000154Z,aggregation,full,a42d74844cf7,200,12.956339
2026-09-17T03:34:17.250578571Z,aggregation,full,a42d74844cf7,200,12.833945
2026-09-17T03:34:17.312449923Z,aggregation,full,a42d74844cf7,200,14.248758
2026-09-17T03:34:17.369168527Z,aggregation,full,a42d74844cf7,200,11.061713
2026-09-17T03:34:17.432460142Z,aggregation,full,a42d74844cf7,200,14.599662
2026-09-17T03:34:17.490428057Z,aggregation,full,a42d74844cf7,200,12.308082
2026-09-17T03:34:17.552012065Z,aggregation,full,a42d74844cf7,200,13.627308
2026-09-17T03:34:17.610750796Z,aggregation,full,a42d74844cf7,200,13.116331
2026-09-17T03:34:17.669804455Z,aggregation,full,a42d74844cf7,200,11.473418
2026-09-17T03:34:17.736954338Z,aggregation,full,a42d74844cf7,200,18.424572
2026-09-17T03:34:17.793093647Z,aggregation,full,a42d74844cf7,200,14.540792
2026-09-17T03:34:17.850337725Z,aggregation,full,a42d74844cf7,200,12.681395
2026-09-17T03:34:17.9119599Z,aggregation,full,a42d74844cf7,200,13.794715
2026-09-17T03:34:17.969714151Z,aggregation,full,a42d74844cf7,200,11.241926
2026-09-17T03:34:18.037116347Z,aggregation,full,a42d74844cf7,200,18.568275
2026-09-17T03:34:18.099383847Z,aggregation,full,a42d74844cf7,200,21.390032
2026-09-17T03:34:18.172716407Z,aggregation,full,a42d74844cf7,200,34.373019
2026-09-17T03:34:18.220555606Z,aggregation,full,a42d74844cf7,200,22.607081
2026-09-17T03:34:18.271671488Z,aggregation,full,a42d74844cf7,200,13.37717
2026-09-17T03:34:18.346666241Z,aggregation,full,a42d74844cf7,200,28.323737
2026-09-17T03:34:18.393423774Z,aggregation,full,a42d74844cf7,200,14.958483
2026-09-17T03:34:18.452661707Z,aggregation,full,a42d74844cf7,200,14.658128
2026-09-17T03:34:18.513331121Z,aggregation,full,a42d74844cf7,200,15.023448
2026-09-17T03:34:18.571063541Z,aggregation,full,a42d74844cf7,200,13.102423
2026-09-17T03:34:18.644416397Z,aggregation,full,a42d74844cf7,200,25.290535
2026-09-17T03:34:18.695062299Z,aggregation,full,a42d74844cf7,200,18.437251
2026-09-17T03:34:18.750192435Z,aggregation,full,a42d74844cf7,200,14.124823
2026-09-17T03:34:18.811525842Z,aggregation,full,a42d74844cf7,200,15.316743
2026-09-17T03:34:18.869323111Z,aggregation,full,a42d74844cf7,200,13.257292
2026-09-17T03:34:18.931642651Z,aggregation,full,a42d74844cf7,200,15.677021
2026-09-17T03:34:18.990134389Z,aggregation,full,a42d74844cf7,200,13.764233
2026-09-17T03:34:19.050660955Z,aggregation,full,a42d74844cf7,200,14.673319
2026-09-17T03:34:19.113336715Z,aggregation,full,a42d74844cf7,200,16.828563
2026-09-17T03:34:19.167834746Z,aggregation,full,a42d74844cf7,200,11.870667
2026-09-17T03:34:19.230958153Z,aggregation,full,a42d74844cf7,200,15.478662
2026-09-17T03:34:19.293045057Z,aggregation,full,a42d74844cf7,200,17.461785
2026-09-17T03:34:19.348993182Z,aggregation,full,a42d74844cf7,200,13.169249
2026-09-17T03:34:19.409707125Z,aggregation,full,a42d74844cf7,200,13.872476
2026-09-17T03:34:19.46834945Z,aggregation,full,a42d74844cf7,200,11.866211
2026-09-17T03:34:19.5368351Z,aggregation,full,a42d74844cf7,200,20.789815
2026-09-17T03:34:19.589784169Z,aggregation,full,a42d74844cf7,200,13.459491
2026-09-17T03:34:19.650079508Z,aggregation,full,a42d74844cf7,200,14.629895
2026-09-17T03:34:19.709963312Z,aggregation,full,a42d74844cf7,200,13.987154
2026-09-17T03:34:19.768172554Z,aggregation,full,a42d74844cf7,200,12.622879
2026-09-17T03:34:19.832559123Z,aggregation,full,a42d74844cf7,200,16.732942
2026-09-17T03:34:19.889344788Z,aggregation,full,a42d74844cf7,200,12.453523
2026-09-17T03:34:19.949451708Z,aggregation,full,a42d74844cf7,200,13.177059
2026-09-17T03:34:20.008881949Z,aggregation,full,a42d74844cf7,200,12.644932
2026-09-17T03:34:20.068590801Z,aggregation,full,a42d74844cf7,200,13.090569
2026-09-17T03:34:20.131018793Z,aggregation,full,a42d74844cf7,200,14.823413
2026-09-17T03:34:20.187936248Z,aggregation,full,a42d74844cf7,200,11.999471
2026-09-17T03:34:20.250517641Z,aggregation,full,a42d74844cf7,200,14.778749
2026-09-17T03:34:20.310291593Z,aggregation,full,a42d74844cf7,200,14.012921
2026-09-17T03:34:20.377298265Z,aggregation,full,a42d74844cf7,200,21.429365
2026-09-17T03:34:20.433256006Z,aggregation,full,a42d74844cf7,200,17.007346
2026-09-17T03:34:20.489154412Z,aggregation,full,a42d74844cf7,200,13.524474
2026-09-17T03:34:20.548082512Z,aggregation,full,a42d74844cf7,200,11.968613
2026-09-17T03:34:20.609031868Z,aggregation,full,a42d74844cf7,200,13.189941
2026-09-17T03:34:20.668997613Z,aggregation,full,a42d74844cf7,200,13.424572
2026-09-17T03:34:20.731122403Z,aggregation,full,a42d74844cf7,200,15.531101
2026-09-17T03:34:20.791087847Z,aggregation,full,a42d74844cf7,200,15.119789
2026-09-17T03:34:20.848677372Z,aggregation,full,a42d74844cf7,200,12.837626
2026-09-17T03:34:20.910961879Z,aggregation,full,a42d74844cf7,200,14.6254
2026-09-17T03:34:20.96789003Z,aggregation,full,a42d74844cf7,200,12.370332
2026-09-17T03:34:21.033024357Z,aggregation,full,a42d74844cf7,200,17.292326
2026-09-17T03:34:21.088301684Z,aggregation,full,a42d74844cf7,200,12.60099
2026-09-17T03:34:21.149544161Z,aggregation,full,a42d74844cf7,200,13.728461
2026-09-17T03:34:21.21042035Z,aggregation,full,a42d74844cf7,200,14.006785
2026-09-17T03:34:21.270514165Z,aggregation,full,a42d74844cf7,200,14.485315
2026-09-17T03:34:21.333313895Z,aggregation,full,a42d74844cf7,200,17.126555
2026-09-17T03:34:21.39328652Z,aggregation,full,a42d74844cf7,200,17.168263
2026-09-17T03:34:21.449628353Z,aggregation,full,a42d74844cf7,200,13.776639
2026-09-17T03:34:21.51044096Z,aggregation,full,a42d74844cf7,200,14.151141
2026-09-17T03:34:21.569393261Z,aggregation,full,a42d74844cf7,200,13.272388
2026-09-17T03:34:21.630501384Z,aggregation,full,a42d74844cf7,200,14.342425
2026-09-17T03:34:21.68916908Z,aggregation,full,a42d74844cf7,200,12.968615
2026-09-17T03:34:21.747963537Z,aggregation,full,a42d74844cf7,200,11.889393
2026-09-17T03:34:21.809726605Z,aggregation,full,a42d74844cf7,200,14.246698
2026-09-17T03:34:21.869406059Z,aggregation,full,a42d74844cf7,200,13.045537
2026-09-17T03:34:21.932071803Z,aggregation,full,a42d74844cf7,200,15.912632
2026-09-17T03:34:21.991070884Z,aggregation,full,a42d74844cf7,200,15.459181
2026-09-17T03:34:22.049179935Z,aggregation,full,a42d74844cf7,200,13.481343
2026-09-17T03:34:22.116707541Z,aggregation,full,a42d74844cf7,200,20.591095
2026-09-17T03:34:22.169789094Z,aggregation,full,a42d74844cf7,200,13.777534
2026-09-17T03:34:22.233667691Z,aggregation,full,a42d74844cf7,200,18.046126
2026-09-17T03:34:22.29312683Z,aggregation,full,a42d74844cf7,200,16.239105
2026-09-17T03:34:22.349313718Z,aggregation,full,a42d74844cf7,200,13.506535
2026-09-17T03:34:22.410154427Z,aggregation,full,a42d74844cf7,200,14.099068
2026-09-17T03:34:22.469650321Z,aggregation,full,a42d74844cf7,200,14.160001
2026-09-17T03:34:22.530883308Z,aggregation,full,a42d74844cf7,200,15.442815
2026-09-17T03:34:22.589183403Z,aggregation,full,a42d74844cf7,200,13.518401
2026-09-17T03:34:22.648551304Z,aggregation,full,a42d74844cf7,200,12.663228
2026-09-17T03:34:22.7106128Z,aggregation,full,a42d74844cf7,200,14.409965
2026-09-17T03:34:22.767683826Z,aggregation,full,a42d74844cf7,200,11.522171
2026-09-17T03:34:22.833520484Z,aggregation,full,a42d74844cf7,200,17.168532
2026-09-17T03:34:22.889642242Z,aggregation,full,a42d74844cf7,200,13.293949
2026-09-17T03:34:22.949655401Z,aggregation,full,a42d74844cf7,200,13.370495
2026-09-17T03:34:23.010053816Z,aggregation,full,a42d74844cf7,200,13.638153
2026-09-17T03:34:23.068818274Z,aggregation,full,a42d74844cf7,200,13.317701
2026-09-17T03:34:23.134474894Z,aggregation,full,a42d74844cf7,200,18.100595
2026-09-17T03:34:23.193511267Z,aggregation,full,a42d74844cf7,200,17.868687
2026-09-17T03:34:23.251981701Z,aggregation,full,a42d74844cf7,200,15.675154
2026-09-17T03:34:23.306505174Z,aggregation,full,a42d74844cf7,200,10.971064
2026-09-17T03:34:23.370541165Z,aggregation,full,a42d74844cf7,200,14.501056
2026-09-17T03:34:23.431459111Z,aggregation,full,a42d74844cf7,200,15.064303
2026-09-17T03:34:23.49034953Z,aggregation,full,a42d74844cf7,200,14.411285
2026-09-17T03:34:23.548965256Z,aggregation,full,a42d74844cf7,200,12.466197
2026-09-17T03:34:23.610305864Z,aggregation,full,a42d74844cf7,200,14.538729
2026-09-17T03:34:23.671149729Z,aggregation,full,a42d74844cf7,200,15.306396
2026-09-17T03:34:23.733624398Z,aggregation,full,a42d74844cf7,200,17.858884
2026-09-17T03:34:23.789843204Z,aggregation,full,a42d74844cf7,200,13.516292
2026-09-17T03:34:23.848332261Z,aggregation,full,a42d74844cf7,200,12.542036
2026-09-17T03:34:23.909287015Z,aggregation,full,a42d74844cf7,200,13.371075
2026-09-17T03:34:23.968339815Z,aggregation,full,a42d74844cf7,200,12.51022
2026-09-17T03:34:24.030277972Z,aggregation,full,a42d74844cf7,200,14.236134
2026-09-17T03:34:24.088748769Z,aggregation,full,a42d74844cf7,200,12.868053
2026-09-17T03:34:24.154795987Z,aggregation,full,a42d74844cf7,200,18.28543
2026-09-17T03:34:24.210806713Z,aggregation,full,a42d74844cf7,200,14.61878
2026-09-17T03:34:24.270909872Z,aggregation,full,a42d74844cf7,200,14.506361
2026-09-17T03:34:24.335807789Z,aggregation,full,a42d74844cf7,200,19.400545
2026-09-17T03:34:24.389304735Z,aggregation,full,a42d74844cf7,200,13.905627
2026-09-17T03:34:24.450452876Z,aggregation,full,a42d74844cf7,200,14.377495
2026-09-17T03:34:24.510086686Z,aggregation,full,a42d74844cf7,200,14.062938
2026-09-17T03:34:24.568141481Z,aggregation,full,a42d74844cf7,200,12.461807
2026-09-17T03:34:24.631326639Z,aggregation,full,a42d74844cf7,200,15.702711
2026-09-17T03:34:24.689538604Z,aggregation,full,a42d74844cf7,200,13.491175
2026-09-17T03:34:24.748522914Z,aggregation,full,a42d74844cf7,200,12.293977
2026-09-17T03:34:24.810271043Z,aggregation,full,a42d74844cf7,200,14.134888
2026-09-17T03:34:24.868271944Z,aggregation,full,a42d74844cf7,200,12.632744
2026-09-17T03:34:24.931691214Z,aggregation,full,a42d74844cf7,200,15.706363
2026-09-17T03:34:24.989829593Z,aggregation,full,a42d74844cf7,200,13.465643
2026-09-17T03:34:25.048760644Z,aggregation,full,a42d74844cf7,200,12.603801
2026-09-17T03:34:25.110282051Z,aggregation,full,a42d74844cf7,200,13.868918
2026-09-17T03:34:25.167392954Z,aggregation,full,a42d74844cf7,200,11.444693
2026-09-17T03:34:25.23472534Z,aggregation,full,a42d74844cf7,200,18.645449
2026-09-17T03:34:25.290771632Z,aggregation,full,a42d74844cf7,200,15.272474
2026-09-17T03:34:25.349521239Z,aggregation,full,a42d74844cf7,200,13.128475
2026-09-17T03:34:25.408825879Z,aggregation,full,a42d74844cf7,200,12.531782
2026-09-17T03:34:25.466033399Z,aggregation,full,a42d74844cf7,200,10.520803
2026-09-17T03:34:25.532376799Z,aggregation,full,a42d74844cf7,200,16.454283
2026-09-17T03:34:25.589051409Z,aggregation,full,a42d74844cf7,200,12.974661
2026-09-17T03:34:25.648847926Z,aggregation,full,a42d74844cf7,200,12.991567
2026-09-17T03:34:25.710000255Z,aggregation,full,a42d74844cf7,200,14.337013
2026-09-17T03:34:25.767138239Z,aggregation,full,a42d74844cf7,200,11.744756
2026-09-17T03:34:25.831043767Z,aggregation,full,a42d74844cf7,200,14.936404
2026-09-17T03:34:25.890133339Z,aggregation,full,a42d74844cf7,200,13.545802
2026-09-17T03:34:25.948612646Z,aggregation,full,a42d74844cf7,200,12.803502
2026-09-17T03:34:26.008744968Z,aggregation,full,a42d74844cf7,200,12.459041
2026-09-17T03:34:26.067154149Z,aggregation,full,a42d74844cf7,200,11.031642
2026-09-17T03:34:26.130684778Z,aggregation,full,a42d74844cf7,200,14.927588
2026-09-17T03:34:26.189561934Z,aggregation,full,a42d74844cf7,200,13.106909
2026-09-17T03:34:26.248520777Z,aggregation,full,a42d74844cf7,200,13.066626
2026-09-17T03:34:26.310954763Z,aggregation,full,a42d74844cf7,200,14.739662
2026-09-17T03:34:26.367905749Z,aggregation,full,a42d74844cf7,200,12.426473
2026-09-17T03:34:26.438993623Z,aggregation,full,a42d74844cf7,200,23.407418
2026-09-17T03:34:26.490850209Z,aggregation,full,a42d74844cf7,200,15.099604
2026-09-17T03:34:26.548114945Z,aggregation,full,a42d74844cf7,200,12.227904
2026-09-17T03:34:26.609951175Z,aggregation,full,a42d74844cf7,200,14.134428
2026-09-17T03:34:26.671923606Z,aggregation,full,a42d74844cf7,200,15.61745
2026-09-17T03:34:26.732375001Z,aggregation,full,a42d74844cf7,200,16.616695
2026-09-17T03:34:26.797660888Z,aggregation,full,a42d74844cf7,200,21.545182
2026-09-17T03:34:26.849855315Z,aggregation,full,a42d74844cf7,200,13.555559
2026-09-17T03:34:26.91243072Z,aggregation,full,a42d74844cf7,200,16.929027
2026-09-17T03:34:26.967444884Z,aggregation,full,a42d74844cf7,200,11.916479
2026-09-17T03:34:27.038492331Z,aggregation,full,a42d74844cf7,200,22.288563
2026-09-17T03:34:27.089282457Z,aggregation,full,a42d74844cf7,200,13.200596
2026-09-17T03:34:27.149484584Z,aggregation,full,a42d74844cf7,200,13.394952
2026-09-17T03:34:27.209264219Z,aggregation,full,a42d74844cf7,200,13.187289
2026-09-17T03:34:27.270093734Z,aggregation,full,a42d74844cf7,200,14.277224
2026-09-17T03:34:27.335095743Z,aggregation,full,a42d74844cf7,200,19.042338
2026-09-17T03:34:27.389125168Z,aggregation,full,a42d74844cf7,200,13.542527
2026-09-17T03:34:27.448931417Z,aggregation,full,a42d74844cf7,200,13.136529
2026-09-17T03:34:27.509732182Z,aggregation,full,a42d74844cf7,200,14.004237
2026-09-17T03:34:27.57099987Z,aggregation,full,a42d74844cf7,200,14.747275
2026-09-17T03:34:27.636054923Z,aggregation,full,a42d74844cf7,200,20.348307
2026-09-17T03:34:27.691004705Z,aggregation,full,a42d74844cf7,200,15.10325
2026-09-17T03:34:27.749693606Z,aggregation,full,a42d74844cf7,200,14.110247
2026-09-17T03:34:27.810008121Z,aggregation,full,a42d74844cf7,200,13.684703
2026-09-17T03:34:27.870259993Z,aggregation,full,a42d74844cf7,200,14.81973
2026-09-17T03:34:27.932789794Z,aggregation,full,a42d74844cf7,200,16.945848
2026-09-17T03:34:27.989738372Z,aggregation,full,a42d74844cf7,200,14.236193
2026-09-17T03:34:28.052343044Z,aggregation,full,a42d74844cf7,200,15.879033
2026-09-17T03:34:28.115594087Z,aggregation,full,a42d74844cf7,200,19.000785
2026-09-17T03:34:28.17702817Z,aggregation,full,a42d74844cf7,200,20.968615
2026-09-17T03:34:28.233516315Z,aggregation,full,a42d74844cf7,200,17.879659
2026-09-17T03:34:28.29234576Z,aggregation,full,a42d74844cf7,200,15.914517
2026-09-17T03:34:28.348106101Z,aggregation,full,a42d74844cf7,200,12.414819
2026-09-17T03:34:28.409343635Z,aggregation,full,a42d74844cf7,200,13.563863
2026-09-17T03:34:28.46791032Z,aggregation,full,a42d74844cf7,200,11.937203
2026-09-17T03:34:28.532876236Z,aggregation,full,a42d74844cf7,200,16.907216
2026-09-17T03:34:28.593187482Z,aggregation,full,a42d74844cf7,200,16.735924
2026-09-17T03:34:28.648884823Z,aggregation,full,a42d74844cf7,200,13.051465
2026-09-17T03:34:28.708448626Z,aggregation,full,a42d74844cf7,200,12.753193
2026-09-17T03:34:28.767768317Z,aggregation,full,a42d74844cf7,200,11.891999
2026-09-17T03:34:28.831701235Z,aggregation,full,a42d74844cf7,200,15.23872
2026-09-17T03:34:28.889659914Z,aggregation,full,a42d74844cf7,200,13.22346
2026-09-17T03:34:28.949395844Z,aggregation,full,a42d74844cf7,200,13.943613
2026-09-17T03:34:29.008025132Z,aggregation,full,a42d74844cf7,200,12.256785
2026-09-17T03:34:29.068028795Z,aggregation,full,a42d74844cf7,200,12.556759
2026-09-17T03:34:29.131950993Z,aggregation,full,a42d74844cf7,200,16.242216
2026-09-17T03:34:29.191295135Z,aggregation,full,a42d74844cf7,200,15.776006
2026-09-17T03:34:29.248077513Z,aggregation,full,a42d74844cf7,200,12.301579
2026-09-17T03:34:29.30921848Z,aggregation,full,a42d74844cf7,200,13.387961
2026-09-17T03:34:29.36786887Z,aggregation,full,a42d74844cf7,200,12.219078
2026-09-17T03:34:29.430483669Z,aggregation,full,a42d74844cf7,200,14.648436
2026-09-17T03:34:29.490352112Z,aggregation,full,a42d74844cf7,200,14.140069
2026-09-17T03:34:29.54873458Z,aggregation,full,a42d74844cf7,200,12.343982
2026-09-17T03:34:29.610100196Z,aggregation,full,a42d74844cf7,200,13.660923
2026-09-17T03:34:29.670258989Z,aggregation,full,a42d74844cf7,200,14.608772
2026-09-17T03:34:29.734074554Z,aggregation,full,a42d74844cf7,200,18.249584
2026-09-17T03:34:29.792380492Z,aggregation,full,a42d74844cf7,200,16.570352
2026-09-17T03:34:29.851026141Z,aggregation,full,a42d74844cf7,200,14.855311
2026-09-17T03:34:29.909686468Z,aggregation,full,a42d74844cf7,200,13.925769
2026-09-17T03:34:29.969387601Z,aggregation,full,a42d74844cf7,200,13.029734
2026-09-17T03:34:30.033801697Z,aggregation,full,a42d74844cf7,200,17.682596
2026-09-17T03:34:30.091289838Z,aggregation,full,a42d74844cf7,200,14.757995
2026-09-17T03:34:30.149216802Z,aggregation,full,a42d74844cf7,200,12.748351
2026-09-17T03:34:30.211757176Z,aggregation,full,a42d74844cf7,200,15.87808
2026-09-17T03:34:30.269512533Z,aggregation,full,a42d74844cf7,200,13.088552
2026-09-17T03:34:30.334631677Z,aggregation,full,a42d74844cf7,200,18.410305
2026-09-17T03:34:30.389239346Z,aggregation,full,a42d74844cf7,200,12.820244
2026-09-17T03:34:30.449118142Z,aggregation,full,a42d74844cf7,200,13.37824
2026-09-17T03:34:30.509144737Z,aggregation,full,a42d74844cf7,200,13.669539
2026-09-17T03:34:30.56838097Z,aggregation,full,a42d74844cf7,200,12.788275
2026-09-17T03:34:30.630664815Z,aggregation,full,a42d74844cf7,200,14.61917
2026-09-17T03:34:30.688962567Z,aggregation,full,a42d74844cf7,200,13.557159
2026-09-17T03:34:30.748524116Z,aggregation,full,a42d74844cf7,200,12.776114
2026-09-17T03:34:30.809042067Z,aggregation,full,a42d74844cf7,200,12.856752
2026-09-17T03:34:30.86985688Z,aggregation,full,a42d74844cf7,200,14.392416
2026-09-17T03:34:30.93141599Z,aggregation,full,a42d74844cf7,200,15.848952
2026-09-17T03:34:30.989968362Z,aggregation,full,a42d74844cf7,200,13.889499
2026-09-17T03:34:31.04938202Z,aggregation,full,a42d74844cf7,200,13.697554
2026-09-17T03:34:31.109974115Z,aggregation,full,a42d74844cf7,200,13.654801
2026-09-17T03:34:31.168633585Z,aggregation,full,a42d74844cf7,200,13.185389
2026-09-17T03:34:31.232349148Z,aggregation,full,a42d74844cf7,200,15.990779
2026-09-17T03:34:31.289568587Z,aggregation,full,a42d74844cf7,200,13.461374
2026-09-17T03:34:31.349451951Z,aggregation,full,a42d74844cf7,200,13.153375
2026-09-17T03:34:31.410338718Z,aggregation,full,a42d74844cf7,200,14.205681
2026-09-17T03:34:31.469991207Z,aggregation,full,a42d74844cf7,200,14.424451
2026-09-17T03:34:31.53363642Z,aggregation,full,a42d74844cf7,200,17.565919
2026-09-17T03:34:31.589029584Z,aggregation,full,a42d74844cf7,200,13.54982
2026-09-17T03:34:31.648072259Z,aggregation,full,a42d74844cf7,200,12.066961
2026-09-17T03:34:31.70968104Z,aggregation,full,a42d74844cf7,200,13.909883
2026-09-17T03:34:31.7689228Z,aggregation,full,a42d74844cf7,200,12.792907
2026-09-17T03:34:31.831994633Z,aggregation,full,a42d74844cf7,200,16.27213
2026-09-17T03:34:31.890317361Z,aggregation,full,a42d74844cf7,200,14.594019
2026-09-17T03:34:31.948116841Z,aggregation,full,a42d74844cf7,200,12.070957
2026-09-17T03:34:32.008826027Z,aggregation,full,a42d74844cf7,200,13.052107
2026-09-17T03:34:32.069539345Z,aggregation,full,a42d74844cf7,200,13.27868
2026-09-17T03:34:32.132811204Z,aggregation,full,a42d74844cf7,200,16.427821
2026-09-17T03:34:32.191493281Z,aggregation,full,a42d74844cf7,200,15.892901
2026-09-17T03:34:32.248499288Z,aggregation,full,a42d74844cf7,200,12.901185
2026-09-17T03:34:32.309490653Z,aggregation,full,a42d74844cf7,200,13.374147
2026-09-17T03:34:32.370133909Z,aggregation,full,a42d74844cf7,200,14.249804
2026-09-17T03:34:32.432617933Z,aggregation,full,a42d74844cf7,200,16.72926
2026-09-17T03:34:32.489577183Z,aggregation,full,a42d74844cf7,200,13.262028
2026-09-17T03:34:32.548295241Z,aggregation,full,a42d74844cf7,200,12.658033
2026-09-17T03:34:32.61051259Z,aggregation,full,a42d74844cf7,200,14.738292
2026-09-17T03:34:32.667326808Z,aggregation,full,a42d74844cf7,200,11.065585
2026-09-17T03:34:32.73108373Z,aggregation,full,a42d74844cf7,200,15.020399
2026-09-17T03:34:32.788496808Z,aggregation,full,a42d74844cf7,200,13.112648
2026-09-17T03:34:32.849214021Z,aggregation,full,a42d74844cf7,200,12.809453
2026-09-17T03:34:32.909911932Z,aggregation,full,a42d74844cf7,200,14.122905
2026-09-17T03:34:32.968836642Z,aggregation,full,a42d74844cf7,200,13.518601
2026-09-17T03:34:33.030879072Z,aggregation,full,a42d74844cf7,200,15.202138
2026-09-17T03:34:33.089187239Z,aggregation,full,a42d74844cf7,200,13.535385
2026-09-17T03:34:33.150271901Z,aggregation,full,a42d74844cf7,200,14.375729
2026-09-17T03:34:33.208460609Z,aggregation,full,a42d74844cf7,200,12.658262
2026-09-17T03:34:33.273193447Z,aggregation,full,a42d74844cf7,200,16.994981
2026-09-17T03:34:33.332817779Z,aggregation,full,a42d74844cf7,200,16.983064
2026-09-17T03:34:33.388584611Z,aggregation,full,a42d74844cf7,200,12.136931
2026-09-17T03:34:33.448989731Z,aggregation,full,a42d74844cf7,200,12.739314
2026-09-17T03:34:33.508691115Z,aggregation,full,a42d74844cf7,200,12.894391
2026-09-17T03:34:33.569221694Z,aggregation,full,a42d74844cf7,200,13.173012
2026-09-17T03:34:33.634589614Z,aggregation,full,a42d74844cf7,200,18.655628
2026-09-17T03:34:33.689965708Z,aggregation,full,a42d74844cf7,200,13.714323
2026-09-17T03:34:33.750664278Z,aggregation,full,a42d74844cf7,200,14.812112
2026-09-17T03:34:33.810577556Z,aggregation,full,a42d74844cf7,200,14.355418
2026-09-17T03:34:33.869905495Z,aggregation,full,a42d74844cf7,200,13.876565
2026-09-17T03:34:33.935005434Z,aggregation,full,a42d74844cf7,200,18.481407
2026-09-17T03:34:33.989401602Z,aggregation,full,a42d74844cf7,200,13.680431
2026-09-17T03:34:34.04888891Z,aggregation,full,a42d74844cf7,200,12.741289
2026-09-17T03:34:34.109573522Z,aggregation,full,a42d74844cf7,200,14.04933
2026-09-17T03:34:34.168763709Z,aggregation,full,a42d74844cf7,200,12.56286
2026-09-17T03:34:34.237213872Z,aggregation,full,a42d74844cf7,200,20.074232
2026-09-17T03:34:34.290887765Z,aggregation,full,a42d74844cf7,200,15.002888
2026-09-17T03:34:34.349927849Z,aggregation,full,a42d74844cf7,200,14.109983
2026-09-17T03:34:34.411939006Z,aggregation,full,a42d74844cf7,200,15.111576
2026-09-17T03:34:34.467784809Z,aggregation,full,a42d74844cf7,200,12.213147
2026-09-17T03:34:34.53197996Z,aggregation,full,a42d74844cf7,200,16.212876
2026-09-17T03:34:34.589984334Z,aggregation,full,a42d74844cf7,200,14.272236
2026-09-17T03:34:34.654726367Z,aggregation,full,a42d74844cf7,200,19.26183
2026-09-17T03:34:34.709861655Z,aggregation,full,a42d74844cf7,200,13.736629
2026-09-17T03:34:34.772158155Z,aggregation,full,a42d74844cf7,200,16.515489
2026-09-17T03:34:34.832833494Z,aggregation,full,a42d74844cf7,200,17.015337
2026-09-17T03:34:34.889971941Z,aggregation,full,a42d74844cf7,200,14.237475
2026-09-17T03:34:34.951469345Z,aggregation,full,a42d74844cf7,200,15.518872
2026-09-17T03:34:35.011160438Z,aggregation,full,a42d74844cf7,200,14.780886
2026-09-17T03:34:35.071057634Z,aggregation,full,a42d74844cf7,200,15.332243
2026-09-17T03:34:35.133588366Z,aggregation,full,a42d74844cf7,200,17.953966
2026-09-17T03:34:35.189649877Z,aggregation,full,a42d74844cf7,200,14.145107
2026-09-17T03:34:35.252439644Z,aggregation,full,a42d74844cf7,200,15.975118
2026-09-17T03:34:35.309811255Z,aggregation,full,a42d74844cf7,200,13.705583
2026-09-17T03:34:35.36913889Z,aggregation,full,a42d74844cf7,200,12.834036
2026-09-17T03:34:35.432720022Z,aggregation,full,a42d74844cf7,200,16.746854
2026-09-17T03:34:35.490503721Z,aggregation,full,a42d74844cf7,200,14.229648
2026-09-17T03:34:35.548993651Z,aggregation,full,a42d74844cf7,200,12.509701
2026-09-17T03:34:35.608219551Z,aggregation,full,a42d74844cf7,200,12.795088
2026-09-17T03:34:35.667943847Z,aggregation,full,a42d74844cf7,200,12.309835
2026-09-17T03:34:35.730452118Z,aggregation,full,a42d74844cf7,200,14.724727
2026-09-17T03:34:35.789747891Z,aggregation,full,a42d74844cf7,200,13.608075
2026-09-17T03:34:35.848774563Z,aggregation,full,a42d74844cf7,200,12.456385
2026-09-17T03:34:35.90992789Z,aggregation,full,a42d74844cf7,200,13.566967
2026-09-17T03:34:35.969059331Z,aggregation,full,a42d74844cf7,200,13.597264
2026-09-17T03:34:36.032095022Z,aggregation,full,a42d74844cf7,200,16.237387
2026-09-17T03:34:36.088957964Z,aggregation,full,a42d74844cf7,200,13.32869
2026-09-17T03:34:36.148369512Z,aggregation,full,a42d74844cf7,200,12.842997
2026-09-17T03:34:36.208432454Z,aggregation,full,a42d74844cf7,200,12.476148
2026-09-17T03:34:36.269331522Z,aggregation,full,a42d74844cf7,200,13.335854
2026-09-17T03:34:36.331922708Z,aggregation,full,a42d74844cf7,200,15.914083
2026-09-17T03:34:36.388540415Z,aggregation,full,a42d74844cf7,200,12.857401
2026-09-17T03:34:36.449242297Z,aggregation,full,a42d74844cf7,200,12.830325
2026-09-17T03:34:36.508766288Z,aggregation,full,a42d74844cf7,200,12.937894
2026-09-17T03:34:36.56991819Z,aggregation,full,a42d74844cf7,200,13.781464
2026-09-17T03:34:36.630554881Z,aggregation,full,a42d74844cf7,200,15.116037
2026-09-17T03:34:36.691953502Z,aggregation,full,a42d74844cf7,200,15.712366
2026-09-17T03:34:36.748939722Z,aggregation,full,a42d74844cf7,200,13.455843
2026-09-17T03:34:36.808244107Z,aggregation,full,a42d74844cf7,200,12.572815
2026-09-17T03:34:36.869381832Z,aggregation,full,a42d74844cf7,200,13.734115
2026-09-17T03:34:36.933390027Z,aggregation,full,a42d74844cf7,200,17.429937
2026-09-17T03:34:36.990358063Z,aggregation,full,a42d74844cf7,200,14.023997
2026-09-17T03:34:37.049757742Z,aggregation,full,a42d74844cf7,200,13.751486
2026-09-17T03:34:37.109980308Z,aggregation,full,a42d74844cf7,200,13.53422
2026-09-17T03:34:37.169593907Z,aggregation,full,a42d74844cf7,200,13.230906
2026-09-17T03:34:37.232676182Z,aggregation,full,a42d74844cf7,200,16.499571
2026-09-17T03:34:37.291296543Z,aggregation,full,a42d74844cf7,200,14.951912
2026-09-17T03:34:37.349031671Z,aggregation,full,a42d74844cf7,200,13.228314
2026-09-17T03:34:37.408847891Z,aggregation,full,a42d74844cf7,200,13.088466
2026-09-17T03:34:37.468969007Z,aggregation,full,a42d74844cf7,200,13.391719
2026-09-17T03:34:37.532301278Z,aggregation,full,a42d74844cf7,200,16.439709
2026-09-17T03:34:37.590730654Z,aggregation,full,a42d74844cf7,200,14.755209
2026-09-17T03:34:37.65050642Z,aggregation,full,a42d74844cf7,200,14.065614
2026-09-17T03:34:37.71718582Z,aggregation,full,a42d74844cf7,200,20.930408
2026-09-17T03:34:37.768519128Z,aggregation,full,a42d74844cf7,200,12.524061
2026-09-17T03:34:37.833281696Z,aggregation,full,a42d74844cf7,200,17.05014
2026-09-17T03:34:37.889375713Z,aggregation,full,a42d74844cf7,200,13.475873
2026-09-17T03:34:37.949698646Z,aggregation,full,a42d74844cf7,200,13.654578
2026-09-17T03:34:38.009162652Z,aggregation,full,a42d74844cf7,200,13.681891
2026-09-17T03:34:38.069228235Z,aggregation,full,a42d74844cf7,200,13.708753
2026-09-17T03:34:38.140845895Z,aggregation,full,a42d74844cf7,200,24.87249
2026-09-17T03:34:38.196085428Z,aggregation,full,a42d74844cf7,200,19.509059
2026-09-17T03:34:38.249270751Z,aggregation,full,a42d74844cf7,200,13.559351
2026-09-17T03:34:38.311459426Z,aggregation,full,a42d74844cf7,200,15.561473
2026-09-17T03:34:38.373305992Z,aggregation,full,a42d74844cf7,200,17.169148
2026-09-17T03:34:38.43234624Z,aggregation,full,a42d74844cf7,200,16.284059
2026-09-17T03:34:38.491021312Z,aggregation,full,a42d74844cf7,200,14.590406
2026-09-17T03:34:38.549878637Z,aggregation,full,a42d74844cf7,200,13.990364
2026-09-17T03:34:38.616412607Z,aggregation,full,a42d74844cf7,200,20.938668
2026-09-17T03:34:38.671493936Z,aggregation,full,a42d74844cf7,200,15.463258
2026-09-17T03:34:38.747378853Z,aggregation,full,a42d74844cf7,200,31.112939
2026-09-17T03:34:38.79420814Z,aggregation,full,a42d74844cf7,200,17.978081
2026-09-17T03:34:38.848762309Z,aggregation,full,a42d74844cf7,200,13.088983
2026-09-17T03:34:38.915349879Z,aggregation,full,a42d74844cf7,200,19.734675
2026-09-17T03:34:38.969759601Z,aggregation,full,a42d74844cf7,200,13.947041
2026-09-17T03:34:39.031176649Z,aggregation,full,a42d74844cf7,200,14.815608
2026-09-17T03:34:39.08940762Z,aggregation,full,a42d74844cf7,200,13.654909
2026-09-17T03:34:39.150322744Z,aggregation,full,a42d74844cf7,200,13.557241
2026-09-17T03:34:39.21415603Z,aggregation,full,a42d74844cf7,200,17.7713
2026-09-17T03:34:39.275318931Z,aggregation,full,a42d74844cf7,200,19.343008
2026-09-17T03:34:39.334079424Z,aggregation,full,a42d74844cf7,200,17.971918
2026-09-17T03:34:39.391246734Z,aggregation,full,a42d74844cf7,200,14.988933
2026-09-17T03:34:39.449501688Z,aggregation,full,a42d74844cf7,200,13.485547
2026-09-17T03:34:39.511021733Z,aggregation,full,a42d74844cf7,200,14.858833
2026-09-17T03:34:39.569497944Z,aggregation,full,a42d74844cf7,200,13.992666
2026-09-17T03:34:39.633738747Z,aggregation,full,a42d74844cf7,200,17.610954
2026-09-17T03:34:39.699135111Z,aggregation,full,a42d74844cf7,200,23.458956
2026-09-17T03:34:39.751738405Z,aggregation,full,a42d74844cf7,200,15.854146
2026-09-17T03:34:39.809823575Z,aggregation,full,a42d74844cf7,200,13.754067
2026-09-17T03:34:39.868916137Z,aggregation,full,a42d74844cf7,200,12.486891
2026-09-17T03:34:39.93235834Z,aggregation,full,a42d74844cf7,200,16.819289
2026-09-17T03:34:39.991977248Z,aggregation,full,a42d74844cf7,200,15.796435
2026-09-17T03:34:40.049071732Z,aggregation,full,a42d74844cf7,200,13.413612
2026-09-17T03:34:40.110473177Z,aggregation,full,a42d74844cf7,200,14.743974
2026-09-17T03:34:40.180751706Z,aggregation,full,a42d74844cf7,200,24.749994
2026-09-17T03:34:40.250680709Z,aggregation,full,a42d74844cf7,200,29.912566
2026-09-17T03:34:40.290861061Z,aggregation,full,a42d74844cf7,200,15.34021
2026-09-17T03:34:40.350116892Z,aggregation,full,a42d74844cf7,200,14.56359
2026-09-17T03:34:40.410349997Z,aggregation,full,a42d74844cf7,200,14.573871
2026-09-17T03:34:40.470466274Z,aggregation,full,a42d74844cf7,200,14.417249
2026-09-17T03:34:40.535444566Z,aggregation,full,a42d74844cf7,200,19.057388
2026-09-17T03:34:40.591053726Z,aggregation,full,a42d74844cf7,200,14.922229
2026-09-17T03:34:40.652891586Z,aggregation,full,a42d74844cf7,200,17.241196
2026-09-17T03:34:40.710290863Z,aggregation,full,a42d74844cf7,200,14.772362
2026-09-17T03:34:40.770395425Z,aggregation,full,a42d74844cf7,200,14.570848
2026-09-17T03:34:40.838230319Z,aggregation,full,a42d74844cf7,200,21.229203
2026-09-17T03:34:40.888603526Z,aggregation,full,a42d74844cf7,200,12.60375
2026-09-17T03:34:40.950222274Z,aggregation,full,a42d74844cf7,200,13.997208
2026-09-17T03:34:41.009662384Z,aggregation,full,a42d74844cf7,200,13.64783
2026-09-17T03:34:41.071018306Z,aggregation,full,a42d74844cf7,200,14.705973
2026-09-17T03:34:41.138115879Z,aggregation,full,a42d74844cf7,200,22.275134
2026-09-17T03:34:41.191276512Z,aggregation,full,a42d74844cf7,200,15.31954
2026-09-17T03:34:41.25186067Z,aggregation,full,a42d74844cf7,200,15.842637
2026-09-17T03:34:41.310059419Z,aggregation,full,a42d74844cf7,200,14.482462
2026-09-17T03:34:41.368711637Z,aggregation,full,a42d74844cf7,200,13.333457
2026-09-17T03:34:41.432697472Z,aggregation,full,a42d74844cf7,200,16.349518
2026-09-17T03:34:41.489330651Z,aggregation,full,a42d74844cf7,200,12.960857
2026-09-17T03:34:41.550249969Z,aggregation,full,a42d74844cf7,200,13.928467
2026-09-17T03:34:41.609386997Z,aggregation,full,a42d74844cf7,200,13.57035
2026-09-17T03:34:41.668396052Z,aggregation,full,a42d74844cf7,200,12.413615
2026-09-17T03:34:41.731373315Z,aggregation,full,a42d74844cf7,200,15.246568
2026-09-17T03:34:41.789718641Z,aggregation,full,a42d74844cf7,200,13.570285
2026-09-17T03:34:41.848650607Z,aggregation,full,a42d74844cf7,200,12.198363
2026-09-17T03:34:41.911122445Z,aggregation,full,a42d74844cf7,200,14.911377
2026-09-17T03:34:41.968467269Z,aggregation,full,a42d74844cf7,200,12.975288
2026-09-17T03:34:42.032073083Z,aggregation,full,a42d74844cf7,200,15.954668
2026-09-17T03:34:42.088563861Z,aggregation,full,a42d74844cf7,200,12.657174
2026-09-17T03:34:42.149839087Z,aggregation,full,a42d74844cf7,200,13.993822
2026-09-17T03:34:42.210511812Z,aggregation,full,a42d74844cf7,200,14.034405
2026-09-17T03:34:42.268429325Z,aggregation,full,a42d74844cf7,200,12.4699
2026-09-17T03:34:42.338414581Z,aggregation,full,a42d74844cf7,200,21.980822
2026-09-17T03:34:42.393540334Z,aggregation,full,a42d74844cf7,200,17.241628
2026-09-17T03:34:42.450128549Z,aggregation,full,a42d74844cf7,200,13.945733
2026-09-17T03:34:42.512318635Z,aggregation,full,a42d74844cf7,200,16.479178
2026-09-17T03:34:42.569324062Z,aggregation,full,a42d74844cf7,200,13.534272
2026-09-17T03:34:42.639544677Z,aggregation,full,a42d74844cf7,200,23.360282
2026-09-17T03:34:42.690546118Z,aggregation,full,a42d74844cf7,200,14.396953
2026-09-17T03:34:42.750172661Z,aggregation,full,a42d74844cf7,200,14.003517
2026-09-17T03:34:42.81019623Z,aggregation,full,a42d74844cf7,200,14.382991
2026-09-17T03:34:42.872809106Z,aggregation,full,a42d74844cf7,200,16.95616
2026-09-17T03:34:42.935358764Z,aggregation,full,a42d74844cf7,200,18.78913
2026-09-17T03:34:42.991877003Z,aggregation,full,a42d74844cf7,200,16.009176
2026-09-17T03:34:43.048519133Z,aggregation,full,a42d74844cf7,200,12.980274
2026-09-17T03:34:43.108925217Z,aggregation,full,a42d74844cf7,200,12.7958
2026-09-17T03:34:43.169827656Z,aggregation,full,a42d74844cf7,200,13.445891
2026-09-17T03:34:43.232106224Z,aggregation,full,a42d74844cf7,200,15.733562
2026-09-17T03:34:43.290021191Z,aggregation,full,a42d74844cf7,200,13.744259
2026-09-17T03:34:43.349345707Z,aggregation,full,a42d74844cf7,200,13.574165
2026-09-17T03:34:43.410949639Z,aggregation,full,a42d74844cf7,200,14.811521
2026-09-17T03:34:43.46892592Z,aggregation,full,a42d74844cf7,200,12.653194
2026-09-17T03:34:43.532260135Z,aggregation,full,a42d74844cf7,200,16.327598
2026-09-17T03:34:43.592030725Z,aggregation,full,a42d74844cf7,200,16.08993
2026-09-17T03:34:43.649417762Z,aggregation,full,a42d74844cf7,200,13.594945
2026-09-17T03:34:43.711508811Z,aggregation,full,a42d74844cf7,200,15.294548
2026-09-17T03:34:43.768757346Z,aggregation,full,a42d74844cf7,200,12.550726
2026-09-17T03:34:43.832015265Z,aggregation,full,a42d74844cf7,200,15.423718
2026-09-17T03:34:43.887534306Z,aggregation,full,a42d74844cf7,200,11.888943
2026-09-17T03:34:43.950576339Z,aggregation,full,a42d74844cf7,200,14.275758
2026-09-17T03:34:44.010978307Z,aggregation,full,a42d74844cf7,200,14.712932
2026-09-17T03:34:44.068353825Z,aggregation,full,a42d74844cf7,200,12.842468
2026-09-17T03:34:44.132015984Z,aggregation,full,a42d74844cf7,200,15.667115
2026-09-17T03:34:44.189952795Z,aggregation,full,a42d74844cf7,200,13.988816
2026-09-17T03:34:44.249454354Z,aggregation,full,a42d74844cf7,200,13.826884
2026-09-17T03:34:44.310651744Z,aggregation,full,a42d74844cf7,200,14.758256
2026-09-17T03:34:44.36932819Z,aggregation,full,a42d74844cf7,200,13.297383
2026-09-17T03:34:44.430144811Z,aggregation,full,a42d74844cf7,200,13.887759
2026-09-17T03:34:44.490000378Z,aggregation,full,a42d74844cf7,200,14.230165
2026-09-17T03:34:44.549504184Z,aggregation,full,a42d74844cf7,200,13.164669
2026-09-17T03:34:44.609320652Z,aggregation,full,a42d74844cf7,200,13.38988
2026-09-17T03:34:44.667744259Z,aggregation,full,a42d74844cf7,200,11.715122
2026-09-17T03:34:44.73045756Z,aggregation,full,a42d74844cf7,200,14.02752
2026-09-17T03:34:44.789611649Z,aggregation,full,a42d74844cf7,200,13.359438
2026-09-17T03:34:44.849239169Z,aggregation,full,a42d74844cf7,200,13.826314
2026-09-17T03:34:44.911839266Z,aggregation,full,a42d74844cf7,200,15.949608
2026-09-17T03:34:44.969885603Z,aggregation,full,a42d74844cf7,200,13.502834
2026-09-17T03:34:45.032411286Z,aggregation,full,a42d74844cf7,200,16.715611
2026-09-17T03:34:45.090062183Z,aggregation,full,a42d74844cf7,200,13.954454
2026-09-17T03:34:45.150627074Z,aggregation,full,a42d74844cf7,200,14.722133
2026-09-17T03:34:45.209022853Z,aggregation,full,a42d74844cf7,200,12.847903
2026-09-17T03:34:45.268918968Z,aggregation,full,a42d74844cf7,200,13.448055
2026-09-17T03:34:45.336159154Z,aggregation,full,a42d74844cf7,200,20.195454
2026-09-17T03:34:45.389341732Z,aggregation,full,a42d74844cf7,200,13.598597
2026-09-17T03:34:45.449274919Z,aggregation,full,a42d74844cf7,200,13.471886
2026-09-17T03:34:45.510144943Z,aggregation,full,a42d74844cf7,200,14.368335
2026-09-17T03:34:45.567609636Z,aggregation,full,a42d74844cf7,200,12.136154
2026-09-17T03:34:45.632898982Z,aggregation,full,a42d74844cf7,200,16.592267
2026-09-17T03:34:45.688329398Z,aggregation,full,a42d74844cf7,200,12.507671
2026-09-17T03:34:45.749127337Z,aggregation,full,a42d74844cf7,200,13.028943
2026-09-17T03:34:45.809604122Z,aggregation,full,a42d74844cf7,200,13.879649
2026-09-17T03:34:45.868456481Z,aggregation,full,a42d74844cf7,200,12.40761
2026-09-17T03:34:45.934621804Z,aggregation,full,a42d74844cf7,200,18.50465
2026-09-17T03:34:45.990484858Z,aggregation,full,a42d74844cf7,200,14.225383
2026-09-17T03:34:46.057174075Z,aggregation,full,a42d74844cf7,200,20.846486
2026-09-17T03:34:46.118614124Z,aggregation,full,a42d74844cf7,200,23.095643
2026-09-17T03:34:46.171553509Z,aggregation,full,a42d74844cf7,200,15.298328
2026-09-17T03:34:46.229978885Z,aggregation,full,a42d74844cf7,200,13.913111
2026-09-17T03:34:46.288779179Z,aggregation,full,a42d74844cf7,200,13.229822
2026-09-17T03:34:46.347487777Z,aggregation,full,a42d74844cf7,200,11.875824
2026-09-17T03:34:46.408278386Z,aggregation,full,a42d74844cf7,200,12.243623
2026-09-17T03:34:46.472590607Z,aggregation,full,a42d74844cf7,200,16.87618
2026-09-17T03:34:46.532956013Z,aggregation,full,a42d74844cf7,200,17.407409
2026-09-17T03:34:46.589752035Z,aggregation,full,a42d74844cf7,200,14.173791
2026-09-17T03:34:46.65011067Z,aggregation,full,a42d74844cf7,200,13.735857
2026-09-17T03:34:46.709789573Z,aggregation,full,a42d74844cf7,200,13.877883
2026-09-17T03:34:46.769052054Z,aggregation,full,a42d74844cf7,200,13.592366
2026-09-17T03:34:46.833113054Z,aggregation,full,a42d74844cf7,200,17.346734
2026-09-17T03:34:46.889287408Z,aggregation,full,a42d74844cf7,200,13.479228
2026-09-17T03:34:46.949769158Z,aggregation,full,a42d74844cf7,200,13.732352
2026-09-17T03:34:47.010470535Z,aggregation,full,a42d74844cf7,200,14.017669
2026-09-17T03:34:47.069417216Z,aggregation,full,a42d74844cf7,200,13.276937
2026-09-17T03:34:47.131003591Z,aggregation,full,a42d74844cf7,200,14.828091
2026-09-17T03:34:47.188736455Z,aggregation,full,a42d74844cf7,200,13.071357
2026-09-17T03:34:47.248615984Z,aggregation,full,a42d74844cf7,200,12.2072
2026-09-17T03:34:47.310048106Z,aggregation,full,a42d74844cf7,200,13.806751
2026-09-17T03:34:47.367599878Z,aggregation,full,a42d74844cf7,200,12.126353
2026-09-17T03:34:47.432593859Z,aggregation,full,a42d74844cf7,200,16.338874
2026-09-17T03:34:47.489347904Z,aggregation,full,a42d74844cf7,200,12.987139
2026-09-17T03:34:47.548375531Z,aggregation,full,a42d74844cf7,200,12.126415
2026-09-17T03:34:47.611328465Z,aggregation,full,a42d74844cf7,200,14.911245
2026-09-17T03:34:47.66833303Z,aggregation,full,a42d74844cf7,200,12.476293
2026-09-17T03:34:47.731225685Z,aggregation,full,a42d74844cf7,200,15.02145
2026-09-17T03:34:47.789739577Z,aggregation,full,a42d74844cf7,200,13.991212
2026-09-17T03:34:47.849698353Z,aggregation,full,a42d74844cf7,200,13.132461
2026-09-17T03:34:47.909675727Z,aggregation,full,a42d74844cf7,200,13.51838
2026-09-17T03:34:47.969115791Z,aggregation,full,a42d74844cf7,200,12.746202
2026-09-17T03:34:48.035493213Z,aggregation,full,a42d74844cf7,200,19.229411
2026-09-17T03:34:48.090180773Z,aggregation,full,a42d74844cf7,200,13.981477
2026-09-17T03:34:48.151378174Z,aggregation,full,a42d74844cf7,200,15.523728
2026-09-17T03:34:48.21224326Z,aggregation,full,a42d74844cf7,200,16.417085
2026-09-17T03:34:48.267179167Z,aggregation,full,a42d74844cf7,200,11.462284
2026-09-17T03:34:48.331881683Z,aggregation,full,a42d74844cf7,200,16.003728
2026-09-17T03:34:48.38693051Z,aggregation,full,a42d74844cf7,200,11.444473
2026-09-17T03:34:48.458413168Z,aggregation,full,a42d74844cf7,200,21.944691
2026-09-17T03:34:48.509078584Z,aggregation,full,a42d74844cf7,200,13.091019
2026-09-17T03:34:48.567591393Z,aggregation,full,a42d74844cf7,200,12.026409
2026-09-17T03:34:48.630190888Z,aggregation,full,a42d74844cf7,200,13.771734
2026-09-17T03:34:48.688556187Z,aggregation,full,a42d74844cf7,200,14.307454
2026-09-17T03:34:48.749344033Z,aggregation,full,a42d74844cf7,200,15.038585
2026-09-17T03:34:48.808039995Z,aggregation,full,a42d74844cf7,200,13.77094
2026-09-17T03:34:48.868272803Z,aggregation,full,a42d74844cf7,200,13.675321
2026-09-17T03:34:48.933018002Z,aggregation,full,a42d74844cf7,200,19.006281
2026-09-17T03:34:48.986403912Z,aggregation,full,a42d74844cf7,200,11.562163
2026-09-17T03:34:49.047433251Z,aggregation,full,a42d74844cf7,200,13.289253
2026-09-17T03:34:49.106498196Z,aggregation,full,a42d74844cf7,200,12.197635
2026-09-17T03:34:49.166660944Z,aggregation,full,a42d74844cf7,200,12.695749
2026-09-17T03:34:49.232787067Z,aggregation,full,a42d74844cf7,200,18.291533
2026-09-17T03:34:49.288362634Z,aggregation,full,a42d74844cf7,200,13.798973
2026-09-17T03:34:49.346366913Z,aggregation,full,a42d74844cf7,200,12.291097
2026-09-17T03:34:49.407354043Z,aggregation,full,a42d74844cf7,200,13.345946
2026-09-17T03:34:49.466397497Z,aggregation,full,a42d74844cf7,200,12.58766
2026-09-17T03:34:49.533798606Z,aggregation,full,a42d74844cf7,200,19.603879
2026-09-17T03:34:49.586646187Z,aggregation,full,a42d74844cf7,200,12.154353
2026-09-17T03:34:49.646861484Z,aggregation,full,a42d74844cf7,200,12.797217
2026-09-17T03:34:49.708686143Z,aggregation,full,a42d74844cf7,200,14.069163
2026-09-17T03:34:49.767620802Z,aggregation,full,a42d74844cf7,200,13.585666
2026-09-17T03:34:49.829920751Z,aggregation,full,a42d74844cf7,200,15.616503
2026-09-17T03:34:49.888718191Z,aggregation,full,a42d74844cf7,200,13.976269
2026-09-17T03:34:49.947472768Z,aggregation,full,a42d74844cf7,200,12.882417
2026-09-17T03:34:50.007346744Z,aggregation,full,a42d74844cf7,200,13.03616
2026-09-17T03:34:50.067137049Z,aggregation,full,a42d74844cf7,200,13.272493
2026-09-17T03:34:50.136049582Z,aggregation,full,a42d74844cf7,200,22.135522
2026-09-17T03:34:50.18861085Z,aggregation,full,a42d74844cf7,200,13.889798
2026-09-17T03:34:50.25117966Z,aggregation,full,a42d74844cf7,200,16.976116
2026-09-17T03:34:50.307733135Z,aggregation,full,a42d74844cf7,200,13.623778
2026-09-17T03:34:50.369497164Z,aggregation,full,a42d74844cf7,200,15.310537
2026-09-17T03:34:50.429416294Z,aggregation,full,a42d74844cf7,200,15.109987
2026-09-17T03:34:50.490293021Z,aggregation,full,a42d74844cf7,200,16.002979
2026-09-17T03:34:50.547064207Z,aggregation,full,a42d74844cf7,200,12.551998
2026-09-17T03:34:50.610526314Z,aggregation,full,a42d74844cf7,200,16.661612
2026-09-17T03:34:50.667735509Z,aggregation,full,a42d74844cf7,200,13.831533
2026-09-17T03:34:50.735541009Z,aggregation,full,a42d74844cf7,200,20.825251
2026-09-17T03:34:50.789163448Z,aggregation,full,a42d74844cf7,200,14.781807
2026-09-17T03:34:50.849088484Z,aggregation,full,a42d74844cf7,200,14.404698
2026-09-17T03:34:50.910079629Z,aggregation,full,a42d74844cf7,200,16.13531
2026-09-17T03:34:50.967169374Z,aggregation,full,a42d74844cf7,200,12.285351
2026-09-17T03:34:51.035560094Z,aggregation,full,a42d74844cf7,200,20.723804
2026-09-17T03:34:51.088527418Z,aggregation,full,a42d74844cf7,200,14.237133
2026-09-17T03:34:51.14847183Z,aggregation,full,a42d74844cf7,200,14.299081
2026-09-17T03:34:51.208301177Z,aggregation,full,a42d74844cf7,200,14.208849
2026-09-17T03:34:51.266812916Z,aggregation,full,a42d74844cf7,200,12.937838
2026-09-17T03:34:51.33043844Z,aggregation,full,a42d74844cf7,200,16.138569
2026-09-17T03:34:51.388868342Z,aggregation,full,a42d74844cf7,200,14.26063
2026-09-17T03:34:51.449951167Z,aggregation,full,a42d74844cf7,200,15.30745
2026-09-17T03:34:51.509104749Z,aggregation,full,a42d74844cf7,200,14.543217
2026-09-17T03:34:51.567329516Z,aggregation,full,a42d74844cf7,200,12.605518
2026-09-17T03:34:51.630004979Z,aggregation,full,a42d74844cf7,200,15.668174
2026-09-17T03:34:51.689588944Z,aggregation,full,a42d74844cf7,200,14.791443
2026-09-17T03:34:51.748470744Z,aggregation,full,a42d74844cf7,200,14.320535
2026-09-17T03:34:51.809537995Z,aggregation,full,a42d74844cf7,200,15.23548
2026-09-17T03:34:51.866655379Z,aggregation,full,a42d74844cf7,200,12.73005
2026-09-17T03:34:51.935174882Z,aggregation,full,a42d74844cf7,200,21.062915
2026-09-17T03:34:51.985808676Z,aggregation,full,a42d74844cf7,200,11.945593
2026-09-17T03:34:52.050018961Z,aggregation,full,a42d74844cf7,200,15.33231
2026-09-17T03:34:52.10928697Z,aggregation,full,a42d74844cf7,200,14.655238
2026-09-17T03:34:52.167245896Z,aggregation,full,a42d74844cf7,200,13.224472
2026-09-17T03:34:52.231985574Z,aggregation,full,a42d74844cf7,200,18.145229
2026-09-17T03:34:52.287536895Z,aggregation,full,a42d74844cf7,200,12.748018
2026-09-17T03:34:52.347578753Z,aggregation,full,a42d74844cf7,200,13.330977
2026-09-17T03:34:52.405235532Z,aggregation,full,a42d74844cf7,200,11.03097
2026-09-17T03:34:52.471922722Z,aggregation,full,a42d74844cf7,200,17.183152
2026-09-17T03:34:52.535560428Z,aggregation,full,a42d74844cf7,200,20.769809
2026-09-17T03:34:52.592260103Z,aggregation,full,a42d74844cf7,200,17.706535
2026-09-17T03:34:52.647873519Z,aggregation,full,a42d74844cf7,200,13.813013
2026-09-17T03:34:52.710112214Z,aggregation,full,a42d74844cf7,200,15.420895
2026-09-17T03:34:52.766954593Z,aggregation,full,a42d74844cf7,200,13.004372
2026-09-17T03:34:52.831406748Z,aggregation,full,a42d74844cf7,200,16.916488
2026-09-17T03:34:52.886031447Z,aggregation,full,a42d74844cf7,200,11.829968
2026-09-17T03:34:52.94818509Z,aggregation,full,a42d74844cf7,200,13.498733
2026-09-17T03:34:53.006727796Z,aggregation,full,a42d74844cf7,200,12.699439
2026-09-17T03:34:53.069722552Z,aggregation,full,a42d74844cf7,200,15.278963
2026-09-17T03:34:53.1308807Z,aggregation,full,a42d74844cf7,200,16.470304
2026-09-17T03:34:53.188884891Z,aggregation,full,a42d74844cf7,200,13.794783
2026-09-17T03:34:53.247337959Z,aggregation,full,a42d74844cf7,200,13.065202
2026-09-17T03:34:53.308121289Z,aggregation,full,a42d74844cf7,200,13.973231
2026-09-17T03:34:53.368357182Z,aggregation,full,a42d74844cf7,200,13.6652
2026-09-17T03:34:53.430226854Z,aggregation,full,a42d74844cf7,200,15.939223
2026-09-17T03:34:53.487442374Z,aggregation,full,a42d74844cf7,200,13.547412
2026-09-17T03:34:53.54989815Z,aggregation,full,a42d74844cf7,200,15.202178
2026-09-17T03:34:53.608064443Z,aggregation,full,a42d74844cf7,200,13.336948
2026-09-17T03:34:53.667604913Z,aggregation,full,a42d74844cf7,200,12.911845
2026-09-17T03:34:53.732149278Z,aggregation,full,a42d74844cf7,200,17.594864
2026-09-17T03:34:53.789238262Z,aggregation,full,a42d74844cf7,200,14.527557
2026-09-17T03:34:53.847817016Z,aggregation,full,a42d74844cf7,200,13.177434
2026-09-17T03:34:53.909826529Z,aggregation,full,a42d74844cf7,200,15.332172
2026-09-17T03:34:53.967801756Z,aggregation,full,a42d74844cf7,200,13.486633
2026-09-17T03:34:54.030430135Z,aggregation,full,a42d74844cf7,200,16.048213
2026-09-17T03:34:54.089774425Z,aggregation,full,a42d74844cf7,200,15.639365
2026-09-17T03:34:54.14784332Z,aggregation,full,a42d74844cf7,200,14.000956
2026-09-17T03:34:54.208006874Z,aggregation,full,a42d74844cf7,200,13.496318
2026-09-17T03:34:54.269761073Z,aggregation,full,a42d74844cf7,200,15.253437
2026-09-17T03:34:54.329896688Z,aggregation,full,a42d74844cf7,200,15.460829
2026-09-17T03:34:54.386427277Z,aggregation,full,a42d74844cf7,200,11.853857
2026-09-17T03:34:54.447368828Z,aggregation,full,a42d74844cf7,200,13.30389
2026-09-17T03:34:54.507331331Z,aggregation,full,a42d74844cf7,200,13.105835
2026-09-17T03:34:54.56579464Z,aggregation,full,a42d74844cf7,200,11.824032
2026-09-17T03:34:54.630542079Z,aggregation,full,a42d74844cf7,200,15.865312
2026-09-17T03:34:54.687972232Z,aggregation,full,a42d74844cf7,200,13.482124
2026-09-17T03:34:54.747553465Z,aggregation,full,a42d74844cf7,200,13.044426
2026-09-17T03:34:54.807274075Z,aggregation,full,a42d74844cf7,200,13.057248
2026-09-17T03:34:54.865220389Z,aggregation,full,a42d74844cf7,200,11.436503
2026-09-17T03:34:54.930729215Z,aggregation,full,a42d74844cf7,200,16.942879
2026-09-17T03:34:54.987171658Z,aggregation,full,a42d74844cf7,200,12.71966
2026-09-17T03:34:55.049527016Z,aggregation,full,a42d74844cf7,200,14.749933
2026-09-17T03:34:55.109191642Z,aggregation,full,a42d74844cf7,200,14.922622
2026-09-17T03:34:55.166079928Z,aggregation,full,a42d74844cf7,200,11.3781
2026-09-17T03:34:55.230522394Z,aggregation,full,a42d74844cf7,200,16.763266
2026-09-17T03:34:55.288551158Z,aggregation,full,a42d74844cf7,200,14.18993
2026-09-17T03:34:55.346442108Z,aggregation,full,a42d74844cf7,200,12.163003
2026-09-17T03:34:55.40849153Z,aggregation,full,a42d74844cf7,200,14.360829
2026-09-17T03:34:55.468014566Z,aggregation,full,a42d74844cf7,200,13.884216
2026-09-17T03:34:55.530283115Z,aggregation,full,a42d74844cf7,200,15.535635
2026-09-17T03:34:55.586374577Z,aggregation,full,a42d74844cf7,200,12.380372
2026-09-17T03:34:55.646619478Z,aggregation,full,a42d74844cf7,200,12.489895
2026-09-17T03:34:55.706259315Z,aggregation,full,a42d74844cf7,200,11.956864
2026-09-17T03:34:55.766876115Z,aggregation,full,a42d74844cf7,200,13.059317
2026-09-17T03:34:55.829520723Z,aggregation,full,a42d74844cf7,200,14.926063
2026-09-17T03:34:55.886563027Z,aggregation,full,a42d74844cf7,200,12.390685
2026-09-17T03:34:55.946796059Z,aggregation,full,a42d74844cf7,200,12.507217
2026-09-17T03:34:56.007109147Z,aggregation,full,a42d74844cf7,200,12.538418
2026-09-17T03:34:56.068086555Z,aggregation,full,a42d74844cf7,200,13.480481
2026-09-17T03:34:56.142564931Z,aggregation,full,a42d74844cf7,200,27.7804
2026-09-17T03:34:56.187828187Z,aggregation,full,a42d74844cf7,200,13.529105
2026-09-17T03:34:56.246703589Z,aggregation,full,a42d74844cf7,200,12.212619
2026-09-17T03:34:56.308054446Z,aggregation,full,a42d74844cf7,200,13.534435
2026-09-17T03:34:56.365480151Z,aggregation,full,a42d74844cf7,200,10.93034
2026-09-17T03:34:56.430642723Z,aggregation,full,a42d74844cf7,200,16.427508
2026-09-17T03:34:56.486647167Z,aggregation,full,a42d74844cf7,200,12.177745
2026-09-17T03:34:56.547427842Z,aggregation,full,a42d74844cf7,200,12.886884
2026-09-17T03:34:56.607947846Z,aggregation,full,a42d74844cf7,200,13.863792
2026-09-17T03:34:56.667722502Z,aggregation,full,a42d74844cf7,200,13.294207
2026-09-17T03:34:56.730555399Z,aggregation,full,a42d74844cf7,200,16.134742
2026-09-17T03:34:56.785996356Z,aggregation,full,a42d74844cf7,200,11.816713
2026-09-17T03:34:56.846429316Z,aggregation,full,a42d74844cf7,200,11.571451
2026-09-17T03:34:56.907590865Z,aggregation,full,a42d74844cf7,200,13.501323
2026-09-17T03:34:56.965972992Z,aggregation,full,a42d74844cf7,200,12.010656
2026-09-17T03:34:57.031090542Z,aggregation,full,a42d74844cf7,200,16.320131
2026-09-17T03:34:57.08727846Z,aggregation,full,a42d74844cf7,200,13.243581
2026-09-17T03:34:57.148239018Z,aggregation,full,a42d74844cf7,200,14.134952
2026-09-17T03:34:57.206896528Z,aggregation,full,a42d74844cf7,200,12.94591
2026-09-17T03:34:57.268111875Z,aggregation,full,a42d74844cf7,200,13.699508
2026-09-17T03:34:57.33265239Z,aggregation,full,a42d74844cf7,200,18.665682
2026-09-17T03:34:57.387175939Z,aggregation,full,a42d74844cf7,200,12.653876
2026-09-17T03:34:57.447099697Z,aggregation,full,a42d74844cf7,200,13.161588
2026-09-17T03:34:57.508892368Z,aggregation,full,a42d74844cf7,200,13.99416
2026-09-17T03:34:57.568144564Z,aggregation,full,a42d74844cf7,200,13.648865
2026-09-17T03:34:57.630800182Z,aggregation,full,a42d74844cf7,200,15.931121
2026-09-17T03:34:57.688782081Z,aggregation,full,a42d74844cf7,200,14.211518
2026-09-17T03:34:57.74859439Z,aggregation,full,a42d74844cf7,200,14.079988
2026-09-17T03:34:57.809068479Z,aggregation,full,a42d74844cf7,200,14.958186
2026-09-17T03:34:57.868522961Z,aggregation,full,a42d74844cf7,200,13.873322
2026-09-17T03:34:57.931378564Z,aggregation,full,a42d74844cf7,200,17.135822
2026-09-17T03:34:57.986788913Z,aggregation,full,a42d74844cf7,200,12.449622
2026-09-17T03:34:58.048989086Z,aggregation,full,a42d74844cf7,200,14.230498
2026-09-17T03:34:58.109729037Z,aggregation,full,a42d74844cf7,200,14.496301
2026-09-17T03:34:58.176065329Z,aggregation,full,a42d74844cf7,200,21.024393
2026-09-17T03:34:58.232826853Z,aggregation,full,a42d74844cf7,200,18.368475
2026-09-17T03:34:58.289031828Z,aggregation,full,a42d74844cf7,200,14.540568
2026-09-17T03:34:58.348380386Z,aggregation,full,a42d74844cf7,200,13.671656
2026-09-17T03:34:58.407872015Z,aggregation,full,a42d74844cf7,200,13.717534
2026-09-17T03:34:58.478003455Z,aggregation,full,a42d74844cf7,200,23.18913
2026-09-17T03:34:58.533369086Z,aggregation,full,a42d74844cf7,200,19.120352
2026-09-17T03:34:58.594564056Z,aggregation,full,a42d74844cf7,200,20.401039
2026-09-17T03:34:58.651254745Z,aggregation,full,a42d74844cf7,200,17.051857
2026-09-17T03:34:58.71250748Z,aggregation,full,a42d74844cf7,200,17.630441
2026-09-17T03:34:58.76697163Z,aggregation,full,a42d74844cf7,200,13.116903
2026-09-17T03:34:58.83451202Z,aggregation,full,a42d74844cf7,200,19.837016
2026-09-17T03:34:58.892251855Z,aggregation,full,a42d74844cf7,200,18.015376
2026-09-17T03:34:58.948067135Z,aggregation,full,a42d74844cf7,200,14.128456
2026-09-17T03:34:59.011248803Z,aggregation,full,a42d74844cf7,200,16.477002
2026-09-17T03:34:59.068684424Z,aggregation,full,a42d74844cf7,200,14.428969
2026-09-17T03:34:59.129754849Z,aggregation,full,a42d74844cf7,200,15.218029
2026-09-17T03:34:59.187174949Z,aggregation,full,a42d74844cf7,200,12.740595
2026-09-17T03:34:59.247556401Z,aggregation,full,a42d74844cf7,200,12.744563
2026-09-17T03:34:59.306279276Z,aggregation,full,a42d74844cf7,200,12.008682
2026-09-17T03:34:59.368998819Z,aggregation,full,a42d74844cf7,200,14.326889
2026-09-17T03:34:59.429098081Z,aggregation,full,a42d74844cf7,200,15.111827
2026-09-17T03:34:59.486436519Z,aggregation,full,a42d74844cf7,200,12.414429
2026-09-17T03:34:59.546570802Z,aggregation,full,a42d74844cf7,200,12.104944
2026-09-17T03:34:59.608604303Z,aggregation,full,a42d74844cf7,200,14.284364
2026-09-17T03:34:59.667205552Z,aggregation,full,a42d74844cf7,200,13.157673
2026-09-17T03:34:59.729330786Z,aggregation,full,a42d74844cf7,200,15.415285
2026-09-17T03:34:59.786550229Z,aggregation,full,a42d74844cf7,200,12.290148
2026-09-17T03:34:59.8467192Z,aggregation,full,a42d74844cf7,200,12.567381
2026-09-17T03:34:59.915527019Z,aggregation,full,a42d74844cf7,200,21.062516
2026-09-17T03:34:59.969572801Z,aggregation,full,a42d74844cf7,200,15.609894
2026-09-17T03:35:00.038430493Z,aggregation,full,a42d74844cf7,200,24.22598
2026-09-17T03:35:00.087611931Z,aggregation,full,a42d74844cf7,200,13.405864
2026-09-17T03:35:00.148942498Z,aggregation,full,a42d74844cf7,200,14.558665
2026-09-17T03:35:00.208792169Z,aggregation,full,a42d74844cf7,200,14.124984
2026-09-17T03:35:00.268594237Z,aggregation,full,a42d74844cf7,200,14.284688
2026-09-17T03:35:00.331740923Z,aggregation,full,a42d74844cf7,200,17.49687
2026-09-17T03:35:00.38944895Z,aggregation,full,a42d74844cf7,200,14.914832
2026-09-17T03:35:00.447647223Z,aggregation,full,a42d74844cf7,200,13.528779
2026-09-17T03:35:00.510300692Z,aggregation,full,a42d74844cf7,200,16.125666
2026-09-17T03:35:00.573324409Z,aggregation,full,a42d74844cf7,200,19.492986
2026-09-17T03:35:00.630674822Z,aggregation,full,a42d74844cf7,200,16.619823
2026-09-17T03:35:00.687761976Z,aggregation,full,a42d74844cf7,200,13.315619
2026-09-17T03:35:00.747745247Z,aggregation,full,a42d74844cf7,200,13.152994
2026-09-17T03:35:00.808770046Z,aggregation,full,a42d74844cf7,200,14.387487
2026-09-17T03:35:00.866825612Z,aggregation,full,a42d74844cf7,200,12.458471
2026-09-17T03:35:00.931454144Z,aggregation,full,a42d74844cf7,200,16.779887
2026-09-17T03:35:00.987496322Z,aggregation,full,a42d74844cf7,200,13.34607
2026-09-17T03:35:01.047650393Z,aggregation,full,a42d74844cf7,200,13.492579
2026-09-17T03:35:01.107383561Z,aggregation,full,a42d74844cf7,200,13.134515
2026-09-17T03:35:01.166155598Z,aggregation,full,a42d74844cf7,200,12.367673
2026-09-17T03:35:01.230480536Z,aggregation,full,a42d74844cf7,200,16.605863
2026-09-17T03:35:01.288186792Z,aggregation,full,a42d74844cf7,200,13.990079
2026-09-17T03:35:01.346350444Z,aggregation,full,a42d74844cf7,200,12.471904
2026-09-17T03:35:01.407968371Z,aggregation,full,a42d74844cf7,200,13.864019
2026-09-17T03:35:01.467679393Z,aggregation,full,a42d74844cf7,200,13.08413
2026-09-17T03:35:01.529915733Z,aggregation,full,a42d74844cf7,200,15.150514
2026-09-17T03:35:01.587918118Z,aggregation,full,a42d74844cf7,200,13.128945
2026-09-17T03:35:01.64841274Z,aggregation,full,a42d74844cf7,200,13.84412
2026-09-17T03:35:01.706455301Z,aggregation,full,a42d74844cf7,200,12.389276
2026-09-17T03:35:01.765424586Z,aggregation,full,a42d74844cf7,200,11.556169
2026-09-17T03:35:01.84058824Z,aggregation,full,a42d74844cf7,200,26.09501
2026-09-17T03:35:01.890563405Z,aggregation,full,a42d74844cf7,200,15.898178
2026-09-17T03:35:01.949338907Z,aggregation,full,a42d74844cf7,200,15.155834
2026-09-17T03:35:02.009410067Z,aggregation,full,a42d74844cf7,200,15.308678
2026-09-17T03:35:02.068449384Z,aggregation,full,a42d74844cf7,200,14.472017
2026-09-17T03:35:02.13300078Z,aggregation,full,a42d74844cf7,200,18.817179
2026-09-17T03:35:02.189424058Z,aggregation,full,a42d74844cf7,200,14.746239
2026-09-17T03:35:02.24567466Z,aggregation,full,a42d74844cf7,200,11.480015
2026-09-17T03:35:02.306634059Z,aggregation,full,a42d74844cf7,200,12.400328
2026-09-17T03:35:02.366196432Z,aggregation,full,a42d74844cf7,200,12.099938
2026-09-17T03:35:02.428648646Z,aggregation,full,a42d74844cf7,200,14.776857
2026-09-17T03:35:02.486707448Z,aggregation,full,a42d74844cf7,200,12.410122
2026-09-17T03:35:02.548031019Z,aggregation,full,a42d74844cf7,200,13.365482
2026-09-17T03:35:02.609723218Z,aggregation,full,a42d74844cf7,200,14.924778
2026-09-17T03:35:02.666722154Z,aggregation,full,a42d74844cf7,200,12.598577
2026-09-17T03:35:02.730139792Z,aggregation,full,a42d74844cf7,200,15.461119
2026-09-17T03:35:02.787709577Z,aggregation,full,a42d74844cf7,200,12.825009
2026-09-17T03:35:02.84743352Z,aggregation,full,a42d74844cf7,200,12.959531
2026-09-17T03:35:02.910088662Z,aggregation,full,a42d74844cf7,200,15.964967
2026-09-17T03:35:02.967746031Z,aggregation,full,a42d74844cf7,200,12.95287
2026-09-17T03:35:03.031263605Z,aggregation,full,a42d74844cf7,200,16.701369
2026-09-17T03:35:03.08741487Z,aggregation,full,a42d74844cf7,200,13.33177
2026-09-17T03:35:03.148429863Z,aggregation,full,a42d74844cf7,200,14.26429
2026-09-17T03:35:03.207465597Z,aggregation,full,a42d74844cf7,200,13.358597
2026-09-17T03:35:03.266874835Z,aggregation,full,a42d74844cf7,200,12.652163
2026-09-17T03:35:03.328978705Z,aggregation,full,a42d74844cf7,200,14.257793
2026-09-17T03:35:03.386877887Z,aggregation,full,a42d74844cf7,200,13.113125
2026-09-17T03:35:03.448721405Z,aggregation,full,a42d74844cf7,200,14.093515
2026-09-17T03:35:03.508101992Z,aggregation,full,a42d74844cf7,200,13.738623
2026-09-17T03:35:03.566295098Z,aggregation,full,a42d74844cf7,200,11.666303
2026-09-17T03:35:03.632252754Z,aggregation,full,a42d74844cf7,200,17.720027
2026-09-17T03:35:03.687177876Z,aggregation,full,a42d74844cf7,200,13.119116
2026-09-17T03:35:03.746591396Z,aggregation,full,a42d74844cf7,200,12.602006
2026-09-17T03:35:03.806796886Z,aggregation,full,a42d74844cf7,200,12.697963
2026-09-17T03:35:03.86793122Z,aggregation,full,a42d74844cf7,200,13.474354
2026-09-17T03:35:03.929538Z,aggregation,full,a42d74844cf7,200,14.885213
2026-09-17T03:35:03.988376745Z,aggregation,full,a42d74844cf7,200,14.114102
2026-09-17T03:35:04.049435363Z,aggregation,full,a42d74844cf7,200,15.389622
2026-09-17T03:35:04.109243923Z,aggregation,full,a42d74844cf7,200,15.342793
2026-09-17T03:35:04.172556694Z,aggregation,full,a42d74844cf7,200,17.780897
2026-09-17T03:35:04.233211039Z,aggregation,full,a42d74844cf7,200,19.020263
2026-09-17T03:35:04.28786059Z,aggregation,full,a42d74844cf7,200,13.16816
2026-09-17T03:35:04.347741706Z,aggregation,full,a42d74844cf7,200,13.025979
2026-09-17T03:35:04.409305282Z,aggregation,full,a42d74844cf7,200,14.985491
2026-09-17T03:35:04.470213337Z,aggregation,full,a42d74844cf7,200,15.827246
2026-09-17T03:35:04.530393116Z,aggregation,full,a42d74844cf7,200,16.501269
2026-09-17T03:35:04.587086575Z,aggregation,full,a42d74844cf7,200,13.10891
2026-09-17T03:35:04.647709498Z,aggregation,full,a42d74844cf7,200,12.933721
2026-09-17T03:35:04.707024349Z,aggregation,full,a42d74844cf7,200,12.765838
2026-09-17T03:35:04.767371902Z,aggregation,full,a42d74844cf7,200,12.709444
2026-09-17T03:35:04.82883443Z,aggregation,full,a42d74844cf7,200,14.845681
2026-09-17T03:35:04.886932988Z,aggregation,full,a42d74844cf7,200,12.333449
2026-09-17T03:35:04.947376838Z,aggregation,full,a42d74844cf7,200,12.735321
2026-09-17T03:35:05.006839832Z,aggregation,full,a42d74844cf7,200,12.753947
2026-09-17T03:35:05.066913593Z,aggregation,full,a42d74844cf7,200,12.52672
2026-09-17T03:35:05.132602178Z,aggregation,full,a42d74844cf7,200,17.912796
2026-09-17T03:35:05.18971318Z,aggregation,full,a42d74844cf7,200,15.316825
2026-09-17T03:35:05.250475849Z,aggregation,full,a42d74844cf7,200,16.103172
2026-09-17T03:35:05.30791531Z,aggregation,full,a42d74844cf7,200,13.924022
2026-09-17T03:35:05.367082411Z,aggregation,full,a42d74844cf7,200,12.534811
2026-09-17T03:35:05.429986917Z,aggregation,full,a42d74844cf7,200,15.210603
2026-09-17T03:35:05.488029654Z,aggregation,full,a42d74844cf7,200,13.330282
2026-09-17T03:35:05.545680868Z,aggregation,full,a42d74844cf7,200,11.707497
2026-09-17T03:35:05.610882285Z,aggregation,full,a42d74844cf7,200,16.720274
2026-09-17T03:35:05.675734686Z,aggregation,full,a42d74844cf7,200,21.283737
2026-09-17T03:35:05.730128686Z,aggregation,full,a42d74844cf7,200,15.649721
2026-09-17T03:35:05.787666111Z,aggregation,full,a42d74844cf7,200,13.82279
2026-09-17T03:35:05.846516467Z,aggregation,full,a42d74844cf7,200,12.284536
2026-09-17T03:35:05.909478051Z,aggregation,full,a42d74844cf7,200,15.282222
2026-09-17T03:35:05.969622847Z,aggregation,full,a42d74844cf7,200,15.622889
2026-09-17T03:35:06.029778833Z,aggregation,full,a42d74844cf7,200,15.638795
2026-09-17T03:35:06.087155836Z,aggregation,full,a42d74844cf7,200,12.730846
2026-09-17T03:35:06.147899818Z,aggregation,full,a42d74844cf7,200,13.053126
2026-09-17T03:35:06.208557464Z,aggregation,full,a42d74844cf7,200,13.886869
2026-09-17T03:35:06.270722846Z,aggregation,full,a42d74844cf7,200,16.583324
2026-09-17T03:35:06.332226374Z,aggregation,full,a42d74844cf7,200,17.133757
2026-09-17T03:35:06.389531874Z,aggregation,full,a42d74844cf7,200,15.484028
2026-09-17T03:35:06.448879649Z,aggregation,full,a42d74844cf7,200,14.752042
2026-09-17T03:35:06.514688695Z,aggregation,full,a42d74844cf7,200,18.977501
2026-09-17T03:35:06.566620515Z,aggregation,full,a42d74844cf7,200,12.746637
2026-09-17T03:35:06.634602738Z,aggregation,full,a42d74844cf7,200,20.287541
2026-09-17T03:35:06.686568445Z,aggregation,full,a42d74844cf7,200,12.165501
2026-09-17T03:35:06.747109007Z,aggregation,full,a42d74844cf7,200,12.946562
2026-09-17T03:35:06.80863871Z,aggregation,full,a42d74844cf7,200,14.651774
2026-09-17T03:35:06.86681457Z,aggregation,full,a42d74844cf7,200,12.822079
2026-09-17T03:35:06.9313434Z,aggregation,full,a42d74844cf7,200,16.745152
2026-09-17T03:35:06.987726665Z,aggregation,full,a42d74844cf7,200,13.578191
2026-09-17T03:35:07.047774959Z,aggregation,full,a42d74844cf7,200,13.213087
2026-09-17T03:35:07.108878144Z,aggregation,full,a42d74844cf7,200,14.324999
2026-09-17T03:35:07.16979639Z,aggregation,full,a42d74844cf7,200,15.433298
2026-09-17T03:35:07.229672635Z,aggregation,full,a42d74844cf7,200,15.147922
2026-09-17T03:35:07.287693767Z,aggregation,full,a42d74844cf7,200,13.414238
2026-09-17T03:35:07.349061008Z,aggregation,full,a42d74844cf7,200,14.783554
2026-09-17T03:35:07.409353685Z,aggregation,full,a42d74844cf7,200,14.499282
2026-09-17T03:35:07.465442698Z,aggregation,full,a42d74844cf7,200,11.486159
2026-09-17T03:35:07.547156785Z,aggregation,full,a42d74844cf7,200,32.641558
2026-09-17T03:35:07.587073224Z,aggregation,full,a42d74844cf7,200,12.720564
2026-09-17T03:35:07.651093851Z,aggregation,full,a42d74844cf7,200,16.125203
2026-09-17T03:35:07.70863499Z,aggregation,full,a42d74844cf7,200,13.994178
2026-09-17T03:35:07.767152684Z,aggregation,full,a42d74844cf7,200,13.123555
2026-09-17T03:35:07.830003902Z,aggregation,full,a42d74844cf7,200,16.023792
2026-09-17T03:35:07.889906604Z,aggregation,full,a42d74844cf7,200,15.161508
2026-09-17T03:35:07.946679373Z,aggregation,full,a42d74844cf7,200,12.9075
2026-09-17T03:35:08.00721363Z,aggregation,full,a42d74844cf7,200,12.9202
2026-09-17T03:35:08.066162123Z,aggregation,full,a42d74844cf7,200,11.406928
2026-09-17T03:35:08.130077752Z,aggregation,full,a42d74844cf7,200,16.296002
2026-09-17T03:35:08.19515917Z,aggregation,full,a42d74844cf7,200,19.915022
2026-09-17T03:35:08.250576196Z,aggregation,full,a42d74844cf7,200,15.384521
2026-09-17T03:35:08.307298602Z,aggregation,full,a42d74844cf7,200,12.524198
2026-09-17T03:35:08.367113172Z,aggregation,full,a42d74844cf7,200,12.39786
2026-09-17T03:35:08.430464592Z,aggregation,full,a42d74844cf7,200,15.575615
2026-09-17T03:35:08.486364429Z,aggregation,full,a42d74844cf7,200,12.101712
2026-09-17T03:35:08.546034863Z,aggregation,full,a42d74844cf7,200,11.810454
2026-09-17T03:35:08.608955855Z,aggregation,full,a42d74844cf7,200,14.111553
2026-09-17T03:35:08.669123273Z,aggregation,full,a42d74844cf7,200,14.673807
2026-09-17T03:35:08.73126112Z,aggregation,full,a42d74844cf7,200,16.45025
2026-09-17T03:35:08.787541841Z,aggregation,full,a42d74844cf7,200,13.510866
2026-09-17T03:35:08.84785429Z,aggregation,full,a42d74844cf7,200,13.660688
2026-09-17T03:35:08.907735015Z,aggregation,full,a42d74844cf7,200,13.220699
2026-09-17T03:35:08.966393396Z,aggregation,full,a42d74844cf7,200,12.167372
2026-09-17T03:35:09.029923506Z,aggregation,full,a42d74844cf7,200,15.922794
2026-09-17T03:35:09.088926773Z,aggregation,full,a42d74844cf7,200,14.201149
2026-09-17T03:35:09.148479084Z,aggregation,full,a42d74844cf7,200,13.929773
2026-09-17T03:35:09.208825886Z,aggregation,full,a42d74844cf7,200,14.633654
2026-09-17T03:35:09.266663434Z,aggregation,full,a42d74844cf7,200,12.437583
2026-09-17T03:35:09.331844288Z,aggregation,full,a42d74844cf7,200,17.391636
2026-09-17T03:35:09.389681526Z,aggregation,full,a42d74844cf7,200,15.288623
2026-09-17T03:35:09.447574818Z,aggregation,full,a42d74844cf7,200,13.357814
2026-09-17T03:35:09.508029998Z,aggregation,full,a42d74844cf7,200,13.750719
2026-09-17T03:35:09.567147235Z,aggregation,full,a42d74844cf7,200,12.64997
2026-09-17T03:35:09.630451396Z,aggregation,full,a42d74844cf7,200,15.617934
2026-09-17T03:35:09.687689738Z,aggregation,full,a42d74844cf7,200,13.391306
2026-09-17T03:35:09.747949753Z,aggregation,full,a42d74844cf7,200,13.42872
2026-09-17T03:35:09.808127872Z,aggregation,full,a42d74844cf7,200,13.494734
2026-09-17T03:35:09.868391688Z,aggregation,full,a42d74844cf7,200,13.816329
2026-09-17T03:35:09.93029416Z,aggregation,full,a42d74844cf7,200,16.166331
2026-09-17T03:35:09.987791551Z,aggregation,full,a42d74844cf7,200,13.808909
2026-09-17T03:35:10.047496629Z,aggregation,full,a42d74844cf7,200,12.97583
2026-09-17T03:35:10.109018956Z,aggregation,full,a42d74844cf7,200,14.742131
2026-09-17T03:35:10.171001134Z,aggregation,full,a42d74844cf7,200,16.519568
2026-09-17T03:35:10.241699923Z,aggregation,full,a42d74844cf7,200,26.996984
2026-09-17T03:35:10.287263796Z,aggregation,full,a42d74844cf7,200,12.866566
2026-09-17T03:35:10.346902503Z,aggregation,full,a42d74844cf7,200,12.852165
2026-09-17T03:35:10.407971941Z,aggregation,full,a42d74844cf7,200,13.424289
2026-09-17T03:35:10.467137762Z,aggregation,full,a42d74844cf7,200,12.416601
2026-09-17T03:35:10.530312882Z,aggregation,full,a42d74844cf7,200,16.359055
2026-09-17T03:35:10.586978699Z,aggregation,full,a42d74844cf7,200,13.059481
2026-09-17T03:35:10.648782893Z,aggregation,full,a42d74844cf7,200,14.068969
2026-09-17T03:35:10.709567069Z,aggregation,full,a42d74844cf7,200,15.211831
2026-09-17T03:35:10.768297846Z,aggregation,full,a42d74844cf7,200,13.834521
2026-09-17T03:35:10.829207951Z,aggregation,full,a42d74844cf7,200,15.395091
2026-09-17T03:35:10.888839707Z,aggregation,full,a42d74844cf7,200,14.053778
2026-09-17T03:35:10.948703412Z,aggregation,full,a42d74844cf7,200,14.142905
2026-09-17T03:35:11.00770896Z,aggregation,full,a42d74844cf7,200,13.439076
2026-09-17T03:35:11.068107116Z,aggregation,full,a42d74844cf7,200,13.616269
2026-09-17T03:35:11.131149146Z,aggregation,full,a42d74844cf7,200,16.365137
2026-09-17T03:35:11.191168272Z,aggregation,full,a42d74844cf7,200,16.322068
2026-09-17T03:35:11.248621905Z,aggregation,full,a42d74844cf7,200,14.606639
2026-09-17T03:35:11.309912002Z,aggregation,full,a42d74844cf7,200,15.586653
2026-09-17T03:35:11.367370146Z,aggregation,full,a42d74844cf7,200,12.951395
2026-09-17T03:35:11.435632684Z,aggregation,full,a42d74844cf7,200,21.513832
2026-09-17T03:35:11.487058015Z,aggregation,full,a42d74844cf7,200,12.685698
2026-09-17T03:35:11.548038017Z,aggregation,full,a42d74844cf7,200,13.928182
2026-09-17T03:35:11.607910972Z,aggregation,full,a42d74844cf7,200,13.181438
2026-09-17T03:35:11.668236728Z,aggregation,full,a42d74844cf7,200,13.705505
2026-09-17T03:35:11.730488611Z,aggregation,full,a42d74844cf7,200,16.584586
2026-09-17T03:35:11.790846762Z,aggregation,full,a42d74844cf7,200,16.527887
2026-09-17T03:35:11.849084942Z,aggregation,full,a42d74844cf7,200,14.490039
2026-09-17T03:35:11.910694179Z,aggregation,full,a42d74844cf7,200,15.892318
2026-09-17T03:35:11.969584269Z,aggregation,full,a42d74844cf7,200,15.094407
2026-09-17T03:35:12.032549919Z,aggregation,full,a42d74844cf7,200,18.248414
2026-09-17T03:35:12.09121844Z,aggregation,full,a42d74844cf7,200,16.744918
2026-09-17T03:35:12.150515887Z,aggregation,full,a42d74844cf7,200,16.561934
2026-09-17T03:35:12.208507146Z,aggregation,full,a42d74844cf7,200,14.276018
2026-09-17T03:35:12.268098968Z,aggregation,full,a42d74844cf7,200,13.969417
2026-09-17T03:35:12.331696432Z,aggregation,full,a42d74844cf7,200,16.863253
2026-09-17T03:35:12.387359711Z,aggregation,full,a42d74844cf7,200,12.957991
2026-09-17T03:35:12.446261492Z,aggregation,full,a42d74844cf7,200,12.075713
2026-09-17T03:35:12.508581476Z,aggregation,full,a42d74844cf7,200,13.79278
2026-09-17T03:35:12.565459119Z,aggregation,full,a42d74844cf7,200,11.558113
2026-09-17T03:35:12.630042268Z,aggregation,full,a42d74844cf7,200,15.723824
2026-09-17T03:35:12.687663539Z,aggregation,full,a42d74844cf7,200,12.95158
2026-09-17T03:35:12.747037451Z,aggregation,full,a42d74844cf7,200,12.479799
2026-09-17T03:35:12.808076867Z,aggregation,full,a42d74844cf7,200,12.819056
2026-09-17T03:35:12.870322798Z,aggregation,full,a42d74844cf7,200,15.839183
2026-09-17T03:35:12.930668911Z,aggregation,full,a42d74844cf7,200,16.69819
2026-09-17T03:35:12.988672761Z,aggregation,full,a42d74844cf7,200,14.254562
2026-09-17T03:35:13.047359804Z,aggregation,full,a42d74844cf7,200,12.751313
2026-09-17T03:35:13.107462767Z,aggregation,full,a42d74844cf7,200,13.633724
2026-09-17T03:35:13.168234111Z,aggregation,full,a42d74844cf7,200,14.2874
2026-09-17T03:35:13.229104369Z,aggregation,full,a42d74844cf7,200,14.23951
2026-09-17T03:35:13.287164859Z,aggregation,full,a42d74844cf7,200,12.749655
2026-09-17T03:35:13.345676758Z,aggregation,full,a42d74844cf7,200,11.775408
2026-09-17T03:35:13.406616236Z,aggregation,full,a42d74844cf7,200,12.486205
2026-09-17T03:35:13.471215966Z,aggregation,full,a42d74844cf7,200,17.034386
2026-09-17T03:35:13.530881105Z,aggregation,full,a42d74844cf7,200,16.891034
2026-09-17T03:35:13.588853393Z,aggregation,full,a42d74844cf7,200,14.206247
2026-09-17T03:35:13.648089369Z,aggregation,full,a42d74844cf7,200,13.511464
2026-09-17T03:35:13.716534422Z,aggregation,full,a42d74844cf7,200,22.730441
2026-09-17T03:35:13.766176056Z,aggregation,full,a42d74844cf7,200,12.322998
2026-09-17T03:35:13.831251887Z,aggregation,full,a42d74844cf7,200,17.461617
2026-09-17T03:35:13.887169328Z,aggregation,full,a42d74844cf7,200,13.024306
2026-09-17T03:35:13.946925873Z,aggregation,full,a42d74844cf7,200,13.061159
2026-09-17T03:35:14.00881737Z,aggregation,full,a42d74844cf7,200,14.133817
2026-09-17T03:35:14.0668862Z,aggregation,full,a42d74844cf7,200,12.42571
2026-09-17T03:35:14.12987403Z,aggregation,full,a42d74844cf7,200,15.108991
2026-09-17T03:35:14.18740431Z,aggregation,full,a42d74844cf7,200,12.904377
2026-09-17T03:35:14.247122012Z,aggregation,full,a42d74844cf7,200,12.975683
2026-09-17T03:35:14.310307474Z,aggregation,full,a42d74844cf7,200,16.489144
2026-09-17T03:35:14.376174772Z,aggregation,full,a42d74844cf7,200,22.178604
2026-09-17T03:35:14.431711066Z,aggregation,full,a42d74844cf7,200,17.909477
2026-09-17T03:35:14.490541256Z,aggregation,full,a42d74844cf7,200,15.881897
2026-09-17T03:35:14.547904937Z,aggregation,full,a42d74844cf7,200,13.682118
2026-09-17T03:35:14.609889956Z,aggregation,full,a42d74844cf7,200,15.451403
2026-09-17T03:35:14.669611449Z,aggregation,full,a42d74844cf7,200,14.066567
2026-09-17T03:35:14.734392507Z,aggregation,full,a42d74844cf7,200,19.565247
2026-09-17T03:35:14.789720237Z,aggregation,full,a42d74844cf7,200,15.770979
2026-09-17T03:35:14.849068891Z,aggregation,full,a42d74844cf7,200,14.710927
2026-09-17T03:35:14.914294739Z,aggregation,full,a42d74844cf7,200,20.371712
2026-09-17T03:35:14.968115922Z,aggregation,full,a42d74844cf7,200,14.281368
2026-09-17T03:35:15.037198088Z,aggregation,full,a42d74844cf7,200,22.487932
2026-09-17T03:35:15.087514271Z,aggregation,full,a42d74844cf7,200,13.487012
2026-09-17T03:35:15.147689844Z,aggregation,full,a42d74844cf7,200,13.439294
2026-09-17T03:35:15.206559125Z,aggregation,full,a42d74844cf7,200,12.154688
2026-09-17T03:35:15.267906836Z,aggregation,full,a42d74844cf7,200,13.783095
2026-09-17T03:35:15.331753512Z,aggregation,full,a42d74844cf7,200,17.239347
2026-09-17T03:35:15.389597936Z,aggregation,full,a42d74844cf7,200,15.222846
2026-09-17T03:35:15.448582172Z,aggregation,full,a42d74844cf7,200,14.348768
2026-09-17T03:35:15.511429326Z,aggregation,full,a42d74844cf7,200,17.113172
2026-09-17T03:35:15.568963692Z,aggregation,full,a42d74844cf7,200,15.071005
2026-09-17T03:35:15.63044613Z,aggregation,full,a42d74844cf7,200,15.636103
2026-09-17T03:35:15.688405257Z,aggregation,full,a42d74844cf7,200,14.232318
2026-09-17T03:35:15.748196626Z,aggregation,full,a42d74844cf7,200,13.988006
2026-09-17T03:35:15.808652536Z,aggregation,full,a42d74844cf7,200,13.944638
2026-09-17T03:35:15.867100192Z,aggregation,full,a42d74844cf7,200,13.032767
2026-09-17T03:35:15.929381598Z,aggregation,full,a42d74844cf7,200,15.434798
2026-09-17T03:35:15.988011481Z,aggregation,full,a42d74844cf7,200,13.941595
2026-09-17T03:35:16.049315088Z,aggregation,full,a42d74844cf7,200,14.612639
2026-09-17T03:35:16.107309403Z,aggregation,full,a42d74844cf7,200,13.317065
2026-09-17T03:35:16.166598724Z,aggregation,full,a42d74844cf7,200,11.876353
2026-09-17T03:35:16.229632887Z,aggregation,full,a42d74844cf7,200,15.344556
2026-09-17T03:35:16.287922128Z,aggregation,full,a42d74844cf7,200,13.703608
2026-09-17T03:35:16.347623787Z,aggregation,full,a42d74844cf7,200,12.766592
2026-09-17T03:35:16.406854276Z,aggregation,full,a42d74844cf7,200,12.515987
2026-09-17T03:35:16.468510156Z,aggregation,full,a42d74844cf7,200,13.929072
2026-09-17T03:35:16.536998175Z,aggregation,full,a42d74844cf7,200,22.58606
2026-09-17T03:35:16.587216178Z,aggregation,full,a42d74844cf7,200,13.264114
2026-09-17T03:35:16.647319852Z,aggregation,full,a42d74844cf7,200,13.395735
2026-09-17T03:35:16.707522017Z,aggregation,full,a42d74844cf7,200,13.547237
2026-09-17T03:35:16.765847146Z,aggregation,full,a42d74844cf7,200,11.655728
2026-09-17T03:35:16.831553843Z,aggregation,full,a42d74844cf7,200,16.956515
2026-09-17T03:35:16.887384255Z,aggregation,full,a42d74844cf7,200,13.175308
2026-09-17T03:35:16.946308804Z,aggregation,full,a42d74844cf7,200,12.110221
2026-09-17T03:35:17.009975195Z,aggregation,full,a42d74844cf7,200,15.051433
2026-09-17T03:35:17.067202736Z,aggregation,full,a42d74844cf7,200,12.498163
2026-09-17T03:35:17.129625539Z,aggregation,full,a42d74844cf7,200,15.690727
2026-09-17T03:35:17.187499748Z,aggregation,full,a42d74844cf7,200,13.021857
2026-09-17T03:35:17.246912409Z,aggregation,full,a42d74844cf7,200,12.709902
2026-09-17T03:35:17.309121244Z,aggregation,full,a42d74844cf7,200,14.687465
2026-09-17T03:35:17.367325549Z,aggregation,full,a42d74844cf7,200,12.707172
2026-09-17T03:35:17.430679834Z,aggregation,full,a42d74844cf7,200,16.1671
2026-09-17T03:35:17.487804506Z,aggregation,full,a42d74844cf7,200,13.566829
2026-09-17T03:35:17.549101776Z,aggregation,full,a42d74844cf7,200,14.464571
2026-09-17T03:35:17.606480834Z,aggregation,full,a42d74844cf7,200,12.646467
2026-09-17T03:35:17.665411302Z,aggregation,full,a42d74844cf7,200,11.44483
2026-09-17T03:35:17.732790992Z,aggregation,full,a42d74844cf7,200,18.788842
2026-09-17T03:35:17.787459224Z,aggregation,full,a42d74844cf7,200,12.961031
2026-09-17T03:35:17.847539714Z,aggregation,full,a42d74844cf7,200,13.35042
2026-09-17T03:35:17.91012563Z,aggregation,full,a42d74844cf7,200,15.877826
2026-09-17T03:35:17.965783429Z,aggregation,full,a42d74844cf7,200,11.066055
2026-09-17T03:35:18.030024582Z,aggregation,full,a42d74844cf7,200,15.557162
2026-09-17T03:35:18.088800568Z,aggregation,full,a42d74844cf7,200,14.182211
2026-09-17T03:35:18.163939765Z,aggregation,full,a42d74844cf7,200,29.356257
2026-09-17T03:35:18.214430407Z,aggregation,full,a42d74844cf7,200,19.561171
2026-09-17T03:35:18.265257712Z,aggregation,full,a42d74844cf7,200,11.336716
2026-09-17T03:35:18.329475524Z,aggregation,full,a42d74844cf7,200,15.644333
2026-09-17T03:35:18.38716281Z,aggregation,full,a42d74844cf7,200,13.035533
2026-09-17T03:35:18.446528154Z,aggregation,full,a42d74844cf7,200,11.676692
2026-09-17T03:35:18.507122236Z,aggregation,full,a42d74844cf7,200,12.93742
2026-09-17T03:35:18.568529309Z,aggregation,full,a42d74844cf7,200,13.562428
2026-09-17T03:35:18.632163074Z,aggregation,full,a42d74844cf7,200,18.041076
2026-09-17T03:35:18.687300611Z,aggregation,full,a42d74844cf7,200,13.769418
2026-09-17T03:35:18.750247025Z,aggregation,full,a42d74844cf7,200,17.353901
2026-09-17T03:35:18.809182496Z,aggregation,full,a42d74844cf7,200,15.991056
2026-09-17T03:35:18.865478694Z,aggregation,full,a42d74844cf7,200,12.908161
2026-09-17T03:35:18.928007526Z,aggregation,full,a42d74844cf7,200,14.859717
2026-09-17T03:35:18.986785655Z,aggregation,full,a42d74844cf7,200,13.837333
2026-09-17T03:35:19.044897376Z,aggregation,full,a42d74844cf7,200,12.275908
2026-09-17T03:35:19.106080651Z,aggregation,full,a42d74844cf7,200,12.713322
2026-09-17T03:35:19.165473628Z,aggregation,full,a42d74844cf7,200,12.945934
2026-09-17T03:35:19.234109201Z,aggregation,full,a42d74844cf7,200,21.198818
2026-09-17T03:35:19.286439773Z,aggregation,full,a42d74844cf7,200,13.753862
2026-09-17T03:35:19.346111753Z,aggregation,full,a42d74844cf7,200,12.991687
2026-09-17T03:35:19.405445384Z,aggregation,full,a42d74844cf7,200,12.510402
2026-09-17T03:35:19.465624888Z,aggregation,full,a42d74844cf7,200,12.63023
2026-09-17T03:35:19.532889917Z,aggregation,full,a42d74844cf7,200,19.390802
2026-09-17T03:35:19.58826968Z,aggregation,full,a42d74844cf7,200,14.729893
2026-09-17T03:35:19.645506899Z,aggregation,full,a42d74844cf7,200,12.565246
2026-09-17T03:35:19.707421618Z,aggregation,full,a42d74844cf7,200,14.242358
2026-09-17T03:35:19.765556686Z,aggregation,full,a42d74844cf7,200,12.628515
2026-09-17T03:35:19.828408078Z,aggregation,full,a42d74844cf7,200,15.215858
2026-09-17T03:35:19.885125329Z,aggregation,full,a42d74844cf7,200,12.038158
2026-09-17T03:35:19.947394414Z,aggregation,full,a42d74844cf7,200,14.539589
2026-09-17T03:35:20.016357306Z,aggregation,full,a42d74844cf7,200,23.245142
2026-09-17T03:35:20.067875534Z,aggregation,full,a42d74844cf7,200,15.010427
2026-09-17T03:35:20.139189441Z,aggregation,full,a42d74844cf7,200,26.688823
2026-09-17T03:35:20.188776674Z,aggregation,full,a42d74844cf7,200,15.9267
2026-09-17T03:35:20.250211628Z,aggregation,full,a42d74844cf7,200,16.348091
2026-09-17T03:35:20.306831382Z,aggregation,full,a42d74844cf7,200,14.262288
2026-09-17T03:35:20.365987245Z,aggregation,full,a42d74844cf7,200,12.529738
2026-09-17T03:35:20.430193145Z,aggregation,full,a42d74844cf7,200,17.359709
2026-09-17T03:35:20.485688717Z,aggregation,full,a42d74844cf7,200,12.961098
2026-09-17T03:35:20.546463073Z,aggregation,full,a42d74844cf7,200,12.937963
2026-09-17T03:35:20.605829546Z,aggregation,full,a42d74844cf7,200,12.734822
2026-09-17T03:35:20.665564067Z,aggregation,full,a42d74844cf7,200,12.265148
2026-09-17T03:35:20.726839889Z,aggregation,full,a42d74844cf7,200,13.70831
2026-09-17T03:35:20.785998417Z,aggregation,full,a42d74844cf7,200,13.45407
2026-09-17T03:35:20.846078713Z,aggregation,full,a42d74844cf7,200,13.483028
2026-09-17T03:35:20.922208513Z,aggregation,full,a42d74844cf7,200,28.572872
2026-09-17T03:35:20.974603062Z,aggregation,full,a42d74844cf7,200,21.736427
2026-09-17T03:35:21.028372094Z,aggregation,full,a42d74844cf7,200,15.054402
2026-09-17T03:35:21.08606598Z,aggregation,full,a42d74844cf7,200,13.189149
2026-09-17T03:35:21.146781802Z,aggregation,full,a42d74844cf7,200,13.997595
2026-09-17T03:35:21.206363631Z,aggregation,full,a42d74844cf7,200,12.990776
2026-09-17T03:35:21.265067056Z,aggregation,full,a42d74844cf7,200,12.193899
2026-09-17T03:35:21.328810548Z,aggregation,full,a42d74844cf7,200,16.07793
2026-09-17T03:35:21.386579566Z,aggregation,full,a42d74844cf7,200,13.838059
2026-09-17T03:35:21.447400545Z,aggregation,full,a42d74844cf7,200,14.004404
2026-09-17T03:35:21.509326334Z,aggregation,full,a42d74844cf7,200,16.131125
2026-09-17T03:35:21.566427373Z,aggregation,full,a42d74844cf7,200,13.626251
2026-09-17T03:35:21.63037894Z,aggregation,full,a42d74844cf7,200,17.044715
2026-09-17T03:35:21.686770167Z,aggregation,full,a42d74844cf7,200,13.743867
2026-09-17T03:35:21.746640487Z,aggregation,full,a42d74844cf7,200,13.145778
2026-09-17T03:35:21.806068626Z,aggregation,full,a42d74844cf7,200,12.521983
2026-09-17T03:35:21.866128609Z,aggregation,full,a42d74844cf7,200,13.488932
2026-09-17T03:35:21.928660998Z,aggregation,full,a42d74844cf7,200,15.816072
2026-09-17T03:35:21.986549484Z,aggregation,full,a42d74844cf7,200,13.570666
2026-09-17T03:35:22.047702823Z,aggregation,full,a42d74844cf7,200,14.385858
2026-09-17T03:35:22.107441993Z,aggregation,full,a42d74844cf7,200,14.080416
2026-09-17T03:35:22.166685769Z,aggregation,full,a42d74844cf7,200,13.660015
2026-09-17T03:35:22.230066645Z,aggregation,full,a42d74844cf7,200,16.733368
2026-09-17T03:35:22.287818021Z,aggregation,full,a42d74844cf7,200,15.027195
2026-09-17T03:35:22.356690816Z,aggregation,full,a42d74844cf7,200,23.298266
2026-09-17T03:35:22.409864649Z,aggregation,full,a42d74844cf7,200,16.719308
2026-09-17T03:35:22.468832664Z,aggregation,full,a42d74844cf7,200,16.242593
2026-09-17T03:35:22.534855441Z,aggregation,full,a42d74844cf7,200,22.170754
2026-09-17T03:35:22.590218334Z,aggregation,full,a42d74844cf7,200,16.800094
2026-09-17T03:35:22.647580091Z,aggregation,full,a42d74844cf7,200,14.698591
2026-09-17T03:35:22.707725896Z,aggregation,full,a42d74844cf7,200,14.275635
2026-09-17T03:35:22.768057545Z,aggregation,full,a42d74844cf7,200,14.798408
2026-09-17T03:35:22.834534811Z,aggregation,full,a42d74844cf7,200,21.484119
2026-09-17T03:35:22.892908877Z,aggregation,full,a42d74844cf7,200,19.812573
2026-09-17T03:35:22.946403084Z,aggregation,full,a42d74844cf7,200,12.90603
2026-09-17T03:35:23.008520237Z,aggregation,full,a42d74844cf7,200,15.438564
2026-09-17T03:35:23.069089899Z,aggregation,full,a42d74844cf7,200,16.018147
2026-09-17T03:35:23.128629869Z,aggregation,full,a42d74844cf7,200,15.994795
2026-09-17T03:35:23.186662441Z,aggregation,full,a42d74844cf7,200,13.462431
2026-09-17T03:35:23.247084021Z,aggregation,full,a42d74844cf7,200,13.796406
2026-09-17T03:35:23.305639756Z,aggregation,full,a42d74844cf7,200,12.991606
2026-09-17T03:35:23.369610684Z,aggregation,full,a42d74844cf7,200,16.543295
2026-09-17T03:35:23.429117748Z,aggregation,full,a42d74844cf7,200,15.980134
2026-09-17T03:35:23.486925758Z,aggregation,full,a42d74844cf7,200,13.942864
2026-09-17T03:35:23.545837649Z,aggregation,full,a42d74844cf7,200,13.133587
2026-09-17T03:35:23.60614169Z,aggregation,full,a42d74844cf7,200,12.650422
2026-09-17T03:35:23.666726482Z,aggregation,full,a42d74844cf7,200,14.180499
2026-09-17T03:35:23.72916528Z,aggregation,full,a42d74844cf7,200,15.847215
2026-09-17T03:35:23.786183807Z,aggregation,full,a42d74844cf7,200,13.252461
2026-09-17T03:35:23.850430661Z,aggregation,full,a42d74844cf7,200,17.671907
2026-09-17T03:35:23.906334942Z,aggregation,full,a42d74844cf7,200,13.361734
2026-09-17T03:35:23.966719Z,aggregation,full,a42d74844cf7,200,14.107683
2026-09-17T03:35:24.029187949Z,aggregation,full,a42d74844cf7,200,15.78213
2026-09-17T03:35:24.087244277Z,aggregation,full,a42d74844cf7,200,14.430521
2026-09-17T03:35:24.146008487Z,aggregation,full,a42d74844cf7,200,13.089093
2026-09-17T03:35:24.205148244Z,aggregation,full,a42d74844cf7,200,12.388903
2026-09-17T03:35:24.265389421Z,aggregation,full,a42d74844cf7,200,12.916889
2026-09-17T03:35:24.327049521Z,aggregation,full,a42d74844cf7,200,14.004765
2026-09-17T03:35:24.386777256Z,aggregation,full,a42d74844cf7,200,13.952992
2026-09-17T03:35:24.447240774Z,aggregation,full,a42d74844cf7,200,13.769143
2026-09-17T03:35:24.506625419Z,aggregation,full,a42d74844cf7,200,13.742652
2026-09-17T03:35:24.569378209Z,aggregation,full,a42d74844cf7,200,16.138285
2026-09-17T03:35:24.629250339Z,aggregation,full,a42d74844cf7,200,16.151487
2026-09-17T03:35:24.685335394Z,aggregation,full,a42d74844cf7,200,12.413885
2026-09-17T03:35:24.747236057Z,aggregation,full,a42d74844cf7,200,14.336069
2026-09-17T03:35:24.805788396Z,aggregation,full,a42d74844cf7,200,13.050331
2026-09-17T03:35:24.865633855Z,aggregation,full,a42d74844cf7,200,12.307577
2026-09-17T03:35:24.930146652Z,aggregation,full,a42d74844cf7,200,16.903765
2026-09-17T03:35:24.985785795Z,aggregation,full,a42d74844cf7,200,12.826162
2026-09-17T03:35:25.047733996Z,aggregation,full,a42d74844cf7,200,15.097064
2026-09-17T03:35:25.108387824Z,aggregation,full,a42d74844cf7,200,14.988892
2026-09-17T03:35:25.164536204Z,aggregation,full,a42d74844cf7,200,11.782353
2026-09-17T03:35:25.230065514Z,aggregation,full,a42d74844cf7,200,16.995057
2026-09-17T03:35:25.285931713Z,aggregation,full,a42d74844cf7,200,13.143916
2026-09-17T03:35:25.345531114Z,aggregation,full,a42d74844cf7,200,12.829295
2026-09-17T03:35:25.407264469Z,aggregation,full,a42d74844cf7,200,14.110377
2026-09-17T03:35:25.465508911Z,aggregation,full,a42d74844cf7,200,12.685563
2026-09-17T03:35:25.52976062Z,aggregation,full,a42d74844cf7,200,16.366973
2026-09-17T03:35:25.586725509Z,aggregation,full,a42d74844cf7,200,13.468731
2026-09-17T03:35:25.647101164Z,aggregation,full,a42d74844cf7,200,13.846958
2026-09-17T03:35:25.708395584Z,aggregation,full,a42d74844cf7,200,15.641
2026-09-17T03:35:25.765249588Z,aggregation,full,a42d74844cf7,200,12.373041
2026-09-17T03:35:25.827720018Z,aggregation,full,a42d74844cf7,200,14.905536
2026-09-17T03:35:25.886206517Z,aggregation,full,a42d74844cf7,200,13.506643
2026-09-17T03:35:25.94584339Z,aggregation,full,a42d74844cf7,200,12.966654
2026-09-17T03:35:26.006698593Z,aggregation,full,a42d74844cf7,200,13.009811
2026-09-17T03:35:26.068197962Z,aggregation,full,a42d74844cf7,200,14.767115
2026-09-17T03:35:26.127932712Z,aggregation,full,a42d74844cf7,200,14.96159
2026-09-17T03:35:26.187054962Z,aggregation,full,a42d74844cf7,200,14.398974
2026-09-17T03:35:26.245885561Z,aggregation,full,a42d74844cf7,200,12.951813
2026-09-17T03:35:26.308651993Z,aggregation,full,a42d74844cf7,200,15.153934
2026-09-17T03:35:26.367895987Z,aggregation,full,a42d74844cf7,200,14.502537
2026-09-17T03:35:26.430262019Z,aggregation,full,a42d74844cf7,200,16.733799
2026-09-17T03:35:26.486175151Z,aggregation,full,a42d74844cf7,200,13.180189
2026-09-17T03:35:26.545879068Z,aggregation,full,a42d74844cf7,200,12.801697
2026-09-17T03:35:26.606421294Z,aggregation,full,a42d74844cf7,200,12.855882
2026-09-17T03:35:26.665630551Z,aggregation,full,a42d74844cf7,200,12.532732
2026-09-17T03:35:26.73048581Z,aggregation,full,a42d74844cf7,200,16.903952
2026-09-17T03:35:26.786230559Z,aggregation,full,a42d74844cf7,200,13.188835
2026-09-17T03:35:26.84659892Z,aggregation,full,a42d74844cf7,200,13.669104
2026-09-17T03:35:26.909385153Z,aggregation,full,a42d74844cf7,200,16.124998
2026-09-17T03:35:26.96610055Z,aggregation,full,a42d74844cf7,200,13.072197
2026-09-17T03:35:27.028780096Z,aggregation,full,a42d74844cf7,200,16.118988
2026-09-17T03:35:27.086377466Z,aggregation,full,a42d74844cf7,200,13.565927
2026-09-17T03:35:27.14821353Z,aggregation,full,a42d74844cf7,200,14.994081
2026-09-17T03:35:27.20669898Z,aggregation,full,a42d74844cf7,200,13.812366
2026-09-17T03:35:27.266346342Z,aggregation,full,a42d74844cf7,200,13.111954
2026-09-17T03:35:27.330628891Z,aggregation,full,a42d74844cf7,200,17.673573
2026-09-17T03:35:27.386308467Z,aggregation,full,a42d74844cf7,200,13.03845
2026-09-17T03:35:27.446954277Z,aggregation,full,a42d74844cf7,200,14.138884
2026-09-17T03:35:27.506610482Z,aggregation,full,a42d74844cf7,200,13.975484
2026-09-17T03:35:27.566983951Z,aggregation,full,a42d74844cf7,200,13.916676
2026-09-17T03:35:27.630142264Z,aggregation,full,a42d74844cf7,200,17.377081
2026-09-17T03:35:27.686256255Z,aggregation,full,a42d74844cf7,200,13.285618
2026-09-17T03:35:27.749936067Z,aggregation,full,a42d74844cf7,200,16.886978
2026-09-17T03:35:27.805972672Z,aggregation,full,a42d74844cf7,200,13.411853
2026-09-17T03:35:27.864057654Z,aggregation,full,a42d74844cf7,200,11.458948
2026-09-17T03:35:27.927308792Z,aggregation,full,a42d74844cf7,200,14.481709
2026-09-17T03:35:27.986787681Z,aggregation,full,a42d74844cf7,200,13.764846
2026-09-17T03:35:28.0457437Z,aggregation,full,a42d74844cf7,200,13.060664
2026-09-17T03:35:28.109269936Z,aggregation,full,a42d74844cf7,200,15.619784
2026-09-17T03:35:28.173067397Z,aggregation,full,a42d74844cf7,200,20.533851
2026-09-17T03:35:28.235744166Z,aggregation,full,a42d74844cf7,200,22.911087
2026-09-17T03:35:28.28692986Z,aggregation,full,a42d74844cf7,200,13.549049
2026-09-17T03:35:28.345747999Z,aggregation,full,a42d74844cf7,200,13.18134
2026-09-17T03:35:28.405989055Z,aggregation,full,a42d74844cf7,200,12.555602
2026-09-17T03:35:28.466059374Z,aggregation,full,a42d74844cf7,200,12.71406
2026-09-17T03:35:28.529223205Z,aggregation,full,a42d74844cf7,200,16.132922
2026-09-17T03:35:28.586308991Z,aggregation,full,a42d74844cf7,200,13.477948
2026-09-17T03:35:28.646829055Z,aggregation,full,a42d74844cf7,200,13.858273
2026-09-17T03:35:28.708616992Z,aggregation,full,a42d74844cf7,200,15.118034
2026-09-17T03:35:28.765650393Z,aggregation,full,a42d74844cf7,200,12.485117
2026-09-17T03:35:28.837269063Z,aggregation,full,a42d74844cf7,200,23.970857
2026-09-17T03:35:28.894993518Z,aggregation,full,a42d74844cf7,200,21.440989
2026-09-17T03:35:28.947139606Z,aggregation,full,a42d74844cf7,200,13.878925
2026-09-17T03:35:29.006129658Z,aggregation,full,a42d74844cf7,200,13.372011
2026-09-17T03:35:29.067411806Z,aggregation,full,a42d74844cf7,200,14.824597
2026-09-17T03:35:29.129873141Z,aggregation,full,a42d74844cf7,200,16.714057
2026-09-17T03:35:29.186475535Z,aggregation,full,a42d74844cf7,200,13.995359
2026-09-17T03:35:29.248788921Z,aggregation,full,a42d74844cf7,200,15.763434
2026-09-17T03:35:29.306416049Z,aggregation,full,a42d74844cf7,200,13.101014
2026-09-17T03:35:29.366443541Z,aggregation,full,a42d74844cf7,200,13.467163
2026-09-17T03:35:29.431723358Z,aggregation,full,a42d74844cf7,200,18.559547
2026-09-17T03:35:29.486671026Z,aggregation,full,a42d74844cf7,200,13.155473
2026-09-17T03:35:29.547606848Z,aggregation,full,a42d74844cf7,200,13.997754
2026-09-17T03:35:29.609647663Z,aggregation,full,a42d74844cf7,200,16.468693
2026-09-17T03:35:29.668024469Z,aggregation,full,a42d74844cf7,200,14.842628
2026-09-17T03:35:29.727815003Z,aggregation,full,a42d74844cf7,200,15.124005
2026-09-17T03:35:29.799119568Z,aggregation,full,a42d74844cf7,200,26.411654
2026-09-17T03:35:29.849041395Z,aggregation,full,a42d74844cf7,200,16.315911
2026-09-17T03:35:29.908373203Z,aggregation,full,a42d74844cf7,200,15.706584
2026-09-17T03:35:29.965825247Z,aggregation,full,a42d74844cf7,200,13.043555
2026-09-17T03:35:30.029229146Z,aggregation,full,a42d74844cf7,200,15.809372
2026-09-17T03:35:30.086721544Z,aggregation,full,a42d74844cf7,200,13.732213
2026-09-17T03:35:30.150714964Z,aggregation,full,a42d74844cf7,200,17.183592
2026-09-17T03:35:30.20708971Z,aggregation,full,a42d74844cf7,200,13.843827
2026-09-17T03:35:30.268722475Z,aggregation,full,a42d74844cf7,200,16.135728
2026-09-17T03:35:30.331332114Z,aggregation,full,a42d74844cf7,200,17.571392
2026-09-17T03:35:30.389809332Z,aggregation,full,a42d74844cf7,200,16.535823
2026-09-17T03:35:30.448642608Z,aggregation,full,a42d74844cf7,200,14.960027
2026-09-17T03:35:30.510400977Z,aggregation,full,a42d74844cf7,200,17.575683
2026-09-17T03:35:30.567929501Z,aggregation,full,a42d74844cf7,200,14.830766
2026-09-17T03:35:30.630079005Z,aggregation,full,a42d74844cf7,200,17.428685
2026-09-17T03:35:30.686137624Z,aggregation,full,a42d74844cf7,200,13.330502
2026-09-17T03:35:30.749405483Z,aggregation,full,a42d74844cf7,200,16.656126
2026-09-17T03:35:30.807974365Z,aggregation,full,a42d74844cf7,200,14.823495
2026-09-17T03:35:30.868320531Z,aggregation,full,a42d74844cf7,200,14.760881
2026-09-17T03:35:30.930992286Z,aggregation,full,a42d74844cf7,200,17.963066
2026-09-17T03:35:30.991424559Z,aggregation,full,a42d74844cf7,200,18.584894
2026-09-17T03:35:31.048571048Z,aggregation,full,a42d74844cf7,200,15.398018
2026-09-17T03:35:31.107570641Z,aggregation,full,a42d74844cf7,200,14.068608
2026-09-17T03:35:31.16638184Z,aggregation,full,a42d74844cf7,200,13.316301
2026-09-17T03:35:31.227527327Z,aggregation,full,a42d74844cf7,200,14.55502
2026-09-17T03:35:31.287431959Z,aggregation,full,a42d74844cf7,200,14.049752
2026-09-17T03:35:31.346434118Z,aggregation,full,a42d74844cf7,200,13.013887
2026-09-17T03:35:31.405710667Z,aggregation,full,a42d74844cf7,200,12.567444
2026-09-17T03:35:31.466355645Z,aggregation,full,a42d74844cf7,200,13.171639
2026-09-17T03:35:31.530756422Z,aggregation,full,a42d74844cf7,200,17.529393
2026-09-17T03:35:31.587403475Z,aggregation,full,a42d74844cf7,200,13.95643
2026-09-17T03:35:31.646984473Z,aggregation,full,a42d74844cf7,200,13.926599
2026-09-17T03:35:31.707839913Z,aggregation,full,a42d74844cf7,200,15.323908
2026-09-17T03:35:31.764897623Z,aggregation,full,a42d74844cf7,200,11.396223
2026-09-17T03:35:31.831783398Z,aggregation,full,a42d74844cf7,200,19.030024
2026-09-17T03:35:31.893003502Z,aggregation,full,a42d74844cf7,200,19.542089
2026-09-17T03:35:31.94560902Z,aggregation,full,a42d74844cf7,200,12.807752
2026-09-17T03:35:32.006618381Z,aggregation,full,a42d74844cf7,200,13.439281
2026-09-17T03:35:32.065276936Z,aggregation,full,a42d74844cf7,200,12.057498
2026-09-17T03:35:32.128156022Z,aggregation,full,a42d74844cf7,200,15.219313
2026-09-17T03:35:32.187121717Z,aggregation,full,a42d74844cf7,200,14.290625
2026-09-17T03:35:32.245658453Z,aggregation,full,a42d74844cf7,200,12.853905
2026-09-17T03:35:32.305402913Z,aggregation,full,a42d74844cf7,200,12.201676
2026-09-17T03:35:32.365745349Z,aggregation,full,a42d74844cf7,200,12.820893
2026-09-17T03:35:32.430652564Z,aggregation,full,a42d74844cf7,200,17.077115
2026-09-17T03:35:32.486188179Z,aggregation,full,a42d74844cf7,200,12.908879
2026-09-17T03:35:32.545078354Z,aggregation,full,a42d74844cf7,200,11.784403
2026-09-17T03:35:32.604536312Z,aggregation,full,a42d74844cf7,200,11.882261
2026-09-17T03:35:32.665262047Z,aggregation,full,a42d74844cf7,200,12.286012
2026-09-17T03:35:32.727936672Z,aggregation,full,a42d74844cf7,200,14.907883
2026-09-17T03:35:32.786094571Z,aggregation,full,a42d74844cf7,200,13.479179
2026-09-17T03:35:32.847160881Z,aggregation,full,a42d74844cf7,200,14.261194
2026-09-17T03:35:32.906130841Z,aggregation,full,a42d74844cf7,200,13.266397
2026-09-17T03:35:32.964868064Z,aggregation,full,a42d74844cf7,200,12.282792
2026-09-17T03:35:33.028232681Z,aggregation,full,a42d74844cf7,200,14.487925
2026-09-17T03:35:33.085934103Z,aggregation,full,a42d74844cf7,200,12.872177
2026-09-17T03:35:33.146347775Z,aggregation,full,a42d74844cf7,200,13.833971
2026-09-17T03:35:33.205096073Z,aggregation,full,a42d74844cf7,200,12.045488
2026-09-17T03:35:33.265071346Z,aggregation,full,a42d74844cf7,200,12.322345
2026-09-17T03:35:33.327216261Z,aggregation,full,a42d74844cf7,200,14.326679
2026-09-17T03:35:33.385934992Z,aggregation,full,a42d74844cf7,200,13.010893
2026-09-17T03:35:33.447501382Z,aggregation,full,a42d74844cf7,200,13.940189
2026-09-17T03:35:33.506810319Z,aggregation,full,a42d74844cf7,200,13.633741
2026-09-17T03:35:33.56612604Z,aggregation,full,a42d74844cf7,200,12.890163
2026-09-17T03:35:33.628997356Z,aggregation,full,a42d74844cf7,200,16.211573
2026-09-17T03:35:33.684552014Z,aggregation,full,a42d74844cf7,200,11.886351
2026-09-17T03:35:33.747370399Z,aggregation,full,a42d74844cf7,200,14.208079
2026-09-17T03:35:33.806026675Z,aggregation,full,a42d74844cf7,200,13.197787
2026-09-17T03:35:33.865131036Z,aggregation,full,a42d74844cf7,200,12.613422
2026-09-17T03:35:33.933843133Z,aggregation,full,a42d74844cf7,200,21.14137
2026-09-17T03:35:33.994049867Z,aggregation,full,a42d74844cf7,200,21.224057
2026-09-17T03:35:34.045141965Z,aggregation,full,a42d74844cf7,200,12.564423
2026-09-17T03:35:34.106675867Z,aggregation,full,a42d74844cf7,200,13.784942
2026-09-17T03:35:34.16469605Z,aggregation,full,a42d74844cf7,200,11.61232
2026-09-17T03:35:34.228584268Z,aggregation,full,a42d74844cf7,200,15.187965
2026-09-17T03:35:34.287003526Z,aggregation,full,a42d74844cf7,200,13.793437
2026-09-17T03:35:34.346756316Z,aggregation,full,a42d74844cf7,200,14.194877
2026-09-17T03:35:34.408143053Z,aggregation,full,a42d74844cf7,200,14.781036
2026-09-17T03:35:34.464855598Z,aggregation,full,a42d74844cf7,200,12.147607
2026-09-17T03:35:34.527429614Z,aggregation,full,a42d74844cf7,200,14.5497
2026-09-17T03:35:34.587609172Z,aggregation,full,a42d74844cf7,200,14.49056
2026-09-17T03:35:34.64838164Z,aggregation,full,a42d74844cf7,200,15.12076
2026-09-17T03:35:34.707713509Z,aggregation,full,a42d74844cf7,200,14.780362
2026-09-17T03:35:34.766767917Z,aggregation,full,a42d74844cf7,200,13.498319
2026-09-17T03:35:34.829699091Z,aggregation,full,a42d74844cf7,200,16.121375
2026-09-17T03:35:34.887278245Z,aggregation,full,a42d74844cf7,200,13.631154
2026-09-17T03:35:34.946247436Z,aggregation,full,a42d74844cf7,200,13.321031
2026-09-17T03:35:35.005622368Z,aggregation,full,a42d74844cf7,200,12.707914
2026-09-17T03:35:35.065301344Z,aggregation,full,a42d74844cf7,200,12.107778
2026-09-17T03:35:35.132961631Z,aggregation,full,a42d74844cf7,200,19.971964
2026-09-17T03:35:35.184808546Z,aggregation,full,a42d74844cf7,200,12.279631
2026-09-17T03:35:35.252816629Z,aggregation,full,a42d74844cf7,200,17.09133
2026-09-17T03:35:35.305871347Z,aggregation,full,a42d74844cf7,200,12.463706
2026-09-17T03:35:35.365327321Z,aggregation,full,a42d74844cf7,200,12.428902
2026-09-17T03:35:35.429590405Z,aggregation,full,a42d74844cf7,200,16.661629
2026-09-17T03:35:35.487259261Z,aggregation,full,a42d74844cf7,200,13.822152
2026-09-17T03:35:35.547324647Z,aggregation,full,a42d74844cf7,200,13.993513
2026-09-17T03:35:35.606709419Z,aggregation,full,a42d74844cf7,200,13.582307
2026-09-17T03:35:35.666981467Z,aggregation,full,a42d74844cf7,200,13.526483
2026-09-17T03:35:35.729684886Z,aggregation,full,a42d74844cf7,200,16.106499
2026-09-17T03:35:35.786509419Z,aggregation,full,a42d74844cf7,200,13.060494
2026-09-17T03:35:35.846300344Z,aggregation,full,a42d74844cf7,200,13.161151
2026-09-17T03:35:35.906646787Z,aggregation,full,a42d74844cf7,200,13.708452
2026-09-17T03:35:35.967437855Z,aggregation,full,a42d74844cf7,200,14.082739
2026-09-17T03:35:36.029990564Z,aggregation,full,a42d74844cf7,200,16.818492
2026-09-17T03:35:36.088093928Z,aggregation,full,a42d74844cf7,200,14.439912
2026-09-17T03:35:36.148136665Z,aggregation,full,a42d74844cf7,200,15.342023
2026-09-17T03:35:36.206893711Z,aggregation,full,a42d74844cf7,200,13.979175
2026-09-17T03:35:36.265931645Z,aggregation,full,a42d74844cf7,200,12.541472
2026-09-17T03:35:36.331672442Z,aggregation,full,a42d74844cf7,200,19.062907
2026-09-17T03:35:36.387439529Z,aggregation,full,a42d74844cf7,200,13.945999
2026-09-17T03:35:36.447588999Z,aggregation,full,a42d74844cf7,200,14.367586
2026-09-17T03:35:36.506717684Z,aggregation,full,a42d74844cf7,200,13.359307
2026-09-17T03:35:36.56574296Z,aggregation,full,a42d74844cf7,200,12.517904
2026-09-17T03:35:36.631088433Z,aggregation,full,a42d74844cf7,200,17.530983
2026-09-17T03:35:36.686890163Z,aggregation,full,a42d74844cf7,200,14.109106
2026-09-17T03:35:36.745409347Z,aggregation,full,a42d74844cf7,200,12.825821
2026-09-17T03:35:36.810283361Z,aggregation,full,a42d74844cf7,200,17.276555
2026-09-17T03:35:36.865637237Z,aggregation,full,a42d74844cf7,200,12.935585
2026-09-17T03:35:36.929546764Z,aggregation,full,a42d74844cf7,200,16.130771
2026-09-17T03:35:36.987471384Z,aggregation,full,a42d74844cf7,200,14.026484
2026-09-17T03:35:37.046924277Z,aggregation,full,a42d74844cf7,200,13.798277
2026-09-17T03:35:37.107887333Z,aggregation,full,a42d74844cf7,200,14.332884
2026-09-17T03:35:37.167557091Z,aggregation,full,a42d74844cf7,200,14.186712
2026-09-17T03:35:37.228878158Z,aggregation,full,a42d74844cf7,200,15.673918
2026-09-17T03:35:37.286716467Z,aggregation,full,a42d74844cf7,200,14.157645
2026-09-17T03:35:37.348114009Z,aggregation,full,a42d74844cf7,200,14.63693
2026-09-17T03:35:37.405382307Z,aggregation,full,a42d74844cf7,200,12.600999
2026-09-17T03:35:37.465331321Z,aggregation,full,a42d74844cf7,200,12.576399
2026-09-17T03:35:37.531225246Z,aggregation,full,a42d74844cf7,200,17.997649
2026-09-17T03:35:37.585283361Z,aggregation,full,a42d74844cf7,200,12.300684
2026-09-17T03:35:37.64651922Z,aggregation,full,a42d74844cf7,200,13.590879
2026-09-17T03:35:37.706181739Z,aggregation,full,a42d74844cf7,200,12.976117
2026-09-17T03:35:37.764475323Z,aggregation,full,a42d74844cf7,200,11.969924
2026-09-17T03:35:37.829655565Z,aggregation,full,a42d74844cf7,200,16.462109
2026-09-17T03:35:37.887154808Z,aggregation,full,a42d74844cf7,200,13.782987
2026-09-17T03:35:37.946673752Z,aggregation,full,a42d74844cf7,200,13.951749
2026-09-17T03:35:38.007893926Z,aggregation,full,a42d74844cf7,200,14.397568
2026-09-17T03:35:38.065144566Z,aggregation,full,a42d74844cf7,200,11.683012
2026-09-17T03:35:38.128845505Z,aggregation,full,a42d74844cf7,200,16.101044
2026-09-17T03:35:38.192751096Z,aggregation,full,a42d74844cf7,200,19.253551
2026-09-17T03:35:38.249671468Z,aggregation,full,a42d74844cf7,200,16.313285
2026-09-17T03:35:38.305869406Z,aggregation,full,a42d74844cf7,200,12.534125
2026-09-17T03:35:38.368896788Z,aggregation,full,a42d74844cf7,200,15.555129
2026-09-17T03:35:38.429807944Z,aggregation,full,a42d74844cf7,200,17.175379
2026-09-17T03:35:38.489508521Z,aggregation,full,a42d74844cf7,200,15.833453
2026-09-17T03:35:38.548007289Z,aggregation,full,a42d74844cf7,200,14.877979
2026-09-17T03:35:38.606234207Z,aggregation,full,a42d74844cf7,200,13.584493
2026-09-17T03:35:38.665805964Z,aggregation,full,a42d74844cf7,200,12.703247
2026-09-17T03:35:38.731194762Z,aggregation,full,a42d74844cf7,200,17.75185
2026-09-17T03:35:38.793311127Z,aggregation,full,a42d74844cf7,200,20.32687
2026-09-17T03:35:38.84673136Z,aggregation,full,a42d74844cf7,200,13.640386
2026-09-17T03:35:38.912081748Z,aggregation,full,a42d74844cf7,200,18.666116
2026-09-17T03:35:38.971197297Z,aggregation,full,a42d74844cf7,200,18.581116
2026-09-17T03:35:39.033549586Z,aggregation,full,a42d74844cf7,200,20.655614
2026-09-17T03:35:39.091343362Z,aggregation,full,a42d74844cf7,200,18.151135
2026-09-17T03:35:39.146985833Z,aggregation,full,a42d74844cf7,200,14.133634
2026-09-17T03:35:39.205566933Z,aggregation,full,a42d74844cf7,200,12.695524
2026-09-17T03:35:39.265793003Z,aggregation,full,a42d74844cf7,200,12.829506
2026-09-17T03:35:39.330195757Z,aggregation,full,a42d74844cf7,200,16.896528
2026-09-17T03:35:39.38672673Z,aggregation,full,a42d74844cf7,200,13.916268
2026-09-17T03:35:39.445894137Z,aggregation,full,a42d74844cf7,200,12.577698
2026-09-17T03:35:39.507544762Z,aggregation,full,a42d74844cf7,200,14.965656
2026-09-17T03:35:39.566851035Z,aggregation,full,a42d74844cf7,200,13.826372
2026-09-17T03:35:39.628641796Z,aggregation,full,a42d74844cf7,200,16.158067
2026-09-17T03:35:39.689368009Z,aggregation,full,a42d74844cf7,200,15.891113
2026-09-17T03:35:39.745563137Z,aggregation,full,a42d74844cf7,200,12.620732
2026-09-17T03:35:39.805908351Z,aggregation,full,a42d74844cf7,200,12.686836
2026-09-17T03:35:39.867641848Z,aggregation,full,a42d74844cf7,200,14.154905
2026-09-17T03:35:39.928314777Z,aggregation,full,a42d74844cf7,200,14.851156
2026-09-17T03:35:39.988602365Z,aggregation,full,a42d74844cf7,200,15.667405
2026-09-17T03:35:40.047243545Z,aggregation,full,a42d74844cf7,200,14.087359
2026-09-17T03:35:40.106854945Z,aggregation,full,a42d74844cf7,200,13.728163
2026-09-17T03:35:40.165535066Z,aggregation,full,a42d74844cf7,200,12.379784
2026-09-17T03:35:40.227446536Z,aggregation,full,a42d74844cf7,200,14.351589
2026-09-17T03:35:40.285790163Z,aggregation,full,a42d74844cf7,200,12.483586
2026-09-17T03:35:40.346457192Z,aggregation,full,a42d74844cf7,200,12.948487
2026-09-17T03:35:40.406092792Z,aggregation,full,a42d74844cf7,200,12.979728
2026-09-17T03:35:40.466094302Z,aggregation,full,a42d74844cf7,200,13.462869
2026-09-17T03:35:40.529410885Z,aggregation,full,a42d74844cf7,200,16.51486
2026-09-17T03:35:40.58653443Z,aggregation,full,a42d74844cf7,200,12.950845
2026-09-17T03:35:40.646228407Z,aggregation,full,a42d74844cf7,200,13.39834
2026-09-17T03:35:40.707012645Z,aggregation,full,a42d74844cf7,200,14.086111
2026-09-17T03:35:40.767458322Z,aggregation,full,a42d74844cf7,200,13.849032
2026-09-17T03:35:40.828902202Z,aggregation,full,a42d74844cf7,200,15.85036
2026-09-17T03:35:40.886363569Z,aggregation,full,a42d74844cf7,200,13.725429
2026-09-17T03:35:40.945703782Z,aggregation,full,a42d74844cf7,200,12.553202
2026-09-17T03:35:41.006372351Z,aggregation,full,a42d74844cf7,200,12.961012
2026-09-17T03:35:41.065775352Z,aggregation,full,a42d74844cf7,200,12.776128
2026-09-17T03:35:41.134626789Z,aggregation,full,a42d74844cf7,200,20.638768
2026-09-17T03:35:41.185865472Z,aggregation,full,a42d74844cf7,200,13.177692
2026-09-17T03:35:41.25033541Z,aggregation,full,a42d74844cf7,200,16.777959
2026-09-17T03:35:41.305669775Z,aggregation,full,a42d74844cf7,200,12.756672
2026-09-17T03:35:41.3666942Z,aggregation,full,a42d74844cf7,200,13.495191
2026-09-17T03:35:41.429259618Z,aggregation,full,a42d74844cf7,200,15.965394
2026-09-17T03:35:41.486135321Z,aggregation,full,a42d74844cf7,200,13.137655
2026-09-17T03:35:41.546823195Z,aggregation,full,a42d74844cf7,200,13.568601
2026-09-17T03:35:41.605868609Z,aggregation,full,a42d74844cf7,200,12.313555
2026-09-17T03:35:41.666165475Z,aggregation,full,a42d74844cf7,200,12.836868
2026-09-17T03:35:41.728761195Z,aggregation,full,a42d74844cf7,200,15.801955
2026-09-17T03:35:41.787241672Z,aggregation,full,a42d74844cf7,200,13.848085
2026-09-17T03:35:41.846049547Z,aggregation,full,a42d74844cf7,200,13.118163
2026-09-17T03:35:41.909231756Z,aggregation,full,a42d74844cf7,200,16.313124
2026-09-17T03:35:41.966635504Z,aggregation,full,a42d74844cf7,200,13.945569
2026-09-17T03:35:42.030698942Z,aggregation,full,a42d74844cf7,200,17.517048
2026-09-17T03:35:42.089296607Z,aggregation,full,a42d74844cf7,200,15.385125
2026-09-17T03:35:42.147114955Z,aggregation,full,a42d74844cf7,200,13.639596
2026-09-17T03:35:42.205504481Z,aggregation,full,a42d74844cf7,200,12.733636
2026-09-17T03:35:42.264997655Z,aggregation,full,a42d74844cf7,200,12.002221
2026-09-17T03:35:42.327957513Z,aggregation,full,a42d74844cf7,200,15.362633
2026-09-17T03:35:42.386211838Z,aggregation,full,a42d74844cf7,200,13.467667
2026-09-17T03:35:42.445313851Z,aggregation,full,a42d74844cf7,200,12.501598
2026-09-17T03:35:42.51148209Z,aggregation,full,a42d74844cf7,200,18.482569
2026-09-17T03:35:42.564212812Z,aggregation,full,a42d74844cf7,200,11.193185
2026-09-17T03:35:42.629693555Z,aggregation,full,a42d74844cf7,200,16.748007
2026-09-17T03:35:42.685937196Z,aggregation,full,a42d74844cf7,200,12.378273
2026-09-17T03:35:42.745741906Z,aggregation,full,a42d74844cf7,200,13.106813
2026-09-17T03:35:42.806295285Z,aggregation,full,a42d74844cf7,200,12.94795
2026-09-17T03:35:42.86536709Z,aggregation,full,a42d74844cf7,200,12.698788
2026-09-17T03:35:42.929672136Z,aggregation,full,a42d74844cf7,200,16.743285
2026-09-17T03:35:42.986769831Z,aggregation,full,a42d74844cf7,200,13.393579
2026-09-17T03:35:43.045913847Z,aggregation,full,a42d74844cf7,200,12.46458
2026-09-17T03:35:43.108383558Z,aggregation,full,a42d74844cf7,200,14.810087
2026-09-17T03:35:43.16922752Z,aggregation,full,a42d74844cf7,200,16.366837
2026-09-17T03:35:43.226913777Z,aggregation,full,a42d74844cf7,200,14.181807
2026-09-17T03:35:43.284907561Z,aggregation,full,a42d74844cf7,200,12.33301
2026-09-17T03:35:43.345811008Z,aggregation,full,a42d74844cf7,200,12.269091
2026-09-17T03:35:43.40642289Z,aggregation,full,a42d74844cf7,200,12.959704
2026-09-17T03:35:43.466663855Z,aggregation,full,a42d74844cf7,200,13.683945
2026-09-17T03:35:43.530195922Z,aggregation,full,a42d74844cf7,200,17.521315
2026-09-17T03:35:43.586460595Z,aggregation,full,a42d74844cf7,200,13.612344
2026-09-17T03:35:43.64598609Z,aggregation,full,a42d74844cf7,200,12.783815
2026-09-17T03:35:43.706469077Z,aggregation,full,a42d74844cf7,200,13.692054
2026-09-17T03:35:43.764844082Z,aggregation,full,a42d74844cf7,200,11.897058
2026-09-17T03:35:43.830154773Z,aggregation,full,a42d74844cf7,200,16.564345
2026-09-17T03:35:43.886393124Z,aggregation,full,a42d74844cf7,200,13.43743
2026-09-17T03:35:43.947652063Z,aggregation,full,a42d74844cf7,200,14.558066
2026-09-17T03:35:44.008972283Z,aggregation,full,a42d74844cf7,200,15.677208
2026-09-17T03:35:44.073013186Z,aggregation,full,a42d74844cf7,200,19.765374
2026-09-17T03:35:44.133272312Z,aggregation,full,a42d74844cf7,200,19.74038
2026-09-17T03:35:44.191670053Z,aggregation,full,a42d74844cf7,200,18.14697
2026-09-17T03:35:44.246733987Z,aggregation,full,a42d74844cf7,200,13.381967
2026-09-17T03:35:44.307514219Z,aggregation,full,a42d74844cf7,200,14.235661
2026-09-17T03:35:44.366458133Z,aggregation,full,a42d74844cf7,200,13.411768
2026-09-17T03:35:44.428244746Z,aggregation,full,a42d74844cf7,200,15.18525
2026-09-17T03:35:44.484769937Z,aggregation,full,a42d74844cf7,200,11.849075
2026-09-17T03:35:44.546204279Z,aggregation,full,a42d74844cf7,200,13.460727
2026-09-17T03:35:44.605756435Z,aggregation,full,a42d74844cf7,200,12.725914
2026-09-17T03:35:44.667625056Z,aggregation,full,a42d74844cf7,200,14.379537
2026-09-17T03:35:44.735519047Z,aggregation,full,a42d74844cf7,200,22.249915
2026-09-17T03:35:44.786834299Z,aggregation,full,a42d74844cf7,200,13.428749
2026-09-17T03:35:44.846708612Z,aggregation,full,a42d74844cf7,200,13.26502
2026-09-17T03:35:44.906683933Z,aggregation,full,a42d74844cf7,200,13.906406
2026-09-17T03:35:44.96603842Z,aggregation,full,a42d74844cf7,200,12.772015
2026-09-17T03:35:45.03040606Z,aggregation,full,a42d74844cf7,200,17.857113
2026-09-17T03:35:45.085652271Z,aggregation,full,a42d74844cf7,200,12.459738
2026-09-17T03:35:45.146864127Z,aggregation,full,a42d74844cf7,200,13.41518
2026-09-17T03:35:45.205914437Z,aggregation,full,a42d74844cf7,200,12.285039
2026-09-17T03:35:45.264081271Z,aggregation,full,a42d74844cf7,200,11.610274
2026-09-17T03:35:45.328582388Z,aggregation,full,a42d74844cf7,200,15.872219
2026-09-17T03:35:45.385125504Z,aggregation,full,a42d74844cf7,200,11.646963
2026-09-17T03:35:45.445689268Z,aggregation,full,a42d74844cf7,200,12.956274
2026-09-17T03:35:45.507051681Z,aggregation,full,a42d74844cf7,200,13.479882
2026-09-17T03:35:45.565624186Z,aggregation,full,a42d74844cf7,200,13.075516
2026-09-17T03:35:45.629118702Z,aggregation,full,a42d74844cf7,200,15.732402
2026-09-17T03:35:45.685664196Z,aggregation,full,a42d74844cf7,200,12.896946
2026-09-17T03:35:45.746670199Z,aggregation,full,a42d74844cf7,200,13.304788
2026-09-17T03:35:45.806919285Z,aggregation,full,a42d74844cf7,200,13.52085
2026-09-17T03:35:45.865745889Z,aggregation,full,a42d74844cf7,200,12.375016
2026-09-17T03:35:45.930955624Z,aggregation,full,a42d74844cf7,200,17.42078
2026-09-17T03:35:45.985729989Z,aggregation,full,a42d74844cf7,200,13.014182
2026-09-17T03:35:46.046176414Z,aggregation,full,a42d74844cf7,200,12.77409
2026-09-17T03:35:46.106055667Z,aggregation,full,a42d74844cf7,200,13.42435
2026-09-17T03:35:46.168802769Z,aggregation,full,a42d74844cf7,200,15.409966
2026-09-17T03:35:46.229057247Z,aggregation,full,a42d74844cf7,200,16.195565
2026-09-17T03:35:46.286025597Z,aggregation,full,a42d74844cf7,200,13.123043
2026-09-17T03:35:46.346723795Z,aggregation,full,a42d74844cf7,200,13.982969
2026-09-17T03:35:46.407670636Z,aggregation,full,a42d74844cf7,200,14.008647
2026-09-17T03:35:46.465921754Z,aggregation,full,a42d74844cf7,200,12.886961
2026-09-17T03:35:46.530925078Z,aggregation,full,a42d74844cf7,200,18.154832
2026-09-17T03:35:46.586623092Z,aggregation,full,a42d74844cf7,200,13.961862
2026-09-17T03:35:46.650057561Z,aggregation,full,a42d74844cf7,200,16.882009
2026-09-17T03:35:46.707514021Z,aggregation,full,a42d74844cf7,200,14.688796
2026-09-17T03:35:46.764735269Z,aggregation,full,a42d74844cf7,200,11.84899
2026-09-17T03:35:46.830507301Z,aggregation,full,a42d74844cf7,200,17.136716
2026-09-17T03:35:46.886765624Z,aggregation,full,a42d74844cf7,200,13.726837
2026-09-17T03:35:46.947181926Z,aggregation,full,a42d74844cf7,200,14.242082
2026-09-17T03:35:47.008897917Z,aggregation,full,a42d74844cf7,200,15.983324
2026-09-17T03:35:47.065860347Z,aggregation,full,a42d74844cf7,200,12.441918
2026-09-17T03:35:47.12758426Z,aggregation,full,a42d74844cf7,200,14.964026
2026-09-17T03:35:47.187699438Z,aggregation,full,a42d74844cf7,200,14.466114
2026-09-17T03:35:47.245612292Z,aggregation,full,a42d74844cf7,200,12.94263
2026-09-17T03:35:47.307315573Z,aggregation,full,a42d74844cf7,200,14.098215
2026-09-17T03:35:47.364060417Z,aggregation,full,a42d74844cf7,200,11.431389
2026-09-17T03:35:47.427419479Z,aggregation,full,a42d74844cf7,200,14.804166
2026-09-17T03:35:47.486197931Z,aggregation,full,a42d74844cf7,200,12.651923
2026-09-17T03:35:47.546054893Z,aggregation,full,a42d74844cf7,200,12.919522
2026-09-17T03:35:47.606319449Z,aggregation,full,a42d74844cf7,200,13.60446
2026-09-17T03:35:47.665276934Z,aggregation,full,a42d74844cf7,200,12.525186
2026-09-17T03:35:47.727244018Z,aggregation,full,a42d74844cf7,200,14.326946
2026-09-17T03:35:47.786595234Z,aggregation,full,a42d74844cf7,200,13.567222
2026-09-17T03:35:47.845432375Z,aggregation,full,a42d74844cf7,200,12.211407
2026-09-17T03:35:47.907956779Z,aggregation,full,a42d74844cf7,200,14.675575
2026-09-17T03:35:47.963480437Z,aggregation,full,a42d74844cf7,200,11.009976
2026-09-17T03:35:48.027468834Z,aggregation,full,a42d74844cf7,200,14.503695
2026-09-17T03:35:48.085725069Z,aggregation,full,a42d74844cf7,200,12.468139
2026-09-17T03:35:48.148927583Z,aggregation,full,a42d74844cf7,200,15.354281
2026-09-17T03:35:48.215451398Z,aggregation,full,a42d74844cf7,200,22.725064
2026-09-17T03:35:48.266433362Z,aggregation,full,a42d74844cf7,200,13.232759
2026-09-17T03:35:48.327250187Z,aggregation,full,a42d74844cf7,200,14.124087
2026-09-17T03:35:48.387398395Z,aggregation,full,a42d74844cf7,200,14.466734
2026-09-17T03:35:48.444816149Z,aggregation,full,a42d74844cf7,200,11.74335
2026-09-17T03:35:48.504772677Z,aggregation,full,a42d74844cf7,200,12.276618
2026-09-17T03:35:48.566090008Z,aggregation,full,a42d74844cf7,200,12.576696
2026-09-17T03:35:48.627390197Z,aggregation,full,a42d74844cf7,200,14.702706
2026-09-17T03:35:48.684836088Z,aggregation,full,a42d74844cf7,200,13.487839
2026-09-17T03:35:48.742753082Z,aggregation,full,a42d74844cf7,200,12.266077
2026-09-17T03:35:48.805692538Z,aggregation,full,a42d74844cf7,200,14.236301
2026-09-17T03:35:48.863703524Z,aggregation,full,a42d74844cf7,200,12.510648
2026-09-17T03:35:48.929976606Z,aggregation,full,a42d74844cf7,200,18.429747
2026-09-17T03:35:48.98873112Z,aggregation,full,a42d74844cf7,200,17.534806
2026-09-17T03:35:49.045979365Z,aggregation,full,a42d74844cf7,200,14.30211
2026-09-17T03:35:49.106991551Z,aggregation,full,a42d74844cf7,200,16.411568
2026-09-17T03:35:49.164864569Z,aggregation,full,a42d74844cf7,200,14.204
2026-09-17T03:35:49.226062348Z,aggregation,full,a42d74844cf7,200,15.236901
2026-09-17T03:35:49.282833462Z,aggregation,full,a42d74844cf7,200,11.393046
2026-09-17T03:35:49.341891774Z,aggregation,full,a42d74844cf7,200,11.377702
2026-09-17T03:35:49.403458677Z,aggregation,full,a42d74844cf7,200,12.988036
2026-09-17T03:35:49.463104615Z,aggregation,full,a42d74844cf7,200,12.053797
2026-09-17T03:35:49.527527169Z,aggregation,full,a42d74844cf7,200,16.485317
2026-09-17T03:35:49.585227413Z,aggregation,full,a42d74844cf7,200,13.633882
2026-09-17T03:35:49.644121525Z,aggregation,full,a42d74844cf7,200,13.232224
2026-09-17T03:35:49.705452175Z,aggregation,full,a42d74844cf7,200,14.726248
2026-09-17T03:35:49.764690205Z,aggregation,full,a42d74844cf7,200,13.45459
2026-09-17T03:35:49.827687466Z,aggregation,full,a42d74844cf7,200,16.156885
2026-09-17T03:35:49.882983438Z,aggregation,full,a42d74844cf7,200,11.509558
2026-09-17T03:35:49.943843513Z,aggregation,full,a42d74844cf7,200,13.110793
2026-09-17T03:35:50.005595666Z,aggregation,full,a42d74844cf7,200,14.105335
2026-09-17T03:35:50.063622033Z,aggregation,full,a42d74844cf7,200,12.427477
2026-09-17T03:35:50.126845724Z,aggregation,full,a42d74844cf7,200,15.507465
2026-09-17T03:35:50.182952409Z,aggregation,full,a42d74844cf7,200,12.143561
2026-09-17T03:35:50.243326949Z,aggregation,full,a42d74844cf7,200,12.635427
2026-09-17T03:35:50.30670971Z,aggregation,full,a42d74844cf7,200,15.895101
2026-09-17T03:35:50.364025688Z,aggregation,full,a42d74844cf7,200,12.66352
2026-09-17T03:35:50.427894033Z,aggregation,full,a42d74844cf7,200,17.205059
2026-09-17T03:35:50.48347417Z,aggregation,full,a42d74844cf7,200,12.944364
2026-09-17T03:35:50.54648003Z,aggregation,full,a42d74844cf7,200,15.11697
2026-09-17T03:35:50.605471887Z,aggregation,full,a42d74844cf7,200,14.269
2026-09-17T03:35:50.664365587Z,aggregation,full,a42d74844cf7,200,13.155261
2026-09-17T03:35:50.725451552Z,aggregation,full,a42d74844cf7,200,14.443071
2026-09-17T03:35:50.784044163Z,aggregation,full,a42d74844cf7,200,12.804257
2026-09-17T03:35:50.842674842Z,aggregation,full,a42d74844cf7,200,12.00386
2026-09-17T03:35:50.906835007Z,aggregation,full,a42d74844cf7,200,15.575708
2026-09-17T03:35:50.964416175Z,aggregation,full,a42d74844cf7,200,12.943033
2026-09-17T03:35:51.026408502Z,aggregation,full,a42d74844cf7,200,15.181614
2026-09-17T03:35:51.085016159Z,aggregation,full,a42d74844cf7,200,13.754938
2026-09-17T03:35:51.144549865Z,aggregation,full,a42d74844cf7,200,13.903364
2026-09-17T03:35:51.204674941Z,aggregation,full,a42d74844cf7,200,13.590168
2026-09-17T03:35:51.263552263Z,aggregation,full,a42d74844cf7,200,12.333742
2026-09-17T03:35:51.327494373Z,aggregation,full,a42d74844cf7,200,16.45392
2026-09-17T03:35:51.383763071Z,aggregation,full,a42d74844cf7,200,12.335722
2026-09-17T03:35:51.44370037Z,aggregation,full,a42d74844cf7,200,12.318258
2026-09-17T03:35:51.508820697Z,aggregation,full,a42d74844cf7,200,17.464043
2026-09-17T03:35:51.563198731Z,aggregation,full,a42d74844cf7,200,11.871649
2026-09-17T03:35:51.629138411Z,aggregation,full,a42d74844cf7,200,18.170841
2026-09-17T03:35:51.68489387Z,aggregation,full,a42d74844cf7,200,13.998643
2026-09-17T03:35:51.745711481Z,aggregation,full,a42d74844cf7,200,15.220774
2026-09-17T03:35:51.803696158Z,aggregation,full,a42d74844cf7,200,12.435914
2026-09-17T03:35:51.863664195Z,aggregation,full,a42d74844cf7,200,12.464824
2026-09-17T03:35:51.925656655Z,aggregation,full,a42d74844cf7,200,14.293083
2026-09-17T03:35:51.984193421Z,aggregation,full,a42d74844cf7,200,13.63572
2026-09-17T03:35:52.04591263Z,aggregation,full,a42d74844cf7,200,14.919456
2026-09-17T03:35:52.104545892Z,aggregation,full,a42d74844cf7,200,14.010857
2026-09-17T03:35:52.165219052Z,aggregation,full,a42d74844cf7,200,14.223168
2026-09-17T03:35:52.228565815Z,aggregation,full,a42d74844cf7,200,17.55218
2026-09-17T03:35:52.284934911Z,aggregation,full,a42d74844cf7,200,13.7014
2026-09-17T03:35:52.343867889Z,aggregation,full,a42d74844cf7,200,13.250644
2026-09-17T03:35:52.404746995Z,aggregation,full,a42d74844cf7,200,13.271347
2026-09-17T03:35:52.463861098Z,aggregation,full,a42d74844cf7,200,12.654594
2026-09-17T03:35:52.52746977Z,aggregation,full,a42d74844cf7,200,16.771281
2026-09-17T03:35:52.585032762Z,aggregation,full,a42d74844cf7,200,13.944714
2026-09-17T03:35:52.643143091Z,aggregation,full,a42d74844cf7,200,12.375961
2026-09-17T03:35:52.704628649Z,aggregation,full,a42d74844cf7,200,13.794066
2026-09-17T03:35:52.764610102Z,aggregation,full,a42d74844cf7,200,13.431918
2026-09-17T03:35:52.829972498Z,aggregation,full,a42d74844cf7,200,18.631552
2026-09-17T03:35:52.884909204Z,aggregation,full,a42d74844cf7,200,13.376439
2026-09-17T03:35:52.94283623Z,aggregation,full,a42d74844cf7,200,11.969122
2026-09-17T03:35:53.00370409Z,aggregation,full,a42d74844cf7,200,13.209923
2026-09-17T03:35:53.063719142Z,aggregation,full,a42d74844cf7,200,12.367398
2026-09-17T03:35:53.127310594Z,aggregation,full,a42d74844cf7,200,15.96054
2026-09-17T03:35:53.183927238Z,aggregation,full,a42d74844cf7,200,12.97221
2026-09-17T03:35:53.247084137Z,aggregation,full,a42d74844cf7,200,16.557415
2026-09-17T03:35:53.305055172Z,aggregation,full,a42d74844cf7,200,14.183447
2026-09-17T03:35:53.362799991Z,aggregation,full,a42d74844cf7,200,12.373888
2026-09-17T03:35:53.424950733Z,aggregation,full,a42d74844cf7,200,14.427169
2026-09-17T03:35:53.482920971Z,aggregation,full,a42d74844cf7,200,12.301308
2026-09-17T03:35:53.543579199Z,aggregation,full,a42d74844cf7,200,12.702972
2026-09-17T03:35:53.605518816Z,aggregation,full,a42d74844cf7,200,14.104139
2026-09-17T03:35:53.663027622Z,aggregation,full,a42d74844cf7,200,12.050008
2026-09-17T03:35:53.726017104Z,aggregation,full,a42d74844cf7,200,15.318361
2026-09-17T03:35:53.786638701Z,aggregation,full,a42d74844cf7,200,15.921808
2026-09-17T03:35:53.845826674Z,aggregation,full,a42d74844cf7,200,14.473542
2026-09-17T03:35:53.904990719Z,aggregation,full,a42d74844cf7,200,13.56502
2026-09-17T03:35:53.962125377Z,aggregation,full,a42d74844cf7,200,11.639552
2026-09-17T03:35:54.025492142Z,aggregation,full,a42d74844cf7,200,14.624028
2026-09-17T03:35:54.086754624Z,aggregation,full,a42d74844cf7,200,15.635502
2026-09-17T03:35:54.147132567Z,aggregation,full,a42d74844cf7,200,15.575921
2026-09-17T03:35:54.204322383Z,aggregation,full,a42d74844cf7,200,12.771208
2026-09-17T03:35:54.264701832Z,aggregation,full,a42d74844cf7,200,14.047325
2026-09-17T03:35:54.336525518Z,aggregation,full,a42d74844cf7,200,25.049089
2026-09-17T03:35:54.388089068Z,aggregation,full,a42d74844cf7,200,16.585338
2026-09-17T03:35:54.444189227Z,aggregation,full,a42d74844cf7,200,13.508049
2026-09-17T03:35:54.510707275Z,aggregation,full,a42d74844cf7,200,19.719155
2026-09-17T03:35:54.562659531Z,aggregation,full,a42d74844cf7,200,11.412116
2026-09-17T03:35:54.631001268Z,aggregation,full,a42d74844cf7,200,19.762678
2026-09-17T03:35:54.683859882Z,aggregation,full,a42d74844cf7,200,12.987722
2026-09-17T03:35:54.745148553Z,aggregation,full,a42d74844cf7,200,14.457835
2026-09-17T03:35:54.810188075Z,aggregation,full,a42d74844cf7,200,19.331856
2026-09-17T03:35:54.865972151Z,aggregation,full,a42d74844cf7,200,15.390139
2026-09-17T03:35:54.929021956Z,aggregation,full,a42d74844cf7,200,18.357802
2026-09-17T03:35:54.987965486Z,aggregation,full,a42d74844cf7,200,17.388509
2026-09-17T03:35:55.043935259Z,aggregation,full,a42d74844cf7,200,13.235903
2026-09-17T03:35:55.103907812Z,aggregation,full,a42d74844cf7,200,13.222198
2026-09-17T03:35:55.163370846Z,aggregation,full,a42d74844cf7,200,12.678686
2026-09-17T03:35:55.228784926Z,aggregation,full,a42d74844cf7,200,17.541569
2026-09-17T03:35:55.286939017Z,aggregation,full,a42d74844cf7,200,15.536009
2026-09-17T03:35:55.343012328Z,aggregation,full,a42d74844cf7,200,12.436853
2026-09-17T03:35:55.403423149Z,aggregation,full,a42d74844cf7,200,12.765468
2026-09-17T03:35:55.464331428Z,aggregation,full,a42d74844cf7,200,13.348024
2026-09-17T03:35:55.527592634Z,aggregation,full,a42d74844cf7,200,16.329338
2026-09-17T03:35:55.585879855Z,aggregation,full,a42d74844cf7,200,14.655052
2026-09-17T03:35:55.644723846Z,aggregation,full,a42d74844cf7,200,13.274126
2026-09-17T03:35:55.705216663Z,aggregation,full,a42d74844cf7,200,13.766134
2026-09-17T03:35:55.762185673Z,aggregation,full,a42d74844cf7,200,11.485611
2026-09-17T03:35:55.825295539Z,aggregation,full,a42d74844cf7,200,14.453795
2026-09-17T03:35:55.886091079Z,aggregation,full,a42d74844cf7,200,15.175081
2026-09-17T03:35:55.942472863Z,aggregation,full,a42d74844cf7,200,11.895622
2026-09-17T03:35:56.004081845Z,aggregation,full,a42d74844cf7,200,12.887927
2026-09-17T03:35:56.062854132Z,aggregation,full,a42d74844cf7,200,12.24319
2026-09-17T03:35:56.125881471Z,aggregation,full,a42d74844cf7,200,15.374196
2026-09-17T03:35:56.182158235Z,aggregation,full,a42d74844cf7,200,11.689193
2026-09-17T03:35:56.24304971Z,aggregation,full,a42d74844cf7,200,12.33436
2026-09-17T03:35:56.304795048Z,aggregation,full,a42d74844cf7,200,13.892384
2026-09-17T03:35:56.365354255Z,aggregation,full,a42d74844cf7,200,14.142468
2026-09-17T03:35:56.430612654Z,aggregation,full,a42d74844cf7,200,19.194935
2026-09-17T03:35:56.484784327Z,aggregation,full,a42d74844cf7,200,13.42727
2026-09-17T03:35:56.54338516Z,aggregation,full,a42d74844cf7,200,12.835473
2026-09-17T03:35:56.604492058Z,aggregation,full,a42d74844cf7,200,13.420643
2026-09-17T03:35:56.666499146Z,aggregation,full,a42d74844cf7,200,15.377758
2026-09-17T03:35:56.728058343Z,aggregation,full,a42d74844cf7,200,16.698591
2026-09-17T03:35:56.782811086Z,aggregation,full,a42d74844cf7,200,12.165204
2026-09-17T03:35:56.843786279Z,aggregation,full,a42d74844cf7,200,12.290287
2026-09-17T03:35:56.906182769Z,aggregation,full,a42d74844cf7,200,14.625984
2026-09-17T03:35:56.962594602Z,aggregation,full,a42d74844cf7,200,11.950592
2026-09-17T03:35:57.027386066Z,aggregation,full,a42d74844cf7,200,16.204384
2026-09-17T03:35:57.083957445Z,aggregation,full,a42d74844cf7,200,12.933447
2026-09-17T03:35:57.143877453Z,aggregation,full,a42d74844cf7,200,13.147767
2026-09-17T03:35:57.204981066Z,aggregation,full,a42d74844cf7,200,13.596136
2026-09-17T03:35:57.262345446Z,aggregation,full,a42d74844cf7,200,11.845049
2026-09-17T03:35:57.32728302Z,aggregation,full,a42d74844cf7,200,16.465658
2026-09-17T03:35:57.386328748Z,aggregation,full,a42d74844cf7,200,15.208539
2026-09-17T03:35:57.443395264Z,aggregation,full,a42d74844cf7,200,12.439757
2026-09-17T03:35:57.50599216Z,aggregation,full,a42d74844cf7,200,15.045141
2026-09-17T03:35:57.564786079Z,aggregation,full,a42d74844cf7,200,14.343604
2026-09-17T03:35:57.628578896Z,aggregation,full,a42d74844cf7,200,16.930723
2026-09-17T03:35:57.685641799Z,aggregation,full,a42d74844cf7,200,14.596688
2026-09-17T03:35:57.743395592Z,aggregation,full,a42d74844cf7,200,12.915798
2026-09-17T03:35:57.805013385Z,aggregation,full,a42d74844cf7,200,13.831168
2026-09-17T03:35:57.864633566Z,aggregation,full,a42d74844cf7,200,13.186931
2026-09-17T03:35:57.927188169Z,aggregation,full,a42d74844cf7,200,15.916727
2026-09-17T03:35:57.984920018Z,aggregation,full,a42d74844cf7,200,13.96356
2026-09-17T03:35:58.044182641Z,aggregation,full,a42d74844cf7,200,13.661255
2026-09-17T03:35:58.108523565Z,aggregation,full,a42d74844cf7,200,17.717917
2026-09-17T03:35:58.164157299Z,aggregation,full,a42d74844cf7,200,13.163359
2026-09-17T03:35:58.230993813Z,aggregation,full,a42d74844cf7,200,19.889774
2026-09-17T03:35:58.284200912Z,aggregation,full,a42d74844cf7,200,12.843905
2026-09-17T03:35:58.343501688Z,aggregation,full,a42d74844cf7,200,12.697883
2026-09-17T03:35:58.404360522Z,aggregation,full,a42d74844cf7,200,13.020096
2026-09-17T03:35:58.466766396Z,aggregation,full,a42d74844cf7,200,15.882316
2026-09-17T03:35:58.526610613Z,aggregation,full,a42d74844cf7,200,15.946579
2026-09-17T03:35:58.584609742Z,aggregation,full,a42d74844cf7,200,13.327472
2026-09-17T03:35:58.645181284Z,aggregation,full,a42d74844cf7,200,13.8546
2026-09-17T03:35:58.705053458Z,aggregation,full,a42d74844cf7,200,14.295308
2026-09-17T03:35:58.762195787Z,aggregation,full,a42d74844cf7,200,11.755622
2026-09-17T03:35:58.826955117Z,aggregation,full,a42d74844cf7,200,15.435125
2026-09-17T03:35:58.886166718Z,aggregation,full,a42d74844cf7,200,14.6154
2026-09-17T03:35:58.943210943Z,aggregation,full,a42d74844cf7,200,12.238798
2026-09-17T03:35:59.006725529Z,aggregation,full,a42d74844cf7,200,15.70686
2026-09-17T03:35:59.06462152Z,aggregation,full,a42d74844cf7,200,13.501855
2026-09-17T03:35:59.12608526Z,aggregation,full,a42d74844cf7,200,14.611312
2026-09-17T03:35:59.185585131Z,aggregation,full,a42d74844cf7,200,14.756503
2026-09-17T03:35:59.246704093Z,aggregation,full,a42d74844cf7,200,15.551595
2026-09-17T03:35:59.305004707Z,aggregation,full,a42d74844cf7,200,13.647614
2026-09-17T03:35:59.362443084Z,aggregation,full,a42d74844cf7,200,11.84975
2026-09-17T03:35:59.428293521Z,aggregation,full,a42d74844cf7,200,17.104975
2026-09-17T03:35:59.483285544Z,aggregation,full,a42d74844cf7,200,12.386452
2026-09-17T03:35:59.542830552Z,aggregation,full,a42d74844cf7,200,11.544568
2026-09-17T03:35:59.604054077Z,aggregation,full,a42d74844cf7,200,13.55741
2026-09-17T03:35:59.664694484Z,aggregation,full,a42d74844cf7,200,14.180363
2026-09-17T03:35:59.727841831Z,aggregation,full,a42d74844cf7,200,16.358698
2026-09-17T03:35:59.784027783Z,aggregation,full,a42d74844cf7,200,13.57134
2026-09-17T03:35:59.8445979Z,aggregation,full,a42d74844cf7,200,13.890906
2026-09-17T03:35:59.904818558Z,aggregation,full,a42d74844cf7,200,13.440623
2026-09-17T03:35:59.963170977Z,aggregation,full,a42d74844cf7,200,11.820943
2026-09-17T03:36:00.030980823Z,aggregation,full,a42d74844cf7,200,19.795236
2026-09-17T03:36:00.083876736Z,aggregation,full,a42d74844cf7,200,13.345507
2026-09-17T03:36:00.146713343Z,aggregation,full,a42d74844cf7,200,16.042749
2026-09-17T03:36:00.206607828Z,aggregation,full,a42d74844cf7,200,15.300284
2026-09-17T03:36:00.272887724Z,aggregation,full,a42d74844cf7,200,21.487408
2026-09-17T03:36:00.329939446Z,aggregation,full,a42d74844cf7,200,18.592763
2026-09-17T03:36:00.385063229Z,aggregation,full,a42d74844cf7,200,14.33016
2026-09-17T03:36:00.444694193Z,aggregation,full,a42d74844cf7,200,13.907958
2026-09-17T03:36:00.509696911Z,aggregation,full,a42d74844cf7,200,18.231862
2026-09-17T03:36:00.562778543Z,aggregation,full,a42d74844cf7,200,11.673338
2026-09-17T03:36:00.626358418Z,aggregation,full,a42d74844cf7,200,15.733086
2026-09-17T03:36:00.684486248Z,aggregation,full,a42d74844cf7,200,13.555851
2026-09-17T03:36:00.74494029Z,aggregation,full,a42d74844cf7,200,13.669879
2026-09-17T03:36:00.804228794Z,aggregation,full,a42d74844cf7,200,13.519278
2026-09-17T03:36:00.863186203Z,aggregation,full,a42d74844cf7,200,12.266548
2026-09-17T03:36:00.928398726Z,aggregation,full,a42d74844cf7,200,17.516842
2026-09-17T03:36:00.984498873Z,aggregation,full,a42d74844cf7,200,13.560121
2026-09-17T03:36:01.044229244Z,aggregation,full,a42d74844cf7,200,12.950375
2026-09-17T03:36:01.104351677Z,aggregation,full,a42d74844cf7,200,13.253528
2026-09-17T03:36:01.16331324Z,aggregation,full,a42d74844cf7,200,12.514096
2026-09-17T03:36:01.227159505Z,aggregation,full,a42d74844cf7,200,16.105024
2026-09-17T03:36:01.284760315Z,aggregation,full,a42d74844cf7,200,13.850384
2026-09-17T03:36:01.345684007Z,aggregation,full,a42d74844cf7,200,14.130944
2026-09-17T03:36:01.410033791Z,aggregation,full,a42d74844cf7,200,18.096567
2026-09-17T03:36:01.465989986Z,aggregation,full,a42d74844cf7,200,14.556617
2026-09-17T03:36:01.529862723Z,aggregation,full,a42d74844cf7,200,18.936601
2026-09-17T03:36:01.587541934Z,aggregation,full,a42d74844cf7,200,16.393661
2026-09-17T03:36:01.750352818Z,aggregation,full,a42d74844cf7,200,118.373795
2026-09-17T03:36:01.758133714Z,aggregation,full,a42d74844cf7,200,67.256777
2026-09-17T03:36:01.779557502Z,aggregation,full,a42d74844cf7,200,28.56639
2026-09-17T03:36:01.829477898Z,aggregation,full,a42d74844cf7,200,18.124719
2026-09-17T03:36:01.886768044Z,aggregation,full,a42d74844cf7,200,15.449214
2026-09-17T03:36:01.949050671Z,aggregation,full,a42d74844cf7,200,17.671345
2026-09-17T03:36:02.004959872Z,aggregation,full,a42d74844cf7,200,14.356187
2026-09-17T03:36:02.064879008Z,aggregation,full,a42d74844cf7,200,13.523723
2026-09-17T03:36:02.129941046Z,aggregation,full,a42d74844cf7,200,19.447188
2026-09-17T03:36:02.184127501Z,aggregation,full,a42d74844cf7,200,13.35765
2026-09-17T03:36:02.245779355Z,aggregation,full,a42d74844cf7,200,14.947792
2026-09-17T03:36:02.305387767Z,aggregation,full,a42d74844cf7,200,14.457239
2026-09-17T03:36:02.363706983Z,aggregation,full,a42d74844cf7,200,12.824655
2026-09-17T03:36:02.426539261Z,aggregation,full,a42d74844cf7,200,15.163295
2026-09-17T03:36:02.484557488Z,aggregation,full,a42d74844cf7,200,13.321873
2026-09-17T03:36:02.555582493Z,aggregation,full,a42d74844cf7,200,24.118668
2026-09-17T03:36:02.609247133Z,aggregation,full,a42d74844cf7,200,18.304981
2026-09-17T03:36:02.665626362Z,aggregation,full,a42d74844cf7,200,14.768944
2026-09-17T03:36:02.727838501Z,aggregation,full,a42d74844cf7,200,16.58613
2026-09-17T03:36:02.784820585Z,aggregation,full,a42d74844cf7,200,14.118435
2026-09-17T03:36:02.84458248Z,aggregation,full,a42d74844cf7,200,13.115867
2026-09-17T03:36:02.906993986Z,aggregation,full,a42d74844cf7,200,15.653084
2026-09-17T03:36:02.963181418Z,aggregation,full,a42d74844cf7,200,12.600469
2026-09-17T03:36:03.02619419Z,aggregation,full,a42d74844cf7,200,15.389555
2026-09-17T03:36:03.083957483Z,aggregation,full,a42d74844cf7,200,12.571849
2026-09-17T03:36:03.146258151Z,aggregation,full,a42d74844cf7,200,14.986049
2026-09-17T03:36:03.205414139Z,aggregation,full,a42d74844cf7,200,14.54937
2026-09-17T03:36:03.265343077Z,aggregation,full,a42d74844cf7,200,14.20032
2026-09-17T03:36:03.328345857Z,aggregation,full,a42d74844cf7,200,16.977495
2026-09-17T03:36:03.384804481Z,aggregation,full,a42d74844cf7,200,13.723613
2026-09-17T03:36:03.446354378Z,aggregation,full,a42d74844cf7,200,14.744947
2026-09-17T03:36:03.505657531Z,aggregation,full,a42d74844cf7,200,14.801861
2026-09-17T03:36:03.565362517Z,aggregation,full,a42d74844cf7,200,13.902888
2026-09-17T03:36:03.625546118Z,aggregation,full,a42d74844cf7,200,14.579024
2026-09-17T03:36:03.685072186Z,aggregation,full,a42d74844cf7,200,13.737916
2026-09-17T03:36:03.744994507Z,aggregation,full,a42d74844cf7,200,14.365087
2026-09-17T03:36:03.804028072Z,aggregation,full,a42d74844cf7,200,13.378702
2026-09-17T03:36:03.8623811Z,aggregation,full,a42d74844cf7,200,11.83273
2026-09-17T03:36:03.926265138Z,aggregation,full,a42d74844cf7,200,14.849149
2026-09-17T03:36:03.984349605Z,aggregation,full,a42d74844cf7,200,13.318798
2026-09-17T03:36:04.044215632Z,aggregation,full,a42d74844cf7,200,13.307526
2026-09-17T03:36:04.104704847Z,aggregation,full,a42d74844cf7,200,13.748235
2026-09-17T03:36:04.162877542Z,aggregation,full,a42d74844cf7,200,11.69588
2026-09-17T03:36:04.229545846Z,aggregation,full,a42d74844cf7,200,18.843119
2026-09-17T03:36:04.28661363Z,aggregation,full,a42d74844cf7,200,15.326215
2026-09-17T03:36:04.343811494Z,aggregation,full,a42d74844cf7,200,12.344473
2026-09-17T03:36:04.403435484Z,aggregation,full,a42d74844cf7,200,11.958805
2026-09-17T03:36:04.462600613Z,aggregation,full,a42d74844cf7,200,11.38576
2026-09-17T03:36:04.526867915Z,aggregation,full,a42d74844cf7,200,15.364588
2026-09-17T03:36:04.589447204Z,aggregation,full,a42d74844cf7,200,17.895847
2026-09-17T03:36:04.643940993Z,aggregation,full,a42d74844cf7,200,12.693579
2026-09-17T03:36:04.705733958Z,aggregation,full,a42d74844cf7,200,14.962545
2026-09-17T03:36:04.762544162Z,aggregation,full,a42d74844cf7,200,11.346233
2026-09-17T03:36:04.828347866Z,aggregation,full,a42d74844cf7,200,17.102472
2026-09-17T03:36:04.88588075Z,aggregation,full,a42d74844cf7,200,14.837388
2026-09-17T03:36:04.943491681Z,aggregation,full,a42d74844cf7,200,12.879159
2026-09-17T03:36:05.004586947Z,aggregation,full,a42d74844cf7,200,13.462914
2026-09-17T03:36:05.063838648Z,aggregation,full,a42d74844cf7,200,12.589811
2026-09-17T03:36:05.12521664Z,aggregation,full,a42d74844cf7,200,13.79993
2026-09-17T03:36:05.184341064Z,aggregation,full,a42d74844cf7,200,13.498133
2026-09-17T03:36:05.243197703Z,aggregation,full,a42d74844cf7,200,12.379481
2026-09-17T03:36:05.304121357Z,aggregation,full,a42d74844cf7,200,13.250588
2026-09-17T03:36:05.362742294Z,aggregation,full,a42d74844cf7,200,12.222459
2026-09-17T03:36:05.426636353Z,aggregation,full,a42d74844cf7,200,15.220201
2026-09-17T03:36:05.484157906Z,aggregation,full,a42d74844cf7,200,12.861558
2026-09-17T03:36:05.544319162Z,aggregation,full,a42d74844cf7,200,13.447167
2026-09-17T03:36:05.603111572Z,aggregation,full,a42d74844cf7,200,12.310901
2026-09-17T03:36:05.663730522Z,aggregation,full,a42d74844cf7,200,13.115833
2026-09-17T03:36:05.726833391Z,aggregation,full,a42d74844cf7,200,15.37451
2026-09-17T03:36:05.786196084Z,aggregation,full,a42d74844cf7,200,14.687377
2026-09-17T03:36:05.843778864Z,aggregation,full,a42d74844cf7,200,13.004639
2026-09-17T03:36:05.904154706Z,aggregation,full,a42d74844cf7,200,13.448953
2026-09-17T03:36:05.963366038Z,aggregation,full,a42d74844cf7,200,12.773152
2026-09-17T03:36:06.026881118Z,aggregation,full,a42d74844cf7,200,15.992576
2026-09-17T03:36:06.084485149Z,aggregation,full,a42d74844cf7,200,13.786668
2026-09-17T03:36:06.143218815Z,aggregation,full,a42d74844cf7,200,12.035535
2026-09-17T03:36:06.205215176Z,aggregation,full,a42d74844cf7,200,14.153912
2026-09-17T03:36:06.267081044Z,aggregation,full,a42d74844cf7,200,16.470562
2026-09-17T03:36:06.326449255Z,aggregation,full,a42d74844cf7,200,15.416962
2026-09-17T03:36:06.383441528Z,aggregation,full,a42d74844cf7,200,12.401777
2026-09-17T03:36:06.444388012Z,aggregation,full,a42d74844cf7,200,13.330908
2026-09-17T03:36:06.507218124Z,aggregation,full,a42d74844cf7,200,15.943377
2026-09-17T03:36:06.563106515Z,aggregation,full,a42d74844cf7,200,12.421725
2026-09-17T03:36:06.631895955Z,aggregation,full,a42d74844cf7,200,21.17722
2026-09-17T03:36:06.683558904Z,aggregation,full,a42d74844cf7,200,12.41654
2026-09-17T03:36:06.744562619Z,aggregation,full,a42d74844cf7,200,13.127134
2026-09-17T03:36:06.804970617Z,aggregation,full,a42d74844cf7,200,13.950661
2026-09-17T03:36:06.86208937Z,aggregation,full,a42d74844cf7,200,10.698713
2026-09-17T03:36:06.925843844Z,aggregation,full,a42d74844cf7,200,14.92883
2026-09-17T03:36:06.984833475Z,aggregation,full,a42d74844cf7,200,13.312593
2026-09-17T03:36:07.046563564Z,aggregation,full,a42d74844cf7,200,15.205172
2026-09-17T03:36:07.106792679Z,aggregation,full,a42d74844cf7,200,15.187502
2026-09-17T03:36:07.164047422Z,aggregation,full,a42d74844cf7,200,13.3566
2026-09-17T03:36:07.229729818Z,aggregation,full,a42d74844cf7,200,18.926534
2026-09-17T03:36:07.287348589Z,aggregation,full,a42d74844cf7,200,16.037599
2026-09-17T03:36:07.345897172Z,aggregation,full,a42d74844cf7,200,14.789794
2026-09-17T03:36:07.404781611Z,aggregation,full,a42d74844cf7,200,13.19046
2026-09-17T03:36:07.464233423Z,aggregation,full,a42d74844cf7,200,13.001353
2026-09-17T03:36:07.525763675Z,aggregation,full,a42d74844cf7,200,14.599161
2026-09-17T03:36:07.584657121Z,aggregation,full,a42d74844cf7,200,13.181559
2026-09-17T03:36:07.64426216Z,aggregation,full,a42d74844cf7,200,12.93746
2026-09-17T03:36:07.704230042Z,aggregation,full,a42d74844cf7,200,13.370247
2026-09-17T03:36:07.764592625Z,aggregation,full,a42d74844cf7,200,13.782028
2026-09-17T03:36:07.829128509Z,aggregation,full,a42d74844cf7,200,17.858034
2026-09-17T03:36:07.887546943Z,aggregation,full,a42d74844cf7,200,16.710632
2026-09-17T03:36:07.945614465Z,aggregation,full,a42d74844cf7,200,14.314438
2026-09-17T03:36:08.00443232Z,aggregation,full,a42d74844cf7,200,13.27385
2026-09-17T03:36:08.063792795Z,aggregation,full,a42d74844cf7,200,12.844316
2026-09-17T03:36:08.127797764Z,aggregation,full,a42d74844cf7,200,16.269032
2026-09-17T03:36:08.189275511Z,aggregation,full,a42d74844cf7,200,18.376538
2026-09-17T03:36:08.248284951Z,aggregation,full,a42d74844cf7,200,17.511777
2026-09-17T03:36:08.304469385Z,aggregation,full,a42d74844cf7,200,13.750996
2026-09-17T03:36:08.366390901Z,aggregation,full,a42d74844cf7,200,15.283018
2026-09-17T03:36:08.42744461Z,aggregation,full,a42d74844cf7,200,16.900165
2026-09-17T03:36:08.485582294Z,aggregation,full,a42d74844cf7,200,14.454244
2026-09-17T03:36:08.542949217Z,aggregation,full,a42d74844cf7,200,12.377601
2026-09-17T03:36:08.602724335Z,aggregation,full,a42d74844cf7,200,12.217025
2026-09-17T03:36:08.66693572Z,aggregation,full,a42d74844cf7,200,15.378985
2026-09-17T03:36:08.726504933Z,aggregation,full,a42d74844cf7,200,15.490249
2026-09-17T03:36:08.785668963Z,aggregation,full,a42d74844cf7,200,14.530645
2026-09-17T03:36:08.845116932Z,aggregation,full,a42d74844cf7,200,13.710593
2026-09-17T03:36:08.904339592Z,aggregation,full,a42d74844cf7,200,13.548522
2026-09-17T03:36:08.962842872Z,aggregation,full,a42d74844cf7,200,11.95932
2026-09-17T03:36:09.028296611Z,aggregation,full,a42d74844cf7,200,17.726002
2026-09-17T03:36:09.083988899Z,aggregation,full,a42d74844cf7,200,13.159695
2026-09-17T03:36:09.14381456Z,aggregation,full,a42d74844cf7,200,13.261438
2026-09-17T03:36:09.203792023Z,aggregation,full,a42d74844cf7,200,12.324467
2026-09-17T03:36:09.265355897Z,aggregation,full,a42d74844cf7,200,13.979684
2026-09-17T03:36:09.326320214Z,aggregation,full,a42d74844cf7,200,15.365648
2026-09-17T03:36:09.387143272Z,aggregation,full,a42d74844cf7,200,15.662501
2026-09-17T03:36:09.443595656Z,aggregation,full,a42d74844cf7,200,12.692595
2026-09-17T03:36:09.512134716Z,aggregation,full,a42d74844cf7,200,20.770306
2026-09-17T03:36:09.562803462Z,aggregation,full,a42d74844cf7,200,12.226615
2026-09-17T03:36:09.631356691Z,aggregation,full,a42d74844cf7,200,19.959483
2026-09-17T03:36:09.684038905Z,aggregation,full,a42d74844cf7,200,12.745009
2026-09-17T03:36:09.746552435Z,aggregation,full,a42d74844cf7,200,15.863396
2026-09-17T03:36:09.804426328Z,aggregation,full,a42d74844cf7,200,13.286125
2026-09-17T03:36:09.863570912Z,aggregation,full,a42d74844cf7,200,12.625281
2026-09-17T03:36:09.931395822Z,aggregation,full,a42d74844cf7,200,20.135796
2026-09-17T03:36:09.985592081Z,aggregation,full,a42d74844cf7,200,14.554293
2026-09-17T03:36:10.044900022Z,aggregation,full,a42d74844cf7,200,13.67649
2026-09-17T03:36:10.10743478Z,aggregation,full,a42d74844cf7,200,16.854351
2026-09-17T03:36:10.164383583Z,aggregation,full,a42d74844cf7,200,13.490127
2026-09-17T03:36:10.226638858Z,aggregation,full,a42d74844cf7,200,15.510155
2026-09-17T03:36:10.283730983Z,aggregation,full,a42d74844cf7,200,12.326568
2026-09-17T03:36:10.343623109Z,aggregation,full,a42d74844cf7,200,12.277984
2026-09-17T03:36:10.404969846Z,aggregation,full,a42d74844cf7,200,13.764767
2026-09-17T03:36:10.463331616Z,aggregation,full,a42d74844cf7,200,12.87583
2026-09-17T03:36:10.52765697Z,aggregation,full,a42d74844cf7,200,16.357425
2026-09-17T03:36:10.584623063Z,aggregation,full,a42d74844cf7,200,13.349906
2026-09-17T03:36:10.6442468Z,aggregation,full,a42d74844cf7,200,12.791253
2026-09-17T03:36:10.705392911Z,aggregation,full,a42d74844cf7,200,14.500408
2026-09-17T03:36:10.764025336Z,aggregation,full,a42d74844cf7,200,12.70007
2026-09-17T03:36:10.825749773Z,aggregation,full,a42d74844cf7,200,15.084512
2026-09-17T03:36:10.884350181Z,aggregation,full,a42d74844cf7,200,13.02969
2026-09-17T03:36:10.943775557Z,aggregation,full,a42d74844cf7,200,12.634426
2026-09-17T03:36:11.004964452Z,aggregation,full,a42d74844cf7,200,13.480806
2026-09-17T03:36:11.062486178Z,aggregation,full,a42d74844cf7,200,12.126012
2026-09-17T03:36:11.127036914Z,aggregation,full,a42d74844cf7,200,15.871592
2026-09-17T03:36:11.184113022Z,aggregation,full,a42d74844cf7,200,13.235707
2026-09-17T03:36:11.244126097Z,aggregation,full,a42d74844cf7,200,13.620977
2026-09-17T03:36:11.304648646Z,aggregation,full,a42d74844cf7,200,13.971548
2026-09-17T03:36:11.365331088Z,aggregation,full,a42d74844cf7,200,14.128954
2026-09-17T03:36:11.428015888Z,aggregation,full,a42d74844cf7,200,16.791199
2026-09-17T03:36:11.484037624Z,aggregation,full,a42d74844cf7,200,13.512072
2026-09-17T03:36:11.54602423Z,aggregation,full,a42d74844cf7,200,14.756347
2026-09-17T03:36:11.602786863Z,aggregation,full,a42d74844cf7,200,12.018604
2026-09-17T03:36:11.664035793Z,aggregation,full,a42d74844cf7,200,12.667974
2026-09-17T03:36:11.730776901Z,aggregation,full,a42d74844cf7,200,20.093928
2026-09-17T03:36:11.784954422Z,aggregation,full,a42d74844cf7,200,13.478725
2026-09-17T03:36:11.844168867Z,aggregation,full,a42d74844cf7,200,13.598539
2026-09-17T03:36:11.904867195Z,aggregation,full,a42d74844cf7,200,14.005205
2026-09-17T03:36:11.964790344Z,aggregation,full,a42d74844cf7,200,13.39888
2026-09-17T03:36:12.028151664Z,aggregation,full,a42d74844cf7,200,17.654593
2026-09-17T03:36:12.084724278Z,aggregation,full,a42d74844cf7,200,13.798169
2026-09-17T03:36:12.147612143Z,aggregation,full,a42d74844cf7,200,16.22359
2026-09-17T03:36:12.203521726Z,aggregation,full,a42d74844cf7,200,12.062447
2026-09-17T03:36:12.26403757Z,aggregation,full,a42d74844cf7,200,13.09157
2026-09-17T03:36:12.328039894Z,aggregation,full,a42d74844cf7,200,17.534309
2026-09-17T03:36:12.384430448Z,aggregation,full,a42d74844cf7,200,13.805915
2026-09-17T03:36:12.44477216Z,aggregation,full,a42d74844cf7,200,13.518518
2026-09-17T03:36:12.504406051Z,aggregation,full,a42d74844cf7,200,12.936929
2026-09-17T03:36:12.56373279Z,aggregation,full,a42d74844cf7,200,12.583091
2026-09-17T03:36:12.628710534Z,aggregation,full,a42d74844cf7,200,17.352704
2026-09-17T03:36:12.685105064Z,aggregation,full,a42d74844cf7,200,13.744926
2026-09-17T03:36:12.756197743Z,aggregation,full,a42d74844cf7,200,25.212098
2026-09-17T03:36:12.805094762Z,aggregation,full,a42d74844cf7,200,13.663159
2026-09-17T03:36:12.863251707Z,aggregation,full,a42d74844cf7,200,12.685945
2026-09-17T03:36:12.925983773Z,aggregation,full,a42d74844cf7,200,15.100498
2026-09-17T03:36:12.984141994Z,aggregation,full,a42d74844cf7,200,13.510297
2026-09-17T03:36:13.043175679Z,aggregation,full,a42d74844cf7,200,12.456302
2026-09-17T03:36:13.102558562Z,aggregation,full,a42d74844cf7,200,11.858332
2026-09-17T03:36:13.163482778Z,aggregation,full,a42d74844cf7,200,12.371361
2026-09-17T03:36:13.229738918Z,aggregation,full,a42d74844cf7,200,17.803835
2026-09-17T03:36:13.28346246Z,aggregation,full,a42d74844cf7,200,12.920073
2026-09-17T03:36:13.344286307Z,aggregation,full,a42d74844cf7,200,13.647888
2026-09-17T03:36:13.40446047Z,aggregation,full,a42d74844cf7,200,13.423052
2026-09-17T03:36:13.464652445Z,aggregation,full,a42d74844cf7,200,13.466825
2026-09-17T03:36:13.526755274Z,aggregation,full,a42d74844cf7,200,16.164529
2026-09-17T03:36:13.584947641Z,aggregation,full,a42d74844cf7,200,13.438882
2026-09-17T03:36:13.643680375Z,aggregation,full,a42d74844cf7,200,12.950485
2026-09-17T03:36:13.704228676Z,aggregation,full,a42d74844cf7,200,12.820335
2026-09-17T03:36:13.763797637Z,aggregation,full,a42d74844cf7,200,12.503276
2026-09-17T03:36:13.82783647Z,aggregation,full,a42d74844cf7,200,16.9371
2026-09-17T03:36:13.883864717Z,aggregation,full,a42d74844cf7,200,12.325306
2026-09-17T03:36:13.944051441Z,aggregation,full,a42d74844cf7,200,13.315503
2026-09-17T03:36:14.003786396Z,aggregation,full,a42d74844cf7,200,13.024961
2026-09-17T03:36:14.064314609Z,aggregation,full,a42d74844cf7,200,12.89162
2026-09-17T03:36:14.126338048Z,aggregation,full,a42d74844cf7,200,15.343188
2026-09-17T03:36:14.184489104Z,aggregation,full,a42d74844cf7,200,13.476896
2026-09-17T03:36:14.245164084Z,aggregation,full,a42d74844cf7,200,13.978933
2026-09-17T03:36:14.307771793Z,aggregation,full,a42d74844cf7,200,16.704826
2026-09-17T03:36:14.364904776Z,aggregation,full,a42d74844cf7,200,14.274383
2026-09-17T03:36:14.426666222Z,aggregation,full,a42d74844cf7,200,16.127001
2026-09-17T03:36:14.483909062Z,aggregation,full,a42d74844cf7,200,12.61767
2026-09-17T03:36:14.543952527Z,aggregation,full,a42d74844cf7,200,13.013916
2026-09-17T03:36:14.604892827Z,aggregation,full,a42d74844cf7,200,14.129514
2026-09-17T03:36:14.662814563Z,aggregation,full,a42d74844cf7,200,12.432506
2026-09-17T03:36:14.727504622Z,aggregation,full,a42d74844cf7,200,15.974132
2026-09-17T03:36:14.785719093Z,aggregation,full,a42d74844cf7,200,14.496922
2026-09-17T03:36:14.844382928Z,aggregation,full,a42d74844cf7,200,12.795595
2026-09-17T03:36:14.904978217Z,aggregation,full,a42d74844cf7,200,14.003726
2026-09-17T03:36:14.964334617Z,aggregation,full,a42d74844cf7,200,13.867739
2026-09-17T03:36:15.027145301Z,aggregation,full,a42d74844cf7,200,16.197193
2026-09-17T03:36:15.084167074Z,aggregation,full,a42d74844cf7,200,13.367982
2026-09-17T03:36:15.145284119Z,aggregation,full,a42d74844cf7,200,14.344931
2026-09-17T03:36:15.20470841Z,aggregation,full,a42d74844cf7,200,13.774799
2026-09-17T03:36:15.264877414Z,aggregation,full,a42d74844cf7,200,13.470981
2026-09-17T03:36:15.332326285Z,aggregation,full,a42d74844cf7,200,20.912061
2026-09-17T03:36:15.383922923Z,aggregation,full,a42d74844cf7,200,12.873208
2026-09-17T03:36:15.444092819Z,aggregation,full,a42d74844cf7,200,13.532337
2026-09-17T03:36:15.503726136Z,aggregation,full,a42d74844cf7,200,13.010303
2026-09-17T03:36:15.563942315Z,aggregation,full,a42d74844cf7,200,12.566142
2026-09-17T03:36:15.627463876Z,aggregation,full,a42d74844cf7,200,16.944786
2026-09-17T03:36:15.684342404Z,aggregation,full,a42d74844cf7,200,13.077183
2026-09-17T03:36:15.744609752Z,aggregation,full,a42d74844cf7,200,13.611177
2026-09-17T03:36:15.805349673Z,aggregation,full,a42d74844cf7,200,14.041811
2026-09-17T03:36:15.863230021Z,aggregation,full,a42d74844cf7,200,12.362348
2026-09-17T03:36:15.930188082Z,aggregation,full,a42d74844cf7,200,19.197178
2026-09-17T03:36:15.984129556Z,aggregation,full,a42d74844cf7,200,13.330647
2026-09-17T03:36:16.043955807Z,aggregation,full,a42d74844cf7,200,13.180931
2026-09-17T03:36:16.103950569Z,aggregation,full,a42d74844cf7,200,13.410117
2026-09-17T03:36:16.164247647Z,aggregation,full,a42d74844cf7,200,13.751754
2026-09-17T03:36:16.229389496Z,aggregation,full,a42d74844cf7,200,18.579305
2026-09-17T03:36:16.283829937Z,aggregation,full,a42d74844cf7,200,12.71156
2026-09-17T03:36:16.345145076Z,aggregation,full,a42d74844cf7,200,14.567456
2026-09-17T03:36:16.406330545Z,aggregation,full,a42d74844cf7,200,15.480009
2026-09-17T03:36:16.463868276Z,aggregation,full,a42d74844cf7,200,12.958673
2026-09-17T03:36:16.528713338Z,aggregation,full,a42d74844cf7,200,18.10902
2026-09-17T03:36:16.584447649Z,aggregation,full,a42d74844cf7,200,13.080633
2026-09-17T03:36:16.643011983Z,aggregation,full,a42d74844cf7,200,11.938091
2026-09-17T03:36:16.706452063Z,aggregation,full,a42d74844cf7,200,15.764647
2026-09-17T03:36:16.766603964Z,aggregation,full,a42d74844cf7,200,15.495036
2026-09-17T03:36:16.832279967Z,aggregation,full,a42d74844cf7,200,21.032907
2026-09-17T03:36:16.8847447Z,aggregation,full,a42d74844cf7,200,13.813309
2026-09-17T03:36:16.945115652Z,aggregation,full,a42d74844cf7,200,13.566759
2026-09-17T03:36:17.003897122Z,aggregation,full,a42d74844cf7,200,12.891614
2026-09-17T03:36:17.067310636Z,aggregation,full,a42d74844cf7,200,15.904972
2026-09-17T03:36:17.125713742Z,aggregation,full,a42d74844cf7,200,14.852656
2026-09-17T03:36:17.184751899Z,aggregation,full,a42d74844cf7,200,13.285572
2026-09-17T03:36:17.245180936Z,aggregation,full,a42d74844cf7,200,13.735043
2026-09-17T03:36:17.304167841Z,aggregation,full,a42d74844cf7,200,13.185124
2026-09-17T03:36:17.363734893Z,aggregation,full,a42d74844cf7,200,13.289029
2026-09-17T03:36:17.430385227Z,aggregation,full,a42d74844cf7,200,18.960754
2026-09-17T03:36:17.488487741Z,aggregation,full,a42d74844cf7,200,16.570923
2026-09-17T03:36:17.546674028Z,aggregation,full,a42d74844cf7,200,15.426941
2026-09-17T03:36:17.607707726Z,aggregation,full,a42d74844cf7,200,16.429333
2026-09-17T03:36:17.664274618Z,aggregation,full,a42d74844cf7,200,12.983572
2026-09-17T03:36:17.731001887Z,aggregation,full,a42d74844cf7,200,20.185407
2026-09-17T03:36:17.784196615Z,aggregation,full,a42d74844cf7,200,13.594022
2026-09-17T03:36:17.845972863Z,aggregation,full,a42d74844cf7,200,14.963946
2026-09-17T03:36:17.907935291Z,aggregation,full,a42d74844cf7,200,17.303913
2026-09-17T03:36:17.966625696Z,aggregation,full,a42d74844cf7,200,15.09028
2026-09-17T03:36:18.027885729Z,aggregation,full,a42d74844cf7,200,16.307768
2026-09-17T03:36:18.087759624Z,aggregation,full,a42d74844cf7,200,17.214816
2026-09-17T03:36:18.146641864Z,aggregation,full,a42d74844cf7,200,15.042992
2026-09-17T03:36:18.214079377Z,aggregation,full,a42d74844cf7,200,22.610562
2026-09-17T03:36:18.266107065Z,aggregation,full,a42d74844cf7,200,14.883195
2026-09-17T03:36:18.326129081Z,aggregation,full,a42d74844cf7,200,14.978067
2026-09-17T03:36:18.384526927Z,aggregation,full,a42d74844cf7,200,13.638385
2026-09-17T03:36:18.445444701Z,aggregation,full,a42d74844cf7,200,14.210173
2026-09-17T03:36:18.504341342Z,aggregation,full,a42d74844cf7,200,13.349044
2026-09-17T03:36:18.564922969Z,aggregation,full,a42d74844cf7,200,14.157854
2026-09-17T03:36:18.628417308Z,aggregation,full,a42d74844cf7,200,16.792504
2026-09-17T03:36:18.683701483Z,aggregation,full,a42d74844cf7,200,14.139527
2026-09-17T03:36:18.743702697Z,aggregation,full,a42d74844cf7,200,14.005653
2026-09-17T03:36:18.801155868Z,aggregation,full,a42d74844cf7,200,11.834654
2026-09-17T03:36:18.865849123Z,aggregation,full,a42d74844cf7,200,15.970538
2026-09-17T03:36:18.92569872Z,aggregation,full,a42d74844cf7,200,16.050648
2026-09-17T03:36:18.982407469Z,aggregation,full,a42d74844cf7,200,13.091703
2026-09-17T03:36:19.043455117Z,aggregation,full,a42d74844cf7,200,14.391573
2026-09-17T03:36:19.104684884Z,aggregation,full,a42d74844cf7,200,15.291151
2026-09-17T03:36:19.160927993Z,aggregation,full,a42d74844cf7,200,12.012392
2026-09-17T03:36:19.22506668Z,aggregation,full,a42d74844cf7,200,15.370687
2026-09-17T03:36:19.283284119Z,aggregation,full,a42d74844cf7,200,13.343593
2026-09-17T03:36:19.342869982Z,aggregation,full,a42d74844cf7,200,13.019899
2026-09-17T03:36:19.405629739Z,aggregation,full,a42d74844cf7,200,16.073855
2026-09-17T03:36:19.461742384Z,aggregation,full,a42d74844cf7,200,12.696359
2026-09-17T03:36:19.524418947Z,aggregation,full,a42d74844cf7,200,14.778838
2026-09-17T03:36:19.581910444Z,aggregation,full,a42d74844cf7,200,12.837814
2026-09-17T03:36:19.64273312Z,aggregation,full,a42d74844cf7,200,13.117586
2026-09-17T03:36:19.701820005Z,aggregation,full,a42d74844cf7,200,12.324815
2026-09-17T03:36:19.762562264Z,aggregation,full,a42d74844cf7,200,13.133796
2026-09-17T03:36:19.828023818Z,aggregation,full,a42d74844cf7,200,18.770889
2026-09-17T03:36:19.88280022Z,aggregation,full,a42d74844cf7,200,13.005192
2026-09-17T03:36:19.942552125Z,aggregation,full,a42d74844cf7,200,13.049211
2026-09-17T03:36:20.004906618Z,aggregation,full,a42d74844cf7,200,15.648883
2026-09-17T03:36:20.062354807Z,aggregation,full,a42d74844cf7,200,13.054129
2026-09-17T03:36:20.125867158Z,aggregation,full,a42d74844cf7,200,16.646934
2026-09-17T03:36:20.182443797Z,aggregation,full,a42d74844cf7,200,12.896334
2026-09-17T03:36:20.241412637Z,aggregation,full,a42d74844cf7,200,12.351526
2026-09-17T03:36:20.302742572Z,aggregation,full,a42d74844cf7,200,13.687578
2026-09-17T03:36:20.362826593Z,aggregation,full,a42d74844cf7,200,13.404578
2026-09-17T03:36:20.42657747Z,aggregation,full,a42d74844cf7,200,16.99156
2026-09-17T03:36:20.483172922Z,aggregation,full,a42d74844cf7,200,13.823945
2026-09-17T03:36:20.543062487Z,aggregation,full,a42d74844cf7,200,13.992582
2026-09-17T03:36:20.603317009Z,aggregation,full,a42d74844cf7,200,13.589126
2026-09-17T03:36:20.662519178Z,aggregation,full,a42d74844cf7,200,13.560925
2026-09-17T03:36:20.725324545Z,aggregation,full,a42d74844cf7,200,16.220011
2026-09-17T03:36:20.782051789Z,aggregation,full,a42d74844cf7,200,13.134972
2026-09-17T03:36:20.844024744Z,aggregation,full,a42d74844cf7,200,14.219209
2026-09-17T03:36:20.90852589Z,aggregation,full,a42d74844cf7,200,18.604852
2026-09-17T03:36:20.961720221Z,aggregation,full,a42d74844cf7,200,12.05303
2026-09-17T03:36:21.024850448Z,aggregation,full,a42d74844cf7,200,15.328394
2026-09-17T03:36:21.082430039Z,aggregation,full,a42d74844cf7,200,12.843396
2026-09-17T03:36:21.143562007Z,aggregation,full,a42d74844cf7,200,14.450307
2026-09-17T03:36:21.204278916Z,aggregation,full,a42d74844cf7,200,14.926133
2026-09-17T03:36:21.262587862Z,aggregation,full,a42d74844cf7,200,12.894479
2026-09-17T03:36:21.326624061Z,aggregation,full,a42d74844cf7,200,17.12626
2026-09-17T03:36:21.384165258Z,aggregation,full,a42d74844cf7,200,14.811724
2026-09-17T03:36:21.44261216Z,aggregation,full,a42d74844cf7,200,12.84732
2026-09-17T03:36:21.503686299Z,aggregation,full,a42d74844cf7,200,14.115051
2026-09-17T03:36:21.560331108Z,aggregation,full,a42d74844cf7,200,11.409211
2026-09-17T03:36:21.628404824Z,aggregation,full,a42d74844cf7,200,19.249809
2026-09-17T03:36:21.683364416Z,aggregation,full,a42d74844cf7,200,14.380471
2026-09-17T03:36:21.743073098Z,aggregation,full,a42d74844cf7,200,14.082839
2026-09-17T03:36:21.802241798Z,aggregation,full,a42d74844cf7,200,12.512458
2026-09-17T03:36:21.861852202Z,aggregation,full,a42d74844cf7,200,12.155812
2026-09-17T03:36:21.92526029Z,aggregation,full,a42d74844cf7,200,15.509382
2026-09-17T03:36:21.98186545Z,aggregation,full,a42d74844cf7,200,12.864165
2026-09-17T03:36:22.042656705Z,aggregation,full,a42d74844cf7,200,13.11566
2026-09-17T03:36:22.10148781Z,aggregation,full,a42d74844cf7,200,12.170334
2026-09-17T03:36:22.161679833Z,aggregation,full,a42d74844cf7,200,12.916206
2026-09-17T03:36:22.224124044Z,aggregation,full,a42d74844cf7,200,14.616959
2026-09-17T03:36:22.283921047Z,aggregation,full,a42d74844cf7,200,14.243111
2026-09-17T03:36:22.343645653Z,aggregation,full,a42d74844cf7,200,13.980036
2026-09-17T03:36:22.404042593Z,aggregation,full,a42d74844cf7,200,14.128708
2026-09-17T03:36:22.462513461Z,aggregation,full,a42d74844cf7,200,12.948583
2026-09-17T03:36:22.526110057Z,aggregation,full,a42d74844cf7,200,16.545827
2026-09-17T03:36:22.582446198Z,aggregation,full,a42d74844cf7,200,12.562609
2026-09-17T03:36:22.642279765Z,aggregation,full,a42d74844cf7,200,13.224614
2026-09-17T03:36:22.705016453Z,aggregation,full,a42d74844cf7,200,14.791068
2026-09-17T03:36:22.761654197Z,aggregation,full,a42d74844cf7,200,12.282427
2026-09-17T03:36:22.8288102Z,aggregation,full,a42d74844cf7,200,19.463568
2026-09-17T03:36:22.885255224Z,aggregation,full,a42d74844cf7,200,15.754531
2026-09-17T03:36:22.944969187Z,aggregation,full,a42d74844cf7,200,15.80437
2026-09-17T03:36:23.00317722Z,aggregation,full,a42d74844cf7,200,13.50305
2026-09-17T03:36:23.062980043Z,aggregation,full,a42d74844cf7,200,13.283182
2026-09-17T03:36:23.125312314Z,aggregation,full,a42d74844cf7,200,15.463183
2026-09-17T03:36:23.183475049Z,aggregation,full,a42d74844cf7,200,14.22845
2026-09-17T03:36:23.242105168Z,aggregation,full,a42d74844cf7,200,13.089624
2026-09-17T03:36:23.303873797Z,aggregation,full,a42d74844cf7,200,13.972841
2026-09-17T03:36:23.361204947Z,aggregation,full,a42d74844cf7,200,11.740919
2026-09-17T03:36:23.426660485Z,aggregation,full,a42d74844cf7,200,16.64785
2026-09-17T03:36:23.48203481Z,aggregation,full,a42d74844cf7,200,12.57888
2026-09-17T03:36:23.542176903Z,aggregation,full,a42d74844cf7,200,13.108455
2026-09-17T03:36:23.603075909Z,aggregation,full,a42d74844cf7,200,14.063919
2026-09-17T03:36:23.663937691Z,aggregation,full,a42d74844cf7,200,14.147894
2026-09-17T03:36:23.730432142Z,aggregation,full,a42d74844cf7,200,20.689462
2026-09-17T03:36:23.781449896Z,aggregation,full,a42d74844cf7,200,12.329395
2026-09-17T03:36:23.842088881Z,aggregation,full,a42d74844cf7,200,12.990226
2026-09-17T03:36:23.906650205Z,aggregation,full,a42d74844cf7,200,16.685002
2026-09-17T03:36:23.962557667Z,aggregation,full,a42d74844cf7,200,13.404013
2026-09-17T03:36:24.026885417Z,aggregation,full,a42d74844cf7,200,17.789771
2026-09-17T03:36:24.082815274Z,aggregation,full,a42d74844cf7,200,13.065442
2026-09-17T03:36:24.144124662Z,aggregation,full,a42d74844cf7,200,14.595504
2026-09-17T03:36:24.203038026Z,aggregation,full,a42d74844cf7,200,13.319791
2026-09-17T03:36:24.262979459Z,aggregation,full,a42d74844cf7,200,13.435631
2026-09-17T03:36:24.325241917Z,aggregation,full,a42d74844cf7,200,15.694421
2026-09-17T03:36:24.3857558Z,aggregation,full,a42d74844cf7,200,16.908086
2026-09-17T03:36:24.444969582Z,aggregation,full,a42d74844cf7,200,15.62603
2026-09-17T03:36:24.5061551Z,aggregation,full,a42d74844cf7,200,16.556448
2026-09-17T03:36:24.562237054Z,aggregation,full,a42d74844cf7,200,12.620494
2026-09-17T03:36:24.624239853Z,aggregation,full,a42d74844cf7,200,15.265406
2026-09-17T03:36:24.683203301Z,aggregation,full,a42d74844cf7,200,13.271172
2026-09-17T03:36:24.744225211Z,aggregation,full,a42d74844cf7,200,14.523584
2026-09-17T03:36:24.803219651Z,aggregation,full,a42d74844cf7,200,13.395218
2026-09-17T03:36:24.86112089Z,aggregation,full,a42d74844cf7,200,11.093063
2026-09-17T03:36:24.927927783Z,aggregation,full,a42d74844cf7,200,18.115866
2026-09-17T03:36:24.984781848Z,aggregation,full,a42d74844cf7,200,15.168539
2026-09-17T03:36:25.043718158Z,aggregation,full,a42d74844cf7,200,14.377002
2026-09-17T03:36:25.102918229Z,aggregation,full,a42d74844cf7,200,13.643022
2026-09-17T03:36:25.162325386Z,aggregation,full,a42d74844cf7,200,12.902739
2026-09-17T03:36:25.224586444Z,aggregation,full,a42d74844cf7,200,15.744176
2026-09-17T03:36:25.283159874Z,aggregation,full,a42d74844cf7,200,13.914696
2026-09-17T03:36:25.343996783Z,aggregation,full,a42d74844cf7,200,14.009633
2026-09-17T03:36:25.407916329Z,aggregation,full,a42d74844cf7,200,18.220007
2026-09-17T03:36:25.467450161Z,aggregation,full,a42d74844cf7,200,18.262792
2026-09-17T03:36:25.529175834Z,aggregation,full,a42d74844cf7,200,19.808619
2026-09-17T03:36:25.588416302Z,aggregation,full,a42d74844cf7,200,18.489659
2026-09-17T03:36:25.641469138Z,aggregation,full,a42d74844cf7,200,12.546034
2026-09-17T03:36:25.707146825Z,aggregation,full,a42d74844cf7,200,17.804191
2026-09-17T03:36:25.762908136Z,aggregation,full,a42d74844cf7,200,13.196148
2026-09-17T03:36:25.828588039Z,aggregation,full,a42d74844cf7,200,18.875972
2026-09-17T03:36:25.88506858Z,aggregation,full,a42d74844cf7,200,15.644269
2026-09-17T03:36:25.946752364Z,aggregation,full,a42d74844cf7,200,17.035073
2026-09-17T03:36:26.00238594Z,aggregation,full,a42d74844cf7,200,13.114268
2026-09-17T03:36:26.064397589Z,aggregation,full,a42d74844cf7,200,14.55786
2026-09-17T03:36:26.12654104Z,aggregation,full,a42d74844cf7,200,17.372435
2026-09-17T03:36:26.182755569Z,aggregation,full,a42d74844cf7,200,13.609809
2026-09-17T03:36:26.24358332Z,aggregation,full,a42d74844cf7,200,14.248044
2026-09-17T03:36:26.302309574Z,aggregation,full,a42d74844cf7,200,13.24896
2026-09-17T03:36:26.363474196Z,aggregation,full,a42d74844cf7,200,13.646908
2026-09-17T03:36:26.426269534Z,aggregation,full,a42d74844cf7,200,17.251399
2026-09-17T03:36:26.482356004Z,aggregation,full,a42d74844cf7,200,13.462592
2026-09-17T03:36:26.542910958Z,aggregation,full,a42d74844cf7,200,13.646671
2026-09-17T03:36:26.604562887Z,aggregation,full,a42d74844cf7,200,14.932058
2026-09-17T03:36:26.662179013Z,aggregation,full,a42d74844cf7,200,13.159468
2026-09-17T03:36:26.7281576Z,aggregation,full,a42d74844cf7,200,18.36524
2026-09-17T03:36:26.78353458Z,aggregation,full,a42d74844cf7,200,13.721911
2026-09-17T03:36:26.842545611Z,aggregation,full,a42d74844cf7,200,13.24643
2026-09-17T03:36:26.906939728Z,aggregation,full,a42d74844cf7,200,17.713424
2026-09-17T03:36:26.962723485Z,aggregation,full,a42d74844cf7,200,13.329407
2026-09-17T03:36:27.03013538Z,aggregation,full,a42d74844cf7,200,20.866328
2026-09-17T03:36:27.081571256Z,aggregation,full,a42d74844cf7,200,11.845969
2026-09-17T03:36:27.141365894Z,aggregation,full,a42d74844cf7,200,12.075825
2026-09-17T03:36:27.202512256Z,aggregation,full,a42d74844cf7,200,13.49724
2026-09-17T03:36:27.261314364Z,aggregation,full,a42d74844cf7,200,12.455852
2026-09-17T03:36:27.324754696Z,aggregation,full,a42d74844cf7,200,15.818166
2026-09-17T03:36:27.381977603Z,aggregation,full,a42d74844cf7,200,12.511101
2026-09-17T03:36:27.443614694Z,aggregation,full,a42d74844cf7,200,13.936028
2026-09-17T03:36:27.503456885Z,aggregation,full,a42d74844cf7,200,14.184634
2026-09-17T03:36:27.560961376Z,aggregation,full,a42d74844cf7,200,12.077611
2026-09-17T03:36:27.627058648Z,aggregation,full,a42d74844cf7,200,17.411504
2026-09-17T03:36:27.682131332Z,aggregation,full,a42d74844cf7,200,12.233009
2026-09-17T03:36:27.743635902Z,aggregation,full,a42d74844cf7,200,13.824621
2026-09-17T03:36:27.804441591Z,aggregation,full,a42d74844cf7,200,15.01581
2026-09-17T03:36:27.862805203Z,aggregation,full,a42d74844cf7,200,13.881956
2026-09-17T03:36:27.927428981Z,aggregation,full,a42d74844cf7,200,17.794471
2026-09-17T03:36:27.981492736Z,aggregation,full,a42d74844cf7,200,12.540017
2026-09-17T03:36:28.041921982Z,aggregation,full,a42d74844cf7,200,12.643149
2026-09-17T03:36:28.104021764Z,aggregation,full,a42d74844cf7,200,14.40322
2026-09-17T03:36:28.163178546Z,aggregation,full,a42d74844cf7,200,13.306971
2026-09-17T03:36:28.237056748Z,aggregation,full,a42d74844cf7,200,27.084222
2026-09-17T03:36:28.284202328Z,aggregation,full,a42d74844cf7,200,14.291099
2026-09-17T03:36:28.371406806Z,aggregation,full,a42d74844cf7,200,41.422995
2026-09-17T03:36:28.404380536Z,aggregation,full,a42d74844cf7,200,14.446127
2026-09-17T03:36:28.461831989Z,aggregation,full,a42d74844cf7,200,12.742797
2026-09-17T03:36:28.526732819Z,aggregation,full,a42d74844cf7,200,16.85539
2026-09-17T03:36:28.582387055Z,aggregation,full,a42d74844cf7,200,13.022069
2026-09-17T03:36:28.641719923Z,aggregation,full,a42d74844cf7,200,12.584297
2026-09-17T03:36:28.703224083Z,aggregation,full,a42d74844cf7,200,13.993332
2026-09-17T03:36:28.762120317Z,aggregation,full,a42d74844cf7,200,12.307716
2026-09-17T03:36:28.826960112Z,aggregation,full,a42d74844cf7,200,17.150186
2026-09-17T03:36:28.883320633Z,aggregation,full,a42d74844cf7,200,13.663724
2026-09-17T03:36:28.94213758Z,aggregation,full,a42d74844cf7,200,13.115616
2026-09-17T03:36:29.002750764Z,aggregation,full,a42d74844cf7,200,12.974017
2026-09-17T03:36:29.064928826Z,aggregation,full,a42d74844cf7,200,15.495506
2026-09-17T03:36:29.129759826Z,aggregation,full,a42d74844cf7,200,19.874955
2026-09-17T03:36:29.182205919Z,aggregation,full,a42d74844cf7,200,12.763673
2026-09-17T03:36:29.24244854Z,aggregation,full,a42d74844cf7,200,12.538284
2026-09-17T03:36:29.303047922Z,aggregation,full,a42d74844cf7,200,13.809969
2026-09-17T03:36:29.362863696Z,aggregation,full,a42d74844cf7,200,13.145625
2026-09-17T03:36:29.428841556Z,aggregation,full,a42d74844cf7,200,19.330601
2026-09-17T03:36:29.483995286Z,aggregation,full,a42d74844cf7,200,14.451943
2026-09-17T03:36:29.545246927Z,aggregation,full,a42d74844cf7,200,15.248017
2026-09-17T03:36:29.603321633Z,aggregation,full,a42d74844cf7,200,13.473212
2026-09-17T03:36:29.662236003Z,aggregation,full,a42d74844cf7,200,12.500279
2026-09-17T03:36:29.727601478Z,aggregation,full,a42d74844cf7,200,18.723063
2026-09-17T03:36:29.785863983Z,aggregation,full,a42d74844cf7,200,16.308558
2026-09-17T03:36:29.843628294Z,aggregation,full,a42d74844cf7,200,14.124431
2026-09-17T03:36:29.907444247Z,aggregation,full,a42d74844cf7,200,17.602006
2026-09-17T03:36:29.96344926Z,aggregation,full,a42d74844cf7,200,14.266544
2026-09-17T03:36:30.024617676Z,aggregation,full,a42d74844cf7,200,15.452838
2026-09-17T03:36:30.085060196Z,aggregation,full,a42d74844cf7,200,15.841252
2026-09-17T03:36:30.14237714Z,aggregation,full,a42d74844cf7,200,12.605558
2026-09-17T03:36:30.203488497Z,aggregation,full,a42d74844cf7,200,14.417841
2026-09-17T03:36:30.262289898Z,aggregation,full,a42d74844cf7,200,13.343035
2026-09-17T03:36:30.325248009Z,aggregation,full,a42d74844cf7,200,15.317333
2026-09-17T03:36:30.381940151Z,aggregation,full,a42d74844cf7,200,12.995563
2026-09-17T03:36:30.443009053Z,aggregation,full,a42d74844cf7,200,13.452801
2026-09-17T03:36:30.508028242Z,aggregation,full,a42d74844cf7,200,18.196723
2026-09-17T03:36:30.562872067Z,aggregation,full,a42d74844cf7,200,13.182466
2026-09-17T03:36:30.626003403Z,aggregation,full,a42d74844cf7,200,16.467842
2026-09-17T03:36:30.682329222Z,aggregation,full,a42d74844cf7,200,12.564058
2026-09-17T03:36:30.741232235Z,aggregation,full,a42d74844cf7,200,12.080379
2026-09-17T03:36:30.802785374Z,aggregation,full,a42d74844cf7,200,13.800783
2026-09-17T03:36:30.863496396Z,aggregation,full,a42d74844cf7,200,14.034493
2026-09-17T03:36:30.923919479Z,aggregation,full,a42d74844cf7,200,14.846032
2026-09-17T03:36:30.983471003Z,aggregation,full,a42d74844cf7,200,13.604878
2026-09-17T03:36:31.042287969Z,aggregation,full,a42d74844cf7,200,13.091593
2026-09-17T03:36:31.103820234Z,aggregation,full,a42d74844cf7,200,14.905093
2026-09-17T03:36:31.162998254Z,aggregation,full,a42d74844cf7,200,13.526672
2026-09-17T03:36:31.225993063Z,aggregation,full,a42d74844cf7,200,16.417838
2026-09-17T03:36:31.285661674Z,aggregation,full,a42d74844cf7,200,15.905927
2026-09-17T03:36:31.34223597Z,aggregation,full,a42d74844cf7,200,12.896828
2026-09-17T03:36:31.403249785Z,aggregation,full,a42d74844cf7,200,13.280893
2026-09-17T03:36:31.461905638Z,aggregation,full,a42d74844cf7,200,12.181232
2026-09-17T03:36:31.525721193Z,aggregation,full,a42d74844cf7,200,15.878527
2026-09-17T03:36:31.583159352Z,aggregation,full,a42d74844cf7,200,13.763085
2026-09-17T03:36:31.6428491Z,aggregation,full,a42d74844cf7,200,13.034698
2026-09-17T03:36:31.704092302Z,aggregation,full,a42d74844cf7,200,14.584119
2026-09-17T03:36:31.763434097Z,aggregation,full,a42d74844cf7,200,13.904032
2026-09-17T03:36:31.826261021Z,aggregation,full,a42d74844cf7,200,17.144228
2026-09-17T03:36:31.882063662Z,aggregation,full,a42d74844cf7,200,13.013659
2026-09-17T03:36:31.944207565Z,aggregation,full,a42d74844cf7,200,14.258275
2026-09-17T03:36:32.001038333Z,aggregation,full,a42d74844cf7,200,12.076488
2026-09-17T03:36:32.062155748Z,aggregation,full,a42d74844cf7,200,12.393889
2026-09-17T03:36:32.125863354Z,aggregation,full,a42d74844cf7,200,15.996153
2026-09-17T03:36:32.181674515Z,aggregation,full,a42d74844cf7,200,12.111471
2026-09-17T03:36:32.243281578Z,aggregation,full,a42d74844cf7,200,14.052666
2026-09-17T03:36:32.306650223Z,aggregation,full,a42d74844cf7,200,16.673403
2026-09-17T03:36:32.362503132Z,aggregation,full,a42d74844cf7,200,13.328653
2026-09-17T03:36:32.424974994Z,aggregation,full,a42d74844cf7,200,15.789902
2026-09-17T03:36:32.483284359Z,aggregation,full,a42d74844cf7,200,13.659319
2026-09-17T03:36:32.542318502Z,aggregation,full,a42d74844cf7,200,13.068338
2026-09-17T03:36:32.604016185Z,aggregation,full,a42d74844cf7,200,14.806122
2026-09-17T03:36:32.662907405Z,aggregation,full,a42d74844cf7,200,13.208019
2026-09-17T03:36:32.725442647Z,aggregation,full,a42d74844cf7,200,15.912526
2026-09-17T03:36:32.78273946Z,aggregation,full,a42d74844cf7,200,13.610306
2026-09-17T03:36:32.84438523Z,aggregation,full,a42d74844cf7,200,14.951857
2026-09-17T03:36:32.904205421Z,aggregation,full,a42d74844cf7,200,15.127934
2026-09-17T03:36:32.964896239Z,aggregation,full,a42d74844cf7,200,15.042526
2026-09-17T03:36:33.027366041Z,aggregation,full,a42d74844cf7,200,17.671955
2026-09-17T03:36:33.084140821Z,aggregation,full,a42d74844cf7,200,14.895914
2026-09-17T03:36:33.143827241Z,aggregation,full,a42d74844cf7,200,13.94111
2026-09-17T03:36:33.20374775Z,aggregation,full,a42d74844cf7,200,13.88891
2026-09-17T03:36:33.264669255Z,aggregation,full,a42d74844cf7,200,15.316741
2026-09-17T03:36:33.326578199Z,aggregation,full,a42d74844cf7,200,17.336273
2026-09-17T03:36:33.387857306Z,aggregation,full,a42d74844cf7,200,18.227712
2026-09-17T03:36:33.447804507Z,aggregation,full,a42d74844cf7,200,17.246172
2026-09-17T03:36:33.503732721Z,aggregation,full,a42d74844cf7,200,14.403725
2026-09-17T03:36:33.571239267Z,aggregation,full,a42d74844cf7,200,21.87754
2026-09-17T03:36:33.626777163Z,aggregation,full,a42d74844cf7,200,16.915858
2026-09-17T03:36:33.682965457Z,aggregation,full,a42d74844cf7,200,13.349031
2026-09-17T03:36:33.744006556Z,aggregation,full,a42d74844cf7,200,14.617908
2026-09-17T03:36:33.80368428Z,aggregation,full,a42d74844cf7,200,14.104788
2026-09-17T03:36:33.863456668Z,aggregation,full,a42d74844cf7,200,14.243733
2026-09-17T03:36:33.927541763Z,aggregation,full,a42d74844cf7,200,18.420872
2026-09-17T03:36:33.984544829Z,aggregation,full,a42d74844cf7,200,15.225597
2026-09-17T03:36:34.04519193Z,aggregation,full,a42d74844cf7,200,15.983253
2026-09-17T03:36:34.10402842Z,aggregation,full,a42d74844cf7,200,15.102604
2026-09-17T03:36:34.162199135Z,aggregation,full,a42d74844cf7,200,12.445731
2026-09-17T03:36:34.226344175Z,aggregation,full,a42d74844cf7,200,16.471319
2026-09-17T03:36:34.282653508Z,aggregation,full,a42d74844cf7,200,13.689371
2026-09-17T03:36:34.342011574Z,aggregation,full,a42d74844cf7,200,12.605628
2026-09-17T03:36:34.402798198Z,aggregation,full,a42d74844cf7,200,13.177302
2026-09-17T03:36:34.465937711Z,aggregation,full,a42d74844cf7,200,16.665773
2026-09-17T03:36:34.526456515Z,aggregation,full,a42d74844cf7,200,16.568675
2026-09-17T03:36:34.58605985Z,aggregation,full,a42d74844cf7,200,17.032116
2026-09-17T03:36:34.644300415Z,aggregation,full,a42d74844cf7,200,14.563012
2026-09-17T03:36:34.702425443Z,aggregation,full,a42d74844cf7,200,13.403999
2026-09-17T03:36:34.761121118Z,aggregation,full,a42d74844cf7,200,12.256232
2026-09-17T03:36:34.826518969Z,aggregation,full,a42d74844cf7,200,17.393819
2026-09-17T03:36:34.882928255Z,aggregation,full,a42d74844cf7,200,13.624427
2026-09-17T03:36:34.943429234Z,aggregation,full,a42d74844cf7,200,13.795006
2026-09-17T03:36:35.004053259Z,aggregation,full,a42d74844cf7,200,14.732781
2026-09-17T03:36:35.061413183Z,aggregation,full,a42d74844cf7,200,11.95441
2026-09-17T03:36:35.124811406Z,aggregation,full,a42d74844cf7,200,15.634603
2026-09-17T03:36:35.182899826Z,aggregation,full,a42d74844cf7,200,13.210584
2026-09-17T03:36:35.243068073Z,aggregation,full,a42d74844cf7,200,13.588933
2026-09-17T03:36:35.302418698Z,aggregation,full,a42d74844cf7,200,12.613154
2026-09-17T03:36:35.361790496Z,aggregation,full,a42d74844cf7,200,12.765105
2026-09-17T03:36:35.425745582Z,aggregation,full,a42d74844cf7,200,16.012019
2026-09-17T03:36:35.483816449Z,aggregation,full,a42d74844cf7,200,14.138775
2026-09-17T03:36:35.541894888Z,aggregation,full,a42d74844cf7,200,12.114858
2026-09-17T03:36:35.603515591Z,aggregation,full,a42d74844cf7,200,14.027923
2026-09-17T03:36:35.662954468Z,aggregation,full,a42d74844cf7,200,13.8947
2026-09-17T03:36:35.726367332Z,aggregation,full,a42d74844cf7,200,16.532603
2026-09-17T03:36:35.783603287Z,aggregation,full,a42d74844cf7,200,14.657644
2026-09-17T03:36:35.842227967Z,aggregation,full,a42d74844cf7,200,12.964466
2026-09-17T03:36:35.904677189Z,aggregation,full,a42d74844cf7,200,14.685218
2026-09-17T03:36:35.964337207Z,aggregation,full,a42d74844cf7,200,15.261104
2026-09-17T03:36:36.027547926Z,aggregation,full,a42d74844cf7,200,18.565841
2026-09-17T03:36:36.08304607Z,aggregation,full,a42d74844cf7,200,13.80175
2026-09-17T03:36:36.142547866Z,aggregation,full,a42d74844cf7,200,12.909447
2026-09-17T03:36:36.202834373Z,aggregation,full,a42d74844cf7,200,13.565763
2026-09-17T03:36:36.261706931Z,aggregation,full,a42d74844cf7,200,12.22335
2026-09-17T03:36:36.325251106Z,aggregation,full,a42d74844cf7,200,15.942343
2026-09-17T03:36:36.382687082Z,aggregation,full,a42d74844cf7,200,13.610775
2026-09-17T03:36:36.442824681Z,aggregation,full,a42d74844cf7,200,13.559812
2026-09-17T03:36:36.503602305Z,aggregation,full,a42d74844cf7,200,14.00828
2026-09-17T03:36:36.561880378Z,aggregation,full,a42d74844cf7,200,13.093864
2026-09-17T03:36:36.625837194Z,aggregation,full,a42d74844cf7,200,16.335302
2026-09-17T03:36:36.681941853Z,aggregation,full,a42d74844cf7,200,12.481469
2026-09-17T03:36:36.745006041Z,aggregation,full,a42d74844cf7,200,15.329607
2026-09-17T03:36:36.803613288Z,aggregation,full,a42d74844cf7,200,13.910092
2026-09-17T03:36:36.86369712Z,aggregation,full,a42d74844cf7,200,14.776745
2026-09-17T03:36:36.924568001Z,aggregation,full,a42d74844cf7,200,15.692278
2026-09-17T03:36:36.982866935Z,aggregation,full,a42d74844cf7,200,13.527508
2026-09-17T03:36:37.045867035Z,aggregation,full,a42d74844cf7,200,16.243792
2026-09-17T03:36:37.103347147Z,aggregation,full,a42d74844cf7,200,13.355665
2026-09-17T03:36:37.162646863Z,aggregation,full,a42d74844cf7,200,12.934284
2026-09-17T03:36:37.226120682Z,aggregation,full,a42d74844cf7,200,16.846702
2026-09-17T03:36:37.283598989Z,aggregation,full,a42d74844cf7,200,14.613646
2026-09-17T03:36:37.342555286Z,aggregation,full,a42d74844cf7,200,13.090982
2026-09-17T03:36:37.402517302Z,aggregation,full,a42d74844cf7,200,13.334365
2026-09-17T03:36:37.461763259Z,aggregation,full,a42d74844cf7,200,12.762991
2026-09-17T03:36:37.525771574Z,aggregation,full,a42d74844cf7,200,15.969131
2026-09-17T03:36:37.583688995Z,aggregation,full,a42d74844cf7,200,14.312479
2026-09-17T03:36:37.641440869Z,aggregation,full,a42d74844cf7,200,12.128277
2026-09-17T03:36:37.704610495Z,aggregation,full,a42d74844cf7,200,15.443771
2026-09-17T03:36:37.760797389Z,aggregation,full,a42d74844cf7,200,11.690264
2026-09-17T03:36:37.823688924Z,aggregation,full,a42d74844cf7,200,14.127754
2026-09-17T03:36:37.88193169Z,aggregation,full,a42d74844cf7,200,12.508047
2026-09-17T03:36:37.943959438Z,aggregation,full,a42d74844cf7,200,14.184553
2026-09-17T03:36:38.003564689Z,aggregation,full,a42d74844cf7,200,13.93811
2026-09-17T03:36:38.061200903Z,aggregation,full,a42d74844cf7,200,12.119012
2026-09-17T03:36:38.126633722Z,aggregation,full,a42d74844cf7,200,16.70176
2026-09-17T03:36:38.182712359Z,aggregation,full,a42d74844cf7,200,13.383904
2026-09-17T03:36:38.251936615Z,aggregation,full,a42d74844cf7,200,22.430576
2026-09-17T03:36:38.302492706Z,aggregation,full,a42d74844cf7,200,13.063614
2026-09-17T03:36:38.36082843Z,aggregation,full,a42d74844cf7,200,11.797028
2026-09-17T03:36:38.425771681Z,aggregation,full,a42d74844cf7,200,16.124208
2026-09-17T03:36:38.481996568Z,aggregation,full,a42d74844cf7,200,12.504331
2026-09-17T03:36:38.541847091Z,aggregation,full,a42d74844cf7,200,12.901272
2026-09-17T03:36:38.60230035Z,aggregation,full,a42d74844cf7,200,12.69453
2026-09-17T03:36:38.661520836Z,aggregation,full,a42d74844cf7,200,12.543544
2026-09-17T03:36:38.725942227Z,aggregation,full,a42d74844cf7,200,16.67651
2026-09-17T03:36:38.784267339Z,aggregation,full,a42d74844cf7,200,14.525555
2026-09-17T03:36:38.843265192Z,aggregation,full,a42d74844cf7,200,13.364407
2026-09-17T03:36:38.904173526Z,aggregation,full,a42d74844cf7,200,14.306079
2026-09-17T03:36:38.962296558Z,aggregation,full,a42d74844cf7,200,12.477614
2026-09-17T03:36:39.028768474Z,aggregation,full,a42d74844cf7,200,18.79268
2026-09-17T03:36:39.082806586Z,aggregation,full,a42d74844cf7,200,13.493087
2026-09-17T03:36:39.143687097Z,aggregation,full,a42d74844cf7,200,14.098317
2026-09-17T03:36:39.206492345Z,aggregation,full,a42d74844cf7,200,17.203239
2026-09-17T03:36:39.263585188Z,aggregation,full,a42d74844cf7,200,14.590029
2026-09-17T03:36:39.332390268Z,aggregation,full,a42d74844cf7,200,22.806994
2026-09-17T03:36:39.382020254Z,aggregation,full,a42d74844cf7,200,12.883035
2026-09-17T03:36:39.442958664Z,aggregation,full,a42d74844cf7,200,13.296881
2026-09-17T03:36:39.503826047Z,aggregation,full,a42d74844cf7,200,14.040638
2026-09-17T03:36:39.562465443Z,aggregation,full,a42d74844cf7,200,13.115557
2026-09-17T03:36:39.62766203Z,aggregation,full,a42d74844cf7,200,18.500657
2026-09-17T03:36:39.682291164Z,aggregation,full,a42d74844cf7,200,12.781343
2026-09-17T03:36:39.742651935Z,aggregation,full,a42d74844cf7,200,13.728358
2026-09-17T03:36:39.803492952Z,aggregation,full,a42d74844cf7,200,14.202521
2026-09-17T03:36:39.861270635Z,aggregation,full,a42d74844cf7,200,12.35984
2026-09-17T03:36:39.925181916Z,aggregation,full,a42d74844cf7,200,16.340302
2026-09-17T03:36:39.981866465Z,aggregation,full,a42d74844cf7,200,12.866967
2026-09-17T03:36:40.043753683Z,aggregation,full,a42d74844cf7,200,14.118364
2026-09-17T03:36:40.103585599Z,aggregation,full,a42d74844cf7,200,14.251731
2026-09-17T03:36:40.161905418Z,aggregation,full,a42d74844cf7,200,13.026654
2026-09-17T03:36:40.229544232Z,aggregation,full,a42d74844cf7,200,19.962588
2026-09-17T03:36:40.283704726Z,aggregation,full,a42d74844cf7,200,14.51318
2026-09-17T03:36:40.341267264Z,aggregation,full,a42d74844cf7,200,11.961306
2026-09-17T03:36:40.404001815Z,aggregation,full,a42d74844cf7,200,14.075036
2026-09-17T03:36:40.463545137Z,aggregation,full,a42d74844cf7,200,14.115281
2026-09-17T03:36:40.528262538Z,aggregation,full,a42d74844cf7,200,18.631476
2026-09-17T03:36:40.584334223Z,aggregation,full,a42d74844cf7,200,14.384284
2026-09-17T03:36:40.641739968Z,aggregation,full,a42d74844cf7,200,12.88423
2026-09-17T03:36:40.703432835Z,aggregation,full,a42d74844cf7,200,14.020256
2026-09-17T03:36:40.760898809Z,aggregation,full,a42d74844cf7,200,12.089354
2026-09-17T03:36:40.826701453Z,aggregation,full,a42d74844cf7,200,16.875423
2026-09-17T03:36:40.88483307Z,aggregation,full,a42d74844cf7,200,15.323262
2026-09-17T03:36:40.942748488Z,aggregation,full,a42d74844cf7,200,13.182547
2026-09-17T03:36:41.003213017Z,aggregation,full,a42d74844cf7,200,13.80041
2026-09-17T03:36:41.062847482Z,aggregation,full,a42d74844cf7,200,12.87964
2026-09-17T03:36:41.127262041Z,aggregation,full,a42d74844cf7,200,17.704077
2026-09-17T03:36:41.182206686Z,aggregation,full,a42d74844cf7,200,13.229901
2026-09-17T03:36:41.243329517Z,aggregation,full,a42d74844cf7,200,13.530553
2026-09-17T03:36:41.303438308Z,aggregation,full,a42d74844cf7,200,14.506318
2026-09-17T03:36:41.365890638Z,aggregation,full,a42d74844cf7,200,16.942804
2026-09-17T03:36:41.425635301Z,aggregation,full,a42d74844cf7,200,16.152528
2026-09-17T03:36:41.483433821Z,aggregation,full,a42d74844cf7,200,14.202324
2026-09-17T03:36:41.543165259Z,aggregation,full,a42d74844cf7,200,13.80016
2026-09-17T03:36:41.604024147Z,aggregation,full,a42d74844cf7,200,14.297786
2026-09-17T03:36:41.66783844Z,aggregation,full,a42d74844cf7,200,17.726252
2026-09-17T03:36:41.726528403Z,aggregation,full,a42d74844cf7,200,17.400644
2026-09-17T03:36:41.782368006Z,aggregation,full,a42d74844cf7,200,12.996888
2026-09-17T03:36:41.843216737Z,aggregation,full,a42d74844cf7,200,13.362357
2026-09-17T03:36:41.91267997Z,aggregation,full,a42d74844cf7,200,22.794654
2026-09-17T03:36:41.968017747Z,aggregation,full,a42d74844cf7,200,18.81761
2026-09-17T03:36:42.03050684Z,aggregation,full,a42d74844cf7,200,21.245506
2026-09-17T03:36:42.082991902Z,aggregation,full,a42d74844cf7,200,13.710172
2026-09-17T03:36:42.150682659Z,aggregation,full,a42d74844cf7,200,20.909795
2026-09-17T03:36:42.201507414Z,aggregation,full,a42d74844cf7,200,12.459183
2026-09-17T03:36:42.26272185Z,aggregation,full,a42d74844cf7,200,13.731984
2026-09-17T03:36:42.327383277Z,aggregation,full,a42d74844cf7,200,17.838737
2026-09-17T03:36:42.382713775Z,aggregation,full,a42d74844cf7,200,13.545205
2026-09-17T03:36:42.444931857Z,aggregation,full,a42d74844cf7,200,15.594826
2026-09-17T03:36:42.502156038Z,aggregation,full,a42d74844cf7,200,12.635374
2026-09-17T03:36:42.563240544Z,aggregation,full,a42d74844cf7,200,13.496887
2026-09-17T03:36:42.625821663Z,aggregation,full,a42d74844cf7,200,16.756996
2026-09-17T03:36:42.683154283Z,aggregation,full,a42d74844cf7,200,13.682131
2026-09-17T03:36:42.742683271Z,aggregation,full,a42d74844cf7,200,12.875029
2026-09-17T03:36:42.802987106Z,aggregation,full,a42d74844cf7,200,13.614826
2026-09-17T03:36:42.868083212Z,aggregation,full,a42d74844cf7,200,18.248884
2026-09-17T03:36:42.927782446Z,aggregation,full,a42d74844cf7,200,17.845661
2026-09-17T03:36:43.013866692Z,aggregation,full,a42d74844cf7,200,44.413386
2026-09-17T03:36:43.052455207Z,aggregation,full,a42d74844cf7,200,23.096942
2026-09-17T03:36:43.10877837Z,aggregation,full,a42d74844cf7,200,18.920174
2026-09-17T03:36:43.166938569Z,aggregation,full,a42d74844cf7,200,17.187134
2026-09-17T03:36:43.229725259Z,aggregation,full,a42d74844cf7,200,20.033087
2026-09-17T03:36:43.282360818Z,aggregation,full,a42d74844cf7,200,13.007323
2026-09-17T03:36:43.342489033Z,aggregation,full,a42d74844cf7,200,12.560731
2026-09-17T03:36:43.405601938Z,aggregation,full,a42d74844cf7,200,15.930896
2026-09-17T03:36:43.462334082Z,aggregation,full,a42d74844cf7,200,13.357471
2026-09-17T03:36:43.526142799Z,aggregation,full,a42d74844cf7,200,17.05658
2026-09-17T03:36:43.581971465Z,aggregation,full,a42d74844cf7,200,13.031161
2026-09-17T03:36:43.644308675Z,aggregation,full,a42d74844cf7,200,14.557397
2026-09-17T03:36:43.704141716Z,aggregation,full,a42d74844cf7,200,15.168684
2026-09-17T03:36:43.765361242Z,aggregation,full,a42d74844cf7,200,15.608253
2026-09-17T03:36:43.827668209Z,aggregation,full,a42d74844cf7,200,18.677179
2026-09-17T03:36:43.883081894Z,aggregation,full,a42d74844cf7,200,13.8062
2026-09-17T03:36:43.944010672Z,aggregation,full,a42d74844cf7,200,15.094288
2026-09-17T03:36:44.004115808Z,aggregation,full,a42d74844cf7,200,14.366963
2026-09-17T03:36:44.063359074Z,aggregation,full,a42d74844cf7,200,13.52605
2026-09-17T03:36:44.126481983Z,aggregation,full,a42d74844cf7,200,17.462919
2026-09-17T03:36:44.183937163Z,aggregation,full,a42d74844cf7,200,14.74171
2026-09-17T03:36:44.243521172Z,aggregation,full,a42d74844cf7,200,13.921226
2026-09-17T03:36:44.309654452Z,aggregation,full,a42d74844cf7,200,20.479847
2026-09-17T03:36:44.364570369Z,aggregation,full,a42d74844cf7,200,15.464157
2026-09-17T03:36:44.428188876Z,aggregation,full,a42d74844cf7,200,18.942786
2026-09-17T03:36:44.49162075Z,aggregation,full,a42d74844cf7,200,21.724662
2026-09-17T03:36:44.544253753Z,aggregation,full,a42d74844cf7,200,15.185066
2026-09-17T03:36:44.60235464Z,aggregation,full,a42d74844cf7,200,13.294631
2026-09-17T03:36:44.674172652Z,aggregation,full,a42d74844cf7,200,25.260694
2026-09-17T03:36:44.725592451Z,aggregation,full,a42d74844cf7,200,16.30652
2026-09-17T03:36:44.787715086Z,aggregation,full,a42d74844cf7,200,18.810049
2026-09-17T03:36:44.844082993Z,aggregation,full,a42d74844cf7,200,14.701779
2026-09-17T03:36:44.907866113Z,aggregation,full,a42d74844cf7,200,17.957667
2026-09-17T03:36:44.964487229Z,aggregation,full,a42d74844cf7,200,14.977819
2026-09-17T03:36:45.026219764Z,aggregation,full,a42d74844cf7,200,17.096196
2026-09-17T03:36:45.084252276Z,aggregation,full,a42d74844cf7,200,15.203686
2026-09-17T03:36:45.143105978Z,aggregation,full,a42d74844cf7,200,14.078476
2026-09-17T03:36:45.205737525Z,aggregation,full,a42d74844cf7,200,15.813747
2026-09-17T03:36:45.263091862Z,aggregation,full,a42d74844cf7,200,14.101062
2026-09-17T03:36:45.327131797Z,aggregation,full,a42d74844cf7,200,17.301356
2026-09-17T03:36:45.384065616Z,aggregation,full,a42d74844cf7,200,14.290197
2026-09-17T03:36:45.450951192Z,aggregation,full,a42d74844cf7,200,21.111915
2026-09-17T03:36:45.504771275Z,aggregation,full,a42d74844cf7,200,15.433802
2026-09-17T03:36:45.561994737Z,aggregation,full,a42d74844cf7,200,12.636171
2026-09-17T03:36:45.624976173Z,aggregation,full,a42d74844cf7,200,15.359874
2026-09-17T03:36:45.682788163Z,aggregation,full,a42d74844cf7,200,13.129442
2026-09-17T03:36:45.743695226Z,aggregation,full,a42d74844cf7,200,14.150877
2026-09-17T03:36:45.802101747Z,aggregation,full,a42d74844cf7,200,12.35444
2026-09-17T03:36:45.862118736Z,aggregation,full,a42d74844cf7,200,12.443281
2026-09-17T03:36:45.926053084Z,aggregation,full,a42d74844cf7,200,16.241175
2026-09-17T03:36:45.982234135Z,aggregation,full,a42d74844cf7,200,12.330078
2026-09-17T03:36:46.043163605Z,aggregation,full,a42d74844cf7,200,13.254099
2026-09-17T03:36:46.104890413Z,aggregation,full,a42d74844cf7,200,15.125411
2026-09-17T03:36:46.16257416Z,aggregation,full,a42d74844cf7,200,13.266059
2026-09-17T03:36:46.224779551Z,aggregation,full,a42d74844cf7,200,15.457131
2026-09-17T03:36:46.282731678Z,aggregation,full,a42d74844cf7,200,13.476445
2026-09-17T03:36:46.343344997Z,aggregation,full,a42d74844cf7,200,13.835947
2026-09-17T03:36:46.403072125Z,aggregation,full,a42d74844cf7,200,14.12495
2026-09-17T03:36:46.463457286Z,aggregation,full,a42d74844cf7,200,13.831851
2026-09-17T03:36:46.52787141Z,aggregation,full,a42d74844cf7,200,18.465333
2026-09-17T03:36:46.583147134Z,aggregation,full,a42d74844cf7,200,13.748966
2026-09-17T03:36:46.642956162Z,aggregation,full,a42d74844cf7,200,14.025966
2026-09-17T03:36:46.706217192Z,aggregation,full,a42d74844cf7,200,16.4437
2026-09-17T03:36:46.762220911Z,aggregation,full,a42d74844cf7,200,12.941884
2026-09-17T03:36:46.827419625Z,aggregation,full,a42d74844cf7,200,17.54671
2026-09-17T03:36:46.884732393Z,aggregation,full,a42d74844cf7,200,15.560298
2026-09-17T03:36:46.944319519Z,aggregation,full,a42d74844cf7,200,14.697232
2026-09-17T03:36:47.00586498Z,aggregation,full,a42d74844cf7,200,16.640495
2026-09-17T03:36:47.064262702Z,aggregation,full,a42d74844cf7,200,14.765284
2026-09-17T03:36:47.126447896Z,aggregation,full,a42d74844cf7,200,16.83459
2026-09-17T03:36:47.182802056Z,aggregation,full,a42d74844cf7,200,13.601765
2026-09-17T03:36:47.249502018Z,aggregation,full,a42d74844cf7,200,19.958428
2026-09-17T03:36:47.305971632Z,aggregation,full,a42d74844cf7,200,16.099584
2026-09-17T03:36:47.361615743Z,aggregation,full,a42d74844cf7,200,11.952089
2026-09-17T03:36:47.425521415Z,aggregation,full,a42d74844cf7,200,16.321158
2026-09-17T03:36:47.482988041Z,aggregation,full,a42d74844cf7,200,13.753901
2026-09-17T03:36:47.541466442Z,aggregation,full,a42d74844cf7,200,12.439101
2026-09-17T03:36:47.603077519Z,aggregation,full,a42d74844cf7,200,13.696421
2026-09-17T03:36:47.66356443Z,aggregation,full,a42d74844cf7,200,13.957304
2026-09-17T03:36:47.725468058Z,aggregation,full,a42d74844cf7,200,16.110562
2026-09-17T03:36:47.782215801Z,aggregation,full,a42d74844cf7,200,13.010915
2026-09-17T03:36:47.841962476Z,aggregation,full,a42d74844cf7,200,12.809963
2026-09-17T03:36:47.904160977Z,aggregation,full,a42d74844cf7,200,14.541545
2026-09-17T03:36:47.962848333Z,aggregation,full,a42d74844cf7,200,13.206679
2026-09-17T03:36:48.026077127Z,aggregation,full,a42d74844cf7,200,16.521875
2026-09-17T03:36:48.083126675Z,aggregation,full,a42d74844cf7,200,13.419235
2026-09-17T03:36:48.144857439Z,aggregation,full,a42d74844cf7,200,14.8934
2026-09-17T03:36:48.206600267Z,aggregation,full,a42d74844cf7,200,17.074269
2026-09-17T03:36:48.271362013Z,aggregation,full,a42d74844cf7,200,21.710012
2026-09-17T03:36:48.32836661Z,aggregation,full,a42d74844cf7,200,19.296977
2026-09-17T03:36:48.38176909Z,aggregation,full,a42d74844cf7,200,12.811679
2026-09-17T03:36:48.442161922Z,aggregation,full,a42d74844cf7,200,12.818212
2026-09-17T03:36:48.502865373Z,aggregation,full,a42d74844cf7,200,13.068109
2026-09-17T03:36:48.563674279Z,aggregation,full,a42d74844cf7,200,14.125898
2026-09-17T03:36:48.624367667Z,aggregation,full,a42d74844cf7,200,15.148814
2026-09-17T03:36:48.681686814Z,aggregation,full,a42d74844cf7,200,13.932628
2026-09-17T03:36:48.740886094Z,aggregation,full,a42d74844cf7,200,13.029895
2026-09-17T03:36:48.801003118Z,aggregation,full,a42d74844cf7,200,13.137915
2026-09-17T03:36:48.860863173Z,aggregation,full,a42d74844cf7,200,13.468828
2026-09-17T03:36:48.925499126Z,aggregation,full,a42d74844cf7,200,17.509752
2026-09-17T03:36:48.982130559Z,aggregation,full,a42d74844cf7,200,13.985147
2026-09-17T03:36:49.041449383Z,aggregation,full,a42d74844cf7,200,13.564747
2026-09-17T03:36:49.103229378Z,aggregation,full,a42d74844cf7,200,14.98932
2026-09-17T03:36:49.161744666Z,aggregation,full,a42d74844cf7,200,14.22125
2026-09-17T03:36:49.225347391Z,aggregation,full,a42d74844cf7,200,17.831817
2026-09-17T03:36:49.281452115Z,aggregation,full,a42d74844cf7,200,13.23489
2026-09-17T03:36:49.340308205Z,aggregation,full,a42d74844cf7,200,12.176493
2026-09-17T03:36:49.401972555Z,aggregation,full,a42d74844cf7,200,14.070724
2026-09-17T03:36:49.464492308Z,aggregation,full,a42d74844cf7,200,15.963405
2026-09-17T03:36:49.531138231Z,aggregation,full,a42d74844cf7,200,22.766746
2026-09-17T03:36:49.586519347Z,aggregation,full,a42d74844cf7,200,18.282755
2026-09-17T03:36:49.640911667Z,aggregation,full,a42d74844cf7,200,12.981629
2026-09-17T03:36:49.708562626Z,aggregation,full,a42d74844cf7,200,20.794268
2026-09-17T03:36:49.765599528Z,aggregation,full,a42d74844cf7,200,17.273603
2026-09-17T03:36:49.82647164Z,aggregation,full,a42d74844cf7,200,18.15252
2026-09-17T03:36:49.881888076Z,aggregation,full,a42d74844cf7,200,13.827424
2026-09-17T03:36:49.940523975Z,aggregation,full,a42d74844cf7,200,13.021396
2026-09-17T03:36:50.004111488Z,aggregation,full,a42d74844cf7,200,15.908662
2026-09-17T03:36:50.060368784Z,aggregation,full,a42d74844cf7,200,12.864416
2026-09-17T03:36:50.126741107Z,aggregation,full,a42d74844cf7,200,18.652047
2026-09-17T03:36:50.180571856Z,aggregation,full,a42d74844cf7,200,12.296523
2026-09-17T03:36:50.246025929Z,aggregation,full,a42d74844cf7,200,17.486201
2026-09-17T03:36:50.302317831Z,aggregation,full,a42d74844cf7,200,14.249647
2026-09-17T03:36:50.359874044Z,aggregation,full,a42d74844cf7,200,12.074021
2026-09-17T03:36:50.425479039Z,aggregation,full,a42d74844cf7,200,17.932283
2026-09-17T03:36:50.480663534Z,aggregation,full,a42d74844cf7,200,12.761287
2026-09-17T03:36:50.541705917Z,aggregation,full,a42d74844cf7,200,13.337199
2026-09-17T03:36:50.602321738Z,aggregation,full,a42d74844cf7,200,14.645038
2026-09-17T03:36:50.660368128Z,aggregation,full,a42d74844cf7,200,12.643833
2026-09-17T03:36:50.723358631Z,aggregation,full,a42d74844cf7,200,15.063463
2026-09-17T03:36:50.781308029Z,aggregation,full,a42d74844cf7,200,13.556837
2026-09-17T03:36:50.840603091Z,aggregation,full,a42d74844cf7,200,12.6898
2026-09-17T03:36:50.908763558Z,aggregation,full,a42d74844cf7,200,20.525598
2026-09-17T03:36:50.960658696Z,aggregation,full,a42d74844cf7,200,12.374271
2026-09-17T03:36:51.025493463Z,aggregation,full,a42d74844cf7,200,17.141394
2026-09-17T03:36:51.081480279Z,aggregation,full,a42d74844cf7,200,13.320469
2026-09-17T03:36:51.143855751Z,aggregation,full,a42d74844cf7,200,15.477249
2026-09-17T03:36:51.201283405Z,aggregation,full,a42d74844cf7,200,12.765467
2026-09-17T03:36:51.259484525Z,aggregation,full,a42d74844cf7,200,11.825445
2026-09-17T03:36:51.323141274Z,aggregation,full,a42d74844cf7,200,14.931309
2026-09-17T03:36:51.381519838Z,aggregation,full,a42d74844cf7,200,13.588188
2026-09-17T03:36:51.440955061Z,aggregation,full,a42d74844cf7,200,12.748484
2026-09-17T03:36:51.500131075Z,aggregation,full,a42d74844cf7,200,12.422896
2026-09-17T03:36:51.559168518Z,aggregation,full,a42d74844cf7,200,11.671164
2026-09-17T03:36:51.624636944Z,aggregation,full,a42d74844cf7,200,16.759196
2026-09-17T03:36:51.682969824Z,aggregation,full,a42d74844cf7,200,14.605614
2026-09-17T03:36:51.741186416Z,aggregation,full,a42d74844cf7,200,13.414406
2026-09-17T03:36:51.800752729Z,aggregation,full,a42d74844cf7,200,12.711502
2026-09-17T03:36:51.861549443Z,aggregation,full,a42d74844cf7,200,13.166266
2026-09-17T03:36:51.924468309Z,aggregation,full,a42d74844cf7,200,16.12958
2026-09-17T03:36:51.981660232Z,aggregation,full,a42d74844cf7,200,13.504051
2026-09-17T03:36:52.040260714Z,aggregation,full,a42d74844cf7,200,12.599465
2026-09-17T03:36:52.101810865Z,aggregation,full,a42d74844cf7,200,13.877914
2026-09-17T03:36:52.16288444Z,aggregation,full,a42d74844cf7,200,14.419739
2026-09-17T03:36:52.223382824Z,aggregation,full,a42d74844cf7,200,15.707446
2026-09-17T03:36:52.281419591Z,aggregation,full,a42d74844cf7,200,13.541374
2026-09-17T03:36:52.340950222Z,aggregation,full,a42d74844cf7,200,12.776548
2026-09-17T03:36:52.401022272Z,aggregation,full,a42d74844cf7,200,13.235351
2026-09-17T03:36:52.460196227Z,aggregation,full,a42d74844cf7,200,12.589398
2026-09-17T03:36:52.524541554Z,aggregation,full,a42d74844cf7,200,16.438878
2026-09-17T03:36:52.582300946Z,aggregation,full,a42d74844cf7,200,14.305414
2026-09-17T03:36:52.640333203Z,aggregation,full,a42d74844cf7,200,12.39999
2026-09-17T03:36:52.701966571Z,aggregation,full,a42d74844cf7,200,14.044307
2026-09-17T03:36:52.760271872Z,aggregation,full,a42d74844cf7,200,12.655785
2026-09-17T03:36:52.823003834Z,aggregation,full,a42d74844cf7,200,15.239667
2026-09-17T03:36:52.881711361Z,aggregation,full,a42d74844cf7,200,13.76257
2026-09-17T03:36:52.939104484Z,aggregation,full,a42d74844cf7,200,11.636791
2026-09-17T03:36:53.000973311Z,aggregation,full,a42d74844cf7,200,13.177088
2026-09-17T03:36:53.060633632Z,aggregation,full,a42d74844cf7,200,13.145725
2026-09-17T03:36:53.124886777Z,aggregation,full,a42d74844cf7,200,16.382117
2026-09-17T03:36:53.181206607Z,aggregation,full,a42d74844cf7,200,13.654164
2026-09-17T03:36:53.242396131Z,aggregation,full,a42d74844cf7,200,14.523838
2026-09-17T03:36:53.304206972Z,aggregation,full,a42d74844cf7,200,16.147161
2026-09-17T03:36:53.359946917Z,aggregation,full,a42d74844cf7,200,12.255938
2026-09-17T03:36:53.424368524Z,aggregation,full,a42d74844cf7,200,16.725243
2026-09-17T03:36:53.481947891Z,aggregation,full,a42d74844cf7,200,13.88435
2026-09-17T03:36:53.543280956Z,aggregation,full,a42d74844cf7,200,15.393948
2026-09-17T03:36:53.601347437Z,aggregation,full,a42d74844cf7,200,13.507734
2026-09-17T03:36:53.659421127Z,aggregation,full,a42d74844cf7,200,11.239711
2026-09-17T03:36:53.723870015Z,aggregation,full,a42d74844cf7,200,14.837778
2026-09-17T03:36:53.780966651Z,aggregation,full,a42d74844cf7,200,13.203898
2026-09-17T03:36:53.840992191Z,aggregation,full,a42d74844cf7,200,13.468619
2026-09-17T03:36:53.902449216Z,aggregation,full,a42d74844cf7,200,14.540489
2026-09-17T03:36:53.960621493Z,aggregation,full,a42d74844cf7,200,12.609194
2026-09-17T03:36:54.022960833Z,aggregation,full,a42d74844cf7,200,15.444288
2026-09-17T03:36:54.080527945Z,aggregation,full,a42d74844cf7,200,12.998153
2026-09-17T03:36:54.143188731Z,aggregation,full,a42d74844cf7,200,14.928749
2026-09-17T03:36:54.202284538Z,aggregation,full,a42d74844cf7,200,14.502296
2026-09-17T03:36:54.259674597Z,aggregation,full,a42d74844cf7,200,11.915338
2026-09-17T03:36:54.324467493Z,aggregation,full,a42d74844cf7,200,15.999288
2026-09-17T03:36:54.381454756Z,aggregation,full,a42d74844cf7,200,13.016313
2026-09-17T03:36:54.442077455Z,aggregation,full,a42d74844cf7,200,13.969048
2026-09-17T03:36:54.50115514Z,aggregation,full,a42d74844cf7,200,13.268698
2026-09-17T03:36:54.560587174Z,aggregation,full,a42d74844cf7,200,12.586943
2026-09-17T03:36:54.626300103Z,aggregation,full,a42d74844cf7,200,17.73667
2026-09-17T03:36:54.689332607Z,aggregation,full,a42d74844cf7,200,21.126921
2026-09-17T03:36:54.742328359Z,aggregation,full,a42d74844cf7,200,14.392123
2026-09-17T03:36:54.804721063Z,aggregation,full,a42d74844cf7,200,16.643361
2026-09-17T03:36:54.860363312Z,aggregation,full,a42d74844cf7,200,11.924135
2026-09-17T03:36:54.923374913Z,aggregation,full,a42d74844cf7,200,15.106522
2026-09-17T03:36:54.982126694Z,aggregation,full,a42d74844cf7,200,14.137919
2026-09-17T03:36:55.041227353Z,aggregation,full,a42d74844cf7,200,13.449312
2026-09-17T03:36:55.100113934Z,aggregation,full,a42d74844cf7,200,12.088325
2026-09-17T03:36:55.161369075Z,aggregation,full,a42d74844cf7,200,13.885801
2026-09-17T03:36:55.223656501Z,aggregation,full,a42d74844cf7,200,15.512862
2026-09-17T03:36:55.290070886Z,aggregation,full,a42d74844cf7,200,21.496701
2026-09-17T03:36:55.345170185Z,aggregation,full,a42d74844cf7,200,16.790527
2026-09-17T03:36:55.40129592Z,aggregation,full,a42d74844cf7,200,13.417621
2026-09-17T03:36:55.460950555Z,aggregation,full,a42d74844cf7,200,13.300355
2026-09-17T03:36:55.522967539Z,aggregation,full,a42d74844cf7,200,15.037388
2026-09-17T03:36:55.582255125Z,aggregation,full,a42d74844cf7,200,14.450388
2026-09-17T03:36:55.643148712Z,aggregation,full,a42d74844cf7,200,14.954195
2026-09-17T03:36:55.701438815Z,aggregation,full,a42d74844cf7,200,13.801679
2026-09-17T03:36:55.760881613Z,aggregation,full,a42d74844cf7,200,12.938449
2026-09-17T03:36:55.82262505Z,aggregation,full,a42d74844cf7,200,15.072511
2026-09-17T03:36:55.882202393Z,aggregation,full,a42d74844cf7,200,13.802758
2026-09-17T03:36:55.940104114Z,aggregation,full,a42d74844cf7,200,12.201702
2026-09-17T03:36:56.001289255Z,aggregation,full,a42d74844cf7,200,13.40803
2026-09-17T03:36:56.061419844Z,aggregation,full,a42d74844cf7,200,13.527378
2026-09-17T03:36:56.127146321Z,aggregation,full,a42d74844cf7,200,19.14876
2026-09-17T03:36:56.182083596Z,aggregation,full,a42d74844cf7,200,14.319609
2026-09-17T03:36:56.240912463Z,aggregation,full,a42d74844cf7,200,13.227291
2026-09-17T03:36:56.300578542Z,aggregation,full,a42d74844cf7,200,12.835866
2026-09-17T03:36:56.364771001Z,aggregation,full,a42d74844cf7,200,16.45788
2026-09-17T03:36:56.423705351Z,aggregation,full,a42d74844cf7,200,15.285222
2026-09-17T03:36:56.481676777Z,aggregation,full,a42d74844cf7,200,13.447262
2026-09-17T03:36:56.54036223Z,aggregation,full,a42d74844cf7,200,12.723812
2026-09-17T03:36:56.601971888Z,aggregation,full,a42d74844cf7,200,13.826111
2026-09-17T03:36:56.661033493Z,aggregation,full,a42d74844cf7,200,12.550579
2026-09-17T03:36:56.724718347Z,aggregation,full,a42d74844cf7,200,16.958768
2026-09-17T03:36:56.780780538Z,aggregation,full,a42d74844cf7,200,12.466358
2026-09-17T03:36:56.842510681Z,aggregation,full,a42d74844cf7,200,14.133549
2026-09-17T03:36:56.903449432Z,aggregation,full,a42d74844cf7,200,15.179025
2026-09-17T03:36:56.961291508Z,aggregation,full,a42d74844cf7,200,13.194308
2026-09-17T03:36:57.023181851Z,aggregation,full,a42d74844cf7,200,15.168223
2026-09-17T03:36:57.081449561Z,aggregation,full,a42d74844cf7,200,13.603274
2026-09-17T03:36:57.144051779Z,aggregation,full,a42d74844cf7,200,15.767044
2026-09-17T03:36:57.204291793Z,aggregation,full,a42d74844cf7,200,16.566375
2026-09-17T03:36:57.259782425Z,aggregation,full,a42d74844cf7,200,11.764233
2026-09-17T03:36:57.329236144Z,aggregation,full,a42d74844cf7,200,21.585305
2026-09-17T03:36:57.402793101Z,aggregation,full,a42d74844cf7,200,34.767819
2026-09-17T03:36:57.450606289Z,aggregation,full,a42d74844cf7,200,22.435896
2026-09-17T03:36:57.503305263Z,aggregation,full,a42d74844cf7,200,15.182742
2026-09-17T03:36:57.565765271Z,aggregation,full,a42d74844cf7,200,17.43949
2026-09-17T03:36:57.629086913Z,aggregation,full,a42d74844cf7,200,20.321924
2026-09-17T03:36:57.689259117Z,aggregation,full,a42d74844cf7,200,21.460926
2026-09-17T03:36:57.741564772Z,aggregation,full,a42d74844cf7,200,13.466162
2026-09-17T03:36:57.802558339Z,aggregation,full,a42d74844cf7,200,14.449149
2026-09-17T03:36:57.861932951Z,aggregation,full,a42d74844cf7,200,13.582413
2026-09-17T03:36:57.92310728Z,aggregation,full,a42d74844cf7,200,15.501089
2026-09-17T03:36:57.982592201Z,aggregation,full,a42d74844cf7,200,14.645977
2026-09-17T03:36:58.043821386Z,aggregation,full,a42d74844cf7,200,15.542322
2026-09-17T03:36:58.101961585Z,aggregation,full,a42d74844cf7,200,13.488896
2026-09-17T03:36:58.164883026Z,aggregation,full,a42d74844cf7,200,16.436469
2026-09-17T03:36:58.223730825Z,aggregation,full,a42d74844cf7,200,15.249094
2026-09-17T03:36:58.285791146Z,aggregation,full,a42d74844cf7,200,17.404343
2026-09-17T03:36:58.340516496Z,aggregation,full,a42d74844cf7,200,13.007369
2026-09-17T03:36:58.401018329Z,aggregation,full,a42d74844cf7,200,12.822419
2026-09-17T03:36:58.460381516Z,aggregation,full,a42d74844cf7,200,12.864806
2026-09-17T03:36:58.524161884Z,aggregation,full,a42d74844cf7,200,16.200075
2026-09-17T03:36:58.581854145Z,aggregation,full,a42d74844cf7,200,13.983169
2026-09-17T03:36:58.641281985Z,aggregation,full,a42d74844cf7,200,12.822259
2026-09-17T03:36:58.701884612Z,aggregation,full,a42d74844cf7,200,13.94706
2026-09-17T03:36:58.762574374Z,aggregation,full,a42d74844cf7,200,15.169793
2026-09-17T03:36:58.824718249Z,aggregation,full,a42d74844cf7,200,16.485882
2026-09-17T03:36:58.882683297Z,aggregation,full,a42d74844cf7,200,14.273974
2026-09-17T03:36:58.940894217Z,aggregation,full,a42d74844cf7,200,12.569544
2026-09-17T03:36:59.0009027Z,aggregation,full,a42d74844cf7,200,13.224806
2026-09-17T03:36:59.060412343Z,aggregation,full,a42d74844cf7,200,13.035952
2026-09-17T03:36:59.124977545Z,aggregation,full,a42d74844cf7,200,16.817213
2026-09-17T03:36:59.180817565Z,aggregation,full,a42d74844cf7,200,13.30307
2026-09-17T03:36:59.24005339Z,aggregation,full,a42d74844cf7,200,12.531753
2026-09-17T03:36:59.302182146Z,aggregation,full,a42d74844cf7,200,14.427597
2026-09-17T03:36:59.360813353Z,aggregation,full,a42d74844cf7,200,13.175936
2026-09-17T03:36:59.423940236Z,aggregation,full,a42d74844cf7,200,15.565673
2026-09-17T03:36:59.481913462Z,aggregation,full,a42d74844cf7,200,14.196379
2026-09-17T03:36:59.540999854Z,aggregation,full,a42d74844cf7,200,13.089695
2026-09-17T03:36:59.60172383Z,aggregation,full,a42d74844cf7,200,13.916463
2026-09-17T03:36:59.662892028Z,aggregation,full,a42d74844cf7,200,14.478021
2026-09-17T03:36:59.731832502Z,aggregation,full,a42d74844cf7,200,23.293294
2026-09-17T03:36:59.782457995Z,aggregation,full,a42d74844cf7,200,14.157606
2026-09-17T03:36:59.844050687Z,aggregation,full,a42d74844cf7,200,15.927091
2026-09-17T03:36:59.901611798Z,aggregation,full,a42d74844cf7,200,13.968358
2026-09-17T03:36:59.962010572Z,aggregation,full,a42d74844cf7,200,13.822771
2026-09-17T03:37:00.028971728Z,aggregation,full,a42d74844cf7,200,21.298046
2026-09-17T03:37:00.081379155Z,aggregation,full,a42d74844cf7,200,13.712226
2026-09-17T03:37:00.140314206Z,aggregation,full,a42d74844cf7,200,12.301896
2026-09-17T03:37:00.201800849Z,aggregation,full,a42d74844cf7,200,13.925629
2026-09-17T03:37:00.261713982Z,aggregation,full,a42d74844cf7,200,13.368606
2026-09-17T03:37:00.326883856Z,aggregation,full,a42d74844cf7,200,18.318432
2026-09-17T03:37:00.380799564Z,aggregation,full,a42d74844cf7,200,12.4431
2026-09-17T03:37:00.442078081Z,aggregation,full,a42d74844cf7,200,13.635277
2026-09-17T03:37:00.502091992Z,aggregation,full,a42d74844cf7,200,14.327138
2026-09-17T03:37:00.560537385Z,aggregation,full,a42d74844cf7,200,12.919301
2026-09-17T03:37:00.624676349Z,aggregation,full,a42d74844cf7,200,16.456331
2026-09-17T03:37:00.681305783Z,aggregation,full,a42d74844cf7,200,12.971776
2026-09-17T03:37:00.741815112Z,aggregation,full,a42d74844cf7,200,13.793512
2026-09-17T03:37:00.802825391Z,aggregation,full,a42d74844cf7,200,14.444818
2026-09-17T03:37:00.861727608Z,aggregation,full,a42d74844cf7,200,13.333582
2026-09-17T03:37:00.926570785Z,aggregation,full,a42d74844cf7,200,18.065693
2026-09-17T03:37:00.982394838Z,aggregation,full,a42d74844cf7,200,14.144824
2026-09-17T03:37:01.042634738Z,aggregation,full,a42d74844cf7,200,14.502167
2026-09-17T03:37:01.102199325Z,aggregation,full,a42d74844cf7,200,13.771027
2026-09-17T03:37:01.161245547Z,aggregation,full,a42d74844cf7,200,13.509162
2026-09-17T03:37:01.22671575Z,aggregation,full,a42d74844cf7,200,18.892971
2026-09-17T03:37:01.281531141Z,aggregation,full,a42d74844cf7,200,13.136064
2026-09-17T03:37:01.342908231Z,aggregation,full,a42d74844cf7,200,14.575284
2026-09-17T03:37:01.401278082Z,aggregation,full,a42d74844cf7,200,13.762911
2026-09-17T03:37:01.46078356Z,aggregation,full,a42d74844cf7,200,12.929026
2026-09-17T03:37:01.523290301Z,aggregation,full,a42d74844cf7,200,15.450705
2026-09-17T03:37:01.581541033Z,aggregation,full,a42d74844cf7,200,13.446483
2026-09-17T03:37:01.640181645Z,aggregation,full,a42d74844cf7,200,11.798527
2026-09-17T03:37:01.701500716Z,aggregation,full,a42d74844cf7,200,13.54342
2026-09-17T03:37:01.763930926Z,aggregation,full,a42d74844cf7,200,15.926585
2026-09-17T03:37:01.825195461Z,aggregation,full,a42d74844cf7,200,16.57588
2026-09-17T03:37:01.878382129Z,aggregation,full,a42d74844cf7,200,10.66292
2026-09-17T03:37:01.940941364Z,aggregation,full,a42d74844cf7,200,12.796042
2026-09-17T03:37:02.000315218Z,aggregation,full,a42d74844cf7,200,12.663803
2026-09-17T03:37:02.061783869Z,aggregation,full,a42d74844cf7,200,14.02001
2026-09-17T03:37:02.12482107Z,aggregation,full,a42d74844cf7,200,17.269601
2026-09-17T03:37:02.180896693Z,aggregation,full,a42d74844cf7,200,13.391928
2026-09-17T03:37:02.244497232Z,aggregation,full,a42d74844cf7,200,15.869341
2026-09-17T03:37:02.301608144Z,aggregation,full,a42d74844cf7,200,13.20337
2026-09-17T03:37:02.362027309Z,aggregation,full,a42d74844cf7,200,13.935068
2026-09-17T03:37:02.422876395Z,aggregation,full,a42d74844cf7,200,15.160252
2026-09-17T03:37:02.479928792Z,aggregation,full,a42d74844cf7,200,12.427343
2026-09-17T03:37:02.541257452Z,aggregation,full,a42d74844cf7,200,13.043782
2026-09-17T03:37:02.601370487Z,aggregation,full,a42d74844cf7,200,13.465509
2026-09-17T03:37:02.66042253Z,aggregation,full,a42d74844cf7,200,12.738874
2026-09-17T03:37:02.724489309Z,aggregation,full,a42d74844cf7,200,16.3213
2026-09-17T03:37:02.780968731Z,aggregation,full,a42d74844cf7,200,12.920752
2026-09-17T03:37:02.840497712Z,aggregation,full,a42d74844cf7,200,12.941719
2026-09-17T03:37:02.901851389Z,aggregation,full,a42d74844cf7,200,13.774427
2026-09-17T03:37:02.962344227Z,aggregation,full,a42d74844cf7,200,14.00847
2026-09-17T03:37:03.027980066Z,aggregation,full,a42d74844cf7,200,19.883828
2026-09-17T03:37:03.080545381Z,aggregation,full,a42d74844cf7,200,12.861488
2026-09-17T03:37:03.141113295Z,aggregation,full,a42d74844cf7,200,12.942395
2026-09-17T03:37:03.202465517Z,aggregation,full,a42d74844cf7,200,14.214756
2026-09-17T03:37:03.264102992Z,aggregation,full,a42d74844cf7,200,16.141612
2026-09-17T03:37:03.324612832Z,aggregation,full,a42d74844cf7,200,16.946118
2026-09-17T03:37:03.383439202Z,aggregation,full,a42d74844cf7,200,15.14416
2026-09-17T03:37:03.441656506Z,aggregation,full,a42d74844cf7,200,13.644568
2026-09-17T03:37:03.502942588Z,aggregation,full,a42d74844cf7,200,14.616129
2026-09-17T03:37:03.561880372Z,aggregation,full,a42d74844cf7,200,14.375211
2026-09-17T03:37:03.62427083Z,aggregation,full,a42d74844cf7,200,15.804971
2026-09-17T03:37:03.680296102Z,aggregation,full,a42d74844cf7,200,12.371779
2026-09-17T03:37:03.741531451Z,aggregation,full,a42d74844cf7,200,13.622233
2026-09-17T03:37:03.804159884Z,aggregation,full,a42d74844cf7,200,15.863084
2026-09-17T03:37:03.860644368Z,aggregation,full,a42d74844cf7,200,13.028155
2026-09-17T03:37:03.924625969Z,aggregation,full,a42d74844cf7,200,16.367897
2026-09-17T03:37:03.982253653Z,aggregation,full,a42d74844cf7,200,13.800882
2026-09-17T03:37:04.041534083Z,aggregation,full,a42d74844cf7,200,13.742118
2026-09-17T03:37:04.102560305Z,aggregation,full,a42d74844cf7,200,14.179776
2026-09-17T03:37:04.162946589Z,aggregation,full,a42d74844cf7,200,14.955565
2026-09-17T03:37:04.222796018Z,aggregation,full,a42d74844cf7,200,14.985513
2026-09-17T03:37:04.281723495Z,aggregation,full,a42d74844cf7,200,13.307594
2026-09-17T03:37:04.342542141Z,aggregation,full,a42d74844cf7,200,14.128452
2026-09-17T03:37:04.403156253Z,aggregation,full,a42d74844cf7,200,14.978087
2026-09-17T03:37:04.459706905Z,aggregation,full,a42d74844cf7,200,12.090958
2026-09-17T03:37:04.524760663Z,aggregation,full,a42d74844cf7,200,17.174004
2026-09-17T03:37:04.580891124Z,aggregation,full,a42d74844cf7,200,12.418436
2026-09-17T03:37:04.641396927Z,aggregation,full,a42d74844cf7,200,13.667597
2026-09-17T03:37:04.70349213Z,aggregation,full,a42d74844cf7,200,15.54578
2026-09-17T03:37:04.761491614Z,aggregation,full,a42d74844cf7,200,13.425331
2026-09-17T03:37:04.825438728Z,aggregation,full,a42d74844cf7,200,17.168983
2026-09-17T03:37:04.883060552Z,aggregation,full,a42d74844cf7,200,14.809144
2026-09-17T03:37:04.940849139Z,aggregation,full,a42d74844cf7,200,12.855316
2026-09-17T03:37:05.000261888Z,aggregation,full,a42d74844cf7,200,12.734247
2026-09-17T03:37:05.06042348Z,aggregation,full,a42d74844cf7,200,12.736652
2026-09-17T03:37:05.124157793Z,aggregation,full,a42d74844cf7,200,16.048938
2026-09-17T03:37:05.181043021Z,aggregation,full,a42d74844cf7,200,13.186266
2026-09-17T03:37:05.242227135Z,aggregation,full,a42d74844cf7,200,14.347199
2026-09-17T03:37:05.302182846Z,aggregation,full,a42d74844cf7,200,14.295209
2026-09-17T03:37:05.361847275Z,aggregation,full,a42d74844cf7,200,13.95757
2026-09-17T03:37:05.428198652Z,aggregation,full,a42d74844cf7,200,20.432985
2026-09-17T03:37:05.482075882Z,aggregation,full,a42d74844cf7,200,14.193333
2026-09-17T03:37:05.548107879Z,aggregation,full,a42d74844cf7,200,19.95724
2026-09-17T03:37:05.602819547Z,aggregation,full,a42d74844cf7,200,14.377511
2026-09-17T03:37:05.665773245Z,aggregation,full,a42d74844cf7,200,17.400361
2026-09-17T03:37:05.724916995Z,aggregation,full,a42d74844cf7,200,17.308394
2026-09-17T03:37:05.782002658Z,aggregation,full,a42d74844cf7,200,13.57338
2026-09-17T03:37:05.843493036Z,aggregation,full,a42d74844cf7,200,15.829212
2026-09-17T03:37:05.903826817Z,aggregation,full,a42d74844cf7,200,15.701974
2026-09-17T03:37:05.964002645Z,aggregation,full,a42d74844cf7,200,15.163821
2026-09-17T03:37:06.027666632Z,aggregation,full,a42d74844cf7,200,20.016969
2026-09-17T03:37:06.083473043Z,aggregation,full,a42d74844cf7,200,15.047822
2026-09-17T03:37:06.143435405Z,aggregation,full,a42d74844cf7,200,15.202474
2026-09-17T03:37:06.204598218Z,aggregation,full,a42d74844cf7,200,16.551242
2026-09-17T03:37:06.262530665Z,aggregation,full,a42d74844cf7,200,14.380131
2026-09-17T03:37:06.328702263Z,aggregation,full,a42d74844cf7,200,20.4849
2026-09-17T03:37:06.381392092Z,aggregation,full,a42d74844cf7,200,12.863285
2026-09-17T03:37:06.442051292Z,aggregation,full,a42d74844cf7,200,13.945139
2026-09-17T03:37:06.503195318Z,aggregation,full,a42d74844cf7,200,15.409494
2026-09-17T03:37:06.561482193Z,aggregation,full,a42d74844cf7,200,13.515632
2026-09-17T03:37:06.624202138Z,aggregation,full,a42d74844cf7,200,16.286226
2026-09-17T03:37:06.6810013Z,aggregation,full,a42d74844cf7,200,12.978385
2026-09-17T03:37:06.741745121Z,aggregation,full,a42d74844cf7,200,13.96471
2026-09-17T03:37:06.801902447Z,aggregation,full,a42d74844cf7,200,13.403727
2026-09-17T03:37:06.861680515Z,aggregation,full,a42d74844cf7,200,13.324911
2026-09-17T03:37:06.925175294Z,aggregation,full,a42d74844cf7,200,16.613241
2026-09-17T03:37:06.980925846Z,aggregation,full,a42d74844cf7,200,12.981319
2026-09-17T03:37:07.043440703Z,aggregation,full,a42d74844cf7,200,15.681222
2026-09-17T03:37:07.102037711Z,aggregation,full,a42d74844cf7,200,13.989202
2026-09-17T03:37:07.160246959Z,aggregation,full,a42d74844cf7,200,12.750788
2026-09-17T03:37:07.225439518Z,aggregation,full,a42d74844cf7,200,16.984789
2026-09-17T03:37:07.282938998Z,aggregation,full,a42d74844cf7,200,14.580962
2026-09-17T03:37:07.344358181Z,aggregation,full,a42d74844cf7,200,16.689618
2026-09-17T03:37:07.401273635Z,aggregation,full,a42d74844cf7,200,13.386416
2026-09-17T03:37:07.464354263Z,aggregation,full,a42d74844cf7,200,16.604534
2026-09-17T03:37:07.524239029Z,aggregation,full,a42d74844cf7,200,15.972043
2026-09-17T03:37:07.581936749Z,aggregation,full,a42d74844cf7,200,14.020805
2026-09-17T03:37:07.643266674Z,aggregation,full,a42d74844cf7,200,15.688571
2026-09-17T03:37:07.701870882Z,aggregation,full,a42d74844cf7,200,13.797488
2026-09-17T03:37:07.760974519Z,aggregation,full,a42d74844cf7,200,12.642685
2026-09-17T03:37:07.823782556Z,aggregation,full,a42d74844cf7,200,16.104082
2026-09-17T03:37:07.883589076Z,aggregation,full,a42d74844cf7,200,15.100286
2026-09-17T03:37:07.942466825Z,aggregation,full,a42d74844cf7,200,14.288934
2026-09-17T03:37:08.001822451Z,aggregation,full,a42d74844cf7,200,13.536177
2026-09-17T03:37:08.060772926Z,aggregation,full,a42d74844cf7,200,12.515291
2026-09-17T03:37:08.124735851Z,aggregation,full,a42d74844cf7,200,16.287852
2026-09-17T03:37:08.182178073Z,aggregation,full,a42d74844cf7,200,14.59854
2026-09-17T03:37:08.248476395Z,aggregation,full,a42d74844cf7,200,20.674669
2026-09-17T03:37:08.302803199Z,aggregation,full,a42d74844cf7,200,14.541004
2026-09-17T03:37:08.360695168Z,aggregation,full,a42d74844cf7,200,12.403247
2026-09-17T03:37:08.425801515Z,aggregation,full,a42d74844cf7,200,17.384849
2026-09-17T03:37:08.481643564Z,aggregation,full,a42d74844cf7,200,14.114781
2026-09-17T03:37:08.541538301Z,aggregation,full,a42d74844cf7,200,13.919057
2026-09-17T03:37:08.60041609Z,aggregation,full,a42d74844cf7,200,12.184735
2026-09-17T03:37:08.66114974Z,aggregation,full,a42d74844cf7,200,13.204502
2026-09-17T03:37:08.723957777Z,aggregation,full,a42d74844cf7,200,16.058209
2026-09-17T03:37:08.78134938Z,aggregation,full,a42d74844cf7,200,13.717587
2026-09-17T03:37:08.843058398Z,aggregation,full,a42d74844cf7,200,15.061508
2026-09-17T03:37:08.903408539Z,aggregation,full,a42d74844cf7,200,15.819141
2026-09-17T03:37:08.961137766Z,aggregation,full,a42d74844cf7,200,13.211263
2026-09-17T03:37:09.026147156Z,aggregation,full,a42d74844cf7,200,18.355083
2026-09-17T03:37:09.083732403Z,aggregation,full,a42d74844cf7,200,15.786505
2026-09-17T03:37:09.142764188Z,aggregation,full,a42d74844cf7,200,15.237
2026-09-17T03:37:09.201397489Z,aggregation,full,a42d74844cf7,200,13.024848
2026-09-17T03:37:09.261736768Z,aggregation,full,a42d74844cf7,200,13.786666
2026-09-17T03:37:09.327952757Z,aggregation,full,a42d74844cf7,200,19.577596
2026-09-17T03:37:09.381678235Z,aggregation,full,a42d74844cf7,200,13.887678
2026-09-17T03:37:09.441134238Z,aggregation,full,a42d74844cf7,200,12.632369
2026-09-17T03:37:09.500577676Z,aggregation,full,a42d74844cf7,200,12.667887
2026-09-17T03:37:09.563267178Z,aggregation,full,a42d74844cf7,200,15.14566
2026-09-17T03:37:09.62467563Z,aggregation,full,a42d74844cf7,200,16.702888
2026-09-17T03:37:09.680814571Z,aggregation,full,a42d74844cf7,200,12.523541
2026-09-17T03:37:09.740172617Z,aggregation,full,a42d74844cf7,200,12.708844
2026-09-17T03:37:09.800564186Z,aggregation,full,a42d74844cf7,200,12.786425
2026-09-17T03:37:09.860862158Z,aggregation,full,a42d74844cf7,200,12.730266
2026-09-17T03:37:09.931797442Z,aggregation,full,a42d74844cf7,200,23.965969
2026-09-17T03:37:09.983856784Z,aggregation,full,a42d74844cf7,200,15.783538
2026-09-17T03:37:10.041063172Z,aggregation,full,a42d74844cf7,200,13.283574
2026-09-17T03:37:10.100846545Z,aggregation,full,a42d74844cf7,200,13.293229
2026-09-17T03:37:10.160265915Z,aggregation,full,a42d74844cf7,200,12.741837
2026-09-17T03:37:10.226183098Z,aggregation,full,a42d74844cf7,200,18.239375
2026-09-17T03:37:10.28192729Z,aggregation,full,a42d74844cf7,200,13.983972
2026-09-17T03:37:10.340560385Z,aggregation,full,a42d74844cf7,200,12.900884
2026-09-17T03:37:10.40286709Z,aggregation,full,a42d74844cf7,200,14.639361
2026-09-17T03:37:10.459894521Z,aggregation,full,a42d74844cf7,200,11.491613
2026-09-17T03:37:10.523332736Z,aggregation,full,a42d74844cf7,200,15.433072
2026-09-17T03:37:10.580356954Z,aggregation,full,a42d74844cf7,200,12.445984
2026-09-17T03:37:10.641570291Z,aggregation,full,a42d74844cf7,200,13.475653
2026-09-17T03:37:10.70189589Z,aggregation,full,a42d74844cf7,200,13.57407
2026-09-17T03:37:10.760747473Z,aggregation,full,a42d74844cf7,200,12.389326
2026-09-17T03:37:10.82572848Z,aggregation,full,a42d74844cf7,200,17.097708
2026-09-17T03:37:10.882268361Z,aggregation,full,a42d74844cf7,200,13.893914
2026-09-17T03:37:10.941154841Z,aggregation,full,a42d74844cf7,200,13.081363
2026-09-17T03:37:11.000228631Z,aggregation,full,a42d74844cf7,200,12.373925
2026-09-17T03:37:11.061136374Z,aggregation,full,a42d74844cf7,200,13.51917
2026-09-17T03:37:11.125090863Z,aggregation,full,a42d74844cf7,200,17.081166
2026-09-17T03:37:11.181198132Z,aggregation,full,a42d74844cf7,200,13.4489
2026-09-17T03:37:11.244413551Z,aggregation,full,a42d74844cf7,200,16.421927
2026-09-17T03:37:11.310600325Z,aggregation,full,a42d74844cf7,200,22.318014
2026-09-17T03:37:11.362348253Z,aggregation,full,a42d74844cf7,200,14.068622
2026-09-17T03:37:11.424961835Z,aggregation,full,a42d74844cf7,200,16.821967
2026-09-17T03:37:11.481853205Z,aggregation,full,a42d74844cf7,200,14.095498
2026-09-17T03:37:11.540488022Z,aggregation,full,a42d74844cf7,200,12.659646
2026-09-17T03:37:11.602052913Z,aggregation,full,a42d74844cf7,200,13.680785
2026-09-17T03:37:11.660644292Z,aggregation,full,a42d74844cf7,200,12.991319
2026-09-17T03:37:11.727357457Z,aggregation,full,a42d74844cf7,200,18.714503
2026-09-17T03:37:11.782118256Z,aggregation,full,a42d74844cf7,200,14.069427
2026-09-17T03:37:11.842021143Z,aggregation,full,a42d74844cf7,200,14.129421
2026-09-17T03:37:11.900305054Z,aggregation,full,a42d74844cf7,200,12.718254
2026-09-17T03:37:11.961624673Z,aggregation,full,a42d74844cf7,200,13.762751
2026-09-17T03:37:12.026790933Z,aggregation,full,a42d74844cf7,200,18.373801
2026-09-17T03:37:12.081220232Z,aggregation,full,a42d74844cf7,200,12.759754
2026-09-17T03:37:12.140546249Z,aggregation,full,a42d74844cf7,200,12.576826
2026-09-17T03:37:12.200750031Z,aggregation,full,a42d74844cf7,200,12.31192
2026-09-17T03:37:12.260512454Z,aggregation,full,a42d74844cf7,200,12.064804
2026-09-17T03:37:12.327097368Z,aggregation,full,a42d74844cf7,200,18.73588
2026-09-17T03:37:12.383212245Z,aggregation,full,a42d74844cf7,200,15.236304
2026-09-17T03:37:12.442345188Z,aggregation,full,a42d74844cf7,200,14.182196
2026-09-17T03:37:12.528636464Z,aggregation,full,a42d74844cf7,200,40.689553
2026-09-17T03:37:12.560505864Z,aggregation,full,a42d74844cf7,200,12.169691
2026-09-17T03:37:12.624525917Z,aggregation,full,a42d74844cf7,200,16.48841
2026-09-17T03:37:12.681410658Z,aggregation,full,a42d74844cf7,200,13.167242
2026-09-17T03:37:12.741018288Z,aggregation,full,a42d74844cf7,200,12.901817
2026-09-17T03:37:12.800387613Z,aggregation,full,a42d74844cf7,200,12.641745
2026-09-17T03:37:12.860577201Z,aggregation,full,a42d74844cf7,200,12.483574
2026-09-17T03:37:12.924888263Z,aggregation,full,a42d74844cf7,200,16.602587
2026-09-17T03:37:12.982114115Z,aggregation,full,a42d74844cf7,200,14.552838
2026-09-17T03:37:13.041336077Z,aggregation,full,a42d74844cf7,200,13.614385
2026-09-17T03:37:13.102064303Z,aggregation,full,a42d74844cf7,200,14.187284
2026-09-17T03:37:13.159773653Z,aggregation,full,a42d74844cf7,200,12.194432
2026-09-17T03:37:13.22414234Z,aggregation,full,a42d74844cf7,200,15.606412
2026-09-17T03:37:13.279344231Z,aggregation,full,a42d74844cf7,200,11.480041
2026-09-17T03:37:13.342338199Z,aggregation,full,a42d74844cf7,200,13.929147
2026-09-17T03:37:13.401901021Z,aggregation,full,a42d74844cf7,200,13.97592
2026-09-17T03:37:13.462901776Z,aggregation,full,a42d74844cf7,200,15.473566
2026-09-17T03:37:13.529324351Z,aggregation,full,a42d74844cf7,200,21.468237
2026-09-17T03:37:13.582705861Z,aggregation,full,a42d74844cf7,200,14.844157
2026-09-17T03:37:13.644167319Z,aggregation,full,a42d74844cf7,200,15.840023
2026-09-17T03:37:13.702744032Z,aggregation,full,a42d74844cf7,200,14.398491
2026-09-17T03:37:13.762631498Z,aggregation,full,a42d74844cf7,200,14.408491
2026-09-17T03:37:13.825516548Z,aggregation,full,a42d74844cf7,200,17.198721
2026-09-17T03:37:13.88239924Z,aggregation,full,a42d74844cf7,200,14.121951
2026-09-17T03:37:13.943993877Z,aggregation,full,a42d74844cf7,200,15.989815
2026-09-17T03:37:14.00131328Z,aggregation,full,a42d74844cf7,200,13.711736
2026-09-17T03:37:14.067561811Z,aggregation,full,a42d74844cf7,200,19.42341
2026-09-17T03:37:14.124450053Z,aggregation,full,a42d74844cf7,200,16.369882
2026-09-17T03:37:14.183545571Z,aggregation,full,a42d74844cf7,200,15.434444
2026-09-17T03:37:14.241527771Z,aggregation,full,a42d74844cf7,200,13.371867
2026-09-17T03:37:14.302504425Z,aggregation,full,a42d74844cf7,200,14.363308
2026-09-17T03:37:14.362584145Z,aggregation,full,a42d74844cf7,200,14.353876
2026-09-17T03:37:14.425091339Z,aggregation,full,a42d74844cf7,200,16.904894
2026-09-17T03:37:14.481003031Z,aggregation,full,a42d74844cf7,200,13.220655
2026-09-17T03:37:14.541889139Z,aggregation,full,a42d74844cf7,200,13.984355
2026-09-17T03:37:14.602934238Z,aggregation,full,a42d74844cf7,200,15.482519
2026-09-17T03:37:14.660442014Z,aggregation,full,a42d74844cf7,200,13.087068
2026-09-17T03:37:14.724269512Z,aggregation,full,a42d74844cf7,200,16.240056
2026-09-17T03:37:14.780948999Z,aggregation,full,a42d74844cf7,200,13.020502
2026-09-17T03:37:14.841163679Z,aggregation,full,a42d74844cf7,200,13.663709
2026-09-17T03:37:14.90287505Z,aggregation,full,a42d74844cf7,200,14.718048
2026-09-17T03:37:14.961443866Z,aggregation,full,a42d74844cf7,200,13.987885
2026-09-17T03:37:15.029432163Z,aggregation,full,a42d74844cf7,200,21.360295
2026-09-17T03:37:15.082265924Z,aggregation,full,a42d74844cf7,200,14.179115
2026-09-17T03:37:15.142131538Z,aggregation,full,a42d74844cf7,200,14.177485
2026-09-17T03:37:15.202685352Z,aggregation,full,a42d74844cf7,200,14.815451
2026-09-17T03:37:15.261852907Z,aggregation,full,a42d74844cf7,200,13.657397
2026-09-17T03:37:15.324283855Z,aggregation,full,a42d74844cf7,200,16.729972
2026-09-17T03:37:15.380738055Z,aggregation,full,a42d74844cf7,200,12.855791
2026-09-17T03:37:15.44927149Z,aggregation,full,a42d74844cf7,200,20.89549
2026-09-17T03:37:15.50088915Z,aggregation,full,a42d74844cf7,200,13.063361
2026-09-17T03:37:15.560943602Z,aggregation,full,a42d74844cf7,200,12.71919
2026-09-17T03:37:15.625843567Z,aggregation,full,a42d74844cf7,200,17.394451
2026-09-17T03:37:15.681000544Z,aggregation,full,a42d74844cf7,200,13.474365
2026-09-17T03:37:15.741613928Z,aggregation,full,a42d74844cf7,200,13.792373
2026-09-17T03:37:15.801011253Z,aggregation,full,a42d74844cf7,200,12.789765
2026-09-17T03:37:15.862497814Z,aggregation,full,a42d74844cf7,200,15.014075
2026-09-17T03:37:15.926605672Z,aggregation,full,a42d74844cf7,200,18.410487
2026-09-17T03:37:15.998341802Z,aggregation,full,a42d74844cf7,200,29.908791
2026-09-17T03:37:16.04387236Z,aggregation,full,a42d74844cf7,200,16.120045
2026-09-17T03:37:16.105950748Z,aggregation,full,a42d74844cf7,200,17.915512
2026-09-17T03:37:16.162935606Z,aggregation,full,a42d74844cf7,200,14.44125
2026-09-17T03:37:16.225555907Z,aggregation,full,a42d74844cf7,200,17.000816
2026-09-17T03:37:16.28260952Z,aggregation,full,a42d74844cf7,200,14.156512
2026-09-17T03:37:16.343289964Z,aggregation,full,a42d74844cf7,200,14.826602
2026-09-17T03:37:16.401379431Z,aggregation,full,a42d74844cf7,200,13.391048
2026-09-17T03:37:16.460978427Z,aggregation,full,a42d74844cf7,200,12.984414
2026-09-17T03:37:16.531697004Z,aggregation,full,a42d74844cf7,200,23.704922
2026-09-17T03:37:16.581158237Z,aggregation,full,a42d74844cf7,200,12.820027
2026-09-17T03:37:16.641204665Z,aggregation,full,a42d74844cf7,200,13.387938
2026-09-17T03:37:16.703248701Z,aggregation,full,a42d74844cf7,200,15.296245
2026-09-17T03:37:16.761699048Z,aggregation,full,a42d74844cf7,200,13.865182
2026-09-17T03:37:16.824133836Z,aggregation,full,a42d74844cf7,200,15.810371
2026-09-17T03:37:16.882547993Z,aggregation,full,a42d74844cf7,200,14.622307
2026-09-17T03:37:16.940629745Z,aggregation,full,a42d74844cf7,200,12.157711
2026-09-17T03:37:17.002461559Z,aggregation,full,a42d74844cf7,200,14.051515
2026-09-17T03:37:17.062238429Z,aggregation,full,a42d74844cf7,200,14.261472
2026-09-17T03:37:17.125388068Z,aggregation,full,a42d74844cf7,200,17.488246
2026-09-17T03:37:17.182758974Z,aggregation,full,a42d74844cf7,200,14.689011
2026-09-17T03:37:17.241625778Z,aggregation,full,a42d74844cf7,200,13.279546
2026-09-17T03:37:17.303693936Z,aggregation,full,a42d74844cf7,200,15.316816
2026-09-17T03:37:17.360801597Z,aggregation,full,a42d74844cf7,200,12.499324
2026-09-17T03:37:17.424529838Z,aggregation,full,a42d74844cf7,200,16.06179
2026-09-17T03:37:17.483203167Z,aggregation,full,a42d74844cf7,200,15.035047
2026-09-17T03:37:17.541573699Z,aggregation,full,a42d74844cf7,200,13.436326
2026-09-17T03:37:17.600789092Z,aggregation,full,a42d74844cf7,200,12.547198
2026-09-17T03:37:17.661072607Z,aggregation,full,a42d74844cf7,200,12.668732
2026-09-17T03:37:17.723830157Z,aggregation,full,a42d74844cf7,200,16.014725
2026-09-17T03:37:17.781971534Z,aggregation,full,a42d74844cf7,200,14.081378
2026-09-17T03:37:17.841266263Z,aggregation,full,a42d74844cf7,200,13.774487
2026-09-17T03:37:17.902473229Z,aggregation,full,a42d74844cf7,200,14.523724
2026-09-17T03:37:17.962361696Z,aggregation,full,a42d74844cf7,200,14.352703
2026-09-17T03:37:18.025827871Z,aggregation,full,a42d74844cf7,200,17.836247
2026-09-17T03:37:18.083824602Z,aggregation,full,a42d74844cf7,200,15.456585
2026-09-17T03:37:18.149941174Z,aggregation,full,a42d74844cf7,200,21.401211
2026-09-17T03:37:18.202311012Z,aggregation,full,a42d74844cf7,200,13.955845
2026-09-17T03:37:18.272709681Z,aggregation,full,a42d74844cf7,200,24.859353
2026-09-17T03:37:18.323885244Z,aggregation,full,a42d74844cf7,200,16.438807
2026-09-17T03:37:18.380609143Z,aggregation,full,a42d74844cf7,200,13.103549
2026-09-17T03:37:18.441034157Z,aggregation,full,a42d74844cf7,200,13.530007
2026-09-17T03:37:18.50268774Z,aggregation,full,a42d74844cf7,200,15.172351
2026-09-17T03:37:18.561676592Z,aggregation,full,a42d74844cf7,200,13.463524
2026-09-17T03:37:18.624509638Z,aggregation,full,a42d74844cf7,200,16.059889
2026-09-17T03:37:18.679164682Z,aggregation,full,a42d74844cf7,200,12.656886
2026-09-17T03:37:18.742103152Z,aggregation,full,a42d74844cf7,200,16.147821
2026-09-17T03:37:18.800399028Z,aggregation,full,a42d74844cf7,200,13.850521
2026-09-17T03:37:18.859635588Z,aggregation,full,a42d74844cf7,200,13.778037
2026-09-17T03:37:18.922426352Z,aggregation,full,a42d74844cf7,200,15.976914
2026-09-17T03:37:18.98010499Z,aggregation,full,a42d74844cf7,200,13.792131
2026-09-17T03:37:19.040763772Z,aggregation,full,a42d74844cf7,200,13.943348
2026-09-17T03:37:19.100332606Z,aggregation,full,a42d74844cf7,200,13.910775
2026-09-17T03:37:19.158028061Z,aggregation,full,a42d74844cf7,200,12.194688
2026-09-17T03:37:19.221593921Z,aggregation,full,a42d74844cf7,200,14.960206
2026-09-17T03:37:19.279876306Z,aggregation,full,a42d74844cf7,200,13.392922
2026-09-17T03:37:19.339921728Z,aggregation,full,a42d74844cf7,200,13.338943
2026-09-17T03:37:19.403070608Z,aggregation,full,a42d74844cf7,200,16.394358
2026-09-17T03:37:19.45975074Z,aggregation,full,a42d74844cf7,200,13.055195
2026-09-17T03:37:19.524819751Z,aggregation,full,a42d74844cf7,200,18.218478
2026-09-17T03:37:19.580216815Z,aggregation,full,a42d74844cf7,200,13.599567
2026-09-17T03:37:19.639520526Z,aggregation,full,a42d74844cf7,200,13.532144
2026-09-17T03:37:19.701692437Z,aggregation,full,a42d74844cf7,200,15.500131
2026-09-17T03:37:19.759753392Z,aggregation,full,a42d74844cf7,200,13.409783
2026-09-17T03:37:19.824351112Z,aggregation,full,a42d74844cf7,200,17.894026
2026-09-17T03:37:19.882515457Z,aggregation,full,a42d74844cf7,200,15.882112
2026-09-17T03:37:19.940002551Z,aggregation,full,a42d74844cf7,200,13.579261
2026-09-17T03:37:20.000624365Z,aggregation,full,a42d74844cf7,200,14.146585
2026-09-17T03:37:20.05981278Z,aggregation,full,a42d74844cf7,200,13.559354
2026-09-17T03:37:20.126830754Z,aggregation,full,a42d74844cf7,200,20.13786
2026-09-17T03:37:20.182720897Z,aggregation,full,a42d74844cf7,200,16.162734
2026-09-17T03:37:20.239704532Z,aggregation,full,a42d74844cf7,200,13.340863
2026-09-17T03:37:20.300633162Z,aggregation,full,a42d74844cf7,200,14.142564
2026-09-17T03:37:20.359611837Z,aggregation,full,a42d74844cf7,200,13.647715
2026-09-17T03:37:20.422161874Z,aggregation,full,a42d74844cf7,200,15.819792
2026-09-17T03:37:20.481938102Z,aggregation,full,a42d74844cf7,200,15.904698
2026-09-17T03:37:20.538428451Z,aggregation,full,a42d74844cf7,200,12.553745
2026-09-17T03:37:20.598649839Z,aggregation,full,a42d74844cf7,200,12.564025
2026-09-17T03:37:20.660092127Z,aggregation,full,a42d74844cf7,200,13.695119
2026-09-17T03:37:20.723053696Z,aggregation,full,a42d74844cf7,200,16.313964
2026-09-17T03:37:20.77974053Z,aggregation,full,a42d74844cf7,200,12.993162
2026-09-17T03:37:20.841980021Z,aggregation,full,a42d74844cf7,200,15.446129
2026-09-17T03:37:20.900406828Z,aggregation,full,a42d74844cf7,200,14.100807
2026-09-17T03:37:20.958292267Z,aggregation,full,a42d74844cf7,200,12.450573
2026-09-17T03:37:21.022375752Z,aggregation,full,a42d74844cf7,200,16.260915
2026-09-17T03:37:21.079480023Z,aggregation,full,a42d74844cf7,200,13.327339
2026-09-17T03:37:21.139602711Z,aggregation,full,a42d74844cf7,200,13.216668
2026-09-17T03:37:21.200339466Z,aggregation,full,a42d74844cf7,200,14.085472
2026-09-17T03:37:21.258951317Z,aggregation,full,a42d74844cf7,200,13.145511
2026-09-17T03:37:21.330601282Z,aggregation,full,a42d74844cf7,200,23.899205
2026-09-17T03:37:21.382389966Z,aggregation,full,a42d74844cf7,200,15.681276
2026-09-17T03:37:21.440293302Z,aggregation,full,a42d74844cf7,200,14.161142
2026-09-17T03:37:21.502546492Z,aggregation,full,a42d74844cf7,200,16.541806
2026-09-17T03:37:21.563209742Z,aggregation,full,a42d74844cf7,200,17.062607
2026-09-17T03:37:21.622555458Z,aggregation,full,a42d74844cf7,200,16.440805
2026-09-17T03:37:21.682377304Z,aggregation,full,a42d74844cf7,200,16.075173
2026-09-17T03:37:21.740327435Z,aggregation,full,a42d74844cf7,200,14.292227
2026-09-17T03:37:21.80002992Z,aggregation,full,a42d74844cf7,200,13.913154
2026-09-17T03:37:21.86307479Z,aggregation,full,a42d74844cf7,200,16.506736
2026-09-17T03:37:21.923539009Z,aggregation,full,a42d74844cf7,200,17.73458
2026-09-17T03:37:21.983244987Z,aggregation,full,a42d74844cf7,200,17.041242
2026-09-17T03:37:22.039385448Z,aggregation,full,a42d74844cf7,200,13.332604
2026-09-17T03:37:22.103829813Z,aggregation,full,a42d74844cf7,200,17.855315
2026-09-17T03:37:22.160719799Z,aggregation,full,a42d74844cf7,200,14.349187
2026-09-17T03:37:22.223789958Z,aggregation,full,a42d74844cf7,200,17.472493
2026-09-17T03:37:22.280857605Z,aggregation,full,a42d74844cf7,200,14.298242
2026-09-17T03:37:22.340848652Z,aggregation,full,a42d74844cf7,200,14.181567
2026-09-17T03:37:22.402591317Z,aggregation,full,a42d74844cf7,200,16.190678
2026-09-17T03:37:22.458519578Z,aggregation,full,a42d74844cf7,200,12.419159
2026-09-17T03:37:22.524454174Z,aggregation,full,a42d74844cf7,200,18.077686
2026-09-17T03:37:22.586378764Z,aggregation,full,a42d74844cf7,200,18.60047
2026-09-17T03:37:22.638691521Z,aggregation,full,a42d74844cf7,200,12.378798
2026-09-17T03:37:22.70658368Z,aggregation,full,a42d74844cf7,200,20.136485
2026-09-17T03:37:22.762125375Z,aggregation,full,a42d74844cf7,200,16.091529
2026-09-17T03:37:22.824219301Z,aggregation,full,a42d74844cf7,200,17.437595
2026-09-17T03:37:22.881698894Z,aggregation,full,a42d74844cf7,200,15.681863
2026-09-17T03:37:22.94166064Z,aggregation,full,a42d74844cf7,200,15.034318
2026-09-17T03:37:23.002707063Z,aggregation,full,a42d74844cf7,200,16.499476
2026-09-17T03:37:23.060732134Z,aggregation,full,a42d74844cf7,200,14.523856
2026-09-17T03:37:23.129345974Z,aggregation,full,a42d74844cf7,200,22.917471
2026-09-17T03:37:23.185801467Z,aggregation,full,a42d74844cf7,200,19.785268
2026-09-17T03:37:23.242596283Z,aggregation,full,a42d74844cf7,200,16.083895
2026-09-17T03:37:23.302738656Z,aggregation,full,a42d74844cf7,200,16.453652
2026-09-17T03:37:23.359161113Z,aggregation,full,a42d74844cf7,200,12.69674
2026-09-17T03:37:23.422923457Z,aggregation,full,a42d74844cf7,200,16.135175
2026-09-17T03:37:23.480912742Z,aggregation,full,a42d74844cf7,200,14.231731
2026-09-17T03:37:23.538863656Z,aggregation,full,a42d74844cf7,200,12.974182
2026-09-17T03:37:23.600930281Z,aggregation,full,a42d74844cf7,200,14.433455
2026-09-17T03:37:23.659369983Z,aggregation,full,a42d74844cf7,200,12.82899
2026-09-17T03:37:23.723087515Z,aggregation,full,a42d74844cf7,200,16.950247
2026-09-17T03:37:23.780793363Z,aggregation,full,a42d74844cf7,200,13.982814
2026-09-17T03:37:23.841849616Z,aggregation,full,a42d74844cf7,200,15.447132
2026-09-17T03:37:23.903732069Z,aggregation,full,a42d74844cf7,200,17.090177
2026-09-17T03:37:23.960039244Z,aggregation,full,a42d74844cf7,200,13.756041
2026-09-17T03:37:24.024100397Z,aggregation,full,a42d74844cf7,200,17.367647
2026-09-17T03:37:24.080325236Z,aggregation,full,a42d74844cf7,200,13.492307
2026-09-17T03:37:24.141277661Z,aggregation,full,a42d74844cf7,200,15.215685
2026-09-17T03:37:24.200694316Z,aggregation,full,a42d74844cf7,200,14.578446
2026-09-17T03:37:24.262685822Z,aggregation,full,a42d74844cf7,200,16.151629
2026-09-17T03:37:24.321748196Z,aggregation,full,a42d74844cf7,200,15.65097
2026-09-17T03:37:24.3783654Z,aggregation,full,a42d74844cf7,200,12.063941
2026-09-17T03:37:24.439175698Z,aggregation,full,a42d74844cf7,200,13.095549
2026-09-17T03:37:24.501870547Z,aggregation,full,a42d74844cf7,200,15.088108
2026-09-17T03:37:24.560408086Z,aggregation,full,a42d74844cf7,200,13.892904
2026-09-17T03:37:24.626199988Z,aggregation,full,a42d74844cf7,200,20.080348
2026-09-17T03:37:24.683415053Z,aggregation,full,a42d74844cf7,200,17.532672
2026-09-17T03:37:24.743294967Z,aggregation,full,a42d74844cf7,200,16.942328
2026-09-17T03:37:24.800967674Z,aggregation,full,a42d74844cf7,200,15.096748
2026-09-17T03:37:24.858576908Z,aggregation,full,a42d74844cf7,200,12.140162
2026-09-17T03:37:24.925940845Z,aggregation,full,a42d74844cf7,200,19.722831
2026-09-17T03:37:24.981016398Z,aggregation,full,a42d74844cf7,200,14.434175
2026-09-17T03:37:25.040968786Z,aggregation,full,a42d74844cf7,200,14.273617
2026-09-17T03:37:25.102953467Z,aggregation,full,a42d74844cf7,200,16.200146
2026-09-17T03:37:25.159598703Z,aggregation,full,a42d74844cf7,200,12.982235
2026-09-17T03:37:25.223132427Z,aggregation,full,a42d74844cf7,200,16.789492
2026-09-17T03:37:25.278984523Z,aggregation,full,a42d74844cf7,200,13.083413
2026-09-17T03:37:25.340835289Z,aggregation,full,a42d74844cf7,200,14.082912
2026-09-17T03:37:25.402284276Z,aggregation,full,a42d74844cf7,200,15.786554
2026-09-17T03:37:25.458954804Z,aggregation,full,a42d74844cf7,200,13.077313
2026-09-17T03:37:25.522488827Z,aggregation,full,a42d74844cf7,200,16.627709
2026-09-17T03:37:25.579161565Z,aggregation,full,a42d74844cf7,200,12.90349
2026-09-17T03:37:25.638483331Z,aggregation,full,a42d74844cf7,200,11.996981
2026-09-17T03:37:25.700247622Z,aggregation,full,a42d74844cf7,200,14.134297
2026-09-17T03:37:25.758246595Z,aggregation,full,a42d74844cf7,200,12.44491
2026-09-17T03:37:25.823108482Z,aggregation,full,a42d74844cf7,200,16.627838
2026-09-17T03:37:25.878915415Z,aggregation,full,a42d74844cf7,200,12.771528
2026-09-17T03:37:25.939763187Z,aggregation,full,a42d74844cf7,200,13.091663
2026-09-17T03:37:26.000470238Z,aggregation,full,a42d74844cf7,200,13.999302
2026-09-17T03:37:26.060427772Z,aggregation,full,a42d74844cf7,200,14.51281
2026-09-17T03:37:26.121131702Z,aggregation,full,a42d74844cf7,200,14.897589
2026-09-17T03:37:26.181016692Z,aggregation,full,a42d74844cf7,200,14.205287
2026-09-17T03:37:26.241246446Z,aggregation,full,a42d74844cf7,200,14.51055
2026-09-17T03:37:26.300031923Z,aggregation,full,a42d74844cf7,200,13.996541
2026-09-17T03:37:26.358899965Z,aggregation,full,a42d74844cf7,200,12.314015
2026-09-17T03:37:26.423624139Z,aggregation,full,a42d74844cf7,200,16.766089
2026-09-17T03:37:26.4796838Z,aggregation,full,a42d74844cf7,200,13.320241
2026-09-17T03:37:26.53998066Z,aggregation,full,a42d74844cf7,200,13.17311
2026-09-17T03:37:26.600167351Z,aggregation,full,a42d74844cf7,200,13.650965
2026-09-17T03:37:26.658208832Z,aggregation,full,a42d74844cf7,200,12.273291
2026-09-17T03:37:26.723278081Z,aggregation,full,a42d74844cf7,200,17.31513
2026-09-17T03:37:26.795458874Z,aggregation,full,a42d74844cf7,200,29.403482
2026-09-17T03:37:26.841628443Z,aggregation,full,a42d74844cf7,200,15.8164
2026-09-17T03:37:26.901647472Z,aggregation,full,a42d74844cf7,200,15.31326
2026-09-17T03:37:26.958566028Z,aggregation,full,a42d74844cf7,200,12.526361
2026-09-17T03:37:27.029074761Z,aggregation,full,a42d74844cf7,200,22.928608
2026-09-17T03:37:27.080216148Z,aggregation,full,a42d74844cf7,200,14.298416
2026-09-17T03:37:27.140072676Z,aggregation,full,a42d74844cf7,200,14.046015
2026-09-17T03:37:27.204523717Z,aggregation,full,a42d74844cf7,200,17.755154
2026-09-17T03:37:27.257776908Z,aggregation,full,a42d74844cf7,200,11.851931
2026-09-17T03:37:27.321738584Z,aggregation,full,a42d74844cf7,200,15.405659
2026-09-17T03:37:27.38084648Z,aggregation,full,a42d74844cf7,200,14.411218
2026-09-17T03:37:27.439498021Z,aggregation,full,a42d74844cf7,200,13.014348
2026-09-17T03:37:27.499420544Z,aggregation,full,a42d74844cf7,200,13.217981
2026-09-17T03:37:27.559091233Z,aggregation,full,a42d74844cf7,200,13.264461
2026-09-17T03:37:27.627603369Z,aggregation,full,a42d74844cf7,200,21.480883
2026-09-17T03:37:27.681671048Z,aggregation,full,a42d74844cf7,200,15.276767
2026-09-17T03:37:27.740044054Z,aggregation,full,a42d74844cf7,200,13.381578
2026-09-17T03:37:27.799284138Z,aggregation,full,a42d74844cf7,200,13.432278
2026-09-17T03:37:27.85840627Z,aggregation,full,a42d74844cf7,200,12.605985
2026-09-17T03:37:27.923638856Z,aggregation,full,a42d74844cf7,200,17.408348
2026-09-17T03:37:27.979650138Z,aggregation,full,a42d74844cf7,200,13.264217
2026-09-17T03:37:28.041480866Z,aggregation,full,a42d74844cf7,200,15.045403
2026-09-17T03:37:28.101746346Z,aggregation,full,a42d74844cf7,200,15.080648
2026-09-17T03:37:28.160050895Z,aggregation,full,a42d74844cf7,200,13.594676
2026-09-17T03:37:28.226257553Z,aggregation,full,a42d74844cf7,200,19.494979
2026-09-17T03:37:28.288311988Z,aggregation,full,a42d74844cf7,200,22.092363
2026-09-17T03:37:28.342691336Z,aggregation,full,a42d74844cf7,200,16.450948
2026-09-17T03:37:28.399696843Z,aggregation,full,a42d74844cf7,200,13.51529
2026-09-17T03:37:28.459050272Z,aggregation,full,a42d74844cf7,200,12.586891
2026-09-17T03:37:28.523219847Z,aggregation,full,a42d74844cf7,200,17.280895
2026-09-17T03:37:28.579125029Z,aggregation,full,a42d74844cf7,200,13.384076
2026-09-17T03:37:28.640656105Z,aggregation,full,a42d74844cf7,200,13.84544
2026-09-17T03:37:28.700151562Z,aggregation,full,a42d74844cf7,200,13.805421
2026-09-17T03:37:28.759387895Z,aggregation,full,a42d74844cf7,200,12.554523
2026-09-17T03:37:28.822555215Z,aggregation,full,a42d74844cf7,200,16.659333
2026-09-17T03:37:28.879033871Z,aggregation,full,a42d74844cf7,200,12.739096
2026-09-17T03:37:28.938198313Z,aggregation,full,a42d74844cf7,200,12.404316
2026-09-17T03:37:28.998745245Z,aggregation,full,a42d74844cf7,200,12.959406
2026-09-17T03:37:29.060932502Z,aggregation,full,a42d74844cf7,200,14.5599
2026-09-17T03:37:29.125700243Z,aggregation,full,a42d74844cf7,200,19.062254
2026-09-17T03:37:29.178730929Z,aggregation,full,a42d74844cf7,200,12.531802
2026-09-17T03:37:29.240361468Z,aggregation,full,a42d74844cf7,200,14.06681
2026-09-17T03:37:29.299802431Z,aggregation,full,a42d74844cf7,200,13.826134
2026-09-17T03:37:29.360151845Z,aggregation,full,a42d74844cf7,200,13.863127
2026-09-17T03:37:29.425904204Z,aggregation,full,a42d74844cf7,200,19.989802
2026-09-17T03:37:29.480818854Z,aggregation,full,a42d74844cf7,200,14.45487
2026-09-17T03:37:29.539979745Z,aggregation,full,a42d74844cf7,200,14.15705
2026-09-17T03:37:29.600805723Z,aggregation,full,a42d74844cf7,200,14.25076
2026-09-17T03:37:29.663824539Z,aggregation,full,a42d74844cf7,200,17.371133
2026-09-17T03:37:29.723327362Z,aggregation,full,a42d74844cf7,200,16.746396
2026-09-17T03:37:29.78146202Z,aggregation,full,a42d74844cf7,200,15.289131
2026-09-17T03:37:29.846329386Z,aggregation,full,a42d74844cf7,200,20.019155
2026-09-17T03:37:29.901323303Z,aggregation,full,a42d74844cf7,200,14.448587
2026-09-17T03:37:29.963170158Z,aggregation,full,a42d74844cf7,200,17.204143
2026-09-17T03:37:30.02371391Z,aggregation,full,a42d74844cf7,200,17.168611
2026-09-17T03:37:30.083502235Z,aggregation,full,a42d74844cf7,200,16.181293
2026-09-17T03:37:30.145695807Z,aggregation,full,a42d74844cf7,200,19.467373
2026-09-17T03:37:30.201400902Z,aggregation,full,a42d74844cf7,200,14.608374
2026-09-17T03:37:30.259642036Z,aggregation,full,a42d74844cf7,200,13.709909
2026-09-17T03:37:30.329187169Z,aggregation,full,a42d74844cf7,200,22.949932
2026-09-17T03:37:30.381184972Z,aggregation,full,a42d74844cf7,200,15.410019
2026-09-17T03:37:30.442308958Z,aggregation,full,a42d74844cf7,200,15.476544
2026-09-17T03:37:30.500191508Z,aggregation,full,a42d74844cf7,200,14.25629
2026-09-17T03:37:30.559357719Z,aggregation,full,a42d74844cf7,200,12.648348
2026-09-17T03:37:30.621369121Z,aggregation,full,a42d74844cf7,200,15.481887
2026-09-17T03:37:30.679152401Z,aggregation,full,a42d74844cf7,200,13.199881
2026-09-17T03:37:30.738779506Z,aggregation,full,a42d74844cf7,200,12.834275
2026-09-17T03:37:30.799267242Z,aggregation,full,a42d74844cf7,200,12.821325
2026-09-17T03:37:30.856767485Z,aggregation,full,a42d74844cf7,200,10.98952
2026-09-17T03:37:30.921951322Z,aggregation,full,a42d74844cf7,200,15.443142
2026-09-17T03:37:30.980302801Z,aggregation,full,a42d74844cf7,200,13.592236
2026-09-17T03:37:31.039789603Z,aggregation,full,a42d74844cf7,200,13.68902
2026-09-17T03:37:31.099305278Z,aggregation,full,a42d74844cf7,200,12.749978
2026-09-17T03:37:31.15826848Z,aggregation,full,a42d74844cf7,200,12.436691
2026-09-17T03:37:31.228146846Z,aggregation,full,a42d74844cf7,200,22.314268
2026-09-17T03:37:31.280334389Z,aggregation,full,a42d74844cf7,200,14.169758
2026-09-17T03:37:31.339042607Z,aggregation,full,a42d74844cf7,200,13.053881
2026-09-17T03:37:31.399402221Z,aggregation,full,a42d74844cf7,200,12.67608
2026-09-17T03:37:31.458342151Z,aggregation,full,a42d74844cf7,200,12.46469
2026-09-17T03:37:31.52249019Z,aggregation,full,a42d74844cf7,200,16.239143
2026-09-17T03:37:31.579742784Z,aggregation,full,a42d74844cf7,200,13.641482
2026-09-17T03:37:31.640028381Z,aggregation,full,a42d74844cf7,200,13.490287
2026-09-17T03:37:31.700354388Z,aggregation,full,a42d74844cf7,200,13.804636
2026-09-17T03:37:31.758564274Z,aggregation,full,a42d74844cf7,200,12.78081
2026-09-17T03:37:31.824615967Z,aggregation,full,a42d74844cf7,200,18.395411
2026-09-17T03:37:31.879978218Z,aggregation,full,a42d74844cf7,200,13.722804
2026-09-17T03:37:31.939201354Z,aggregation,full,a42d74844cf7,200,12.571324
2026-09-17T03:37:31.999116506Z,aggregation,full,a42d74844cf7,200,13.237743
2026-09-17T03:37:32.059720445Z,aggregation,full,a42d74844cf7,200,13.0039
2026-09-17T03:37:32.121791973Z,aggregation,full,a42d74844cf7,200,15.289178
2026-09-17T03:37:32.180201882Z,aggregation,full,a42d74844cf7,200,13.676094
2026-09-17T03:37:32.239165233Z,aggregation,full,a42d74844cf7,200,13.285638
2026-09-17T03:37:32.30018282Z,aggregation,full,a42d74844cf7,200,13.476536
2026-09-17T03:37:32.36060248Z,aggregation,full,a42d74844cf7,200,14.913562
2026-09-17T03:37:32.425677501Z,aggregation,full,a42d74844cf7,200,19.387496
2026-09-17T03:37:32.478843685Z,aggregation,full,a42d74844cf7,200,12.731864
2026-09-17T03:37:32.538766819Z,aggregation,full,a42d74844cf7,200,12.959918
2026-09-17T03:37:32.599751221Z,aggregation,full,a42d74844cf7,200,13.332891
2026-09-17T03:37:32.708950439Z,aggregation,full,a42d74844cf7,200,62.082977
2026-09-17T03:37:32.733484812Z,aggregation,full,a42d74844cf7,200,27.609403
2026-09-17T03:37:32.780010856Z,aggregation,full,a42d74844cf7,200,13.793616
2026-09-17T03:37:32.840633495Z,aggregation,full,a42d74844cf7,200,13.93593
2026-09-17T03:37:32.899966611Z,aggregation,full,a42d74844cf7,200,13.638991
2026-09-17T03:37:32.958026328Z,aggregation,full,a42d74844cf7,200,11.538104
2026-09-17T03:37:33.023709311Z,aggregation,full,a42d74844cf7,200,17.195203
2026-09-17T03:37:33.079172181Z,aggregation,full,a42d74844cf7,200,12.71771
2026-09-17T03:37:33.140938093Z,aggregation,full,a42d74844cf7,200,14.079842
2026-09-17T03:37:33.201064406Z,aggregation,full,a42d74844cf7,200,14.507294
2026-09-17T03:37:33.259617237Z,aggregation,full,a42d74844cf7,200,13.020882
2026-09-17T03:37:33.321861611Z,aggregation,full,a42d74844cf7,200,15.652463
2026-09-17T03:37:33.380151509Z,aggregation,full,a42d74844cf7,200,13.576254
2026-09-17T03:37:33.438533866Z,aggregation,full,a42d74844cf7,200,12.550128
2026-09-17T03:37:33.501867637Z,aggregation,full,a42d74844cf7,200,15.807807
2026-09-17T03:37:33.55856205Z,aggregation,full,a42d74844cf7,200,12.165622
2026-09-17T03:37:33.623798135Z,aggregation,full,a42d74844cf7,200,17.629189
2026-09-17T03:37:33.679700028Z,aggregation,full,a42d74844cf7,200,13.313409
2026-09-17T03:37:33.742301881Z,aggregation,full,a42d74844cf7,200,15.834835
2026-09-17T03:37:33.800055492Z,aggregation,full,a42d74844cf7,200,14.069151
2026-09-17T03:37:33.860147211Z,aggregation,full,a42d74844cf7,200,13.645472
2026-09-17T03:37:33.922210136Z,aggregation,full,a42d74844cf7,200,16.311288
2026-09-17T03:37:33.979797228Z,aggregation,full,a42d74844cf7,200,13.021184
2026-09-17T03:37:34.039382839Z,aggregation,full,a42d74844cf7,200,12.87266
2026-09-17T03:37:34.102532048Z,aggregation,full,a42d74844cf7,200,16.469555
2026-09-17T03:37:34.160401645Z,aggregation,full,a42d74844cf7,200,14.343939
2026-09-17T03:37:34.221757883Z,aggregation,full,a42d74844cf7,200,15.846329
2026-09-17T03:37:34.28075923Z,aggregation,full,a42d74844cf7,200,14.376881
2026-09-17T03:37:34.34065818Z,aggregation,full,a42d74844cf7,200,14.050379
2026-09-17T03:37:34.39948865Z,aggregation,full,a42d74844cf7,200,13.09942
2026-09-17T03:37:34.461547095Z,aggregation,full,a42d74844cf7,200,15.641789
2026-09-17T03:37:34.522676333Z,aggregation,full,a42d74844cf7,200,15.927839
2026-09-17T03:37:34.579856996Z,aggregation,full,a42d74844cf7,200,13.437993
2026-09-17T03:37:34.639497682Z,aggregation,full,a42d74844cf7,200,12.973759
2026-09-17T03:37:34.700648781Z,aggregation,full,a42d74844cf7,200,14.028338
2026-09-17T03:37:34.758809907Z,aggregation,full,a42d74844cf7,200,12.547597
2026-09-17T03:37:34.824051004Z,aggregation,full,a42d74844cf7,200,17.393556
2026-09-17T03:37:34.881176111Z,aggregation,full,a42d74844cf7,200,14.160189
2026-09-17T03:37:34.939279982Z,aggregation,full,a42d74844cf7,200,13.033854
2026-09-17T03:37:34.999591942Z,aggregation,full,a42d74844cf7,200,13.674414
2026-09-17T03:37:35.058117083Z,aggregation,full,a42d74844cf7,200,12.19904
2026-09-17T03:37:35.123445328Z,aggregation,full,a42d74844cf7,200,16.511214
2026-09-17T03:37:35.187870632Z,aggregation,full,a42d74844cf7,200,21.691098
2026-09-17T03:37:35.239243751Z,aggregation,full,a42d74844cf7,200,12.509815
2026-09-17T03:37:35.2997555Z,aggregation,full,a42d74844cf7,200,13.753622
2026-09-17T03:37:35.359161684Z,aggregation,full,a42d74844cf7,200,12.901502
2026-09-17T03:37:35.422116163Z,aggregation,full,a42d74844cf7,200,15.532579
2026-09-17T03:37:35.482971775Z,aggregation,full,a42d74844cf7,200,16.825166
2026-09-17T03:37:35.538880596Z,aggregation,full,a42d74844cf7,200,12.989467
2026-09-17T03:37:35.600235611Z,aggregation,full,a42d74844cf7,200,13.415105
2026-09-17T03:37:35.657292499Z,aggregation,full,a42d74844cf7,200,11.477393
2026-09-17T03:37:35.721548784Z,aggregation,full,a42d74844cf7,200,15.472426
2026-09-17T03:37:35.779411623Z,aggregation,full,a42d74844cf7,200,13.117497
2026-09-17T03:37:35.837912131Z,aggregation,full,a42d74844cf7,200,11.895875
2026-09-17T03:37:35.904714819Z,aggregation,full,a42d74844cf7,200,18.167401
2026-09-17T03:37:35.960349945Z,aggregation,full,a42d74844cf7,200,13.980356
2026-09-17T03:37:36.022594292Z,aggregation,full,a42d74844cf7,200,16.636245
2026-09-17T03:37:36.079539232Z,aggregation,full,a42d74844cf7,200,13.375957
2026-09-17T03:37:36.13877712Z,aggregation,full,a42d74844cf7,200,12.603184
2026-09-17T03:37:36.2005257Z,aggregation,full,a42d74844cf7,200,14.218961
2026-09-17T03:37:36.258236368Z,aggregation,full,a42d74844cf7,200,12.393362
2026-09-17T03:37:36.321018264Z,aggregation,full,a42d74844cf7,200,15.129705
2026-09-17T03:37:36.379401978Z,aggregation,full,a42d74844cf7,200,12.783061
2026-09-17T03:37:36.439990115Z,aggregation,full,a42d74844cf7,200,13.852883
2026-09-17T03:37:36.504992638Z,aggregation,full,a42d74844cf7,200,18.491377
2026-09-17T03:37:36.558881434Z,aggregation,full,a42d74844cf7,200,12.276743
2026-09-17T03:37:36.622716487Z,aggregation,full,a42d74844cf7,200,16.237069
2026-09-17T03:37:36.680660573Z,aggregation,full,a42d74844cf7,200,14.405036
2026-09-17T03:37:36.740280666Z,aggregation,full,a42d74844cf7,200,13.992195
2026-09-17T03:37:36.799247389Z,aggregation,full,a42d74844cf7,200,13.368872
2026-09-17T03:37:36.858755113Z,aggregation,full,a42d74844cf7,200,13.001487
2026-09-17T03:37:36.921888629Z,aggregation,full,a42d74844cf7,200,15.248965
2026-09-17T03:37:36.980053245Z,aggregation,full,a42d74844cf7,200,13.94469
2026-09-17T03:37:37.041094977Z,aggregation,full,a42d74844cf7,200,14.496412
2026-09-17T03:37:37.100153236Z,aggregation,full,a42d74844cf7,200,13.377507
2026-09-17T03:37:37.157895001Z,aggregation,full,a42d74844cf7,200,12.196052
2026-09-17T03:37:37.222560823Z,aggregation,full,a42d74844cf7,200,16.206942
2026-09-17T03:37:37.279529505Z,aggregation,full,a42d74844cf7,200,13.385358
2026-09-17T03:37:37.338823497Z,aggregation,full,a42d74844cf7,200,12.546009
2026-09-17T03:37:37.402263805Z,aggregation,full,a42d74844cf7,200,15.812016
2026-09-17T03:37:37.459655389Z,aggregation,full,a42d74844cf7,200,12.912422
2026-09-17T03:37:37.526929803Z,aggregation,full,a42d74844cf7,200,20.296298
2026-09-17T03:37:37.582347006Z,aggregation,full,a42d74844cf7,200,15.65829
2026-09-17T03:37:37.644471824Z,aggregation,full,a42d74844cf7,200,18.398263
2026-09-17T03:37:37.701626124Z,aggregation,full,a42d74844cf7,200,15.772584
2026-09-17T03:37:37.764373315Z,aggregation,full,a42d74844cf7,200,18.470734
2026-09-17T03:37:37.826515709Z,aggregation,full,a42d74844cf7,200,20.477847
2026-09-17T03:37:37.879616757Z,aggregation,full,a42d74844cf7,200,13.389808
2026-09-17T03:37:37.942042059Z,aggregation,full,a42d74844cf7,200,15.642215
2026-09-17T03:37:37.999817436Z,aggregation,full,a42d74844cf7,200,13.132449
2026-09-17T03:37:38.061617244Z,aggregation,full,a42d74844cf7,200,15.299393
2026-09-17T03:37:38.120906447Z,aggregation,full,a42d74844cf7,200,14.77828
2026-09-17T03:37:38.181254245Z,aggregation,full,a42d74844cf7,200,15.1082
2026-09-17T03:37:38.242870043Z,aggregation,full,a42d74844cf7,200,15.949703
2026-09-17T03:37:38.304424782Z,aggregation,full,a42d74844cf7,200,17.636421
2026-09-17T03:37:38.35994454Z,aggregation,full,a42d74844cf7,200,14.19493
2026-09-17T03:37:38.422145523Z,aggregation,full,a42d74844cf7,200,15.349797
2026-09-17T03:37:38.4790591Z,aggregation,full,a42d74844cf7,200,13.169857
2026-09-17T03:37:38.540125418Z,aggregation,full,a42d74844cf7,200,14.106958
2026-09-17T03:37:38.599627477Z,aggregation,full,a42d74844cf7,200,13.02747
2026-09-17T03:37:38.658784334Z,aggregation,full,a42d74844cf7,200,12.527923
2026-09-17T03:37:38.723952339Z,aggregation,full,a42d74844cf7,200,17.566086
2026-09-17T03:37:38.780754272Z,aggregation,full,a42d74844cf7,200,13.862219
2026-09-17T03:37:38.840053465Z,aggregation,full,a42d74844cf7,200,13.491696
2026-09-17T03:37:38.90180505Z,aggregation,full,a42d74844cf7,200,14.895392
2026-09-17T03:37:38.960032593Z,aggregation,full,a42d74844cf7,200,13.914483
2026-09-17T03:37:39.024018142Z,aggregation,full,a42d74844cf7,200,17.504031
2026-09-17T03:37:39.079921949Z,aggregation,full,a42d74844cf7,200,13.287686
2026-09-17T03:37:39.140587155Z,aggregation,full,a42d74844cf7,200,13.910528
2026-09-17T03:37:39.20023391Z,aggregation,full,a42d74844cf7,200,14.121722
2026-09-17T03:37:39.259245806Z,aggregation,full,a42d74844cf7,200,12.539872
2026-09-17T03:37:39.324381358Z,aggregation,full,a42d74844cf7,200,18.41731
2026-09-17T03:37:39.379596365Z,aggregation,full,a42d74844cf7,200,13.328052
2026-09-17T03:37:39.440326163Z,aggregation,full,a42d74844cf7,200,14.21249
2026-09-17T03:37:39.503105046Z,aggregation,full,a42d74844cf7,200,16.900635
2026-09-17T03:37:39.558840083Z,aggregation,full,a42d74844cf7,200,12.352977
2026-09-17T03:37:39.622995146Z,aggregation,full,a42d74844cf7,200,16.296404
2026-09-17T03:37:39.679817181Z,aggregation,full,a42d74844cf7,200,13.256538
2026-09-17T03:37:39.73885993Z,aggregation,full,a42d74844cf7,200,12.214859
2026-09-17T03:37:39.801779764Z,aggregation,full,a42d74844cf7,200,15.011561
2026-09-17T03:37:39.858099826Z,aggregation,full,a42d74844cf7,200,11.869453
2026-09-17T03:37:39.921586391Z,aggregation,full,a42d74844cf7,200,14.68071
2026-09-17T03:37:39.980441786Z,aggregation,full,a42d74844cf7,200,14.145566
2026-09-17T03:37:40.039667489Z,aggregation,full,a42d74844cf7,200,13.520408
2026-09-17T03:37:40.105285737Z,aggregation,full,a42d74844cf7,200,19.036231
2026-09-17T03:37:40.157688271Z,aggregation,full,a42d74844cf7,200,11.851582
2026-09-17T03:37:40.221762112Z,aggregation,full,a42d74844cf7,200,15.472776
2026-09-17T03:37:40.281338072Z,aggregation,full,a42d74844cf7,200,14.730815
2026-09-17T03:37:40.363953683Z,aggregation,full,a42d74844cf7,200,37.835216
2026-09-17T03:37:40.400778053Z,aggregation,full,a42d74844cf7,200,14.285256
2026-09-17T03:37:40.458989089Z,aggregation,full,a42d74844cf7,200,12.391093
2026-09-17T03:37:40.520838471Z,aggregation,full,a42d74844cf7,200,14.904093
2026-09-17T03:37:40.583032079Z,aggregation,full,a42d74844cf7,200,16.338281
2026-09-17T03:37:40.638550311Z,aggregation,full,a42d74844cf7,200,12.380541
2026-09-17T03:37:40.699586661Z,aggregation,full,a42d74844cf7,200,13.494776
2026-09-17T03:37:40.758280484Z,aggregation,full,a42d74844cf7,200,12.242131
2026-09-17T03:37:40.823750071Z,aggregation,full,a42d74844cf7,200,17.831856
2026-09-17T03:37:40.879940483Z,aggregation,full,a42d74844cf7,200,13.367856
2026-09-17T03:37:40.939451458Z,aggregation,full,a42d74844cf7,200,12.89975
2026-09-17T03:37:40.999783574Z,aggregation,full,a42d74844cf7,200,13.761136
2026-09-17T03:37:41.058503739Z,aggregation,full,a42d74844cf7,200,12.084739
2026-09-17T03:37:41.119394378Z,aggregation,full,a42d74844cf7,200,13.310382
2026-09-17T03:37:41.178960277Z,aggregation,full,a42d74844cf7,200,12.920926
2026-09-17T03:37:41.24030655Z,aggregation,full,a42d74844cf7,200,13.697641
2026-09-17T03:37:41.299871519Z,aggregation,full,a42d74844cf7,200,13.93799
2026-09-17T03:37:41.358587093Z,aggregation,full,a42d74844cf7,200,12.162975
2026-09-17T03:37:41.425425876Z,aggregation,full,a42d74844cf7,200,19.199701
2026-09-17T03:37:41.479734345Z,aggregation,full,a42d74844cf7,200,13.544836
2026-09-17T03:37:41.54004604Z,aggregation,full,a42d74844cf7,200,13.448244
2026-09-17T03:37:41.601374423Z,aggregation,full,a42d74844cf7,200,14.716229
2026-09-17T03:37:41.658876134Z,aggregation,full,a42d74844cf7,200,13.070613
2026-09-17T03:37:41.725694429Z,aggregation,full,a42d74844cf7,200,18.856128
2026-09-17T03:37:41.780625481Z,aggregation,full,a42d74844cf7,200,14.221861
2026-09-17T03:37:41.838751794Z,aggregation,full,a42d74844cf7,200,12.656131
2026-09-17T03:37:41.904303484Z,aggregation,full,a42d74844cf7,200,17.855697
2026-09-17T03:37:41.958919905Z,aggregation,full,a42d74844cf7,200,13.095879
2026-09-17T03:37:42.024402134Z,aggregation,full,a42d74844cf7,200,17.859237
2026-09-17T03:37:42.080224898Z,aggregation,full,a42d74844cf7,200,14.108713
2026-09-17T03:37:42.139985672Z,aggregation,full,a42d74844cf7,200,14.032907
2026-09-17T03:37:42.200806776Z,aggregation,full,a42d74844cf7,200,14.167397
2026-09-17T03:37:42.258967197Z,aggregation,full,a42d74844cf7,200,12.48911
2026-09-17T03:37:42.331569736Z,aggregation,full,a42d74844cf7,200,24.826547
2026-09-17T03:37:42.380361395Z,aggregation,full,a42d74844cf7,200,14.281056
2026-09-17T03:37:42.440846504Z,aggregation,full,a42d74844cf7,200,14.746261
2026-09-17T03:37:42.502476573Z,aggregation,full,a42d74844cf7,200,15.9942
2026-09-17T03:37:42.559078842Z,aggregation,full,a42d74844cf7,200,13.168662
2026-09-17T03:37:42.626439393Z,aggregation,full,a42d74844cf7,200,19.760662
2026-09-17T03:37:42.677330503Z,aggregation,full,a42d74844cf7,200,11.345943
2026-09-17T03:37:42.742348575Z,aggregation,full,a42d74844cf7,200,16.199691
2026-09-17T03:37:42.800454313Z,aggregation,full,a42d74844cf7,200,14.178292
2026-09-17T03:37:42.862818264Z,aggregation,full,a42d74844cf7,200,16.844761
2026-09-17T03:37:42.925168086Z,aggregation,full,a42d74844cf7,200,18.672989
2026-09-17T03:37:42.978793934Z,aggregation,full,a42d74844cf7,200,12.841796
2026-09-17T03:37:43.04037431Z,aggregation,full,a42d74844cf7,200,13.855934
2026-09-17T03:37:43.099616341Z,aggregation,full,a42d74844cf7,200,13.390208
2026-09-17T03:37:43.165849827Z,aggregation,full,a42d74844cf7,200,19.858691
2026-09-17T03:37:43.223165264Z,aggregation,full,a42d74844cf7,200,16.731203
2026-09-17T03:37:43.279449598Z,aggregation,full,a42d74844cf7,200,12.669819
2026-09-17T03:37:43.337779758Z,aggregation,full,a42d74844cf7,200,11.784606
2026-09-17T03:37:43.398716201Z,aggregation,full,a42d74844cf7,200,12.254502
2026-09-17T03:37:43.458436611Z,aggregation,full,a42d74844cf7,200,12.203678
2026-09-17T03:37:43.522295824Z,aggregation,full,a42d74844cf7,200,15.947004
2026-09-17T03:37:43.578656108Z,aggregation,full,a42d74844cf7,200,12.598236
2026-09-17T03:37:43.637138437Z,aggregation,full,a42d74844cf7,200,10.884668
2026-09-17T03:37:43.700276746Z,aggregation,full,a42d74844cf7,200,13.653552
2026-09-17T03:37:43.75605197Z,aggregation,full,a42d74844cf7,200,10.296139
2026-09-17T03:37:43.819448998Z,aggregation,full,a42d74844cf7,200,12.800477
2026-09-17T03:37:43.879327469Z,aggregation,full,a42d74844cf7,200,13.164592
2026-09-17T03:37:43.938593198Z,aggregation,full,a42d74844cf7,200,12.608144
2026-09-17T03:37:43.998907508Z,aggregation,full,a42d74844cf7,200,12.674765
2026-09-17T03:37:44.057959199Z,aggregation,full,a42d74844cf7,200,11.496258
2026-09-17T03:37:44.123133686Z,aggregation,full,a42d74844cf7,200,16.514617
2026-09-17T03:37:44.180561208Z,aggregation,full,a42d74844cf7,200,14.589794
2026-09-17T03:37:44.242856953Z,aggregation,full,a42d74844cf7,200,16.446942
2026-09-17T03:37:44.299363756Z,aggregation,full,a42d74844cf7,200,13.078076
2026-09-17T03:37:44.359494672Z,aggregation,full,a42d74844cf7,200,13.62745
2026-09-17T03:37:44.426109747Z,aggregation,full,a42d74844cf7,200,19.387872
2026-09-17T03:37:44.481413403Z,aggregation,full,a42d74844cf7,200,14.714852
2026-09-17T03:37:44.538802581Z,aggregation,full,a42d74844cf7,200,12.513388
2026-09-17T03:37:44.599989365Z,aggregation,full,a42d74844cf7,200,13.407978
2026-09-17T03:37:44.659236629Z,aggregation,full,a42d74844cf7,200,13.136075
2026-09-17T03:37:44.725108171Z,aggregation,full,a42d74844cf7,200,18.310024
2026-09-17T03:37:44.781464592Z,aggregation,full,a42d74844cf7,200,14.746273
2026-09-17T03:37:44.839113499Z,aggregation,full,a42d74844cf7,200,12.985748
2026-09-17T03:37:44.899274208Z,aggregation,full,a42d74844cf7,200,13.409681
2026-09-17T03:37:44.959686001Z,aggregation,full,a42d74844cf7,200,13.807601
2026-09-17T03:37:45.021825018Z,aggregation,full,a42d74844cf7,200,15.421618
2026-09-17T03:37:45.080010144Z,aggregation,full,a42d74844cf7,200,13.325002
2026-09-17T03:37:45.145131077Z,aggregation,full,a42d74844cf7,200,18.547258
2026-09-17T03:37:45.200481745Z,aggregation,full,a42d74844cf7,200,13.937086
2026-09-17T03:37:45.261399308Z,aggregation,full,a42d74844cf7,200,15.420882
2026-09-17T03:37:45.328520975Z,aggregation,full,a42d74844cf7,200,22.361526
2026-09-17T03:37:45.381421763Z,aggregation,full,a42d74844cf7,200,14.94146
2026-09-17T03:37:45.441488571Z,aggregation,full,a42d74844cf7,200,15.254662
2026-09-17T03:37:45.504183073Z,aggregation,full,a42d74844cf7,200,18.117441
2026-09-17T03:37:45.560309711Z,aggregation,full,a42d74844cf7,200,13.599848
2026-09-17T03:37:45.633843534Z,aggregation,full,a42d74844cf7,200,27.880093
2026-09-17T03:37:45.683324921Z,aggregation,full,a42d74844cf7,200,16.749232
2026-09-17T03:37:45.740334217Z,aggregation,full,a42d74844cf7,200,14.20654
2026-09-17T03:37:45.808119797Z,aggregation,full,a42d74844cf7,200,21.990837
2026-09-17T03:37:45.860594824Z,aggregation,full,a42d74844cf7,200,13.998489
2026-09-17T03:37:45.923344625Z,aggregation,full,a42d74844cf7,200,16.947176
2026-09-17T03:37:45.980239031Z,aggregation,full,a42d74844cf7,200,14.185556
2026-09-17T03:37:46.041278946Z,aggregation,full,a42d74844cf7,200,15.538255
2026-09-17T03:37:46.100943572Z,aggregation,full,a42d74844cf7,200,15.062332
2026-09-17T03:37:46.160114117Z,aggregation,full,a42d74844cf7,200,13.564978
2026-09-17T03:37:46.223483687Z,aggregation,full,a42d74844cf7,200,16.699864
2026-09-17T03:37:46.279951782Z,aggregation,full,a42d74844cf7,200,13.78119
2026-09-17T03:37:46.339694438Z,aggregation,full,a42d74844cf7,200,13.052934
2026-09-17T03:37:46.403532489Z,aggregation,full,a42d74844cf7,200,17.140198
2026-09-17T03:37:46.459217228Z,aggregation,full,a42d74844cf7,200,13.046145
2026-09-17T03:37:46.521846135Z,aggregation,full,a42d74844cf7,200,15.804016
2026-09-17T03:37:46.580139163Z,aggregation,full,a42d74844cf7,200,13.535875
2026-09-17T03:37:46.641203274Z,aggregation,full,a42d74844cf7,200,14.46283
2026-09-17T03:37:46.699567031Z,aggregation,full,a42d74844cf7,200,13.718756
2026-09-17T03:37:46.758682992Z,aggregation,full,a42d74844cf7,200,12.434584
2026-09-17T03:37:46.822601252Z,aggregation,full,a42d74844cf7,200,16.435052
2026-09-17T03:37:46.879222633Z,aggregation,full,a42d74844cf7,200,13.043084
2026-09-17T03:37:46.93860348Z,aggregation,full,a42d74844cf7,200,12.565436
2026-09-17T03:37:46.99956713Z,aggregation,full,a42d74844cf7,200,13.247976
2026-09-17T03:37:47.060315377Z,aggregation,full,a42d74844cf7,200,14.243272
2026-09-17T03:37:47.122055056Z,aggregation,full,a42d74844cf7,200,16.146817
2026-09-17T03:37:47.179157208Z,aggregation,full,a42d74844cf7,200,13.363275
2026-09-17T03:37:47.23930237Z,aggregation,full,a42d74844cf7,200,13.417332
2026-09-17T03:37:47.302326923Z,aggregation,full,a42d74844cf7,200,16.177866
2026-09-17T03:37:47.3577619Z,aggregation,full,a42d74844cf7,200,11.982254
2026-09-17T03:37:47.426235326Z,aggregation,full,a42d74844cf7,200,19.744821
2026-09-17T03:37:47.480303532Z,aggregation,full,a42d74844cf7,200,14.413953
2026-09-17T03:37:47.538703925Z,aggregation,full,a42d74844cf7,200,12.504827
2026-09-17T03:37:47.601613402Z,aggregation,full,a42d74844cf7,200,15.158021
2026-09-17T03:37:47.658705455Z,aggregation,full,a42d74844cf7,200,12.643682
2026-09-17T03:37:47.723163862Z,aggregation,full,a42d74844cf7,200,16.758927
2026-09-17T03:37:47.779186617Z,aggregation,full,a42d74844cf7,200,13.46956
2026-09-17T03:37:47.840076473Z,aggregation,full,a42d74844cf7,200,14.073774
2026-09-17T03:37:47.905380934Z,aggregation,full,a42d74844cf7,200,19.386043
2026-09-17T03:37:47.961024939Z,aggregation,full,a42d74844cf7,200,15.158309
2026-09-17T03:37:48.026230004Z,aggregation,full,a42d74844cf7,200,17.987743
2026-09-17T03:37:48.084117386Z,aggregation,full,a42d74844cf7,200,17.675913
2026-09-17T03:37:48.138634779Z,aggregation,full,a42d74844cf7,200,12.898463
2026-09-17T03:37:48.201677944Z,aggregation,full,a42d74844cf7,200,15.279596
2026-09-17T03:37:48.263113971Z,aggregation,full,a42d74844cf7,200,16.915197
2026-09-17T03:37:48.327193786Z,aggregation,full,a42d74844cf7,200,21.068093
2026-09-17T03:37:48.37878924Z,aggregation,full,a42d74844cf7,200,12.848811
2026-09-17T03:37:48.439638853Z,aggregation,full,a42d74844cf7,200,13.026581
2026-09-17T03:37:48.501609339Z,aggregation,full,a42d74844cf7,200,15.117828
2026-09-17T03:37:48.560012937Z,aggregation,full,a42d74844cf7,200,14.041167
2026-09-17T03:37:48.622339331Z,aggregation,full,a42d74844cf7,200,15.641707
2026-09-17T03:37:48.67791199Z,aggregation,full,a42d74844cf7,200,13.509
2026-09-17T03:37:48.737631809Z,aggregation,full,a42d74844cf7,200,13.085699
2026-09-17T03:37:48.802978483Z,aggregation,full,a42d74844cf7,200,18.595572
2026-09-17T03:37:48.858348281Z,aggregation,full,a42d74844cf7,200,13.780169
2026-09-17T03:37:48.922940876Z,aggregation,full,a42d74844cf7,200,17.965771
2026-09-17T03:37:48.978411702Z,aggregation,full,a42d74844cf7,200,13.894989
2026-09-17T03:37:49.03959583Z,aggregation,full,a42d74844cf7,200,14.459798
2026-09-17T03:37:49.098922727Z,aggregation,full,a42d74844cf7,200,14.74414
2026-09-17T03:37:49.160112144Z,aggregation,full,a42d74844cf7,200,15.729846
2026-09-17T03:37:49.220200458Z,aggregation,full,a42d74844cf7,200,15.534674
2026-09-17T03:37:49.278181697Z,aggregation,full,a42d74844cf7,200,13.29909
2026-09-17T03:37:49.339301257Z,aggregation,full,a42d74844cf7,200,14.520568
2026-09-17T03:37:49.398733339Z,aggregation,full,a42d74844cf7,200,13.74946
2026-09-17T03:37:49.458538793Z,aggregation,full,a42d74844cf7,200,14.357307
2026-09-17T03:37:49.527601627Z,aggregation,full,a42d74844cf7,200,23.034303
2026-09-17T03:37:49.578963108Z,aggregation,full,a42d74844cf7,200,14.742502
2026-09-17T03:37:49.637836403Z,aggregation,full,a42d74844cf7,200,13.103046
2026-09-17T03:37:49.698829445Z,aggregation,full,a42d74844cf7,200,14.530679
2026-09-17T03:37:49.758050759Z,aggregation,full,a42d74844cf7,200,13.786006
2026-09-17T03:37:49.820877983Z,aggregation,full,a42d74844cf7,200,16.111943
2026-09-17T03:37:49.87825331Z,aggregation,full,a42d74844cf7,200,13.587348
2026-09-17T03:37:49.93843333Z,aggregation,full,a42d74844cf7,200,13.346133
2026-09-17T03:37:49.999255092Z,aggregation,full,a42d74844cf7,200,14.145495
2026-09-17T03:37:50.058923774Z,aggregation,full,a42d74844cf7,200,14.117048
2026-09-17T03:37:50.121519564Z,aggregation,full,a42d74844cf7,200,16.710481
2026-09-17T03:37:50.180066377Z,aggregation,full,a42d74844cf7,200,15.516758
2026-09-17T03:37:50.237881984Z,aggregation,full,a42d74844cf7,200,13.106698
2026-09-17T03:37:50.297879326Z,aggregation,full,a42d74844cf7,200,13.420152
2026-09-17T03:37:50.369985586Z,aggregation,full,a42d74844cf7,200,25.545054
2026-09-17T03:37:50.422148334Z,aggregation,full,a42d74844cf7,200,17.362973
2026-09-17T03:37:50.478511506Z,aggregation,full,a42d74844cf7,200,13.761573
2026-09-17T03:37:50.538124289Z,aggregation,full,a42d74844cf7,200,13.699106
2026-09-17T03:37:50.597953305Z,aggregation,full,a42d74844cf7,200,13.110841
2026-09-17T03:37:50.657392448Z,aggregation,full,a42d74844cf7,200,12.798588
2026-09-17T03:37:50.722482505Z,aggregation,full,a42d74844cf7,200,17.966771
2026-09-17T03:37:50.778145132Z,aggregation,full,a42d74844cf7,200,12.870625
2026-09-17T03:37:50.838801433Z,aggregation,full,a42d74844cf7,200,13.856927
2026-09-17T03:37:50.900407773Z,aggregation,full,a42d74844cf7,200,15.725765
2026-09-17T03:37:50.957966984Z,aggregation,full,a42d74844cf7,200,13.015982
2026-09-17T03:37:51.0208116Z,aggregation,full,a42d74844cf7,200,16.127266
2026-09-17T03:37:51.078559464Z,aggregation,full,a42d74844cf7,200,14.014964
2026-09-17T03:37:51.144434623Z,aggregation,full,a42d74844cf7,200,20.268357
2026-09-17T03:37:51.200540582Z,aggregation,full,a42d74844cf7,200,15.756418
2026-09-17T03:37:51.256065902Z,aggregation,full,a42d74844cf7,200,11.897291
2026-09-17T03:37:51.32583215Z,aggregation,full,a42d74844cf7,200,21.025729
2026-09-17T03:37:51.37782049Z,aggregation,full,a42d74844cf7,200,13.327682
2026-09-17T03:37:51.438490711Z,aggregation,full,a42d74844cf7,200,14.001758
2026-09-17T03:37:51.498252809Z,aggregation,full,a42d74844cf7,200,14.116556
2026-09-17T03:37:51.558311162Z,aggregation,full,a42d74844cf7,200,13.626231
2026-09-17T03:37:51.641340874Z,aggregation,full,a42d74844cf7,200,36.384359
2026-09-17T03:37:51.680856994Z,aggregation,full,a42d74844cf7,200,15.673087
2026-09-17T03:37:51.738585721Z,aggregation,full,a42d74844cf7,200,14.07973
2026-09-17T03:37:51.798497349Z,aggregation,full,a42d74844cf7,200,14.277044
2026-09-17T03:37:51.857161704Z,aggregation,full,a42d74844cf7,200,13.059624
2026-09-17T03:37:51.921754329Z,aggregation,full,a42d74844cf7,200,16.763969
2026-09-17T03:37:51.976947918Z,aggregation,full,a42d74844cf7,200,12.385306
2026-09-17T03:37:52.039482139Z,aggregation,full,a42d74844cf7,200,15.02896
2026-09-17T03:37:52.097826721Z,aggregation,full,a42d74844cf7,200,13.517109
2026-09-17T03:37:52.158708391Z,aggregation,full,a42d74844cf7,200,14.433536
2026-09-17T03:37:52.220238288Z,aggregation,full,a42d74844cf7,200,15.793838
2026-09-17T03:37:52.27765924Z,aggregation,full,a42d74844cf7,200,12.810407
2026-09-17T03:37:52.339456399Z,aggregation,full,a42d74844cf7,200,15.042431
2026-09-17T03:37:52.43158835Z,aggregation,full,a42d74844cf7,200,47.253823
2026-09-17T03:37:52.457623484Z,aggregation,full,a42d74844cf7,200,13.54733
2026-09-17T03:37:52.521234206Z,aggregation,full,a42d74844cf7,200,16.648491
2026-09-17T03:37:52.578526609Z,aggregation,full,a42d74844cf7,200,13.655409
2026-09-17T03:37:52.639485845Z,aggregation,full,a42d74844cf7,200,15.407008
2026-09-17T03:37:52.699915761Z,aggregation,full,a42d74844cf7,200,15.513982
2026-09-17T03:37:52.763857542Z,aggregation,full,a42d74844cf7,200,19.269117
2026-09-17T03:37:52.822443103Z,aggregation,full,a42d74844cf7,200,17.827014
2026-09-17T03:37:52.88053366Z,aggregation,full,a42d74844cf7,200,15.189121
2026-09-17T03:37:52.94093004Z,aggregation,full,a42d74844cf7,200,15.62261
2026-09-17T03:37:53.001632677Z,aggregation,full,a42d74844cf7,200,17.141193
2026-09-17T03:37:53.064095107Z,aggregation,full,a42d74844cf7,200,19.114072
2026-09-17T03:37:53.121123892Z,aggregation,full,a42d74844cf7,200,16.313006
2026-09-17T03:37:53.176831029Z,aggregation,full,a42d74844cf7,200,12.083143
2026-09-17T03:37:53.238024422Z,aggregation,full,a42d74844cf7,200,13.632617
2026-09-17T03:37:53.299030591Z,aggregation,full,a42d74844cf7,200,14.321703
2026-09-17T03:37:53.358146661Z,aggregation,full,a42d74844cf7,200,13.674352
2026-09-17T03:37:53.421444748Z,aggregation,full,a42d74844cf7,200,16.658747
2026-09-17T03:37:53.478701786Z,aggregation,full,a42d74844cf7,200,13.624587
2026-09-17T03:37:53.545525075Z,aggregation,full,a42d74844cf7,200,20.935017
2026-09-17T03:37:53.603442146Z,aggregation,full,a42d74844cf7,200,18.663374
2026-09-17T03:37:53.658340364Z,aggregation,full,a42d74844cf7,200,14.204089
2026-09-17T03:37:53.721298407Z,aggregation,full,a42d74844cf7,200,16.215709
2026-09-17T03:37:53.77861409Z,aggregation,full,a42d74844cf7,200,13.841442
2026-09-17T03:37:53.837850359Z,aggregation,full,a42d74844cf7,200,13.642649
2026-09-17T03:37:53.899798417Z,aggregation,full,a42d74844cf7,200,15.2919
2026-09-17T03:37:53.95976121Z,aggregation,full,a42d74844cf7,200,15.503947
2026-09-17T03:37:54.024791026Z,aggregation,full,a42d74844cf7,200,20.28219
2026-09-17T03:37:54.078416368Z,aggregation,full,a42d74844cf7,200,13.88429
2026-09-17T03:37:54.138082319Z,aggregation,full,a42d74844cf7,200,13.904398
2026-09-17T03:37:54.199323453Z,aggregation,full,a42d74844cf7,200,14.33714
2026-09-17T03:37:54.257063501Z,aggregation,full,a42d74844cf7,200,12.330952
2026-09-17T03:37:54.321009707Z,aggregation,full,a42d74844cf7,200,16.238041
2026-09-17T03:37:54.376493158Z,aggregation,full,a42d74844cf7,200,11.799612
2026-09-17T03:37:54.438178677Z,aggregation,full,a42d74844cf7,200,13.860814
2026-09-17T03:37:54.49735401Z,aggregation,full,a42d74844cf7,200,12.487312
2026-09-17T03:37:54.559981119Z,aggregation,full,a42d74844cf7,200,15.083375
2026-09-17T03:37:54.622678043Z,aggregation,full,a42d74844cf7,200,17.98628
2026-09-17T03:37:54.67866937Z,aggregation,full,a42d74844cf7,200,13.67826
2026-09-17T03:37:54.738167884Z,aggregation,full,a42d74844cf7,200,13.680347
2026-09-17T03:37:54.798703671Z,aggregation,full,a42d74844cf7,200,13.81089
2026-09-17T03:37:54.857984363Z,aggregation,full,a42d74844cf7,200,13.80632
2026-09-17T03:37:54.929908109Z,aggregation,full,a42d74844cf7,200,25.105756
2026-09-17T03:37:54.978328397Z,aggregation,full,a42d74844cf7,200,13.769167
2026-09-17T03:37:55.038367205Z,aggregation,full,a42d74844cf7,200,13.036244
2026-09-17T03:37:55.097334883Z,aggregation,full,a42d74844cf7,200,12.453014
2026-09-17T03:37:55.158620033Z,aggregation,full,a42d74844cf7,200,13.466779
2026-09-17T03:37:55.222952788Z,aggregation,full,a42d74844cf7,200,18.614306
2026-09-17T03:37:55.277923151Z,aggregation,full,a42d74844cf7,200,13.523099
2026-09-17T03:37:55.340688175Z,aggregation,full,a42d74844cf7,200,16.221334
2026-09-17T03:37:55.401546778Z,aggregation,full,a42d74844cf7,200,17.105444
2026-09-17T03:37:55.464006943Z,aggregation,full,a42d74844cf7,200,18.736133
2026-09-17T03:37:55.519134878Z,aggregation,full,a42d74844cf7,200,14.132476
2026-09-17T03:37:55.578085895Z,aggregation,full,a42d74844cf7,200,13.034293
2026-09-17T03:37:55.63877398Z,aggregation,full,a42d74844cf7,200,14.254473
2026-09-17T03:37:55.703344139Z,aggregation,full,a42d74844cf7,200,18.976668
2026-09-17T03:37:55.757501065Z,aggregation,full,a42d74844cf7,200,12.393859
2026-09-17T03:37:55.819923469Z,aggregation,full,a42d74844cf7,200,15.697081
2026-09-17T03:37:55.876994997Z,aggregation,full,a42d74844cf7,200,12.415568
2026-09-17T03:37:55.938431057Z,aggregation,full,a42d74844cf7,200,13.60795
2026-09-17T03:37:55.998745333Z,aggregation,full,a42d74844cf7,200,13.720244
2026-09-17T03:37:56.057313792Z,aggregation,full,a42d74844cf7,200,13.010747
2026-09-17T03:37:56.120339567Z,aggregation,full,a42d74844cf7,200,15.447178
2026-09-17T03:37:56.177874512Z,aggregation,full,a42d74844cf7,200,13.730005
2026-09-17T03:37:56.239755417Z,aggregation,full,a42d74844cf7,200,14.280985
2026-09-17T03:37:56.29838796Z,aggregation,full,a42d74844cf7,200,13.908287
2026-09-17T03:37:56.357999416Z,aggregation,full,a42d74844cf7,200,13.121959
2026-09-17T03:37:56.420352483Z,aggregation,full,a42d74844cf7,200,15.625626
2026-09-17T03:37:56.477491665Z,aggregation,full,a42d74844cf7,200,13.346916
2026-09-17T03:37:56.538670787Z,aggregation,full,a42d74844cf7,200,14.304137
2026-09-17T03:37:56.597212503Z,aggregation,full,a42d74844cf7,200,12.965597
2026-09-17T03:37:56.65831648Z,aggregation,full,a42d74844cf7,200,13.519368
2026-09-17T03:37:56.72062108Z,aggregation,full,a42d74844cf7,200,16.442741
2026-09-17T03:37:56.778661903Z,aggregation,full,a42d74844cf7,200,14.357111
2026-09-17T03:37:56.838213285Z,aggregation,full,a42d74844cf7,200,13.862714
2026-09-17T03:37:56.898692569Z,aggregation,full,a42d74844cf7,200,13.819526
2026-09-17T03:37:56.961510348Z,aggregation,full,a42d74844cf7,200,17.296438
2026-09-17T03:37:57.018968865Z,aggregation,full,a42d74844cf7,200,14.812025
2026-09-17T03:37:57.078157103Z,aggregation,full,a42d74844cf7,200,13.441108
2026-09-17T03:37:57.138220098Z,aggregation,full,a42d74844cf7,200,13.392139
2026-09-17T03:37:57.197499157Z,aggregation,full,a42d74844cf7,200,13.401709
2026-09-17T03:37:57.256989378Z,aggregation,full,a42d74844cf7,200,12.950241
2026-09-17T03:37:57.32377908Z,aggregation,full,a42d74844cf7,200,18.952442
2026-09-17T03:37:57.37980392Z,aggregation,full,a42d74844cf7,200,15.333507
2026-09-17T03:37:57.438261796Z,aggregation,full,a42d74844cf7,200,13.877651
2026-09-17T03:37:57.499735824Z,aggregation,full,a42d74844cf7,200,14.773817
2026-09-17T03:37:57.556579015Z,aggregation,full,a42d74844cf7,200,12.366357
2026-09-17T03:37:57.620124682Z,aggregation,full,a42d74844cf7,200,16.042777
2026-09-17T03:37:57.678870046Z,aggregation,full,a42d74844cf7,200,13.870843
2026-09-17T03:37:57.739165168Z,aggregation,full,a42d74844cf7,200,14.641432
2026-09-17T03:37:57.801047282Z,aggregation,full,a42d74844cf7,200,16.073577
2026-09-17T03:37:57.858709638Z,aggregation,full,a42d74844cf7,200,14.000439
2026-09-17T03:37:57.920751199Z,aggregation,full,a42d74844cf7,200,16.153939
2026-09-17T03:37:57.978537439Z,aggregation,full,a42d74844cf7,200,14.082176
2026-09-17T03:37:58.039755313Z,aggregation,full,a42d74844cf7,200,15.220559
2026-09-17T03:37:58.103324517Z,aggregation,full,a42d74844cf7,200,18.73824
2026-09-17T03:37:58.158863156Z,aggregation,full,a42d74844cf7,200,13.789959
2026-09-17T03:37:58.222922741Z,aggregation,full,a42d74844cf7,200,18.406381
2026-09-17T03:37:58.283250589Z,aggregation,full,a42d74844cf7,200,18.638977
2026-09-17T03:37:58.350631355Z,aggregation,full,a42d74844cf7,200,25.651181
2026-09-17T03:37:58.402150977Z,aggregation,full,a42d74844cf7,200,16.59183
2026-09-17T03:37:58.459252717Z,aggregation,full,a42d74844cf7,200,15.225425
2026-09-17T03:37:58.521240029Z,aggregation,full,a42d74844cf7,200,17.118036
2026-09-17T03:37:58.577587189Z,aggregation,full,a42d74844cf7,200,12.666002
2026-09-17T03:37:58.639200626Z,aggregation,full,a42d74844cf7,200,14.010565
2026-09-17T03:37:58.700196454Z,aggregation,full,a42d74844cf7,200,15.322986
2026-09-17T03:37:58.756734413Z,aggregation,full,a42d74844cf7,200,12.106816
2026-09-17T03:37:58.822461711Z,aggregation,full,a42d74844cf7,200,17.917034
2026-09-17T03:37:58.877979334Z,aggregation,full,a42d74844cf7,200,13.623006
2026-09-17T03:37:58.937542816Z,aggregation,full,a42d74844cf7,200,12.851154
2026-09-17T03:37:59.002506803Z,aggregation,full,a42d74844cf7,200,18.324939
2026-09-17T03:37:59.057540415Z,aggregation,full,a42d74844cf7,200,13.493197
2026-09-17T03:37:59.121772662Z,aggregation,full,a42d74844cf7,200,17.512105
2026-09-17T03:37:59.177983186Z,aggregation,full,a42d74844cf7,200,13.53243
2026-09-17T03:37:59.238443765Z,aggregation,full,a42d74844cf7,200,13.834403
2026-09-17T03:37:59.297942653Z,aggregation,full,a42d74844cf7,200,13.803919
2026-09-17T03:37:59.357541858Z,aggregation,full,a42d74844cf7,200,13.123199
2026-09-17T03:37:59.420355987Z,aggregation,full,a42d74844cf7,200,16.014931
2026-09-17T03:37:59.478383758Z,aggregation,full,a42d74844cf7,200,13.499618
2026-09-17T03:37:59.53824961Z,aggregation,full,a42d74844cf7,200,13.743073
2026-09-17T03:37:59.601735028Z,aggregation,full,a42d74844cf7,200,17.474876
2026-09-17T03:37:59.658195426Z,aggregation,full,a42d74844cf7,200,13.322105
2026-09-17T03:37:59.723377132Z,aggregation,full,a42d74844cf7,200,18.464154
2026-09-17T03:37:59.778584172Z,aggregation,full,a42d74844cf7,200,13.429449
2026-09-17T03:37:59.83803131Z,aggregation,full,a42d74844cf7,200,13.891279
2026-09-17T03:37:59.899663688Z,aggregation,full,a42d74844cf7,200,14.831508
2026-09-17T03:37:59.958538298Z,aggregation,full,a42d74844cf7,200,14.309528
2026-09-17T03:38:00.024488275Z,aggregation,full,a42d74844cf7,200,20.288727
2026-09-17T03:38:00.078111963Z,aggregation,full,a42d74844cf7,200,13.771009
2026-09-17T03:38:00.138417464Z,aggregation,full,a42d74844cf7,200,13.365358
2026-09-17T03:38:00.198675046Z,aggregation,full,a42d74844cf7,200,13.674897
2026-09-17T03:38:00.256601429Z,aggregation,full,a42d74844cf7,200,12.489934
2026-09-17T03:38:00.320669126Z,aggregation,full,a42d74844cf7,200,16.291757
2026-09-17T03:38:00.381571118Z,aggregation,full,a42d74844cf7,200,17.213086
2026-09-17T03:38:00.439067584Z,aggregation,full,a42d74844cf7,200,14.641075
2026-09-17T03:38:00.513625305Z,aggregation,full,a42d74844cf7,200,28.880918
2026-09-17T03:38:00.557072311Z,aggregation,full,a42d74844cf7,200,12.776014
2026-09-17T03:38:00.622977345Z,aggregation,full,a42d74844cf7,200,18.304406
2026-09-17T03:38:00.680807217Z,aggregation,full,a42d74844cf7,200,16.033854
2026-09-17T03:38:00.745351394Z,aggregation,full,a42d74844cf7,200,20.930279
2026-09-17T03:38:00.8018286Z,aggregation,full,a42d74844cf7,200,16.583809
2026-09-17T03:38:00.856380967Z,aggregation,full,a42d74844cf7,200,12.095285
2026-09-17T03:38:00.926637841Z,aggregation,full,a42d74844cf7,200,21.282276
2026-09-17T03:38:00.978950404Z,aggregation,full,a42d74844cf7,200,13.807621
2026-09-17T03:38:01.041438954Z,aggregation,full,a42d74844cf7,200,16.902072
2026-09-17T03:38:01.099068025Z,aggregation,full,a42d74844cf7,200,13.97105
2026-09-17T03:38:01.159975702Z,aggregation,full,a42d74844cf7,200,15.487958
2026-09-17T03:38:01.225056794Z,aggregation,full,a42d74844cf7,200,20.241952
2026-09-17T03:38:01.278167502Z,aggregation,full,a42d74844cf7,200,13.330155
2026-09-17T03:38:01.337798928Z,aggregation,full,a42d74844cf7,200,12.928216
2026-09-17T03:38:01.396652256Z,aggregation,full,a42d74844cf7,200,12.16776
2026-09-17T03:38:01.457598589Z,aggregation,full,a42d74844cf7,200,13.435568
2026-09-17T03:38:01.52492262Z,aggregation,full,a42d74844cf7,200,20.392834
2026-09-17T03:38:01.577625619Z,aggregation,full,a42d74844cf7,200,13.104719
2026-09-17T03:38:01.637938155Z,aggregation,full,a42d74844cf7,200,13.672281
2026-09-17T03:38:01.699884853Z,aggregation,full,a42d74844cf7,200,15.238577
2026-09-17T03:38:01.759276522Z,aggregation,full,a42d74844cf7,200,14.928937
2026-09-17T03:38:01.823394233Z,aggregation,full,a42d74844cf7,200,18.558188
2026-09-17T03:38:01.900611672Z,aggregation,full,a42d74844cf7,200,35.560677
2026-09-17T03:38:01.939570383Z,aggregation,full,a42d74844cf7,200,14.575149
2026-09-17T03:38:01.996712923Z,aggregation,full,a42d74844cf7,200,12.538865
2026-09-17T03:38:02.056966804Z,aggregation,full,a42d74844cf7,200,12.906604
2026-09-17T03:38:02.121364386Z,aggregation,full,a42d74844cf7,200,16.766302
2026-09-17T03:38:02.177474669Z,aggregation,full,a42d74844cf7,200,13.271222
2026-09-17T03:38:02.23751931Z,aggregation,full,a42d74844cf7,200,13.363594
2026-09-17T03:38:02.298282485Z,aggregation,full,a42d74844cf7,200,14.021017
2026-09-17T03:38:02.357787282Z,aggregation,full,a42d74844cf7,200,13.059596
2026-09-17T03:38:02.422609876Z,aggregation,full,a42d74844cf7,200,18.224708
2026-09-17T03:38:02.476841778Z,aggregation,full,a42d74844cf7,200,12.601505
2026-09-17T03:38:02.537383602Z,aggregation,full,a42d74844cf7,200,12.628394
2026-09-17T03:38:02.598488207Z,aggregation,full,a42d74844cf7,200,13.493558
2026-09-17T03:38:02.656409155Z,aggregation,full,a42d74844cf7,200,12.358993
2026-09-17T03:38:02.719996128Z,aggregation,full,a42d74844cf7,200,15.504639
2026-09-17T03:38:02.778368878Z,aggregation,full,a42d74844cf7,200,13.642759
2026-09-17T03:38:02.839694491Z,aggregation,full,a42d74844cf7,200,14.738466
2026-09-17T03:38:02.902781994Z,aggregation,full,a42d74844cf7,200,18.380043
2026-09-17T03:38:02.957935765Z,aggregation,full,a42d74844cf7,200,13.717075
2026-09-17T03:38:03.022696185Z,aggregation,full,a42d74844cf7,200,18.117104
2026-09-17T03:38:03.080216943Z,aggregation,full,a42d74844cf7,200,15.866766
2026-09-17T03:38:03.141977578Z,aggregation,full,a42d74844cf7,200,17.11542
2026-09-17T03:38:03.199066563Z,aggregation,full,a42d74844cf7,200,14.652854
2026-09-17T03:38:03.256419039Z,aggregation,full,a42d74844cf7,200,11.860266
2026-09-17T03:38:03.320527609Z,aggregation,full,a42d74844cf7,200,15.537626
2026-09-17T03:38:03.37815886Z,aggregation,full,a42d74844cf7,200,13.97805
2026-09-17T03:38:03.438662406Z,aggregation,full,a42d74844cf7,200,13.808452
2026-09-17T03:38:03.498688261Z,aggregation,full,a42d74844cf7,200,14.403997
2026-09-17T03:38:03.559265848Z,aggregation,full,a42d74844cf7,200,15.195956
2026-09-17T03:38:03.622381022Z,aggregation,full,a42d74844cf7,200,17.448123
2026-09-17T03:38:03.679489006Z,aggregation,full,a42d74844cf7,200,14.11538
2026-09-17T03:38:03.737723251Z,aggregation,full,a42d74844cf7,200,13.108859
2026-09-17T03:38:03.798703309Z,aggregation,full,a42d74844cf7,200,14.18067
2026-09-17T03:38:03.856474315Z,aggregation,full,a42d74844cf7,200,12.350153
2026-09-17T03:38:03.919337182Z,aggregation,full,a42d74844cf7,200,15.118141
2026-09-17T03:38:03.978466205Z,aggregation,full,a42d74844cf7,200,13.44813
2026-09-17T03:38:04.039451256Z,aggregation,full,a42d74844cf7,200,14.534836
2026-09-17T03:38:04.098844096Z,aggregation,full,a42d74844cf7,200,14.45163
2026-09-17T03:38:04.157245129Z,aggregation,full,a42d74844cf7,200,12.981454
2026-09-17T03:38:04.220449172Z,aggregation,full,a42d74844cf7,200,15.534462
2026-09-17T03:38:04.27838939Z,aggregation,full,a42d74844cf7,200,14.122174
2026-09-17T03:38:04.338445918Z,aggregation,full,a42d74844cf7,200,13.487932
2026-09-17T03:38:04.399400483Z,aggregation,full,a42d74844cf7,200,14.99404
2026-09-17T03:38:04.458909259Z,aggregation,full,a42d74844cf7,200,14.070362
2026-09-17T03:38:04.521337983Z,aggregation,full,a42d74844cf7,200,17.021371
2026-09-17T03:38:04.578741243Z,aggregation,full,a42d74844cf7,200,13.446258
2026-09-17T03:38:04.637916445Z,aggregation,full,a42d74844cf7,200,13.428163
2026-09-17T03:38:04.699463618Z,aggregation,full,a42d74844cf7,200,14.743745
2026-09-17T03:38:04.757800812Z,aggregation,full,a42d74844cf7,200,13.550532
2026-09-17T03:38:04.823024666Z,aggregation,full,a42d74844cf7,200,18.346855
2026-09-17T03:38:04.878083301Z,aggregation,full,a42d74844cf7,200,13.318275
2026-09-17T03:38:04.937981326Z,aggregation,full,a42d74844cf7,200,13.075916
2026-09-17T03:38:04.999100083Z,aggregation,full,a42d74844cf7,200,14.654184
2026-09-17T03:38:05.057712032Z,aggregation,full,a42d74844cf7,200,12.957898
2026-09-17T03:38:05.124348022Z,aggregation,full,a42d74844cf7,200,20.037007
2026-09-17T03:38:05.180599445Z,aggregation,full,a42d74844cf7,200,15.343356
2026-09-17T03:38:05.237790159Z,aggregation,full,a42d74844cf7,200,13.071248
2026-09-17T03:38:05.302038389Z,aggregation,full,a42d74844cf7,200,17.439494
2026-09-17T03:38:05.357105879Z,aggregation,full,a42d74844cf7,200,12.609663
2026-09-17T03:38:05.421185367Z,aggregation,full,a42d74844cf7,200,16.242118
2026-09-17T03:38:05.477933827Z,aggregation,full,a42d74844cf7,200,12.90964
2026-09-17T03:38:05.540032362Z,aggregation,full,a42d74844cf7,200,14.723891
2026-09-17T03:38:05.597003868Z,aggregation,full,a42d74844cf7,200,12.272397
2026-09-17T03:38:05.657098915Z,aggregation,full,a42d74844cf7,200,12.487069
2026-09-17T03:38:05.722580752Z,aggregation,full,a42d74844cf7,200,17.861215
2026-09-17T03:38:05.778002741Z,aggregation,full,a42d74844cf7,200,13.481649
2026-09-17T03:38:05.840547317Z,aggregation,full,a42d74844cf7,200,15.605636
2026-09-17T03:38:05.90099369Z,aggregation,full,a42d74844cf7,200,16.635029
2026-09-17T03:38:05.956406884Z,aggregation,full,a42d74844cf7,200,12.229984
2026-09-17T03:38:06.019559019Z,aggregation,full,a42d74844cf7,200,15.377795
2026-09-17T03:38:06.076720391Z,aggregation,full,a42d74844cf7,200,12.400882
2026-09-17T03:38:06.137264214Z,aggregation,full,a42d74844cf7,200,12.876458
2026-09-17T03:38:06.198881653Z,aggregation,full,a42d74844cf7,200,14.119291
2026-09-17T03:38:06.26005944Z,aggregation,full,a42d74844cf7,200,15.575389
2026-09-17T03:38:06.321478439Z,aggregation,full,a42d74844cf7,200,16.99777
2026-09-17T03:38:06.377591326Z,aggregation,full,a42d74844cf7,200,13.283032
2026-09-17T03:38:06.438307333Z,aggregation,full,a42d74844cf7,200,13.952592
2026-09-17T03:38:06.499035491Z,aggregation,full,a42d74844cf7,200,13.899688
2026-09-17T03:38:06.556383087Z,aggregation,full,a42d74844cf7,200,11.902091
2026-09-17T03:38:06.621340171Z,aggregation,full,a42d74844cf7,200,16.291453
2026-09-17T03:38:06.677405829Z,aggregation,full,a42d74844cf7,200,12.413657
2026-09-17T03:38:06.737750499Z,aggregation,full,a42d74844cf7,200,13.603296
2026-09-17T03:38:06.799020107Z,aggregation,full,a42d74844cf7,200,14.709075
2026-09-17T03:38:06.857435682Z,aggregation,full,a42d74844cf7,200,12.947748
2026-09-17T03:38:06.920863571Z,aggregation,full,a42d74844cf7,200,16.755091
2026-09-17T03:38:06.978769904Z,aggregation,full,a42d74844cf7,200,14.179705
2026-09-17T03:38:07.037632386Z,aggregation,full,a42d74844cf7,200,13.455839
2026-09-17T03:38:07.099188881Z,aggregation,full,a42d74844cf7,200,14.889098
2026-09-17T03:38:07.157243594Z,aggregation,full,a42d74844cf7,200,12.646445
2026-09-17T03:38:07.21995425Z,aggregation,full,a42d74844cf7,200,15.132502
2026-09-17T03:38:07.2773054Z,aggregation,full,a42d74844cf7,200,12.796111
2026-09-17T03:38:07.338642777Z,aggregation,full,a42d74844cf7,200,13.702833
2026-09-17T03:38:07.397392238Z,aggregation,full,a42d74844cf7,200,13.142501
2026-09-17T03:38:07.457034169Z,aggregation,full,a42d74844cf7,200,12.136082
2026-09-17T03:38:07.521441008Z,aggregation,full,a42d74844cf7,200,16.358873
2026-09-17T03:38:07.577248049Z,aggregation,full,a42d74844cf7,200,13.008804
2026-09-17T03:38:07.638462835Z,aggregation,full,a42d74844cf7,200,13.426244
2026-09-17T03:38:07.700114789Z,aggregation,full,a42d74844cf7,200,14.57386
2026-09-17T03:38:07.757292838Z,aggregation,full,a42d74844cf7,200,12.599781
2026-09-17T03:38:07.82313543Z,aggregation,full,a42d74844cf7,200,18.147286
2026-09-17T03:38:07.877813017Z,aggregation,full,a42d74844cf7,200,12.751898
2026-09-17T03:38:07.93791585Z,aggregation,full,a42d74844cf7,200,13.347554
2026-09-17T03:38:07.99750806Z,aggregation,full,a42d74844cf7,200,12.974306
2026-09-17T03:38:08.056956129Z,aggregation,full,a42d74844cf7,200,12.136117
2026-09-17T03:38:08.126751026Z,aggregation,full,a42d74844cf7,200,22.176057
2026-09-17T03:38:08.178513085Z,aggregation,full,a42d74844cf7,200,13.997529
2026-09-17T03:38:08.244163734Z,aggregation,full,a42d74844cf7,200,19.486157
2026-09-17T03:38:08.307300018Z,aggregation,full,a42d74844cf7,200,22.686911
2026-09-17T03:38:08.361023029Z,aggregation,full,a42d74844cf7,200,16.327696
2026-09-17T03:38:08.42270873Z,aggregation,full,a42d74844cf7,200,18.044289
2026-09-17T03:38:08.48476932Z,aggregation,full,a42d74844cf7,200,20.464919
2026-09-17T03:38:08.538418256Z,aggregation,full,a42d74844cf7,200,13.97451
2026-09-17T03:38:08.599480075Z,aggregation,full,a42d74844cf7,200,15.271842
2026-09-17T03:38:08.660392429Z,aggregation,full,a42d74844cf7,200,15.013487
2026-09-17T03:38:08.722534684Z,aggregation,full,a42d74844cf7,200,17.508399
2026-09-17T03:38:08.781378402Z,aggregation,full,a42d74844cf7,200,16.919954
2026-09-17T03:38:08.839680291Z,aggregation,full,a42d74844cf7,200,14.988121
2026-09-17T03:38:08.901640107Z,aggregation,full,a42d74844cf7,200,17.237324
2026-09-17T03:38:08.957308919Z,aggregation,full,a42d74844cf7,200,13.17697
2026-09-17T03:38:09.023968597Z,aggregation,full,a42d74844cf7,200,18.971467
2026-09-17T03:38:09.07846159Z,aggregation,full,a42d74844cf7,200,13.977758
2026-09-17T03:38:09.148860903Z,aggregation,full,a42d74844cf7,200,24.423116
2026-09-17T03:38:09.209062543Z,aggregation,full,a42d74844cf7,200,23.86504
2026-09-17T03:38:09.255881903Z,aggregation,full,a42d74844cf7,200,11.550147
2026-09-17T03:38:09.320791346Z,aggregation,full,a42d74844cf7,200,16.271527
2026-09-17T03:38:09.377369825Z,aggregation,full,a42d74844cf7,200,12.809228
2026-09-17T03:38:09.439729836Z,aggregation,full,a42d74844cf7,200,14.647574
2026-09-17T03:38:09.50036215Z,aggregation,full,a42d74844cf7,200,15.359103
2026-09-17T03:38:09.558001008Z,aggregation,full,a42d74844cf7,200,12.969944
2026-09-17T03:38:09.622668478Z,aggregation,full,a42d74844cf7,200,17.977735
2026-09-17T03:38:09.679305532Z,aggregation,full,a42d74844cf7,200,14.740127
2026-09-17T03:38:09.738949455Z,aggregation,full,a42d74844cf7,200,13.984855
2026-09-17T03:38:09.79922068Z,aggregation,full,a42d74844cf7,200,14.4476
2026-09-17T03:38:09.857455404Z,aggregation,full,a42d74844cf7,200,12.733273
2026-09-17T03:38:09.920186023Z,aggregation,full,a42d74844cf7,200,15.765429
2026-09-17T03:38:09.976709218Z,aggregation,full,a42d74844cf7,200,11.861692
2026-09-17T03:38:10.040283069Z,aggregation,full,a42d74844cf7,200,15.862695
2026-09-17T03:38:10.099775668Z,aggregation,full,a42d74844cf7,200,14.77714
2026-09-17T03:38:10.157870601Z,aggregation,full,a42d74844cf7,200,13.670153
2026-09-17T03:38:10.220344251Z,aggregation,full,a42d74844cf7,200,15.950743
2026-09-17T03:38:10.277252724Z,aggregation,full,a42d74844cf7,200,12.974824
2026-09-17T03:38:10.339725943Z,aggregation,full,a42d74844cf7,200,14.742241
2026-09-17T03:38:10.397932505Z,aggregation,full,a42d74844cf7,200,13.541973
2026-09-17T03:38:10.457636339Z,aggregation,full,a42d74844cf7,200,13.246141
2026-09-17T03:38:10.519122625Z,aggregation,full,a42d74844cf7,200,14.528806
2026-09-17T03:38:10.580003457Z,aggregation,full,a42d74844cf7,200,15.128991
2026-09-17T03:38:10.637940723Z,aggregation,full,a42d74844cf7,200,13.273277
2026-09-17T03:38:10.698007063Z,aggregation,full,a42d74844cf7,200,13.396607
2026-09-17T03:38:10.758425669Z,aggregation,full,a42d74844cf7,200,13.965714
2026-09-17T03:38:10.825387615Z,aggregation,full,a42d74844cf7,200,20.232558
2026-09-17T03:38:10.87730249Z,aggregation,full,a42d74844cf7,200,12.30103
2026-09-17T03:38:10.937951064Z,aggregation,full,a42d74844cf7,200,12.877583
2026-09-17T03:38:10.998321107Z,aggregation,full,a42d74844cf7,200,13.65558
2026-09-17T03:38:11.05667852Z,aggregation,full,a42d74844cf7,200,11.750189
2026-09-17T03:38:11.120461357Z,aggregation,full,a42d74844cf7,200,16.111538
2026-09-17T03:38:11.177908642Z,aggregation,full,a42d74844cf7,200,13.554683
2026-09-17T03:38:11.240370522Z,aggregation,full,a42d74844cf7,200,15.955383
2026-09-17T03:38:11.297815526Z,aggregation,full,a42d74844cf7,200,12.730812
2026-09-17T03:38:11.356115884Z,aggregation,full,a42d74844cf7,200,11.852527
2026-09-17T03:38:11.420898551Z,aggregation,full,a42d74844cf7,200,15.971739
2026-09-17T03:38:11.477410776Z,aggregation,full,a42d74844cf7,200,12.64224
2026-09-17T03:38:11.537900973Z,aggregation,full,a42d74844cf7,200,13.616327
2026-09-17T03:38:11.599881485Z,aggregation,full,a42d74844cf7,200,15.228696
2026-09-17T03:38:11.657442779Z,aggregation,full,a42d74844cf7,200,13.188892
2026-09-17T03:38:11.721690352Z,aggregation,full,a42d74844cf7,200,16.606892
2026-09-17T03:38:11.778807382Z,aggregation,full,a42d74844cf7,200,14.346783
2026-09-17T03:38:11.839827684Z,aggregation,full,a42d74844cf7,200,15.431838
2026-09-17T03:38:11.900076526Z,aggregation,full,a42d74844cf7,200,15.597704
2026-09-17T03:38:11.958142067Z,aggregation,full,a42d74844cf7,200,13.422879
2026-09-17T03:38:12.022478097Z,aggregation,full,a42d74844cf7,200,17.579385
2026-09-17T03:38:12.078795507Z,aggregation,full,a42d74844cf7,200,14.489918
2026-09-17T03:38:12.13502537Z,aggregation,full,a42d74844cf7,200,10.596472
2026-09-17T03:38:12.195970616Z,aggregation,full,a42d74844cf7,200,11.187486
2026-09-17T03:38:12.257642812Z,aggregation,full,a42d74844cf7,200,13.313954
2026-09-17T03:38:12.322902252Z,aggregation,full,a42d74844cf7,200,18.421244
2026-09-17T03:38:12.377844689Z,aggregation,full,a42d74844cf7,200,13.180806
2026-09-17T03:38:12.439244118Z,aggregation,full,a42d74844cf7,200,14.697144
2026-09-17T03:38:12.501055184Z,aggregation,full,a42d74844cf7,200,16.074046
2026-09-17T03:38:12.558860954Z,aggregation,full,a42d74844cf7,200,13.835953
2026-09-17T03:38:12.622379873Z,aggregation,full,a42d74844cf7,200,17.875017
2026-09-17T03:38:12.678503098Z,aggregation,full,a42d74844cf7,200,13.378216
2026-09-17T03:38:12.738821877Z,aggregation,full,a42d74844cf7,200,14.522575
2026-09-17T03:38:12.797599951Z,aggregation,full,a42d74844cf7,200,13.142267
2026-09-17T03:38:12.857671781Z,aggregation,full,a42d74844cf7,200,13.608967
2026-09-17T03:38:12.921108634Z,aggregation,full,a42d74844cf7,200,16.725071
2026-09-17T03:38:13.007905627Z,aggregation,full,a42d74844cf7,200,43.309953
2026-09-17T03:38:13.050498992Z,aggregation,full,a42d74844cf7,200,26.15462
2026-09-17T03:38:13.099391483Z,aggregation,full,a42d74844cf7,200,14.575321
2026-09-17T03:38:13.157388087Z,aggregation,full,a42d74844cf7,200,12.540232
2026-09-17T03:38:13.221687844Z,aggregation,full,a42d74844cf7,200,17.347618
2026-09-17T03:38:13.284774185Z,aggregation,full,a42d74844cf7,200,20.269101
2026-09-17T03:38:13.340883485Z,aggregation,full,a42d74844cf7,200,15.754817
2026-09-17T03:38:13.398401875Z,aggregation,full,a42d74844cf7,200,13.38733
2026-09-17T03:38:13.457413316Z,aggregation,full,a42d74844cf7,200,12.457135
2026-09-17T03:38:13.523049857Z,aggregation,full,a42d74844cf7,200,18.813211
2026-09-17T03:38:13.577066686Z,aggregation,full,a42d74844cf7,200,12.210664
2026-09-17T03:38:13.638330851Z,aggregation,full,a42d74844cf7,200,13.740368
2026-09-17T03:38:13.700270536Z,aggregation,full,a42d74844cf7,200,15.311455
2026-09-17T03:38:13.757012152Z,aggregation,full,a42d74844cf7,200,12.236914
2026-09-17T03:38:13.82067911Z,aggregation,full,a42d74844cf7,200,16.002325
2026-09-17T03:38:13.879467375Z,aggregation,full,a42d74844cf7,200,15.127326
2026-09-17T03:38:13.937902709Z,aggregation,full,a42d74844cf7,200,12.839675
2026-09-17T03:38:13.997756887Z,aggregation,full,a42d74844cf7,200,13.156833
2026-09-17T03:38:14.057690147Z,aggregation,full,a42d74844cf7,200,13.535912
2026-09-17T03:38:14.121261649Z,aggregation,full,a42d74844cf7,200,16.87943
2026-09-17T03:38:14.178970253Z,aggregation,full,a42d74844cf7,200,14.070772
2026-09-17T03:38:14.239733715Z,aggregation,full,a42d74844cf7,200,15.076587
2026-09-17T03:38:14.303931574Z,aggregation,full,a42d74844cf7,200,19.384849
2026-09-17T03:38:14.356206672Z,aggregation,full,a42d74844cf7,200,11.938082
2026-09-17T03:38:14.421665545Z,aggregation,full,a42d74844cf7,200,16.85928
2026-09-17T03:38:14.478112245Z,aggregation,full,a42d74844cf7,200,13.277733
2026-09-17T03:38:14.538856196Z,aggregation,full,a42d74844cf7,200,13.624484
2026-09-17T03:38:14.597939262Z,aggregation,full,a42d74844cf7,200,13.457796
2026-09-17T03:38:14.656598106Z,aggregation,full,a42d74844cf7,200,12.036709
2026-09-17T03:38:14.72191942Z,aggregation,full,a42d74844cf7,200,17.406421
2026-09-17T03:38:14.778027524Z,aggregation,full,a42d74844cf7,200,13.391721
2026-09-17T03:38:14.837606124Z,aggregation,full,a42d74844cf7,200,12.730329
2026-09-17T03:38:14.900455056Z,aggregation,full,a42d74844cf7,200,16.260796
2026-09-17T03:38:14.956310141Z,aggregation,full,a42d74844cf7,200,12.076108
2026-09-17T03:38:15.023881052Z,aggregation,full,a42d74844cf7,200,18.909383
2026-09-17T03:38:15.079983966Z,aggregation,full,a42d74844cf7,200,15.366721
2026-09-17T03:38:15.137553515Z,aggregation,full,a42d74844cf7,200,12.785407
2026-09-17T03:38:15.19726842Z,aggregation,full,a42d74844cf7,200,13.014508
2026-09-17T03:38:15.256384853Z,aggregation,full,a42d74844cf7,200,11.531662
2026-09-17T03:38:15.322068939Z,aggregation,full,a42d74844cf7,200,17.00909
2026-09-17T03:38:15.379968371Z,aggregation,full,a42d74844cf7,200,15.120868
2026-09-17T03:38:15.437530365Z,aggregation,full,a42d74844cf7,200,12.950419
2026-09-17T03:38:15.498281336Z,aggregation,full,a42d74844cf7,200,14.03714
2026-09-17T03:38:15.557623475Z,aggregation,full,a42d74844cf7,200,12.735264
2026-09-17T03:38:15.623793705Z,aggregation,full,a42d74844cf7,200,19.566715
2026-09-17T03:38:15.677386054Z,aggregation,full,a42d74844cf7,200,12.897139
2026-09-17T03:38:15.738036983Z,aggregation,full,a42d74844cf7,200,13.121277
2026-09-17T03:38:15.798097059Z,aggregation,full,a42d74844cf7,200,13.371655
2026-09-17T03:38:15.858098918Z,aggregation,full,a42d74844cf7,200,13.44621
2026-09-17T03:38:15.920714324Z,aggregation,full,a42d74844cf7,200,15.787392
2026-09-17T03:38:15.977303744Z,aggregation,full,a42d74844cf7,200,13.060313
2026-09-17T03:38:16.03696978Z,aggregation,full,a42d74844cf7,200,11.931678
2026-09-17T03:38:16.099546082Z,aggregation,full,a42d74844cf7,200,14.764187
2026-09-17T03:38:16.157690966Z,aggregation,full,a42d74844cf7,200,13.610012
2026-09-17T03:38:16.221811743Z,aggregation,full,a42d74844cf7,200,17.438646
2026-09-17T03:38:16.278930631Z,aggregation,full,a42d74844cf7,200,14.497882
2026-09-17T03:38:16.340134471Z,aggregation,full,a42d74844cf7,200,15.32647
2026-09-17T03:38:16.398781397Z,aggregation,full,a42d74844cf7,200,13.841553
2026-09-17T03:38:16.457784821Z,aggregation,full,a42d74844cf7,200,13.635836
2026-09-17T03:38:16.522457415Z,aggregation,full,a42d74844cf7,200,17.78822
2026-09-17T03:38:16.577023067Z,aggregation,full,a42d74844cf7,200,12.861339
2026-09-17T03:38:16.638151701Z,aggregation,full,a42d74844cf7,200,13.492174
2026-09-17T03:38:16.698676741Z,aggregation,full,a42d74844cf7,200,14.559444
2026-09-17T03:38:16.756151106Z,aggregation,full,a42d74844cf7,200,12.100091
2026-09-17T03:38:16.823602577Z,aggregation,full,a42d74844cf7,200,18.874771
2026-09-17T03:38:16.880417577Z,aggregation,full,a42d74844cf7,200,16.163405
2026-09-17T03:38:16.939697802Z,aggregation,full,a42d74844cf7,200,14.665492
2026-09-17T03:38:17.002544242Z,aggregation,full,a42d74844cf7,200,18.176059
2026-09-17T03:38:17.057397865Z,aggregation,full,a42d74844cf7,200,13.312233
2026-09-17T03:38:17.127334957Z,aggregation,full,a42d74844cf7,200,23.174167
2026-09-17T03:38:17.18097279Z,aggregation,full,a42d74844cf7,200,15.812537
2026-09-17T03:38:17.237608113Z,aggregation,full,a42d74844cf7,200,12.906935
2026-09-17T03:38:17.298441457Z,aggregation,full,a42d74844cf7,200,13.919312
2026-09-17T03:38:17.357983823Z,aggregation,full,a42d74844cf7,200,12.981886
2026-09-17T03:38:17.423808665Z,aggregation,full,a42d74844cf7,200,19.322255
2026-09-17T03:38:17.48664986Z,aggregation,full,a42d74844cf7,200,22.126191
2026-09-17T03:38:17.539703324Z,aggregation,full,a42d74844cf7,200,15.170139
2026-09-17T03:38:17.597559339Z,aggregation,full,a42d74844cf7,200,13.101485
2026-09-17T03:38:17.657139493Z,aggregation,full,a42d74844cf7,200,12.092698
2026-09-17T03:38:17.721138179Z,aggregation,full,a42d74844cf7,200,16.302907
2026-09-17T03:38:17.778177827Z,aggregation,full,a42d74844cf7,200,13.445862
2026-09-17T03:38:17.838591958Z,aggregation,full,a42d74844cf7,200,13.670497
2026-09-17T03:38:17.898912404Z,aggregation,full,a42d74844cf7,200,14.452496
2026-09-17T03:38:17.957420924Z,aggregation,full,a42d74844cf7,200,13.069522
2026-09-17T03:38:18.021579653Z,aggregation,full,a42d74844cf7,200,16.557151
2026-09-17T03:38:18.078222446Z,aggregation,full,a42d74844cf7,200,13.695449
2026-09-17T03:38:18.138185446Z,aggregation,full,a42d74844cf7,200,13.370386
2026-09-17T03:38:18.198876158Z,aggregation,full,a42d74844cf7,200,14.089497
2026-09-17T03:38:18.257034263Z,aggregation,full,a42d74844cf7,200,12.671715
2026-09-17T03:38:18.331566693Z,aggregation,full,a42d74844cf7,200,26.807039
2026-09-17T03:38:18.384048917Z,aggregation,full,a42d74844cf7,200,18.943972
2026-09-17T03:38:18.440425396Z,aggregation,full,a42d74844cf7,200,15.06583
2026-09-17T03:38:18.498157501Z,aggregation,full,a42d74844cf7,200,13.170032
2026-09-17T03:38:18.558602784Z,aggregation,full,a42d74844cf7,200,13.957333
2026-09-17T03:38:18.620342834Z,aggregation,full,a42d74844cf7,200,15.931755
2026-09-17T03:38:18.677885735Z,aggregation,full,a42d74844cf7,200,12.810575
2026-09-17T03:38:18.735647016Z,aggregation,full,a42d74844cf7,200,12.100096
2026-09-17T03:38:18.796947484Z,aggregation,full,a42d74844cf7,200,13.479115
2026-09-17T03:38:18.855845333Z,aggregation,full,a42d74844cf7,200,12.412003
2026-09-17T03:38:18.921533464Z,aggregation,full,a42d74844cf7,200,17.424129
2026-09-17T03:38:18.977180404Z,aggregation,full,a42d74844cf7,200,14.019862
2026-09-17T03:38:19.037322946Z,aggregation,full,a42d74844cf7,200,13.438722
2026-09-17T03:38:19.098024548Z,aggregation,full,a42d74844cf7,200,14.763717
2026-09-17T03:38:19.158353075Z,aggregation,full,a42d74844cf7,200,14.450006
2026-09-17T03:38:19.220919694Z,aggregation,full,a42d74844cf7,200,17.99107
2026-09-17T03:38:19.277865062Z,aggregation,full,a42d74844cf7,200,14.161979
2026-09-17T03:38:19.337359224Z,aggregation,full,a42d74844cf7,200,13.763764
2026-09-17T03:38:19.398234596Z,aggregation,full,a42d74844cf7,200,15.040314
2026-09-17T03:38:19.459564565Z,aggregation,full,a42d74844cf7,200,15.781708
2026-09-17T03:38:19.518857339Z,aggregation,full,a42d74844cf7,200,15.347546
2026-09-17T03:38:19.576757291Z,aggregation,full,a42d74844cf7,200,12.998243
2026-09-17T03:38:19.637384874Z,aggregation,full,a42d74844cf7,200,14.083209
2026-09-17T03:38:19.704177784Z,aggregation,full,a42d74844cf7,200,20.410054
2026-09-17T03:38:19.755880555Z,aggregation,full,a42d74844cf7,200,12.88117
2026-09-17T03:38:19.82001528Z,aggregation,full,a42d74844cf7,200,16.454097
2026-09-17T03:38:19.876287648Z,aggregation,full,a42d74844cf7,200,12.559547
2026-09-17T03:38:19.936511184Z,aggregation,full,a42d74844cf7,200,13.356974
2026-09-17T03:38:19.99737303Z,aggregation,full,a42d74844cf7,200,14.027026
2026-09-17T03:38:20.056489485Z,aggregation,full,a42d74844cf7,200,13.584891
2026-09-17T03:38:20.11869159Z,aggregation,full,a42d74844cf7,200,15.483042
2026-09-17T03:38:20.175901515Z,aggregation,full,a42d74844cf7,200,12.601563
2026-09-17T03:38:20.238646409Z,aggregation,full,a42d74844cf7,200,14.860431
2026-09-17T03:38:20.298297884Z,aggregation,full,a42d74844cf7,200,14.963772
2026-09-17T03:38:20.355604503Z,aggregation,full,a42d74844cf7,200,12.665613
2026-09-17T03:38:20.422089926Z,aggregation,full,a42d74844cf7,200,18.498923
2026-09-17T03:38:20.476941649Z,aggregation,full,a42d74844cf7,200,13.035977
2026-09-17T03:38:20.536257999Z,aggregation,full,a42d74844cf7,200,12.35063
2026-09-17T03:38:20.59604173Z,aggregation,full,a42d74844cf7,200,12.822811
2026-09-17T03:38:20.656451705Z,aggregation,full,a42d74844cf7,200,12.931522
2026-09-17T03:38:20.724894579Z,aggregation,full,a42d74844cf7,200,21.871657
2026-09-17T03:38:20.777804657Z,aggregation,full,a42d74844cf7,200,14.340216
2026-09-17T03:38:20.837578293Z,aggregation,full,a42d74844cf7,200,13.800828
2026-09-17T03:38:20.902107827Z,aggregation,full,a42d74844cf7,200,18.888101
2026-09-17T03:38:20.955408515Z,aggregation,full,a42d74844cf7,200,11.718725
2026-09-17T03:38:21.017239481Z,aggregation,full,a42d74844cf7,200,14.103733
2026-09-17T03:38:21.07705805Z,aggregation,full,a42d74844cf7,200,13.145344
2026-09-17T03:38:21.13787144Z,aggregation,full,a42d74844cf7,200,13.887173
2026-09-17T03:38:21.19961089Z,aggregation,full,a42d74844cf7,200,16.088947
2026-09-17T03:38:21.256365526Z,aggregation,full,a42d74844cf7,200,13.329386
2026-09-17T03:38:21.320801171Z,aggregation,full,a42d74844cf7,200,17.794106
2026-09-17T03:38:21.376437329Z,aggregation,full,a42d74844cf7,200,12.921181
2026-09-17T03:38:21.436731754Z,aggregation,full,a42d74844cf7,200,13.738228
2026-09-17T03:38:21.506410451Z,aggregation,full,a42d74844cf7,200,23.141829
2026-09-17T03:38:21.556781819Z,aggregation,full,a42d74844cf7,200,13.905606
2026-09-17T03:38:21.620501309Z,aggregation,full,a42d74844cf7,200,17.036989
2026-09-17T03:38:21.677682278Z,aggregation,full,a42d74844cf7,200,14.348919
2026-09-17T03:38:21.737318172Z,aggregation,full,a42d74844cf7,200,13.98325
2026-09-17T03:38:21.797185624Z,aggregation,full,a42d74844cf7,200,14.242036
2026-09-17T03:38:21.873593295Z,aggregation,full,a42d74844cf7,200,29.913655
2026-09-17T03:38:21.920833955Z,aggregation,full,a42d74844cf7,200,17.662736
2026-09-17T03:38:21.978807181Z,aggregation,full,a42d74844cf7,200,15.240217
2026-09-17T03:38:22.037615041Z,aggregation,full,a42d74844cf7,200,13.698071
2026-09-17T03:38:22.097570248Z,aggregation,full,a42d74844cf7,200,14.401595
2026-09-17T03:38:22.156538444Z,aggregation,full,a42d74844cf7,200,13.483028
2026-09-17T03:38:22.219674396Z,aggregation,full,a42d74844cf7,200,16.563564
2026-09-17T03:38:22.279613068Z,aggregation,full,a42d74844cf7,200,16.245844
2026-09-17T03:38:22.336047001Z,aggregation,full,a42d74844cf7,200,12.794422
2026-09-17T03:38:22.397057767Z,aggregation,full,a42d74844cf7,200,13.239387
2026-09-17T03:38:22.456417321Z,aggregation,full,a42d74844cf7,200,12.782481
2026-09-17T03:38:22.518372137Z,aggregation,full,a42d74844cf7,200,15.05143
2026-09-17T03:38:22.576175006Z,aggregation,full,a42d74844cf7,200,13.207503
2026-09-17T03:38:22.6358076Z,aggregation,full,a42d74844cf7,200,12.850208
2026-09-17T03:38:22.69877945Z,aggregation,full,a42d74844cf7,200,15.234392
2026-09-17T03:38:22.754997943Z,aggregation,full,a42d74844cf7,200,11.765998
2026-09-17T03:38:22.821286347Z,aggregation,full,a42d74844cf7,200,17.712304
2026-09-17T03:38:22.875646083Z,aggregation,full,a42d74844cf7,200,12.414936
2026-09-17T03:38:22.936603905Z,aggregation,full,a42d74844cf7,200,13.353624
2026-09-17T03:38:22.99773627Z,aggregation,full,a42d74844cf7,200,14.568005
2026-09-17T03:38:23.056195257Z,aggregation,full,a42d74844cf7,200,12.62532
2026-09-17T03:38:23.118998466Z,aggregation,full,a42d74844cf7,200,16.152341
2026-09-17T03:38:23.176074311Z,aggregation,full,a42d74844cf7,200,12.190908
2026-09-17T03:38:23.236285759Z,aggregation,full,a42d74844cf7,200,13.404599
2026-09-17T03:38:23.297470257Z,aggregation,full,a42d74844cf7,200,14.428142
2026-09-17T03:38:23.359673541Z,aggregation,full,a42d74844cf7,200,16.787188
2026-09-17T03:38:23.421397418Z,aggregation,full,a42d74844cf7,200,18.063895
2026-09-17T03:38:23.479055698Z,aggregation,full,a42d74844cf7,200,15.605021
2026-09-17T03:38:23.541561973Z,aggregation,full,a42d74844cf7,200,18.397705
2026-09-17T03:38:23.596115195Z,aggregation,full,a42d74844cf7,200,12.568851
2026-09-17T03:38:23.65628677Z,aggregation,full,a42d74844cf7,200,12.502196
2026-09-17T03:38:23.722933624Z,aggregation,full,a42d74844cf7,200,20.016733
2026-09-17T03:38:23.777249198Z,aggregation,full,a42d74844cf7,200,13.597647
2026-09-17T03:38:23.837125577Z,aggregation,full,a42d74844cf7,200,13.966829
2026-09-17T03:38:23.901095567Z,aggregation,full,a42d74844cf7,200,18.175437
2026-09-17T03:38:23.956625543Z,aggregation,full,a42d74844cf7,200,13.03206
2026-09-17T03:38:24.019941335Z,aggregation,full,a42d74844cf7,200,16.752722
2026-09-17T03:38:24.077422025Z,aggregation,full,a42d74844cf7,200,13.723432
2026-09-17T03:38:24.135584695Z,aggregation,full,a42d74844cf7,200,12.458919
2026-09-17T03:38:24.196702085Z,aggregation,full,a42d74844cf7,200,13.532983
2026-09-17T03:38:24.254878556Z,aggregation,full,a42d74844cf7,200,11.840952
2026-09-17T03:38:24.32063431Z,aggregation,full,a42d74844cf7,200,17.081926
2026-09-17T03:38:24.379742289Z,aggregation,full,a42d74844cf7,200,16.453329
2026-09-17T03:38:24.438068653Z,aggregation,full,a42d74844cf7,200,14.38753
2026-09-17T03:38:24.499235345Z,aggregation,full,a42d74844cf7,200,16.091272
2026-09-17T03:38:24.556122652Z,aggregation,full,a42d74844cf7,200,13.163696
2026-09-17T03:38:24.622204928Z,aggregation,full,a42d74844cf7,200,18.497421
2026-09-17T03:38:24.676787514Z,aggregation,full,a42d74844cf7,200,13.800436
2026-09-17T03:38:24.739434656Z,aggregation,full,a42d74844cf7,200,15.978544
2026-09-17T03:38:24.798266227Z,aggregation,full,a42d74844cf7,200,15.079898
2026-09-17T03:38:24.85580501Z,aggregation,full,a42d74844cf7,200,12.138034
2026-09-17T03:38:24.921572685Z,aggregation,full,a42d74844cf7,200,17.981904
2026-09-17T03:38:24.977791441Z,aggregation,full,a42d74844cf7,200,14.469993
2026-09-17T03:38:25.041407457Z,aggregation,full,a42d74844cf7,200,17.539962
2026-09-17T03:38:25.097685986Z,aggregation,full,a42d74844cf7,200,13.846356
2026-09-17T03:38:25.163209573Z,aggregation,full,a42d74844cf7,200,19.864413
2026-09-17T03:38:25.217928807Z,aggregation,full,a42d74844cf7,200,14.927796
2026-09-17T03:38:25.276575844Z,aggregation,full,a42d74844cf7,200,12.917098
2026-09-17T03:38:25.33765644Z,aggregation,full,a42d74844cf7,200,14.258161
2026-09-17T03:38:25.397253088Z,aggregation,full,a42d74844cf7,200,13.998728
2026-09-17T03:38:25.455874772Z,aggregation,full,a42d74844cf7,200,12.057347
2026-09-17T03:38:25.520046987Z,aggregation,full,a42d74844cf7,200,16.349602
2026-09-17T03:38:25.580045094Z,aggregation,full,a42d74844cf7,200,16.241723
2026-09-17T03:38:25.636296588Z,aggregation,full,a42d74844cf7,200,12.516793
2026-09-17T03:38:25.697558213Z,aggregation,full,a42d74844cf7,200,14.682353
2026-09-17T03:38:25.763618308Z,aggregation,full,a42d74844cf7,200,20.594636
2026-09-17T03:38:25.819508551Z,aggregation,full,a42d74844cf7,200,16.249734
2026-09-17T03:38:25.875358959Z,aggregation,full,a42d74844cf7,200,12.093206
2026-09-17T03:38:25.936811294Z,aggregation,full,a42d74844cf7,200,13.75768
2026-09-17T03:38:25.995921874Z,aggregation,full,a42d74844cf7,200,12.508836
2026-09-17T03:38:26.057062916Z,aggregation,full,a42d74844cf7,200,13.669253
2026-09-17T03:38:26.118866345Z,aggregation,full,a42d74844cf7,200,15.087558
2026-09-17T03:38:26.176109858Z,aggregation,full,a42d74844cf7,200,12.482565
2026-09-17T03:38:26.237961982Z,aggregation,full,a42d74844cf7,200,14.060346
2026-09-17T03:38:26.298243146Z,aggregation,full,a42d74844cf7,200,14.610228
2026-09-17T03:38:26.355743336Z,aggregation,full,a42d74844cf7,200,12.806535
2026-09-17T03:38:26.419101763Z,aggregation,full,a42d74844cf7,200,15.573684
2026-09-17T03:38:26.476583022Z,aggregation,full,a42d74844cf7,200,12.774852
2026-09-17T03:38:26.53789451Z,aggregation,full,a42d74844cf7,200,14.362614
2026-09-17T03:38:26.596476831Z,aggregation,full,a42d74844cf7,200,13.100561
2026-09-17T03:38:26.656540999Z,aggregation,full,a42d74844cf7,200,13.598664
2026-09-17T03:38:26.723789726Z,aggregation,full,a42d74844cf7,200,20.194796
2026-09-17T03:38:26.780372361Z,aggregation,full,a42d74844cf7,200,16.713768
2026-09-17T03:38:26.83732027Z,aggregation,full,a42d74844cf7,200,14.300113
2026-09-17T03:38:26.900620462Z,aggregation,full,a42d74844cf7,200,17.612905
2026-09-17T03:38:26.955919779Z,aggregation,full,a42d74844cf7,200,12.769975
2026-09-17T03:38:27.018824852Z,aggregation,full,a42d74844cf7,200,15.138212
2026-09-17T03:38:27.076947399Z,aggregation,full,a42d74844cf7,200,13.068458
2026-09-17T03:38:27.136935685Z,aggregation,full,a42d74844cf7,200,13.317132
2026-09-17T03:38:27.196358964Z,aggregation,full,a42d74844cf7,200,12.830547
2026-09-17T03:38:27.254100288Z,aggregation,full,a42d74844cf7,200,11.222283
2026-09-17T03:38:27.318780641Z,aggregation,full,a42d74844cf7,200,15.735806
2026-09-17T03:38:27.376739737Z,aggregation,full,a42d74844cf7,200,13.33922
2026-09-17T03:38:27.438567809Z,aggregation,full,a42d74844cf7,200,15.128396
2026-09-17T03:38:27.496771052Z,aggregation,full,a42d74844cf7,200,13.602989
2026-09-17T03:38:27.556324761Z,aggregation,full,a42d74844cf7,200,12.87547
2026-09-17T03:38:27.621620545Z,aggregation,full,a42d74844cf7,200,18.784933
2026-09-17T03:38:27.678251811Z,aggregation,full,a42d74844cf7,200,14.957838
2026-09-17T03:38:27.735508184Z,aggregation,full,a42d74844cf7,200,12.543069
2026-09-17T03:38:27.796558589Z,aggregation,full,a42d74844cf7,200,13.317696
2026-09-17T03:38:27.855807574Z,aggregation,full,a42d74844cf7,200,12.933523
2026-09-17T03:38:27.919579896Z,aggregation,full,a42d74844cf7,200,16.013407
2026-09-17T03:38:27.977611776Z,aggregation,full,a42d74844cf7,200,14.31049
2026-09-17T03:38:28.036072199Z,aggregation,full,a42d74844cf7,200,12.95479
2026-09-17T03:38:28.097694616Z,aggregation,full,a42d74844cf7,200,14.115516
2026-09-17T03:38:28.157628368Z,aggregation,full,a42d74844cf7,200,13.793056
2026-09-17T03:38:28.220797619Z,aggregation,full,a42d74844cf7,200,17.201245
2026-09-17T03:38:28.281144011Z,aggregation,full,a42d74844cf7,200,17.67539
2026-09-17T03:38:28.340701509Z,aggregation,full,a42d74844cf7,200,17.015086
2026-09-17T03:38:28.396296746Z,aggregation,full,a42d74844cf7,200,13.112077
2026-09-17T03:38:28.45547066Z,aggregation,full,a42d74844cf7,200,12.594313
2026-09-17T03:38:28.520610738Z,aggregation,full,a42d74844cf7,200,17.057998
2026-09-17T03:38:28.580525054Z,aggregation,full,a42d74844cf7,200,17.039819
2026-09-17T03:38:28.635860059Z,aggregation,full,a42d74844cf7,200,12.732973
2026-09-17T03:38:28.697173813Z,aggregation,full,a42d74844cf7,200,13.728927
2026-09-17T03:38:28.75596501Z,aggregation,full,a42d74844cf7,200,12.251317
2026-09-17T03:38:28.817375997Z,aggregation,full,a42d74844cf7,200,14.448397
2026-09-17T03:38:28.876347124Z,aggregation,full,a42d74844cf7,200,13.151944
2026-09-17T03:38:28.937353894Z,aggregation,full,a42d74844cf7,200,14.16162
2026-09-17T03:38:29.00006329Z,aggregation,full,a42d74844cf7,200,16.905232
2026-09-17T03:38:29.056425017Z,aggregation,full,a42d74844cf7,200,12.917557
2026-09-17T03:38:29.121609148Z,aggregation,full,a42d74844cf7,200,18.17165
2026-09-17T03:38:29.175831996Z,aggregation,full,a42d74844cf7,200,12.76507
2026-09-17T03:38:29.237035227Z,aggregation,full,a42d74844cf7,200,13.443623
2026-09-17T03:38:29.299422085Z,aggregation,full,a42d74844cf7,200,15.78175
2026-09-17T03:38:29.35830494Z,aggregation,full,a42d74844cf7,200,15.264667
2026-09-17T03:38:29.418525312Z,aggregation,full,a42d74844cf7,200,15.630978
2026-09-17T03:38:29.477085273Z,aggregation,full,a42d74844cf7,200,13.545691
2026-09-17T03:38:29.536826119Z,aggregation,full,a42d74844cf7,200,13.798076
2026-09-17T03:38:29.598972852Z,aggregation,full,a42d74844cf7,200,15.892045
2026-09-17T03:38:29.658738484Z,aggregation,full,a42d74844cf7,200,15.222498
2026-09-17T03:38:29.720226792Z,aggregation,full,a42d74844cf7,200,16.70979
2026-09-17T03:38:29.776326739Z,aggregation,full,a42d74844cf7,200,12.802318
2026-09-17T03:38:29.837739749Z,aggregation,full,a42d74844cf7,200,14.783616
2026-09-17T03:38:29.899204255Z,aggregation,full,a42d74844cf7,200,16.005671
2026-09-17T03:38:29.956954274Z,aggregation,full,a42d74844cf7,200,13.041397
2026-09-17T03:38:30.021397911Z,aggregation,full,a42d74844cf7,200,17.528899
2026-09-17T03:38:30.076805066Z,aggregation,full,a42d74844cf7,200,13.556225
2026-09-17T03:38:30.136561741Z,aggregation,full,a42d74844cf7,200,12.535728
2026-09-17T03:38:30.199659311Z,aggregation,full,a42d74844cf7,200,16.246254
2026-09-17T03:38:30.261146749Z,aggregation,full,a42d74844cf7,200,17.80998
2026-09-17T03:38:30.32284607Z,aggregation,full,a42d74844cf7,200,19.677738
2026-09-17T03:38:30.381180006Z,aggregation,full,a42d74844cf7,200,17.851373
2026-09-17T03:38:30.438175199Z,aggregation,full,a42d74844cf7,200,14.332752
2026-09-17T03:38:30.497761269Z,aggregation,full,a42d74844cf7,200,13.923802
2026-09-17T03:38:30.556042387Z,aggregation,full,a42d74844cf7,200,12.629606
2026-09-17T03:38:30.619761999Z,aggregation,full,a42d74844cf7,200,16.145336
2026-09-17T03:38:30.676955536Z,aggregation,full,a42d74844cf7,200,13.764609
2026-09-17T03:38:30.737531695Z,aggregation,full,a42d74844cf7,200,13.692574
2026-09-17T03:38:30.798613311Z,aggregation,full,a42d74844cf7,200,15.163657
2026-09-17T03:38:30.855839863Z,aggregation,full,a42d74844cf7,200,12.422525
2026-09-17T03:38:30.923044832Z,aggregation,full,a42d74844cf7,200,19.424979
2026-09-17T03:38:30.980973003Z,aggregation,full,a42d74844cf7,200,17.268378
2026-09-17T03:38:31.037712417Z,aggregation,full,a42d74844cf7,200,14.008522
2026-09-17T03:38:31.096507209Z,aggregation,full,a42d74844cf7,200,13.243001
2026-09-17T03:38:31.156685287Z,aggregation,full,a42d74844cf7,200,13.507771
2026-09-17T03:38:31.22166189Z,aggregation,full,a42d74844cf7,200,18.477335
2026-09-17T03:38:31.277059049Z,aggregation,full,a42d74844cf7,200,13.874768
2026-09-17T03:38:31.335888329Z,aggregation,full,a42d74844cf7,200,12.033862
2026-09-17T03:38:31.398237239Z,aggregation,full,a42d74844cf7,200,14.548358
2026-09-17T03:38:31.457315358Z,aggregation,full,a42d74844cf7,200,13.46865
2026-09-17T03:38:31.521758793Z,aggregation,full,a42d74844cf7,200,18.405013
2026-09-17T03:38:31.577251797Z,aggregation,full,a42d74844cf7,200,14.011078
2026-09-17T03:38:31.636712249Z,aggregation,full,a42d74844cf7,200,12.852703
2026-09-17T03:38:31.701195562Z,aggregation,full,a42d74844cf7,200,18.051649
2026-09-17T03:38:31.756671128Z,aggregation,full,a42d74844cf7,200,12.955992
2026-09-17T03:38:31.820005096Z,aggregation,full,a42d74844cf7,200,16.830619
2026-09-17T03:38:31.877447604Z,aggregation,full,a42d74844cf7,200,13.868765
2026-09-17T03:38:31.935516816Z,aggregation,full,a42d74844cf7,200,12.395019
2026-09-17T03:38:31.997934937Z,aggregation,full,a42d74844cf7,200,14.757405
2026-09-17T03:38:32.05552009Z,aggregation,full,a42d74844cf7,200,11.955446
2026-09-17T03:38:32.119990822Z,aggregation,full,a42d74844cf7,200,16.831759
2026-09-17T03:38:32.176465922Z,aggregation,full,a42d74844cf7,200,12.758058
2026-09-17T03:38:32.23682211Z,aggregation,full,a42d74844cf7,200,13.783883
2026-09-17T03:38:32.297448928Z,aggregation,full,a42d74844cf7,200,13.887974
2026-09-17T03:38:32.355881793Z,aggregation,full,a42d74844cf7,200,12.963581
2026-09-17T03:38:32.420718823Z,aggregation,full,a42d74844cf7,200,17.173249
2026-09-17T03:38:32.480563182Z,aggregation,full,a42d74844cf7,200,17.262869
2026-09-17T03:38:32.536957496Z,aggregation,full,a42d74844cf7,200,13.498592
2026-09-17T03:38:32.598580847Z,aggregation,full,a42d74844cf7,200,15.080918
2026-09-17T03:38:32.656844536Z,aggregation,full,a42d74844cf7,200,13.688991
2026-09-17T03:38:32.723460813Z,aggregation,full,a42d74844cf7,200,20.008249
2026-09-17T03:38:32.779862697Z,aggregation,full,a42d74844cf7,200,16.770514
2026-09-17T03:38:32.836877082Z,aggregation,full,a42d74844cf7,200,13.311263
2026-09-17T03:38:32.897142013Z,aggregation,full,a42d74844cf7,200,13.498837
2026-09-17T03:38:32.958356099Z,aggregation,full,a42d74844cf7,200,14.739513
2026-09-17T03:38:33.018400564Z,aggregation,full,a42d74844cf7,200,15.345817
2026-09-17T03:38:33.077188666Z,aggregation,full,a42d74844cf7,200,14.082214
2026-09-17T03:38:33.136685351Z,aggregation,full,a42d74844cf7,200,12.839313
2026-09-17T03:38:33.203742065Z,aggregation,full,a42d74844cf7,200,19.974262
2026-09-17T03:38:33.262324201Z,aggregation,full,a42d74844cf7,200,18.99893
2026-09-17T03:38:33.32229628Z,aggregation,full,a42d74844cf7,200,19.083216
2026-09-17T03:38:33.376567727Z,aggregation,full,a42d74844cf7,200,13.49995
2026-09-17T03:38:33.435693574Z,aggregation,full,a42d74844cf7,200,12.434171
2026-09-17T03:38:33.496876914Z,aggregation,full,a42d74844cf7,200,13.676535
2026-09-17T03:38:33.556187464Z,aggregation,full,a42d74844cf7,200,12.745086
2026-09-17T03:38:33.621147312Z,aggregation,full,a42d74844cf7,200,17.321185
2026-09-17T03:38:33.679285366Z,aggregation,full,a42d74844cf7,200,15.479448
2026-09-17T03:38:33.736618619Z,aggregation,full,a42d74844cf7,200,13.546588
2026-09-17T03:38:33.796323189Z,aggregation,full,a42d74844cf7,200,13.197818
2026-09-17T03:38:33.855561495Z,aggregation,full,a42d74844cf7,200,12.65926
2026-09-17T03:38:33.919474812Z,aggregation,full,a42d74844cf7,200,16.183297
2026-09-17T03:38:33.977038747Z,aggregation,full,a42d74844cf7,200,13.943395
2026-09-17T03:38:34.039096407Z,aggregation,full,a42d74844cf7,200,15.401374
2026-09-17T03:38:34.097355933Z,aggregation,full,a42d74844cf7,200,13.524992
2026-09-17T03:38:34.156189258Z,aggregation,full,a42d74844cf7,200,13.331389
2026-09-17T03:38:34.222210571Z,aggregation,full,a42d74844cf7,200,18.375779
2026-09-17T03:38:34.277521291Z,aggregation,full,a42d74844cf7,200,13.633955
2026-09-17T03:38:34.337478447Z,aggregation,full,a42d74844cf7,200,14.245313
2026-09-17T03:38:34.396772256Z,aggregation,full,a42d74844cf7,200,13.60867
2026-09-17T03:38:34.455874841Z,aggregation,full,a42d74844cf7,200,12.54272
2026-09-17T03:38:34.519358602Z,aggregation,full,a42d74844cf7,200,15.583326
2026-09-17T03:38:34.576093376Z,aggregation,full,a42d74844cf7,200,13.088076
2026-09-17T03:38:34.637321048Z,aggregation,full,a42d74844cf7,200,13.455424
2026-09-17T03:38:34.696125005Z,aggregation,full,a42d74844cf7,200,13.112354
2026-09-17T03:38:34.755519661Z,aggregation,full,a42d74844cf7,200,11.809747
2026-09-17T03:38:34.820650014Z,aggregation,full,a42d74844cf7,200,17.304808
2026-09-17T03:38:34.876895652Z,aggregation,full,a42d74844cf7,200,13.575802
2026-09-17T03:38:34.935623385Z,aggregation,full,a42d74844cf7,200,12.089562
2026-09-17T03:38:34.998994985Z,aggregation,full,a42d74844cf7,200,15.707926
2026-09-17T03:38:35.056600736Z,aggregation,full,a42d74844cf7,200,12.932306
2026-09-17T03:38:35.121200588Z,aggregation,full,a42d74844cf7,200,17.910614
2026-09-17T03:38:35.176643745Z,aggregation,full,a42d74844cf7,200,12.927037
2026-09-17T03:38:35.235042588Z,aggregation,full,a42d74844cf7,200,11.754171
2026-09-17T03:38:35.298121669Z,aggregation,full,a42d74844cf7,200,14.367561
2026-09-17T03:38:35.35744108Z,aggregation,full,a42d74844cf7,200,13.578903
2026-09-17T03:38:35.419627923Z,aggregation,full,a42d74844cf7,200,16.489474
2026-09-17T03:38:35.476190794Z,aggregation,full,a42d74844cf7,200,12.920233
2026-09-17T03:38:35.536201801Z,aggregation,full,a42d74844cf7,200,12.999093
2026-09-17T03:38:35.600139026Z,aggregation,full,a42d74844cf7,200,16.360374
2026-09-17T03:38:35.656646987Z,aggregation,full,a42d74844cf7,200,12.978002
2026-09-17T03:38:35.719974396Z,aggregation,full,a42d74844cf7,200,16.780055
2026-09-17T03:38:35.778015902Z,aggregation,full,a42d74844cf7,200,14.359615
2026-09-17T03:38:35.843491464Z,aggregation,full,a42d74844cf7,200,20.198273
2026-09-17T03:38:35.900131192Z,aggregation,full,a42d74844cf7,200,16.253605
2026-09-17T03:38:35.956772954Z,aggregation,full,a42d74844cf7,200,13.154605
2026-09-17T03:38:36.026126109Z,aggregation,full,a42d74844cf7,200,22.734377
2026-09-17T03:38:36.079472447Z,aggregation,full,a42d74844cf7,200,16.30025
2026-09-17T03:38:36.135891808Z,aggregation,full,a42d74844cf7,200,12.563882
2026-09-17T03:38:36.198754166Z,aggregation,full,a42d74844cf7,200,15.09672
2026-09-17T03:38:36.255667889Z,aggregation,full,a42d74844cf7,200,12.596043
2026-09-17T03:38:36.317980439Z,aggregation,full,a42d74844cf7,200,14.582498
2026-09-17T03:38:36.376228033Z,aggregation,full,a42d74844cf7,200,12.680711
2026-09-17T03:38:36.437024594Z,aggregation,full,a42d74844cf7,200,14.000529
2026-09-17T03:38:36.497117168Z,aggregation,full,a42d74844cf7,200,13.52566
2026-09-17T03:38:36.555493829Z,aggregation,full,a42d74844cf7,200,11.820923
2026-09-17T03:38:36.618792434Z,aggregation,full,a42d74844cf7,200,15.460112
2026-09-17T03:38:36.676423435Z,aggregation,full,a42d74844cf7,200,13.199439
2026-09-17T03:38:36.736735119Z,aggregation,full,a42d74844cf7,200,13.34796
2026-09-17T03:38:36.796429759Z,aggregation,full,a42d74844cf7,200,13.238623
2026-09-17T03:38:36.855322893Z,aggregation,full,a42d74844cf7,200,12.389245
2026-09-17T03:38:36.920027357Z,aggregation,full,a42d74844cf7,200,16.893528
2026-09-17T03:38:36.977639462Z,aggregation,full,a42d74844cf7,200,13.910737
2026-09-17T03:38:37.038036742Z,aggregation,full,a42d74844cf7,200,14.865572
2026-09-17T03:38:37.100665575Z,aggregation,full,a42d74844cf7,200,16.889818
2026-09-17T03:38:37.157071805Z,aggregation,full,a42d74844cf7,200,13.933173
2026-09-17T03:38:37.220270883Z,aggregation,full,a42d74844cf7,200,16.647675
2026-09-17T03:38:37.275860717Z,aggregation,full,a42d74844cf7,200,12.823481
2026-09-17T03:38:37.337793592Z,aggregation,full,a42d74844cf7,200,14.267419
2026-09-17T03:38:37.396606075Z,aggregation,full,a42d74844cf7,200,13.1528
2026-09-17T03:38:37.455259406Z,aggregation,full,a42d74844cf7,200,12.274779
2026-09-17T03:38:37.523341428Z,aggregation,full,a42d74844cf7,200,20.051068
2026-09-17T03:38:37.57741352Z,aggregation,full,a42d74844cf7,200,14.41915
2026-09-17T03:38:37.635734617Z,aggregation,full,a42d74844cf7,200,12.5227
2026-09-17T03:38:37.696828429Z,aggregation,full,a42d74844cf7,200,13.422896
2026-09-17T03:38:37.756236126Z,aggregation,full,a42d74844cf7,200,12.917787
2026-09-17T03:38:37.820029976Z,aggregation,full,a42d74844cf7,200,16.935562
2026-09-17T03:38:37.876885028Z,aggregation,full,a42d74844cf7,200,13.232712
2026-09-17T03:38:37.936685144Z,aggregation,full,a42d74844cf7,200,13.095392
2026-09-17T03:38:37.996335106Z,aggregation,full,a42d74844cf7,200,12.715704
2026-09-17T03:38:38.058638521Z,aggregation,full,a42d74844cf7,200,14.875737
2026-09-17T03:38:38.119111708Z,aggregation,full,a42d74844cf7,200,15.915119
2026-09-17T03:38:38.177906257Z,aggregation,full,a42d74844cf7,200,14.08264
2026-09-17T03:38:38.238395749Z,aggregation,full,a42d74844cf7,200,14.680148
2026-09-17T03:38:38.29988575Z,aggregation,full,a42d74844cf7,200,16.612148
2026-09-17T03:38:38.359584549Z,aggregation,full,a42d74844cf7,200,16.051081
2026-09-17T03:38:38.419891394Z,aggregation,full,a42d74844cf7,200,16.69829
2026-09-17T03:38:38.477072546Z,aggregation,full,a42d74844cf7,200,12.998317
2026-09-17T03:38:38.536348904Z,aggregation,full,a42d74844cf7,200,12.997043
2026-09-17T03:38:38.596445243Z,aggregation,full,a42d74844cf7,200,13.562841
2026-09-17T03:38:38.657270935Z,aggregation,full,a42d74844cf7,200,14.405419
2026-09-17T03:38:38.719996443Z,aggregation,full,a42d74844cf7,200,17.133616
2026-09-17T03:38:38.777295395Z,aggregation,full,a42d74844cf7,200,13.293466
2026-09-17T03:38:38.835217616Z,aggregation,full,a42d74844cf7,200,12.328053
2026-09-17T03:38:38.898107053Z,aggregation,full,a42d74844cf7,200,15.3103
2026-09-17T03:38:38.958024728Z,aggregation,full,a42d74844cf7,200,14.417169
2026-09-17T03:38:39.02073482Z,aggregation,full,a42d74844cf7,200,16.925176
2026-09-17T03:38:39.077053444Z,aggregation,full,a42d74844cf7,200,13.615721
2026-09-17T03:38:39.13726845Z,aggregation,full,a42d74844cf7,200,13.528518
2026-09-17T03:38:39.196594186Z,aggregation,full,a42d74844cf7,200,13.530813
2026-09-17T03:38:39.256111931Z,aggregation,full,a42d74844cf7,200,12.922463
2026-09-17T03:38:39.321231493Z,aggregation,full,a42d74844cf7,200,17.410302
2026-09-17T03:38:39.379597203Z,aggregation,full,a42d74844cf7,200,16.494952
2026-09-17T03:38:39.437066963Z,aggregation,full,a42d74844cf7,200,13.291926
2026-09-17T03:38:39.503333753Z,aggregation,full,a42d74844cf7,200,19.594264
2026-09-17T03:38:39.555842047Z,aggregation,full,a42d74844cf7,200,13.04162
2026-09-17T03:38:39.621527111Z,aggregation,full,a42d74844cf7,200,18.030161
2026-09-17T03:38:39.678153974Z,aggregation,full,a42d74844cf7,200,14.808872
2026-09-17T03:38:39.736906895Z,aggregation,full,a42d74844cf7,200,13.018697
2026-09-17T03:38:39.800942999Z,aggregation,full,a42d74844cf7,200,17.048905
2026-09-17T03:38:39.86086923Z,aggregation,full,a42d74844cf7,200,17.323665
2026-09-17T03:38:39.920010854Z,aggregation,full,a42d74844cf7,200,16.322872
2026-09-17T03:38:39.977256167Z,aggregation,full,a42d74844cf7,200,13.330261
2026-09-17T03:38:40.037988721Z,aggregation,full,a42d74844cf7,200,14.78702
2026-09-17T03:38:40.098116173Z,aggregation,full,a42d74844cf7,200,14.473433
2026-09-17T03:38:40.155779815Z,aggregation,full,a42d74844cf7,200,12.118238
2026-09-17T03:38:40.224634924Z,aggregation,full,a42d74844cf7,200,21.134008
2026-09-17T03:38:40.277340843Z,aggregation,full,a42d74844cf7,200,14.038061
2026-09-17T03:38:40.338164979Z,aggregation,full,a42d74844cf7,200,14.932511
2026-09-17T03:38:40.404103896Z,aggregation,full,a42d74844cf7,200,21.026057
2026-09-17T03:38:40.45999181Z,aggregation,full,a42d74844cf7,200,16.066593
2026-09-17T03:38:40.522781424Z,aggregation,full,a42d74844cf7,200,18.649951
2026-09-17T03:38:40.581093328Z,aggregation,full,a42d74844cf7,200,17.449524
2026-09-17T03:38:40.639037016Z,aggregation,full,a42d74844cf7,200,15.107595
2026-09-17T03:38:40.700582494Z,aggregation,full,a42d74844cf7,200,17.183288
2026-09-17T03:38:40.756095666Z,aggregation,full,a42d74844cf7,200,13.184145
2026-09-17T03:38:40.82062512Z,aggregation,full,a42d74844cf7,200,16.912635
2026-09-17T03:38:40.882832018Z,aggregation,full,a42d74844cf7,200,19.601251
2026-09-17T03:38:40.945841796Z,aggregation,full,a42d74844cf7,200,22.072504
2026-09-17T03:38:40.998234352Z,aggregation,full,a42d74844cf7,200,14.995412
2026-09-17T03:38:41.061698874Z,aggregation,full,a42d74844cf7,200,18.052892
2026-09-17T03:38:41.123824976Z,aggregation,full,a42d74844cf7,200,20.490644
2026-09-17T03:38:41.177453431Z,aggregation,full,a42d74844cf7,200,14.41286
2026-09-17T03:38:41.245989546Z,aggregation,full,a42d74844cf7,200,22.775864
2026-09-17T03:38:41.29824117Z,aggregation,full,a42d74844cf7,200,14.749618
2026-09-17T03:38:41.355650229Z,aggregation,full,a42d74844cf7,200,12.717896
2026-09-17T03:38:41.420389479Z,aggregation,full,a42d74844cf7,200,17.044623
2026-09-17T03:38:41.476545779Z,aggregation,full,a42d74844cf7,200,13.268311
2026-09-17T03:38:41.537373506Z,aggregation,full,a42d74844cf7,200,13.716324
2026-09-17T03:38:41.595452044Z,aggregation,full,a42d74844cf7,200,12.422294
2026-09-17T03:38:41.655987645Z,aggregation,full,a42d74844cf7,200,13.03977
2026-09-17T03:38:41.720935766Z,aggregation,full,a42d74844cf7,200,17.213977
2026-09-17T03:38:41.779084873Z,aggregation,full,a42d74844cf7,200,15.369378
2026-09-17T03:38:41.838697146Z,aggregation,full,a42d74844cf7,200,14.845845
2026-09-17T03:38:41.908425853Z,aggregation,full,a42d74844cf7,200,25.131296
2026-09-17T03:38:41.957006668Z,aggregation,full,a42d74844cf7,200,14.115137
2026-09-17T03:38:42.020972501Z,aggregation,full,a42d74844cf7,200,17.264771
2026-09-17T03:38:42.078553653Z,aggregation,full,a42d74844cf7,200,14.700851
2026-09-17T03:38:42.139303023Z,aggregation,full,a42d74844cf7,200,16.139735
2026-09-17T03:38:42.201571195Z,aggregation,full,a42d74844cf7,200,18.608053
2026-09-17T03:38:42.25665266Z,aggregation,full,a42d74844cf7,200,13.612571
2026-09-17T03:38:42.321639077Z,aggregation,full,a42d74844cf7,200,18.28884
2026-09-17T03:38:42.377354949Z,aggregation,full,a42d74844cf7,200,14.107645
2026-09-17T03:38:42.435706976Z,aggregation,full,a42d74844cf7,200,12.756594
2026-09-17T03:38:42.500251726Z,aggregation,full,a42d74844cf7,200,16.943354
2026-09-17T03:38:42.557587244Z,aggregation,full,a42d74844cf7,200,13.781108
2026-09-17T03:38:42.62171162Z,aggregation,full,a42d74844cf7,200,18.377272
2026-09-17T03:38:42.676260523Z,aggregation,full,a42d74844cf7,200,12.929397
2026-09-17T03:38:42.738081471Z,aggregation,full,a42d74844cf7,200,15.093103
2026-09-17T03:38:42.796252807Z,aggregation,full,a42d74844cf7,200,13.375718
2026-09-17T03:38:42.855904078Z,aggregation,full,a42d74844cf7,200,13.066726
2026-09-17T03:38:42.921230476Z,aggregation,full,a42d74844cf7,200,17.519453
2026-09-17T03:38:42.978388259Z,aggregation,full,a42d74844cf7,200,15.122145
2026-09-17T03:38:43.037167668Z,aggregation,full,a42d74844cf7,200,14.108852
2026-09-17T03:38:43.098060569Z,aggregation,full,a42d74844cf7,200,14.161886
2026-09-17T03:38:43.157306581Z,aggregation,full,a42d74844cf7,200,13.627397
2026-09-17T03:38:43.220971174Z,aggregation,full,a42d74844cf7,200,17.835473
2026-09-17T03:38:43.279236839Z,aggregation,full,a42d74844cf7,200,15.506642
2026-09-17T03:38:43.33674614Z,aggregation,full,a42d74844cf7,200,13.66512
2026-09-17T03:38:43.398457882Z,aggregation,full,a42d74844cf7,200,15.011158
2026-09-17T03:38:43.455520121Z,aggregation,full,a42d74844cf7,200,12.667637
2026-09-17T03:38:43.518857903Z,aggregation,full,a42d74844cf7,200,15.33606
2026-09-17T03:38:43.578709441Z,aggregation,full,a42d74844cf7,200,15.076119
2026-09-17T03:38:43.637091729Z,aggregation,full,a42d74844cf7,200,13.893716
2026-09-17T03:38:43.698289902Z,aggregation,full,a42d74844cf7,200,14.561704
2026-09-17T03:38:43.756928981Z,aggregation,full,a42d74844cf7,200,14.246846
2026-09-17T03:38:43.821614817Z,aggregation,full,a42d74844cf7,200,17.775328
2026-09-17T03:38:43.876707968Z,aggregation,full,a42d74844cf7,200,13.565577
2026-09-17T03:38:43.941169487Z,aggregation,full,a42d74844cf7,200,17.655783
2026-09-17T03:38:43.99833923Z,aggregation,full,a42d74844cf7,200,14.640727
2026-09-17T03:38:44.05562654Z,aggregation,full,a42d74844cf7,200,12.742323
2026-09-17T03:38:44.122978594Z,aggregation,full,a42d74844cf7,200,19.600005
2026-09-17T03:38:44.178118284Z,aggregation,full,a42d74844cf7,200,14.475948
2026-09-17T03:38:44.238745902Z,aggregation,full,a42d74844cf7,200,14.855347
2026-09-17T03:38:44.299376388Z,aggregation,full,a42d74844cf7,200,15.865953
2026-09-17T03:38:44.355937991Z,aggregation,full,a42d74844cf7,200,12.942847
2026-09-17T03:38:44.422215512Z,aggregation,full,a42d74844cf7,200,18.560839
2026-09-17T03:38:44.478052192Z,aggregation,full,a42d74844cf7,200,14.192788
2026-09-17T03:38:44.536286011Z,aggregation,full,a42d74844cf7,200,13.228369
2026-09-17T03:38:44.595977816Z,aggregation,full,a42d74844cf7,200,13.061169
2026-09-17T03:38:44.656656261Z,aggregation,full,a42d74844cf7,200,12.818242
2026-09-17T03:38:44.720005391Z,aggregation,full,a42d74844cf7,200,16.699771
2026-09-17T03:38:44.778127512Z,aggregation,full,a42d74844cf7,200,14.438386
2026-09-17T03:38:44.839971922Z,aggregation,full,a42d74844cf7,200,16.126033
2026-09-17T03:38:44.90020529Z,aggregation,full,a42d74844cf7,200,16.484159
2026-09-17T03:38:44.957234897Z,aggregation,full,a42d74844cf7,200,13.483926
2026-09-17T03:38:45.019094117Z,aggregation,full,a42d74844cf7,200,15.876424
2026-09-17T03:38:45.077677322Z,aggregation,full,a42d74844cf7,200,14.253343
2026-09-17T03:38:45.137958539Z,aggregation,full,a42d74844cf7,200,14.579481
2026-09-17T03:38:45.198069599Z,aggregation,full,a42d74844cf7,200,14.375087
2026-09-17T03:38:45.256474545Z,aggregation,full,a42d74844cf7,200,12.808769
2026-09-17T03:38:45.325479915Z,aggregation,full,a42d74844cf7,200,22.27452
2026-09-17T03:38:45.378242367Z,aggregation,full,a42d74844cf7,200,14.851105
2026-09-17T03:38:45.437460936Z,aggregation,full,a42d74844cf7,200,13.588214
2026-09-17T03:38:45.500090344Z,aggregation,full,a42d74844cf7,200,16.960638
2026-09-17T03:38:45.557815646Z,aggregation,full,a42d74844cf7,200,14.22997
2026-09-17T03:38:45.624211252Z,aggregation,full,a42d74844cf7,200,20.724982
2026-09-17T03:38:45.678026645Z,aggregation,full,a42d74844cf7,200,14.131775
2026-09-17T03:38:45.73628814Z,aggregation,full,a42d74844cf7,200,12.63854
2026-09-17T03:38:45.797121507Z,aggregation,full,a42d74844cf7,200,14.135139
2026-09-17T03:38:45.855932062Z,aggregation,full,a42d74844cf7,200,12.329033
2026-09-17T03:38:45.922911884Z,aggregation,full,a42d74844cf7,200,19.12981
2026-09-17T03:38:45.978793773Z,aggregation,full,a42d74844cf7,200,15.155733
2026-09-17T03:38:46.037222947Z,aggregation,full,a42d74844cf7,200,13.991689
2026-09-17T03:38:46.100046367Z,aggregation,full,a42d74844cf7,200,17.046574
2026-09-17T03:38:46.157571584Z,aggregation,full,a42d74844cf7,200,14.001359
2026-09-17T03:38:46.219912051Z,aggregation,full,a42d74844cf7,200,16.398333
2026-09-17T03:38:46.278224856Z,aggregation,full,a42d74844cf7,200,14.62602
2026-09-17T03:38:46.341493759Z,aggregation,full,a42d74844cf7,200,17.546761
2026-09-17T03:38:46.4016908Z,aggregation,full,a42d74844cf7,200,18.574711
2026-09-17T03:38:46.456192649Z,aggregation,full,a42d74844cf7,200,12.743803
2026-09-17T03:38:46.523639846Z,aggregation,full,a42d74844cf7,200,20.457632
2026-09-17T03:38:46.576777925Z,aggregation,full,a42d74844cf7,200,13.446145
2026-09-17T03:38:46.638924397Z,aggregation,full,a42d74844cf7,200,15.215063
2026-09-17T03:38:46.697954883Z,aggregation,full,a42d74844cf7,200,14.534283
2026-09-17T03:38:46.75602033Z,aggregation,full,a42d74844cf7,200,12.486205
2026-09-17T03:38:46.818017961Z,aggregation,full,a42d74844cf7,200,14.141981
2026-09-17T03:38:46.877295926Z,aggregation,full,a42d74844cf7,200,13.465835
2026-09-17T03:38:46.937843398Z,aggregation,full,a42d74844cf7,200,14.753184
2026-09-17T03:38:46.997840579Z,aggregation,full,a42d74844cf7,200,14.441906
2026-09-17T03:38:47.056698543Z,aggregation,full,a42d74844cf7,200,13.276416
2026-09-17T03:38:47.121841772Z,aggregation,full,a42d74844cf7,200,18.461938
2026-09-17T03:38:47.177376105Z,aggregation,full,a42d74844cf7,200,13.743644
2026-09-17T03:38:47.235421421Z,aggregation,full,a42d74844cf7,200,12.439426
2026-09-17T03:38:47.296941921Z,aggregation,full,a42d74844cf7,200,13.790688
2026-09-17T03:38:47.356250699Z,aggregation,full,a42d74844cf7,200,12.664863
2026-09-17T03:38:47.418920853Z,aggregation,full,a42d74844cf7,200,15.985618
2026-09-17T03:38:47.476591731Z,aggregation,full,a42d74844cf7,200,13.40093
2026-09-17T03:38:47.538695806Z,aggregation,full,a42d74844cf7,200,15.02693
2026-09-17T03:38:47.596210861Z,aggregation,full,a42d74844cf7,200,12.888598
2026-09-17T03:38:47.655436908Z,aggregation,full,a42d74844cf7,200,12.634488
2026-09-17T03:38:47.720572678Z,aggregation,full,a42d74844cf7,200,17.416444
2026-09-17T03:38:47.778076269Z,aggregation,full,a42d74844cf7,200,14.610307
2026-09-17T03:38:47.83644437Z,aggregation,full,a42d74844cf7,200,12.814626
2026-09-17T03:38:47.896671848Z,aggregation,full,a42d74844cf7,200,13.613449
2026-09-17T03:38:47.956460775Z,aggregation,full,a42d74844cf7,200,13.469807
2026-09-17T03:38:48.017610584Z,aggregation,full,a42d74844cf7,200,14.49201
2026-09-17T03:38:48.07766778Z,aggregation,full,a42d74844cf7,200,14.450543
2026-09-17T03:38:48.135958146Z,aggregation,full,a42d74844cf7,200,12.753044
2026-09-17T03:38:48.19750731Z,aggregation,full,a42d74844cf7,200,14.005264
2026-09-17T03:38:48.256009303Z,aggregation,full,a42d74844cf7,200,13.031173
2026-09-17T03:38:48.329826703Z,aggregation,full,a42d74844cf7,200,26.270102
2026-09-17T03:38:48.377110684Z,aggregation,full,a42d74844cf7,200,14.116168
2026-09-17T03:38:48.435800825Z,aggregation,full,a42d74844cf7,200,12.029939
2026-09-17T03:38:48.537873466Z,aggregation,full,a42d74844cf7,200,54.412298
2026-09-17T03:38:48.590125492Z,aggregation,full,a42d74844cf7,200,46.763574
2026-09-17T03:38:48.629166056Z,aggregation,full,a42d74844cf7,200,26.143351
2026-09-17T03:38:48.677132522Z,aggregation,full,a42d74844cf7,200,14.218027
2026-09-17T03:38:48.737683363Z,aggregation,full,a42d74844cf7,200,16.743903
2026-09-17T03:38:48.796106804Z,aggregation,full,a42d74844cf7,200,14.812983
2026-09-17T03:38:48.860798376Z,aggregation,full,a42d74844cf7,200,18.791834
2026-09-17T03:38:48.915699716Z,aggregation,full,a42d74844cf7,200,14.267041
2026-09-17T03:38:48.97755609Z,aggregation,full,a42d74844cf7,200,16.23147
2026-09-17T03:38:49.035060376Z,aggregation,full,a42d74844cf7,200,13.847352
2026-09-17T03:38:49.097625553Z,aggregation,full,a42d74844cf7,200,16.014094
2026-09-17T03:38:49.15625935Z,aggregation,full,a42d74844cf7,200,14.628627
2026-09-17T03:38:49.220868358Z,aggregation,full,a42d74844cf7,200,19.013397
2026-09-17T03:38:49.274660999Z,aggregation,full,a42d74844cf7,200,13.134109
2026-09-17T03:38:49.339593813Z,aggregation,full,a42d74844cf7,200,18.21073
2026-09-17T03:38:49.399426899Z,aggregation,full,a42d74844cf7,200,18.212729
2026-09-17T03:38:49.455764173Z,aggregation,full,a42d74844cf7,200,14.388996
2026-09-17T03:38:49.528438126Z,aggregation,full,a42d74844cf7,200,26.651453
2026-09-17T03:38:49.574908231Z,aggregation,full,a42d74844cf7,200,13.425156
2026-09-17T03:38:49.635189152Z,aggregation,full,a42d74844cf7,200,13.700198
2026-09-17T03:38:49.695277699Z,aggregation,full,a42d74844cf7,200,14.333915
2026-09-17T03:38:49.754767984Z,aggregation,full,a42d74844cf7,200,12.886592
2026-09-17T03:38:49.822530632Z,aggregation,full,a42d74844cf7,200,20.820418
2026-09-17T03:38:49.875209674Z,aggregation,full,a42d74844cf7,200,13.881931
2026-09-17T03:38:49.934595266Z,aggregation,full,a42d74844cf7,200,13.573919
2026-09-17T03:38:50.004870108Z,aggregation,full,a42d74844cf7,200,23.598031
2026-09-17T03:38:50.055129569Z,aggregation,full,a42d74844cf7,200,13.680542
2026-09-17T03:38:50.122109338Z,aggregation,full,a42d74844cf7,200,20.181204
2026-09-17T03:38:50.176756931Z,aggregation,full,a42d74844cf7,200,14.6964
2026-09-17T03:38:50.234147096Z,aggregation,full,a42d74844cf7,200,12.897079
2026-09-17T03:38:50.296445627Z,aggregation,full,a42d74844cf7,200,15.499366
2026-09-17T03:38:50.354416188Z,aggregation,full,a42d74844cf7,200,13.493718
2026-09-17T03:38:50.420285452Z,aggregation,full,a42d74844cf7,200,19.124238
2026-09-17T03:38:50.477068531Z,aggregation,full,a42d74844cf7,200,15.189622
2026-09-17T03:38:50.535066228Z,aggregation,full,a42d74844cf7,200,13.972651
2026-09-17T03:38:50.594311457Z,aggregation,full,a42d74844cf7,200,12.438493
2026-09-17T03:38:50.654898968Z,aggregation,full,a42d74844cf7,200,14.057374
2026-09-17T03:38:50.722081944Z,aggregation,full,a42d74844cf7,200,20.276742
2026-09-17T03:38:50.775882725Z,aggregation,full,a42d74844cf7,200,14.009293
2026-09-17T03:38:50.834873946Z,aggregation,full,a42d74844cf7,200,13.26803
2026-09-17T03:38:50.895352708Z,aggregation,full,a42d74844cf7,200,13.757009
2026-09-17T03:38:50.954449568Z,aggregation,full,a42d74844cf7,200,13.692744
2026-09-17T03:38:51.023811313Z,aggregation,full,a42d74844cf7,200,22.710167
2026-09-17T03:38:51.074998032Z,aggregation,full,a42d74844cf7,200,13.210498
2026-09-17T03:38:51.138439605Z,aggregation,full,a42d74844cf7,200,16.740382
2026-09-17T03:38:51.194916064Z,aggregation,full,a42d74844cf7,200,13.912466
2026-09-17T03:38:51.255073751Z,aggregation,full,a42d74844cf7,200,13.620661
2026-09-17T03:38:51.319174896Z,aggregation,full,a42d74844cf7,200,18.252134
2026-09-17T03:38:51.375573563Z,aggregation,full,a42d74844cf7,200,14.459699
2026-09-17T03:38:51.435297125Z,aggregation,full,a42d74844cf7,200,14.259953
2026-09-17T03:38:51.495659426Z,aggregation,full,a42d74844cf7,200,14.628669
2026-09-17T03:38:51.555038992Z,aggregation,full,a42d74844cf7,200,13.901633
2026-09-17T03:38:51.618265051Z,aggregation,full,a42d74844cf7,200,16.738003
2026-09-17T03:38:51.674924152Z,aggregation,full,a42d74844cf7,200,13.901977
2026-09-17T03:38:51.734370131Z,aggregation,full,a42d74844cf7,200,12.919259
2026-09-17T03:38:51.79430808Z,aggregation,full,a42d74844cf7,200,13.168031
2026-09-17T03:38:51.853743625Z,aggregation,full,a42d74844cf7,200,12.93809
2026-09-17T03:38:51.916900369Z,aggregation,full,a42d74844cf7,200,15.456419
2026-09-17T03:38:51.973378319Z,aggregation,full,a42d74844cf7,200,11.879856
2026-09-17T03:38:52.034724524Z,aggregation,full,a42d74844cf7,200,13.769434
2026-09-17T03:38:52.095833084Z,aggregation,full,a42d74844cf7,200,14.469079
2026-09-17T03:38:52.155907498Z,aggregation,full,a42d74844cf7,200,14.292496
2026-09-17T03:38:52.218208996Z,aggregation,full,a42d74844cf7,200,16.554797
2026-09-17T03:38:52.274775446Z,aggregation,full,a42d74844cf7,200,13.95436
2026-09-17T03:38:52.335029663Z,aggregation,full,a42d74844cf7,200,13.436571
2026-09-17T03:38:52.395790785Z,aggregation,full,a42d74844cf7,200,14.13172
2026-09-17T03:38:52.456012194Z,aggregation,full,a42d74844cf7,200,14.449558
2026-09-17T03:38:52.51685348Z,aggregation,full,a42d74844cf7,200,15.84839
2026-09-17T03:38:52.574881873Z,aggregation,full,a42d74844cf7,200,13.42492
2026-09-17T03:38:52.636457376Z,aggregation,full,a42d74844cf7,200,14.745098
2026-09-17T03:38:52.696530721Z,aggregation,full,a42d74844cf7,200,15.31577
2026-09-17T03:38:52.754843909Z,aggregation,full,a42d74844cf7,200,13.848003
2026-09-17T03:38:52.818039904Z,aggregation,full,a42d74844cf7,200,16.529269
2026-09-17T03:38:52.875723123Z,aggregation,full,a42d74844cf7,200,13.998004
2026-09-17T03:38:52.934444279Z,aggregation,full,a42d74844cf7,200,13.178322
2026-09-17T03:38:52.996060325Z,aggregation,full,a42d74844cf7,200,14.819476
2026-09-17T03:38:53.054853182Z,aggregation,full,a42d74844cf7,200,13.220912
2026-09-17T03:38:53.118725711Z,aggregation,full,a42d74844cf7,200,17.241169
2026-09-17T03:38:53.175191858Z,aggregation,full,a42d74844cf7,200,13.6357
2026-09-17T03:38:53.235014679Z,aggregation,full,a42d74844cf7,200,14.110808
2026-09-17T03:38:53.296035551Z,aggregation,full,a42d74844cf7,200,14.500709
2026-09-17T03:38:53.354443253Z,aggregation,full,a42d74844cf7,200,13.654923
2026-09-17T03:38:53.418487726Z,aggregation,full,a42d74844cf7,200,17.238897
2026-09-17T03:38:53.475179852Z,aggregation,full,a42d74844cf7,200,13.995133
2026-09-17T03:38:53.536692463Z,aggregation,full,a42d74844cf7,200,15.650076
2026-09-17T03:38:53.596026775Z,aggregation,full,a42d74844cf7,200,13.584321
2026-09-17T03:38:53.654280601Z,aggregation,full,a42d74844cf7,200,13.398433
2026-09-17T03:38:53.718830352Z,aggregation,full,a42d74844cf7,200,17.86254
2026-09-17T03:38:53.77606224Z,aggregation,full,a42d74844cf7,200,14.292508
2026-09-17T03:38:53.836982107Z,aggregation,full,a42d74844cf7,200,15.262665
2026-09-17T03:38:53.895122179Z,aggregation,full,a42d74844cf7,200,14.143799
2026-09-17T03:38:53.954859194Z,aggregation,full,a42d74844cf7,200,13.104235
2026-09-17T03:38:54.022374909Z,aggregation,full,a42d74844cf7,200,20.859302
2026-09-17T03:38:54.075284803Z,aggregation,full,a42d74844cf7,200,14.257286
2026-09-17T03:38:54.13452883Z,aggregation,full,a42d74844cf7,200,13.673113
2026-09-17T03:38:54.196253539Z,aggregation,full,a42d74844cf7,200,14.906882
2026-09-17T03:38:54.254750136Z,aggregation,full,a42d74844cf7,200,13.975578
2026-09-17T03:38:54.318554477Z,aggregation,full,a42d74844cf7,200,17.082036
2026-09-17T03:38:54.374686576Z,aggregation,full,a42d74844cf7,200,13.189852
2026-09-17T03:38:54.43650163Z,aggregation,full,a42d74844cf7,200,14.991162
2026-09-17T03:38:54.502483434Z,aggregation,full,a42d74844cf7,200,21.47654
2026-09-17T03:38:54.556556999Z,aggregation,full,a42d74844cf7,200,15.130028
2026-09-17T03:38:54.62264403Z,aggregation,full,a42d74844cf7,200,21.156027
2026-09-17T03:38:54.673988596Z,aggregation,full,a42d74844cf7,200,12.508805
2026-09-17T03:38:54.735122301Z,aggregation,full,a42d74844cf7,200,13.298558
2026-09-17T03:38:54.795693886Z,aggregation,full,a42d74844cf7,200,14.708843
2026-09-17T03:38:54.854206558Z,aggregation,full,a42d74844cf7,200,13.104645
2026-09-17T03:38:54.91847523Z,aggregation,full,a42d74844cf7,200,17.450059
2026-09-17T03:38:54.974482762Z,aggregation,full,a42d74844cf7,200,13.209111
2026-09-17T03:38:55.040792553Z,aggregation,full,a42d74844cf7,200,19.476557
2026-09-17T03:38:55.097833792Z,aggregation,full,a42d74844cf7,200,16.19115
2026-09-17T03:38:55.155949767Z,aggregation,full,a42d74844cf7,200,14.597394
2026-09-17T03:38:55.220995409Z,aggregation,full,a42d74844cf7,200,19.338183
2026-09-17T03:38:55.275646098Z,aggregation,full,a42d74844cf7,200,14.631706
2026-09-17T03:38:55.3353164Z,aggregation,full,a42d74844cf7,200,13.81056
2026-09-17T03:38:55.394415792Z,aggregation,full,a42d74844cf7,200,13.285307
2026-09-17T03:38:55.453899381Z,aggregation,full,a42d74844cf7,200,12.947558
2026-09-17T03:38:55.518800758Z,aggregation,full,a42d74844cf7,200,17.288231
2026-09-17T03:38:55.575649928Z,aggregation,full,a42d74844cf7,200,14.134804
2026-09-17T03:38:55.635521107Z,aggregation,full,a42d74844cf7,200,14.26441
2026-09-17T03:38:55.696316709Z,aggregation,full,a42d74844cf7,200,15.077947
2026-09-17T03:38:55.757959518Z,aggregation,full,a42d74844cf7,200,16.165465
2026-09-17T03:38:55.819276951Z,aggregation,full,a42d74844cf7,200,17.473419
2026-09-17T03:38:55.874445136Z,aggregation,full,a42d74844cf7,200,13.427991
2026-09-17T03:38:55.935278981Z,aggregation,full,a42d74844cf7,200,13.951429
2026-09-17T03:38:55.996340403Z,aggregation,full,a42d74844cf7,200,15.333906
2026-09-17T03:38:56.055710229Z,aggregation,full,a42d74844cf7,200,13.921831
2026-09-17T03:38:56.117819462Z,aggregation,full,a42d74844cf7,200,16.307326
2026-09-17T03:38:56.17878172Z,aggregation,full,a42d74844cf7,200,17.171833
2026-09-17T03:38:56.244141407Z,aggregation,full,a42d74844cf7,200,22.7389
2026-09-17T03:38:56.296639901Z,aggregation,full,a42d74844cf7,200,15.099524
2026-09-17T03:38:56.354527137Z,aggregation,full,a42d74844cf7,200,13.519615
2026-09-17T03:38:56.419597643Z,aggregation,full,a42d74844cf7,200,18.225295
2026-09-17T03:38:56.474388578Z,aggregation,full,a42d74844cf7,200,13.004423
2026-09-17T03:38:56.535577977Z,aggregation,full,a42d74844cf7,200,14.277201
2026-09-17T03:38:56.595284084Z,aggregation,full,a42d74844cf7,200,14.233848
2026-09-17T03:38:56.65402742Z,aggregation,full,a42d74844cf7,200,13.246179
2026-09-17T03:38:56.721012371Z,aggregation,full,a42d74844cf7,200,19.257399
2026-09-17T03:38:56.775891912Z,aggregation,full,a42d74844cf7,200,14.09785
2026-09-17T03:38:56.837598192Z,aggregation,full,a42d74844cf7,200,16.078515
2026-09-17T03:38:56.896364885Z,aggregation,full,a42d74844cf7,200,15.315405
2026-09-17T03:38:56.955795906Z,aggregation,full,a42d74844cf7,200,14.882886
2026-09-17T03:38:57.023039688Z,aggregation,full,a42d74844cf7,200,21.692936
2026-09-17T03:38:57.075048717Z,aggregation,full,a42d74844cf7,200,13.694927
2026-09-17T03:38:57.135673521Z,aggregation,full,a42d74844cf7,200,13.783671
2026-09-17T03:38:57.195279616Z,aggregation,full,a42d74844cf7,200,13.94571
2026-09-17T03:38:57.255541978Z,aggregation,full,a42d74844cf7,200,14.75985
2026-09-17T03:38:57.321583744Z,aggregation,full,a42d74844cf7,200,20.599218
2026-09-17T03:38:57.376418131Z,aggregation,full,a42d74844cf7,200,15.066028
2026-09-17T03:38:57.437618095Z,aggregation,full,a42d74844cf7,200,16.475837
2026-09-17T03:38:57.494978463Z,aggregation,full,a42d74844cf7,200,13.548152
2026-09-17T03:38:57.554921887Z,aggregation,full,a42d74844cf7,200,13.393371
2026-09-17T03:38:57.61853662Z,aggregation,full,a42d74844cf7,200,16.7909
2026-09-17T03:38:57.673863157Z,aggregation,full,a42d74844cf7,200,12.518223
2026-09-17T03:38:57.735482135Z,aggregation,full,a42d74844cf7,200,13.907885
2026-09-17T03:38:57.795137214Z,aggregation,full,a42d74844cf7,200,13.885023
2026-09-17T03:38:57.855409933Z,aggregation,full,a42d74844cf7,200,13.632952
2026-09-17T03:38:57.918120229Z,aggregation,full,a42d74844cf7,200,16.864411
2026-09-17T03:38:57.975179556Z,aggregation,full,a42d74844cf7,200,13.327148
2026-09-17T03:38:58.034711847Z,aggregation,full,a42d74844cf7,200,13.84104
2026-09-17T03:38:58.096012458Z,aggregation,full,a42d74844cf7,200,14.777266
2026-09-17T03:38:58.155512774Z,aggregation,full,a42d74844cf7,200,13.935549
2026-09-17T03:38:58.21858993Z,aggregation,full,a42d74844cf7,200,17.430262
2026-09-17T03:38:58.280175755Z,aggregation,full,a42d74844cf7,200,18.90016
2026-09-17T03:38:58.339108544Z,aggregation,full,a42d74844cf7,200,17.248955
2026-09-17T03:38:58.398416505Z,aggregation,full,a42d74844cf7,200,16.632555
2026-09-17T03:38:58.455495856Z,aggregation,full,a42d74844cf7,200,14.593022
2026-09-17T03:38:58.517468867Z,aggregation,full,a42d74844cf7,200,15.882262
2026-09-17T03:38:58.575241598Z,aggregation,full,a42d74844cf7,200,14.179078
2026-09-17T03:38:58.635550819Z,aggregation,full,a42d74844cf7,200,14.530806
2026-09-17T03:38:58.696337775Z,aggregation,full,a42d74844cf7,200,15.20222
2026-09-17T03:38:58.754348166Z,aggregation,full,a42d74844cf7,200,13.552318
2026-09-17T03:38:58.817546262Z,aggregation,full,a42d74844cf7,200,16.551669
2026-09-17T03:38:58.87504471Z,aggregation,full,a42d74844cf7,200,13.785072
2026-09-17T03:38:58.940513044Z,aggregation,full,a42d74844cf7,200,18.858976
2026-09-17T03:38:58.999342396Z,aggregation,full,a42d74844cf7,200,18.194842
2026-09-17T03:38:59.055028164Z,aggregation,full,a42d74844cf7,200,14.173269
2026-09-17T03:38:59.123374156Z,aggregation,full,a42d74844cf7,200,21.552865
2026-09-17T03:38:59.176461504Z,aggregation,full,a42d74844cf7,200,15.363475
2026-09-17T03:38:59.234952647Z,aggregation,full,a42d74844cf7,200,13.692528
2026-09-17T03:38:59.298150632Z,aggregation,full,a42d74844cf7,200,16.596373
2026-09-17T03:38:59.354465496Z,aggregation,full,a42d74844cf7,200,12.706374
2026-09-17T03:38:59.419464183Z,aggregation,full,a42d74844cf7,200,18.338855
2026-09-17T03:38:59.475279731Z,aggregation,full,a42d74844cf7,200,14.215871
2026-09-17T03:38:59.534690429Z,aggregation,full,a42d74844cf7,200,13.490241
2026-09-17T03:38:59.598091061Z,aggregation,full,a42d74844cf7,200,16.493334
2026-09-17T03:38:59.653993598Z,aggregation,full,a42d74844cf7,200,12.265032
2026-09-17T03:38:59.71962528Z,aggregation,full,a42d74844cf7,200,17.729024
2026-09-17T03:38:59.775861082Z,aggregation,full,a42d74844cf7,200,14.576831
2026-09-17T03:38:59.835799772Z,aggregation,full,a42d74844cf7,200,14.230226
2026-09-17T03:38:59.895047538Z,aggregation,full,a42d74844cf7,200,13.579909
2026-09-17T03:38:59.954998566Z,aggregation,full,a42d74844cf7,200,13.24169
2026-09-17T03:39:00.02200719Z,aggregation,full,a42d74844cf7,200,21.086173
2026-09-17T03:39:00.0753059Z,aggregation,full,a42d74844cf7,200,13.556388
2026-09-17T03:39:00.135188946Z,aggregation,full,a42d74844cf7,200,14.21062
2026-09-17T03:39:00.194485411Z,aggregation,full,a42d74844cf7,200,12.590418
2026-09-17T03:39:00.254651936Z,aggregation,full,a42d74844cf7,200,13.686437
2026-09-17T03:39:00.318974293Z,aggregation,full,a42d74844cf7,200,17.480476
2026-09-17T03:39:00.37631037Z,aggregation,full,a42d74844cf7,200,14.704472
2026-09-17T03:39:00.435784347Z,aggregation,full,a42d74844cf7,200,14.031405
2026-09-17T03:39:00.49603011Z,aggregation,full,a42d74844cf7,200,14.535782
2026-09-17T03:39:00.555805752Z,aggregation,full,a42d74844cf7,200,14.079689
2026-09-17T03:39:00.616987185Z,aggregation,full,a42d74844cf7,200,15.499844
2026-09-17T03:39:00.674677436Z,aggregation,full,a42d74844cf7,200,12.937423
2026-09-17T03:39:00.735195484Z,aggregation,full,a42d74844cf7,200,13.889299
2026-09-17T03:39:00.797063121Z,aggregation,full,a42d74844cf7,200,16.205841
2026-09-17T03:39:00.854044359Z,aggregation,full,a42d74844cf7,200,12.278448
2026-09-17T03:39:00.920704229Z,aggregation,full,a42d74844cf7,200,18.991008
2026-09-17T03:39:00.974454971Z,aggregation,full,a42d74844cf7,200,12.882378
2026-09-17T03:39:01.035577978Z,aggregation,full,a42d74844cf7,200,14.479932
2026-09-17T03:39:01.103219558Z,aggregation,full,a42d74844cf7,200,21.824551
2026-09-17T03:39:01.154986323Z,aggregation,full,a42d74844cf7,200,13.16237
2026-09-17T03:39:01.219796494Z,aggregation,full,a42d74844cf7,200,18.070108
2026-09-17T03:39:01.276877465Z,aggregation,full,a42d74844cf7,200,15.067275
2026-09-17T03:39:01.336579528Z,aggregation,full,a42d74844cf7,200,14.983579
2026-09-17T03:39:01.395075676Z,aggregation,full,a42d74844cf7,200,13.506833
2026-09-17T03:39:01.455006648Z,aggregation,full,a42d74844cf7,200,13.390583
2026-09-17T03:39:01.516825772Z,aggregation,full,a42d74844cf7,200,15.972153
2026-09-17T03:39:01.576016358Z,aggregation,full,a42d74844cf7,200,14.257848
2026-09-17T03:39:01.635686692Z,aggregation,full,a42d74844cf7,200,14.002694
2026-09-17T03:39:01.695271274Z,aggregation,full,a42d74844cf7,200,13.904245
2026-09-17T03:39:01.754218016Z,aggregation,full,a42d74844cf7,200,13.409315
2026-09-17T03:39:01.819407193Z,aggregation,full,a42d74844cf7,200,18.496806
2026-09-17T03:39:01.875225997Z,aggregation,full,a42d74844cf7,200,14.126335
2026-09-17T03:39:01.935098353Z,aggregation,full,a42d74844cf7,200,13.835006
2026-09-17T03:39:01.996649904Z,aggregation,full,a42d74844cf7,200,14.714845
2026-09-17T03:39:02.055604482Z,aggregation,full,a42d74844cf7,200,14.286656
2026-09-17T03:39:02.119342211Z,aggregation,full,a42d74844cf7,200,18.075222
2026-09-17T03:39:02.175089914Z,aggregation,full,a42d74844cf7,200,13.756904
2026-09-17T03:39:02.236349282Z,aggregation,full,a42d74844cf7,200,14.590372
2026-09-17T03:39:02.296103433Z,aggregation,full,a42d74844cf7,200,15.13698
2026-09-17T03:39:02.353973197Z,aggregation,full,a42d74844cf7,200,12.190261
2026-09-17T03:39:02.418393067Z,aggregation,full,a42d74844cf7,200,17.362434
2026-09-17T03:39:02.476542794Z,aggregation,full,a42d74844cf7,200,15.476469
2026-09-17T03:39:02.537191003Z,aggregation,full,a42d74844cf7,200,15.599183
2026-09-17T03:39:02.592954496Z,aggregation,full,a42d74844cf7,200,12.126841
2026-09-17T03:39:02.656105448Z,aggregation,full,a42d74844cf7,200,14.308098
2026-09-17T03:39:02.719823166Z,aggregation,full,a42d74844cf7,200,17.998456
2026-09-17T03:39:02.775265474Z,aggregation,full,a42d74844cf7,200,13.817369
2026-09-17T03:39:02.834837316Z,aggregation,full,a42d74844cf7,200,14.000555
2026-09-17T03:39:02.894697911Z,aggregation,full,a42d74844cf7,200,13.183747
2026-09-17T03:39:02.954187186Z,aggregation,full,a42d74844cf7,200,12.828927
2026-09-17T03:39:03.019254483Z,aggregation,full,a42d74844cf7,200,17.456632
2026-09-17T03:39:03.074894672Z,aggregation,full,a42d74844cf7,200,13.94845
2026-09-17T03:39:03.135356982Z,aggregation,full,a42d74844cf7,200,13.747563
2026-09-17T03:39:03.194872509Z,aggregation,full,a42d74844cf7,200,13.83267
2026-09-17T03:39:03.255406408Z,aggregation,full,a42d74844cf7,200,13.929571
2026-09-17T03:39:03.317978693Z,aggregation,full,a42d74844cf7,200,16.750015
2026-09-17T03:39:03.376803905Z,aggregation,full,a42d74844cf7,200,15.063743
2026-09-17T03:39:03.434770748Z,aggregation,full,a42d74844cf7,200,13.301909
2026-09-17T03:39:03.496106622Z,aggregation,full,a42d74844cf7,200,14.4491
2026-09-17T03:39:03.570109097Z,aggregation,full,a42d74844cf7,200,28.398174
2026-09-17T03:39:03.620323522Z,aggregation,full,a42d74844cf7,200,18.459108
2026-09-17T03:39:03.674640837Z,aggregation,full,a42d74844cf7,200,13.549652
2026-09-17T03:39:03.732851951Z,aggregation,full,a42d74844cf7,200,11.482591
2026-09-17T03:39:03.795931375Z,aggregation,full,a42d74844cf7,200,14.413152
2026-09-17T03:39:03.854734628Z,aggregation,full,a42d74844cf7,200,12.990819
2026-09-17T03:39:03.917889328Z,aggregation,full,a42d74844cf7,200,16.432769
2026-09-17T03:39:03.975557588Z,aggregation,full,a42d74844cf7,200,14.026661
2026-09-17T03:39:04.036888668Z,aggregation,full,a42d74844cf7,200,15.512963
2026-09-17T03:39:04.095318811Z,aggregation,full,a42d74844cf7,200,13.778595
2026-09-17T03:39:04.15448026Z,aggregation,full,a42d74844cf7,200,13.69621
2026-09-17T03:39:04.220223776Z,aggregation,full,a42d74844cf7,200,19.064838
2026-09-17T03:39:04.274845267Z,aggregation,full,a42d74844cf7,200,13.94848
2026-09-17T03:39:04.336213631Z,aggregation,full,a42d74844cf7,200,14.781143
2026-09-17T03:39:04.395106052Z,aggregation,full,a42d74844cf7,200,13.314542
2026-09-17T03:39:04.454123243Z,aggregation,full,a42d74844cf7,200,12.212471
