timestamp,endpoint,deployment,instance,status,response_time_ms
2026-09-17T05:25:10.405709664Z,search,scaled,660681595a5e,200,18.605654
2026-09-17T05:25:10.458538083Z,search,scaled,348cd506525f,200,12.158111
2026-09-17T05:25:10.518822823Z,search,scaled,660681595a5e,200,12.01599
2026-09-17T05:25:10.579664352Z,search,scaled,a1cb37b7da6b,200,12.431189
2026-09-17T05:25:10.63789426Z,search,scaled,660681595a5e,200,11.02764
2026-09-17T05:25:10.698225908Z,search,scaled,a1cb37b7da6b,200,11.154372
2026-09-17T05:25:10.757622519Z,search,scaled,348cd506525f,200,10.951748
2026-09-17T05:25:10.819125063Z,search,scaled,a1cb37b7da6b,200,12.139188
2026-09-17T05:25:10.877847448Z,search,scaled,348cd506525f,200,11.050415
2026-09-17T05:25:10.938708176Z,search,scaled,660681595a5e,200,11.660525
2026-09-17T05:25:10.996376811Z,search,scaled,348cd506525f,200,10.033735
2026-09-17T05:25:11.057309145Z,search,scaled,660681595a5e,200,10.70463
2026-09-17T05:25:11.117196659Z,search,scaled,a1cb37b7da6b,200,10.579698
2026-09-17T05:25:11.177561325Z,search,scaled,660681595a5e,200,10.8484
2026-09-17T05:25:11.238001703Z,search,scaled,a1cb37b7da6b,200,11.606616
2026-09-17T05:25:11.297115019Z,search,scaled,348cd506525f,200,11.282979
2026-09-17T05:25:11.357371528Z,search,scaled,a1cb37b7da6b,200,10.437753
2026-09-17T05:25:11.418180824Z,search,scaled,348cd506525f,200,11.199433
2026-09-17T05:25:11.477845023Z,search,scaled,660681595a5e,200,11.012392
2026-09-17T05:25:11.539580861Z,search,scaled,348cd506525f,200,12.638551
2026-09-17T05:25:11.593339193Z,search,scaled,660681595a5e,200,11.245757
2026-09-17T05:25:11.653922384Z,search,scaled,a1cb37b7da6b,200,12.000358
2026-09-17T05:25:11.713984995Z,search,scaled,660681595a5e,200,11.535151
2026-09-17T05:25:11.77233186Z,search,scaled,a1cb37b7da6b,200,10.936107
2026-09-17T05:25:11.834835251Z,search,scaled,348cd506525f,200,12.723046
2026-09-17T05:25:11.894635189Z,search,scaled,a1cb37b7da6b,200,12.244995
2026-09-17T05:25:11.955178297Z,search,scaled,348cd506525f,200,12.990424
2026-09-17T05:25:12.013083953Z,search,scaled,660681595a5e,200,11.29318
2026-09-17T05:25:12.072894469Z,search,scaled,348cd506525f,200,11.235693
2026-09-17T05:25:12.132814257Z,search,scaled,660681595a5e,200,11.275304
2026-09-17T05:25:12.193001412Z,search,scaled,a1cb37b7da6b,200,10.772001
2026-09-17T05:25:12.253245843Z,search,scaled,660681595a5e,200,11.79467
2026-09-17T05:25:12.312746342Z,search,scaled,a1cb37b7da6b,200,10.901809
2026-09-17T05:25:12.373686608Z,search,scaled,348cd506525f,200,11.327667
2026-09-17T05:25:12.433688362Z,search,scaled,a1cb37b7da6b,200,11.34525
2026-09-17T05:25:12.493560427Z,search,scaled,348cd506525f,200,11.311436
2026-09-17T05:25:12.552758356Z,search,scaled,660681595a5e,200,10.689625
2026-09-17T05:25:12.612848406Z,search,scaled,348cd506525f,200,10.45204
2026-09-17T05:25:12.673114197Z,search,scaled,660681595a5e,200,11.461616
2026-09-17T05:25:12.732810039Z,search,scaled,a1cb37b7da6b,200,11.236791
2026-09-17T05:25:12.793077651Z,search,scaled,660681595a5e,200,10.591969
2026-09-17T05:25:12.853377074Z,search,scaled,a1cb37b7da6b,200,11.82555
2026-09-17T05:25:12.916068707Z,search,scaled,348cd506525f,200,13.92224
2026-09-17T05:25:12.978348534Z,search,scaled,a1cb37b7da6b,200,16.751771
2026-09-17T05:25:13.034986001Z,search,scaled,348cd506525f,200,13.079375
2026-09-17T05:25:13.093657276Z,search,scaled,660681595a5e,200,12.036985
2026-09-17T05:25:13.154044844Z,search,scaled,348cd506525f,200,11.691722
2026-09-17T05:25:13.214537861Z,search,scaled,660681595a5e,200,12.753703
2026-09-17T05:25:13.273751662Z,search,scaled,a1cb37b7da6b,200,11.37437
2026-09-17T05:25:13.336113243Z,search,scaled,660681595a5e,200,13.768291
2026-09-17T05:25:13.39376487Z,search,scaled,a1cb37b7da6b,200,11.923749
2026-09-17T05:25:13.454338101Z,search,scaled,348cd506525f,200,11.980891
2026-09-17T05:25:13.512783839Z,search,scaled,a1cb37b7da6b,200,10.962933
2026-09-17T05:25:13.573039391Z,search,scaled,348cd506525f,200,10.646073
2026-09-17T05:25:13.633069386Z,search,scaled,660681595a5e,200,11.308926
2026-09-17T05:25:13.693413672Z,search,scaled,348cd506525f,200,11.66581
2026-09-17T05:25:13.753316259Z,search,scaled,660681595a5e,200,11.213321
2026-09-17T05:25:13.814038311Z,search,scaled,a1cb37b7da6b,200,11.763526
2026-09-17T05:25:13.873278308Z,search,scaled,660681595a5e,200,11.299101
2026-09-17T05:25:13.932100308Z,search,scaled,a1cb37b7da6b,200,10.402692
2026-09-17T05:25:13.992736634Z,search,scaled,348cd506525f,200,11.015931
2026-09-17T05:25:14.053800347Z,search,scaled,a1cb37b7da6b,200,11.647048
2026-09-17T05:25:14.112110368Z,search,scaled,348cd506525f,200,10.702746
2026-09-17T05:25:14.172764685Z,search,scaled,660681595a5e,200,10.849705
2026-09-17T05:25:14.23204322Z,search,scaled,348cd506525f,200,10.578747
2026-09-17T05:25:14.292327038Z,search,scaled,660681595a5e,200,10.586615
2026-09-17T05:25:14.352847421Z,search,scaled,a1cb37b7da6b,200,10.91677
2026-09-17T05:25:14.413449043Z,search,scaled,660681595a5e,200,11.601515
2026-09-17T05:25:14.473292676Z,search,scaled,a1cb37b7da6b,200,11.21046
2026-09-17T05:25:14.534755908Z,search,scaled,348cd506525f,200,12.914253
2026-09-17T05:25:14.593250756Z,search,scaled,a1cb37b7da6b,200,10.635537
2026-09-17T05:25:14.654273561Z,search,scaled,348cd506525f,200,12.635965
2026-09-17T05:25:14.713015192Z,search,scaled,660681595a5e,200,11.087193
2026-09-17T05:25:14.772247563Z,search,scaled,348cd506525f,200,10.550756
2026-09-17T05:25:14.832791602Z,search,scaled,660681595a5e,200,10.786402
2026-09-17T05:25:14.892952237Z,search,scaled,a1cb37b7da6b,200,11.426495
2026-09-17T05:25:14.952179108Z,search,scaled,660681595a5e,200,10.556616
2026-09-17T05:25:15.012581618Z,search,scaled,a1cb37b7da6b,200,10.734123
2026-09-17T05:25:15.073702087Z,search,scaled,348cd506525f,200,11.625069
2026-09-17T05:25:15.133002233Z,search,scaled,a1cb37b7da6b,200,10.648912
2026-09-17T05:25:15.192218934Z,search,scaled,348cd506525f,200,10.922701
2026-09-17T05:25:15.252632565Z,search,scaled,660681595a5e,200,10.812903
2026-09-17T05:25:15.312471348Z,search,scaled,348cd506525f,200,11.133744
2026-09-17T05:25:15.37321286Z,search,scaled,660681595a5e,200,11.053208
2026-09-17T05:25:15.43374057Z,search,scaled,a1cb37b7da6b,200,11.954631
2026-09-17T05:25:15.492423584Z,search,scaled,660681595a5e,200,10.830884
2026-09-17T05:25:15.553771307Z,search,scaled,a1cb37b7da6b,200,11.581774
2026-09-17T05:25:15.613048342Z,search,scaled,348cd506525f,200,10.721347
2026-09-17T05:25:15.672695062Z,search,scaled,a1cb37b7da6b,200,10.827754
2026-09-17T05:25:15.732682754Z,search,scaled,348cd506525f,200,10.4712
2026-09-17T05:25:15.792965496Z,search,scaled,660681595a5e,200,10.747798
2026-09-17T05:25:15.853414291Z,search,scaled,348cd506525f,200,12.018936
2026-09-17T05:25:15.914224097Z,search,scaled,660681595a5e,200,12.183865
2026-09-17T05:25:15.972452397Z,search,scaled,a1cb37b7da6b,200,10.53102
2026-09-17T05:25:16.033953646Z,search,scaled,660681595a5e,200,11.808221
2026-09-17T05:25:16.09232832Z,search,scaled,a1cb37b7da6b,200,10.854606
2026-09-17T05:25:16.153002528Z,search,scaled,348cd506525f,200,11.111833
2026-09-17T05:25:16.212305366Z,search,scaled,a1cb37b7da6b,200,10.622701
2026-09-17T05:25:16.272928341Z,search,scaled,348cd506525f,200,11.015126
2026-09-17T05:25:16.333614084Z,search,scaled,660681595a5e,200,12.024759
2026-09-17T05:25:16.392142055Z,search,scaled,348cd506525f,200,10.74439
2026-09-17T05:25:16.45232641Z,search,scaled,660681595a5e,200,10.657843
2026-09-17T05:25:16.51288144Z,search,scaled,a1cb37b7da6b,200,10.820493
2026-09-17T05:25:16.574744769Z,search,scaled,660681595a5e,200,12.870112
2026-09-17T05:25:16.634544698Z,search,scaled,a1cb37b7da6b,200,12.297842
2026-09-17T05:25:16.693847884Z,search,scaled,348cd506525f,200,11.565093
2026-09-17T05:25:16.753547154Z,search,scaled,a1cb37b7da6b,200,11.224237
2026-09-17T05:25:16.812703835Z,search,scaled,348cd506525f,200,10.584447
2026-09-17T05:25:16.872149001Z,search,scaled,660681595a5e,200,10.604639
2026-09-17T05:25:16.932333366Z,search,scaled,348cd506525f,200,10.697974
2026-09-17T05:25:16.99232483Z,search,scaled,660681595a5e,200,10.600609
2026-09-17T05:25:17.054914166Z,search,scaled,a1cb37b7da6b,200,12.86365
2026-09-17T05:25:17.117925271Z,search,scaled,660681595a5e,200,16.385767
2026-09-17T05:25:17.17397332Z,search,scaled,a1cb37b7da6b,200,12.187307
2026-09-17T05:25:17.235056055Z,search,scaled,348cd506525f,200,13.424782
2026-09-17T05:25:17.293321792Z,search,scaled,a1cb37b7da6b,200,11.81606
2026-09-17T05:25:17.354960316Z,search,scaled,348cd506525f,200,12.678195
2026-09-17T05:25:17.413842464Z,search,scaled,660681595a5e,200,12.194055
2026-09-17T05:25:17.473815375Z,search,scaled,348cd506525f,200,12.081298
2026-09-17T05:25:17.5404811Z,search,scaled,660681595a5e,200,17.940746
2026-09-17T05:25:17.592338373Z,search,scaled,a1cb37b7da6b,200,10.952862
2026-09-17T05:25:17.653723469Z,search,scaled,660681595a5e,200,11.764406
2026-09-17T05:25:17.715517498Z,search,scaled,a1cb37b7da6b,200,13.146746
2026-09-17T05:25:17.773574346Z,search,scaled,348cd506525f,200,11.473477
2026-09-17T05:25:17.835684759Z,search,scaled,a1cb37b7da6b,200,13.46577
2026-09-17T05:25:17.892862445Z,search,scaled,348cd506525f,200,10.430659
2026-09-17T05:25:17.952842537Z,search,scaled,660681595a5e,200,11.159637
2026-09-17T05:25:18.012595753Z,search,scaled,348cd506525f,200,11.056258
2026-09-17T05:25:18.072935648Z,search,scaled,660681595a5e,200,10.660468
2026-09-17T05:25:18.133519017Z,search,scaled,a1cb37b7da6b,200,10.928626
2026-09-17T05:25:18.193288349Z,search,scaled,660681595a5e,200,11.257062
2026-09-17T05:25:18.252827241Z,search,scaled,a1cb37b7da6b,200,10.998665
2026-09-17T05:25:18.313051391Z,search,scaled,348cd506525f,200,10.649663
2026-09-17T05:25:18.374231517Z,search,scaled,a1cb37b7da6b,200,12.498851
2026-09-17T05:25:18.432740095Z,search,scaled,348cd506525f,200,11.06158
2026-09-17T05:25:18.492847947Z,search,scaled,660681595a5e,200,10.558897
2026-09-17T05:25:18.555470795Z,search,scaled,348cd506525f,200,13.085805
2026-09-17T05:25:18.614542945Z,search,scaled,660681595a5e,200,12.516996
2026-09-17T05:25:18.67335436Z,search,scaled,a1cb37b7da6b,200,11.277706
2026-09-17T05:25:18.732924404Z,search,scaled,660681595a5e,200,10.9191
2026-09-17T05:25:18.792136944Z,search,scaled,a1cb37b7da6b,200,10.653242
2026-09-17T05:25:18.851878475Z,search,scaled,348cd506525f,200,10.155244
2026-09-17T05:25:18.91169299Z,search,scaled,a1cb37b7da6b,200,10.257755
2026-09-17T05:25:18.97239894Z,search,scaled,348cd506525f,200,11.104472
2026-09-17T05:25:19.031560898Z,search,scaled,660681595a5e,200,10.597539
2026-09-17T05:25:19.092163061Z,search,scaled,348cd506525f,200,11.086001
2026-09-17T05:25:19.152167054Z,search,scaled,660681595a5e,200,11.436034
2026-09-17T05:25:19.213434272Z,search,scaled,a1cb37b7da6b,200,12.483895
2026-09-17T05:25:19.272278349Z,search,scaled,660681595a5e,200,11.055423
2026-09-17T05:25:19.332461304Z,search,scaled,a1cb37b7da6b,200,11.760236
2026-09-17T05:25:19.392435005Z,search,scaled,348cd506525f,200,11.636208
2026-09-17T05:25:19.452469842Z,search,scaled,a1cb37b7da6b,200,11.369332
2026-09-17T05:25:19.512394639Z,search,scaled,348cd506525f,200,10.902659
2026-09-17T05:25:19.57251026Z,search,scaled,660681595a5e,200,11.349749
2026-09-17T05:25:19.63169626Z,search,scaled,348cd506525f,200,10.659044
2026-09-17T05:25:19.693520625Z,search,scaled,660681595a5e,200,12.266361
2026-09-17T05:25:19.752801799Z,search,scaled,a1cb37b7da6b,200,11.636948
2026-09-17T05:25:19.814181386Z,search,scaled,660681595a5e,200,12.68128
2026-09-17T05:25:19.872249479Z,search,scaled,a1cb37b7da6b,200,11.270663
2026-09-17T05:25:19.93206369Z,search,scaled,348cd506525f,200,11.114663
2026-09-17T05:25:19.991887473Z,search,scaled,a1cb37b7da6b,200,11.244194
2026-09-17T05:25:20.053093236Z,search,scaled,348cd506525f,200,12.508207
2026-09-17T05:25:20.113210915Z,search,scaled,660681595a5e,200,12.414844
2026-09-17T05:25:20.172700715Z,search,scaled,348cd506525f,200,11.806735
2026-09-17T05:25:20.232435091Z,search,scaled,660681595a5e,200,11.14582
2026-09-17T05:25:20.29192926Z,search,scaled,a1cb37b7da6b,200,10.831529
2026-09-17T05:25:20.351925493Z,search,scaled,660681595a5e,200,11.488392
2026-09-17T05:25:20.412335603Z,search,scaled,a1cb37b7da6b,200,11.556357
2026-09-17T05:25:20.471703986Z,search,scaled,348cd506525f,200,10.486698
2026-09-17T05:25:20.532334251Z,search,scaled,a1cb37b7da6b,200,10.818561
2026-09-17T05:25:20.592484653Z,search,scaled,348cd506525f,200,11.926163
2026-09-17T05:25:20.652606584Z,search,scaled,660681595a5e,200,11.567179
2026-09-17T05:25:20.713348346Z,search,scaled,348cd506525f,200,12.000286
2026-09-17T05:25:20.771610865Z,search,scaled,660681595a5e,200,10.762185
2026-09-17T05:25:20.832106411Z,search,scaled,a1cb37b7da6b,200,10.734163
2026-09-17T05:25:20.890953378Z,search,scaled,660681595a5e,200,10.192118
2026-09-17T05:25:20.951619626Z,search,scaled,a1cb37b7da6b,200,11.13261
2026-09-17T05:25:21.01164519Z,search,scaled,348cd506525f,200,10.324236
2026-09-17T05:25:21.073316194Z,search,scaled,a1cb37b7da6b,200,11.872564
2026-09-17T05:25:21.131955057Z,search,scaled,348cd506525f,200,11.168023
2026-09-17T05:25:21.191014869Z,search,scaled,660681595a5e,200,10.606245
2026-09-17T05:25:21.251617332Z,search,scaled,348cd506525f,200,10.761695
2026-09-17T05:25:21.313938516Z,search,scaled,660681595a5e,200,12.759506
2026-09-17T05:25:21.370956674Z,search,scaled,a1cb37b7da6b,200,10.494707
2026-09-17T05:25:21.430966248Z,search,scaled,660681595a5e,200,10.584163
2026-09-17T05:25:21.49155551Z,search,scaled,a1cb37b7da6b,200,10.752305
2026-09-17T05:25:21.554177156Z,search,scaled,348cd506525f,200,12.691253
2026-09-17T05:25:21.612748595Z,search,scaled,a1cb37b7da6b,200,11.972266
2026-09-17T05:25:21.673354868Z,search,scaled,348cd506525f,200,11.953723
2026-09-17T05:25:21.733505291Z,search,scaled,660681595a5e,200,12.561203
2026-09-17T05:25:21.791744128Z,search,scaled,348cd506525f,200,11.196593
2026-09-17T05:25:21.851591801Z,search,scaled,660681595a5e,200,10.338787
2026-09-17T05:25:21.911957268Z,search,scaled,a1cb37b7da6b,200,10.775636
2026-09-17T05:25:21.971522584Z,search,scaled,660681595a5e,200,11.034578
2026-09-17T05:25:22.031931244Z,search,scaled,a1cb37b7da6b,200,10.82132
2026-09-17T05:25:22.092656525Z,search,scaled,348cd506525f,200,11.158052
2026-09-17T05:25:22.152225879Z,search,scaled,a1cb37b7da6b,200,11.072766
2026-09-17T05:25:22.212602277Z,search,scaled,348cd506525f,200,11.550707
2026-09-17T05:25:22.271620386Z,search,scaled,660681595a5e,200,10.438983
2026-09-17T05:25:22.332049007Z,search,scaled,348cd506525f,200,10.856901
2026-09-17T05:25:22.39144141Z,search,scaled,660681595a5e,200,10.70065
2026-09-17T05:25:22.451624716Z,search,scaled,a1cb37b7da6b,200,10.645578
2026-09-17T05:25:22.512719102Z,search,scaled,660681595a5e,200,11.530077
2026-09-17T05:25:22.571910436Z,search,scaled,a1cb37b7da6b,200,10.682426
2026-09-17T05:25:22.631314395Z,search,scaled,348cd506525f,200,10.911855
2026-09-17T05:25:22.691375543Z,search,scaled,a1cb37b7da6b,200,10.552882
2026-09-17T05:25:22.753879729Z,search,scaled,348cd506525f,200,12.889694
2026-09-17T05:25:22.812199123Z,search,scaled,660681595a5e,200,10.699181
2026-09-17T05:25:22.872652205Z,search,scaled,348cd506525f,200,11.984285
2026-09-17T05:25:22.934629779Z,search,scaled,660681595a5e,200,13.499446
2026-09-17T05:25:22.995937188Z,search,scaled,a1cb37b7da6b,200,14.668732
2026-09-17T05:25:23.050848918Z,search,scaled,660681595a5e,200,9.954744
2026-09-17T05:25:23.112478687Z,search,scaled,a1cb37b7da6b,200,10.775666
2026-09-17T05:25:23.17186509Z,search,scaled,348cd506525f,200,10.99638
2026-09-17T05:25:23.232059276Z,search,scaled,a1cb37b7da6b,200,11.206914
2026-09-17T05:25:23.292162756Z,search,scaled,348cd506525f,200,11.693326
2026-09-17T05:25:23.351705029Z,search,scaled,660681595a5e,200,10.921595
2026-09-17T05:25:23.413147693Z,search,scaled,348cd506525f,200,11.705103
2026-09-17T05:25:23.472511529Z,search,scaled,660681595a5e,200,11.787497
2026-09-17T05:25:23.531655931Z,search,scaled,a1cb37b7da6b,200,10.471373
2026-09-17T05:25:23.591179658Z,search,scaled,660681595a5e,200,10.330377
2026-09-17T05:25:23.652205978Z,search,scaled,a1cb37b7da6b,200,11.354344
2026-09-17T05:25:23.712048231Z,search,scaled,348cd506525f,200,11.108478
2026-09-17T05:25:23.770982124Z,search,scaled,a1cb37b7da6b,200,10.329326
2026-09-17T05:25:23.831540113Z,search,scaled,348cd506525f,200,10.706631
2026-09-17T05:25:23.894124598Z,search,scaled,660681595a5e,200,12.922758
2026-09-17T05:25:23.95121424Z,search,scaled,348cd506525f,200,10.51861
2026-09-17T05:25:24.012480486Z,search,scaled,660681595a5e,200,11.57331
2026-09-17T05:25:24.071601901Z,search,scaled,a1cb37b7da6b,200,10.461707
2026-09-17T05:25:24.13322366Z,search,scaled,660681595a5e,200,12.085501
2026-09-17T05:25:24.191961771Z,search,scaled,a1cb37b7da6b,200,11.224665
2026-09-17T05:25:24.253849977Z,search,scaled,348cd506525f,200,12.321817
2026-09-17T05:25:24.311847989Z,search,scaled,a1cb37b7da6b,200,10.862311
2026-09-17T05:25:24.372266731Z,search,scaled,348cd506525f,200,11.067116
2026-09-17T05:25:24.431942213Z,search,scaled,660681595a5e,200,10.833347
2026-09-17T05:25:24.491375019Z,search,scaled,348cd506525f,200,10.767097
2026-09-17T05:25:24.551837713Z,search,scaled,660681595a5e,200,10.855413
2026-09-17T05:25:24.61250144Z,search,scaled,a1cb37b7da6b,200,11.029822
2026-09-17T05:25:24.671380089Z,search,scaled,660681595a5e,200,10.425743
2026-09-17T05:25:24.732080248Z,search,scaled,a1cb37b7da6b,200,10.942306
2026-09-17T05:25:24.791387786Z,search,scaled,348cd506525f,200,10.68704
2026-09-17T05:25:24.852260287Z,search,scaled,a1cb37b7da6b,200,11.378146
2026-09-17T05:25:24.911918668Z,search,scaled,348cd506525f,200,11.108029
2026-09-17T05:25:24.970904545Z,search,scaled,660681595a5e,200,10.521681
2026-09-17T05:25:25.033731843Z,search,scaled,348cd506525f,200,13.026325
2026-09-17T05:25:25.092448362Z,search,scaled,660681595a5e,200,11.087776
2026-09-17T05:25:25.152096672Z,search,scaled,a1cb37b7da6b,200,11.026902
2026-09-17T05:25:25.217528321Z,search,scaled,660681595a5e,200,14.028299
2026-09-17T05:25:25.272460766Z,search,scaled,a1cb37b7da6b,200,11.166466
2026-09-17T05:25:25.332312376Z,search,scaled,348cd506525f,200,11.193844
2026-09-17T05:25:25.394178498Z,search,scaled,a1cb37b7da6b,200,13.219368
2026-09-17T05:25:25.452715874Z,search,scaled,348cd506525f,200,12.014444
2026-09-17T05:25:25.51391289Z,search,scaled,660681595a5e,200,12.532853
2026-09-17T05:25:25.576168721Z,search,scaled,348cd506525f,200,14.682422
2026-09-17T05:25:25.633020638Z,search,scaled,660681595a5e,200,12.201179
2026-09-17T05:25:25.694462345Z,search,scaled,a1cb37b7da6b,200,12.897485
2026-09-17T05:25:25.753635054Z,search,scaled,660681595a5e,200,12.437794
2026-09-17T05:25:25.820877943Z,search,scaled,a1cb37b7da6b,200,19.570098
2026-09-17T05:25:25.873031372Z,search,scaled,348cd506525f,200,11.504225
2026-09-17T05:25:25.932121836Z,search,scaled,a1cb37b7da6b,200,11.633334
2026-09-17T05:25:25.99213692Z,search,scaled,348cd506525f,200,11.307272
2026-09-17T05:25:26.052400941Z,search,scaled,660681595a5e,200,11.573684
2026-09-17T05:25:26.113023505Z,search,scaled,348cd506525f,200,11.921191
2026-09-17T05:25:26.173011287Z,search,scaled,660681595a5e,200,12.177407
2026-09-17T05:25:26.233530614Z,search,scaled,a1cb37b7da6b,200,12.6698
2026-09-17T05:25:26.292234392Z,search,scaled,660681595a5e,200,10.916045
2026-09-17T05:25:26.351273983Z,search,scaled,a1cb37b7da6b,200,10.428124
2026-09-17T05:25:26.412155374Z,search,scaled,348cd506525f,200,11.085308
2026-09-17T05:25:26.471322183Z,search,scaled,a1cb37b7da6b,200,10.604636
2026-09-17T05:25:26.532327552Z,search,scaled,348cd506525f,200,11.372575
2026-09-17T05:25:26.59271549Z,search,scaled,660681595a5e,200,11.787312
2026-09-17T05:25:26.652226551Z,search,scaled,348cd506525f,200,10.923706
2026-09-17T05:25:26.713833709Z,search,scaled,660681595a5e,200,12.789998
2026-09-17T05:25:26.776272993Z,search,scaled,a1cb37b7da6b,200,14.834198
2026-09-17T05:25:26.832519941Z,search,scaled,660681595a5e,200,11.72723
2026-09-17T05:25:26.892530165Z,search,scaled,a1cb37b7da6b,200,11.061106
2026-09-17T05:25:26.952701629Z,search,scaled,348cd506525f,200,11.417809
2026-09-17T05:25:27.01221968Z,search,scaled,a1cb37b7da6b,200,11.023692
2026-09-17T05:25:27.073616025Z,search,scaled,348cd506525f,200,12.503489
2026-09-17T05:25:27.13228361Z,search,scaled,660681595a5e,200,10.886943
2026-09-17T05:25:27.192956647Z,search,scaled,348cd506525f,200,12.132415
2026-09-17T05:25:27.253006659Z,search,scaled,660681595a5e,200,11.37573
2026-09-17T05:25:27.311438665Z,search,scaled,a1cb37b7da6b,200,10.925586
2026-09-17T05:25:27.371852461Z,search,scaled,660681595a5e,200,10.59438
2026-09-17T05:25:27.432998584Z,search,scaled,a1cb37b7da6b,200,11.553458
2026-09-17T05:25:27.491169547Z,search,scaled,348cd506525f,200,10.672819
2026-09-17T05:25:27.55100502Z,search,scaled,a1cb37b7da6b,200,10.232222
2026-09-17T05:25:27.612013359Z,search,scaled,348cd506525f,200,11.192703
2026-09-17T05:25:27.672116569Z,search,scaled,660681595a5e,200,10.735593
2026-09-17T05:25:27.732197027Z,search,scaled,348cd506525f,200,11.444219
2026-09-17T05:25:27.794085476Z,search,scaled,660681595a5e,200,13.280747
2026-09-17T05:25:27.851046159Z,search,scaled,a1cb37b7da6b,200,10.270844
2026-09-17T05:25:27.912656703Z,search,scaled,660681595a5e,200,12.070507
2026-09-17T05:25:27.972699304Z,search,scaled,a1cb37b7da6b,200,11.556577
2026-09-17T05:25:28.031489127Z,search,scaled,348cd506525f,200,10.976939
2026-09-17T05:25:28.09155998Z,search,scaled,a1cb37b7da6b,200,10.494728
2026-09-17T05:25:28.151413195Z,search,scaled,348cd506525f,200,10.177838
2026-09-17T05:25:28.211886081Z,search,scaled,660681595a5e,200,10.893275
2026-09-17T05:25:28.27195594Z,search,scaled,348cd506525f,200,10.552442
2026-09-17T05:25:28.331877869Z,search,scaled,660681595a5e,200,11.214477
2026-09-17T05:25:28.391151701Z,search,scaled,a1cb37b7da6b,200,10.586969
2026-09-17T05:25:28.451990406Z,search,scaled,660681595a5e,200,11.177083
2026-09-17T05:25:28.512019798Z,search,scaled,a1cb37b7da6b,200,11.397018
2026-09-17T05:25:28.572569579Z,search,scaled,348cd506525f,200,12.133822
2026-09-17T05:25:28.632433495Z,search,scaled,a1cb37b7da6b,200,11.060143
2026-09-17T05:25:28.691672633Z,search,scaled,348cd506525f,200,10.734474
2026-09-17T05:25:28.75260527Z,search,scaled,660681595a5e,200,11.093408
2026-09-17T05:25:28.81201989Z,search,scaled,348cd506525f,200,10.840857
2026-09-17T05:25:28.871338195Z,search,scaled,660681595a5e,200,10.868024
2026-09-17T05:25:28.9314822Z,search,scaled,a1cb37b7da6b,200,10.526011
2026-09-17T05:25:28.991673098Z,search,scaled,660681595a5e,200,10.633599
2026-09-17T05:25:29.051154037Z,search,scaled,a1cb37b7da6b,200,10.052541
2026-09-17T05:25:29.111446981Z,search,scaled,348cd506525f,200,10.687302
2026-09-17T05:25:29.172922235Z,search,scaled,a1cb37b7da6b,200,11.632636
2026-09-17T05:25:29.232539784Z,search,scaled,348cd506525f,200,11.057708
2026-09-17T05:25:29.293410816Z,search,scaled,660681595a5e,200,12.162529
2026-09-17T05:25:29.351498633Z,search,scaled,348cd506525f,200,10.503529
2026-09-17T05:25:29.412656465Z,search,scaled,660681595a5e,200,11.617973
2026-09-17T05:25:29.471267907Z,search,scaled,a1cb37b7da6b,200,10.738865
2026-09-17T05:25:29.531894648Z,search,scaled,660681595a5e,200,11.029498
2026-09-17T05:25:29.597523722Z,search,scaled,a1cb37b7da6b,200,16.038277
2026-09-17T05:25:29.658131278Z,search,scaled,348cd506525f,200,16.98206
2026-09-17T05:25:29.71342515Z,search,scaled,a1cb37b7da6b,200,12.790152
2026-09-17T05:25:29.772907299Z,search,scaled,348cd506525f,200,11.554799
2026-09-17T05:25:29.83224497Z,search,scaled,660681595a5e,200,11.737271
2026-09-17T05:25:29.896001985Z,search,scaled,348cd506525f,200,15.088945
2026-09-17T05:25:29.954533502Z,search,scaled,660681595a5e,200,13.888684
2026-09-17T05:25:30.01330209Z,search,scaled,a1cb37b7da6b,200,12.105652
2026-09-17T05:25:30.072627224Z,search,scaled,660681595a5e,200,11.667427
2026-09-17T05:25:30.133225388Z,search,scaled,a1cb37b7da6b,200,11.938224
2026-09-17T05:25:30.193645061Z,search,scaled,348cd506525f,200,12.734077
2026-09-17T05:25:30.252910226Z,search,scaled,a1cb37b7da6b,200,11.458972
2026-09-17T05:25:30.311726893Z,search,scaled,348cd506525f,200,11.283101
2026-09-17T05:25:30.372122123Z,search,scaled,660681595a5e,200,10.67123
2026-09-17T05:25:30.432413857Z,search,scaled,348cd506525f,200,11.10781
2026-09-17T05:25:30.491983244Z,search,scaled,660681595a5e,200,11.204427
2026-09-17T05:25:30.552182242Z,search,scaled,a1cb37b7da6b,200,11.668848
2026-09-17T05:25:30.613288266Z,search,scaled,660681595a5e,200,12.150296
2026-09-17T05:25:30.672378345Z,search,scaled,a1cb37b7da6b,200,11.602154
2026-09-17T05:25:30.732941057Z,search,scaled,348cd506525f,200,11.823008
2026-09-17T05:25:30.790894635Z,search,scaled,a1cb37b7da6b,200,10.490118
2026-09-17T05:25:30.85135711Z,search,scaled,348cd506525f,200,10.692392
2026-09-17T05:25:30.913659773Z,search,scaled,660681595a5e,200,12.342936
2026-09-17T05:25:30.973227234Z,search,scaled,348cd506525f,200,12.010459
2026-09-17T05:25:31.032467168Z,search,scaled,660681595a5e,200,11.210066
2026-09-17T05:25:31.091686331Z,search,scaled,a1cb37b7da6b,200,10.531452
2026-09-17T05:25:31.151882309Z,search,scaled,660681595a5e,200,10.646849
2026-09-17T05:25:31.211277473Z,search,scaled,a1cb37b7da6b,200,10.81495
2026-09-17T05:25:31.272678641Z,search,scaled,348cd506525f,200,11.401779
2026-09-17T05:25:31.332327012Z,search,scaled,a1cb37b7da6b,200,11.108829
2026-09-17T05:25:31.399604292Z,search,scaled,348cd506525f,200,18.591508
2026-09-17T05:25:31.456751636Z,search,scaled,660681595a5e,200,15.584508
2026-09-17T05:25:31.513553597Z,search,scaled,348cd506525f,200,12.243194
2026-09-17T05:25:31.572388574Z,search,scaled,660681595a5e,200,10.873364
2026-09-17T05:25:31.63134972Z,search,scaled,a1cb37b7da6b,200,10.315797
2026-09-17T05:25:31.691563309Z,search,scaled,660681595a5e,200,10.66701
2026-09-17T05:25:31.752373387Z,search,scaled,a1cb37b7da6b,200,11.913502
2026-09-17T05:25:31.81250144Z,search,scaled,348cd506525f,200,11.26327
2026-09-17T05:25:31.871716133Z,search,scaled,a1cb37b7da6b,200,10.645028
2026-09-17T05:25:31.931999556Z,search,scaled,348cd506525f,200,10.715413
2026-09-17T05:25:31.992853228Z,search,scaled,660681595a5e,200,12.291478
2026-09-17T05:25:32.052377452Z,search,scaled,348cd506525f,200,10.926618
2026-09-17T05:25:32.112255183Z,search,scaled,660681595a5e,200,11.351451
2026-09-17T05:25:32.171636002Z,search,scaled,a1cb37b7da6b,200,10.741946
2026-09-17T05:25:32.233505161Z,search,scaled,660681595a5e,200,12.175591
2026-09-17T05:25:32.292298046Z,search,scaled,a1cb37b7da6b,200,11.219518
2026-09-17T05:25:32.351302333Z,search,scaled,348cd506525f,200,10.448365
2026-09-17T05:25:32.411365232Z,search,scaled,a1cb37b7da6b,200,10.426594
2026-09-17T05:25:32.472447919Z,search,scaled,348cd506525f,200,11.173103
2026-09-17T05:25:32.531959491Z,search,scaled,660681595a5e,200,10.895605
2026-09-17T05:25:32.59276605Z,search,scaled,348cd506525f,200,11.233297
2026-09-17T05:25:32.652155534Z,search,scaled,660681595a5e,200,10.838971
2026-09-17T05:25:32.711362416Z,search,scaled,a1cb37b7da6b,200,10.388412
2026-09-17T05:25:32.771266394Z,search,scaled,660681595a5e,200,10.36093
2026-09-17T05:25:32.831967585Z,search,scaled,a1cb37b7da6b,200,11.088988
2026-09-17T05:25:32.891642968Z,search,scaled,348cd506525f,200,11.231217
2026-09-17T05:25:32.95415803Z,search,scaled,a1cb37b7da6b,200,12.62813
2026-09-17T05:25:33.013325959Z,search,scaled,348cd506525f,200,12.511417
2026-09-17T05:25:33.073804762Z,search,scaled,660681595a5e,200,12.651268
2026-09-17T05:25:33.133313308Z,search,scaled,348cd506525f,200,11.824381
2026-09-17T05:25:33.194668693Z,search,scaled,660681595a5e,200,13.765706
2026-09-17T05:25:33.253550903Z,search,scaled,a1cb37b7da6b,200,12.351582
2026-09-17T05:25:33.313669205Z,search,scaled,660681595a5e,200,12.498361
2026-09-17T05:25:33.372727547Z,search,scaled,a1cb37b7da6b,200,11.518847
2026-09-17T05:25:33.433800363Z,search,scaled,348cd506525f,200,12.328285
2026-09-17T05:25:33.491817612Z,search,scaled,a1cb37b7da6b,200,10.989088
2026-09-17T05:25:33.558919624Z,search,scaled,348cd506525f,200,17.49626
2026-09-17T05:25:33.612331941Z,search,scaled,660681595a5e,200,11.898258
2026-09-17T05:25:33.672431832Z,search,scaled,348cd506525f,200,11.367678
2026-09-17T05:25:33.733210019Z,search,scaled,660681595a5e,200,12.13983
2026-09-17T05:25:33.792601043Z,search,scaled,a1cb37b7da6b,200,11.874242
2026-09-17T05:25:33.853814268Z,search,scaled,660681595a5e,200,12.451198
2026-09-17T05:25:33.911410842Z,search,scaled,a1cb37b7da6b,200,10.662809
2026-09-17T05:25:33.971703926Z,search,scaled,348cd506525f,200,10.729503
2026-09-17T05:25:34.032071116Z,search,scaled,a1cb37b7da6b,200,10.668219
2026-09-17T05:25:34.09312207Z,search,scaled,348cd506525f,200,12.253666
2026-09-17T05:25:34.152274058Z,search,scaled,660681595a5e,200,11.599692
2026-09-17T05:25:34.212863472Z,search,scaled,348cd506525f,200,11.823397
2026-09-17T05:25:34.271063918Z,search,scaled,660681595a5e,200,10.49197
2026-09-17T05:25:34.333492914Z,search,scaled,a1cb37b7da6b,200,12.991879
2026-09-17T05:25:34.391695964Z,search,scaled,660681595a5e,200,11.020839
2026-09-17T05:25:34.452339836Z,search,scaled,a1cb37b7da6b,200,11.003982
2026-09-17T05:25:34.513492398Z,search,scaled,348cd506525f,200,12.33674
2026-09-17T05:25:34.572492716Z,search,scaled,a1cb37b7da6b,200,11.391957
2026-09-17T05:25:34.632688753Z,search,scaled,348cd506525f,200,11.524957
2026-09-17T05:25:34.694833501Z,search,scaled,660681595a5e,200,13.684271
2026-09-17T05:25:34.752400319Z,search,scaled,348cd506525f,200,11.122636
2026-09-17T05:25:34.813717685Z,search,scaled,660681595a5e,200,12.423747
2026-09-17T05:25:34.872339834Z,search,scaled,a1cb37b7da6b,200,10.795855
2026-09-17T05:25:34.931935805Z,search,scaled,660681595a5e,200,10.884573
2026-09-17T05:25:34.991262505Z,search,scaled,a1cb37b7da6b,200,10.698092
2026-09-17T05:25:35.054279901Z,search,scaled,348cd506525f,200,13.192732
2026-09-17T05:25:35.112283964Z,search,scaled,a1cb37b7da6b,200,11.357187
2026-09-17T05:25:35.172531216Z,search,scaled,348cd506525f,200,11.578382
2026-09-17T05:25:35.232146484Z,search,scaled,660681595a5e,200,10.80186
2026-09-17T05:25:35.292584484Z,search,scaled,348cd506525f,200,11.711512
2026-09-17T05:25:35.352352218Z,search,scaled,660681595a5e,200,11.134763
2026-09-17T05:25:35.412381874Z,search,scaled,a1cb37b7da6b,200,11.151092
2026-09-17T05:25:35.472248671Z,search,scaled,660681595a5e,200,10.952761
2026-09-17T05:25:35.533614176Z,search,scaled,a1cb37b7da6b,200,12.652422
2026-09-17T05:25:35.593501563Z,search,scaled,348cd506525f,200,12.496301
2026-09-17T05:25:35.653350418Z,search,scaled,a1cb37b7da6b,200,11.950825
2026-09-17T05:25:35.712601683Z,search,scaled,348cd506525f,200,11.553879
2026-09-17T05:25:35.771570699Z,search,scaled,660681595a5e,200,10.393234
2026-09-17T05:25:35.833609089Z,search,scaled,348cd506525f,200,12.392635
2026-09-17T05:25:35.893159324Z,search,scaled,660681595a5e,200,11.929984
2026-09-17T05:25:35.95122681Z,search,scaled,a1cb37b7da6b,200,10.296536
2026-09-17T05:25:36.012764117Z,search,scaled,660681595a5e,200,11.603702
2026-09-17T05:25:36.07199313Z,search,scaled,a1cb37b7da6b,200,10.493269
2026-09-17T05:25:36.13163448Z,search,scaled,348cd506525f,200,10.940425
2026-09-17T05:25:36.192100474Z,search,scaled,a1cb37b7da6b,200,10.812008
2026-09-17T05:25:36.252233628Z,search,scaled,348cd506525f,200,11.245516
2026-09-17T05:25:36.311271319Z,search,scaled,660681595a5e,200,10.411762
2026-09-17T05:25:36.372575094Z,search,scaled,348cd506525f,200,11.446025
2026-09-17T05:25:36.431939387Z,search,scaled,660681595a5e,200,10.730928
2026-09-17T05:25:36.490668203Z,search,scaled,a1cb37b7da6b,200,10.254582
2026-09-17T05:25:36.553152869Z,search,scaled,660681595a5e,200,11.804967
2026-09-17T05:25:36.610671283Z,search,scaled,a1cb37b7da6b,200,10.091632
2026-09-17T05:25:36.67210865Z,search,scaled,348cd506525f,200,10.851601
2026-09-17T05:25:36.732597616Z,search,scaled,a1cb37b7da6b,200,11.873057
2026-09-17T05:25:36.7915209Z,search,scaled,348cd506525f,200,10.966577
2026-09-17T05:25:36.851825525Z,search,scaled,660681595a5e,200,10.704715
2026-09-17T05:25:36.913811187Z,search,scaled,348cd506525f,200,12.317726
2026-09-17T05:25:36.972229019Z,search,scaled,660681595a5e,200,10.793127
2026-09-17T05:25:37.038418403Z,search,scaled,a1cb37b7da6b,200,17.65071
2026-09-17T05:25:37.091846924Z,search,scaled,660681595a5e,200,10.702941
2026-09-17T05:25:37.152028529Z,search,scaled,a1cb37b7da6b,200,10.741073
2026-09-17T05:25:37.212386937Z,search,scaled,348cd506525f,200,11.589409
2026-09-17T05:25:37.274312654Z,search,scaled,a1cb37b7da6b,200,13.415055
2026-09-17T05:25:37.332141359Z,search,scaled,348cd506525f,200,11.354594
2026-09-17T05:25:37.392792716Z,search,scaled,660681595a5e,200,12.2257
2026-09-17T05:25:37.45395988Z,search,scaled,348cd506525f,200,12.385315
2026-09-17T05:25:37.512577531Z,search,scaled,660681595a5e,200,11.121768
2026-09-17T05:25:37.573686577Z,search,scaled,a1cb37b7da6b,200,12.424372
2026-09-17T05:25:37.632148766Z,search,scaled,660681595a5e,200,10.906809
2026-09-17T05:25:37.692099538Z,search,scaled,a1cb37b7da6b,200,11.342368
2026-09-17T05:25:37.752253848Z,search,scaled,348cd506525f,200,11.598169
2026-09-17T05:25:37.811259297Z,search,scaled,a1cb37b7da6b,200,10.443024
2026-09-17T05:25:37.874554145Z,search,scaled,348cd506525f,200,13.61538
2026-09-17T05:25:37.931809251Z,search,scaled,660681595a5e,200,10.744703
2026-09-17T05:25:37.992282646Z,search,scaled,348cd506525f,200,10.787667
2026-09-17T05:25:38.05195443Z,search,scaled,660681595a5e,200,11.188963
2026-09-17T05:25:38.113247227Z,search,scaled,a1cb37b7da6b,200,12.781245
2026-09-17T05:25:38.171264474Z,search,scaled,660681595a5e,200,10.391101
2026-09-17T05:25:38.231571169Z,search,scaled,a1cb37b7da6b,200,10.810309
2026-09-17T05:25:38.293031356Z,search,scaled,348cd506525f,200,11.660023
2026-09-17T05:25:38.351637696Z,search,scaled,a1cb37b7da6b,200,11.172626
2026-09-17T05:25:38.412551373Z,search,scaled,348cd506525f,200,11.305708
2026-09-17T05:25:38.471877435Z,search,scaled,660681595a5e,200,10.8315
2026-09-17T05:25:38.533691917Z,search,scaled,348cd506525f,200,12.252031
2026-09-17T05:25:38.593734373Z,search,scaled,660681595a5e,200,13.014031
2026-09-17T05:25:38.651777401Z,search,scaled,a1cb37b7da6b,200,10.396281
2026-09-17T05:25:38.713003166Z,search,scaled,660681595a5e,200,11.76165
2026-09-17T05:25:38.771562386Z,search,scaled,a1cb37b7da6b,200,11.140269
2026-09-17T05:25:38.832688533Z,search,scaled,348cd506525f,200,11.498417
2026-09-17T05:25:38.891934745Z,search,scaled,a1cb37b7da6b,200,10.60412
2026-09-17T05:25:38.951478964Z,search,scaled,348cd506525f,200,10.99008
2026-09-17T05:25:39.012266905Z,search,scaled,660681595a5e,200,11.046339
2026-09-17T05:25:39.071492783Z,search,scaled,348cd506525f,200,10.819658
2026-09-17T05:25:39.132722437Z,search,scaled,660681595a5e,200,11.388865
2026-09-17T05:25:39.191621121Z,search,scaled,a1cb37b7da6b,200,10.773365
2026-09-17T05:25:39.252252095Z,search,scaled,660681595a5e,200,11.031272
2026-09-17T05:25:39.312802121Z,search,scaled,a1cb37b7da6b,200,11.788397
2026-09-17T05:25:39.372423796Z,search,scaled,348cd506525f,200,11.006371
2026-09-17T05:25:39.436918289Z,search,scaled,a1cb37b7da6b,200,15.851704
2026-09-17T05:25:39.491564829Z,search,scaled,348cd506525f,200,10.976824
2026-09-17T05:25:39.551053059Z,search,scaled,660681595a5e,200,9.959892
2026-09-17T05:25:39.613434998Z,search,scaled,348cd506525f,200,12.785746
2026-09-17T05:25:39.672059664Z,search,scaled,660681595a5e,200,10.936777
2026-09-17T05:25:39.732193606Z,search,scaled,a1cb37b7da6b,200,11.440298
2026-09-17T05:25:39.79140738Z,search,scaled,660681595a5e,200,10.622566
2026-09-17T05:25:39.851589833Z,search,scaled,a1cb37b7da6b,200,10.525966
2026-09-17T05:25:39.912291645Z,search,scaled,348cd506525f,200,11.149911
2026-09-17T05:25:39.97198385Z,search,scaled,a1cb37b7da6b,200,10.953237
2026-09-17T05:25:40.031842995Z,search,scaled,348cd506525f,200,11.31875
2026-09-17T05:25:40.093922564Z,search,scaled,660681595a5e,200,12.649207
2026-09-17T05:25:40.151276948Z,search,scaled,348cd506525f,200,10.356899
2026-09-17T05:25:40.213876219Z,search,scaled,660681595a5e,200,12.755974
2026-09-17T05:25:40.271909017Z,search,scaled,a1cb37b7da6b,200,10.427294
2026-09-17T05:25:40.332666011Z,search,scaled,660681595a5e,200,11.063735
2026-09-17T05:25:40.391264353Z,search,scaled,a1cb37b7da6b,200,10.149375
2026-09-17T05:25:40.451832055Z,search,scaled,348cd506525f,200,10.895588
2026-09-17T05:25:40.512615687Z,search,scaled,a1cb37b7da6b,200,11.141806
2026-09-17T05:25:40.572087625Z,search,scaled,348cd506525f,200,10.892868
2026-09-17T05:25:40.632136978Z,search,scaled,660681595a5e,200,11.44851
2026-09-17T05:25:40.691904076Z,search,scaled,348cd506525f,200,11.15852
2026-09-17T05:25:40.75327214Z,search,scaled,660681595a5e,200,11.75591
2026-09-17T05:25:40.811771828Z,search,scaled,a1cb37b7da6b,200,10.869782
2026-09-17T05:25:40.87206965Z,search,scaled,660681595a5e,200,10.809068
2026-09-17T05:25:40.931152671Z,search,scaled,a1cb37b7da6b,200,10.630701
2026-09-17T05:25:40.991880398Z,search,scaled,348cd506525f,200,11.141969
2026-09-17T05:25:41.053111351Z,search,scaled,a1cb37b7da6b,200,11.644662
2026-09-17T05:25:41.112597362Z,search,scaled,348cd506525f,200,11.883032
2026-09-17T05:25:41.172786408Z,search,scaled,660681595a5e,200,11.648186
2026-09-17T05:25:41.235748674Z,search,scaled,348cd506525f,200,14.448744
2026-09-17T05:25:41.293688451Z,search,scaled,660681595a5e,200,12.495432
2026-09-17T05:25:41.352367069Z,search,scaled,a1cb37b7da6b,200,11.832909
2026-09-17T05:25:41.413261227Z,search,scaled,660681595a5e,200,12.125533
2026-09-17T05:25:41.472176462Z,search,scaled,a1cb37b7da6b,200,11.440139
2026-09-17T05:25:41.533547914Z,search,scaled,348cd506525f,200,12.725932
2026-09-17T05:25:41.59233453Z,search,scaled,a1cb37b7da6b,200,11.122998
2026-09-17T05:25:41.652088879Z,search,scaled,348cd506525f,200,10.825659
2026-09-17T05:25:41.712718653Z,search,scaled,660681595a5e,200,11.69929
2026-09-17T05:25:41.782187136Z,search,scaled,348cd506525f,200,20.788108
2026-09-17T05:25:41.832784656Z,search,scaled,660681595a5e,200,11.393825
2026-09-17T05:25:41.893160775Z,search,scaled,a1cb37b7da6b,200,12.710022
2026-09-17T05:25:41.951471061Z,search,scaled,660681595a5e,200,10.883833
2026-09-17T05:25:42.012352371Z,search,scaled,a1cb37b7da6b,200,11.352553
2026-09-17T05:25:42.072167244Z,search,scaled,348cd506525f,200,11.190072
2026-09-17T05:25:42.13280188Z,search,scaled,a1cb37b7da6b,200,12.191398
2026-09-17T05:25:42.191314382Z,search,scaled,348cd506525f,200,10.738958
2026-09-17T05:25:42.252131771Z,search,scaled,660681595a5e,200,10.955859
2026-09-17T05:25:42.312655462Z,search,scaled,348cd506525f,200,11.852834
2026-09-17T05:25:42.372254596Z,search,scaled,660681595a5e,200,11.110122
2026-09-17T05:25:42.431634076Z,search,scaled,a1cb37b7da6b,200,10.703811
2026-09-17T05:25:42.492154103Z,search,scaled,660681595a5e,200,10.934242
2026-09-17T05:25:42.552437936Z,search,scaled,a1cb37b7da6b,200,11.714716
2026-09-17T05:25:42.614570969Z,search,scaled,348cd506525f,200,13.585598
2026-09-17T05:25:42.671653424Z,search,scaled,a1cb37b7da6b,200,10.439864
2026-09-17T05:25:42.732927641Z,search,scaled,348cd506525f,200,11.672034
2026-09-17T05:25:42.792112157Z,search,scaled,660681595a5e,200,11.702139
2026-09-17T05:25:42.851677668Z,search,scaled,348cd506525f,200,11.035193
2026-09-17T05:25:42.915432071Z,search,scaled,660681595a5e,200,13.930479
2026-09-17T05:25:42.972379142Z,search,scaled,a1cb37b7da6b,200,11.319646
2026-09-17T05:25:43.032068277Z,search,scaled,660681595a5e,200,10.954617
2026-09-17T05:25:43.091994902Z,search,scaled,a1cb37b7da6b,200,11.342228
2026-09-17T05:25:43.151964918Z,search,scaled,348cd506525f,200,11.240346
2026-09-17T05:25:43.211526051Z,search,scaled,a1cb37b7da6b,200,10.872088
2026-09-17T05:25:43.272698171Z,search,scaled,348cd506525f,200,11.628776
2026-09-17T05:25:43.332115691Z,search,scaled,660681595a5e,200,10.908824
2026-09-17T05:25:43.391950836Z,search,scaled,348cd506525f,200,11.15707
2026-09-17T05:25:43.452932682Z,search,scaled,660681595a5e,200,11.473679
2026-09-17T05:25:43.511976286Z,search,scaled,a1cb37b7da6b,200,11.526145
2026-09-17T05:25:43.570963335Z,search,scaled,660681595a5e,200,10.485288
2026-09-17T05:25:43.632181863Z,search,scaled,a1cb37b7da6b,200,11.415333
2026-09-17T05:25:43.691008176Z,search,scaled,348cd506525f,200,10.293425
2026-09-17T05:25:43.752092311Z,search,scaled,a1cb37b7da6b,200,11.381865
2026-09-17T05:25:43.811282472Z,search,scaled,348cd506525f,200,10.587693
2026-09-17T05:25:43.871709545Z,search,scaled,660681595a5e,200,10.476836
2026-09-17T05:25:43.933739859Z,search,scaled,348cd506525f,200,12.238389
2026-09-17T05:25:43.992804978Z,search,scaled,660681595a5e,200,11.377229
2026-09-17T05:25:44.051676516Z,search,scaled,a1cb37b7da6b,200,10.36777
2026-09-17T05:25:44.112352885Z,search,scaled,660681595a5e,200,11.110256
2026-09-17T05:25:44.171770427Z,search,scaled,a1cb37b7da6b,200,10.696805
2026-09-17T05:25:44.231529664Z,search,scaled,348cd506525f,200,10.548069
2026-09-17T05:25:44.293137265Z,search,scaled,a1cb37b7da6b,200,12.001045
2026-09-17T05:25:44.352795368Z,search,scaled,348cd506525f,200,12.087479
2026-09-17T05:25:44.413299019Z,search,scaled,660681595a5e,200,11.720426
2026-09-17T05:25:44.472368305Z,search,scaled,348cd506525f,200,11.552255
2026-09-17T05:25:44.531790047Z,search,scaled,660681595a5e,200,10.887965
2026-09-17T05:25:44.591946294Z,search,scaled,a1cb37b7da6b,200,11.113601
2026-09-17T05:25:44.652138681Z,search,scaled,660681595a5e,200,10.873326
2026-09-17T05:25:44.711832135Z,search,scaled,a1cb37b7da6b,200,11.000852
2026-09-17T05:25:44.773338462Z,search,scaled,348cd506525f,200,11.822229
2026-09-17T05:25:44.832087849Z,search,scaled,a1cb37b7da6b,200,11.108582
2026-09-17T05:25:44.891780157Z,search,scaled,348cd506525f,200,10.93314
2026-09-17T05:25:44.95232188Z,search,scaled,660681595a5e,200,10.956518
2026-09-17T05:25:45.011839701Z,search,scaled,348cd506525f,200,10.879434
2026-09-17T05:25:45.070831298Z,search,scaled,660681595a5e,200,10.396381
2026-09-17T05:25:45.136778707Z,search,scaled,a1cb37b7da6b,200,15.173909
2026-09-17T05:25:45.191424622Z,search,scaled,660681595a5e,200,10.421949
2026-09-17T05:25:45.252281864Z,search,scaled,a1cb37b7da6b,200,11.186664
2026-09-17T05:25:45.311547034Z,search,scaled,348cd506525f,200,10.706776
2026-09-17T05:25:45.371670559Z,search,scaled,a1cb37b7da6b,200,10.296729
2026-09-17T05:25:45.43363226Z,search,scaled,348cd506525f,200,12.255303
2026-09-17T05:25:45.493169784Z,search,scaled,660681595a5e,200,11.861241
2026-09-17T05:25:45.551846992Z,search,scaled,348cd506525f,200,11.162328
2026-09-17T05:25:45.611829669Z,search,scaled,660681595a5e,200,11.188464
2026-09-17T05:25:45.672523119Z,search,scaled,a1cb37b7da6b,200,11.925212
2026-09-17T05:25:45.731975092Z,search,scaled,660681595a5e,200,10.914695
2026-09-17T05:25:45.791686997Z,search,scaled,a1cb37b7da6b,200,11.295143
2026-09-17T05:25:45.85092377Z,search,scaled,348cd506525f,200,10.560839
2026-09-17T05:25:45.911835895Z,search,scaled,a1cb37b7da6b,200,11.000965
2026-09-17T05:25:45.972593027Z,search,scaled,348cd506525f,200,11.137841
2026-09-17T05:25:46.031665509Z,search,scaled,660681595a5e,200,10.448885
2026-09-17T05:25:46.092093558Z,search,scaled,348cd506525f,200,10.86751
2026-09-17T05:25:46.151235256Z,search,scaled,660681595a5e,200,10.781802
2026-09-17T05:25:46.211911925Z,search,scaled,a1cb37b7da6b,200,10.997731
2026-09-17T05:25:46.270821669Z,search,scaled,660681595a5e,200,10.378708
2026-09-17T05:25:46.332175759Z,search,scaled,a1cb37b7da6b,200,10.694268
2026-09-17T05:25:46.39104735Z,search,scaled,348cd506525f,200,10.172676
2026-09-17T05:25:46.45151373Z,search,scaled,a1cb37b7da6b,200,10.711086
2026-09-17T05:25:46.512526814Z,search,scaled,348cd506525f,200,11.395627
2026-09-17T05:25:46.572160296Z,search,scaled,660681595a5e,200,10.975248
2026-09-17T05:25:46.631907032Z,search,scaled,348cd506525f,200,11.253501
2026-09-17T05:25:46.692913626Z,search,scaled,660681595a5e,200,11.552065
2026-09-17T05:25:46.751155105Z,search,scaled,a1cb37b7da6b,200,10.385673
2026-09-17T05:25:46.812462264Z,search,scaled,660681595a5e,200,11.64004
2026-09-17T05:25:46.874672272Z,search,scaled,a1cb37b7da6b,200,13.321277
2026-09-17T05:25:46.93377675Z,search,scaled,348cd506525f,200,13.065329
2026-09-17T05:25:46.992284795Z,search,scaled,a1cb37b7da6b,200,10.903822
2026-09-17T05:25:47.051822182Z,search,scaled,348cd506525f,200,11.002425
2026-09-17T05:25:47.111355994Z,search,scaled,660681595a5e,200,10.80138
2026-09-17T05:25:47.171387474Z,search,scaled,348cd506525f,200,10.550739
2026-09-17T05:25:47.232137346Z,search,scaled,660681595a5e,200,11.01977
2026-09-17T05:25:47.291145029Z,search,scaled,a1cb37b7da6b,200,10.542608
2026-09-17T05:25:47.353128158Z,search,scaled,660681595a5e,200,12.395324
2026-09-17T05:25:47.411044972Z,search,scaled,a1cb37b7da6b,200,10.307108
2026-09-17T05:25:47.471255459Z,search,scaled,348cd506525f,200,10.579351
2026-09-17T05:25:47.532086456Z,search,scaled,a1cb37b7da6b,200,11.171049
2026-09-17T05:25:47.591690576Z,search,scaled,348cd506525f,200,10.985201
2026-09-17T05:25:47.651576458Z,search,scaled,660681595a5e,200,10.343601
2026-09-17T05:25:47.712600775Z,search,scaled,348cd506525f,200,11.18752
2026-09-17T05:25:47.772113411Z,search,scaled,660681595a5e,200,10.984011
2026-09-17T05:25:47.832060477Z,search,scaled,a1cb37b7da6b,200,11.281612
2026-09-17T05:25:47.892042914Z,search,scaled,660681595a5e,200,11.511073
2026-09-17T05:25:47.953092196Z,search,scaled,a1cb37b7da6b,200,12.43217
2026-09-17T05:25:48.011835351Z,search,scaled,348cd506525f,200,11.122325
2026-09-17T05:25:48.072554282Z,search,scaled,a1cb37b7da6b,200,11.283482
2026-09-17T05:25:48.132953428Z,search,scaled,348cd506525f,200,11.748963
2026-09-17T05:25:48.192724072Z,search,scaled,660681595a5e,200,12.140503
2026-09-17T05:25:48.252896227Z,search,scaled,348cd506525f,200,11.833582
2026-09-17T05:25:48.312023902Z,search,scaled,660681595a5e,200,10.560981
2026-09-17T05:25:48.371645453Z,search,scaled,a1cb37b7da6b,200,10.914518
2026-09-17T05:25:48.43207663Z,search,scaled,660681595a5e,200,10.539991
2026-09-17T05:25:48.491575316Z,search,scaled,a1cb37b7da6b,200,10.965254
2026-09-17T05:25:48.55301837Z,search,scaled,348cd506525f,200,11.915803
2026-09-17T05:25:48.611482223Z,search,scaled,a1cb37b7da6b,200,10.806545
2026-09-17T05:25:48.671903605Z,search,scaled,348cd506525f,200,10.672404
2026-09-17T05:25:48.73204673Z,search,scaled,660681595a5e,200,11.578101
2026-09-17T05:25:48.791930643Z,search,scaled,348cd506525f,200,10.640702
2026-09-17T05:25:48.850992824Z,search,scaled,660681595a5e,200,9.487106
2026-09-17T05:25:48.911014633Z,search,scaled,a1cb37b7da6b,200,11.309524
2026-09-17T05:25:48.970965329Z,search,scaled,660681595a5e,200,11.138877
2026-09-17T05:25:49.030682235Z,search,scaled,a1cb37b7da6b,200,10.947199
2026-09-17T05:25:49.090525921Z,search,scaled,348cd506525f,200,11.097021
2026-09-17T05:25:49.150385738Z,search,scaled,a1cb37b7da6b,200,11.19894
2026-09-17T05:25:49.210079002Z,search,scaled,348cd506525f,200,10.855444
2026-09-17T05:25:49.271045845Z,search,scaled,660681595a5e,200,11.344757
2026-09-17T05:25:49.332243387Z,search,scaled,348cd506525f,200,12.484917
2026-09-17T05:25:49.392835247Z,search,scaled,660681595a5e,200,13.927077
2026-09-17T05:25:49.45216687Z,search,scaled,a1cb37b7da6b,200,12.576531
2026-09-17T05:25:49.511660995Z,search,scaled,660681595a5e,200,11.954333
2026-09-17T05:25:49.57203097Z,search,scaled,a1cb37b7da6b,200,12.651094
2026-09-17T05:25:49.635894004Z,search,scaled,348cd506525f,200,15.970656
2026-09-17T05:25:49.692837983Z,search,scaled,a1cb37b7da6b,200,13.22469
2026-09-17T05:25:49.754269527Z,search,scaled,348cd506525f,200,14.894647
2026-09-17T05:25:49.810463378Z,search,scaled,660681595a5e,200,11.596658
2026-09-17T05:25:49.869973099Z,search,scaled,348cd506525f,200,10.834864
2026-09-17T05:25:49.93049263Z,search,scaled,660681595a5e,200,10.603653
2026-09-17T05:25:49.990197685Z,search,scaled,a1cb37b7da6b,200,11.306514
2026-09-17T05:25:50.050539439Z,search,scaled,660681595a5e,200,11.403007
2026-09-17T05:25:50.110860872Z,search,scaled,a1cb37b7da6b,200,11.291552
2026-09-17T05:25:50.170812748Z,search,scaled,348cd506525f,200,11.415938
2026-09-17T05:25:50.23069737Z,search,scaled,a1cb37b7da6b,200,11.080393
2026-09-17T05:25:50.291500175Z,search,scaled,348cd506525f,200,12.199864
2026-09-17T05:25:50.350405044Z,search,scaled,660681595a5e,200,11.353916
2026-09-17T05:25:50.41058884Z,search,scaled,348cd506525f,200,11.515893
2026-09-17T05:25:50.469910199Z,search,scaled,660681595a5e,200,10.714238
2026-09-17T05:25:50.529820198Z,search,scaled,a1cb37b7da6b,200,10.076499
2026-09-17T05:25:50.592599498Z,search,scaled,660681595a5e,200,13.661857
2026-09-17T05:25:50.652143005Z,search,scaled,a1cb37b7da6b,200,12.95312
2026-09-17T05:25:50.710413605Z,search,scaled,348cd506525f,200,10.697927
2026-09-17T05:25:50.770505497Z,search,scaled,a1cb37b7da6b,200,11.464921
2026-09-17T05:25:50.831183966Z,search,scaled,348cd506525f,200,11.67916
2026-09-17T05:25:50.891294864Z,search,scaled,660681595a5e,200,11.5681
2026-09-17T05:25:50.951755949Z,search,scaled,348cd506525f,200,12.920327
2026-09-17T05:25:51.010419746Z,search,scaled,660681595a5e,200,11.073333
2026-09-17T05:25:51.069448285Z,search,scaled,a1cb37b7da6b,200,10.365761
2026-09-17T05:25:51.129837826Z,search,scaled,660681595a5e,200,10.782189
2026-09-17T05:25:51.189404045Z,search,scaled,a1cb37b7da6b,200,10.413124
2026-09-17T05:25:51.250129397Z,search,scaled,348cd506525f,200,11.076364
2026-09-17T05:25:51.31007461Z,search,scaled,a1cb37b7da6b,200,10.43781
2026-09-17T05:25:51.371028624Z,search,scaled,348cd506525f,200,11.301695
2026-09-17T05:25:51.42962786Z,search,scaled,660681595a5e,200,10.321894
2026-09-17T05:25:51.489899867Z,search,scaled,348cd506525f,200,10.883875
2026-09-17T05:25:51.550422342Z,search,scaled,660681595a5e,200,10.820007
2026-09-17T05:25:51.609612863Z,search,scaled,a1cb37b7da6b,200,10.580661
2026-09-17T05:25:51.669720175Z,search,scaled,660681595a5e,200,10.483924
2026-09-17T05:25:51.730591286Z,search,scaled,a1cb37b7da6b,200,11.354953
2026-09-17T05:25:51.790514076Z,search,scaled,348cd506525f,200,11.418906
2026-09-17T05:25:51.851011963Z,search,scaled,a1cb37b7da6b,200,11.955782
2026-09-17T05:25:51.910112099Z,search,scaled,348cd506525f,200,10.605593
2026-09-17T05:25:51.97096255Z,search,scaled,660681595a5e,200,11.373254
2026-09-17T05:25:52.029724533Z,search,scaled,348cd506525f,200,10.222218
2026-09-17T05:25:52.091045496Z,search,scaled,660681595a5e,200,11.588059
2026-09-17T05:25:52.150913956Z,search,scaled,a1cb37b7da6b,200,11.228175
2026-09-17T05:25:52.210124122Z,search,scaled,660681595a5e,200,10.630166
2026-09-17T05:25:52.270544357Z,search,scaled,a1cb37b7da6b,200,10.800817
2026-09-17T05:25:52.329324445Z,search,scaled,348cd506525f,200,10.277313
2026-09-17T05:25:52.390852262Z,search,scaled,a1cb37b7da6b,200,12.125269
2026-09-17T05:25:52.450590583Z,search,scaled,348cd506525f,200,11.158001
2026-09-17T05:25:52.510156332Z,search,scaled,660681595a5e,200,10.938431
2026-09-17T05:25:52.570243425Z,search,scaled,348cd506525f,200,10.529237
2026-09-17T05:25:52.630207622Z,search,scaled,660681595a5e,200,10.345338
2026-09-17T05:25:52.690849972Z,search,scaled,a1cb37b7da6b,200,11.107397
2026-09-17T05:25:52.749963806Z,search,scaled,660681595a5e,200,10.472041
2026-09-17T05:25:52.810232936Z,search,scaled,a1cb37b7da6b,200,10.666179
2026-09-17T05:25:52.87093335Z,search,scaled,348cd506525f,200,11.107722
2026-09-17T05:25:52.9303643Z,search,scaled,a1cb37b7da6b,200,10.91833
2026-09-17T05:25:52.995000481Z,search,scaled,348cd506525f,200,15.970025
2026-09-17T05:25:53.050365225Z,search,scaled,660681595a5e,200,10.759633
2026-09-17T05:25:53.110063955Z,search,scaled,348cd506525f,200,11.124389
2026-09-17T05:25:53.169833037Z,search,scaled,660681595a5e,200,10.142694
2026-09-17T05:25:53.232269044Z,search,scaled,a1cb37b7da6b,200,12.755305
2026-09-17T05:25:53.290428622Z,search,scaled,660681595a5e,200,11.634382
2026-09-17T05:25:53.349637557Z,search,scaled,a1cb37b7da6b,200,10.581473
2026-09-17T05:25:53.409779234Z,search,scaled,348cd506525f,200,10.692411
2026-09-17T05:25:53.471177923Z,search,scaled,a1cb37b7da6b,200,11.529276
2026-09-17T05:25:53.530203517Z,search,scaled,348cd506525f,200,10.40855
2026-09-17T05:25:53.591623678Z,search,scaled,660681595a5e,200,12.358617
2026-09-17T05:25:53.651188218Z,search,scaled,348cd506525f,200,12.085252
2026-09-17T05:25:53.710501251Z,search,scaled,660681595a5e,200,10.753734
2026-09-17T05:25:53.769832564Z,search,scaled,a1cb37b7da6b,200,10.776225
2026-09-17T05:25:53.833234665Z,search,scaled,660681595a5e,200,13.785324
2026-09-17T05:25:53.891378561Z,search,scaled,a1cb37b7da6b,200,12.43652
2026-09-17T05:25:53.950285837Z,search,scaled,348cd506525f,200,11.218124
2026-09-17T05:25:54.008906634Z,search,scaled,a1cb37b7da6b,200,10.059937
2026-09-17T05:25:54.070692894Z,search,scaled,348cd506525f,200,11.078419
2026-09-17T05:25:54.130090798Z,search,scaled,660681595a5e,200,10.738213
2026-09-17T05:25:54.190132219Z,search,scaled,348cd506525f,200,10.621026
2026-09-17T05:25:54.249334304Z,search,scaled,660681595a5e,200,10.488157
2026-09-17T05:25:54.309141929Z,search,scaled,a1cb37b7da6b,200,10.069799
2026-09-17T05:25:54.370026995Z,search,scaled,660681595a5e,200,10.295054
2026-09-17T05:25:54.434765063Z,search,scaled,a1cb37b7da6b,200,15.234468
2026-09-17T05:25:54.489987267Z,search,scaled,348cd506525f,200,10.720242
2026-09-17T05:25:54.550759825Z,search,scaled,a1cb37b7da6b,200,11.268346
2026-09-17T05:25:54.610117483Z,search,scaled,348cd506525f,200,10.68622
2026-09-17T05:25:54.670772089Z,search,scaled,660681595a5e,200,10.943633
2026-09-17T05:25:54.729788676Z,search,scaled,348cd506525f,200,10.614905
2026-09-17T05:25:54.791232448Z,search,scaled,660681595a5e,200,12.231881
2026-09-17T05:25:54.851114838Z,search,scaled,a1cb37b7da6b,200,11.282099
2026-09-17T05:25:54.911073603Z,search,scaled,660681595a5e,200,11.374385
2026-09-17T05:25:54.971728403Z,search,scaled,a1cb37b7da6b,200,11.983175
2026-09-17T05:25:55.030815911Z,search,scaled,348cd506525f,200,11.548205
2026-09-17T05:25:55.090264344Z,search,scaled,a1cb37b7da6b,200,10.788317
2026-09-17T05:25:55.152424768Z,search,scaled,348cd506525f,200,12.617372
2026-09-17T05:25:55.209396503Z,search,scaled,660681595a5e,200,10.38163
2026-09-17T05:25:55.270090415Z,search,scaled,348cd506525f,200,10.737653
2026-09-17T05:25:55.330386577Z,search,scaled,660681595a5e,200,10.705437
2026-09-17T05:25:55.389354043Z,search,scaled,a1cb37b7da6b,200,10.462995
2026-09-17T05:25:55.450295512Z,search,scaled,660681595a5e,200,11.110457
2026-09-17T05:25:55.509463731Z,search,scaled,a1cb37b7da6b,200,10.248285
2026-09-17T05:25:55.570219713Z,search,scaled,348cd506525f,200,11.232526
2026-09-17T05:25:55.631605212Z,search,scaled,a1cb37b7da6b,200,11.723468
2026-09-17T05:25:55.689654642Z,search,scaled,348cd506525f,200,10.622475
2026-09-17T05:25:55.749235522Z,search,scaled,660681595a5e,200,9.972068
2026-09-17T05:25:55.810883827Z,search,scaled,348cd506525f,200,11.109448
2026-09-17T05:25:55.869636993Z,search,scaled,660681595a5e,200,10.347688
2026-09-17T05:25:55.930534179Z,search,scaled,a1cb37b7da6b,200,11.018062
2026-09-17T05:25:55.991489909Z,search,scaled,660681595a5e,200,12.419632
2026-09-17T05:25:56.050688946Z,search,scaled,a1cb37b7da6b,200,11.583118
2026-09-17T05:25:56.111145824Z,search,scaled,348cd506525f,200,11.741179
2026-09-17T05:25:56.17149025Z,search,scaled,a1cb37b7da6b,200,11.678696
2026-09-17T05:25:56.23085388Z,search,scaled,348cd506525f,200,11.727663
2026-09-17T05:25:56.291763397Z,search,scaled,660681595a5e,200,12.202089
2026-09-17T05:25:56.349467884Z,search,scaled,348cd506525f,200,10.21725
2026-09-17T05:25:56.41234184Z,search,scaled,660681595a5e,200,13.151057
2026-09-17T05:25:56.470725842Z,search,scaled,a1cb37b7da6b,200,11.961391
2026-09-17T05:25:56.531449702Z,search,scaled,660681595a5e,200,12.147999
2026-09-17T05:25:56.58999181Z,search,scaled,a1cb37b7da6b,200,10.977629
2026-09-17T05:25:56.652851156Z,search,scaled,348cd506525f,200,13.28337
2026-09-17T05:25:56.712758257Z,search,scaled,a1cb37b7da6b,200,12.861593
2026-09-17T05:25:56.772149384Z,search,scaled,348cd506525f,200,12.740724
2026-09-17T05:25:56.831216551Z,search,scaled,660681595a5e,200,11.465341
2026-09-17T05:25:56.890226194Z,search,scaled,348cd506525f,200,11.420188
2026-09-17T05:25:56.950256553Z,search,scaled,660681595a5e,200,11.274247
2026-09-17T05:25:57.011400406Z,search,scaled,a1cb37b7da6b,200,12.532339
2026-09-17T05:25:57.069744893Z,search,scaled,660681595a5e,200,10.607341
2026-09-17T05:25:57.130779072Z,search,scaled,a1cb37b7da6b,200,11.370795
2026-09-17T05:25:57.18971544Z,search,scaled,348cd506525f,200,10.916785
2026-09-17T05:25:57.249694266Z,search,scaled,a1cb37b7da6b,200,10.406042
2026-09-17T05:25:57.31039947Z,search,scaled,348cd506525f,200,10.985039
2026-09-17T05:25:57.369376335Z,search,scaled,660681595a5e,200,10.29614
2026-09-17T05:25:57.430158479Z,search,scaled,348cd506525f,200,11.365184
2026-09-17T05:25:57.491848927Z,search,scaled,660681595a5e,200,12.035427
2026-09-17T05:25:57.54945728Z,search,scaled,a1cb37b7da6b,200,10.038988
2026-09-17T05:25:57.610015234Z,search,scaled,660681595a5e,200,10.895053
2026-09-17T05:25:57.670649738Z,search,scaled,a1cb37b7da6b,200,11.164226
2026-09-17T05:25:57.729932224Z,search,scaled,348cd506525f,200,10.729448
2026-09-17T05:25:57.789522955Z,search,scaled,a1cb37b7da6b,200,10.650048
2026-09-17T05:25:57.849695143Z,search,scaled,348cd506525f,200,10.589753
2026-09-17T05:25:57.910460851Z,search,scaled,660681595a5e,200,11.065875
2026-09-17T05:25:57.972187126Z,search,scaled,348cd506525f,200,13.117902
2026-09-17T05:25:58.031479204Z,search,scaled,660681595a5e,200,11.837985
2026-09-17T05:25:58.089357028Z,search,scaled,a1cb37b7da6b,200,10.198673
2026-09-17T05:25:58.149474138Z,search,scaled,660681595a5e,200,10.630516
2026-09-17T05:25:58.211371375Z,search,scaled,a1cb37b7da6b,200,12.057004
2026-09-17T05:25:58.270782319Z,search,scaled,348cd506525f,200,10.914966
2026-09-17T05:25:58.330460485Z,search,scaled,a1cb37b7da6b,200,11.15427
2026-09-17T05:25:58.390071272Z,search,scaled,348cd506525f,200,10.836544
2026-09-17T05:25:58.450553177Z,search,scaled,660681595a5e,200,10.832768
2026-09-17T05:25:58.509645657Z,search,scaled,348cd506525f,200,10.515029
2026-09-17T05:25:58.569659395Z,search,scaled,660681595a5e,200,10.460166
2026-09-17T05:25:58.629871387Z,search,scaled,a1cb37b7da6b,200,10.462995
2026-09-17T05:25:58.691303853Z,search,scaled,660681595a5e,200,11.68679
2026-09-17T05:25:58.749625605Z,search,scaled,a1cb37b7da6b,200,10.458494
2026-09-17T05:25:58.811157163Z,search,scaled,348cd506525f,200,11.765735
2026-09-17T05:25:58.870877003Z,search,scaled,a1cb37b7da6b,200,11.312411
2026-09-17T05:25:58.930174484Z,search,scaled,348cd506525f,200,10.56391
2026-09-17T05:25:58.991179799Z,search,scaled,660681595a5e,200,11.413498
2026-09-17T05:25:59.049420552Z,search,scaled,348cd506525f,200,10.373245
2026-09-17T05:25:59.109598666Z,search,scaled,660681595a5e,200,10.508593
2026-09-17T05:25:59.169300009Z,search,scaled,a1cb37b7da6b,200,10.079951
2026-09-17T05:25:59.229737925Z,search,scaled,660681595a5e,200,10.582813
2026-09-17T05:25:59.289628285Z,search,scaled,a1cb37b7da6b,200,10.308695
2026-09-17T05:25:59.349381707Z,search,scaled,348cd506525f,200,10.339648
2026-09-17T05:25:59.411593069Z,search,scaled,a1cb37b7da6b,200,12.489566
2026-09-17T05:25:59.471357751Z,search,scaled,348cd506525f,200,12.249906
2026-09-17T05:25:59.529817Z,search,scaled,660681595a5e,200,10.893613
2026-09-17T05:25:59.590382644Z,search,scaled,348cd506525f,200,10.84677
2026-09-17T05:25:59.649003311Z,search,scaled,660681595a5e,200,10.199138
2026-09-17T05:25:59.710724012Z,search,scaled,a1cb37b7da6b,200,11.123479
2026-09-17T05:25:59.769788888Z,search,scaled,660681595a5e,200,10.570142
2026-09-17T05:25:59.83016579Z,search,scaled,a1cb37b7da6b,200,10.714242
2026-09-17T05:25:59.891080308Z,search,scaled,348cd506525f,200,11.449428
2026-09-17T05:25:59.950259992Z,search,scaled,a1cb37b7da6b,200,10.3921
2026-09-17T05:26:00.010683649Z,search,scaled,348cd506525f,200,11.817694
2026-09-17T05:26:00.071021718Z,search,scaled,660681595a5e,200,11.697337
2026-09-17T05:26:00.130513556Z,search,scaled,348cd506525f,200,10.936826
2026-09-17T05:26:00.190218415Z,search,scaled,660681595a5e,200,11.086465
2026-09-17T05:26:00.251692903Z,search,scaled,a1cb37b7da6b,200,11.838704
2026-09-17T05:26:00.310166401Z,search,scaled,660681595a5e,200,11.079895
2026-09-17T05:26:00.370112108Z,search,scaled,a1cb37b7da6b,200,10.528084
2026-09-17T05:26:00.430697487Z,search,scaled,348cd506525f,200,10.903789
2026-09-17T05:26:00.489972013Z,search,scaled,a1cb37b7da6b,200,10.684053
2026-09-17T05:26:00.549959566Z,search,scaled,348cd506525f,200,10.521876
2026-09-17T05:26:00.610394175Z,search,scaled,660681595a5e,200,10.804637
2026-09-17T05:26:00.669729201Z,search,scaled,348cd506525f,200,10.764565
2026-09-17T05:26:00.730432338Z,search,scaled,660681595a5e,200,11.05888
2026-09-17T05:26:00.790475339Z,search,scaled,a1cb37b7da6b,200,11.393261
2026-09-17T05:26:00.850181989Z,search,scaled,660681595a5e,200,11.086834
2026-09-17T05:26:00.910926129Z,search,scaled,a1cb37b7da6b,200,11.185343
2026-09-17T05:26:00.971625826Z,search,scaled,348cd506525f,200,12.153527
2026-09-17T05:26:01.031170436Z,search,scaled,a1cb37b7da6b,200,11.916901
2026-09-17T05:26:01.090712364Z,search,scaled,348cd506525f,200,11.01942
2026-09-17T05:26:01.149650793Z,search,scaled,660681595a5e,200,10.371447
2026-09-17T05:26:01.210288105Z,search,scaled,348cd506525f,200,10.68614
2026-09-17T05:26:01.271205737Z,search,scaled,660681595a5e,200,11.369515
2026-09-17T05:26:01.330535577Z,search,scaled,a1cb37b7da6b,200,10.716406
2026-09-17T05:26:01.390269133Z,search,scaled,660681595a5e,200,11.043572
2026-09-17T05:26:01.450615846Z,search,scaled,a1cb37b7da6b,200,11.819353
2026-09-17T05:26:01.509900028Z,search,scaled,348cd506525f,200,10.765763
2026-09-17T05:26:01.570754655Z,search,scaled,a1cb37b7da6b,200,11.037093
2026-09-17T05:26:01.630187047Z,search,scaled,348cd506525f,200,10.673939
2026-09-17T05:26:01.690511613Z,search,scaled,660681595a5e,200,10.8654
2026-09-17T05:26:01.74995756Z,search,scaled,348cd506525f,200,10.958865
2026-09-17T05:26:01.809979232Z,search,scaled,660681595a5e,200,10.432071
2026-09-17T05:26:01.871618851Z,search,scaled,a1cb37b7da6b,200,12.081632
2026-09-17T05:26:01.930424092Z,search,scaled,660681595a5e,200,11.171982
2026-09-17T05:26:01.989988723Z,search,scaled,a1cb37b7da6b,200,11.018591
2026-09-17T05:26:02.050225513Z,search,scaled,348cd506525f,200,10.699035
2026-09-17T05:26:02.110987848Z,search,scaled,a1cb37b7da6b,200,12.063589
2026-09-17T05:26:02.171572553Z,search,scaled,348cd506525f,200,11.909187
2026-09-17T05:26:02.23019459Z,search,scaled,660681595a5e,200,11.031257
2026-09-17T05:26:02.290126561Z,search,scaled,348cd506525f,200,10.355591
2026-09-17T05:26:02.349482841Z,search,scaled,660681595a5e,200,10.511291
2026-09-17T05:26:02.409866122Z,search,scaled,a1cb37b7da6b,200,10.70754
2026-09-17T05:26:02.473092336Z,search,scaled,660681595a5e,200,13.293923
2026-09-17T05:26:02.530442586Z,search,scaled,a1cb37b7da6b,200,10.710577
2026-09-17T05:26:02.590641744Z,search,scaled,348cd506525f,200,10.796017
2026-09-17T05:26:02.650415127Z,search,scaled,a1cb37b7da6b,200,11.132978
2026-09-17T05:26:02.710221354Z,search,scaled,348cd506525f,200,11.276878
2026-09-17T05:26:02.771173547Z,search,scaled,660681595a5e,200,11.329932
2026-09-17T05:26:02.83030227Z,search,scaled,348cd506525f,200,10.497537
2026-09-17T05:26:02.890371134Z,search,scaled,660681595a5e,200,10.525643
2026-09-17T05:26:02.950240409Z,search,scaled,a1cb37b7da6b,200,10.383273
2026-09-17T05:26:03.011013355Z,search,scaled,660681595a5e,200,11.854655
2026-09-17T05:26:03.072071226Z,search,scaled,a1cb37b7da6b,200,12.181114
2026-09-17T05:26:03.131742729Z,search,scaled,348cd506525f,200,11.931117
2026-09-17T05:26:03.190584717Z,search,scaled,a1cb37b7da6b,200,11.252337
2026-09-17T05:26:03.249996597Z,search,scaled,348cd506525f,200,10.693338
2026-09-17T05:26:03.311276661Z,search,scaled,660681595a5e,200,11.776479
2026-09-17T05:26:03.369616981Z,search,scaled,348cd506525f,200,10.85944
2026-09-17T05:26:03.430353765Z,search,scaled,660681595a5e,200,10.904979
2026-09-17T05:26:03.489699382Z,search,scaled,a1cb37b7da6b,200,10.77532
2026-09-17T05:26:03.550134064Z,search,scaled,660681595a5e,200,10.891312
2026-09-17T05:26:03.610801123Z,search,scaled,a1cb37b7da6b,200,11.166694
2026-09-17T05:26:03.6714061Z,search,scaled,348cd506525f,200,11.995196
2026-09-17T05:26:03.729064614Z,search,scaled,a1cb37b7da6b,200,10.156634
2026-09-17T05:26:03.789776437Z,search,scaled,348cd506525f,200,10.537835
2026-09-17T05:26:03.85021113Z,search,scaled,660681595a5e,200,10.885921
2026-09-17T05:26:03.911852868Z,search,scaled,348cd506525f,200,12.039348
2026-09-17T05:26:03.971072526Z,search,scaled,660681595a5e,200,11.570694
2026-09-17T05:26:04.030592865Z,search,scaled,a1cb37b7da6b,200,10.992535
2026-09-17T05:26:04.091624543Z,search,scaled,660681595a5e,200,12.384793
2026-09-17T05:26:04.15084617Z,search,scaled,a1cb37b7da6b,200,11.798822
2026-09-17T05:26:04.210595188Z,search,scaled,348cd506525f,200,11.130767
2026-09-17T05:26:04.270797136Z,search,scaled,a1cb37b7da6b,200,11.445298
2026-09-17T05:26:04.330636322Z,search,scaled,348cd506525f,200,11.116164
2026-09-17T05:26:04.390133353Z,search,scaled,660681595a5e,200,11.023372
2026-09-17T05:26:04.450697695Z,search,scaled,348cd506525f,200,11.08031
2026-09-17T05:26:04.510505622Z,search,scaled,660681595a5e,200,11.266556
2026-09-17T05:26:04.570275689Z,search,scaled,a1cb37b7da6b,200,11.028258
2026-09-17T05:26:04.629900804Z,search,scaled,660681595a5e,200,11.006421
2026-09-17T05:26:04.690677785Z,search,scaled,a1cb37b7da6b,200,11.240326
2026-09-17T05:26:04.750660589Z,search,scaled,348cd506525f,200,11.282484
2026-09-17T05:26:04.812318188Z,search,scaled,a1cb37b7da6b,200,12.949285
2026-09-17T05:26:04.871146118Z,search,scaled,348cd506525f,200,12.361992
2026-09-17T05:26:04.930515891Z,search,scaled,660681595a5e,200,11.45571
2026-09-17T05:26:04.990702999Z,search,scaled,348cd506525f,200,11.591699
2026-09-17T05:26:05.050733038Z,search,scaled,660681595a5e,200,11.511035
2026-09-17T05:26:05.110041122Z,search,scaled,a1cb37b7da6b,200,10.676779
2026-09-17T05:26:05.170293169Z,search,scaled,660681595a5e,200,10.754612
2026-09-17T05:26:05.229490486Z,search,scaled,a1cb37b7da6b,200,10.667876
2026-09-17T05:26:05.290639652Z,search,scaled,348cd506525f,200,11.29857
2026-09-17T05:26:05.350054113Z,search,scaled,a1cb37b7da6b,200,10.927575
2026-09-17T05:26:05.410812652Z,search,scaled,348cd506525f,200,11.097006
2026-09-17T05:26:05.471736322Z,search,scaled,660681595a5e,200,11.957593
2026-09-17T05:26:05.530302496Z,search,scaled,348cd506525f,200,10.917433
2026-09-17T05:26:05.589815824Z,search,scaled,660681595a5e,200,11.099891
2026-09-17T05:26:05.650130265Z,search,scaled,a1cb37b7da6b,200,10.509218
2026-09-17T05:26:05.711439132Z,search,scaled,660681595a5e,200,11.741679
2026-09-17T05:26:05.771184713Z,search,scaled,a1cb37b7da6b,200,12.194518
2026-09-17T05:26:05.830043418Z,search,scaled,348cd506525f,200,11.224823
2026-09-17T05:26:05.89082599Z,search,scaled,a1cb37b7da6b,200,11.350894
2026-09-17T05:26:05.950337857Z,search,scaled,348cd506525f,200,11.021501
2026-09-17T05:26:06.010457855Z,search,scaled,660681595a5e,200,11.524735
2026-09-17T05:26:06.069773109Z,search,scaled,348cd506525f,200,10.493695
2026-09-17T05:26:06.131325441Z,search,scaled,660681595a5e,200,11.77629
2026-09-17T05:26:06.189218742Z,search,scaled,a1cb37b7da6b,200,10.357937
2026-09-17T05:26:06.250680758Z,search,scaled,660681595a5e,200,10.927135
2026-09-17T05:26:06.309734573Z,search,scaled,a1cb37b7da6b,200,10.430969
2026-09-17T05:26:06.369864255Z,search,scaled,348cd506525f,200,10.500226
2026-09-17T05:26:06.430544234Z,search,scaled,a1cb37b7da6b,200,11.026875
2026-09-17T05:26:06.491559557Z,search,scaled,348cd506525f,200,12.430305
2026-09-17T05:26:06.549658586Z,search,scaled,660681595a5e,200,10.699565
2026-09-17T05:26:06.610705945Z,search,scaled,348cd506525f,200,11.440664
2026-09-17T05:26:06.67034422Z,search,scaled,660681595a5e,200,11.09759
2026-09-17T05:26:06.729506469Z,search,scaled,a1cb37b7da6b,200,10.375897
2026-09-17T05:26:06.79147179Z,search,scaled,660681595a5e,200,12.36071
2026-09-17T05:26:06.850663546Z,search,scaled,a1cb37b7da6b,200,11.674455
2026-09-17T05:26:06.910539143Z,search,scaled,348cd506525f,200,11.21452
2026-09-17T05:26:06.971476196Z,search,scaled,a1cb37b7da6b,200,12.25575
2026-09-17T05:26:07.030151442Z,search,scaled,348cd506525f,200,11.062892
2026-09-17T05:26:07.090310363Z,search,scaled,660681595a5e,200,10.633231
2026-09-17T05:26:07.150016848Z,search,scaled,348cd506525f,200,11.22694
2026-09-17T05:26:07.210156763Z,search,scaled,660681595a5e,200,10.547341
2026-09-17T05:26:07.269958599Z,search,scaled,a1cb37b7da6b,200,10.885922
2026-09-17T05:26:07.330158721Z,search,scaled,660681595a5e,200,10.556889
2026-09-17T05:26:07.389925176Z,search,scaled,a1cb37b7da6b,200,11.149109
2026-09-17T05:26:07.44998969Z,search,scaled,348cd506525f,200,10.497317
2026-09-17T05:26:07.511478714Z,search,scaled,a1cb37b7da6b,200,11.714502
2026-09-17T05:26:07.568826353Z,search,scaled,348cd506525f,200,9.775959
2026-09-17T05:26:07.630139234Z,search,scaled,660681595a5e,200,10.57449
2026-09-17T05:26:07.691482418Z,search,scaled,348cd506525f,200,11.728987
2026-09-17T05:26:07.750135984Z,search,scaled,660681595a5e,200,11.0798
2026-09-17T05:26:07.811035588Z,search,scaled,a1cb37b7da6b,200,11.333812
2026-09-17T05:26:07.870065284Z,search,scaled,660681595a5e,200,10.419652
2026-09-17T05:26:07.930329455Z,search,scaled,a1cb37b7da6b,200,10.824282
2026-09-17T05:26:07.99010751Z,search,scaled,348cd506525f,200,11.216178
2026-09-17T05:26:08.050698439Z,search,scaled,a1cb37b7da6b,200,11.018147
2026-09-17T05:26:08.111814939Z,search,scaled,348cd506525f,200,12.528722
2026-09-17T05:26:08.171313532Z,search,scaled,660681595a5e,200,11.844886
2026-09-17T05:26:08.229883765Z,search,scaled,348cd506525f,200,10.856073
2026-09-17T05:26:08.290707642Z,search,scaled,660681595a5e,200,11.091269
2026-09-17T05:26:08.351883256Z,search,scaled,a1cb37b7da6b,200,12.666249
2026-09-17T05:26:08.409991006Z,search,scaled,660681595a5e,200,10.295651
2026-09-17T05:26:08.470379228Z,search,scaled,a1cb37b7da6b,200,10.71644
2026-09-17T05:26:08.530072153Z,search,scaled,348cd506525f,200,11.246654
2026-09-17T05:26:08.590695836Z,search,scaled,a1cb37b7da6b,200,11.158534
2026-09-17T05:26:08.650413628Z,search,scaled,348cd506525f,200,11.17266
2026-09-17T05:26:08.710165177Z,search,scaled,660681595a5e,200,11.069592
2026-09-17T05:26:08.769759006Z,search,scaled,348cd506525f,200,10.127519
2026-09-17T05:26:08.830456309Z,search,scaled,660681595a5e,200,11.01788
2026-09-17T05:26:08.89039069Z,search,scaled,a1cb37b7da6b,200,11.015973
2026-09-17T05:26:08.950115708Z,search,scaled,660681595a5e,200,11.282668
2026-09-17T05:26:09.01289689Z,search,scaled,a1cb37b7da6b,200,13.090189
2026-09-17T05:26:09.070010383Z,search,scaled,348cd506525f,200,10.516045
2026-09-17T05:26:09.129881535Z,search,scaled,a1cb37b7da6b,200,10.145516
2026-09-17T05:26:09.192088467Z,search,scaled,348cd506525f,200,12.397928
2026-09-17T05:26:09.2504058Z,search,scaled,660681595a5e,200,10.8194
2026-09-17T05:26:09.309780805Z,search,scaled,348cd506525f,200,10.671147
2026-09-17T05:26:09.370926712Z,search,scaled,660681595a5e,200,11.355622
2026-09-17T05:26:09.430261218Z,search,scaled,a1cb37b7da6b,200,10.66659
2026-09-17T05:26:09.490086408Z,search,scaled,660681595a5e,200,11.278928
2026-09-17T05:26:09.551125114Z,search,scaled,a1cb37b7da6b,200,11.398301
2026-09-17T05:26:09.611078512Z,search,scaled,348cd506525f,200,11.332475
2026-09-17T05:26:09.671635059Z,search,scaled,a1cb37b7da6b,200,11.903808
2026-09-17T05:26:09.730819081Z,search,scaled,348cd506525f,200,11.649682
2026-09-17T05:26:09.790259529Z,search,scaled,660681595a5e,200,11.322651
2026-09-17T05:26:09.850746847Z,search,scaled,348cd506525f,200,11.020108
2026-09-17T05:26:09.90987699Z,search,scaled,660681595a5e,200,10.437756
2026-09-17T05:26:09.96999804Z,search,scaled,a1cb37b7da6b,200,10.678238
2026-09-17T05:26:10.030101258Z,search,scaled,660681595a5e,200,10.428076
2026-09-17T05:26:10.090217287Z,search,scaled,a1cb37b7da6b,200,10.502845
2026-09-17T05:26:10.150669083Z,search,scaled,348cd506525f,200,11.649592
2026-09-17T05:26:10.210240359Z,search,scaled,a1cb37b7da6b,200,10.732624
2026-09-17T05:26:10.270206754Z,search,scaled,348cd506525f,200,10.338543
2026-09-17T05:26:10.331027194Z,search,scaled,660681595a5e,200,11.188951
2026-09-17T05:26:10.3897322Z,search,scaled,348cd506525f,200,10.383962
2026-09-17T05:26:10.44994289Z,search,scaled,660681595a5e,200,10.504771
2026-09-17T05:26:10.51011455Z,search,scaled,a1cb37b7da6b,200,10.632182
2026-09-17T05:26:10.570164545Z,search,scaled,660681595a5e,200,10.569938
2026-09-17T05:26:10.629057712Z,search,scaled,a1cb37b7da6b,200,10.251988
2026-09-17T05:26:10.691211762Z,search,scaled,348cd506525f,200,11.534808
2026-09-17T05:26:10.751663258Z,search,scaled,a1cb37b7da6b,200,12.047498
2026-09-17T05:26:10.811621332Z,search,scaled,348cd506525f,200,12.397597
2026-09-17T05:26:10.871893451Z,search,scaled,660681595a5e,200,12.74342
2026-09-17T05:26:10.930720043Z,search,scaled,348cd506525f,200,11.231963
2026-09-17T05:26:10.990518915Z,search,scaled,660681595a5e,200,11.310718
2026-09-17T05:26:11.049792557Z,search,scaled,a1cb37b7da6b,200,10.691102
2026-09-17T05:26:11.11101685Z,search,scaled,660681595a5e,200,11.675434
2026-09-17T05:26:11.16973285Z,search,scaled,a1cb37b7da6b,200,10.198963
2026-09-17T05:26:11.230294344Z,search,scaled,348cd506525f,200,10.941979
2026-09-17T05:26:11.289184131Z,search,scaled,a1cb37b7da6b,200,10.448297
2026-09-17T05:26:11.351150903Z,search,scaled,348cd506525f,200,11.384383
2026-09-17T05:26:11.40922393Z,search,scaled,660681595a5e,200,10.310962
2026-09-17T05:26:11.469828236Z,search,scaled,348cd506525f,200,10.228477
2026-09-17T05:26:11.531153311Z,search,scaled,660681595a5e,200,11.527143
2026-09-17T05:26:11.591879557Z,search,scaled,a1cb37b7da6b,200,12.257072
2026-09-17T05:26:11.650193449Z,search,scaled,660681595a5e,200,10.539857
2026-09-17T05:26:11.710587687Z,search,scaled,a1cb37b7da6b,200,10.411253
2026-09-17T05:26:11.769761868Z,search,scaled,348cd506525f,200,10.877727
2026-09-17T05:26:11.830273259Z,search,scaled,a1cb37b7da6b,200,10.916329
2026-09-17T05:26:11.890207874Z,search,scaled,348cd506525f,200,11.089669
2026-09-17T05:26:11.949547016Z,search,scaled,660681595a5e,200,10.646029
2026-09-17T05:26:12.013650087Z,search,scaled,348cd506525f,200,14.322585
2026-09-17T05:26:12.071767491Z,search,scaled,660681595a5e,200,12.600779
2026-09-17T05:26:12.132114147Z,search,scaled,a1cb37b7da6b,200,12.673351
2026-09-17T05:26:12.192039317Z,search,scaled,660681595a5e,200,12.486909
2026-09-17T05:26:12.251206887Z,search,scaled,a1cb37b7da6b,200,11.529535
2026-09-17T05:26:12.310006807Z,search,scaled,348cd506525f,200,11.179365
2026-09-17T05:26:12.370359842Z,search,scaled,a1cb37b7da6b,200,10.598081
2026-09-17T05:26:12.430438054Z,search,scaled,348cd506525f,200,11.557211
2026-09-17T05:26:12.490056168Z,search,scaled,660681595a5e,200,11.103859
2026-09-17T05:26:12.551562701Z,search,scaled,348cd506525f,200,11.663873
2026-09-17T05:26:12.609682151Z,search,scaled,660681595a5e,200,10.531797
2026-09-17T05:26:12.669500124Z,search,scaled,a1cb37b7da6b,200,10.266248
2026-09-17T05:26:12.731020823Z,search,scaled,660681595a5e,200,11.923901
2026-09-17T05:26:12.79074177Z,search,scaled,a1cb37b7da6b,200,11.135038
2026-09-17T05:26:12.850997082Z,search,scaled,348cd506525f,200,11.655332
2026-09-17T05:26:12.909837637Z,search,scaled,a1cb37b7da6b,200,10.205791
2026-09-17T05:26:12.971212969Z,search,scaled,348cd506525f,200,11.623915
2026-09-17T05:26:13.031029458Z,search,scaled,660681595a5e,200,11.859201
2026-09-17T05:26:13.090407488Z,search,scaled,348cd506525f,200,10.65522
2026-09-17T05:26:13.151328195Z,search,scaled,660681595a5e,200,12.235742
2026-09-17T05:26:13.20907785Z,search,scaled,a1cb37b7da6b,200,10.29537
2026-09-17T05:26:13.270650772Z,search,scaled,660681595a5e,200,10.86923
2026-09-17T05:26:13.331423019Z,search,scaled,a1cb37b7da6b,200,12.197849
2026-09-17T05:26:13.389907053Z,search,scaled,348cd506525f,200,10.965665
2026-09-17T05:26:13.44998091Z,search,scaled,a1cb37b7da6b,200,10.425814
2026-09-17T05:26:13.512483678Z,search,scaled,348cd506525f,200,12.917977
2026-09-17T05:26:13.570955771Z,search,scaled,660681595a5e,200,11.948923
2026-09-17T05:26:13.631247636Z,search,scaled,348cd506525f,200,11.676693
2026-09-17T05:26:13.69135403Z,search,scaled,660681595a5e,200,11.612365
2026-09-17T05:26:13.750077521Z,search,scaled,a1cb37b7da6b,200,11.028282
2026-09-17T05:26:13.809478666Z,search,scaled,660681595a5e,200,10.74091
2026-09-17T05:26:13.870010653Z,search,scaled,a1cb37b7da6b,200,10.815921
2026-09-17T05:26:13.930836979Z,search,scaled,348cd506525f,200,11.089156
2026-09-17T05:26:13.991467157Z,search,scaled,a1cb37b7da6b,200,12.207969
2026-09-17T05:26:14.052033452Z,search,scaled,348cd506525f,200,12.890725
2026-09-17T05:26:14.109861431Z,search,scaled,660681595a5e,200,10.307913
2026-09-17T05:26:14.171525929Z,search,scaled,348cd506525f,200,12.051907
2026-09-17T05:26:14.231041849Z,search,scaled,660681595a5e,200,11.932157
2026-09-17T05:26:14.290438518Z,search,scaled,a1cb37b7da6b,200,10.7371
2026-09-17T05:26:14.350730264Z,search,scaled,660681595a5e,200,11.530763
2026-09-17T05:26:14.410001791Z,search,scaled,a1cb37b7da6b,200,10.591321
2026-09-17T05:26:14.470578965Z,search,scaled,348cd506525f,200,10.992446
2026-09-17T05:26:14.531093785Z,search,scaled,a1cb37b7da6b,200,11.987533
2026-09-17T05:26:14.590401051Z,search,scaled,348cd506525f,200,10.847825
2026-09-17T05:26:14.651842768Z,search,scaled,660681595a5e,200,12.376691
2026-09-17T05:26:14.710511264Z,search,scaled,348cd506525f,200,11.052701
2026-09-17T05:26:14.771872172Z,search,scaled,660681595a5e,200,12.80872
2026-09-17T05:26:14.830774974Z,search,scaled,a1cb37b7da6b,200,11.228164
2026-09-17T05:26:14.891463691Z,search,scaled,660681595a5e,200,12.019052
2026-09-17T05:26:14.950859461Z,search,scaled,a1cb37b7da6b,200,11.565365
2026-09-17T05:26:15.014061722Z,search,scaled,348cd506525f,200,14.585588
2026-09-17T05:26:15.07035817Z,search,scaled,a1cb37b7da6b,200,10.55822
2026-09-17T05:26:15.130172383Z,search,scaled,348cd506525f,200,11.209342
2026-09-17T05:26:15.190668343Z,search,scaled,660681595a5e,200,10.918623
2026-09-17T05:26:15.250480085Z,search,scaled,348cd506525f,200,11.109875
2026-09-17T05:26:15.310946882Z,search,scaled,660681595a5e,200,11.79517
2026-09-17T05:26:15.370661689Z,search,scaled,a1cb37b7da6b,200,10.986117
2026-09-17T05:26:15.431460378Z,search,scaled,660681595a5e,200,12.232691
2026-09-17T05:26:15.489206983Z,search,scaled,a1cb37b7da6b,200,10.079226
2026-09-17T05:26:15.549513761Z,search,scaled,348cd506525f,200,10.735783
2026-09-17T05:26:15.609340984Z,search,scaled,a1cb37b7da6b,200,10.112348
2026-09-17T05:26:15.67127352Z,search,scaled,348cd506525f,200,11.47332
2026-09-17T05:26:15.72951963Z,search,scaled,660681595a5e,200,10.612863
2026-09-17T05:26:15.789342463Z,search,scaled,348cd506525f,200,10.345784
2026-09-17T05:26:15.849985983Z,search,scaled,660681595a5e,200,10.184617
2026-09-17T05:26:15.911823122Z,search,scaled,a1cb37b7da6b,200,12.199189
2026-09-17T05:26:15.969935061Z,search,scaled,660681595a5e,200,10.545618
2026-09-17T05:26:16.031068533Z,search,scaled,a1cb37b7da6b,200,11.531583
2026-09-17T05:26:16.090085103Z,search,scaled,348cd506525f,200,10.476574
2026-09-17T05:26:16.150405797Z,search,scaled,a1cb37b7da6b,200,10.659945
2026-09-17T05:26:16.20967114Z,search,scaled,348cd506525f,200,10.637215
2026-09-17T05:26:16.271642507Z,search,scaled,660681595a5e,200,12.241966
2026-09-17T05:26:16.331562619Z,search,scaled,348cd506525f,200,12.332677
2026-09-17T05:26:16.38973765Z,search,scaled,660681595a5e,200,10.791014
2026-09-17T05:26:16.450277791Z,search,scaled,a1cb37b7da6b,200,10.79133
2026-09-17T05:26:16.509719011Z,search,scaled,660681595a5e,200,10.941684
2026-09-17T05:26:16.570386687Z,search,scaled,a1cb37b7da6b,200,11.071313
2026-09-17T05:26:16.630599173Z,search,scaled,348cd506525f,200,11.522963
2026-09-17T05:26:16.689520972Z,search,scaled,a1cb37b7da6b,200,10.413239
2026-09-17T05:26:16.749872486Z,search,scaled,348cd506525f,200,10.838937
2026-09-17T05:26:16.810314141Z,search,scaled,660681595a5e,200,10.601386
2026-09-17T05:26:16.86964661Z,search,scaled,348cd506525f,200,10.642181
2026-09-17T05:26:16.929624724Z,search,scaled,660681595a5e,200,10.513606
2026-09-17T05:26:16.989514409Z,search,scaled,a1cb37b7da6b,200,10.26748
2026-09-17T05:26:17.049788138Z,search,scaled,660681595a5e,200,10.637059
2026-09-17T05:26:17.110519523Z,search,scaled,a1cb37b7da6b,200,11.09326
2026-09-17T05:26:17.170414772Z,search,scaled,348cd506525f,200,11.357897
2026-09-17T05:26:17.230085812Z,search,scaled,a1cb37b7da6b,200,11.11628
2026-09-17T05:26:17.289997617Z,search,scaled,348cd506525f,200,10.352745
2026-09-17T05:26:17.350206233Z,search,scaled,660681595a5e,200,10.70605
2026-09-17T05:26:17.410707868Z,search,scaled,348cd506525f,200,10.843128
2026-09-17T05:26:17.470759303Z,search,scaled,660681595a5e,200,11.480306
2026-09-17T05:26:17.529707344Z,search,scaled,a1cb37b7da6b,200,10.467623
2026-09-17T05:26:17.595634578Z,search,scaled,660681595a5e,200,16.196841
2026-09-17T05:26:17.650184785Z,search,scaled,a1cb37b7da6b,200,11.098466
2026-09-17T05:26:17.711150684Z,search,scaled,348cd506525f,200,11.392826
2026-09-17T05:26:17.770076544Z,search,scaled,a1cb37b7da6b,200,10.455141
2026-09-17T05:26:17.831464939Z,search,scaled,348cd506525f,200,11.756819
2026-09-17T05:26:17.890070467Z,search,scaled,660681595a5e,200,10.973747
2026-09-17T05:26:17.951099446Z,search,scaled,348cd506525f,200,11.49165
2026-09-17T05:26:18.010643217Z,search,scaled,660681595a5e,200,10.884835
2026-09-17T05:26:18.069848057Z,search,scaled,a1cb37b7da6b,200,10.619298
2026-09-17T05:26:18.130081408Z,search,scaled,660681595a5e,200,10.707263
2026-09-17T05:26:18.191350818Z,search,scaled,a1cb37b7da6b,200,11.603348
2026-09-17T05:26:18.24991605Z,search,scaled,348cd506525f,200,10.87555
2026-09-17T05:26:18.311060919Z,search,scaled,a1cb37b7da6b,200,11.53361
2026-09-17T05:26:18.370890283Z,search,scaled,348cd506525f,200,11.305969
2026-09-17T05:26:18.430507889Z,search,scaled,660681595a5e,200,11.003888
2026-09-17T05:26:18.48990657Z,search,scaled,348cd506525f,200,10.918132
2026-09-17T05:26:18.550090994Z,search,scaled,660681595a5e,200,10.716689
2026-09-17T05:26:18.610688075Z,search,scaled,a1cb37b7da6b,200,11.038661
2026-09-17T05:26:18.670874059Z,search,scaled,660681595a5e,200,11.667233
2026-09-17T05:26:18.730286511Z,search,scaled,a1cb37b7da6b,200,10.760252
2026-09-17T05:26:18.789432536Z,search,scaled,348cd506525f,200,10.485304
2026-09-17T05:26:18.848473028Z,search,scaled,a1cb37b7da6b,200,9.460071
2026-09-17T05:26:18.908953847Z,search,scaled,348cd506525f,200,10.815135
2026-09-17T05:26:18.9694384Z,search,scaled,660681595a5e,200,10.867749
2026-09-17T05:26:19.030564531Z,search,scaled,348cd506525f,200,12.453448
2026-09-17T05:26:19.089114891Z,search,scaled,660681595a5e,200,10.860119
2026-09-17T05:26:19.14913909Z,search,scaled,a1cb37b7da6b,200,11.440052
2026-09-17T05:26:19.208693216Z,search,scaled,660681595a5e,200,10.975827
2026-09-17T05:26:19.269164915Z,search,scaled,a1cb37b7da6b,200,10.722045
2026-09-17T05:26:19.329102496Z,search,scaled,348cd506525f,200,11.56788
2026-09-17T05:26:19.389105929Z,search,scaled,a1cb37b7da6b,200,11.319523
2026-09-17T05:26:19.449387843Z,search,scaled,348cd506525f,200,11.848379
2026-09-17T05:26:19.509157781Z,search,scaled,660681595a5e,200,11.231449
2026-09-17T05:26:19.569787467Z,search,scaled,348cd506525f,200,11.781189
2026-09-17T05:26:19.630211568Z,search,scaled,660681595a5e,200,11.701955
2026-09-17T05:26:19.689607439Z,search,scaled,a1cb37b7da6b,200,12.075009
2026-09-17T05:26:19.749293994Z,search,scaled,660681595a5e,200,11.119107
2026-09-17T05:26:19.81079685Z,search,scaled,a1cb37b7da6b,200,12.522698
2026-09-17T05:26:19.869967918Z,search,scaled,348cd506525f,200,11.659412
2026-09-17T05:26:19.929878013Z,search,scaled,a1cb37b7da6b,200,12.119422
2026-09-17T05:26:19.990800645Z,search,scaled,348cd506525f,200,12.397601
2026-09-17T05:26:20.051436139Z,search,scaled,660681595a5e,200,12.869471
2026-09-17T05:26:20.10990614Z,search,scaled,348cd506525f,200,11.876962
2026-09-17T05:26:20.170138886Z,search,scaled,660681595a5e,200,11.737663
2026-09-17T05:26:20.230376923Z,search,scaled,a1cb37b7da6b,200,12.400921
2026-09-17T05:26:20.29219571Z,search,scaled,660681595a5e,200,14.241322
2026-09-17T05:26:20.353583288Z,search,scaled,a1cb37b7da6b,200,15.033165
2026-09-17T05:26:20.409721804Z,search,scaled,348cd506525f,200,11.491951
2026-09-17T05:26:20.470644332Z,search,scaled,a1cb37b7da6b,200,12.377354
2026-09-17T05:26:20.530593724Z,search,scaled,348cd506525f,200,12.300737
2026-09-17T05:26:20.588589414Z,search,scaled,660681595a5e,200,11.03239
2026-09-17T05:26:20.649920583Z,search,scaled,348cd506525f,200,11.785541
2026-09-17T05:26:20.70955472Z,search,scaled,660681595a5e,200,11.127947
2026-09-17T05:26:20.769275063Z,search,scaled,a1cb37b7da6b,200,11.130095
2026-09-17T05:26:20.829378071Z,search,scaled,660681595a5e,200,11.480519
2026-09-17T05:26:20.890851736Z,search,scaled,a1cb37b7da6b,200,12.930611
2026-09-17T05:26:20.94961219Z,search,scaled,348cd506525f,200,11.606063
2026-09-17T05:26:21.009593935Z,search,scaled,a1cb37b7da6b,200,11.307962
2026-09-17T05:26:21.07039378Z,search,scaled,348cd506525f,200,11.926394
2026-09-17T05:26:21.128689343Z,search,scaled,660681595a5e,200,10.666127
2026-09-17T05:26:21.189661439Z,search,scaled,348cd506525f,200,11.960916
2026-09-17T05:26:21.249810405Z,search,scaled,660681595a5e,200,11.590632
2026-09-17T05:26:21.308934924Z,search,scaled,a1cb37b7da6b,200,11.300118
2026-09-17T05:26:21.369987905Z,search,scaled,660681595a5e,200,11.638481
2026-09-17T05:26:21.429932043Z,search,scaled,a1cb37b7da6b,200,11.32386
2026-09-17T05:26:21.488985422Z,search,scaled,348cd506525f,200,10.510495
2026-09-17T05:26:21.550109417Z,search,scaled,a1cb37b7da6b,200,11.557363
2026-09-17T05:26:21.608013235Z,search,scaled,348cd506525f,200,10.254924
2026-09-17T05:26:21.668842997Z,search,scaled,660681595a5e,200,10.988157
2026-09-17T05:26:21.728935894Z,search,scaled,348cd506525f,200,10.470434
2026-09-17T05:26:21.789247526Z,search,scaled,660681595a5e,200,10.784793
2026-09-17T05:26:21.848598265Z,search,scaled,a1cb37b7da6b,200,10.732771
2026-09-17T05:26:21.90902911Z,search,scaled,660681595a5e,200,10.871705
2026-09-17T05:26:21.967828917Z,search,scaled,a1cb37b7da6b,200,10.247179
2026-09-17T05:26:22.030511161Z,search,scaled,348cd506525f,200,12.111476
2026-09-17T05:26:22.090304054Z,search,scaled,a1cb37b7da6b,200,12.107913
2026-09-17T05:26:22.148686168Z,search,scaled,348cd506525f,200,10.671107
2026-09-17T05:26:22.210687042Z,search,scaled,660681595a5e,200,12.462316
2026-09-17T05:26:22.269466212Z,search,scaled,348cd506525f,200,11.125585
2026-09-17T05:26:22.328777519Z,search,scaled,660681595a5e,200,10.623329
2026-09-17T05:26:22.388573097Z,search,scaled,a1cb37b7da6b,200,10.850759
2026-09-17T05:26:22.448679555Z,search,scaled,660681595a5e,200,10.675897
2026-09-17T05:26:22.509898423Z,search,scaled,a1cb37b7da6b,200,11.41069
2026-09-17T05:26:22.56997487Z,search,scaled,348cd506525f,200,11.626937
2026-09-17T05:26:22.630095583Z,search,scaled,a1cb37b7da6b,200,11.579627
2026-09-17T05:26:22.68844426Z,search,scaled,348cd506525f,200,10.95955
2026-09-17T05:26:22.748489734Z,search,scaled,660681595a5e,200,10.529626
2026-09-17T05:26:22.809312765Z,search,scaled,348cd506525f,200,11.135377
2026-09-17T05:26:22.869694763Z,search,scaled,660681595a5e,200,11.874966
2026-09-17T05:26:22.929001438Z,search,scaled,a1cb37b7da6b,200,10.509616
2026-09-17T05:26:22.989555552Z,search,scaled,660681595a5e,200,11.890632
2026-09-17T05:26:23.048478636Z,search,scaled,a1cb37b7da6b,200,10.252928
2026-09-17T05:26:23.108895555Z,search,scaled,348cd506525f,200,10.766533
2026-09-17T05:26:23.171052149Z,search,scaled,a1cb37b7da6b,200,12.700142
2026-09-17T05:26:23.229561732Z,search,scaled,348cd506525f,200,11.867724
2026-09-17T05:26:23.288963679Z,search,scaled,660681595a5e,200,10.899676
2026-09-17T05:26:23.350160296Z,search,scaled,348cd506525f,200,11.588928
2026-09-17T05:26:23.409033642Z,search,scaled,660681595a5e,200,11.17657
2026-09-17T05:26:23.469157242Z,search,scaled,a1cb37b7da6b,200,11.365823
2026-09-17T05:26:23.528722974Z,search,scaled,660681595a5e,200,10.854428
2026-09-17T05:26:23.588424976Z,search,scaled,a1cb37b7da6b,200,10.214276
2026-09-17T05:26:23.649237501Z,search,scaled,348cd506525f,200,11.288868
2026-09-17T05:26:23.708487433Z,search,scaled,a1cb37b7da6b,200,10.640775
2026-09-17T05:26:23.769231713Z,search,scaled,348cd506525f,200,11.19444
2026-09-17T05:26:23.828335216Z,search,scaled,660681595a5e,200,10.541457
2026-09-17T05:26:23.889436855Z,search,scaled,348cd506525f,200,11.394089
2026-09-17T05:26:23.949207926Z,search,scaled,660681595a5e,200,11.192631
2026-09-17T05:26:24.008919289Z,search,scaled,a1cb37b7da6b,200,10.931243
2026-09-17T05:26:24.071535694Z,search,scaled,660681595a5e,200,13.065475
2026-09-17T05:26:24.129320368Z,search,scaled,a1cb37b7da6b,200,11.253705
2026-09-17T05:26:24.189731592Z,search,scaled,348cd506525f,200,11.904183
2026-09-17T05:26:24.247676151Z,search,scaled,a1cb37b7da6b,200,10.155572
2026-09-17T05:26:24.308647656Z,search,scaled,348cd506525f,200,10.304706
2026-09-17T05:26:24.368836778Z,search,scaled,660681595a5e,200,10.531766
2026-09-17T05:26:24.428695336Z,search,scaled,348cd506525f,200,10.18467
2026-09-17T05:26:24.488365213Z,search,scaled,660681595a5e,200,10.902726
2026-09-17T05:26:24.548435153Z,search,scaled,a1cb37b7da6b,200,10.517586
2026-09-17T05:26:24.608497117Z,search,scaled,660681595a5e,200,10.444486
2026-09-17T05:26:24.669852239Z,search,scaled,a1cb37b7da6b,200,11.735987
2026-09-17T05:26:24.730404274Z,search,scaled,348cd506525f,200,11.958241
2026-09-17T05:26:24.788457767Z,search,scaled,a1cb37b7da6b,200,10.984997
2026-09-17T05:26:24.849559881Z,search,scaled,348cd506525f,200,11.414786
2026-09-17T05:26:24.90894128Z,search,scaled,660681595a5e,200,10.789805
2026-09-17T05:26:24.969198142Z,search,scaled,348cd506525f,200,10.792878
2026-09-17T05:26:25.027948746Z,search,scaled,660681595a5e,200,10.246038
2026-09-17T05:26:25.088439018Z,search,scaled,a1cb37b7da6b,200,10.945214
2026-09-17T05:26:25.149679272Z,search,scaled,660681595a5e,200,11.659833
2026-09-17T05:26:25.208781402Z,search,scaled,a1cb37b7da6b,200,10.50128
2026-09-17T05:26:25.270513127Z,search,scaled,348cd506525f,200,12.045401
2026-09-17T05:26:25.329102355Z,search,scaled,a1cb37b7da6b,200,11.258045
2026-09-17T05:26:25.388678117Z,search,scaled,348cd506525f,200,10.977266
2026-09-17T05:26:25.448764284Z,search,scaled,660681595a5e,200,10.605863
2026-09-17T05:26:25.507958332Z,search,scaled,348cd506525f,200,10.195345
2026-09-17T05:26:25.572442569Z,search,scaled,660681595a5e,200,13.361054
2026-09-17T05:26:25.62859968Z,search,scaled,a1cb37b7da6b,200,10.426295
2026-09-17T05:26:25.688593495Z,search,scaled,660681595a5e,200,10.272554
2026-09-17T05:26:25.748965091Z,search,scaled,a1cb37b7da6b,200,10.755733
2026-09-17T05:26:25.809561511Z,search,scaled,348cd506525f,200,11.105856
2026-09-17T05:26:25.869971539Z,search,scaled,a1cb37b7da6b,200,11.493459
2026-09-17T05:26:25.929202217Z,search,scaled,348cd506525f,200,10.620172
2026-09-17T05:26:25.98846955Z,search,scaled,660681595a5e,200,10.812005
2026-09-17T05:26:26.050612212Z,search,scaled,348cd506525f,200,12.610555
2026-09-17T05:26:26.109043189Z,search,scaled,660681595a5e,200,10.730021
2026-09-17T05:26:26.169430315Z,search,scaled,a1cb37b7da6b,200,11.780601
2026-09-17T05:26:26.228976751Z,search,scaled,660681595a5e,200,10.908161
2026-09-17T05:26:26.289503022Z,search,scaled,a1cb37b7da6b,200,10.852119
2026-09-17T05:26:26.349341882Z,search,scaled,348cd506525f,200,11.258285
2026-09-17T05:26:26.409661513Z,search,scaled,a1cb37b7da6b,200,11.511011
2026-09-17T05:26:26.468904644Z,search,scaled,348cd506525f,200,10.539057
2026-09-17T05:26:26.529253387Z,search,scaled,660681595a5e,200,10.860599
2026-09-17T05:26:26.588713272Z,search,scaled,348cd506525f,200,10.87445
2026-09-17T05:26:26.648744144Z,search,scaled,660681595a5e,200,10.520516
2026-09-17T05:26:26.709818146Z,search,scaled,a1cb37b7da6b,200,11.263806
2026-09-17T05:26:26.770598209Z,search,scaled,660681595a5e,200,12.018126
2026-09-17T05:26:26.828904907Z,search,scaled,a1cb37b7da6b,200,10.745832
2026-09-17T05:26:26.889727192Z,search,scaled,348cd506525f,200,11.35048
2026-09-17T05:26:26.949037407Z,search,scaled,a1cb37b7da6b,200,10.722736
2026-09-17T05:26:27.009048878Z,search,scaled,348cd506525f,200,11.288377
2026-09-17T05:26:27.067938751Z,search,scaled,660681595a5e,200,10.379212
2026-09-17T05:26:27.129557363Z,search,scaled,348cd506525f,200,11.139967
2026-09-17T05:26:27.189287305Z,search,scaled,660681595a5e,200,11.447548
2026-09-17T05:26:27.251780841Z,search,scaled,a1cb37b7da6b,200,13.647594
2026-09-17T05:26:27.309952365Z,search,scaled,660681595a5e,200,11.657336
2026-09-17T05:26:27.372550534Z,search,scaled,a1cb37b7da6b,200,14.095448
2026-09-17T05:26:27.43028377Z,search,scaled,348cd506525f,200,12.113929
2026-09-17T05:26:27.490536851Z,search,scaled,a1cb37b7da6b,200,12.483822
2026-09-17T05:26:27.551353765Z,search,scaled,348cd506525f,200,13.139694
2026-09-17T05:26:27.610659861Z,search,scaled,660681595a5e,200,12.69117
2026-09-17T05:26:27.673855952Z,search,scaled,348cd506525f,200,15.179888
2026-09-17T05:26:27.729611388Z,search,scaled,660681595a5e,200,11.380749
2026-09-17T05:26:27.789645925Z,search,scaled,a1cb37b7da6b,200,11.555349
2026-09-17T05:26:27.849541169Z,search,scaled,660681595a5e,200,11.20431
2026-09-17T05:26:27.909635796Z,search,scaled,a1cb37b7da6b,200,11.381623
2026-09-17T05:26:27.969675815Z,search,scaled,348cd506525f,200,11.38152
2026-09-17T05:26:28.029254831Z,search,scaled,a1cb37b7da6b,200,11.206291
2026-09-17T05:26:28.089729954Z,search,scaled,348cd506525f,200,11.400154
2026-09-17T05:26:28.149995332Z,search,scaled,660681595a5e,200,11.391435
2026-09-17T05:26:28.210385459Z,search,scaled,348cd506525f,200,11.727136
2026-09-17T05:26:28.27176934Z,search,scaled,660681595a5e,200,13.727008
2026-09-17T05:26:28.329458828Z,search,scaled,a1cb37b7da6b,200,11.220912
2026-09-17T05:26:28.388994978Z,search,scaled,660681595a5e,200,11.018534
2026-09-17T05:26:28.449442888Z,search,scaled,a1cb37b7da6b,200,11.891587
2026-09-17T05:26:28.509026727Z,search,scaled,348cd506525f,200,10.859974
2026-09-17T05:26:28.56929822Z,search,scaled,a1cb37b7da6b,200,10.935688
2026-09-17T05:26:28.62930189Z,search,scaled,348cd506525f,200,11.322849
2026-09-17T05:26:28.689093698Z,search,scaled,660681595a5e,200,10.978007
2026-09-17T05:26:28.748437084Z,search,scaled,348cd506525f,200,10.895441
2026-09-17T05:26:28.808622557Z,search,scaled,660681595a5e,200,10.625543
2026-09-17T05:26:28.869649026Z,search,scaled,a1cb37b7da6b,200,11.109386
2026-09-17T05:26:28.929753079Z,search,scaled,660681595a5e,200,11.502816
2026-09-17T05:26:28.988462268Z,search,scaled,a1cb37b7da6b,200,10.981742
2026-09-17T05:26:29.050855307Z,search,scaled,348cd506525f,200,12.813077
2026-09-17T05:26:29.110365776Z,search,scaled,a1cb37b7da6b,200,11.813872
2026-09-17T05:26:29.170582191Z,search,scaled,348cd506525f,200,12.636267
2026-09-17T05:26:29.229749375Z,search,scaled,660681595a5e,200,11.474109
2026-09-17T05:26:29.289217946Z,search,scaled,348cd506525f,200,10.909116
2026-09-17T05:26:29.348538887Z,search,scaled,660681595a5e,200,10.509416
2026-09-17T05:26:29.409483641Z,search,scaled,a1cb37b7da6b,200,11.253576
2026-09-17T05:26:29.469864315Z,search,scaled,660681595a5e,200,11.852233
2026-09-17T05:26:29.528413211Z,search,scaled,a1cb37b7da6b,200,10.927635
2026-09-17T05:26:29.588407271Z,search,scaled,348cd506525f,200,10.759708
2026-09-17T05:26:29.650269351Z,search,scaled,a1cb37b7da6b,200,12.331143
2026-09-17T05:26:29.708701351Z,search,scaled,348cd506525f,200,10.955445
2026-09-17T05:26:29.768997262Z,search,scaled,660681595a5e,200,10.821046
2026-09-17T05:26:29.828587175Z,search,scaled,348cd506525f,200,11.104034
2026-09-17T05:26:29.889133242Z,search,scaled,660681595a5e,200,10.916773
2026-09-17T05:26:29.948325669Z,search,scaled,a1cb37b7da6b,200,10.623933
2026-09-17T05:26:30.008692834Z,search,scaled,660681595a5e,200,10.776763
2026-09-17T05:26:30.069306035Z,search,scaled,a1cb37b7da6b,200,11.074693
2026-09-17T05:26:30.129427504Z,search,scaled,348cd506525f,200,10.980937
2026-09-17T05:26:30.188547226Z,search,scaled,a1cb37b7da6b,200,10.464032
2026-09-17T05:26:30.248840246Z,search,scaled,348cd506525f,200,10.517848
2026-09-17T05:26:30.309284266Z,search,scaled,660681595a5e,200,10.750462
2026-09-17T05:26:30.370307765Z,search,scaled,348cd506525f,200,12.444379
2026-09-17T05:26:30.428247403Z,search,scaled,660681595a5e,200,10.377302
2026-09-17T05:26:30.488770974Z,search,scaled,a1cb37b7da6b,200,10.896002
2026-09-17T05:26:30.547851333Z,search,scaled,660681595a5e,200,10.200885
2026-09-17T05:26:30.608375379Z,search,scaled,a1cb37b7da6b,200,10.673767
2026-09-17T05:26:30.669669564Z,search,scaled,348cd506525f,200,11.763778
2026-09-17T05:26:30.728850276Z,search,scaled,a1cb37b7da6b,200,10.576535
2026-09-17T05:26:30.789540003Z,search,scaled,348cd506525f,200,11.102471
2026-09-17T05:26:30.848975171Z,search,scaled,660681595a5e,200,11.066067
2026-09-17T05:26:30.909133571Z,search,scaled,348cd506525f,200,11.300887
2026-09-17T05:26:30.968749436Z,search,scaled,660681595a5e,200,11.198101
2026-09-17T05:26:31.030846697Z,search,scaled,a1cb37b7da6b,200,12.467226
2026-09-17T05:26:31.092672727Z,search,scaled,660681595a5e,200,14.321362
2026-09-17T05:26:31.150039163Z,search,scaled,a1cb37b7da6b,200,11.614318
2026-09-17T05:26:31.208708481Z,search,scaled,348cd506525f,200,11.136082
2026-09-17T05:26:31.270630974Z,search,scaled,a1cb37b7da6b,200,12.388841
2026-09-17T05:26:31.328784922Z,search,scaled,348cd506525f,200,10.58499
2026-09-17T05:26:31.388334709Z,search,scaled,660681595a5e,200,10.590041
2026-09-17T05:26:31.448585619Z,search,scaled,348cd506525f,200,10.579568
2026-09-17T05:26:31.509138523Z,search,scaled,660681595a5e,200,10.816002
2026-09-17T05:26:31.568597911Z,search,scaled,a1cb37b7da6b,200,10.861518
2026-09-17T05:26:31.629125762Z,search,scaled,660681595a5e,200,10.931618
2026-09-17T05:26:31.689214339Z,search,scaled,a1cb37b7da6b,200,11.191127
2026-09-17T05:26:31.750743746Z,search,scaled,348cd506525f,200,12.21894
2026-09-17T05:26:31.809872367Z,search,scaled,a1cb37b7da6b,200,11.412565
2026-09-17T05:26:31.86928946Z,search,scaled,348cd506525f,200,10.952424
2026-09-17T05:26:31.929008162Z,search,scaled,660681595a5e,200,10.934934
2026-09-17T05:26:31.988965205Z,search,scaled,348cd506525f,200,11.293752
2026-09-17T05:26:32.048625167Z,search,scaled,660681595a5e,200,10.143501
2026-09-17T05:26:32.108700978Z,search,scaled,a1cb37b7da6b,200,10.258093
2026-09-17T05:26:32.170786132Z,search,scaled,660681595a5e,200,12.550841
2026-09-17T05:26:32.229920627Z,search,scaled,a1cb37b7da6b,200,11.47291
2026-09-17T05:26:32.289432466Z,search,scaled,348cd506525f,200,10.897886
2026-09-17T05:26:32.349209864Z,search,scaled,a1cb37b7da6b,200,11.243638
2026-09-17T05:26:32.408546442Z,search,scaled,348cd506525f,200,10.713569
2026-09-17T05:26:32.468571406Z,search,scaled,660681595a5e,200,10.508135
2026-09-17T05:26:32.529859564Z,search,scaled,348cd506525f,200,11.376534
2026-09-17T05:26:32.589858645Z,search,scaled,660681595a5e,200,11.515163
2026-09-17T05:26:32.649775962Z,search,scaled,a1cb37b7da6b,200,11.244594
2026-09-17T05:26:32.709106619Z,search,scaled,660681595a5e,200,10.760861
2026-09-17T05:26:32.768264686Z,search,scaled,a1cb37b7da6b,200,10.728111
2026-09-17T05:26:32.828550078Z,search,scaled,348cd506525f,200,10.675937
2026-09-17T05:26:32.889446909Z,search,scaled,a1cb37b7da6b,200,11.249641
2026-09-17T05:26:32.951242096Z,search,scaled,348cd506525f,200,12.979275
2026-09-17T05:26:33.012303497Z,search,scaled,660681595a5e,200,14.329773
2026-09-17T05:26:33.06952362Z,search,scaled,348cd506525f,200,11.625169
2026-09-17T05:26:33.128650314Z,search,scaled,660681595a5e,200,10.260238
2026-09-17T05:26:33.188967797Z,search,scaled,a1cb37b7da6b,200,10.779864
2026-09-17T05:26:33.24882525Z,search,scaled,660681595a5e,200,10.25938
2026-09-17T05:26:33.310151334Z,search,scaled,a1cb37b7da6b,200,12.608229
2026-09-17T05:26:33.369629167Z,search,scaled,348cd506525f,200,11.684304
2026-09-17T05:26:33.430520158Z,search,scaled,a1cb37b7da6b,200,12.307613
2026-09-17T05:26:33.489047053Z,search,scaled,348cd506525f,200,10.785874
2026-09-17T05:26:33.549220707Z,search,scaled,660681595a5e,200,11.722697
2026-09-17T05:26:33.608593917Z,search,scaled,348cd506525f,200,10.749533
2026-09-17T05:26:33.669463212Z,search,scaled,660681595a5e,200,11.335156
2026-09-17T05:26:33.728779404Z,search,scaled,a1cb37b7da6b,200,10.818855
2026-09-17T05:26:33.789078175Z,search,scaled,660681595a5e,200,10.771823
2026-09-17T05:26:33.84860174Z,search,scaled,a1cb37b7da6b,200,11.029974
2026-09-17T05:26:33.909475336Z,search,scaled,348cd506525f,200,11.32566
2026-09-17T05:26:33.969208941Z,search,scaled,a1cb37b7da6b,200,11.193421
2026-09-17T05:26:34.0284115Z,search,scaled,348cd506525f,200,10.662186
2026-09-17T05:26:34.089391387Z,search,scaled,660681595a5e,200,11.233714
2026-09-17T05:26:34.148537032Z,search,scaled,348cd506525f,200,10.502254
2026-09-17T05:26:34.209679426Z,search,scaled,660681595a5e,200,11.485827
2026-09-17T05:26:34.2691883Z,search,scaled,a1cb37b7da6b,200,10.71585
2026-09-17T05:26:34.328822608Z,search,scaled,660681595a5e,200,10.961786
2026-09-17T05:26:34.38912688Z,search,scaled,a1cb37b7da6b,200,10.728081
2026-09-17T05:26:34.448244463Z,search,scaled,348cd506525f,200,10.7242
2026-09-17T05:26:34.508425727Z,search,scaled,a1cb37b7da6b,200,10.614832
2026-09-17T05:26:34.570394599Z,search,scaled,348cd506525f,200,12.41754
2026-09-17T05:26:34.628041445Z,search,scaled,660681595a5e,200,10.097209
2026-09-17T05:26:34.689505005Z,search,scaled,348cd506525f,200,11.915459
2026-09-17T05:26:34.748871681Z,search,scaled,660681595a5e,200,10.884145
2026-09-17T05:26:34.810195845Z,search,scaled,a1cb37b7da6b,200,11.855446
2026-09-17T05:26:34.871417097Z,search,scaled,660681595a5e,200,13.406762
2026-09-17T05:26:34.9290118Z,search,scaled,a1cb37b7da6b,200,10.821927
2026-09-17T05:26:34.988603186Z,search,scaled,348cd506525f,200,10.780089
2026-09-17T05:26:35.049048102Z,search,scaled,a1cb37b7da6b,200,10.894867
2026-09-17T05:26:35.109825071Z,search,scaled,348cd506525f,200,11.91978
2026-09-17T05:26:35.170930006Z,search,scaled,660681595a5e,200,12.54838
2026-09-17T05:26:35.230061381Z,search,scaled,348cd506525f,200,11.402105
2026-09-17T05:26:35.290872555Z,search,scaled,660681595a5e,200,13.016105
2026-09-17T05:26:35.352011884Z,search,scaled,a1cb37b7da6b,200,13.526866
2026-09-17T05:26:35.40934234Z,search,scaled,660681595a5e,200,11.726336
2026-09-17T05:26:35.470085275Z,search,scaled,a1cb37b7da6b,200,11.926553
2026-09-17T05:26:35.529561378Z,search,scaled,348cd506525f,200,11.78839
2026-09-17T05:26:35.589604012Z,search,scaled,a1cb37b7da6b,200,12.061022
2026-09-17T05:26:35.651326939Z,search,scaled,348cd506525f,200,13.116079
2026-09-17T05:26:35.710117608Z,search,scaled,660681595a5e,200,11.836495
2026-09-17T05:26:35.768991138Z,search,scaled,348cd506525f,200,11.219278
2026-09-17T05:26:35.828614961Z,search,scaled,660681595a5e,200,10.987843
2026-09-17T05:26:35.889486065Z,search,scaled,a1cb37b7da6b,200,11.204881
2026-09-17T05:26:35.948754078Z,search,scaled,660681595a5e,200,10.68382
2026-09-17T05:26:36.01110755Z,search,scaled,a1cb37b7da6b,200,12.594148
2026-09-17T05:26:36.070703251Z,search,scaled,348cd506525f,200,12.917476
2026-09-17T05:26:36.130808211Z,search,scaled,a1cb37b7da6b,200,12.358139
2026-09-17T05:26:36.189506106Z,search,scaled,348cd506525f,200,11.772648
2026-09-17T05:26:36.250158472Z,search,scaled,660681595a5e,200,12.032745
2026-09-17T05:26:36.309718313Z,search,scaled,348cd506525f,200,11.783084
2026-09-17T05:26:36.370867302Z,search,scaled,660681595a5e,200,12.510019
2026-09-17T05:26:36.430062602Z,search,scaled,a1cb37b7da6b,200,11.453619
2026-09-17T05:26:36.489128312Z,search,scaled,660681595a5e,200,11.606219
2026-09-17T05:26:36.548861666Z,search,scaled,a1cb37b7da6b,200,11.114871
2026-09-17T05:26:36.609721589Z,search,scaled,348cd506525f,200,11.894536
2026-09-17T05:26:36.670394337Z,search,scaled,a1cb37b7da6b,200,11.865791
2026-09-17T05:26:36.729584891Z,search,scaled,348cd506525f,200,11.537294
2026-09-17T05:26:36.789226119Z,search,scaled,660681595a5e,200,11.067743
2026-09-17T05:26:36.84920942Z,search,scaled,348cd506525f,200,11.205872
2026-09-17T05:26:36.909617478Z,search,scaled,660681595a5e,200,11.660641
2026-09-17T05:26:36.970183148Z,search,scaled,a1cb37b7da6b,200,11.825633
2026-09-17T05:26:37.029425069Z,search,scaled,660681595a5e,200,11.414104
2026-09-17T05:26:37.088807861Z,search,scaled,a1cb37b7da6b,200,10.844418
2026-09-17T05:26:37.149166878Z,search,scaled,348cd506525f,200,10.635294
2026-09-17T05:26:37.210346067Z,search,scaled,a1cb37b7da6b,200,12.194527
2026-09-17T05:26:37.269280129Z,search,scaled,348cd506525f,200,11.294108
2026-09-17T05:26:37.328525341Z,search,scaled,660681595a5e,200,10.636009
2026-09-17T05:26:37.389173772Z,search,scaled,348cd506525f,200,11.652787
2026-09-17T05:26:37.448703997Z,search,scaled,660681595a5e,200,10.918388
2026-09-17T05:26:37.509468905Z,search,scaled,a1cb37b7da6b,200,11.161565
2026-09-17T05:26:37.570561574Z,search,scaled,660681595a5e,200,12.52727
2026-09-17T05:26:37.629310073Z,search,scaled,a1cb37b7da6b,200,11.113725
2026-09-17T05:26:37.688804762Z,search,scaled,348cd506525f,200,10.728181
2026-09-17T05:26:37.752417863Z,search,scaled,a1cb37b7da6b,200,13.91781
2026-09-17T05:26:37.809272277Z,search,scaled,348cd506525f,200,11.244255
2026-09-17T05:26:37.868480037Z,search,scaled,660681595a5e,200,10.72562
2026-09-17T05:26:37.928397793Z,search,scaled,348cd506525f,200,10.264491
2026-09-17T05:26:37.988183391Z,search,scaled,660681595a5e,200,10.73824
2026-09-17T05:26:38.048639643Z,search,scaled,a1cb37b7da6b,200,10.783303
2026-09-17T05:26:38.108657756Z,search,scaled,660681595a5e,200,10.471943
2026-09-17T05:26:38.169604738Z,search,scaled,a1cb37b7da6b,200,11.103092
2026-09-17T05:26:38.229449334Z,search,scaled,348cd506525f,200,11.172731
2026-09-17T05:26:38.289025918Z,search,scaled,a1cb37b7da6b,200,10.978162
2026-09-17T05:26:38.349256265Z,search,scaled,348cd506525f,200,11.663751
2026-09-17T05:26:38.408874362Z,search,scaled,660681595a5e,200,11.004399
2026-09-17T05:26:38.469389783Z,search,scaled,348cd506525f,200,10.9456
2026-09-17T05:26:38.527936743Z,search,scaled,660681595a5e,200,10.34922
2026-09-17T05:26:38.590288483Z,search,scaled,a1cb37b7da6b,200,12.450995
2026-09-17T05:26:38.64856188Z,search,scaled,660681595a5e,200,10.898571
2026-09-17T05:26:38.710098624Z,search,scaled,a1cb37b7da6b,200,12.042688
2026-09-17T05:26:38.772108744Z,search,scaled,348cd506525f,200,14.377347
2026-09-17T05:26:38.830070626Z,search,scaled,a1cb37b7da6b,200,12.319281
2026-09-17T05:26:38.889727971Z,search,scaled,348cd506525f,200,12.248016
2026-09-17T05:26:38.950239541Z,search,scaled,660681595a5e,200,12.00164
2026-09-17T05:26:39.008741074Z,search,scaled,348cd506525f,200,10.852858
2026-09-17T05:26:39.070420302Z,search,scaled,660681595a5e,200,11.993398
2026-09-17T05:26:39.131777235Z,search,scaled,a1cb37b7da6b,200,13.713444
2026-09-17T05:26:39.189014693Z,search,scaled,660681595a5e,200,11.242368
2026-09-17T05:26:39.250180667Z,search,scaled,a1cb37b7da6b,200,12.358358
2026-09-17T05:26:39.309797025Z,search,scaled,348cd506525f,200,11.233739
2026-09-17T05:26:39.369317985Z,search,scaled,a1cb37b7da6b,200,11.050621
2026-09-17T05:26:39.428919825Z,search,scaled,348cd506525f,200,11.03415
2026-09-17T05:26:39.489687163Z,search,scaled,660681595a5e,200,11.26772
2026-09-17T05:26:39.549740629Z,search,scaled,348cd506525f,200,11.435978
2026-09-17T05:26:39.609187725Z,search,scaled,660681595a5e,200,10.7275
2026-09-17T05:26:39.667575326Z,search,scaled,a1cb37b7da6b,200,9.789124
2026-09-17T05:26:39.728295761Z,search,scaled,660681595a5e,200,10.211967
2026-09-17T05:26:39.789017105Z,search,scaled,a1cb37b7da6b,200,11.459393
2026-09-17T05:26:39.850479639Z,search,scaled,348cd506525f,200,11.874537
2026-09-17T05:26:39.908986672Z,search,scaled,a1cb37b7da6b,200,10.727849
2026-09-17T05:26:39.96769922Z,search,scaled,348cd506525f,200,10.086849
2026-09-17T05:26:40.028919907Z,search,scaled,660681595a5e,200,10.63919
2026-09-17T05:26:40.090724043Z,search,scaled,348cd506525f,200,12.164869
2026-09-17T05:26:40.150127786Z,search,scaled,660681595a5e,200,11.583442
2026-09-17T05:26:40.209293717Z,search,scaled,a1cb37b7da6b,200,11.460437
2026-09-17T05:26:40.269568687Z,search,scaled,660681595a5e,200,11.518052
2026-09-17T05:26:40.328265653Z,search,scaled,a1cb37b7da6b,200,10.225702
2026-09-17T05:26:40.389484916Z,search,scaled,348cd506525f,200,11.622247
2026-09-17T05:26:40.448541577Z,search,scaled,a1cb37b7da6b,200,10.555027
2026-09-17T05:26:40.509397416Z,search,scaled,348cd506525f,200,11.312517
2026-09-17T05:26:40.569903621Z,search,scaled,660681595a5e,200,11.734455
2026-09-17T05:26:40.629497356Z,search,scaled,348cd506525f,200,11.029438
2026-09-17T05:26:40.700529268Z,search,scaled,660681595a5e,200,22.407704
2026-09-17T05:26:40.751183573Z,search,scaled,a1cb37b7da6b,200,12.824698
2026-09-17T05:26:40.808998076Z,search,scaled,660681595a5e,200,11.167381
2026-09-17T05:26:40.867923572Z,search,scaled,a1cb37b7da6b,200,10.340982
2026-09-17T05:26:40.92859167Z,search,scaled,348cd506525f,200,10.067066
2026-09-17T05:26:40.989122317Z,search,scaled,a1cb37b7da6b,200,11.442887
2026-09-17T05:26:41.049512045Z,search,scaled,348cd506525f,200,11.689871
2026-09-17T05:26:41.108206351Z,search,scaled,660681595a5e,200,10.091961
2026-09-17T05:26:41.168076232Z,search,scaled,348cd506525f,200,10.283225
2026-09-17T05:26:41.228545919Z,search,scaled,660681595a5e,200,11.0412
2026-09-17T05:26:41.289011181Z,search,scaled,a1cb37b7da6b,200,10.938141
2026-09-17T05:26:41.347901081Z,search,scaled,660681595a5e,200,10.404087
2026-09-17T05:26:41.409142776Z,search,scaled,a1cb37b7da6b,200,10.584164
2026-09-17T05:26:41.46877913Z,search,scaled,348cd506525f,200,10.82152
2026-09-17T05:26:41.528834919Z,search,scaled,a1cb37b7da6b,200,10.601149
2026-09-17T05:26:41.589977998Z,search,scaled,348cd506525f,200,11.695353
2026-09-17T05:26:41.652012805Z,search,scaled,660681595a5e,200,13.499742
2026-09-17T05:26:41.710503937Z,search,scaled,348cd506525f,200,11.947557
2026-09-17T05:26:41.769191674Z,search,scaled,660681595a5e,200,11.021828
2026-09-17T05:26:41.82848347Z,search,scaled,a1cb37b7da6b,200,10.797974
2026-09-17T05:26:41.892258951Z,search,scaled,660681595a5e,200,13.707006
2026-09-17T05:26:41.948802325Z,search,scaled,a1cb37b7da6b,200,11.085631
2026-09-17T05:26:42.009546507Z,search,scaled,348cd506525f,200,11.023119
2026-09-17T05:26:42.06940533Z,search,scaled,a1cb37b7da6b,200,11.249544
2026-09-17T05:26:42.128508133Z,search,scaled,348cd506525f,200,10.59244
2026-09-17T05:26:42.188321282Z,search,scaled,660681595a5e,200,10.6259
2026-09-17T05:26:42.248885583Z,search,scaled,348cd506525f,200,11.05743
2026-09-17T05:26:42.309533878Z,search,scaled,660681595a5e,200,10.980787
2026-09-17T05:26:42.370388777Z,search,scaled,a1cb37b7da6b,200,12.204435
2026-09-17T05:26:42.428579595Z,search,scaled,660681595a5e,200,10.694721
2026-09-17T05:26:42.489107163Z,search,scaled,a1cb37b7da6b,200,10.97906
2026-09-17T05:26:42.54834561Z,search,scaled,348cd506525f,200,10.59956
2026-09-17T05:26:42.608881797Z,search,scaled,a1cb37b7da6b,200,11.028908
2026-09-17T05:26:42.668888311Z,search,scaled,348cd506525f,200,10.362069
2026-09-17T05:26:42.729338743Z,search,scaled,660681595a5e,200,10.934643
2026-09-17T05:26:42.788943449Z,search,scaled,348cd506525f,200,10.988946
2026-09-17T05:26:42.850493733Z,search,scaled,660681595a5e,200,12.169812
2026-09-17T05:26:42.908523976Z,search,scaled,a1cb37b7da6b,200,10.527945
2026-09-17T05:26:42.969558637Z,search,scaled,660681595a5e,200,11.382712
2026-09-17T05:26:43.034022784Z,search,scaled,a1cb37b7da6b,200,15.772682
2026-09-17T05:26:43.091423685Z,search,scaled,348cd506525f,200,13.677223
2026-09-17T05:26:43.148775703Z,search,scaled,a1cb37b7da6b,200,10.75962
2026-09-17T05:26:43.211049815Z,search,scaled,348cd506525f,200,12.627285
2026-09-17T05:26:43.273136195Z,search,scaled,660681595a5e,200,13.734786
2026-09-17T05:26:43.329314985Z,search,scaled,348cd506525f,200,11.736123
2026-09-17T05:26:43.390776705Z,search,scaled,660681595a5e,200,12.561565
2026-09-17T05:26:43.449595229Z,search,scaled,a1cb37b7da6b,200,11.214091
2026-09-17T05:26:43.510830883Z,search,scaled,660681595a5e,200,12.562269
2026-09-17T05:26:43.571459902Z,search,scaled,a1cb37b7da6b,200,12.961007
2026-09-17T05:26:43.631275912Z,search,scaled,348cd506525f,200,13.18982
2026-09-17T05:26:43.689847875Z,search,scaled,a1cb37b7da6b,200,11.934064
2026-09-17T05:26:43.751946416Z,search,scaled,348cd506525f,200,13.565375
2026-09-17T05:26:43.808897117Z,search,scaled,660681595a5e,200,10.396937
2026-09-17T05:26:43.870167559Z,search,scaled,348cd506525f,200,11.609002
2026-09-17T05:26:43.928789865Z,search,scaled,660681595a5e,200,11.148235
2026-09-17T05:26:43.989053314Z,search,scaled,a1cb37b7da6b,200,11.172242
2026-09-17T05:26:44.048454598Z,search,scaled,660681595a5e,200,10.844776
2026-09-17T05:26:44.109486769Z,search,scaled,a1cb37b7da6b,200,11.210481
2026-09-17T05:26:44.169099615Z,search,scaled,348cd506525f,200,10.886808
2026-09-17T05:26:44.228588449Z,search,scaled,a1cb37b7da6b,200,11.024003
2026-09-17T05:26:44.289667319Z,search,scaled,348cd506525f,200,11.355531
2026-09-17T05:26:44.35094913Z,search,scaled,660681595a5e,200,12.734901
2026-09-17T05:26:44.410215439Z,search,scaled,348cd506525f,200,12.377777
2026-09-17T05:26:44.469485404Z,search,scaled,660681595a5e,200,11.736825
2026-09-17T05:26:44.529811038Z,search,scaled,a1cb37b7da6b,200,11.662031
2026-09-17T05:26:44.589845952Z,search,scaled,660681595a5e,200,11.469418
2026-09-17T05:26:44.649199941Z,search,scaled,a1cb37b7da6b,200,10.799463
2026-09-17T05:26:44.708391831Z,search,scaled,348cd506525f,200,10.511584
2026-09-17T05:26:44.769723622Z,search,scaled,a1cb37b7da6b,200,11.763278
2026-09-17T05:26:44.830112729Z,search,scaled,348cd506525f,200,11.762526
2026-09-17T05:26:44.887914806Z,search,scaled,660681595a5e,200,10.209533
2026-09-17T05:26:44.949115029Z,search,scaled,348cd506525f,200,10.612241
2026-09-17T05:26:45.008896477Z,search,scaled,660681595a5e,200,11.12891
2026-09-17T05:26:45.069235981Z,search,scaled,a1cb37b7da6b,200,10.739798
2026-09-17T05:26:45.128834388Z,search,scaled,660681595a5e,200,10.60379
2026-09-17T05:26:45.189601071Z,search,scaled,a1cb37b7da6b,200,11.302068
2026-09-17T05:26:45.249376378Z,search,scaled,348cd506525f,200,11.277135
2026-09-17T05:26:45.308369493Z,search,scaled,a1cb37b7da6b,200,10.363404
2026-09-17T05:26:45.368543037Z,search,scaled,348cd506525f,200,10.59382
2026-09-17T05:26:45.428786596Z,search,scaled,660681595a5e,200,10.611962
2026-09-17T05:26:45.489367426Z,search,scaled,348cd506525f,200,11.013096
2026-09-17T05:26:45.551103023Z,search,scaled,660681595a5e,200,13.212902
2026-09-17T05:26:45.608357914Z,search,scaled,a1cb37b7da6b,200,10.486763
2026-09-17T05:26:45.669026436Z,search,scaled,660681595a5e,200,11.197415
2026-09-17T05:26:45.729377696Z,search,scaled,a1cb37b7da6b,200,10.803132
2026-09-17T05:26:45.788047522Z,search,scaled,348cd506525f,200,10.107378
2026-09-17T05:26:45.848764472Z,search,scaled,a1cb37b7da6b,200,11.065772
2026-09-17T05:26:45.910755945Z,search,scaled,348cd506525f,200,12.469344
2026-09-17T05:26:45.969160392Z,search,scaled,660681595a5e,200,10.717647
2026-09-17T05:26:46.028740247Z,search,scaled,348cd506525f,200,11.007507
2026-09-17T05:26:46.088968535Z,search,scaled,660681595a5e,200,10.799444
2026-09-17T05:26:46.149529694Z,search,scaled,a1cb37b7da6b,200,11.977682
2026-09-17T05:26:46.209021507Z,search,scaled,660681595a5e,200,10.741054
2026-09-17T05:26:46.268677853Z,search,scaled,a1cb37b7da6b,200,11.204939
2026-09-17T05:26:46.329077312Z,search,scaled,348cd506525f,200,10.88928
2026-09-17T05:26:46.388382918Z,search,scaled,a1cb37b7da6b,200,10.883088
2026-09-17T05:26:46.448421353Z,search,scaled,348cd506525f,200,10.404246
2026-09-17T05:26:46.508654823Z,search,scaled,660681595a5e,200,10.646274
2026-09-17T05:26:46.568919042Z,search,scaled,348cd506525f,200,10.627993
2026-09-17T05:26:46.629904864Z,search,scaled,660681595a5e,200,11.422478
2026-09-17T05:26:46.688462632Z,search,scaled,a1cb37b7da6b,200,10.635647
2026-09-17T05:26:46.748610864Z,search,scaled,660681595a5e,200,10.536232
2026-09-17T05:26:46.808920652Z,search,scaled,a1cb37b7da6b,200,10.73794
2026-09-17T05:26:46.869517278Z,search,scaled,348cd506525f,200,10.978539
2026-09-17T05:26:46.92851086Z,search,scaled,a1cb37b7da6b,200,10.539886
2026-09-17T05:26:46.987769774Z,search,scaled,348cd506525f,200,10.215405
2026-09-17T05:26:47.050698299Z,search,scaled,660681595a5e,200,12.430366
2026-09-17T05:26:47.109983144Z,search,scaled,348cd506525f,200,11.415883
2026-09-17T05:26:47.169831787Z,search,scaled,660681595a5e,200,11.312208
2026-09-17T05:26:47.229242185Z,search,scaled,a1cb37b7da6b,200,10.95753
2026-09-17T05:26:47.288872928Z,search,scaled,660681595a5e,200,10.863387
2026-09-17T05:26:47.34992605Z,search,scaled,a1cb37b7da6b,200,11.552902
2026-09-17T05:26:47.409363486Z,search,scaled,348cd506525f,200,10.821886
2026-09-17T05:26:47.469601494Z,search,scaled,a1cb37b7da6b,200,11.461178
2026-09-17T05:26:47.529597026Z,search,scaled,348cd506525f,200,11.400391
2026-09-17T05:26:47.589286058Z,search,scaled,660681595a5e,200,11.345749
2026-09-17T05:26:47.648453186Z,search,scaled,348cd506525f,200,10.588119
2026-09-17T05:26:47.708655906Z,search,scaled,660681595a5e,200,10.697453
2026-09-17T05:26:47.769096362Z,search,scaled,a1cb37b7da6b,200,10.777481
2026-09-17T05:26:47.829427658Z,search,scaled,660681595a5e,200,11.707264
2026-09-17T05:26:47.888564248Z,search,scaled,a1cb37b7da6b,200,10.51225
2026-09-17T05:26:47.948841143Z,search,scaled,348cd506525f,200,10.697086
2026-09-17T05:26:48.009120324Z,search,scaled,a1cb37b7da6b,200,10.862726
2026-09-17T05:26:48.068484505Z,search,scaled,348cd506525f,200,10.734409
2026-09-17T05:26:48.128860187Z,search,scaled,660681595a5e,200,10.828731
2026-09-17T05:26:48.188943752Z,search,scaled,348cd506525f,200,10.398468
2026-09-17T05:26:48.249910858Z,search,scaled,660681595a5e,200,11.53658
2026-09-17T05:26:48.309253557Z,search,scaled,a1cb37b7da6b,200,10.76486
2026-09-17T05:26:48.368892755Z,search,scaled,660681595a5e,200,10.867192
2026-09-17T05:26:48.430005556Z,search,scaled,a1cb37b7da6b,200,11.371595
2026-09-17T05:26:48.489048846Z,search,scaled,348cd506525f,200,10.636988
2026-09-17T05:26:48.549432971Z,search,scaled,a1cb37b7da6b,200,11.562426
2026-09-17T05:26:48.609619864Z,search,scaled,348cd506525f,200,11.608329
2026-09-17T05:26:48.669380339Z,search,scaled,660681595a5e,200,11.118558
2026-09-17T05:26:48.728587999Z,search,scaled,348cd506525f,200,10.714713
2026-09-17T05:26:48.787509611Z,search,scaled,660681595a5e,200,9.852148
2026-09-17T05:26:48.849560246Z,search,scaled,a1cb37b7da6b,200,11.003155
2026-09-17T05:26:48.907430908Z,search,scaled,660681595a5e,200,11.268328
2026-09-17T05:26:48.96792581Z,search,scaled,a1cb37b7da6b,200,10.82798
2026-09-17T05:26:49.02744575Z,search,scaled,348cd506525f,200,10.943477
2026-09-17T05:26:49.086163939Z,search,scaled,a1cb37b7da6b,200,10.04389
2026-09-17T05:26:49.148167697Z,search,scaled,348cd506525f,200,11.418897
2026-09-17T05:26:49.207425196Z,search,scaled,660681595a5e,200,10.577438
2026-09-17T05:26:49.269675061Z,search,scaled,348cd506525f,200,12.765188
2026-09-17T05:26:49.327252561Z,search,scaled,660681595a5e,200,10.846951
2026-09-17T05:26:49.388278857Z,search,scaled,a1cb37b7da6b,200,11.425788
2026-09-17T05:26:49.44893755Z,search,scaled,660681595a5e,200,11.695285
2026-09-17T05:26:49.506946884Z,search,scaled,a1cb37b7da6b,200,10.52988
2026-09-17T05:26:49.567051521Z,search,scaled,348cd506525f,200,10.555192
2026-09-17T05:26:49.626052998Z,search,scaled,a1cb37b7da6b,200,9.331024
2026-09-17T05:26:49.687556305Z,search,scaled,348cd506525f,200,10.915395
2026-09-17T05:26:49.747146661Z,search,scaled,660681595a5e,200,11.098027
2026-09-17T05:26:49.80727102Z,search,scaled,348cd506525f,200,10.507269
2026-09-17T05:26:49.86774454Z,search,scaled,660681595a5e,200,10.854542
2026-09-17T05:26:49.930191137Z,search,scaled,a1cb37b7da6b,200,13.906965
2026-09-17T05:26:49.986187332Z,search,scaled,660681595a5e,200,10.103324
2026-09-17T05:26:50.047827167Z,search,scaled,a1cb37b7da6b,200,11.14193
2026-09-17T05:26:50.109937782Z,search,scaled,348cd506525f,200,13.323498
2026-09-17T05:26:50.167189048Z,search,scaled,a1cb37b7da6b,200,10.709972
2026-09-17T05:26:50.227391402Z,search,scaled,348cd506525f,200,10.673819
2026-09-17T05:26:50.287732544Z,search,scaled,660681595a5e,200,10.856712
2026-09-17T05:26:50.347222392Z,search,scaled,348cd506525f,200,10.68269
2026-09-17T05:26:50.407582246Z,search,scaled,660681595a5e,200,10.816468
2026-09-17T05:26:50.467499031Z,search,scaled,a1cb37b7da6b,200,11.222954
2026-09-17T05:26:50.527354352Z,search,scaled,660681595a5e,200,10.985999
2026-09-17T05:26:50.586885294Z,search,scaled,a1cb37b7da6b,200,10.861423
2026-09-17T05:26:50.647406549Z,search,scaled,348cd506525f,200,10.856971
2026-09-17T05:26:50.707702179Z,search,scaled,a1cb37b7da6b,200,10.650088
2026-09-17T05:26:50.767310534Z,search,scaled,348cd506525f,200,11.007481
2026-09-17T05:26:50.826971413Z,search,scaled,660681595a5e,200,10.147256
2026-09-17T05:26:50.886841976Z,search,scaled,348cd506525f,200,10.258483
2026-09-17T05:26:50.949827747Z,search,scaled,660681595a5e,200,13.443306
2026-09-17T05:26:51.007729073Z,search,scaled,a1cb37b7da6b,200,11.115318
2026-09-17T05:26:51.067888604Z,search,scaled,660681595a5e,200,11.646901
2026-09-17T05:26:51.129823968Z,search,scaled,a1cb37b7da6b,200,13.309468
2026-09-17T05:26:51.18858798Z,search,scaled,348cd506525f,200,12.431812
2026-09-17T05:26:51.248006444Z,search,scaled,a1cb37b7da6b,200,11.77268
2026-09-17T05:26:51.309151787Z,search,scaled,348cd506525f,200,12.281617
2026-09-17T05:26:51.37012137Z,search,scaled,660681595a5e,200,13.177829
2026-09-17T05:26:51.4302787Z,search,scaled,348cd506525f,200,13.452767
2026-09-17T05:26:51.488937217Z,search,scaled,660681595a5e,200,12.08497
2026-09-17T05:26:51.548750146Z,search,scaled,a1cb37b7da6b,200,12.022229
2026-09-17T05:26:51.609447486Z,search,scaled,660681595a5e,200,12.71871
2026-09-17T05:26:51.667784946Z,search,scaled,a1cb37b7da6b,200,10.713802
2026-09-17T05:26:51.728560676Z,search,scaled,348cd506525f,200,12.134553
2026-09-17T05:26:51.786816636Z,search,scaled,a1cb37b7da6b,200,10.768815
2026-09-17T05:26:51.847446646Z,search,scaled,348cd506525f,200,11.116747
2026-09-17T05:26:51.907974561Z,search,scaled,660681595a5e,200,11.600419
2026-09-17T05:26:51.96842171Z,search,scaled,348cd506525f,200,11.797841
2026-09-17T05:26:52.027983753Z,search,scaled,660681595a5e,200,10.948708
2026-09-17T05:26:52.087067115Z,search,scaled,a1cb37b7da6b,200,10.491038
2026-09-17T05:26:52.149621558Z,search,scaled,660681595a5e,200,12.959255
2026-09-17T05:26:52.208633136Z,search,scaled,a1cb37b7da6b,200,11.46173
2026-09-17T05:26:52.267736969Z,search,scaled,348cd506525f,200,11.559706
2026-09-17T05:26:52.328113996Z,search,scaled,a1cb37b7da6b,200,11.707647
2026-09-17T05:26:52.38675058Z,search,scaled,348cd506525f,200,10.557953
2026-09-17T05:26:52.447244352Z,search,scaled,660681595a5e,200,10.976429
2026-09-17T05:26:52.507691031Z,search,scaled,348cd506525f,200,10.701407
2026-09-17T05:26:52.567423249Z,search,scaled,660681595a5e,200,11.165106
2026-09-17T05:26:52.62797237Z,search,scaled,a1cb37b7da6b,200,11.068855
2026-09-17T05:26:52.687631629Z,search,scaled,660681595a5e,200,11.276688
2026-09-17T05:26:52.747921238Z,search,scaled,a1cb37b7da6b,200,11.800982
2026-09-17T05:26:52.807659902Z,search,scaled,348cd506525f,200,11.123258
2026-09-17T05:26:52.86956707Z,search,scaled,a1cb37b7da6b,200,12.587592
2026-09-17T05:26:52.927778271Z,search,scaled,348cd506525f,200,11.359073
2026-09-17T05:26:52.987564578Z,search,scaled,660681595a5e,200,11.414317
2026-09-17T05:26:53.050001564Z,search,scaled,348cd506525f,200,13.542122
2026-09-17T05:26:53.107463423Z,search,scaled,660681595a5e,200,10.816369
2026-09-17T05:26:53.168046531Z,search,scaled,a1cb37b7da6b,200,11.005741
2026-09-17T05:26:53.227442625Z,search,scaled,660681595a5e,200,10.554142
2026-09-17T05:26:53.28710492Z,search,scaled,a1cb37b7da6b,200,9.930469
2026-09-17T05:26:53.348570138Z,search,scaled,348cd506525f,200,11.878397
2026-09-17T05:26:53.407505747Z,search,scaled,a1cb37b7da6b,200,10.366736
2026-09-17T05:26:53.46825875Z,search,scaled,348cd506525f,200,11.300209
2026-09-17T05:26:53.52732008Z,search,scaled,660681595a5e,200,10.457766
2026-09-17T05:26:53.586435815Z,search,scaled,348cd506525f,200,10.383001
2026-09-17T05:26:53.648563521Z,search,scaled,660681595a5e,200,11.575717
2026-09-17T05:26:53.70807445Z,search,scaled,a1cb37b7da6b,200,11.761809
2026-09-17T05:26:53.7679123Z,search,scaled,660681595a5e,200,11.081506
2026-09-17T05:26:53.827452262Z,search,scaled,a1cb37b7da6b,200,10.779026
2026-09-17T05:26:53.887482014Z,search,scaled,348cd506525f,200,10.560993
2026-09-17T05:26:53.947771033Z,search,scaled,a1cb37b7da6b,200,10.806828
2026-09-17T05:26:54.00691797Z,search,scaled,348cd506525f,200,10.37169
2026-09-17T05:26:54.066985987Z,search,scaled,660681595a5e,200,10.474069
2026-09-17T05:26:54.128627082Z,search,scaled,348cd506525f,200,12.027896
2026-09-17T05:26:54.186967487Z,search,scaled,660681595a5e,200,10.788137
2026-09-17T05:26:54.246938856Z,search,scaled,a1cb37b7da6b,200,10.293126
2026-09-17T05:26:54.307238395Z,search,scaled,660681595a5e,200,10.755406
2026-09-17T05:26:54.367874747Z,search,scaled,a1cb37b7da6b,200,11.123978
2026-09-17T05:26:54.428607034Z,search,scaled,348cd506525f,200,11.7047
2026-09-17T05:26:54.48712628Z,search,scaled,a1cb37b7da6b,200,11.038763
2026-09-17T05:26:54.547767101Z,search,scaled,348cd506525f,200,11.102267
2026-09-17T05:26:54.607005914Z,search,scaled,660681595a5e,200,10.601265
2026-09-17T05:26:54.667434702Z,search,scaled,348cd506525f,200,10.68672
2026-09-17T05:26:54.727468269Z,search,scaled,660681595a5e,200,10.364845
2026-09-17T05:26:54.786698636Z,search,scaled,a1cb37b7da6b,200,10.473767
2026-09-17T05:26:54.847723712Z,search,scaled,660681595a5e,200,11.284558
2026-09-17T05:26:54.908065844Z,search,scaled,a1cb37b7da6b,200,11.386495
2026-09-17T05:26:54.967221223Z,search,scaled,348cd506525f,200,10.596875
2026-09-17T05:26:55.028071368Z,search,scaled,a1cb37b7da6b,200,11.057304
2026-09-17T05:26:55.08745453Z,search,scaled,348cd506525f,200,10.814599
2026-09-17T05:26:55.148964236Z,search,scaled,660681595a5e,200,12.044787
2026-09-17T05:26:55.207087807Z,search,scaled,348cd506525f,200,10.599585
2026-09-17T05:26:55.266839102Z,search,scaled,660681595a5e,200,10.178148
2026-09-17T05:26:55.328425224Z,search,scaled,a1cb37b7da6b,200,11.981233
2026-09-17T05:26:55.387326624Z,search,scaled,660681595a5e,200,10.238082
2026-09-17T05:26:55.44724274Z,search,scaled,a1cb37b7da6b,200,10.507189
2026-09-17T05:26:55.507467225Z,search,scaled,348cd506525f,200,10.474246
2026-09-17T05:26:55.567020747Z,search,scaled,a1cb37b7da6b,200,10.682911
2026-09-17T05:26:55.628796181Z,search,scaled,348cd506525f,200,12.10582
2026-09-17T05:26:55.687459786Z,search,scaled,660681595a5e,200,11.150871
2026-09-17T05:26:55.747744025Z,search,scaled,348cd506525f,200,10.779487
2026-09-17T05:26:55.806324433Z,search,scaled,660681595a5e,200,9.94119
2026-09-17T05:26:55.867012851Z,search,scaled,a1cb37b7da6b,200,10.216591
2026-09-17T05:26:55.92729613Z,search,scaled,660681595a5e,200,10.732704
2026-09-17T05:26:55.986172354Z,search,scaled,a1cb37b7da6b,200,10.045995
2026-09-17T05:26:56.048001487Z,search,scaled,348cd506525f,200,10.929106
2026-09-17T05:26:56.108244763Z,search,scaled,a1cb37b7da6b,200,11.639001
2026-09-17T05:26:56.167647515Z,search,scaled,348cd506525f,200,10.803848
2026-09-17T05:26:56.226463105Z,search,scaled,660681595a5e,200,10.336022
2026-09-17T05:26:56.287785603Z,search,scaled,348cd506525f,200,10.874207
2026-09-17T05:26:56.348650701Z,search,scaled,660681595a5e,200,12.262568
2026-09-17T05:26:56.407518437Z,search,scaled,a1cb37b7da6b,200,11.182098
2026-09-17T05:26:56.467435568Z,search,scaled,660681595a5e,200,10.200338
2026-09-17T05:26:56.527809318Z,search,scaled,a1cb37b7da6b,200,10.901597
2026-09-17T05:26:56.587671Z,search,scaled,348cd506525f,200,11.250361
2026-09-17T05:26:56.646926001Z,search,scaled,a1cb37b7da6b,200,10.444867
2026-09-17T05:26:56.706989956Z,search,scaled,348cd506525f,200,10.432987
2026-09-17T05:26:56.7685481Z,search,scaled,660681595a5e,200,12.049762
2026-09-17T05:26:56.82747096Z,search,scaled,348cd506525f,200,11.045697
2026-09-17T05:26:56.887654793Z,search,scaled,660681595a5e,200,10.559794
2026-09-17T05:26:56.947073676Z,search,scaled,a1cb37b7da6b,200,10.857684
2026-09-17T05:26:57.007614353Z,search,scaled,660681595a5e,200,10.981914
2026-09-17T05:26:57.066599937Z,search,scaled,a1cb37b7da6b,200,10.524754
2026-09-17T05:26:57.127898659Z,search,scaled,348cd506525f,200,11.822984
2026-09-17T05:26:57.186973394Z,search,scaled,a1cb37b7da6b,200,10.441259
2026-09-17T05:26:57.24842157Z,search,scaled,348cd506525f,200,11.974565
2026-09-17T05:26:57.30733302Z,search,scaled,660681595a5e,200,10.499887
2026-09-17T05:26:57.368122681Z,search,scaled,348cd506525f,200,11.026716
2026-09-17T05:26:57.426739102Z,search,scaled,660681595a5e,200,9.937975
2026-09-17T05:26:57.487168231Z,search,scaled,a1cb37b7da6b,200,10.979563
2026-09-17T05:26:57.549691633Z,search,scaled,660681595a5e,200,12.636251
2026-09-17T05:26:57.608280506Z,search,scaled,a1cb37b7da6b,200,11.134202
2026-09-17T05:26:57.668130137Z,search,scaled,348cd506525f,200,11.154684
2026-09-17T05:26:57.728943422Z,search,scaled,a1cb37b7da6b,200,12.190852
2026-09-17T05:26:57.787738843Z,search,scaled,348cd506525f,200,11.280522
2026-09-17T05:26:57.847545532Z,search,scaled,660681595a5e,200,11.242399
2026-09-17T05:26:57.906910251Z,search,scaled,348cd506525f,200,10.472688
2026-09-17T05:26:57.966780214Z,search,scaled,660681595a5e,200,10.256356
2026-09-17T05:26:58.026894192Z,search,scaled,a1cb37b7da6b,200,10.460609
2026-09-17T05:26:58.087399047Z,search,scaled,660681595a5e,200,10.69006
2026-09-17T05:26:58.147959505Z,search,scaled,a1cb37b7da6b,200,10.934231
2026-09-17T05:26:58.206623668Z,search,scaled,348cd506525f,200,10.028931
2026-09-17T05:26:58.26633912Z,search,scaled,a1cb37b7da6b,200,10.228388
2026-09-17T05:26:58.327454163Z,search,scaled,348cd506525f,200,10.460879
2026-09-17T05:26:58.388964913Z,search,scaled,660681595a5e,200,11.833139
2026-09-17T05:26:58.448261058Z,search,scaled,348cd506525f,200,11.906884
2026-09-17T05:26:58.508245288Z,search,scaled,660681595a5e,200,11.264361
2026-09-17T05:26:58.566814925Z,search,scaled,a1cb37b7da6b,200,9.926208
2026-09-17T05:26:58.627074223Z,search,scaled,660681595a5e,200,10.437101
2026-09-17T05:26:58.689241347Z,search,scaled,a1cb37b7da6b,200,12.111997
2026-09-17T05:26:58.747765891Z,search,scaled,348cd506525f,200,11.043547
2026-09-17T05:26:58.806732744Z,search,scaled,a1cb37b7da6b,200,10.261995
2026-09-17T05:26:58.866795734Z,search,scaled,348cd506525f,200,10.68849
2026-09-17T05:26:58.928702681Z,search,scaled,660681595a5e,200,12.36034
2026-09-17T05:26:58.987530555Z,search,scaled,348cd506525f,200,11.409637
2026-09-17T05:26:59.048487039Z,search,scaled,660681595a5e,200,11.194248
2026-09-17T05:26:59.109136348Z,search,scaled,a1cb37b7da6b,200,12.095817
2026-09-17T05:26:59.168456374Z,search,scaled,660681595a5e,200,11.52151
2026-09-17T05:26:59.227732367Z,search,scaled,a1cb37b7da6b,200,10.544594
2026-09-17T05:26:59.28868754Z,search,scaled,348cd506525f,200,12.383295
2026-09-17T05:26:59.348383191Z,search,scaled,a1cb37b7da6b,200,12.218164
2026-09-17T05:26:59.409651961Z,search,scaled,348cd506525f,200,12.568772
2026-09-17T05:26:59.468411615Z,search,scaled,660681595a5e,200,11.936005
2026-09-17T05:26:59.528525364Z,search,scaled,348cd506525f,200,11.508147
2026-09-17T05:26:59.587653567Z,search,scaled,660681595a5e,200,11.568772
2026-09-17T05:26:59.648700808Z,search,scaled,a1cb37b7da6b,200,12.157614
2026-09-17T05:26:59.706922611Z,search,scaled,660681595a5e,200,10.634529
2026-09-17T05:26:59.767766068Z,search,scaled,a1cb37b7da6b,200,11.382779
2026-09-17T05:26:59.827770059Z,search,scaled,348cd506525f,200,11.37588
2026-09-17T05:26:59.889110204Z,search,scaled,a1cb37b7da6b,200,12.705443
2026-09-17T05:26:59.950007049Z,search,scaled,348cd506525f,200,13.294816
2026-09-17T05:27:00.008130066Z,search,scaled,660681595a5e,200,11.475086
2026-09-17T05:27:00.06764571Z,search,scaled,348cd506525f,200,11.60832
2026-09-17T05:27:00.128202584Z,search,scaled,660681595a5e,200,11.82755
2026-09-17T05:27:00.187921545Z,search,scaled,a1cb37b7da6b,200,11.377519
2026-09-17T05:27:00.248655714Z,search,scaled,660681595a5e,200,12.035801
2026-09-17T05:27:00.306843596Z,search,scaled,a1cb37b7da6b,200,10.728586
2026-09-17T05:27:00.36811878Z,search,scaled,348cd506525f,200,11.69948
2026-09-17T05:27:00.427096074Z,search,scaled,a1cb37b7da6b,200,10.412425
2026-09-17T05:27:00.487463279Z,search,scaled,348cd506525f,200,10.760058
2026-09-17T05:27:00.548387522Z,search,scaled,660681595a5e,200,11.271832
2026-09-17T05:27:00.608457957Z,search,scaled,348cd506525f,200,11.264901
2026-09-17T05:27:00.667914412Z,search,scaled,660681595a5e,200,10.890226
2026-09-17T05:27:00.727578772Z,search,scaled,a1cb37b7da6b,200,11.160816
2026-09-17T05:27:00.786348142Z,search,scaled,660681595a5e,200,10.289478
2026-09-17T05:27:00.847217056Z,search,scaled,a1cb37b7da6b,200,10.416471
2026-09-17T05:27:00.906909116Z,search,scaled,348cd506525f,200,10.140624
2026-09-17T05:27:00.967051142Z,search,scaled,a1cb37b7da6b,200,10.630001
2026-09-17T05:27:01.027083605Z,search,scaled,348cd506525f,200,10.487272
2026-09-17T05:27:01.08784775Z,search,scaled,660681595a5e,200,11.008059
2026-09-17T05:27:01.147126575Z,search,scaled,348cd506525f,200,10.670698
2026-09-17T05:27:01.207682567Z,search,scaled,660681595a5e,200,10.912352
2026-09-17T05:27:01.267813506Z,search,scaled,a1cb37b7da6b,200,11.677848
2026-09-17T05:27:01.327313964Z,search,scaled,660681595a5e,200,10.980653
2026-09-17T05:27:01.38785084Z,search,scaled,a1cb37b7da6b,200,11.286723
2026-09-17T05:27:01.448594631Z,search,scaled,348cd506525f,200,12.251796
2026-09-17T05:27:01.506948663Z,search,scaled,a1cb37b7da6b,200,10.862364
2026-09-17T05:27:01.567629979Z,search,scaled,348cd506525f,200,11.160324
2026-09-17T05:27:01.627874366Z,search,scaled,660681595a5e,200,11.775454
2026-09-17T05:27:01.687058304Z,search,scaled,348cd506525f,200,10.750478
2026-09-17T05:27:01.748057761Z,search,scaled,660681595a5e,200,11.498168
2026-09-17T05:27:01.807062276Z,search,scaled,a1cb37b7da6b,200,10.369224
2026-09-17T05:27:01.867088719Z,search,scaled,660681595a5e,200,10.37706
2026-09-17T05:27:01.927837896Z,search,scaled,a1cb37b7da6b,200,11.044734
2026-09-17T05:27:01.986902429Z,search,scaled,348cd506525f,200,10.764075
2026-09-17T05:27:02.047492134Z,search,scaled,a1cb37b7da6b,200,10.53541
2026-09-17T05:27:02.108159563Z,search,scaled,348cd506525f,200,11.033316
2026-09-17T05:27:02.167910078Z,search,scaled,660681595a5e,200,11.036987
2026-09-17T05:27:02.227526033Z,search,scaled,348cd506525f,200,10.79301
2026-09-17T05:27:02.287911099Z,search,scaled,660681595a5e,200,11.565721
2026-09-17T05:27:02.346916615Z,search,scaled,a1cb37b7da6b,200,10.465098
2026-09-17T05:27:02.407083477Z,search,scaled,660681595a5e,200,10.576206
2026-09-17T05:27:02.468501451Z,search,scaled,a1cb37b7da6b,200,11.830653
2026-09-17T05:27:02.526066232Z,search,scaled,348cd506525f,200,9.916822
2026-09-17T05:27:02.587857061Z,search,scaled,a1cb37b7da6b,200,11.311285
2026-09-17T05:27:02.647796498Z,search,scaled,348cd506525f,200,11.37564
2026-09-17T05:27:02.706956114Z,search,scaled,660681595a5e,200,10.347512
2026-09-17T05:27:02.767062682Z,search,scaled,348cd506525f,200,10.482911
2026-09-17T05:27:02.827847275Z,search,scaled,660681595a5e,200,10.91744
2026-09-17T05:27:02.888241562Z,search,scaled,a1cb37b7da6b,200,11.716573
2026-09-17T05:27:02.949194794Z,search,scaled,660681595a5e,200,12.404637
2026-09-17T05:27:03.007423929Z,search,scaled,a1cb37b7da6b,200,10.550744
2026-09-17T05:27:03.068704834Z,search,scaled,348cd506525f,200,11.644015
2026-09-17T05:27:03.126974791Z,search,scaled,a1cb37b7da6b,200,10.446777
2026-09-17T05:27:03.186958881Z,search,scaled,348cd506525f,200,10.426945
2026-09-17T05:27:03.247155165Z,search,scaled,660681595a5e,200,10.648911
2026-09-17T05:27:03.307066191Z,search,scaled,348cd506525f,200,10.433877
2026-09-17T05:27:03.367688672Z,search,scaled,660681595a5e,200,10.700994
2026-09-17T05:27:03.427041311Z,search,scaled,a1cb37b7da6b,200,10.79664
2026-09-17T05:27:03.487050693Z,search,scaled,660681595a5e,200,10.414445
2026-09-17T05:27:03.547404497Z,search,scaled,a1cb37b7da6b,200,10.661667
2026-09-17T05:27:03.607833567Z,search,scaled,348cd506525f,200,10.939921
2026-09-17T05:27:03.668071873Z,search,scaled,a1cb37b7da6b,200,11.576273
2026-09-17T05:27:03.727306814Z,search,scaled,348cd506525f,200,10.732698
2026-09-17T05:27:03.788004391Z,search,scaled,660681595a5e,200,11.132704
2026-09-17T05:27:03.849910403Z,search,scaled,348cd506525f,200,13.320484
2026-09-17T05:27:03.906545416Z,search,scaled,660681595a5e,200,10.135678
2026-09-17T05:27:03.968292892Z,search,scaled,a1cb37b7da6b,200,12.173361
2026-09-17T05:27:04.02733216Z,search,scaled,660681595a5e,200,10.536424
2026-09-17T05:27:04.087673253Z,search,scaled,a1cb37b7da6b,200,10.855974
2026-09-17T05:27:04.148263743Z,search,scaled,348cd506525f,200,11.807896
2026-09-17T05:27:04.207735173Z,search,scaled,a1cb37b7da6b,200,10.884078
2026-09-17T05:27:04.267430821Z,search,scaled,348cd506525f,200,11.200169
2026-09-17T05:27:04.328414552Z,search,scaled,660681595a5e,200,11.468784
2026-09-17T05:27:04.38773593Z,search,scaled,348cd506525f,200,10.876917
2026-09-17T05:27:04.447479681Z,search,scaled,660681595a5e,200,11.122263
2026-09-17T05:27:04.507784232Z,search,scaled,a1cb37b7da6b,200,10.771882
2026-09-17T05:27:04.567873556Z,search,scaled,660681595a5e,200,11.549002
2026-09-17T05:27:04.627040249Z,search,scaled,a1cb37b7da6b,200,10.626721
2026-09-17T05:27:04.688173684Z,search,scaled,348cd506525f,200,11.477948
2026-09-17T05:27:04.748243707Z,search,scaled,a1cb37b7da6b,200,11.414133
2026-09-17T05:27:04.807441052Z,search,scaled,348cd506525f,200,10.704356
2026-09-17T05:27:04.868955622Z,search,scaled,660681595a5e,200,12.013104
2026-09-17T05:27:04.927600501Z,search,scaled,348cd506525f,200,11.043858
2026-09-17T05:27:04.987696836Z,search,scaled,660681595a5e,200,11.337898
2026-09-17T05:27:05.047746179Z,search,scaled,a1cb37b7da6b,200,11.528842
2026-09-17T05:27:05.107707675Z,search,scaled,660681595a5e,200,11.288255
2026-09-17T05:27:05.166630933Z,search,scaled,a1cb37b7da6b,200,10.519474
2026-09-17T05:27:05.226459641Z,search,scaled,348cd506525f,200,10.345864
2026-09-17T05:27:05.287422973Z,search,scaled,a1cb37b7da6b,200,10.392625
2026-09-17T05:27:05.347797406Z,search,scaled,348cd506525f,200,10.702575
2026-09-17T05:27:05.40679622Z,search,scaled,660681595a5e,200,10.420659
2026-09-17T05:27:05.469173126Z,search,scaled,348cd506525f,200,12.755101
2026-09-17T05:27:05.527359995Z,search,scaled,660681595a5e,200,10.569607
2026-09-17T05:27:05.586850301Z,search,scaled,a1cb37b7da6b,200,10.305451
2026-09-17T05:27:05.6495875Z,search,scaled,660681595a5e,200,13.209771
2026-09-17T05:27:05.706670856Z,search,scaled,a1cb37b7da6b,200,10.439838
2026-09-17T05:27:05.767732356Z,search,scaled,348cd506525f,200,11.33035
2026-09-17T05:27:05.826833075Z,search,scaled,a1cb37b7da6b,200,10.46455
2026-09-17T05:27:05.888128254Z,search,scaled,348cd506525f,200,11.697737
2026-09-17T05:27:05.947606134Z,search,scaled,660681595a5e,200,10.919542
2026-09-17T05:27:06.006863224Z,search,scaled,348cd506525f,200,10.781421
2026-09-17T05:27:06.067246367Z,search,scaled,660681595a5e,200,10.864896
2026-09-17T05:27:06.130340832Z,search,scaled,a1cb37b7da6b,200,13.406536
2026-09-17T05:27:06.187324621Z,search,scaled,660681595a5e,200,10.364834
2026-09-17T05:27:06.248883932Z,search,scaled,a1cb37b7da6b,200,11.931297
2026-09-17T05:27:06.308183426Z,search,scaled,348cd506525f,200,11.735776
2026-09-17T05:27:06.369441557Z,search,scaled,a1cb37b7da6b,200,12.582959
2026-09-17T05:27:06.429000267Z,search,scaled,348cd506525f,200,11.891864
2026-09-17T05:27:06.490082793Z,search,scaled,660681595a5e,200,13.485531
2026-09-17T05:27:06.549647378Z,search,scaled,348cd506525f,200,13.028104
2026-09-17T05:27:06.610928721Z,search,scaled,660681595a5e,200,14.124341
2026-09-17T05:27:06.669622705Z,search,scaled,a1cb37b7da6b,200,13.145618
2026-09-17T05:27:06.730753434Z,search,scaled,660681595a5e,200,14.244635
2026-09-17T05:27:06.788465315Z,search,scaled,a1cb37b7da6b,200,12.07137
2026-09-17T05:27:06.848963038Z,search,scaled,348cd506525f,200,11.816811
2026-09-17T05:27:06.908373888Z,search,scaled,a1cb37b7da6b,200,11.882713
2026-09-17T05:27:06.96896701Z,search,scaled,348cd506525f,200,11.962754
2026-09-17T05:27:07.028933283Z,search,scaled,660681595a5e,200,12.268701
2026-09-17T05:27:07.087626525Z,search,scaled,348cd506525f,200,11.009646
2026-09-17T05:27:07.149591993Z,search,scaled,660681595a5e,200,12.370806
2026-09-17T05:27:07.207226557Z,search,scaled,a1cb37b7da6b,200,10.957994
2026-09-17T05:27:07.267959274Z,search,scaled,660681595a5e,200,11.07561
2026-09-17T05:27:07.327383495Z,search,scaled,a1cb37b7da6b,200,10.709226
2026-09-17T05:27:07.388387091Z,search,scaled,348cd506525f,200,11.267585
2026-09-17T05:27:07.44916114Z,search,scaled,a1cb37b7da6b,200,12.166982
2026-09-17T05:27:07.507861043Z,search,scaled,348cd506525f,200,11.198809
2026-09-17T05:27:07.567118214Z,search,scaled,660681595a5e,200,10.586775
2026-09-17T05:27:07.627491177Z,search,scaled,348cd506525f,200,10.702606
2026-09-17T05:27:07.688237045Z,search,scaled,660681595a5e,200,11.080501
2026-09-17T05:27:07.747842365Z,search,scaled,a1cb37b7da6b,200,10.93787
2026-09-17T05:27:07.807499644Z,search,scaled,660681595a5e,200,10.747598
2026-09-17T05:27:07.868246552Z,search,scaled,a1cb37b7da6b,200,11.230674
2026-09-17T05:27:07.929444461Z,search,scaled,348cd506525f,200,12.602933
2026-09-17T05:27:07.987773754Z,search,scaled,a1cb37b7da6b,200,10.870566
2026-09-17T05:27:08.047109774Z,search,scaled,348cd506525f,200,10.831384
2026-09-17T05:27:08.107132426Z,search,scaled,660681595a5e,200,10.477623
2026-09-17T05:27:08.168413358Z,search,scaled,348cd506525f,200,11.774386
2026-09-17T05:27:08.228327921Z,search,scaled,660681595a5e,200,11.431374
2026-09-17T05:27:08.287737727Z,search,scaled,a1cb37b7da6b,200,10.807279
2026-09-17T05:27:08.346923787Z,search,scaled,660681595a5e,200,10.725257
2026-09-17T05:27:08.407124078Z,search,scaled,a1cb37b7da6b,200,10.645362
2026-09-17T05:27:08.467827845Z,search,scaled,348cd506525f,200,11.040029
2026-09-17T05:27:08.527331841Z,search,scaled,a1cb37b7da6b,200,10.954513
2026-09-17T05:27:08.588494256Z,search,scaled,348cd506525f,200,11.921576
2026-09-17T05:27:08.647612078Z,search,scaled,660681595a5e,200,10.72924
2026-09-17T05:27:08.707109363Z,search,scaled,348cd506525f,200,10.995845
2026-09-17T05:27:08.767663318Z,search,scaled,660681595a5e,200,10.981584
2026-09-17T05:27:08.827940436Z,search,scaled,a1cb37b7da6b,200,11.770047
2026-09-17T05:27:08.887053066Z,search,scaled,660681595a5e,200,10.692675
2026-09-17T05:27:08.947280539Z,search,scaled,a1cb37b7da6b,200,10.483231
2026-09-17T05:27:09.0077415Z,search,scaled,348cd506525f,200,10.623362
2026-09-17T05:27:09.066915604Z,search,scaled,a1cb37b7da6b,200,10.644692
2026-09-17T05:27:09.127534889Z,search,scaled,348cd506525f,200,11.037874
2026-09-17T05:27:09.18643211Z,search,scaled,660681595a5e,200,10.29479
2026-09-17T05:27:09.247463387Z,search,scaled,348cd506525f,200,10.559836
2026-09-17T05:27:09.306271496Z,search,scaled,660681595a5e,200,10.215448
2026-09-17T05:27:09.367948127Z,search,scaled,a1cb37b7da6b,200,10.88338
2026-09-17T05:27:09.426431225Z,search,scaled,660681595a5e,200,10.104516
2026-09-17T05:27:09.488226008Z,search,scaled,a1cb37b7da6b,200,11.277339
2026-09-17T05:27:09.547805935Z,search,scaled,348cd506525f,200,10.943754
2026-09-17T05:27:09.607038552Z,search,scaled,a1cb37b7da6b,200,10.559536
2026-09-17T05:27:09.667832663Z,search,scaled,348cd506525f,200,11.148395
2026-09-17T05:27:09.729209914Z,search,scaled,660681595a5e,200,12.813966
2026-09-17T05:27:09.78675246Z,search,scaled,348cd506525f,200,10.76778
2026-09-17T05:27:09.84722792Z,search,scaled,660681595a5e,200,10.826524
2026-09-17T05:27:09.907561022Z,search,scaled,a1cb37b7da6b,200,10.754351
2026-09-17T05:27:09.965989217Z,search,scaled,660681595a5e,200,9.671663
2026-09-17T05:27:10.02916607Z,search,scaled,a1cb37b7da6b,200,12.586324
2026-09-17T05:27:10.087302822Z,search,scaled,348cd506525f,200,10.541442
2026-09-17T05:27:10.1480574Z,search,scaled,a1cb37b7da6b,200,11.084801
2026-09-17T05:27:10.207682344Z,search,scaled,348cd506525f,200,10.810303
2026-09-17T05:27:10.26731838Z,search,scaled,660681595a5e,200,10.995947
2026-09-17T05:27:10.327789349Z,search,scaled,348cd506525f,200,10.900128
2026-09-17T05:27:10.387774367Z,search,scaled,660681595a5e,200,11.38813
2026-09-17T05:27:10.447327103Z,search,scaled,a1cb37b7da6b,200,10.999933
2026-09-17T05:27:10.507038427Z,search,scaled,660681595a5e,200,10.244925
2026-09-17T05:27:10.566771367Z,search,scaled,a1cb37b7da6b,200,10.142109
2026-09-17T05:27:10.626916607Z,search,scaled,348cd506525f,200,10.519285
2026-09-17T05:27:10.687307521Z,search,scaled,a1cb37b7da6b,200,10.892249
2026-09-17T05:27:10.748095871Z,search,scaled,348cd506525f,200,11.257112
2026-09-17T05:27:10.807186672Z,search,scaled,660681595a5e,200,10.513455
2026-09-17T05:27:10.867227813Z,search,scaled,348cd506525f,200,10.288758
2026-09-17T05:27:10.928795344Z,search,scaled,660681595a5e,200,12.007551
2026-09-17T05:27:10.986533935Z,search,scaled,a1cb37b7da6b,200,10.231537
2026-09-17T05:27:11.048422058Z,search,scaled,660681595a5e,200,11.36287
2026-09-17T05:27:11.107155863Z,search,scaled,a1cb37b7da6b,200,10.288438
2026-09-17T05:27:11.169299771Z,search,scaled,348cd506525f,200,12.218484
2026-09-17T05:27:11.22895156Z,search,scaled,a1cb37b7da6b,200,12.170353
2026-09-17T05:27:11.287513134Z,search,scaled,348cd506525f,200,11.07865
2026-09-17T05:27:11.34746388Z,search,scaled,660681595a5e,200,10.349794
2026-09-17T05:27:11.407989574Z,search,scaled,348cd506525f,200,10.876268
2026-09-17T05:27:11.467394553Z,search,scaled,660681595a5e,200,10.870187
2026-09-17T05:27:11.527995543Z,search,scaled,a1cb37b7da6b,200,10.946694
2026-09-17T05:27:11.587205549Z,search,scaled,660681595a5e,200,10.61202
2026-09-17T05:27:11.647530178Z,search,scaled,a1cb37b7da6b,200,10.716887
2026-09-17T05:27:11.708364214Z,search,scaled,348cd506525f,200,11.250193
2026-09-17T05:27:11.767326793Z,search,scaled,a1cb37b7da6b,200,10.407286
2026-09-17T05:27:11.82759473Z,search,scaled,348cd506525f,200,10.539576
2026-09-17T05:27:11.886850181Z,search,scaled,660681595a5e,200,10.608922
2026-09-17T05:27:11.948205523Z,search,scaled,348cd506525f,200,11.564177
2026-09-17T05:27:12.008610443Z,search,scaled,660681595a5e,200,11.232695
2026-09-17T05:27:12.067896387Z,search,scaled,a1cb37b7da6b,200,11.463788
2026-09-17T05:27:12.126885718Z,search,scaled,660681595a5e,200,10.219794
2026-09-17T05:27:12.186958611Z,search,scaled,a1cb37b7da6b,200,10.562326
2026-09-17T05:27:12.247299167Z,search,scaled,348cd506525f,200,10.796352
2026-09-17T05:27:12.307546591Z,search,scaled,a1cb37b7da6b,200,10.506548
2026-09-17T05:27:12.368367134Z,search,scaled,348cd506525f,200,11.208449
2026-09-17T05:27:12.427949204Z,search,scaled,660681595a5e,200,11.816148
2026-09-17T05:27:12.488643997Z,search,scaled,348cd506525f,200,12.302828
2026-09-17T05:27:12.548174881Z,search,scaled,660681595a5e,200,11.792051
2026-09-17T05:27:12.608230487Z,search,scaled,a1cb37b7da6b,200,11.524119
2026-09-17T05:27:12.667249372Z,search,scaled,660681595a5e,200,10.46335
2026-09-17T05:27:12.728879146Z,search,scaled,a1cb37b7da6b,200,12.075235
2026-09-17T05:27:12.786863852Z,search,scaled,348cd506525f,200,10.599148
2026-09-17T05:27:12.847226264Z,search,scaled,a1cb37b7da6b,200,10.871095
2026-09-17T05:27:12.908579061Z,search,scaled,348cd506525f,200,11.785237
2026-09-17T05:27:12.96689927Z,search,scaled,660681595a5e,200,10.755119
2026-09-17T05:27:13.027804367Z,search,scaled,348cd506525f,200,11.326617
2026-09-17T05:27:13.08789146Z,search,scaled,660681595a5e,200,11.418511
2026-09-17T05:27:13.146497258Z,search,scaled,a1cb37b7da6b,200,10.030981
2026-09-17T05:27:13.206460044Z,search,scaled,660681595a5e,200,10.367484
2026-09-17T05:27:13.266615911Z,search,scaled,a1cb37b7da6b,200,10.551426
2026-09-17T05:27:13.327290584Z,search,scaled,348cd506525f,200,11.059609
2026-09-17T05:27:13.386711844Z,search,scaled,a1cb37b7da6b,200,10.571797
2026-09-17T05:27:13.447082965Z,search,scaled,348cd506525f,200,10.720796
2026-09-17T05:27:13.507197911Z,search,scaled,660681595a5e,200,10.540265
2026-09-17T05:27:13.567649829Z,search,scaled,348cd506525f,200,10.715567
2026-09-17T05:27:13.628228805Z,search,scaled,660681595a5e,200,11.814808
2026-09-17T05:27:13.686942729Z,search,scaled,a1cb37b7da6b,200,10.157
2026-09-17T05:27:13.747467172Z,search,scaled,660681595a5e,200,10.891927
2026-09-17T05:27:13.808360458Z,search,scaled,a1cb37b7da6b,200,11.492906
2026-09-17T05:27:13.867133862Z,search,scaled,348cd506525f,200,10.119577
2026-09-17T05:27:13.927472917Z,search,scaled,a1cb37b7da6b,200,10.45727
2026-09-17T05:27:13.989182737Z,search,scaled,348cd506525f,200,12.246096
2026-09-17T05:27:14.047141591Z,search,scaled,660681595a5e,200,10.387473
2026-09-17T05:27:14.108091962Z,search,scaled,348cd506525f,200,11.40102
2026-09-17T05:27:14.167660357Z,search,scaled,660681595a5e,200,10.657728
2026-09-17T05:27:14.227787389Z,search,scaled,a1cb37b7da6b,200,11.470136
2026-09-17T05:27:14.287550142Z,search,scaled,660681595a5e,200,11.209369
2026-09-17T05:27:14.346756788Z,search,scaled,a1cb37b7da6b,200,10.358223
2026-09-17T05:27:14.408475908Z,search,scaled,348cd506525f,200,11.882721
2026-09-17T05:27:14.467435318Z,search,scaled,a1cb37b7da6b,200,11.262872
2026-09-17T05:27:14.528691678Z,search,scaled,348cd506525f,200,11.689341
2026-09-17T05:27:14.587415094Z,search,scaled,660681595a5e,200,11.132364
2026-09-17T05:27:14.64894393Z,search,scaled,348cd506525f,200,11.730011
2026-09-17T05:27:14.708127056Z,search,scaled,660681595a5e,200,11.363477
2026-09-17T05:27:14.768041829Z,search,scaled,a1cb37b7da6b,200,11.213278
2026-09-17T05:27:14.827983203Z,search,scaled,660681595a5e,200,11.294625
2026-09-17T05:27:14.887534493Z,search,scaled,a1cb37b7da6b,200,10.874547
2026-09-17T05:27:14.946964654Z,search,scaled,348cd506525f,200,10.831065
2026-09-17T05:27:15.00878871Z,search,scaled,a1cb37b7da6b,200,12.051692
2026-09-17T05:27:15.06681999Z,search,scaled,348cd506525f,200,10.390434
2026-09-17T05:27:15.12883943Z,search,scaled,660681595a5e,200,12.471901
2026-09-17T05:27:15.187310789Z,search,scaled,348cd506525f,200,10.862357
2026-09-17T05:27:15.248469883Z,search,scaled,660681595a5e,200,11.553062
2026-09-17T05:27:15.308527194Z,search,scaled,a1cb37b7da6b,200,11.391239
2026-09-17T05:27:15.367969436Z,search,scaled,660681595a5e,200,10.887861
2026-09-17T05:27:15.428138886Z,search,scaled,a1cb37b7da6b,200,11.0745
2026-09-17T05:27:15.489845045Z,search,scaled,348cd506525f,200,13.049019
2026-09-17T05:27:15.547222813Z,search,scaled,a1cb37b7da6b,200,10.759509
2026-09-17T05:27:15.608881408Z,search,scaled,348cd506525f,200,11.86878
2026-09-17T05:27:15.668259146Z,search,scaled,660681595a5e,200,11.427631
2026-09-17T05:27:15.727748201Z,search,scaled,348cd506525f,200,10.988545
2026-09-17T05:27:15.788211435Z,search,scaled,660681595a5e,200,12.001606
2026-09-17T05:27:15.847175861Z,search,scaled,a1cb37b7da6b,200,11.018837
2026-09-17T05:27:15.908145933Z,search,scaled,660681595a5e,200,11.283964
2026-09-17T05:27:15.966985726Z,search,scaled,a1cb37b7da6b,200,10.31625
2026-09-17T05:27:16.027508307Z,search,scaled,348cd506525f,200,10.95777
2026-09-17T05:27:16.087293873Z,search,scaled,a1cb37b7da6b,200,10.216474
2026-09-17T05:27:16.14804405Z,search,scaled,348cd506525f,200,11.075261
2026-09-17T05:27:16.20731872Z,search,scaled,660681595a5e,200,10.517784
2026-09-17T05:27:16.267451946Z,search,scaled,348cd506525f,200,10.597828
2026-09-17T05:27:16.328677532Z,search,scaled,660681595a5e,200,11.793353
2026-09-17T05:27:16.38808598Z,search,scaled,a1cb37b7da6b,200,11.70677
2026-09-17T05:27:16.448558879Z,search,scaled,660681595a5e,200,11.69281
2026-09-17T05:27:16.508743258Z,search,scaled,a1cb37b7da6b,200,11.613875
2026-09-17T05:27:16.566809061Z,search,scaled,348cd506525f,200,10.46122
2026-09-17T05:27:16.627875247Z,search,scaled,a1cb37b7da6b,200,11.226568
2026-09-17T05:27:16.687857474Z,search,scaled,348cd506525f,200,11.436012
2026-09-17T05:27:16.748049285Z,search,scaled,660681595a5e,200,11.579383
2026-09-17T05:27:16.808339793Z,search,scaled,348cd506525f,200,11.569472
2026-09-17T05:27:16.867197817Z,search,scaled,660681595a5e,200,10.323032
2026-09-17T05:27:16.927526016Z,search,scaled,a1cb37b7da6b,200,10.510612
2026-09-17T05:27:16.988410821Z,search,scaled,660681595a5e,200,11.287722
2026-09-17T05:27:17.047706444Z,search,scaled,a1cb37b7da6b,200,10.865087
2026-09-17T05:27:17.107284745Z,search,scaled,348cd506525f,200,11.009446
2026-09-17T05:27:17.1672311Z,search,scaled,a1cb37b7da6b,200,10.502593
2026-09-17T05:27:17.228052611Z,search,scaled,348cd506525f,200,11.311984
2026-09-17T05:27:17.287265758Z,search,scaled,660681595a5e,200,10.722265
2026-09-17T05:27:17.347763379Z,search,scaled,348cd506525f,200,11.024517
2026-09-17T05:27:17.406601632Z,search,scaled,660681595a5e,200,10.104257
2026-09-17T05:27:17.467014787Z,search,scaled,a1cb37b7da6b,200,10.970513
2026-09-17T05:27:17.528776008Z,search,scaled,660681595a5e,200,12.254605
2026-09-17T05:27:17.588927737Z,search,scaled,a1cb37b7da6b,200,12.847484
2026-09-17T05:27:17.647542825Z,search,scaled,348cd506525f,200,11.072178
2026-09-17T05:27:17.70901593Z,search,scaled,a1cb37b7da6b,200,11.943957
2026-09-17T05:27:17.76781704Z,search,scaled,348cd506525f,200,11.206289
2026-09-17T05:27:17.827180197Z,search,scaled,660681595a5e,200,10.855526
2026-09-17T05:27:17.886950479Z,search,scaled,348cd506525f,200,10.970272
2026-09-17T05:27:17.947515794Z,search,scaled,660681595a5e,200,10.833123
2026-09-17T05:27:18.008720051Z,search,scaled,a1cb37b7da6b,200,11.583354
2026-09-17T05:27:18.067820121Z,search,scaled,660681595a5e,200,11.508659
2026-09-17T05:27:18.126523176Z,search,scaled,a1cb37b7da6b,200,10.188482
2026-09-17T05:27:18.187647816Z,search,scaled,348cd506525f,200,11.468215
2026-09-17T05:27:18.246243343Z,search,scaled,a1cb37b7da6b,200,10.101345
2026-09-17T05:27:18.308575429Z,search,scaled,348cd506525f,200,11.69571
2026-09-17T05:27:18.367844334Z,search,scaled,660681595a5e,200,10.655973
2026-09-17T05:27:18.427406464Z,search,scaled,348cd506525f,200,10.805133
2026-09-17T05:27:18.487879192Z,search,scaled,660681595a5e,200,11.020305
2026-09-17T05:27:18.5472536Z,search,scaled,a1cb37b7da6b,200,10.858615
2026-09-17T05:27:18.607121659Z,search,scaled,660681595a5e,200,10.316199
2026-09-17T05:27:18.667188212Z,search,scaled,a1cb37b7da6b,200,10.418437
2026-09-17T05:27:18.727314329Z,search,scaled,348cd506525f,200,10.662344
2026-09-17T05:27:18.787703822Z,search,scaled,a1cb37b7da6b,200,11.209967
2026-09-17T05:27:18.845626716Z,search,scaled,348cd506525f,200,9.332516
2026-09-17T05:27:18.906532302Z,search,scaled,660681595a5e,200,11.315004
2026-09-17T05:27:18.965318721Z,search,scaled,348cd506525f,200,10.33555
2026-09-17T05:27:19.027446718Z,search,scaled,660681595a5e,200,12.350582
2026-09-17T05:27:19.085013588Z,search,scaled,a1cb37b7da6b,200,10.14432
2026-09-17T05:27:19.146061995Z,search,scaled,660681595a5e,200,10.513104
2026-09-17T05:27:19.206257806Z,search,scaled,a1cb37b7da6b,200,10.661903
2026-09-17T05:27:19.26635294Z,search,scaled,348cd506525f,200,10.665782
2026-09-17T05:27:19.326178457Z,search,scaled,a1cb37b7da6b,200,10.287067
2026-09-17T05:27:19.386064888Z,search,scaled,348cd506525f,200,10.281689
2026-09-17T05:27:19.446199715Z,search,scaled,660681595a5e,200,10.588318
2026-09-17T05:27:19.507360909Z,search,scaled,348cd506525f,200,11.559302
2026-09-17T05:27:19.566674172Z,search,scaled,660681595a5e,200,11.523518
2026-09-17T05:27:19.625990656Z,search,scaled,a1cb37b7da6b,200,10.741367
2026-09-17T05:27:19.68639442Z,search,scaled,660681595a5e,200,10.867277
2026-09-17T05:27:19.746743738Z,search,scaled,a1cb37b7da6b,200,10.806299
2026-09-17T05:27:19.806301931Z,search,scaled,348cd506525f,200,10.936381
2026-09-17T05:27:19.866886156Z,search,scaled,a1cb37b7da6b,200,11.036227
2026-09-17T05:27:19.926343549Z,search,scaled,348cd506525f,200,10.667842
2026-09-17T05:27:19.984458865Z,search,scaled,660681595a5e,200,9.575682
2026-09-17T05:27:20.04593984Z,search,scaled,348cd506525f,200,10.85624
2026-09-17T05:27:20.106344335Z,search,scaled,660681595a5e,200,10.942181
2026-09-17T05:27:20.167666178Z,search,scaled,a1cb37b7da6b,200,11.718781
2026-09-17T05:27:20.22703175Z,search,scaled,660681595a5e,200,11.82308
2026-09-17T05:27:20.285927365Z,search,scaled,a1cb37b7da6b,200,10.452934
2026-09-17T05:27:20.346171319Z,search,scaled,348cd506525f,200,10.698145
2026-09-17T05:27:20.406373836Z,search,scaled,a1cb37b7da6b,200,10.62076
2026-09-17T05:27:20.465770616Z,search,scaled,348cd506525f,200,10.59739
2026-09-17T05:27:20.52782224Z,search,scaled,660681595a5e,200,12.311179
2026-09-17T05:27:20.585577088Z,search,scaled,348cd506525f,200,10.438195
2026-09-17T05:27:20.64612285Z,search,scaled,660681595a5e,200,10.744678
2026-09-17T05:27:20.706314105Z,search,scaled,a1cb37b7da6b,200,10.62649
2026-09-17T05:27:20.766240796Z,search,scaled,660681595a5e,200,11.184473
2026-09-17T05:27:20.82743744Z,search,scaled,a1cb37b7da6b,200,11.556615
2026-09-17T05:27:20.885158312Z,search,scaled,348cd506525f,200,10.27963
2026-09-17T05:27:20.945162887Z,search,scaled,a1cb37b7da6b,200,10.302702
2026-09-17T05:27:21.00737668Z,search,scaled,348cd506525f,200,11.604247
2026-09-17T05:27:21.065461713Z,search,scaled,660681595a5e,200,10.580178
2026-09-17T05:27:21.125411515Z,search,scaled,348cd506525f,200,10.507025
2026-09-17T05:27:21.185914869Z,search,scaled,660681595a5e,200,11.038195
2026-09-17T05:27:21.245785646Z,search,scaled,a1cb37b7da6b,200,10.11449
2026-09-17T05:27:21.306002573Z,search,scaled,660681595a5e,200,10.651782
2026-09-17T05:27:21.366870789Z,search,scaled,a1cb37b7da6b,200,11.30154
2026-09-17T05:27:21.42666309Z,search,scaled,348cd506525f,200,11.1388
2026-09-17T05:27:21.486316665Z,search,scaled,a1cb37b7da6b,200,10.998912
2026-09-17T05:27:21.545636818Z,search,scaled,348cd506525f,200,10.79521
2026-09-17T05:27:21.606013565Z,search,scaled,660681595a5e,200,10.756238
2026-09-17T05:27:21.666152667Z,search,scaled,348cd506525f,200,10.600719
2026-09-17T05:27:21.727592556Z,search,scaled,660681595a5e,200,11.961766
2026-09-17T05:27:21.78518302Z,search,scaled,a1cb37b7da6b,200,10.308213
2026-09-17T05:27:21.847231819Z,search,scaled,660681595a5e,200,11.293145
2026-09-17T05:27:21.906366034Z,search,scaled,a1cb37b7da6b,200,10.424914
2026-09-17T05:27:21.966368412Z,search,scaled,348cd506525f,200,10.494553
2026-09-17T05:27:22.025510567Z,search,scaled,a1cb37b7da6b,200,10.657391
2026-09-17T05:27:22.086506606Z,search,scaled,348cd506525f,200,11.281615
2026-09-17T05:27:22.148116689Z,search,scaled,660681595a5e,200,12.768336
2026-09-17T05:27:22.208115342Z,search,scaled,348cd506525f,200,12.355802
2026-09-17T05:27:22.266559807Z,search,scaled,660681595a5e,200,10.906547
2026-09-17T05:27:22.32686225Z,search,scaled,a1cb37b7da6b,200,11.389207
2026-09-17T05:27:22.386785969Z,search,scaled,660681595a5e,200,11.549934
2026-09-17T05:27:22.447523477Z,search,scaled,a1cb37b7da6b,200,12.115979
2026-09-17T05:27:22.509275714Z,search,scaled,348cd506525f,200,14.103814
2026-09-17T05:27:22.568407828Z,search,scaled,a1cb37b7da6b,200,12.731444
2026-09-17T05:27:22.628506728Z,search,scaled,348cd506525f,200,13.410363
2026-09-17T05:27:22.686716458Z,search,scaled,660681595a5e,200,11.425417
2026-09-17T05:27:22.748537589Z,search,scaled,348cd506525f,200,13.077973
2026-09-17T05:27:22.806396379Z,search,scaled,660681595a5e,200,10.927223
2026-09-17T05:27:22.865786377Z,search,scaled,a1cb37b7da6b,200,10.914988
2026-09-17T05:27:22.927493787Z,search,scaled,660681595a5e,200,12.103032
2026-09-17T05:27:22.985807128Z,search,scaled,a1cb37b7da6b,200,10.549648
2026-09-17T05:27:23.047839401Z,search,scaled,348cd506525f,200,12.234105
2026-09-17T05:27:23.106669078Z,search,scaled,a1cb37b7da6b,200,11.084667
2026-09-17T05:27:23.166191264Z,search,scaled,348cd506525f,200,10.62569
2026-09-17T05:27:23.227444282Z,search,scaled,660681595a5e,200,11.487241
2026-09-17T05:27:23.285745207Z,search,scaled,348cd506525f,200,10.61917
2026-09-17T05:27:23.346828815Z,search,scaled,660681595a5e,200,11.528753
2026-09-17T05:27:23.4068515Z,search,scaled,a1cb37b7da6b,200,11.389135
2026-09-17T05:27:23.465831666Z,search,scaled,660681595a5e,200,10.464952
2026-09-17T05:27:23.525670421Z,search,scaled,a1cb37b7da6b,200,10.2719
2026-09-17T05:27:23.585666876Z,search,scaled,348cd506525f,200,10.470811
2026-09-17T05:27:23.646058313Z,search,scaled,a1cb37b7da6b,200,10.626742
2026-09-17T05:27:23.709796785Z,search,scaled,348cd506525f,200,14.102693
2026-09-17T05:27:23.766430814Z,search,scaled,660681595a5e,200,10.9726
2026-09-17T05:27:23.826060717Z,search,scaled,348cd506525f,200,11.186173
2026-09-17T05:27:23.886933183Z,search,scaled,660681595a5e,200,11.327061
2026-09-17T05:27:23.947259926Z,search,scaled,a1cb37b7da6b,200,11.772567
2026-09-17T05:27:24.006204559Z,search,scaled,660681595a5e,200,10.437259
2026-09-17T05:27:24.066694882Z,search,scaled,a1cb37b7da6b,200,10.821282
2026-09-17T05:27:24.126343907Z,search,scaled,348cd506525f,200,10.812452
2026-09-17T05:27:24.185829341Z,search,scaled,a1cb37b7da6b,200,11.013184
2026-09-17T05:27:24.245927451Z,search,scaled,348cd506525f,200,10.378496
2026-09-17T05:27:24.306007621Z,search,scaled,660681595a5e,200,10.583279
2026-09-17T05:27:24.366135763Z,search,scaled,348cd506525f,200,10.644571
2026-09-17T05:27:24.427189849Z,search,scaled,660681595a5e,200,12.15414
2026-09-17T05:27:24.485142204Z,search,scaled,a1cb37b7da6b,200,10.306262
2026-09-17T05:27:24.54618786Z,search,scaled,660681595a5e,200,11.29557
2026-09-17T05:27:24.60750613Z,search,scaled,a1cb37b7da6b,200,11.82713
2026-09-17T05:27:24.666316837Z,search,scaled,348cd506525f,200,10.930588
2026-09-17T05:27:24.726691222Z,search,scaled,a1cb37b7da6b,200,10.713366
2026-09-17T05:27:24.786099038Z,search,scaled,348cd506525f,200,10.820687
2026-09-17T05:27:24.847833519Z,search,scaled,660681595a5e,200,12.118479
2026-09-17T05:27:24.90572475Z,search,scaled,348cd506525f,200,10.392237
2026-09-17T05:27:24.966012042Z,search,scaled,660681595a5e,200,10.522844
2026-09-17T05:27:25.025762932Z,search,scaled,a1cb37b7da6b,200,10.118411
2026-09-17T05:27:25.086603075Z,search,scaled,660681595a5e,200,11.265288
2026-09-17T05:27:25.14651066Z,search,scaled,a1cb37b7da6b,200,11.384621
2026-09-17T05:27:25.207156547Z,search,scaled,348cd506525f,200,12.055694
2026-09-17T05:27:25.266826061Z,search,scaled,a1cb37b7da6b,200,11.149172
2026-09-17T05:27:25.326623095Z,search,scaled,348cd506525f,200,11.047085
2026-09-17T05:27:25.385812671Z,search,scaled,660681595a5e,200,10.641622
2026-09-17T05:27:25.446621144Z,search,scaled,348cd506525f,200,11.29914
2026-09-17T05:27:25.50612935Z,search,scaled,660681595a5e,200,10.895857
2026-09-17T05:27:25.566338246Z,search,scaled,a1cb37b7da6b,200,10.650572
2026-09-17T05:27:25.627746569Z,search,scaled,660681595a5e,200,11.741311
2026-09-17T05:27:25.685666466Z,search,scaled,a1cb37b7da6b,200,10.237518
2026-09-17T05:27:25.745946528Z,search,scaled,348cd506525f,200,10.673145
2026-09-17T05:27:25.806186437Z,search,scaled,a1cb37b7da6b,200,10.640751
2026-09-17T05:27:25.866339371Z,search,scaled,348cd506525f,200,10.522294
2026-09-17T05:27:25.926815583Z,search,scaled,660681595a5e,200,10.919268
2026-09-17T05:27:25.98616735Z,search,scaled,348cd506525f,200,10.757858
2026-09-17T05:27:26.046695146Z,search,scaled,660681595a5e,200,10.993124
2026-09-17T05:27:26.105181182Z,search,scaled,a1cb37b7da6b,200,9.972973
2026-09-17T05:27:26.166009965Z,search,scaled,660681595a5e,200,10.223609
2026-09-17T05:27:26.225537762Z,search,scaled,a1cb37b7da6b,200,9.771651
2026-09-17T05:27:26.28526819Z,search,scaled,348cd506525f,200,10.057516
2026-09-17T05:27:26.347133513Z,search,scaled,a1cb37b7da6b,200,11.453759
2026-09-17T05:27:26.406325801Z,search,scaled,348cd506525f,200,10.557266
2026-09-17T05:27:26.467022856Z,search,scaled,660681595a5e,200,11.922677
2026-09-17T05:27:26.527540562Z,search,scaled,348cd506525f,200,11.927837
2026-09-17T05:27:26.585439163Z,search,scaled,660681595a5e,200,10.326473
2026-09-17T05:27:26.645646Z,search,scaled,a1cb37b7da6b,200,10.546345
2026-09-17T05:27:26.705633674Z,search,scaled,660681595a5e,200,10.404949
2026-09-17T05:27:26.765933796Z,search,scaled,a1cb37b7da6b,200,10.7873
2026-09-17T05:27:26.827260288Z,search,scaled,348cd506525f,200,11.676442
2026-09-17T05:27:26.887357068Z,search,scaled,a1cb37b7da6b,200,11.418777
2026-09-17T05:27:26.946774029Z,search,scaled,348cd506525f,200,10.873735
2026-09-17T05:27:27.009649031Z,search,scaled,660681595a5e,200,14.329007
2026-09-17T05:27:27.066152321Z,search,scaled,348cd506525f,200,10.958059
2026-09-17T05:27:27.126643624Z,search,scaled,660681595a5e,200,10.95829
2026-09-17T05:27:27.186038794Z,search,scaled,a1cb37b7da6b,200,10.79543
2026-09-17T05:27:27.246485224Z,search,scaled,660681595a5e,200,10.94272
2026-09-17T05:27:27.30521074Z,search,scaled,a1cb37b7da6b,200,10.156888
2026-09-17T05:27:27.366798754Z,search,scaled,348cd506525f,200,11.707355
2026-09-17T05:27:27.425819801Z,search,scaled,a1cb37b7da6b,200,10.457971
2026-09-17T05:27:27.485912917Z,search,scaled,348cd506525f,200,10.52148
2026-09-17T05:27:27.546417535Z,search,scaled,660681595a5e,200,10.933179
2026-09-17T05:27:27.605803303Z,search,scaled,348cd506525f,200,10.736797
2026-09-17T05:27:27.667262903Z,search,scaled,660681595a5e,200,11.451609
2026-09-17T05:27:27.726810801Z,search,scaled,a1cb37b7da6b,200,11.088821
2026-09-17T05:27:27.786135096Z,search,scaled,660681595a5e,200,11.008034
2026-09-17T05:27:27.846510723Z,search,scaled,a1cb37b7da6b,200,10.802571
2026-09-17T05:27:27.905496474Z,search,scaled,348cd506525f,200,10.417765
2026-09-17T05:27:27.965877215Z,search,scaled,a1cb37b7da6b,200,10.816871
2026-09-17T05:27:28.02723735Z,search,scaled,348cd506525f,200,11.694795
2026-09-17T05:27:28.085271649Z,search,scaled,660681595a5e,200,10.43938
2026-09-17T05:27:28.147338385Z,search,scaled,348cd506525f,200,11.498911
2026-09-17T05:27:28.204725777Z,search,scaled,660681595a5e,200,9.799553
2026-09-17T05:27:28.266503618Z,search,scaled,a1cb37b7da6b,200,11.388029
2026-09-17T05:27:28.326595566Z,search,scaled,660681595a5e,200,11.205017
2026-09-17T05:27:28.386188601Z,search,scaled,a1cb37b7da6b,200,10.971714
2026-09-17T05:27:28.44691803Z,search,scaled,348cd506525f,200,11.21909
2026-09-17T05:27:28.506219055Z,search,scaled,a1cb37b7da6b,200,10.701125
2026-09-17T05:27:28.566687347Z,search,scaled,348cd506525f,200,11.016044
2026-09-17T05:27:28.626600583Z,search,scaled,660681595a5e,200,11.345156
2026-09-17T05:27:28.68561821Z,search,scaled,348cd506525f,200,10.495922
2026-09-17T05:27:28.746375242Z,search,scaled,660681595a5e,200,11.205349
2026-09-17T05:27:28.804715424Z,search,scaled,a1cb37b7da6b,200,9.85733
2026-09-17T05:27:28.865647736Z,search,scaled,660681595a5e,200,10.311868
2026-09-17T05:27:28.926360024Z,search,scaled,a1cb37b7da6b,200,11.180115
2026-09-17T05:27:28.985488249Z,search,scaled,348cd506525f,200,10.636431
2026-09-17T05:27:29.045567576Z,search,scaled,a1cb37b7da6b,200,10.547406
2026-09-17T05:27:29.105497467Z,search,scaled,348cd506525f,200,10.204968
2026-09-17T05:27:29.16664599Z,search,scaled,660681595a5e,200,11.408632
2026-09-17T05:27:29.225665006Z,search,scaled,348cd506525f,200,10.467269
2026-09-17T05:27:29.285922484Z,search,scaled,660681595a5e,200,10.705724
2026-09-17T05:27:29.346613401Z,search,scaled,a1cb37b7da6b,200,10.925889
2026-09-17T05:27:29.40549515Z,search,scaled,660681595a5e,200,10.227755
2026-09-17T05:27:29.464923883Z,search,scaled,a1cb37b7da6b,200,9.862851
2026-09-17T05:27:29.52796001Z,search,scaled,348cd506525f,200,12.480239
2026-09-17T05:27:29.586470968Z,search,scaled,a1cb37b7da6b,200,10.95358
2026-09-17T05:27:29.646631969Z,search,scaled,348cd506525f,200,11.514747
2026-09-17T05:27:29.707114692Z,search,scaled,660681595a5e,200,11.779785
2026-09-17T05:27:29.76664443Z,search,scaled,348cd506525f,200,10.880534
2026-09-17T05:27:29.826255325Z,search,scaled,660681595a5e,200,10.920526
2026-09-17T05:27:29.886912114Z,search,scaled,a1cb37b7da6b,200,11.024636
2026-09-17T05:27:29.946374769Z,search,scaled,660681595a5e,200,10.877756
2026-09-17T05:27:30.005812604Z,search,scaled,a1cb37b7da6b,200,10.845825
2026-09-17T05:27:30.067359678Z,search,scaled,348cd506525f,200,11.820099
2026-09-17T05:27:30.128655294Z,search,scaled,a1cb37b7da6b,200,12.655385
2026-09-17T05:27:30.18841556Z,search,scaled,348cd506525f,200,13.214222
2026-09-17T05:27:30.247579706Z,search,scaled,660681595a5e,200,12.414657
2026-09-17T05:27:30.306800346Z,search,scaled,348cd506525f,200,11.336649
2026-09-17T05:27:30.368044049Z,search,scaled,660681595a5e,200,12.135332
2026-09-17T05:27:30.427289842Z,search,scaled,a1cb37b7da6b,200,11.707882
2026-09-17T05:27:30.486459899Z,search,scaled,660681595a5e,200,11.269823
2026-09-17T05:27:30.547820389Z,search,scaled,a1cb37b7da6b,200,12.655435
2026-09-17T05:27:30.60629508Z,search,scaled,348cd506525f,200,10.762529
2026-09-17T05:27:30.667675842Z,search,scaled,a1cb37b7da6b,200,12.480231
2026-09-17T05:27:30.726243099Z,search,scaled,348cd506525f,200,10.965623
2026-09-17T05:27:30.786130764Z,search,scaled,660681595a5e,200,10.977924
2026-09-17T05:27:30.848186211Z,search,scaled,348cd506525f,200,12.412948
2026-09-17T05:27:30.908559476Z,search,scaled,660681595a5e,200,12.669934
2026-09-17T05:27:30.966614094Z,search,scaled,a1cb37b7da6b,200,11.421516
2026-09-17T05:27:31.02887855Z,search,scaled,660681595a5e,200,13.640028
2026-09-17T05:27:31.086187144Z,search,scaled,a1cb37b7da6b,200,10.584077
2026-09-17T05:27:31.14776218Z,search,scaled,348cd506525f,200,11.97579
2026-09-17T05:27:31.205557026Z,search,scaled,a1cb37b7da6b,200,10.250976
2026-09-17T05:27:31.26650386Z,search,scaled,348cd506525f,200,11.365228
2026-09-17T05:27:31.326717015Z,search,scaled,660681595a5e,200,11.859331
2026-09-17T05:27:31.385937391Z,search,scaled,348cd506525f,200,10.906154
2026-09-17T05:27:31.446486533Z,search,scaled,660681595a5e,200,10.943082
2026-09-17T05:27:31.507087904Z,search,scaled,a1cb37b7da6b,200,12.061295
2026-09-17T05:27:31.567398602Z,search,scaled,660681595a5e,200,11.696847
2026-09-17T05:27:31.626376009Z,search,scaled,a1cb37b7da6b,200,11.466424
2026-09-17T05:27:31.686288635Z,search,scaled,348cd506525f,200,11.39252
2026-09-17T05:27:31.747512017Z,search,scaled,a1cb37b7da6b,200,11.748543
2026-09-17T05:27:31.806639062Z,search,scaled,348cd506525f,200,11.352649
2026-09-17T05:27:31.866796563Z,search,scaled,660681595a5e,200,11.571163
2026-09-17T05:27:31.926778113Z,search,scaled,348cd506525f,200,11.422331
2026-09-17T05:27:31.985594966Z,search,scaled,660681595a5e,200,10.256335
2026-09-17T05:27:32.046062184Z,search,scaled,a1cb37b7da6b,200,10.840469
2026-09-17T05:27:32.106084041Z,search,scaled,660681595a5e,200,10.357282
2026-09-17T05:27:32.167001723Z,search,scaled,a1cb37b7da6b,200,11.151745
2026-09-17T05:27:32.227666558Z,search,scaled,348cd506525f,200,12.031693
2026-09-17T05:27:32.285736062Z,search,scaled,a1cb37b7da6b,200,10.442206
2026-09-17T05:27:32.346847126Z,search,scaled,348cd506525f,200,11.54091
2026-09-17T05:27:32.407526073Z,search,scaled,660681595a5e,200,12.097006
2026-09-17T05:27:32.465992284Z,search,scaled,348cd506525f,200,10.855366
2026-09-17T05:27:32.526838861Z,search,scaled,660681595a5e,200,11.246481
2026-09-17T05:27:32.585043804Z,search,scaled,a1cb37b7da6b,200,9.991849
2026-09-17T05:27:32.64633116Z,search,scaled,660681595a5e,200,10.764438
2026-09-17T05:27:32.706840349Z,search,scaled,a1cb37b7da6b,200,11.781249
2026-09-17T05:27:32.765808798Z,search,scaled,348cd506525f,200,10.531243
2026-09-17T05:27:32.826374788Z,search,scaled,a1cb37b7da6b,200,10.982014
2026-09-17T05:27:32.887219575Z,search,scaled,348cd506525f,200,12.401837
2026-09-17T05:27:32.946500518Z,search,scaled,660681595a5e,200,10.810031
2026-09-17T05:27:33.007040275Z,search,scaled,348cd506525f,200,11.819308
2026-09-17T05:27:33.070012377Z,search,scaled,660681595a5e,200,14.043859
2026-09-17T05:27:33.126259416Z,search,scaled,a1cb37b7da6b,200,10.756968
2026-09-17T05:27:33.186824921Z,search,scaled,660681595a5e,200,10.99696
2026-09-17T05:27:33.246064417Z,search,scaled,a1cb37b7da6b,200,10.688315
2026-09-17T05:27:33.306075439Z,search,scaled,348cd506525f,200,10.469578
2026-09-17T05:27:33.36623439Z,search,scaled,a1cb37b7da6b,200,10.467879
2026-09-17T05:27:33.426128465Z,search,scaled,348cd506525f,200,10.251345
2026-09-17T05:27:33.486148789Z,search,scaled,660681595a5e,200,10.446158
2026-09-17T05:27:33.548032894Z,search,scaled,348cd506525f,200,12.362675
2026-09-17T05:27:33.606160871Z,search,scaled,660681595a5e,200,10.418347
2026-09-17T05:27:33.666608692Z,search,scaled,a1cb37b7da6b,200,10.95234
2026-09-17T05:27:33.727443198Z,search,scaled,660681595a5e,200,12.31875
2026-09-17T05:27:33.786391451Z,search,scaled,a1cb37b7da6b,200,11.1782
2026-09-17T05:27:33.84604247Z,search,scaled,348cd506525f,200,11.07414
2026-09-17T05:27:33.907374679Z,search,scaled,a1cb37b7da6b,200,11.790718
2026-09-17T05:27:33.966666193Z,search,scaled,348cd506525f,200,10.994383
2026-09-17T05:27:34.025781996Z,search,scaled,660681595a5e,200,10.594867
2026-09-17T05:27:34.08596916Z,search,scaled,348cd506525f,200,10.370702
2026-09-17T05:27:34.145972182Z,search,scaled,660681595a5e,200,10.455899
2026-09-17T05:27:34.206811049Z,search,scaled,a1cb37b7da6b,200,11.049489
2026-09-17T05:27:34.265571288Z,search,scaled,660681595a5e,200,10.436807
2026-09-17T05:27:34.326142566Z,search,scaled,a1cb37b7da6b,200,10.818001
2026-09-17T05:27:34.387088469Z,search,scaled,348cd506525f,200,11.223078
2026-09-17T05:27:34.446113637Z,search,scaled,a1cb37b7da6b,200,10.235264
2026-09-17T05:27:34.506103509Z,search,scaled,348cd506525f,200,10.265227
2026-09-17T05:27:34.566225978Z,search,scaled,660681595a5e,200,10.555336
2026-09-17T05:27:34.626532429Z,search,scaled,348cd506525f,200,10.786181
2026-09-17T05:27:34.685678654Z,search,scaled,660681595a5e,200,10.537463
2026-09-17T05:27:34.746135835Z,search,scaled,a1cb37b7da6b,200,10.911448
2026-09-17T05:27:34.806373042Z,search,scaled,660681595a5e,200,10.524833
2026-09-17T05:27:34.865716171Z,search,scaled,a1cb37b7da6b,200,10.824083
2026-09-17T05:27:34.925667589Z,search,scaled,348cd506525f,200,10.30601
2026-09-17T05:27:34.986078347Z,search,scaled,a1cb37b7da6b,200,10.79406
2026-09-17T05:27:35.047626001Z,search,scaled,348cd506525f,200,11.740362
2026-09-17T05:27:35.106987586Z,search,scaled,660681595a5e,200,11.583558
2026-09-17T05:27:35.166417134Z,search,scaled,348cd506525f,200,10.799231
2026-09-17T05:27:35.225519197Z,search,scaled,660681595a5e,200,10.580137
2026-09-17T05:27:35.287181638Z,search,scaled,a1cb37b7da6b,200,11.977709
2026-09-17T05:27:35.346605211Z,search,scaled,660681595a5e,200,10.856184
2026-09-17T05:27:35.406331734Z,search,scaled,a1cb37b7da6b,200,11.159584
2026-09-17T05:27:35.465741267Z,search,scaled,348cd506525f,200,10.798402
2026-09-17T05:27:35.52651604Z,search,scaled,a1cb37b7da6b,200,11.285034
2026-09-17T05:27:35.585551518Z,search,scaled,348cd506525f,200,10.45369
2026-09-17T05:27:35.645656175Z,search,scaled,660681595a5e,200,10.474741
2026-09-17T05:27:35.706833924Z,search,scaled,348cd506525f,200,11.635556
2026-09-17T05:27:35.765749114Z,search,scaled,660681595a5e,200,10.436866
2026-09-17T05:27:35.826153492Z,search,scaled,a1cb37b7da6b,200,10.690483
2026-09-17T05:27:35.888243602Z,search,scaled,660681595a5e,200,12.375056
2026-09-17T05:27:35.946632037Z,search,scaled,a1cb37b7da6b,200,10.954473
2026-09-17T05:27:36.005511364Z,search,scaled,348cd506525f,200,10.319269
2026-09-17T05:27:36.065704698Z,search,scaled,a1cb37b7da6b,200,10.571905
2026-09-17T05:27:36.125687458Z,search,scaled,348cd506525f,200,10.391114
2026-09-17T05:27:36.186046503Z,search,scaled,660681595a5e,200,10.888997
2026-09-17T05:27:36.245849441Z,search,scaled,348cd506525f,200,10.239663
2026-09-17T05:27:36.307017894Z,search,scaled,660681595a5e,200,11.667497
2026-09-17T05:27:36.36565372Z,search,scaled,a1cb37b7da6b,200,10.176579
2026-09-17T05:27:36.425689378Z,search,scaled,660681595a5e,200,10.429585
2026-09-17T05:27:36.487791732Z,search,scaled,a1cb37b7da6b,200,12.562236
2026-09-17T05:27:36.548173723Z,search,scaled,348cd506525f,200,12.850785
2026-09-17T05:27:36.606234501Z,search,scaled,a1cb37b7da6b,200,10.525653
2026-09-17T05:27:36.666702977Z,search,scaled,348cd506525f,200,10.914237
2026-09-17T05:27:36.725722489Z,search,scaled,660681595a5e,200,10.599588
2026-09-17T05:27:36.78558497Z,search,scaled,348cd506525f,200,10.674037
2026-09-17T05:27:36.84633487Z,search,scaled,660681595a5e,200,11.08354
2026-09-17T05:27:36.907129478Z,search,scaled,a1cb37b7da6b,200,11.207598
2026-09-17T05:27:36.96646951Z,search,scaled,660681595a5e,200,10.741837
2026-09-17T05:27:37.025695065Z,search,scaled,a1cb37b7da6b,200,10.767869
2026-09-17T05:27:37.085816669Z,search,scaled,348cd506525f,200,10.571825
2026-09-17T05:27:37.14635652Z,search,scaled,a1cb37b7da6b,200,10.95485
2026-09-17T05:27:37.206896051Z,search,scaled,348cd506525f,200,11.656005
2026-09-17T05:27:37.267389409Z,search,scaled,660681595a5e,200,11.751531
2026-09-17T05:27:37.326301323Z,search,scaled,348cd506525f,200,11.446712
2026-09-17T05:27:37.388035432Z,search,scaled,660681595a5e,200,12.127006
2026-09-17T05:27:37.446467731Z,search,scaled,a1cb37b7da6b,200,10.629584
2026-09-17T05:27:37.50644478Z,search,scaled,660681595a5e,200,11.342915
2026-09-17T05:27:37.566227241Z,search,scaled,a1cb37b7da6b,200,11.10499
2026-09-17T05:27:37.627160988Z,search,scaled,348cd506525f,200,11.451201
2026-09-17T05:27:37.690703327Z,search,scaled,a1cb37b7da6b,200,14.893208
2026-09-17T05:27:37.747821134Z,search,scaled,348cd506525f,200,12.420518
2026-09-17T05:27:37.809439096Z,search,scaled,660681595a5e,200,14.039744
2026-09-17T05:27:37.868125025Z,search,scaled,348cd506525f,200,12.985364
2026-09-17T05:27:37.926460751Z,search,scaled,660681595a5e,200,10.766309
2026-09-17T05:27:37.986028158Z,search,scaled,a1cb37b7da6b,200,10.991172
2026-09-17T05:27:38.046129981Z,search,scaled,660681595a5e,200,10.295271
2026-09-17T05:27:38.106705145Z,search,scaled,a1cb37b7da6b,200,11.007524
2026-09-17T05:27:38.167552146Z,search,scaled,348cd506525f,200,12.256837
2026-09-17T05:27:38.228252478Z,search,scaled,a1cb37b7da6b,200,12.966263
2026-09-17T05:27:38.287226506Z,search,scaled,348cd506525f,200,11.446144
2026-09-17T05:27:38.346526636Z,search,scaled,660681595a5e,200,10.541884
2026-09-17T05:27:38.40665512Z,search,scaled,348cd506525f,200,11.54212
2026-09-17T05:27:38.467233083Z,search,scaled,660681595a5e,200,12.065684
2026-09-17T05:27:38.527053377Z,search,scaled,a1cb37b7da6b,200,11.337025
2026-09-17T05:27:38.586238199Z,search,scaled,660681595a5e,200,10.717585
2026-09-17T05:27:38.646427767Z,search,scaled,a1cb37b7da6b,200,10.567495
2026-09-17T05:27:38.706641947Z,search,scaled,348cd506525f,200,11.572522
2026-09-17T05:27:38.765278798Z,search,scaled,a1cb37b7da6b,200,10.10398
2026-09-17T05:27:38.826702772Z,search,scaled,348cd506525f,200,11.445613
2026-09-17T05:27:38.885904685Z,search,scaled,660681595a5e,200,10.920878
2026-09-17T05:27:38.946423315Z,search,scaled,348cd506525f,200,10.880765
2026-09-17T05:27:39.007588423Z,search,scaled,660681595a5e,200,12.405841
2026-09-17T05:27:39.067125373Z,search,scaled,a1cb37b7da6b,200,11.831028
2026-09-17T05:27:39.127235416Z,search,scaled,660681595a5e,200,11.325175
2026-09-17T05:27:39.185613364Z,search,scaled,a1cb37b7da6b,200,10.526672
2026-09-17T05:27:39.246784407Z,search,scaled,348cd506525f,200,11.464004
2026-09-17T05:27:39.306150611Z,search,scaled,a1cb37b7da6b,200,10.757327
2026-09-17T05:27:39.366678442Z,search,scaled,348cd506525f,200,10.966752
2026-09-17T05:27:39.425829471Z,search,scaled,660681595a5e,200,10.49735
2026-09-17T05:27:39.486250095Z,search,scaled,348cd506525f,200,10.80849
2026-09-17T05:27:39.54715995Z,search,scaled,660681595a5e,200,11.40926
2026-09-17T05:27:39.606033652Z,search,scaled,a1cb37b7da6b,200,10.32725
2026-09-17T05:27:39.666505739Z,search,scaled,660681595a5e,200,10.978923
2026-09-17T05:27:39.727007347Z,search,scaled,a1cb37b7da6b,200,11.623295
2026-09-17T05:27:39.785386837Z,search,scaled,348cd506525f,200,9.997358
2026-09-17T05:27:39.844927043Z,search,scaled,a1cb37b7da6b,200,10.03039
2026-09-17T05:27:39.907769235Z,search,scaled,348cd506525f,200,12.244066
2026-09-17T05:27:39.965998494Z,search,scaled,660681595a5e,200,10.688183
2026-09-17T05:27:40.026347733Z,search,scaled,348cd506525f,200,10.661451
2026-09-17T05:27:40.085629041Z,search,scaled,660681595a5e,200,10.386463
2026-09-17T05:27:40.146646354Z,search,scaled,a1cb37b7da6b,200,11.472564
2026-09-17T05:27:40.206838302Z,search,scaled,660681595a5e,200,11.557789
2026-09-17T05:27:40.268802237Z,search,scaled,a1cb37b7da6b,200,13.352891
2026-09-17T05:27:40.325911812Z,search,scaled,348cd506525f,200,10.540483
2026-09-17T05:27:40.386161884Z,search,scaled,a1cb37b7da6b,200,10.625277
2026-09-17T05:27:40.44585079Z,search,scaled,348cd506525f,200,9.90652
2026-09-17T05:27:40.507037783Z,search,scaled,660681595a5e,200,11.606162
2026-09-17T05:27:40.567783638Z,search,scaled,348cd506525f,200,12.122736
2026-09-17T05:27:40.626367841Z,search,scaled,660681595a5e,200,11.103769
2026-09-17T05:27:40.686862074Z,search,scaled,a1cb37b7da6b,200,10.971225
2026-09-17T05:27:40.746412556Z,search,scaled,660681595a5e,200,10.817321
2026-09-17T05:27:40.805869036Z,search,scaled,a1cb37b7da6b,200,10.695154
2026-09-17T05:27:40.866514484Z,search,scaled,348cd506525f,200,11.160825
2026-09-17T05:27:40.926754846Z,search,scaled,a1cb37b7da6b,200,11.373758
2026-09-17T05:27:40.98582886Z,search,scaled,348cd506525f,200,10.48738
2026-09-17T05:27:41.045940124Z,search,scaled,660681595a5e,200,10.494191
2026-09-17T05:27:41.106257351Z,search,scaled,348cd506525f,200,10.835943
2026-09-17T05:27:41.166688495Z,search,scaled,660681595a5e,200,11.034976
2026-09-17T05:27:41.226413272Z,search,scaled,a1cb37b7da6b,200,10.899886
2026-09-17T05:27:41.285092641Z,search,scaled,660681595a5e,200,10.305168
2026-09-17T05:27:41.346228351Z,search,scaled,a1cb37b7da6b,200,10.565945
2026-09-17T05:27:41.406503585Z,search,scaled,348cd506525f,200,10.621379
2026-09-17T05:27:41.466028839Z,search,scaled,a1cb37b7da6b,200,10.984372
2026-09-17T05:27:41.526334705Z,search,scaled,348cd506525f,200,10.807721
2026-09-17T05:27:41.585113Z,search,scaled,660681595a5e,200,10.293537
2026-09-17T05:27:41.645991944Z,search,scaled,348cd506525f,200,10.382132
2026-09-17T05:27:41.707880875Z,search,scaled,660681595a5e,200,12.339824
2026-09-17T05:27:41.76620024Z,search,scaled,a1cb37b7da6b,200,10.765198
2026-09-17T05:27:41.826637824Z,search,scaled,660681595a5e,200,11.007484
2026-09-17T05:27:41.885892001Z,search,scaled,a1cb37b7da6b,200,10.736436
2026-09-17T05:27:41.946873051Z,search,scaled,348cd506525f,200,11.347566
2026-09-17T05:27:42.006793911Z,search,scaled,a1cb37b7da6b,200,11.377488
2026-09-17T05:27:42.066695311Z,search,scaled,348cd506525f,200,11.316914
2026-09-17T05:27:42.126253277Z,search,scaled,660681595a5e,200,10.80356
2026-09-17T05:27:42.186911142Z,search,scaled,348cd506525f,200,11.033212
2026-09-17T05:27:42.246046335Z,search,scaled,660681595a5e,200,10.693632
2026-09-17T05:27:42.306442767Z,search,scaled,a1cb37b7da6b,200,10.799721
2026-09-17T05:27:42.365880135Z,search,scaled,660681595a5e,200,11.010114
2026-09-17T05:27:42.425420701Z,search,scaled,a1cb37b7da6b,200,10.013898
2026-09-17T05:27:42.486173536Z,search,scaled,348cd506525f,200,11.180406
2026-09-17T05:27:42.545776726Z,search,scaled,a1cb37b7da6b,200,9.996038
2026-09-17T05:27:42.606162187Z,search,scaled,348cd506525f,200,10.833884
2026-09-17T05:27:42.665991882Z,search,scaled,660681595a5e,200,10.202772
2026-09-17T05:27:42.727460743Z,search,scaled,348cd506525f,200,11.939225
2026-09-17T05:27:42.785509461Z,search,scaled,660681595a5e,200,10.539723
2026-09-17T05:27:42.84647917Z,search,scaled,a1cb37b7da6b,200,11.454793
2026-09-17T05:27:42.906774075Z,search,scaled,660681595a5e,200,11.691039
2026-09-17T05:27:42.966546086Z,search,scaled,a1cb37b7da6b,200,11.07956
2026-09-17T05:27:43.02620843Z,search,scaled,348cd506525f,200,10.964822
2026-09-17T05:27:43.091456191Z,search,scaled,a1cb37b7da6b,200,15.623917
2026-09-17T05:27:43.144827261Z,search,scaled,348cd506525f,200,9.808105
2026-09-17T05:27:43.206427181Z,search,scaled,660681595a5e,200,11.023614
2026-09-17T05:27:43.266291978Z,search,scaled,348cd506525f,200,11.307613
2026-09-17T05:27:43.327041413Z,search,scaled,660681595a5e,200,11.098059
2026-09-17T05:27:43.386127658Z,search,scaled,a1cb37b7da6b,200,10.603196
2026-09-17T05:27:43.445699516Z,search,scaled,660681595a5e,200,10.66948
2026-09-17T05:27:43.506104398Z,search,scaled,a1cb37b7da6b,200,10.911806
2026-09-17T05:27:43.567910432Z,search,scaled,348cd506525f,200,12.235003
2026-09-17T05:27:43.626455703Z,search,scaled,a1cb37b7da6b,200,11.397038
2026-09-17T05:27:43.685386204Z,search,scaled,348cd506525f,200,10.331254
2026-09-17T05:27:43.745866836Z,search,scaled,660681595a5e,200,10.983282
2026-09-17T05:27:43.80613894Z,search,scaled,348cd506525f,200,10.64781
2026-09-17T05:27:43.866499379Z,search,scaled,660681595a5e,200,10.730025
2026-09-17T05:27:43.925255913Z,search,scaled,a1cb37b7da6b,200,10.343371
2026-09-17T05:27:43.985289631Z,search,scaled,660681595a5e,200,10.125265
2026-09-17T05:27:44.047515813Z,search,scaled,a1cb37b7da6b,200,11.597563
2026-09-17T05:27:44.10525632Z,search,scaled,348cd506525f,200,10.18552
2026-09-17T05:27:44.165495742Z,search,scaled,a1cb37b7da6b,200,10.540713
2026-09-17T05:27:44.226028472Z,search,scaled,348cd506525f,200,10.902987
2026-09-17T05:27:44.28618941Z,search,scaled,660681595a5e,200,10.479953
2026-09-17T05:27:44.346663304Z,search,scaled,348cd506525f,200,10.892906
2026-09-17T05:27:44.407169983Z,search,scaled,660681595a5e,200,11.686866
2026-09-17T05:27:44.466280003Z,search,scaled,a1cb37b7da6b,200,10.506291
2026-09-17T05:27:44.526813922Z,search,scaled,660681595a5e,200,10.819035
2026-09-17T05:27:44.585246553Z,search,scaled,a1cb37b7da6b,200,9.908302
2026-09-17T05:27:44.646576103Z,search,scaled,348cd506525f,200,10.845585
2026-09-17T05:27:44.706233011Z,search,scaled,a1cb37b7da6b,200,10.910366
2026-09-17T05:27:44.76567634Z,search,scaled,348cd506525f,200,10.536106
2026-09-17T05:27:44.826029082Z,search,scaled,660681595a5e,200,10.908797
2026-09-17T05:27:44.887672186Z,search,scaled,348cd506525f,200,11.92733
2026-09-17T05:27:44.945820954Z,search,scaled,660681595a5e,200,10.596782
2026-09-17T05:27:45.006120789Z,search,scaled,a1cb37b7da6b,200,10.609321
2026-09-17T05:27:45.067718301Z,search,scaled,660681595a5e,200,11.847997
2026-09-17T05:27:45.125648371Z,search,scaled,a1cb37b7da6b,200,10.295191
2026-09-17T05:27:45.187198889Z,search,scaled,348cd506525f,200,11.94062
2026-09-17T05:27:45.248313326Z,search,scaled,a1cb37b7da6b,200,12.487217
2026-09-17T05:27:45.306531804Z,search,scaled,348cd506525f,200,11.338062
2026-09-17T05:27:45.366279398Z,search,scaled,660681595a5e,200,11.171195
2026-09-17T05:27:45.426691331Z,search,scaled,348cd506525f,200,10.714504
2026-09-17T05:27:45.486661902Z,search,scaled,660681595a5e,200,11.470398
2026-09-17T05:27:45.546871267Z,search,scaled,a1cb37b7da6b,200,11.639876
2026-09-17T05:27:45.608421446Z,search,scaled,660681595a5e,200,12.856758
2026-09-17T05:27:45.666483521Z,search,scaled,a1cb37b7da6b,200,11.552209
2026-09-17T05:27:45.727521992Z,search,scaled,348cd506525f,200,12.391216
2026-09-17T05:27:45.787374633Z,search,scaled,a1cb37b7da6b,200,12.23034
2026-09-17T05:27:45.84638697Z,search,scaled,348cd506525f,200,11.227239
2026-09-17T05:27:45.90699692Z,search,scaled,660681595a5e,200,12.05721
2026-09-17T05:27:45.966329593Z,search,scaled,348cd506525f,200,10.676652
2026-09-17T05:27:46.026999214Z,search,scaled,660681595a5e,200,10.916496
2026-09-17T05:27:46.086401938Z,search,scaled,a1cb37b7da6b,200,10.739564
2026-09-17T05:27:46.145979Z,search,scaled,660681595a5e,200,10.905091
2026-09-17T05:27:46.206333901Z,search,scaled,a1cb37b7da6b,200,10.718324
2026-09-17T05:27:46.265685535Z,search,scaled,348cd506525f,200,10.773525
2026-09-17T05:27:46.325720297Z,search,scaled,a1cb37b7da6b,200,10.480094
2026-09-17T05:27:46.38726447Z,search,scaled,348cd506525f,200,12.050411
2026-09-17T05:27:46.447572327Z,search,scaled,660681595a5e,200,11.701987
2026-09-17T05:27:46.507441207Z,search,scaled,348cd506525f,200,12.090342
2026-09-17T05:27:46.565816748Z,search,scaled,660681595a5e,200,10.743745
2026-09-17T05:27:46.62807066Z,search,scaled,a1cb37b7da6b,200,12.64963
2026-09-17T05:27:46.686270466Z,search,scaled,660681595a5e,200,10.730603
2026-09-17T05:27:46.746134266Z,search,scaled,a1cb37b7da6b,200,11.200048
2026-09-17T05:27:46.80624959Z,search,scaled,348cd506525f,200,10.624751
2026-09-17T05:27:46.86759078Z,search,scaled,a1cb37b7da6b,200,11.881979
2026-09-17T05:27:46.926296885Z,search,scaled,348cd506525f,200,11.094439
2026-09-17T05:27:46.985298743Z,search,scaled,660681595a5e,200,10.49436
2026-09-17T05:27:47.047039609Z,search,scaled,348cd506525f,200,11.18423
2026-09-17T05:27:47.10921736Z,search,scaled,660681595a5e,200,13.36389
2026-09-17T05:27:47.16681601Z,search,scaled,a1cb37b7da6b,200,10.817125
2026-09-17T05:27:47.227114486Z,search,scaled,660681595a5e,200,11.554985
2026-09-17T05:27:47.286983547Z,search,scaled,a1cb37b7da6b,200,11.337162
2026-09-17T05:27:47.347017269Z,search,scaled,348cd506525f,200,11.325702
2026-09-17T05:27:47.406628056Z,search,scaled,a1cb37b7da6b,200,10.827086
2026-09-17T05:27:47.465902818Z,search,scaled,348cd506525f,200,10.604332
2026-09-17T05:27:47.526195313Z,search,scaled,660681595a5e,200,10.668867
2026-09-17T05:27:47.58656545Z,search,scaled,348cd506525f,200,11.415251
2026-09-17T05:27:47.645392836Z,search,scaled,660681595a5e,200,10.065193
2026-09-17T05:27:47.705165256Z,search,scaled,a1cb37b7da6b,200,10.331168
2026-09-17T05:27:47.766931631Z,search,scaled,660681595a5e,200,11.019028
2026-09-17T05:27:47.826914883Z,search,scaled,a1cb37b7da6b,200,11.475383
2026-09-17T05:27:47.887417882Z,search,scaled,348cd506525f,200,11.93391
2026-09-17T05:27:47.945921424Z,search,scaled,a1cb37b7da6b,200,11.079149
2026-09-17T05:27:48.007433931Z,search,scaled,348cd506525f,200,11.370067
2026-09-17T05:27:48.065848817Z,search,scaled,660681595a5e,200,10.955187
2026-09-17T05:27:48.125936611Z,search,scaled,348cd506525f,200,10.464131
2026-09-17T05:27:48.185762791Z,search,scaled,660681595a5e,200,10.335149
2026-09-17T05:27:48.246258879Z,search,scaled,a1cb37b7da6b,200,10.722314
2026-09-17T05:27:48.307034752Z,search,scaled,660681595a5e,200,12.095073
2026-09-17T05:27:48.366690758Z,search,scaled,a1cb37b7da6b,200,10.793184
2026-09-17T05:27:48.425621385Z,search,scaled,348cd506525f,200,10.264896
2026-09-17T05:27:48.487122647Z,search,scaled,a1cb37b7da6b,200,11.707935
2026-09-17T05:27:48.546326849Z,search,scaled,348cd506525f,200,10.664283
2026-09-17T05:27:48.605205596Z,search,scaled,660681595a5e,200,10.297128
2026-09-17T05:27:48.665495952Z,search,scaled,348cd506525f,200,9.558438
2026-09-17T05:27:48.726069722Z,search,scaled,660681595a5e,200,10.956887
2026-09-17T05:27:48.7857703Z,search,scaled,a1cb37b7da6b,200,10.673234
2026-09-17T05:27:48.846129921Z,search,scaled,660681595a5e,200,10.667666
2026-09-17T05:27:48.904304319Z,search,scaled,a1cb37b7da6b,200,10.225347
2026-09-17T05:27:48.964604564Z,search,scaled,348cd506525f,200,10.464319
2026-09-17T05:27:49.025808621Z,search,scaled,a1cb37b7da6b,200,11.591364
2026-09-17T05:27:49.086010906Z,search,scaled,348cd506525f,200,11.664624
2026-09-17T05:27:49.145540478Z,search,scaled,660681595a5e,200,10.737749
2026-09-17T05:27:49.205327924Z,search,scaled,348cd506525f,200,11.262176
2026-09-17T05:27:49.264059632Z,search,scaled,660681595a5e,200,10.173005
2026-09-17T05:27:49.324882518Z,search,scaled,a1cb37b7da6b,200,11.054002
2026-09-17T05:27:49.38563909Z,search,scaled,660681595a5e,200,11.048483
2026-09-17T05:27:49.444652346Z,search,scaled,a1cb37b7da6b,200,10.54304
2026-09-17T05:27:49.505357189Z,search,scaled,348cd506525f,200,11.09857
2026-09-17T05:27:49.564409544Z,search,scaled,a1cb37b7da6b,200,10.451613
2026-09-17T05:27:49.624860725Z,search,scaled,348cd506525f,200,10.865161
2026-09-17T05:27:49.68553017Z,search,scaled,660681595a5e,200,11.084734
2026-09-17T05:27:49.74489026Z,search,scaled,348cd506525f,200,10.797475
2026-09-17T05:27:49.80563279Z,search,scaled,660681595a5e,200,11.001018
2026-09-17T05:27:49.864741004Z,search,scaled,a1cb37b7da6b,200,10.652877
2026-09-17T05:27:49.924909566Z,search,scaled,660681595a5e,200,10.644866
2026-09-17T05:27:49.98432945Z,search,scaled,a1cb37b7da6b,200,10.499745
2026-09-17T05:27:50.045156711Z,search,scaled,348cd506525f,200,10.883456
2026-09-17T05:27:50.111248315Z,search,scaled,a1cb37b7da6b,200,16.609274
2026-09-17T05:27:50.167463849Z,search,scaled,348cd506525f,200,13.866156
2026-09-17T05:27:50.223978509Z,search,scaled,660681595a5e,200,9.921564
2026-09-17T05:27:50.285188834Z,search,scaled,348cd506525f,200,10.707989
2026-09-17T05:27:50.343916863Z,search,scaled,660681595a5e,200,10.246999
2026-09-17T05:27:50.406223875Z,search,scaled,a1cb37b7da6b,200,11.613214
2026-09-17T05:27:50.464679787Z,search,scaled,660681595a5e,200,10.802176
2026-09-17T05:27:50.525409486Z,search,scaled,a1cb37b7da6b,200,11.187051
2026-09-17T05:27:50.585825915Z,search,scaled,348cd506525f,200,11.883166
2026-09-17T05:27:50.646223078Z,search,scaled,a1cb37b7da6b,200,11.748855
2026-09-17T05:27:50.703964407Z,search,scaled,348cd506525f,200,10.07575
2026-09-17T05:27:50.76568651Z,search,scaled,660681595a5e,200,11.069063
2026-09-17T05:27:50.825441566Z,search,scaled,348cd506525f,200,11.275566
2026-09-17T05:27:50.885567137Z,search,scaled,660681595a5e,200,11.319801
2026-09-17T05:27:50.945054154Z,search,scaled,a1cb37b7da6b,200,10.866771
2026-09-17T05:27:51.006145657Z,search,scaled,660681595a5e,200,11.504232
2026-09-17T05:27:51.064394009Z,search,scaled,a1cb37b7da6b,200,10.769198
2026-09-17T05:27:51.124535297Z,search,scaled,348cd506525f,200,10.599303
2026-09-17T05:27:51.184318514Z,search,scaled,a1cb37b7da6b,200,10.447324
2026-09-17T05:27:51.244461964Z,search,scaled,348cd506525f,200,10.376308
2026-09-17T05:27:51.304387772Z,search,scaled,660681595a5e,200,10.331305
2026-09-17T05:27:51.364594627Z,search,scaled,348cd506525f,200,10.69633
2026-09-17T05:27:51.425242561Z,search,scaled,660681595a5e,200,10.892842
2026-09-17T05:27:51.484386856Z,search,scaled,a1cb37b7da6b,200,10.531378
2026-09-17T05:27:51.545583337Z,search,scaled,660681595a5e,200,11.445068
2026-09-17T05:27:51.606190508Z,search,scaled,a1cb37b7da6b,200,11.971332
2026-09-17T05:27:51.665219806Z,search,scaled,348cd506525f,200,10.535388
2026-09-17T05:27:51.724116755Z,search,scaled,a1cb37b7da6b,200,10.495858
2026-09-17T05:27:51.784350198Z,search,scaled,348cd506525f,200,10.724586
2026-09-17T05:27:51.844700688Z,search,scaled,660681595a5e,200,10.368378
2026-09-17T05:27:51.906352576Z,search,scaled,348cd506525f,200,12.034056
2026-09-17T05:27:51.964638897Z,search,scaled,660681595a5e,200,10.570221
2026-09-17T05:27:52.02512318Z,search,scaled,a1cb37b7da6b,200,10.997049
2026-09-17T05:27:52.084000679Z,search,scaled,660681595a5e,200,10.188676
2026-09-17T05:27:52.145105333Z,search,scaled,a1cb37b7da6b,200,10.605034
2026-09-17T05:27:52.205294716Z,search,scaled,348cd506525f,200,10.561701
2026-09-17T05:27:52.264948533Z,search,scaled,a1cb37b7da6b,200,11.056264
2026-09-17T05:27:52.325340732Z,search,scaled,348cd506525f,200,10.908134
2026-09-17T05:27:52.385000105Z,search,scaled,660681595a5e,200,11.192263
2026-09-17T05:27:52.444816586Z,search,scaled,348cd506525f,200,10.331637
2026-09-17T05:27:52.505153051Z,search,scaled,660681595a5e,200,10.902474
2026-09-17T05:27:52.564574768Z,search,scaled,a1cb37b7da6b,200,10.449155
2026-09-17T05:27:52.625061733Z,search,scaled,660681595a5e,200,10.901373
2026-09-17T05:27:52.685503945Z,search,scaled,a1cb37b7da6b,200,10.894982
2026-09-17T05:27:52.744710699Z,search,scaled,348cd506525f,200,10.479276
2026-09-17T05:27:52.806371239Z,search,scaled,a1cb37b7da6b,200,12.206648
2026-09-17T05:27:52.86429357Z,search,scaled,348cd506525f,200,10.430414
2026-09-17T05:27:52.924887431Z,search,scaled,660681595a5e,200,10.811238
2026-09-17T05:27:52.985642803Z,search,scaled,348cd506525f,200,11.100147
2026-09-17T05:27:53.047086982Z,search,scaled,660681595a5e,200,12.832759
2026-09-17T05:27:53.107043538Z,search,scaled,a1cb37b7da6b,200,13.294094
2026-09-17T05:27:53.165436923Z,search,scaled,660681595a5e,200,10.754199
2026-09-17T05:27:53.225170425Z,search,scaled,a1cb37b7da6b,200,11.003237
2026-09-17T05:27:53.286481807Z,search,scaled,348cd506525f,200,12.743052
2026-09-17T05:27:53.347088092Z,search,scaled,a1cb37b7da6b,200,12.793456
2026-09-17T05:27:53.405894647Z,search,scaled,348cd506525f,200,11.036073
2026-09-17T05:27:53.46479816Z,search,scaled,660681595a5e,200,10.39749
2026-09-17T05:27:53.52673451Z,search,scaled,348cd506525f,200,12.128243
2026-09-17T05:27:53.584459546Z,search,scaled,660681595a5e,200,10.134214
2026-09-17T05:27:53.645559827Z,search,scaled,a1cb37b7da6b,200,11.23041
2026-09-17T05:27:53.706818077Z,search,scaled,660681595a5e,200,12.54814
2026-09-17T05:27:53.764707074Z,search,scaled,a1cb37b7da6b,200,10.355659
2026-09-17T05:27:53.824932823Z,search,scaled,348cd506525f,200,10.710851
2026-09-17T05:27:53.885330957Z,search,scaled,a1cb37b7da6b,200,10.850265
2026-09-17T05:27:53.944647352Z,search,scaled,348cd506525f,200,10.669768
2026-09-17T05:27:54.005203372Z,search,scaled,660681595a5e,200,11.008671
2026-09-17T05:27:54.06505149Z,search,scaled,348cd506525f,200,11.440884
2026-09-17T05:27:54.125204665Z,search,scaled,660681595a5e,200,10.589549
2026-09-17T05:27:54.185315511Z,search,scaled,a1cb37b7da6b,200,11.417427
2026-09-17T05:27:54.244456494Z,search,scaled,660681595a5e,200,10.463999
2026-09-17T05:27:54.304672267Z,search,scaled,a1cb37b7da6b,200,10.716552
2026-09-17T05:27:54.365064671Z,search,scaled,348cd506525f,200,10.869977
2026-09-17T05:27:54.425524681Z,search,scaled,a1cb37b7da6b,200,10.854761
2026-09-17T05:27:54.484877042Z,search,scaled,348cd506525f,200,10.802578
2026-09-17T05:27:54.545024875Z,search,scaled,660681595a5e,200,10.544321
2026-09-17T05:27:54.606606788Z,search,scaled,348cd506525f,200,11.971189
2026-09-17T05:27:54.665225016Z,search,scaled,660681595a5e,200,11.046393
2026-09-17T05:27:54.724200759Z,search,scaled,a1cb37b7da6b,200,10.277288
2026-09-17T05:27:54.78408755Z,search,scaled,660681595a5e,200,10.06272
2026-09-17T05:27:54.845588961Z,search,scaled,a1cb37b7da6b,200,10.917019
2026-09-17T05:27:54.905929128Z,search,scaled,348cd506525f,200,11.815113
2026-09-17T05:27:54.964813779Z,search,scaled,a1cb37b7da6b,200,10.356829
2026-09-17T05:27:55.026076814Z,search,scaled,348cd506525f,200,11.467241
2026-09-17T05:27:55.08702908Z,search,scaled,660681595a5e,200,12.337702
2026-09-17T05:27:55.144536702Z,search,scaled,348cd506525f,200,9.921525
2026-09-17T05:27:55.204953724Z,search,scaled,660681595a5e,200,10.898903
2026-09-17T05:27:55.264920116Z,search,scaled,a1cb37b7da6b,200,10.436874
2026-09-17T05:27:55.325416881Z,search,scaled,660681595a5e,200,10.98768
2026-09-17T05:27:55.386127831Z,search,scaled,a1cb37b7da6b,200,12.121292
2026-09-17T05:27:55.445767242Z,search,scaled,348cd506525f,200,10.984739
2026-09-17T05:27:55.505214349Z,search,scaled,a1cb37b7da6b,200,10.945015
2026-09-17T05:27:55.565155065Z,search,scaled,348cd506525f,200,11.513058
2026-09-17T05:27:55.625480714Z,search,scaled,660681595a5e,200,10.756905
2026-09-17T05:27:55.685214042Z,search,scaled,348cd506525f,200,11.004346
2026-09-17T05:27:55.745083807Z,search,scaled,660681595a5e,200,11.163801
2026-09-17T05:27:55.805813277Z,search,scaled,a1cb37b7da6b,200,12.173776
2026-09-17T05:27:55.866137723Z,search,scaled,660681595a5e,200,11.718907
2026-09-17T05:27:55.92650492Z,search,scaled,a1cb37b7da6b,200,11.757899
2026-09-17T05:27:55.98614696Z,search,scaled,348cd506525f,200,12.076499
2026-09-17T05:27:56.045631602Z,search,scaled,a1cb37b7da6b,200,12.006745
2026-09-17T05:27:56.106602138Z,search,scaled,348cd506525f,200,12.086211
2026-09-17T05:27:56.16454751Z,search,scaled,660681595a5e,200,10.37814
2026-09-17T05:27:56.225238648Z,search,scaled,348cd506525f,200,11.102957
2026-09-17T05:27:56.284075846Z,search,scaled,660681595a5e,200,10.069719
2026-09-17T05:27:56.345103717Z,search,scaled,a1cb37b7da6b,200,10.38062
2026-09-17T05:27:56.406299038Z,search,scaled,660681595a5e,200,12.678069
2026-09-17T05:27:56.464356207Z,search,scaled,a1cb37b7da6b,200,10.183778
2026-09-17T05:27:56.525525466Z,search,scaled,348cd506525f,200,11.600624
2026-09-17T05:27:56.58631175Z,search,scaled,a1cb37b7da6b,200,12.156075
2026-09-17T05:27:56.645018571Z,search,scaled,348cd506525f,200,11.092136
2026-09-17T05:27:56.70587429Z,search,scaled,660681595a5e,200,11.300319
2026-09-17T05:27:56.765278115Z,search,scaled,348cd506525f,200,10.728971
2026-09-17T05:27:56.825010252Z,search,scaled,660681595a5e,200,11.289089
2026-09-17T05:27:56.885971127Z,search,scaled,a1cb37b7da6b,200,11.412077
2026-09-17T05:27:56.945012056Z,search,scaled,660681595a5e,200,10.433119
2026-09-17T05:27:57.005591181Z,search,scaled,a1cb37b7da6b,200,11.031703
2026-09-17T05:27:57.064892539Z,search,scaled,348cd506525f,200,10.751894
2026-09-17T05:27:57.124795398Z,search,scaled,a1cb37b7da6b,200,10.36476
2026-09-17T05:27:57.184032417Z,search,scaled,348cd506525f,200,10.019332
2026-09-17T05:27:57.244597838Z,search,scaled,660681595a5e,200,10.944602
2026-09-17T05:27:57.30488447Z,search,scaled,348cd506525f,200,10.425129
2026-09-17T05:27:57.365503848Z,search,scaled,660681595a5e,200,11.132128
2026-09-17T05:27:57.42498797Z,search,scaled,a1cb37b7da6b,200,11.040943
2026-09-17T05:27:57.485312244Z,search,scaled,660681595a5e,200,10.715872
2026-09-17T05:27:57.544294762Z,search,scaled,a1cb37b7da6b,200,10.362747
2026-09-17T05:27:57.60573826Z,search,scaled,348cd506525f,200,11.894228
2026-09-17T05:27:57.66475134Z,search,scaled,a1cb37b7da6b,200,10.428294
2026-09-17T05:27:57.725476391Z,search,scaled,348cd506525f,200,11.572658
2026-09-17T05:27:57.78564912Z,search,scaled,660681595a5e,200,11.268092
2026-09-17T05:27:57.844838826Z,search,scaled,348cd506525f,200,10.672504
2026-09-17T05:27:57.905502784Z,search,scaled,660681595a5e,200,11.036443
2026-09-17T05:27:57.965873871Z,search,scaled,a1cb37b7da6b,200,11.774721
2026-09-17T05:27:58.025358032Z,search,scaled,660681595a5e,200,10.750013
2026-09-17T05:27:58.085219097Z,search,scaled,a1cb37b7da6b,200,11.164691
2026-09-17T05:27:58.144200375Z,search,scaled,348cd506525f,200,10.488707
2026-09-17T05:27:58.204253983Z,search,scaled,a1cb37b7da6b,200,10.566103
2026-09-17T05:27:58.264812893Z,search,scaled,348cd506525f,200,10.933156
2026-09-17T05:27:58.324287492Z,search,scaled,660681595a5e,200,9.878116
2026-09-17T05:27:58.384401164Z,search,scaled,348cd506525f,200,10.531331
2026-09-17T05:27:58.44521095Z,search,scaled,660681595a5e,200,10.951797
2026-09-17T05:27:58.504114934Z,search,scaled,a1cb37b7da6b,200,10.429724
2026-09-17T05:27:58.565725871Z,search,scaled,660681595a5e,200,10.99818
2026-09-17T05:27:58.624772433Z,search,scaled,a1cb37b7da6b,200,10.392221
2026-09-17T05:27:58.684638259Z,search,scaled,348cd506525f,200,10.192759
2026-09-17T05:27:58.74482464Z,search,scaled,a1cb37b7da6b,200,10.554533
2026-09-17T05:27:58.80555211Z,search,scaled,348cd506525f,200,11.104315
2026-09-17T05:27:58.866568765Z,search,scaled,660681595a5e,200,12.088105
2026-09-17T05:27:58.925639448Z,search,scaled,348cd506525f,200,11.438529
2026-09-17T05:27:58.985726869Z,search,scaled,660681595a5e,200,11.561567
2026-09-17T05:27:59.044113488Z,search,scaled,a1cb37b7da6b,200,9.952303
2026-09-17T05:27:59.105362462Z,search,scaled,660681595a5e,200,10.68398
2026-09-17T05:27:59.166212032Z,search,scaled,a1cb37b7da6b,200,12.269408
2026-09-17T05:27:59.224448046Z,search,scaled,348cd506525f,200,10.76229
2026-09-17T05:27:59.284592245Z,search,scaled,a1cb37b7da6b,200,10.670809
2026-09-17T05:27:59.344843991Z,search,scaled,348cd506525f,200,10.576349
2026-09-17T05:27:59.405143237Z,search,scaled,660681595a5e,200,10.693301
2026-09-17T05:27:59.464936519Z,search,scaled,348cd506525f,200,10.258463
2026-09-17T05:27:59.525325587Z,search,scaled,660681595a5e,200,10.569273
2026-09-17T05:27:59.584545145Z,search,scaled,a1cb37b7da6b,200,10.633899
2026-09-17T05:27:59.645253691Z,search,scaled,660681595a5e,200,11.129089
2026-09-17T05:27:59.704404309Z,search,scaled,a1cb37b7da6b,200,10.5303
2026-09-17T05:27:59.765410669Z,search,scaled,348cd506525f,200,11.366164
2026-09-17T05:27:59.824668854Z,search,scaled,a1cb37b7da6b,200,10.60259
2026-09-17T05:27:59.885008689Z,search,scaled,348cd506525f,200,10.696956
2026-09-17T05:27:59.944694994Z,search,scaled,660681595a5e,200,10.303675
2026-09-17T05:28:00.00488877Z,search,scaled,348cd506525f,200,10.605256
2026-09-17T05:28:00.064756395Z,search,scaled,660681595a5e,200,10.23263
2026-09-17T05:28:00.124209604Z,search,scaled,a1cb37b7da6b,200,10.006476
2026-09-17T05:28:00.184633405Z,search,scaled,660681595a5e,200,10.715552
2026-09-17T05:28:00.24989803Z,search,scaled,a1cb37b7da6b,200,15.714295
2026-09-17T05:28:00.304728924Z,search,scaled,348cd506525f,200,10.214538
2026-09-17T05:28:00.366021753Z,search,scaled,a1cb37b7da6b,200,11.71421
2026-09-17T05:28:00.426925827Z,search,scaled,348cd506525f,200,12.278811
2026-09-17T05:28:00.486073506Z,search,scaled,660681595a5e,200,11.63109
2026-09-17T05:28:00.545301688Z,search,scaled,348cd506525f,200,10.738498
2026-09-17T05:28:00.604487616Z,search,scaled,660681595a5e,200,10.62852
2026-09-17T05:28:00.66493036Z,search,scaled,a1cb37b7da6b,200,10.757943
2026-09-17T05:28:00.725268548Z,search,scaled,660681595a5e,200,10.755142
2026-09-17T05:28:00.784846987Z,search,scaled,a1cb37b7da6b,200,11.218903
2026-09-17T05:28:00.845684987Z,search,scaled,348cd506525f,200,11.359102
2026-09-17T05:28:00.905201342Z,search,scaled,a1cb37b7da6b,200,10.573601
2026-09-17T05:28:00.964575167Z,search,scaled,348cd506525f,200,10.703484
2026-09-17T05:28:01.025537944Z,search,scaled,660681595a5e,200,11.201305
2026-09-17T05:28:01.084481858Z,search,scaled,348cd506525f,200,10.54388
2026-09-17T05:28:01.145329442Z,search,scaled,660681595a5e,200,11.099796
2026-09-17T05:28:01.205647014Z,search,scaled,a1cb37b7da6b,200,11.274922
2026-09-17T05:28:01.264994812Z,search,scaled,660681595a5e,200,10.634955
2026-09-17T05:28:01.325684182Z,search,scaled,a1cb37b7da6b,200,10.991002
2026-09-17T05:28:01.385616354Z,search,scaled,348cd506525f,200,11.357747
2026-09-17T05:28:01.447541114Z,search,scaled,a1cb37b7da6b,200,13.19931
2026-09-17T05:28:01.505792087Z,search,scaled,348cd506525f,200,11.376782
2026-09-17T05:28:01.565986946Z,search,scaled,660681595a5e,200,11.459169
2026-09-17T05:28:01.627864341Z,search,scaled,348cd506525f,200,13.239283
2026-09-17T05:28:01.686516206Z,search,scaled,660681595a5e,200,11.737467
2026-09-17T05:28:01.746690177Z,search,scaled,a1cb37b7da6b,200,12.718459
2026-09-17T05:28:01.805869935Z,search,scaled,660681595a5e,200,11.530458
2026-09-17T05:28:01.865539575Z,search,scaled,a1cb37b7da6b,200,11.111076
2026-09-17T05:28:01.925179277Z,search,scaled,348cd506525f,200,11.088035
2026-09-17T05:28:01.984745695Z,search,scaled,a1cb37b7da6b,200,11.144528
2026-09-17T05:28:02.045666166Z,search,scaled,348cd506525f,200,11.394709
2026-09-17T05:28:02.105930374Z,search,scaled,660681595a5e,200,11.669872
2026-09-17T05:28:02.165671703Z,search,scaled,348cd506525f,200,11.171159
2026-09-17T05:28:02.22725577Z,search,scaled,660681595a5e,200,12.955905
2026-09-17T05:28:02.284672949Z,search,scaled,a1cb37b7da6b,200,10.843139
2026-09-17T05:28:02.346574328Z,search,scaled,660681595a5e,200,12.318673
2026-09-17T05:28:02.405189314Z,search,scaled,a1cb37b7da6b,200,10.942185
2026-09-17T05:28:02.464951285Z,search,scaled,348cd506525f,200,10.964206
2026-09-17T05:28:02.525055497Z,search,scaled,a1cb37b7da6b,200,11.260285
2026-09-17T05:28:02.584640916Z,search,scaled,348cd506525f,200,10.736362
2026-09-17T05:28:02.644793402Z,search,scaled,660681595a5e,200,10.606933
2026-09-17T05:28:02.705416648Z,search,scaled,348cd506525f,200,11.006549
2026-09-17T05:28:02.76506327Z,search,scaled,660681595a5e,200,10.952846
2026-09-17T05:28:02.826213035Z,search,scaled,a1cb37b7da6b,200,11.39864
2026-09-17T05:28:02.884299413Z,search,scaled,660681595a5e,200,10.471465
2026-09-17T05:28:02.946370342Z,search,scaled,a1cb37b7da6b,200,12.441261
2026-09-17T05:28:03.004424402Z,search,scaled,348cd506525f,200,10.428021
2026-09-17T05:28:03.066931656Z,search,scaled,a1cb37b7da6b,200,12.586877
2026-09-17T05:28:03.125705472Z,search,scaled,348cd506525f,200,11.366727
2026-09-17T05:28:03.186382176Z,search,scaled,660681595a5e,200,12.540923
2026-09-17T05:28:03.245627924Z,search,scaled,348cd506525f,200,11.55567
2026-09-17T05:28:03.305027186Z,search,scaled,660681595a5e,200,10.826478
2026-09-17T05:28:03.365338467Z,search,scaled,a1cb37b7da6b,200,10.744952
2026-09-17T05:28:03.425949712Z,search,scaled,660681595a5e,200,12.013925
2026-09-17T05:28:03.484949308Z,search,scaled,a1cb37b7da6b,200,10.563896
2026-09-17T05:28:03.544099674Z,search,scaled,348cd506525f,200,10.134112
2026-09-17T05:28:03.603655721Z,search,scaled,a1cb37b7da6b,200,9.982143
2026-09-17T05:28:03.665039317Z,search,scaled,348cd506525f,200,10.70379
2026-09-17T05:28:03.724907314Z,search,scaled,660681595a5e,200,10.23657
2026-09-17T05:28:03.784763671Z,search,scaled,348cd506525f,200,10.850049
2026-09-17T05:28:03.845062306Z,search,scaled,660681595a5e,200,10.774933
2026-09-17T05:28:03.905175638Z,search,scaled,a1cb37b7da6b,200,10.475876
2026-09-17T05:28:03.963992498Z,search,scaled,660681595a5e,200,10.39028
2026-09-17T05:28:04.024968101Z,search,scaled,a1cb37b7da6b,200,10.541914
2026-09-17T05:28:04.085607243Z,search,scaled,348cd506525f,200,10.993504
2026-09-17T05:28:04.145811792Z,search,scaled,a1cb37b7da6b,200,11.601148
2026-09-17T05:28:04.204892859Z,search,scaled,348cd506525f,200,10.505546
2026-09-17T05:28:04.264934957Z,search,scaled,660681595a5e,200,10.495316
2026-09-17T05:28:04.324853753Z,search,scaled,348cd506525f,200,10.266876
2026-09-17T05:28:04.385092439Z,search,scaled,660681595a5e,200,11.372213
2026-09-17T05:28:04.445250496Z,search,scaled,a1cb37b7da6b,200,10.680678
2026-09-17T05:28:04.504886787Z,search,scaled,660681595a5e,200,11.096421
2026-09-17T05:28:04.565180272Z,search,scaled,a1cb37b7da6b,200,10.694649
2026-09-17T05:28:04.625750194Z,search,scaled,348cd506525f,200,12.120601
2026-09-17T05:28:04.684913826Z,search,scaled,a1cb37b7da6b,200,10.547749
2026-09-17T05:28:04.745869104Z,search,scaled,348cd506525f,200,11.317299
2026-09-17T05:28:04.805420331Z,search,scaled,660681595a5e,200,10.745952
2026-09-17T05:28:04.868719629Z,search,scaled,348cd506525f,200,14.722319
2026-09-17T05:28:04.924588349Z,search,scaled,660681595a5e,200,10.336606
2026-09-17T05:28:04.98491212Z,search,scaled,a1cb37b7da6b,200,10.757638
2026-09-17T05:28:05.045276984Z,search,scaled,660681595a5e,200,10.832157
2026-09-17T05:28:05.104152548Z,search,scaled,a1cb37b7da6b,200,10.410606
2026-09-17T05:28:05.164088899Z,search,scaled,348cd506525f,200,10.484556
2026-09-17T05:28:05.225056557Z,search,scaled,a1cb37b7da6b,200,11.210388
2026-09-17T05:28:05.284655887Z,search,scaled,348cd506525f,200,10.784414
2026-09-17T05:28:05.344750349Z,search,scaled,660681595a5e,200,10.576021
2026-09-17T05:28:05.404776191Z,search,scaled,348cd506525f,200,10.378453
2026-09-17T05:28:05.464719199Z,search,scaled,660681595a5e,200,10.234349
2026-09-17T05:28:05.526004858Z,search,scaled,a1cb37b7da6b,200,11.79445
2026-09-17T05:28:05.586518017Z,search,scaled,660681595a5e,200,11.897717
2026-09-17T05:28:05.644777569Z,search,scaled,a1cb37b7da6b,200,10.808977
2026-09-17T05:28:05.70451633Z,search,scaled,348cd506525f,200,10.218749
2026-09-17T05:28:05.765471187Z,search,scaled,a1cb37b7da6b,200,11.48143
2026-09-17T05:28:05.824646359Z,search,scaled,348cd506525f,200,10.740642
2026-09-17T05:28:05.885522282Z,search,scaled,660681595a5e,200,11.318959
2026-09-17T05:28:05.946856224Z,search,scaled,348cd506525f,200,12.593251
2026-09-17T05:28:06.005513239Z,search,scaled,660681595a5e,200,10.809862
2026-09-17T05:28:06.064556707Z,search,scaled,a1cb37b7da6b,200,10.456494
2026-09-17T05:28:06.124631808Z,search,scaled,660681595a5e,200,10.611814
2026-09-17T05:28:06.184980636Z,search,scaled,a1cb37b7da6b,200,10.894277
2026-09-17T05:28:06.245238708Z,search,scaled,348cd506525f,200,10.813062
2026-09-17T05:28:06.304151554Z,search,scaled,a1cb37b7da6b,200,10.094241
2026-09-17T05:28:06.364822513Z,search,scaled,348cd506525f,200,11.025595
2026-09-17T05:28:06.424904133Z,search,scaled,660681595a5e,200,10.603443
2026-09-17T05:28:06.485275049Z,search,scaled,348cd506525f,200,10.841804
2026-09-17T05:28:06.545115859Z,search,scaled,660681595a5e,200,10.493935
2026-09-17T05:28:06.604296127Z,search,scaled,a1cb37b7da6b,200,10.506032
2026-09-17T05:28:06.664353897Z,search,scaled,660681595a5e,200,10.602218
2026-09-17T05:28:06.726728851Z,search,scaled,a1cb37b7da6b,200,12.625113
2026-09-17T05:28:06.785336806Z,search,scaled,348cd506525f,200,11.363703
2026-09-17T05:28:06.844814943Z,search,scaled,a1cb37b7da6b,200,10.911158
2026-09-17T05:28:06.905964518Z,search,scaled,348cd506525f,200,11.350321
2026-09-17T05:28:06.96482965Z,search,scaled,660681595a5e,200,10.363717
2026-09-17T05:28:07.024948064Z,search,scaled,348cd506525f,200,10.454608
2026-09-17T05:28:07.0861109Z,search,scaled,660681595a5e,200,11.624684
2026-09-17T05:28:07.14470151Z,search,scaled,a1cb37b7da6b,200,10.86747
2026-09-17T05:28:07.20461424Z,search,scaled,660681595a5e,200,10.360157
2026-09-17T05:28:07.264333578Z,search,scaled,a1cb37b7da6b,200,10.576101
2026-09-17T05:28:07.324498505Z,search,scaled,348cd506525f,200,10.586882
2026-09-17T05:28:07.384721364Z,search,scaled,a1cb37b7da6b,200,10.660947
2026-09-17T05:28:07.446265849Z,search,scaled,348cd506525f,200,11.95498
2026-09-17T05:28:07.504927409Z,search,scaled,660681595a5e,200,11.053772
2026-09-17T05:28:07.565071584Z,search,scaled,348cd506525f,200,10.607083
2026-09-17T05:28:07.625613965Z,search,scaled,660681595a5e,200,10.915183
2026-09-17T05:28:07.684541661Z,search,scaled,a1cb37b7da6b,200,10.39926
2026-09-17T05:28:07.744965905Z,search,scaled,660681595a5e,200,10.524318
2026-09-17T05:28:07.805537948Z,search,scaled,a1cb37b7da6b,200,10.910253
2026-09-17T05:28:07.864910439Z,search,scaled,348cd506525f,200,10.741318
2026-09-17T05:28:07.926521226Z,search,scaled,a1cb37b7da6b,200,12.020697
2026-09-17T05:28:07.985369503Z,search,scaled,348cd506525f,200,11.527823
2026-09-17T05:28:08.044663864Z,search,scaled,660681595a5e,200,10.694555
2026-09-17T05:28:08.105008977Z,search,scaled,348cd506525f,200,10.796491
2026-09-17T05:28:08.164802234Z,search,scaled,660681595a5e,200,10.190526
2026-09-17T05:28:08.225853138Z,search,scaled,a1cb37b7da6b,200,11.157509
2026-09-17T05:28:08.285498909Z,search,scaled,660681595a5e,200,11.66925
2026-09-17T05:28:08.344420966Z,search,scaled,a1cb37b7da6b,200,10.294892
2026-09-17T05:28:08.404329087Z,search,scaled,348cd506525f,200,10.389098
2026-09-17T05:28:08.465165163Z,search,scaled,a1cb37b7da6b,200,10.946039
2026-09-17T05:28:08.524282499Z,search,scaled,348cd506525f,200,10.607652
2026-09-17T05:28:08.584379002Z,search,scaled,660681595a5e,200,10.551818
2026-09-17T05:28:08.645836432Z,search,scaled,348cd506525f,200,11.905036
2026-09-17T05:28:08.706244635Z,search,scaled,660681595a5e,200,11.474258
2026-09-17T05:28:08.764422385Z,search,scaled,a1cb37b7da6b,200,10.798565
2026-09-17T05:28:08.825853356Z,search,scaled,660681595a5e,200,11.862182
2026-09-17T05:28:08.885452687Z,search,scaled,a1cb37b7da6b,200,10.969965
2026-09-17T05:28:08.94694979Z,search,scaled,348cd506525f,200,12.824534
2026-09-17T05:28:09.006523204Z,search,scaled,a1cb37b7da6b,200,11.965244
2026-09-17T05:28:09.067907035Z,search,scaled,348cd506525f,200,13.565912
2026-09-17T05:28:09.126068864Z,search,scaled,660681595a5e,200,11.447521
2026-09-17T05:28:09.184991572Z,search,scaled,348cd506525f,200,11.307616
2026-09-17T05:28:09.246216917Z,search,scaled,660681595a5e,200,11.605116
2026-09-17T05:28:09.308132908Z,search,scaled,a1cb37b7da6b,200,14.315111
2026-09-17T05:28:09.366658001Z,search,scaled,660681595a5e,200,11.852002
2026-09-17T05:28:09.426115648Z,search,scaled,a1cb37b7da6b,200,11.814704
2026-09-17T05:28:09.485388633Z,search,scaled,348cd506525f,200,11.300361
2026-09-17T05:28:09.547794275Z,search,scaled,a1cb37b7da6b,200,13.721442
2026-09-17T05:28:09.605330054Z,search,scaled,348cd506525f,200,10.985646
2026-09-17T05:28:09.664979373Z,search,scaled,660681595a5e,200,11.035574
2026-09-17T05:28:09.725820525Z,search,scaled,348cd506525f,200,11.210456
2026-09-17T05:28:09.785058287Z,search,scaled,660681595a5e,200,11.401813
2026-09-17T05:28:09.845820823Z,search,scaled,a1cb37b7da6b,200,11.116015
2026-09-17T05:28:09.905283486Z,search,scaled,660681595a5e,200,10.827128
2026-09-17T05:28:09.965259611Z,search,scaled,a1cb37b7da6b,200,11.189429
2026-09-17T05:28:10.025245697Z,search,scaled,348cd506525f,200,11.292675
2026-09-17T05:28:10.084847113Z,search,scaled,a1cb37b7da6b,200,10.906521
2026-09-17T05:28:10.147392849Z,search,scaled,348cd506525f,200,12.997806
2026-09-17T05:28:10.205537907Z,search,scaled,660681595a5e,200,11.483863
2026-09-17T05:28:10.267750531Z,search,scaled,348cd506525f,200,13.312486
2026-09-17T05:28:10.327280853Z,search,scaled,660681595a5e,200,12.708037
2026-09-17T05:28:10.384672802Z,search,scaled,a1cb37b7da6b,200,10.803035
2026-09-17T05:28:10.445608699Z,search,scaled,660681595a5e,200,11.269725
2026-09-17T05:28:10.506008883Z,search,scaled,a1cb37b7da6b,200,11.819359
2026-09-17T05:28:10.565787164Z,search,scaled,348cd506525f,200,11.282935
2026-09-17T05:28:10.626653097Z,search,scaled,a1cb37b7da6b,200,12.228286
2026-09-17T05:28:10.68534045Z,search,scaled,348cd506525f,200,11.096363
2026-09-17T05:28:10.744005541Z,search,scaled,660681595a5e,200,10.1063
2026-09-17T05:28:10.804417294Z,search,scaled,348cd506525f,200,10.560749
2026-09-17T05:28:10.86424443Z,search,scaled,660681595a5e,200,10.148283
2026-09-17T05:28:10.924893509Z,search,scaled,a1cb37b7da6b,200,11.104594
2026-09-17T05:28:10.98527982Z,search,scaled,660681595a5e,200,11.311097
2026-09-17T05:28:11.044081931Z,search,scaled,a1cb37b7da6b,200,10.179984
2026-09-17T05:28:11.104853008Z,search,scaled,348cd506525f,200,10.863488
2026-09-17T05:28:11.166191771Z,search,scaled,a1cb37b7da6b,200,11.849686
2026-09-17T05:28:11.224307207Z,search,scaled,348cd506525f,200,10.601432
2026-09-17T05:28:11.285516301Z,search,scaled,660681595a5e,200,11.344349
2026-09-17T05:28:11.34491453Z,search,scaled,348cd506525f,200,10.635834
2026-09-17T05:28:11.405615562Z,search,scaled,660681595a5e,200,11.099954
2026-09-17T05:28:11.465438107Z,search,scaled,a1cb37b7da6b,200,11.330448
2026-09-17T05:28:11.525147671Z,search,scaled,660681595a5e,200,10.78437
2026-09-17T05:28:11.585102311Z,search,scaled,a1cb37b7da6b,200,10.699548
2026-09-17T05:28:11.64530411Z,search,scaled,348cd506525f,200,11.687671
2026-09-17T05:28:11.706619242Z,search,scaled,a1cb37b7da6b,200,12.809463
2026-09-17T05:28:11.765692129Z,search,scaled,348cd506525f,200,11.607046
2026-09-17T05:28:11.825166243Z,search,scaled,660681595a5e,200,10.921212
2026-09-17T05:28:11.884201263Z,search,scaled,348cd506525f,200,10.431445
2026-09-17T05:28:11.944549477Z,search,scaled,660681595a5e,200,10.917362
2026-09-17T05:28:12.004867874Z,search,scaled,a1cb37b7da6b,200,10.934293
2026-09-17T05:28:12.065015541Z,search,scaled,660681595a5e,200,10.482154
2026-09-17T05:28:12.124216247Z,search,scaled,a1cb37b7da6b,200,10.427801
2026-09-17T05:28:12.185422472Z,search,scaled,348cd506525f,200,11.613226
2026-09-17T05:28:12.24467692Z,search,scaled,a1cb37b7da6b,200,10.702937
2026-09-17T05:28:12.305460257Z,search,scaled,348cd506525f,200,11.088893
2026-09-17T05:28:12.365980868Z,search,scaled,660681595a5e,200,11.862322
2026-09-17T05:28:12.425504414Z,search,scaled,348cd506525f,200,10.857948
2026-09-17T05:28:12.485039231Z,search,scaled,660681595a5e,200,10.794874
2026-09-17T05:28:12.545629716Z,search,scaled,a1cb37b7da6b,200,10.940673
2026-09-17T05:28:12.60558817Z,search,scaled,660681595a5e,200,11.173239
2026-09-17T05:28:12.664762454Z,search,scaled,a1cb37b7da6b,200,10.533628
2026-09-17T05:28:12.725798509Z,search,scaled,348cd506525f,200,11.174349
2026-09-17T05:28:12.785117062Z,search,scaled,a1cb37b7da6b,200,10.664395
2026-09-17T05:28:12.844270874Z,search,scaled,348cd506525f,200,10.415439
2026-09-17T05:28:12.904430513Z,search,scaled,660681595a5e,200,10.601622
2026-09-17T05:28:12.966748219Z,search,scaled,348cd506525f,200,12.729208
2026-09-17T05:28:13.027514415Z,search,scaled,660681595a5e,200,13.082616
2026-09-17T05:28:13.088610478Z,search,scaled,a1cb37b7da6b,200,14.361619
2026-09-17T05:28:13.144860878Z,search,scaled,660681595a5e,200,10.559794
2026-09-17T05:28:13.208361141Z,search,scaled,a1cb37b7da6b,200,13.902114
2026-09-17T05:28:13.264402644Z,search,scaled,348cd506525f,200,10.353825
2026-09-17T05:28:13.325459609Z,search,scaled,a1cb37b7da6b,200,11.275145
2026-09-17T05:28:13.384841456Z,search,scaled,348cd506525f,200,10.597921
2026-09-17T05:28:13.44462977Z,search,scaled,660681595a5e,200,10.229228
2026-09-17T05:28:13.505355283Z,search,scaled,348cd506525f,200,10.938004
2026-09-17T05:28:13.564758337Z,search,scaled,660681595a5e,200,10.684322
2026-09-17T05:28:13.625264361Z,search,scaled,a1cb37b7da6b,200,10.767637
2026-09-17T05:28:13.685512154Z,search,scaled,660681595a5e,200,11.488498
2026-09-17T05:28:13.745314838Z,search,scaled,a1cb37b7da6b,200,11.260254
2026-09-17T05:28:13.805053774Z,search,scaled,348cd506525f,200,10.940917
2026-09-17T05:28:13.865063797Z,search,scaled,a1cb37b7da6b,200,10.58351
2026-09-17T05:28:13.924622794Z,search,scaled,348cd506525f,200,10.068717
2026-09-17T05:28:13.984563448Z,search,scaled,660681595a5e,200,10.466283
2026-09-17T05:28:14.044628865Z,search,scaled,348cd506525f,200,10.486895
2026-09-17T05:28:14.105027511Z,search,scaled,660681595a5e,200,10.89583
2026-09-17T05:28:14.164418359Z,search,scaled,a1cb37b7da6b,200,9.943869
2026-09-17T05:28:14.224501501Z,search,scaled,660681595a5e,200,10.382358
2026-09-17T05:28:14.285324361Z,search,scaled,a1cb37b7da6b,200,11.124725
2026-09-17T05:28:14.345589666Z,search,scaled,348cd506525f,200,11.451462
2026-09-17T05:28:14.404939031Z,search,scaled,a1cb37b7da6b,200,10.685047
2026-09-17T05:28:14.465749801Z,search,scaled,348cd506525f,200,11.145356
2026-09-17T05:28:14.524826309Z,search,scaled,660681595a5e,200,10.518897
2026-09-17T05:28:14.584539902Z,search,scaled,348cd506525f,200,10.900891
2026-09-17T05:28:14.645602572Z,search,scaled,660681595a5e,200,11.413083
2026-09-17T05:28:14.705723743Z,search,scaled,a1cb37b7da6b,200,11.487959
2026-09-17T05:28:14.764187915Z,search,scaled,660681595a5e,200,9.891236
2026-09-17T05:28:14.824838094Z,search,scaled,a1cb37b7da6b,200,10.919257
2026-09-17T05:28:14.885061225Z,search,scaled,348cd506525f,200,10.707428
2026-09-17T05:28:14.945237451Z,search,scaled,a1cb37b7da6b,200,10.579685
2026-09-17T05:28:15.004727839Z,search,scaled,348cd506525f,200,10.899205
2026-09-17T05:28:15.066248088Z,search,scaled,660681595a5e,200,12.024537
2026-09-17T05:28:15.124557142Z,search,scaled,348cd506525f,200,10.72743
2026-09-17T05:28:15.184373262Z,search,scaled,660681595a5e,200,10.671096
2026-09-17T05:28:15.244316531Z,search,scaled,a1cb37b7da6b,200,10.41248
2026-09-17T05:28:15.304528696Z,search,scaled,660681595a5e,200,10.581995
2026-09-17T05:28:15.364483285Z,search,scaled,a1cb37b7da6b,200,10.387633
2026-09-17T05:28:15.424904439Z,search,scaled,348cd506525f,200,10.728231
2026-09-17T05:28:15.485913272Z,search,scaled,a1cb37b7da6b,200,11.388767
2026-09-17T05:28:15.545216904Z,search,scaled,348cd506525f,200,10.915581
2026-09-17T05:28:15.604073157Z,search,scaled,660681595a5e,200,10.399808
2026-09-17T05:28:15.666422977Z,search,scaled,348cd506525f,200,11.756511
2026-09-17T05:28:15.724740756Z,search,scaled,660681595a5e,200,10.747411
2026-09-17T05:28:15.785268846Z,search,scaled,a1cb37b7da6b,200,10.954204
2026-09-17T05:28:15.844426189Z,search,scaled,660681595a5e,200,10.667055
2026-09-17T05:28:15.905159043Z,search,scaled,a1cb37b7da6b,200,10.808235
2026-09-17T05:28:15.964576123Z,search,scaled,348cd506525f,200,10.916802
2026-09-17T05:28:16.025278672Z,search,scaled,a1cb37b7da6b,200,11.031445
2026-09-17T05:28:16.085137619Z,search,scaled,348cd506525f,200,10.723114
2026-09-17T05:28:16.144451056Z,search,scaled,660681595a5e,200,10.890169
2026-09-17T05:28:16.205871515Z,search,scaled,348cd506525f,200,11.237432
2026-09-17T05:28:16.265133275Z,search,scaled,660681595a5e,200,10.833907
2026-09-17T05:28:16.32419763Z,search,scaled,a1cb37b7da6b,200,10.330507
2026-09-17T05:28:16.387957519Z,search,scaled,660681595a5e,200,14.178633
2026-09-17T05:28:16.445090842Z,search,scaled,a1cb37b7da6b,200,10.601514
2026-09-17T05:28:16.506149214Z,search,scaled,348cd506525f,200,11.395641
2026-09-17T05:28:16.565182834Z,search,scaled,a1cb37b7da6b,200,11.33926
2026-09-17T05:28:16.624761606Z,search,scaled,348cd506525f,200,11.003748
2026-09-17T05:28:16.688029176Z,search,scaled,660681595a5e,200,13.607599
2026-09-17T05:28:16.745831428Z,search,scaled,348cd506525f,200,11.171873
2026-09-17T05:28:16.807725514Z,search,scaled,660681595a5e,200,13.212845
2026-09-17T05:28:16.867518771Z,search,scaled,a1cb37b7da6b,200,13.577467
2026-09-17T05:28:16.925378877Z,search,scaled,660681595a5e,200,11.247108
2026-09-17T05:28:16.985292286Z,search,scaled,a1cb37b7da6b,200,11.647595
2026-09-17T05:28:17.044796978Z,search,scaled,348cd506525f,200,10.920883
2026-09-17T05:28:17.105726254Z,search,scaled,a1cb37b7da6b,200,11.118276
2026-09-17T05:28:17.166018869Z,search,scaled,348cd506525f,200,11.512414
2026-09-17T05:28:17.225428232Z,search,scaled,660681595a5e,200,10.756134
2026-09-17T05:28:17.284924989Z,search,scaled,348cd506525f,200,10.853238
2026-09-17T05:28:17.345081687Z,search,scaled,660681595a5e,200,10.277194
2026-09-17T05:28:17.405257506Z,search,scaled,a1cb37b7da6b,200,10.507156
2026-09-17T05:28:17.463994357Z,search,scaled,660681595a5e,200,10.126465
2026-09-17T05:28:17.525238491Z,search,scaled,a1cb37b7da6b,200,11.500899
2026-09-17T05:28:17.585033118Z,search,scaled,348cd506525f,200,11.212652
2026-09-17T05:28:17.64510588Z,search,scaled,a1cb37b7da6b,200,10.413261
2026-09-17T05:28:17.705337238Z,search,scaled,348cd506525f,200,11.414239
2026-09-17T05:28:17.767386973Z,search,scaled,660681595a5e,200,13.253698
2026-09-17T05:28:17.825194361Z,search,scaled,348cd506525f,200,10.937754
2026-09-17T05:28:17.885496918Z,search,scaled,660681595a5e,200,11.607525
2026-09-17T05:28:17.944883438Z,search,scaled,a1cb37b7da6b,200,10.560742
2026-09-17T05:28:18.006415551Z,search,scaled,660681595a5e,200,11.781846
2026-09-17T05:28:18.067195138Z,search,scaled,a1cb37b7da6b,200,12.922111
2026-09-17T05:28:18.124782097Z,search,scaled,348cd506525f,200,10.959455
2026-09-17T05:28:18.185281346Z,search,scaled,a1cb37b7da6b,200,10.819757
2026-09-17T05:28:18.246074593Z,search,scaled,348cd506525f,200,12.190615
2026-09-17T05:28:18.306236428Z,search,scaled,660681595a5e,200,11.514196
2026-09-17T05:28:18.365208107Z,search,scaled,348cd506525f,200,11.405093
2026-09-17T05:28:18.42535126Z,search,scaled,660681595a5e,200,11.039226
2026-09-17T05:28:18.485103147Z,search,scaled,a1cb37b7da6b,200,10.483375
2026-09-17T05:28:18.54598424Z,search,scaled,660681595a5e,200,12.157459
2026-09-17T05:28:18.60470106Z,search,scaled,a1cb37b7da6b,200,10.126659
2026-09-17T05:28:18.666518835Z,search,scaled,348cd506525f,200,12.208377
2026-09-17T05:28:18.724735489Z,search,scaled,a1cb37b7da6b,200,10.772815
2026-09-17T05:28:18.784740797Z,search,scaled,348cd506525f,200,11.03583
2026-09-17T05:28:18.845122346Z,search,scaled,660681595a5e,200,10.789852
2026-09-17T05:28:18.904017794Z,search,scaled,348cd506525f,200,10.696226
2026-09-17T05:28:18.962995333Z,search,scaled,660681595a5e,200,10.516428
2026-09-17T05:28:19.026845219Z,search,scaled,a1cb37b7da6b,200,13.973002
2026-09-17T05:28:19.085036295Z,search,scaled,660681595a5e,200,12.398484
2026-09-17T05:28:19.143009659Z,search,scaled,a1cb37b7da6b,200,10.404382
2026-09-17T05:28:19.203251202Z,search,scaled,348cd506525f,200,10.56112
2026-09-17T05:28:19.2641975Z,search,scaled,a1cb37b7da6b,200,11.424665
2026-09-17T05:28:19.32328115Z,search,scaled,348cd506525f,200,10.653076
2026-09-17T05:28:19.383089937Z,search,scaled,660681595a5e,200,10.435493
2026-09-17T05:28:19.442994059Z,search,scaled,348cd506525f,200,10.428572
2026-09-17T05:28:19.503545741Z,search,scaled,660681595a5e,200,10.667847
2026-09-17T05:28:19.564097009Z,search,scaled,a1cb37b7da6b,200,10.953859
2026-09-17T05:28:19.623607032Z,search,scaled,660681595a5e,200,10.836828
2026-09-17T05:28:19.683528931Z,search,scaled,a1cb37b7da6b,200,10.339733
2026-09-17T05:28:19.743581457Z,search,scaled,348cd506525f,200,10.574872
2026-09-17T05:28:19.803295828Z,search,scaled,a1cb37b7da6b,200,10.151315
2026-09-17T05:28:19.863664829Z,search,scaled,348cd506525f,200,10.609429
2026-09-17T05:28:19.923988652Z,search,scaled,660681595a5e,200,10.829382
2026-09-17T05:28:19.98518211Z,search,scaled,348cd506525f,200,12.589927
2026-09-17T05:28:20.043788421Z,search,scaled,660681595a5e,200,11.03136
2026-09-17T05:28:20.104453717Z,search,scaled,a1cb37b7da6b,200,11.068678
2026-09-17T05:28:20.16283286Z,search,scaled,660681595a5e,200,9.968894
2026-09-17T05:28:20.22302944Z,search,scaled,a1cb37b7da6b,200,10.345328
2026-09-17T05:28:20.283781794Z,search,scaled,348cd506525f,200,11.100833
2026-09-17T05:28:20.344007377Z,search,scaled,a1cb37b7da6b,200,11.66156
2026-09-17T05:28:20.403872177Z,search,scaled,348cd506525f,200,11.550351
2026-09-17T05:28:20.464462792Z,search,scaled,660681595a5e,200,11.949267
2026-09-17T05:28:20.523572985Z,search,scaled,348cd506525f,200,10.581132
2026-09-17T05:28:20.583699427Z,search,scaled,660681595a5e,200,11.360205
2026-09-17T05:28:20.644615778Z,search,scaled,a1cb37b7da6b,200,11.916836
2026-09-17T05:28:20.704340498Z,search,scaled,660681595a5e,200,11.125195
2026-09-17T05:28:20.763979071Z,search,scaled,a1cb37b7da6b,200,10.993863
2026-09-17T05:28:20.823176285Z,search,scaled,348cd506525f,200,10.685848
2026-09-17T05:28:20.883550396Z,search,scaled,a1cb37b7da6b,200,10.54446
2026-09-17T05:28:20.943844213Z,search,scaled,348cd506525f,200,10.774158
2026-09-17T05:28:21.003358571Z,search,scaled,660681595a5e,200,10.954585
2026-09-17T05:28:21.063681089Z,search,scaled,348cd506525f,200,10.623674
2026-09-17T05:28:21.124066901Z,search,scaled,660681595a5e,200,10.977697
2026-09-17T05:28:21.183357336Z,search,scaled,a1cb37b7da6b,200,10.731951
2026-09-17T05:28:21.243099678Z,search,scaled,660681595a5e,200,10.121814
2026-09-17T05:28:21.303935448Z,search,scaled,a1cb37b7da6b,200,11.245548
2026-09-17T05:28:21.362905258Z,search,scaled,348cd506525f,200,10.314941
2026-09-17T05:28:21.423650797Z,search,scaled,a1cb37b7da6b,200,10.834057
2026-09-17T05:28:21.484719718Z,search,scaled,348cd506525f,200,11.282287
2026-09-17T05:28:21.544195723Z,search,scaled,660681595a5e,200,10.872036
2026-09-17T05:28:21.603387136Z,search,scaled,348cd506525f,200,10.68765
2026-09-17T05:28:21.665384496Z,search,scaled,660681595a5e,200,12.283412
2026-09-17T05:28:21.723306442Z,search,scaled,a1cb37b7da6b,200,10.29292
2026-09-17T05:28:21.783623891Z,search,scaled,660681595a5e,200,11.113931
2026-09-17T05:28:21.845690116Z,search,scaled,a1cb37b7da6b,200,12.346411
2026-09-17T05:28:21.903857176Z,search,scaled,348cd506525f,200,10.31584
2026-09-17T05:28:21.965816935Z,search,scaled,a1cb37b7da6b,200,12.298059
2026-09-17T05:28:22.024005112Z,search,scaled,348cd506525f,200,11.574554
2026-09-17T05:28:22.083157748Z,search,scaled,660681595a5e,200,10.608785
2026-09-17T05:28:22.143624695Z,search,scaled,348cd506525f,200,10.820316
2026-09-17T05:28:22.203286082Z,search,scaled,660681595a5e,200,9.990526
2026-09-17T05:28:22.263594071Z,search,scaled,a1cb37b7da6b,200,10.613954
2026-09-17T05:28:22.32451232Z,search,scaled,660681595a5e,200,11.108768
2026-09-17T05:28:22.383730586Z,search,scaled,a1cb37b7da6b,200,10.706816
2026-09-17T05:28:22.444172671Z,search,scaled,348cd506525f,200,10.766232
2026-09-17T05:28:22.503112275Z,search,scaled,a1cb37b7da6b,200,10.21252
2026-09-17T05:28:22.562879589Z,search,scaled,348cd506525f,200,10.06324
2026-09-17T05:28:22.623502165Z,search,scaled,660681595a5e,200,11.165043
2026-09-17T05:28:22.684883078Z,search,scaled,348cd506525f,200,11.875501
2026-09-17T05:28:22.743111238Z,search,scaled,660681595a5e,200,10.567231
2026-09-17T05:28:22.802818083Z,search,scaled,a1cb37b7da6b,200,10.163892
2026-09-17T05:28:22.862840538Z,search,scaled,660681595a5e,200,10.317306
2026-09-17T05:28:22.923685528Z,search,scaled,a1cb37b7da6b,200,10.327396
2026-09-17T05:28:22.984091582Z,search,scaled,348cd506525f,200,10.977277
2026-09-17T05:28:23.046121325Z,search,scaled,a1cb37b7da6b,200,13.178257
2026-09-17T05:28:23.107872952Z,search,scaled,348cd506525f,200,15.143843
2026-09-17T05:28:23.164676502Z,search,scaled,660681595a5e,200,12.062963
2026-09-17T05:28:23.224679828Z,search,scaled,348cd506525f,200,11.489235
2026-09-17T05:28:23.284280395Z,search,scaled,660681595a5e,200,10.931058
2026-09-17T05:28:23.343421801Z,search,scaled,a1cb37b7da6b,200,10.483097
2026-09-17T05:28:23.404165585Z,search,scaled,660681595a5e,200,10.972566
2026-09-17T05:28:23.463508003Z,search,scaled,a1cb37b7da6b,200,10.799536
2026-09-17T05:28:23.524364652Z,search,scaled,348cd506525f,200,11.290055
2026-09-17T05:28:23.585383474Z,search,scaled,a1cb37b7da6b,200,12.955909
2026-09-17T05:28:23.643672702Z,search,scaled,348cd506525f,200,10.688393
2026-09-17T05:28:23.704112268Z,search,scaled,660681595a5e,200,10.896199
2026-09-17T05:28:23.763073396Z,search,scaled,348cd506525f,200,10.320946
2026-09-17T05:28:23.82348358Z,search,scaled,660681595a5e,200,10.881551
2026-09-17T05:28:23.883448861Z,search,scaled,a1cb37b7da6b,200,10.403756
2026-09-17T05:28:23.943175499Z,search,scaled,660681595a5e,200,10.157416
2026-09-17T05:28:24.00321691Z,search,scaled,a1cb37b7da6b,200,10.475016
2026-09-17T05:28:24.063767892Z,search,scaled,348cd506525f,200,11.107284
2026-09-17T05:28:24.124093707Z,search,scaled,a1cb37b7da6b,200,11.408144
2026-09-17T05:28:24.186621635Z,search,scaled,348cd506525f,200,13.710129
2026-09-17T05:28:24.244164392Z,search,scaled,660681595a5e,200,11.041191
2026-09-17T05:28:24.305852212Z,search,scaled,348cd506525f,200,12.89397
2026-09-17T05:28:24.364570806Z,search,scaled,660681595a5e,200,12.049311
2026-09-17T05:28:24.427701798Z,search,scaled,a1cb37b7da6b,200,14.403811
2026-09-17T05:28:24.485808871Z,search,scaled,660681595a5e,200,12.602206
2026-09-17T05:28:24.544709208Z,search,scaled,a1cb37b7da6b,200,12.197636
2026-09-17T05:28:24.605158619Z,search,scaled,348cd506525f,200,11.595133
2026-09-17T05:28:24.665056568Z,search,scaled,a1cb37b7da6b,200,12.192091
2026-09-17T05:28:24.725417464Z,search,scaled,348cd506525f,200,12.674531
2026-09-17T05:28:24.784438146Z,search,scaled,660681595a5e,200,11.406601
2026-09-17T05:28:24.845581443Z,search,scaled,348cd506525f,200,12.461543
2026-09-17T05:28:24.903948064Z,search,scaled,660681595a5e,200,10.75929
2026-09-17T05:28:24.963419035Z,search,scaled,a1cb37b7da6b,200,10.901609
2026-09-17T05:28:25.02421649Z,search,scaled,660681595a5e,200,11.214339
2026-09-17T05:28:25.086263752Z,search,scaled,a1cb37b7da6b,200,13.347104
2026-09-17T05:28:25.143774036Z,search,scaled,348cd506525f,200,10.775457
2026-09-17T05:28:25.205809293Z,search,scaled,a1cb37b7da6b,200,12.292377
2026-09-17T05:28:25.263902607Z,search,scaled,348cd506525f,200,11.366463
2026-09-17T05:28:25.324737458Z,search,scaled,660681595a5e,200,11.30824
2026-09-17T05:28:25.382913371Z,search,scaled,348cd506525f,200,10.613851
2026-09-17T05:28:25.443721448Z,search,scaled,660681595a5e,200,11.255682
2026-09-17T05:28:25.503135244Z,search,scaled,a1cb37b7da6b,200,9.791889
2026-09-17T05:28:25.563797331Z,search,scaled,660681595a5e,200,11.163176
2026-09-17T05:28:25.624295457Z,search,scaled,a1cb37b7da6b,200,12.002399
2026-09-17T05:28:25.685932934Z,search,scaled,348cd506525f,200,12.836492
2026-09-17T05:28:25.743791204Z,search,scaled,a1cb37b7da6b,200,11.194148
2026-09-17T05:28:25.80368758Z,search,scaled,348cd506525f,200,10.990344
2026-09-17T05:28:25.86518797Z,search,scaled,660681595a5e,200,12.763822
2026-09-17T05:28:25.924083684Z,search,scaled,348cd506525f,200,11.434353
2026-09-17T05:28:25.983575211Z,search,scaled,660681595a5e,200,10.712823
2026-09-17T05:28:26.044889389Z,search,scaled,a1cb37b7da6b,200,11.542374
2026-09-17T05:28:26.103856968Z,search,scaled,660681595a5e,200,11.336932
2026-09-17T05:28:26.16332989Z,search,scaled,a1cb37b7da6b,200,10.735864
2026-09-17T05:28:26.223888888Z,search,scaled,348cd506525f,200,10.897359
2026-09-17T05:28:26.284002795Z,search,scaled,a1cb37b7da6b,200,11.318877
2026-09-17T05:28:26.343452364Z,search,scaled,348cd506525f,200,10.835001
2026-09-17T05:28:26.403761817Z,search,scaled,660681595a5e,200,10.688855
2026-09-17T05:28:26.464081203Z,search,scaled,348cd506525f,200,10.68082
2026-09-17T05:28:26.524475621Z,search,scaled,660681595a5e,200,11.771524
2026-09-17T05:28:26.584135025Z,search,scaled,a1cb37b7da6b,200,11.284365
2026-09-17T05:28:26.643074831Z,search,scaled,660681595a5e,200,10.345954
2026-09-17T05:28:26.703133083Z,search,scaled,a1cb37b7da6b,200,10.475377
2026-09-17T05:28:26.763527543Z,search,scaled,348cd506525f,200,10.67079
2026-09-17T05:28:26.82554976Z,search,scaled,a1cb37b7da6b,200,12.499431
2026-09-17T05:28:26.884084703Z,search,scaled,348cd506525f,200,10.949315
2026-09-17T05:28:26.942977496Z,search,scaled,660681595a5e,200,10.290291
2026-09-17T05:28:27.005732318Z,search,scaled,348cd506525f,200,13.090773
2026-09-17T05:28:27.065150582Z,search,scaled,660681595a5e,200,11.830428
2026-09-17T05:28:27.124036365Z,search,scaled,a1cb37b7da6b,200,11.207829
2026-09-17T05:28:27.183624404Z,search,scaled,660681595a5e,200,11.021644
2026-09-17T05:28:27.245400336Z,search,scaled,a1cb37b7da6b,200,12.056899
2026-09-17T05:28:27.303565137Z,search,scaled,348cd506525f,200,10.658863
2026-09-17T05:28:27.363426244Z,search,scaled,a1cb37b7da6b,200,11.07088
2026-09-17T05:28:27.424174425Z,search,scaled,348cd506525f,200,10.90423
2026-09-17T05:28:27.483613025Z,search,scaled,660681595a5e,200,10.942154
2026-09-17T05:28:27.544075537Z,search,scaled,348cd506525f,200,10.803103
2026-09-17T05:28:27.603336154Z,search,scaled,660681595a5e,200,10.612431
2026-09-17T05:28:27.663741035Z,search,scaled,a1cb37b7da6b,200,10.862136
2026-09-17T05:28:27.724671377Z,search,scaled,660681595a5e,200,11.532479
2026-09-17T05:28:27.783258333Z,search,scaled,a1cb37b7da6b,200,9.990762
2026-09-17T05:28:27.84521586Z,search,scaled,348cd506525f,200,12.17514
2026-09-17T05:28:27.903465208Z,search,scaled,a1cb37b7da6b,200,10.661574
2026-09-17T05:28:27.964044905Z,search,scaled,348cd506525f,200,10.91439
2026-09-17T05:28:28.023673665Z,search,scaled,660681595a5e,200,11.021647
2026-09-17T05:28:28.084121069Z,search,scaled,348cd506525f,200,11.000966
2026-09-17T05:28:28.14335709Z,search,scaled,660681595a5e,200,10.668051
2026-09-17T05:28:28.204567334Z,search,scaled,a1cb37b7da6b,200,11.658227
2026-09-17T05:28:28.265197189Z,search,scaled,660681595a5e,200,12.103446
2026-09-17T05:28:28.323503796Z,search,scaled,a1cb37b7da6b,200,10.7586
2026-09-17T05:28:28.383984546Z,search,scaled,348cd506525f,200,10.729404
2026-09-17T05:28:28.443319729Z,search,scaled,a1cb37b7da6b,200,10.654679
2026-09-17T05:28:28.505403958Z,search,scaled,348cd506525f,200,12.513121
2026-09-17T05:28:28.563745538Z,search,scaled,660681595a5e,200,10.675955
2026-09-17T05:28:28.625842549Z,search,scaled,348cd506525f,200,12.539928
2026-09-17T05:28:28.683454409Z,search,scaled,660681595a5e,200,10.865717
2026-09-17T05:28:28.74358211Z,search,scaled,a1cb37b7da6b,200,10.540957
2026-09-17T05:28:28.803464246Z,search,scaled,660681595a5e,200,10.299681
2026-09-17T05:28:28.86398243Z,search,scaled,a1cb37b7da6b,200,10.620837
2026-09-17T05:28:28.923423213Z,search,scaled,348cd506525f,200,10.867727
2026-09-17T05:28:28.982724973Z,search,scaled,a1cb37b7da6b,200,10.166783
2026-09-17T05:28:29.044853511Z,search,scaled,348cd506525f,200,11.425002
2026-09-17T05:28:29.103316108Z,search,scaled,660681595a5e,200,10.972944
2026-09-17T05:28:29.163642894Z,search,scaled,348cd506525f,200,10.860807
2026-09-17T05:28:29.223579193Z,search,scaled,660681595a5e,200,10.445426
2026-09-17T05:28:29.28360033Z,search,scaled,a1cb37b7da6b,200,10.296221
2026-09-17T05:28:29.343637576Z,search,scaled,660681595a5e,200,10.615087
2026-09-17T05:28:29.405394Z,search,scaled,a1cb37b7da6b,200,12.047772
2026-09-17T05:28:29.4638865Z,search,scaled,348cd506525f,200,10.758241
2026-09-17T05:28:29.523267044Z,search,scaled,a1cb37b7da6b,200,10.884228
2026-09-17T05:28:29.582605113Z,search,scaled,348cd506525f,200,10.331699
2026-09-17T05:28:29.643394852Z,search,scaled,660681595a5e,200,10.340494
2026-09-17T05:28:29.704459792Z,search,scaled,348cd506525f,200,11.307785
2026-09-17T05:28:29.76450294Z,search,scaled,660681595a5e,200,11.471375
2026-09-17T05:28:29.824442815Z,search,scaled,a1cb37b7da6b,200,11.425517
2026-09-17T05:28:29.884395292Z,search,scaled,660681595a5e,200,11.327236
2026-09-17T05:28:29.943318718Z,search,scaled,a1cb37b7da6b,200,10.374901
2026-09-17T05:28:30.003508234Z,search,scaled,348cd506525f,200,10.694318
2026-09-17T05:28:30.063938725Z,search,scaled,a1cb37b7da6b,200,10.868907
2026-09-17T05:28:30.12426517Z,search,scaled,348cd506525f,200,11.714626
2026-09-17T05:28:30.183105212Z,search,scaled,660681595a5e,200,10.307082
2026-09-17T05:28:30.243725184Z,search,scaled,348cd506525f,200,10.944802
2026-09-17T05:28:30.303690742Z,search,scaled,660681595a5e,200,10.43314
2026-09-17T05:28:30.36446555Z,search,scaled,a1cb37b7da6b,200,11.320295
2026-09-17T05:28:30.423915593Z,search,scaled,660681595a5e,200,10.881883
2026-09-17T05:28:30.483452749Z,search,scaled,a1cb37b7da6b,200,11.004321
2026-09-17T05:28:30.543400285Z,search,scaled,348cd506525f,200,10.491733
2026-09-17T05:28:30.604604721Z,search,scaled,a1cb37b7da6b,200,11.619562
2026-09-17T05:28:30.66413513Z,search,scaled,348cd506525f,200,11.028888
2026-09-17T05:28:30.722923683Z,search,scaled,660681595a5e,200,10.246054
2026-09-17T05:28:30.783098073Z,search,scaled,348cd506525f,200,10.643953
2026-09-17T05:28:30.84299271Z,search,scaled,660681595a5e,200,10.374056
2026-09-17T05:28:30.903802796Z,search,scaled,a1cb37b7da6b,200,11.308926
2026-09-17T05:28:30.963876775Z,search,scaled,660681595a5e,200,11.53444
2026-09-17T05:28:31.023310722Z,search,scaled,a1cb37b7da6b,200,10.59667
2026-09-17T05:28:31.083395858Z,search,scaled,348cd506525f,200,10.396552
2026-09-17T05:28:31.143596709Z,search,scaled,a1cb37b7da6b,200,10.448491
2026-09-17T05:28:31.204226674Z,search,scaled,348cd506525f,200,11.681034
2026-09-17T05:28:31.26339453Z,search,scaled,660681595a5e,200,10.538451
2026-09-17T05:28:31.324347165Z,search,scaled,348cd506525f,200,11.254148
2026-09-17T05:28:31.383046712Z,search,scaled,660681595a5e,200,10.483332
2026-09-17T05:28:31.443565543Z,search,scaled,a1cb37b7da6b,200,10.830689
2026-09-17T05:28:31.504007827Z,search,scaled,660681595a5e,200,10.963189
2026-09-17T05:28:31.563206754Z,search,scaled,a1cb37b7da6b,200,10.635672
2026-09-17T05:28:31.623448473Z,search,scaled,348cd506525f,200,10.591985
2026-09-17T05:28:31.686266887Z,search,scaled,a1cb37b7da6b,200,13.208035
2026-09-17T05:28:31.743790464Z,search,scaled,348cd506525f,200,10.930841
2026-09-17T05:28:31.804305677Z,search,scaled,660681595a5e,200,10.916922
2026-09-17T05:28:31.863691156Z,search,scaled,348cd506525f,200,10.827984
2026-09-17T05:28:31.923822808Z,search,scaled,660681595a5e,200,10.467792
2026-09-17T05:28:31.9842513Z,search,scaled,a1cb37b7da6b,200,11.668908
2026-09-17T05:28:32.043649542Z,search,scaled,660681595a5e,200,10.82413
2026-09-17T05:28:32.103433537Z,search,scaled,a1cb37b7da6b,200,11.058599
2026-09-17T05:28:32.163346235Z,search,scaled,348cd506525f,200,10.28379
2026-09-17T05:28:32.224260477Z,search,scaled,a1cb37b7da6b,200,11.312305
2026-09-17T05:28:32.283852766Z,search,scaled,348cd506525f,200,11.008566
2026-09-17T05:28:32.343387953Z,search,scaled,660681595a5e,200,11.119842
2026-09-17T05:28:32.404830013Z,search,scaled,348cd506525f,200,11.455505
2026-09-17T05:28:32.466449136Z,search,scaled,660681595a5e,200,14.057955
2026-09-17T05:28:32.525995452Z,search,scaled,a1cb37b7da6b,200,12.993988
2026-09-17T05:28:32.583737302Z,search,scaled,660681595a5e,200,11.103357
2026-09-17T05:28:32.644095149Z,search,scaled,a1cb37b7da6b,200,11.582667
2026-09-17T05:28:32.706712381Z,search,scaled,348cd506525f,200,13.705249
2026-09-17T05:28:32.764082462Z,search,scaled,a1cb37b7da6b,200,10.651863
2026-09-17T05:28:32.827554488Z,search,scaled,348cd506525f,200,14.777212
2026-09-17T05:28:32.88634102Z,search,scaled,660681595a5e,200,13.01954
2026-09-17T05:28:32.944438509Z,search,scaled,348cd506525f,200,11.497719
2026-09-17T05:28:33.003805888Z,search,scaled,660681595a5e,200,10.699783
2026-09-17T05:28:33.06399926Z,search,scaled,a1cb37b7da6b,200,11.593181
2026-09-17T05:28:33.125700607Z,search,scaled,660681595a5e,200,12.391256
2026-09-17T05:28:33.184176024Z,search,scaled,a1cb37b7da6b,200,11.631148
2026-09-17T05:28:33.244340389Z,search,scaled,348cd506525f,200,11.618552
2026-09-17T05:28:33.304697676Z,search,scaled,a1cb37b7da6b,200,11.711241
2026-09-17T05:28:33.365980232Z,search,scaled,348cd506525f,200,12.560292
2026-09-17T05:28:33.423208499Z,search,scaled,660681595a5e,200,10.818751
2026-09-17T05:28:33.484081895Z,search,scaled,348cd506525f,200,11.283066
2026-09-17T05:28:33.544199861Z,search,scaled,660681595a5e,200,11.403927
2026-09-17T05:28:33.604517216Z,search,scaled,a1cb37b7da6b,200,11.545407
2026-09-17T05:28:33.665891588Z,search,scaled,660681595a5e,200,12.460946
2026-09-17T05:28:33.723161997Z,search,scaled,a1cb37b7da6b,200,10.762176
2026-09-17T05:28:33.782617228Z,search,scaled,348cd506525f,200,9.925604
2026-09-17T05:28:33.84493672Z,search,scaled,a1cb37b7da6b,200,11.775992
2026-09-17T05:28:33.903237146Z,search,scaled,348cd506525f,200,10.833041
2026-09-17T05:28:33.963832158Z,search,scaled,660681595a5e,200,11.039805
2026-09-17T05:28:34.024597561Z,search,scaled,348cd506525f,200,12.23194
2026-09-17T05:28:34.083678757Z,search,scaled,660681595a5e,200,10.519532
2026-09-17T05:28:34.144327002Z,search,scaled,a1cb37b7da6b,200,10.973345
2026-09-17T05:28:34.204372519Z,search,scaled,660681595a5e,200,11.404938
2026-09-17T05:28:34.263847801Z,search,scaled,a1cb37b7da6b,200,10.725944
2026-09-17T05:28:34.323532244Z,search,scaled,348cd506525f,200,11.188164
2026-09-17T05:28:34.384112676Z,search,scaled,a1cb37b7da6b,200,11.719817
2026-09-17T05:28:34.443584252Z,search,scaled,348cd506525f,200,10.955111
2026-09-17T05:28:34.503862023Z,search,scaled,660681595a5e,200,10.715239
2026-09-17T05:28:34.563281081Z,search,scaled,348cd506525f,200,10.613302
2026-09-17T05:28:34.62312661Z,search,scaled,660681595a5e,200,10.244304
2026-09-17T05:28:34.68306343Z,search,scaled,a1cb37b7da6b,200,10.422575
2026-09-17T05:28:34.743250776Z,search,scaled,660681595a5e,200,10.677842
2026-09-17T05:28:34.803695699Z,search,scaled,a1cb37b7da6b,200,10.65307
2026-09-17T05:28:34.864133981Z,search,scaled,348cd506525f,200,10.95752
2026-09-17T05:28:34.923454952Z,search,scaled,a1cb37b7da6b,200,10.81013
2026-09-17T05:28:34.983697772Z,search,scaled,348cd506525f,200,11.432185
2026-09-17T05:28:35.044827558Z,search,scaled,660681595a5e,200,11.475242
2026-09-17T05:28:35.10274944Z,search,scaled,348cd506525f,200,10.377133
2026-09-17T05:28:35.163667123Z,search,scaled,660681595a5e,200,10.240549
2026-09-17T05:28:35.224139887Z,search,scaled,a1cb37b7da6b,200,10.64647
2026-09-17T05:28:35.283740076Z,search,scaled,660681595a5e,200,11.366556
2026-09-17T05:28:35.343748933Z,search,scaled,a1cb37b7da6b,200,10.455224
2026-09-17T05:28:35.405343117Z,search,scaled,348cd506525f,200,11.886632
2026-09-17T05:28:35.464097122Z,search,scaled,a1cb37b7da6b,200,11.170522
2026-09-17T05:28:35.527849965Z,search,scaled,348cd506525f,200,15.100242
2026-09-17T05:28:35.584192706Z,search,scaled,660681595a5e,200,10.857436
2026-09-17T05:28:35.644274746Z,search,scaled,348cd506525f,200,11.425277
2026-09-17T05:28:35.703601287Z,search,scaled,660681595a5e,200,10.730364
2026-09-17T05:28:35.765180537Z,search,scaled,a1cb37b7da6b,200,11.910555
2026-09-17T05:28:35.823766933Z,search,scaled,660681595a5e,200,11.030869
2026-09-17T05:28:35.884536526Z,search,scaled,a1cb37b7da6b,200,11.052855
2026-09-17T05:28:35.944436159Z,search,scaled,348cd506525f,200,11.111699
2026-09-17T05:28:36.004404422Z,search,scaled,a1cb37b7da6b,200,11.289171
2026-09-17T05:28:36.063816108Z,search,scaled,348cd506525f,200,10.791309
2026-09-17T05:28:36.123206694Z,search,scaled,660681595a5e,200,10.625359
2026-09-17T05:28:36.184362042Z,search,scaled,348cd506525f,200,11.689076
2026-09-17T05:28:36.243934719Z,search,scaled,660681595a5e,200,10.905355
2026-09-17T05:28:36.304328498Z,search,scaled,a1cb37b7da6b,200,11.889928
2026-09-17T05:28:36.366420676Z,search,scaled,660681595a5e,200,13.344954
2026-09-17T05:28:36.424175767Z,search,scaled,a1cb37b7da6b,200,11.06791
2026-09-17T05:28:36.484400428Z,search,scaled,348cd506525f,200,11.636657
2026-09-17T05:28:36.544318957Z,search,scaled,a1cb37b7da6b,200,11.315351
2026-09-17T05:28:36.604878591Z,search,scaled,348cd506525f,200,11.804387
2026-09-17T05:28:36.664565291Z,search,scaled,660681595a5e,200,11.841864
2026-09-17T05:28:36.726022388Z,search,scaled,348cd506525f,200,12.761583
2026-09-17T05:28:36.783680263Z,search,scaled,660681595a5e,200,11.45619
2026-09-17T05:28:36.844075598Z,search,scaled,a1cb37b7da6b,200,10.861378
2026-09-17T05:28:36.903199481Z,search,scaled,660681595a5e,200,10.617877
2026-09-17T05:28:36.965205543Z,search,scaled,a1cb37b7da6b,200,12.283982
2026-09-17T05:28:37.024762029Z,search,scaled,348cd506525f,200,12.031626
2026-09-17T05:28:37.085586976Z,search,scaled,a1cb37b7da6b,200,12.303873
2026-09-17T05:28:37.145831586Z,search,scaled,348cd506525f,200,12.64075
2026-09-17T05:28:37.2043262Z,search,scaled,660681595a5e,200,11.93015
2026-09-17T05:28:37.264957878Z,search,scaled,348cd506525f,200,11.951841
2026-09-17T05:28:37.323455652Z,search,scaled,660681595a5e,200,10.907654
2026-09-17T05:28:37.38265185Z,search,scaled,a1cb37b7da6b,200,10.393392
2026-09-17T05:28:37.444785156Z,search,scaled,660681595a5e,200,11.471486
2026-09-17T05:28:37.504039637Z,search,scaled,a1cb37b7da6b,200,10.818049
2026-09-17T05:28:37.564135058Z,search,scaled,348cd506525f,200,11.492772
2026-09-17T05:28:37.624414349Z,search,scaled,a1cb37b7da6b,200,11.625635
2026-09-17T05:28:37.684797698Z,search,scaled,348cd506525f,200,11.732797
2026-09-17T05:28:37.745578812Z,search,scaled,660681595a5e,200,12.212558
2026-09-17T05:28:37.805908767Z,search,scaled,348cd506525f,200,12.639034
2026-09-17T05:28:37.864671919Z,search,scaled,660681595a5e,200,11.99389
2026-09-17T05:28:37.926862547Z,search,scaled,a1cb37b7da6b,200,13.73554
2026-09-17T05:28:37.985333844Z,search,scaled,660681595a5e,200,12.129472
2026-09-17T05:28:38.043663262Z,search,scaled,a1cb37b7da6b,200,10.775427
2026-09-17T05:28:38.103303243Z,search,scaled,348cd506525f,200,10.138075
2026-09-17T05:28:38.164895969Z,search,scaled,a1cb37b7da6b,200,12.080089
2026-09-17T05:28:38.224833289Z,search,scaled,348cd506525f,200,12.529588
2026-09-17T05:28:38.283820739Z,search,scaled,660681595a5e,200,11.163946
2026-09-17T05:28:38.344980107Z,search,scaled,348cd506525f,200,11.626826
2026-09-17T05:28:38.404901141Z,search,scaled,660681595a5e,200,12.1859
2026-09-17T05:28:38.463460599Z,search,scaled,a1cb37b7da6b,200,11.071175
2026-09-17T05:28:38.524024754Z,search,scaled,660681595a5e,200,11.025992
2026-09-17T05:28:38.582996388Z,search,scaled,a1cb37b7da6b,200,10.4401
2026-09-17T05:28:38.643637593Z,search,scaled,348cd506525f,200,10.935006
2026-09-17T05:28:38.704597108Z,search,scaled,a1cb37b7da6b,200,11.214154
2026-09-17T05:28:38.763284164Z,search,scaled,348cd506525f,200,10.13099
2026-09-17T05:28:38.823046328Z,search,scaled,660681595a5e,200,10.181398
2026-09-17T05:28:38.883702804Z,search,scaled,348cd506525f,200,11.211344
2026-09-17T05:28:38.942726671Z,search,scaled,660681595a5e,200,10.229967
2026-09-17T05:28:39.004663384Z,search,scaled,a1cb37b7da6b,200,11.508313
2026-09-17T05:28:39.065570486Z,search,scaled,660681595a5e,200,12.271921
2026-09-17T05:28:39.123297955Z,search,scaled,a1cb37b7da6b,200,10.20026
2026-09-17T05:28:39.183503263Z,search,scaled,348cd506525f,200,10.713132
2026-09-17T05:28:39.243778974Z,search,scaled,a1cb37b7da6b,200,10.757135
2026-09-17T05:28:39.30364664Z,search,scaled,348cd506525f,200,10.244268
2026-09-17T05:28:39.364482188Z,search,scaled,660681595a5e,200,11.167492
2026-09-17T05:28:39.423675006Z,search,scaled,348cd506525f,200,10.507354
2026-09-17T05:28:39.483031324Z,search,scaled,660681595a5e,200,9.932503
2026-09-17T05:28:39.544206633Z,search,scaled,a1cb37b7da6b,200,11.672718
2026-09-17T05:28:39.603484757Z,search,scaled,660681595a5e,200,10.338485
2026-09-17T05:28:39.663274277Z,search,scaled,a1cb37b7da6b,200,10.481512
2026-09-17T05:28:39.725290365Z,search,scaled,348cd506525f,200,12.496076
2026-09-17T05:28:39.783462673Z,search,scaled,a1cb37b7da6b,200,10.858391
2026-09-17T05:28:39.843516352Z,search,scaled,348cd506525f,200,10.49635
2026-09-17T05:28:39.904177328Z,search,scaled,660681595a5e,200,10.987521
2026-09-17T05:28:39.96351334Z,search,scaled,348cd506525f,200,10.770298
2026-09-17T05:28:40.025193132Z,search,scaled,660681595a5e,200,11.800083
2026-09-17T05:28:40.08306644Z,search,scaled,a1cb37b7da6b,200,10.253714
2026-09-17T05:28:40.143548765Z,search,scaled,660681595a5e,200,10.829105
2026-09-17T05:28:40.205806284Z,search,scaled,a1cb37b7da6b,200,12.095632
2026-09-17T05:28:40.263851873Z,search,scaled,348cd506525f,200,11.438469
2026-09-17T05:28:40.324444128Z,search,scaled,a1cb37b7da6b,200,12.045113
2026-09-17T05:28:40.386774306Z,search,scaled,348cd506525f,200,13.646859
2026-09-17T05:28:40.447358826Z,search,scaled,660681595a5e,200,14.078134
2026-09-17T05:28:40.503942329Z,search,scaled,348cd506525f,200,10.838016
2026-09-17T05:28:40.565115263Z,search,scaled,660681595a5e,200,12.681322
2026-09-17T05:28:40.624923262Z,search,scaled,a1cb37b7da6b,200,11.843551
2026-09-17T05:28:40.684855059Z,search,scaled,660681595a5e,200,11.383702
2026-09-17T05:28:40.744736262Z,search,scaled,a1cb37b7da6b,200,12.250906
2026-09-17T05:28:40.804171896Z,search,scaled,348cd506525f,200,10.73764
2026-09-17T05:28:40.8642455Z,search,scaled,a1cb37b7da6b,200,11.39674
2026-09-17T05:28:40.923931461Z,search,scaled,348cd506525f,200,10.8923
2026-09-17T05:28:40.982887806Z,search,scaled,660681595a5e,200,10.327954
2026-09-17T05:28:41.046627399Z,search,scaled,348cd506525f,200,13.836763
2026-09-17T05:28:41.104582064Z,search,scaled,660681595a5e,200,11.170028
2026-09-17T05:28:41.164216752Z,search,scaled,a1cb37b7da6b,200,11.059711
2026-09-17T05:28:41.224058646Z,search,scaled,660681595a5e,200,11.179852
2026-09-17T05:28:41.283982697Z,search,scaled,a1cb37b7da6b,200,11.305927
2026-09-17T05:28:41.344249979Z,search,scaled,348cd506525f,200,11.477506
2026-09-17T05:28:41.404245345Z,search,scaled,a1cb37b7da6b,200,11.271414
2026-09-17T05:28:41.463815458Z,search,scaled,348cd506525f,200,11.043079
2026-09-17T05:28:41.524365879Z,search,scaled,660681595a5e,200,11.901129
2026-09-17T05:28:41.584272077Z,search,scaled,348cd506525f,200,11.578412
2026-09-17T05:28:41.645435551Z,search,scaled,660681595a5e,200,12.482991
2026-09-17T05:28:41.703431235Z,search,scaled,a1cb37b7da6b,200,10.979696
2026-09-17T05:28:41.764171633Z,search,scaled,660681595a5e,200,11.162598
2026-09-17T05:28:41.824044555Z,search,scaled,a1cb37b7da6b,200,11.236361
2026-09-17T05:28:41.884603941Z,search,scaled,348cd506525f,200,11.804448
2026-09-17T05:28:41.946788279Z,search,scaled,a1cb37b7da6b,200,13.606021
2026-09-17T05:28:42.003734616Z,search,scaled,348cd506525f,200,11.282255
2026-09-17T05:28:42.064294363Z,search,scaled,660681595a5e,200,11.106045
2026-09-17T05:28:42.124286003Z,search,scaled,348cd506525f,200,11.384907
2026-09-17T05:28:42.183941841Z,search,scaled,660681595a5e,200,11.349579
2026-09-17T05:28:42.243785002Z,search,scaled,a1cb37b7da6b,200,11.120834
2026-09-17T05:28:42.30456208Z,search,scaled,660681595a5e,200,11.173166
2026-09-17T05:28:42.364250251Z,search,scaled,a1cb37b7da6b,200,10.995142
2026-09-17T05:28:42.424960387Z,search,scaled,348cd506525f,200,11.850582
2026-09-17T05:28:42.483649365Z,search,scaled,a1cb37b7da6b,200,10.791574
2026-09-17T05:28:42.544505569Z,search,scaled,348cd506525f,200,11.380929
2026-09-17T05:28:42.603842076Z,search,scaled,660681595a5e,200,10.554567
2026-09-17T05:28:42.663537638Z,search,scaled,348cd506525f,200,10.980565
2026-09-17T05:28:42.72409605Z,search,scaled,660681595a5e,200,10.766418
2026-09-17T05:28:42.783866046Z,search,scaled,a1cb37b7da6b,200,10.909407
2026-09-17T05:28:42.843452414Z,search,scaled,660681595a5e,200,10.378928
2026-09-17T05:28:42.903659727Z,search,scaled,a1cb37b7da6b,200,10.751896
2026-09-17T05:28:42.963661767Z,search,scaled,348cd506525f,200,10.454631
2026-09-17T05:28:43.024074399Z,search,scaled,a1cb37b7da6b,200,10.879683
2026-09-17T05:28:43.084737962Z,search,scaled,348cd506525f,200,12.114198
2026-09-17T05:28:43.144259827Z,search,scaled,660681595a5e,200,11.593105
2026-09-17T05:28:43.203632088Z,search,scaled,348cd506525f,200,10.754982
2026-09-17T05:28:43.263129126Z,search,scaled,660681595a5e,200,9.86999
2026-09-17T05:28:43.324741138Z,search,scaled,a1cb37b7da6b,200,12.079574
2026-09-17T05:28:43.384319892Z,search,scaled,660681595a5e,200,11.029068
2026-09-17T05:28:43.444264765Z,search,scaled,a1cb37b7da6b,200,11.082248
2026-09-17T05:28:43.503214489Z,search,scaled,348cd506525f,200,10.530443
2026-09-17T05:28:43.563985483Z,search,scaled,a1cb37b7da6b,200,11.224662
2026-09-17T05:28:43.623372264Z,search,scaled,348cd506525f,200,10.885339
2026-09-17T05:28:43.683794121Z,search,scaled,660681595a5e,200,10.786303
2026-09-17T05:28:43.743712826Z,search,scaled,348cd506525f,200,11.311075
2026-09-17T05:28:43.803678105Z,search,scaled,660681595a5e,200,11.029933
2026-09-17T05:28:43.862846303Z,search,scaled,a1cb37b7da6b,200,10.340925
2026-09-17T05:28:43.922874185Z,search,scaled,660681595a5e,200,10.458853
2026-09-17T05:28:43.982982042Z,search,scaled,a1cb37b7da6b,200,10.652754
2026-09-17T05:28:44.043562133Z,search,scaled,348cd506525f,200,11.044693
2026-09-17T05:28:44.104020828Z,search,scaled,a1cb37b7da6b,200,10.903842
2026-09-17T05:28:44.163007451Z,search,scaled,348cd506525f,200,10.4761
2026-09-17T05:28:44.223041808Z,search,scaled,660681595a5e,200,10.702289
2026-09-17T05:28:44.283655837Z,search,scaled,348cd506525f,200,11.116444
2026-09-17T05:28:44.344343357Z,search,scaled,660681595a5e,200,11.629563
2026-09-17T05:28:44.403678938Z,search,scaled,a1cb37b7da6b,200,10.526326
2026-09-17T05:28:44.464614568Z,search,scaled,660681595a5e,200,11.470727
2026-09-17T05:28:44.525238998Z,search,scaled,a1cb37b7da6b,200,12.014936
2026-09-17T05:28:44.583465687Z,search,scaled,348cd506525f,200,10.776703
2026-09-17T05:28:44.643535321Z,search,scaled,a1cb37b7da6b,200,10.18405
2026-09-17T05:28:44.703686762Z,search,scaled,348cd506525f,200,10.681027
2026-09-17T05:28:44.763615552Z,search,scaled,660681595a5e,200,10.489228
2026-09-17T05:28:44.822902813Z,search,scaled,348cd506525f,200,10.558279
2026-09-17T05:28:44.883071274Z,search,scaled,660681595a5e,200,10.566639
2026-09-17T05:28:44.943438388Z,search,scaled,a1cb37b7da6b,200,10.897441
2026-09-17T05:28:45.003767399Z,search,scaled,660681595a5e,200,10.781078
2026-09-17T05:28:45.062957278Z,search,scaled,a1cb37b7da6b,200,10.50095
2026-09-17T05:28:45.123648722Z,search,scaled,348cd506525f,200,10.705768
2026-09-17T05:28:45.183906974Z,search,scaled,a1cb37b7da6b,200,10.576745
2026-09-17T05:28:45.244312765Z,search,scaled,348cd506525f,200,11.961138
2026-09-17T05:28:45.303187625Z,search,scaled,660681595a5e,200,10.298473
2026-09-17T05:28:45.364039819Z,search,scaled,348cd506525f,200,11.211559
2026-09-17T05:28:45.423250824Z,search,scaled,660681595a5e,200,10.67699
2026-09-17T05:28:45.483222817Z,search,scaled,a1cb37b7da6b,200,10.305062
2026-09-17T05:28:45.54378718Z,search,scaled,660681595a5e,200,10.891717
2026-09-17T05:28:45.603151195Z,search,scaled,a1cb37b7da6b,200,10.779864
2026-09-17T05:28:45.664095075Z,search,scaled,348cd506525f,200,11.331508
2026-09-17T05:28:45.724188551Z,search,scaled,a1cb37b7da6b,200,11.481147
2026-09-17T05:28:45.783347394Z,search,scaled,348cd506525f,200,10.431936
2026-09-17T05:28:45.845778842Z,search,scaled,660681595a5e,200,12.723175
2026-09-17T05:28:45.904618454Z,search,scaled,348cd506525f,200,11.158972
2026-09-17T05:28:45.96350517Z,search,scaled,660681595a5e,200,10.365867
2026-09-17T05:28:46.024362791Z,search,scaled,a1cb37b7da6b,200,11.063877
2026-09-17T05:28:46.083223282Z,search,scaled,660681595a5e,200,10.466083
2026-09-17T05:28:46.143879754Z,search,scaled,a1cb37b7da6b,200,11.046398
2026-09-17T05:28:46.203269392Z,search,scaled,348cd506525f,200,10.714764
2026-09-17T05:28:46.263860599Z,search,scaled,a1cb37b7da6b,200,10.793729
2026-09-17T05:28:46.323021848Z,search,scaled,348cd506525f,200,10.549824
2026-09-17T05:28:46.383442359Z,search,scaled,660681595a5e,200,10.989786
2026-09-17T05:28:46.443526615Z,search,scaled,348cd506525f,200,10.57879
2026-09-17T05:28:46.504282797Z,search,scaled,660681595a5e,200,11.011051
2026-09-17T05:28:46.565146077Z,search,scaled,a1cb37b7da6b,200,12.327845
2026-09-17T05:28:46.626366361Z,search,scaled,660681595a5e,200,13.394999
2026-09-17T05:28:46.683059817Z,search,scaled,a1cb37b7da6b,200,10.165514
2026-09-17T05:28:46.74547172Z,search,scaled,348cd506525f,200,12.433518
2026-09-17T05:28:46.804307737Z,search,scaled,a1cb37b7da6b,200,11.076857
2026-09-17T05:28:46.863987186Z,search,scaled,348cd506525f,200,11.090941
2026-09-17T05:28:46.923040727Z,search,scaled,660681595a5e,200,10.315023
2026-09-17T05:28:46.982985924Z,search,scaled,348cd506525f,200,10.444232
2026-09-17T05:28:47.044149318Z,search,scaled,660681595a5e,200,11.650789
2026-09-17T05:28:47.104727045Z,search,scaled,a1cb37b7da6b,200,11.968857
2026-09-17T05:28:47.164417806Z,search,scaled,660681595a5e,200,11.165627
2026-09-17T05:28:47.224653424Z,search,scaled,a1cb37b7da6b,200,11.618679
2026-09-17T05:28:47.285205085Z,search,scaled,348cd506525f,200,11.620934
2026-09-17T05:28:47.343759599Z,search,scaled,a1cb37b7da6b,200,11.028999
2026-09-17T05:28:47.404677209Z,search,scaled,348cd506525f,200,12.348778
2026-09-17T05:28:47.464451994Z,search,scaled,660681595a5e,200,11.266309
2026-09-17T05:28:47.524895538Z,search,scaled,348cd506525f,200,11.922321
2026-09-17T05:28:47.585763653Z,search,scaled,660681595a5e,200,13.235798
2026-09-17T05:28:47.645947465Z,search,scaled,a1cb37b7da6b,200,12.586528
2026-09-17T05:28:47.704146091Z,search,scaled,660681595a5e,200,11.567353
2026-09-17T05:28:47.764328974Z,search,scaled,a1cb37b7da6b,200,11.317728
2026-09-17T05:28:47.824123261Z,search,scaled,348cd506525f,200,11.19615
2026-09-17T05:28:47.884274646Z,search,scaled,a1cb37b7da6b,200,10.903086
2026-09-17T05:28:47.944527642Z,search,scaled,348cd506525f,200,11.707907
2026-09-17T05:28:48.004352096Z,search,scaled,660681595a5e,200,11.005677
2026-09-17T05:28:48.065769556Z,search,scaled,348cd506525f,200,12.768279
2026-09-17T05:28:48.12264902Z,search,scaled,660681595a5e,200,10.306813
2026-09-17T05:28:48.183478498Z,search,scaled,a1cb37b7da6b,200,10.220573
2026-09-17T05:28:48.24421897Z,search,scaled,660681595a5e,200,11.215401
2026-09-17T05:28:48.303491043Z,search,scaled,a1cb37b7da6b,200,10.727039
2026-09-17T05:28:48.363929636Z,search,scaled,348cd506525f,200,10.874503
2026-09-17T05:28:48.423114268Z,search,scaled,a1cb37b7da6b,200,10.641784
2026-09-17T05:28:48.483597212Z,search,scaled,348cd506525f,200,10.8832
2026-09-17T05:28:48.544847162Z,search,scaled,660681595a5e,200,11.573996
2026-09-17T05:28:48.603233613Z,search,scaled,348cd506525f,200,10.739315
2026-09-17T05:28:48.663814753Z,search,scaled,660681595a5e,200,10.918381
2026-09-17T05:28:48.724525862Z,search,scaled,a1cb37b7da6b,200,11.181543
2026-09-17T05:28:48.784468038Z,search,scaled,660681595a5e,200,11.116352
2026-09-17T05:28:48.843834614Z,search,scaled,a1cb37b7da6b,200,10.729419
2026-09-17T05:28:48.902611981Z,search,scaled,348cd506525f,200,11.13581
2026-09-17T05:28:48.961743298Z,search,scaled,a1cb37b7da6b,200,10.498501
2026-09-17T05:28:49.022396688Z,search,scaled,348cd506525f,200,10.965949
2026-09-17T05:28:49.082750034Z,search,scaled,660681595a5e,200,10.839646
2026-09-17T05:28:49.142856359Z,search,scaled,348cd506525f,200,11.611933
2026-09-17T05:28:49.202560906Z,search,scaled,660681595a5e,200,11.043023
2026-09-17T05:28:49.261893296Z,search,scaled,a1cb37b7da6b,200,10.79113
2026-09-17T05:28:49.321613789Z,search,scaled,660681595a5e,200,10.175391
2026-09-17T05:28:49.38133038Z,search,scaled,a1cb37b7da6b,200,10.071923
2026-09-17T05:28:49.443243697Z,search,scaled,348cd506525f,200,11.388075
2026-09-17T05:28:49.503611748Z,search,scaled,a1cb37b7da6b,200,11.659121
2026-09-17T05:28:49.562288544Z,search,scaled,348cd506525f,200,10.899872
2026-09-17T05:28:49.624239282Z,search,scaled,660681595a5e,200,12.409226
2026-09-17T05:28:49.682788378Z,search,scaled,348cd506525f,200,10.921061
2026-09-17T05:28:49.742867642Z,search,scaled,660681595a5e,200,11.414726
2026-09-17T05:28:49.802207842Z,search,scaled,a1cb37b7da6b,200,10.784737
2026-09-17T05:28:49.862579441Z,search,scaled,660681595a5e,200,10.912202
2026-09-17T05:28:49.922054083Z,search,scaled,a1cb37b7da6b,200,11.047686
2026-09-17T05:28:49.981652714Z,search,scaled,348cd506525f,200,10.380519
2026-09-17T05:28:50.042000055Z,search,scaled,a1cb37b7da6b,200,10.908111
2026-09-17T05:28:50.102502444Z,search,scaled,348cd506525f,200,10.759501
2026-09-17T05:28:50.162139237Z,search,scaled,660681595a5e,200,11.056155
2026-09-17T05:28:50.222449346Z,search,scaled,348cd506525f,200,10.645011
2026-09-17T05:28:50.282827164Z,search,scaled,660681595a5e,200,10.797013
2026-09-17T05:28:50.342538641Z,search,scaled,a1cb37b7da6b,200,11.111558
2026-09-17T05:28:50.402430513Z,search,scaled,660681595a5e,200,11.343702
2026-09-17T05:28:50.462860189Z,search,scaled,a1cb37b7da6b,200,10.884264
2026-09-17T05:28:50.522822718Z,search,scaled,348cd506525f,200,11.369975
2026-09-17T05:28:50.581691318Z,search,scaled,a1cb37b7da6b,200,10.314069
2026-09-17T05:28:50.642496657Z,search,scaled,348cd506525f,200,11.126309
2026-09-17T05:28:50.702357738Z,search,scaled,660681595a5e,200,11.055444
2026-09-17T05:28:50.76355087Z,search,scaled,348cd506525f,200,11.556205
2026-09-17T05:28:50.82172486Z,search,scaled,660681595a5e,200,10.481301
2026-09-17T05:28:50.882836437Z,search,scaled,a1cb37b7da6b,200,11.598957
2026-09-17T05:28:50.944349539Z,search,scaled,660681595a5e,200,12.338682
2026-09-17T05:28:51.002913861Z,search,scaled,a1cb37b7da6b,200,10.82872
2026-09-17T05:28:51.063497326Z,search,scaled,348cd506525f,200,11.535269
2026-09-17T05:28:51.12404816Z,search,scaled,a1cb37b7da6b,200,11.849404
2026-09-17T05:28:51.182511062Z,search,scaled,348cd506525f,200,11.131014
2026-09-17T05:28:51.241878487Z,search,scaled,660681595a5e,200,10.850571
2026-09-17T05:28:51.30316769Z,search,scaled,348cd506525f,200,11.499866
2026-09-17T05:28:51.363024866Z,search,scaled,660681595a5e,200,11.190227
2026-09-17T05:28:51.421836609Z,search,scaled,a1cb37b7da6b,200,10.243411
2026-09-17T05:28:51.482963708Z,search,scaled,660681595a5e,200,11.629586
2026-09-17T05:28:51.543646574Z,search,scaled,a1cb37b7da6b,200,11.950918
2026-09-17T05:28:51.602793826Z,search,scaled,348cd506525f,200,11.436542
2026-09-17T05:28:51.662158162Z,search,scaled,a1cb37b7da6b,200,10.817359
2026-09-17T05:28:51.721960499Z,search,scaled,348cd506525f,200,10.313449
2026-09-17T05:28:51.782234607Z,search,scaled,660681595a5e,200,11.124105
2026-09-17T05:28:51.8428437Z,search,scaled,348cd506525f,200,10.841457
2026-09-17T05:28:51.902071786Z,search,scaled,660681595a5e,200,10.755516
2026-09-17T05:28:51.962817261Z,search,scaled,a1cb37b7da6b,200,11.146039
2026-09-17T05:28:52.022561041Z,search,scaled,660681595a5e,200,11.1432
2026-09-17T05:28:52.083027489Z,search,scaled,a1cb37b7da6b,200,12.02413
2026-09-17T05:28:52.142428718Z,search,scaled,348cd506525f,200,10.856012
2026-09-17T05:28:52.202307559Z,search,scaled,a1cb37b7da6b,200,10.33725
2026-09-17T05:28:52.263415605Z,search,scaled,348cd506525f,200,11.591547
2026-09-17T05:28:52.322974528Z,search,scaled,660681595a5e,200,10.929971
2026-09-17T05:28:52.381888819Z,search,scaled,348cd506525f,200,10.783755
2026-09-17T05:28:52.443919356Z,search,scaled,660681595a5e,200,12.40322
2026-09-17T05:28:52.501967006Z,search,scaled,a1cb37b7da6b,200,10.453107
2026-09-17T05:28:52.56170208Z,search,scaled,660681595a5e,200,10.094836
2026-09-17T05:28:52.622161967Z,search,scaled,a1cb37b7da6b,200,10.614587
2026-09-17T05:28:52.682947266Z,search,scaled,348cd506525f,200,11.235747
2026-09-17T05:28:52.741904222Z,search,scaled,a1cb37b7da6b,200,10.380625
2026-09-17T05:28:52.802256103Z,search,scaled,348cd506525f,200,10.494529
2026-09-17T05:28:52.863217031Z,search,scaled,660681595a5e,200,11.32671
2026-09-17T05:28:52.922927963Z,search,scaled,348cd506525f,200,11.14782
2026-09-17T05:28:52.981815034Z,search,scaled,660681595a5e,200,10.780247
2026-09-17T05:28:53.042564401Z,search,scaled,a1cb37b7da6b,200,10.886306
2026-09-17T05:28:53.104398767Z,search,scaled,660681595a5e,200,13.04532
2026-09-17T05:28:53.162296744Z,search,scaled,a1cb37b7da6b,200,10.366772
2026-09-17T05:28:53.22209099Z,search,scaled,348cd506525f,200,10.236443
2026-09-17T05:28:53.28332903Z,search,scaled,a1cb37b7da6b,200,11.752922
2026-09-17T05:28:53.342026717Z,search,scaled,348cd506525f,200,10.152245
2026-09-17T05:28:53.401804713Z,search,scaled,660681595a5e,200,10.041972
2026-09-17T05:28:53.461611071Z,search,scaled,348cd506525f,200,10.325979
2026-09-17T05:28:53.522419914Z,search,scaled,660681595a5e,200,11.107182
2026-09-17T05:28:53.582806192Z,search,scaled,a1cb37b7da6b,200,10.84167
2026-09-17T05:28:53.643214048Z,search,scaled,660681595a5e,200,11.829193
2026-09-17T05:28:53.702670755Z,search,scaled,a1cb37b7da6b,200,10.841131
2026-09-17T05:28:53.76392022Z,search,scaled,348cd506525f,200,12.450464
2026-09-17T05:28:53.823021535Z,search,scaled,a1cb37b7da6b,200,11.329791
2026-09-17T05:28:53.882896067Z,search,scaled,348cd506525f,200,11.257146
2026-09-17T05:28:53.942158792Z,search,scaled,660681595a5e,200,10.696318
2026-09-17T05:28:54.002517164Z,search,scaled,348cd506525f,200,10.718326
2026-09-17T05:28:54.062735767Z,search,scaled,660681595a5e,200,11.675522
2026-09-17T05:28:54.122655411Z,search,scaled,a1cb37b7da6b,200,11.273698
2026-09-17T05:28:54.181505701Z,search,scaled,660681595a5e,200,10.558713
2026-09-17T05:28:54.241483564Z,search,scaled,a1cb37b7da6b,200,10.214917
2026-09-17T05:28:54.302493552Z,search,scaled,348cd506525f,200,10.438278
2026-09-17T05:28:54.362687083Z,search,scaled,a1cb37b7da6b,200,10.483159
2026-09-17T05:28:54.421878403Z,search,scaled,348cd506525f,200,10.805398
2026-09-17T05:28:54.482476475Z,search,scaled,660681595a5e,200,10.848367
2026-09-17T05:28:54.542365582Z,search,scaled,348cd506525f,200,10.318084
2026-09-17T05:28:54.602517652Z,search,scaled,660681595a5e,200,10.613999
2026-09-17T05:28:54.663858868Z,search,scaled,a1cb37b7da6b,200,11.641645
2026-09-17T05:28:54.721660108Z,search,scaled,660681595a5e,200,10.253915
2026-09-17T05:28:54.781799816Z,search,scaled,a1cb37b7da6b,200,10.613687
2026-09-17T05:28:54.842147247Z,search,scaled,348cd506525f,200,10.554408
2026-09-17T05:28:54.90250685Z,search,scaled,a1cb37b7da6b,200,10.782549
2026-09-17T05:28:54.964862463Z,search,scaled,348cd506525f,200,12.616329
2026-09-17T05:28:55.022224342Z,search,scaled,660681595a5e,200,10.775567
2026-09-17T05:28:55.082753773Z,search,scaled,348cd506525f,200,10.881183
2026-09-17T05:28:55.14386002Z,search,scaled,660681595a5e,200,12.484541
2026-09-17T05:28:55.202403542Z,search,scaled,a1cb37b7da6b,200,10.847012
2026-09-17T05:28:55.262561902Z,search,scaled,660681595a5e,200,10.396864
2026-09-17T05:28:55.323299066Z,search,scaled,a1cb37b7da6b,200,11.1542
2026-09-17T05:28:55.384049171Z,search,scaled,348cd506525f,200,11.982611
2026-09-17T05:28:55.442465984Z,search,scaled,a1cb37b7da6b,200,10.598036
2026-09-17T05:28:55.503744223Z,search,scaled,348cd506525f,200,11.593758
2026-09-17T05:28:55.563025709Z,search,scaled,660681595a5e,200,11.585108
2026-09-17T05:28:55.623669137Z,search,scaled,348cd506525f,200,11.946248
2026-09-17T05:28:55.682590501Z,search,scaled,660681595a5e,200,11.247256
2026-09-17T05:28:55.74536897Z,search,scaled,a1cb37b7da6b,200,14.170194
2026-09-17T05:28:55.804621574Z,search,scaled,660681595a5e,200,12.404956
2026-09-17T05:28:55.865065872Z,search,scaled,a1cb37b7da6b,200,13.779162
2026-09-17T05:28:55.923051029Z,search,scaled,348cd506525f,200,11.388505
2026-09-17T05:28:55.983525187Z,search,scaled,a1cb37b7da6b,200,12.13582
2026-09-17T05:28:56.043077194Z,search,scaled,348cd506525f,200,10.902629
2026-09-17T05:28:56.103467512Z,search,scaled,660681595a5e,200,11.607877
2026-09-17T05:28:56.162571379Z,search,scaled,348cd506525f,200,10.604488
2026-09-17T05:28:56.221754979Z,search,scaled,660681595a5e,200,10.66498
2026-09-17T05:28:56.282560447Z,search,scaled,a1cb37b7da6b,200,11.233725
2026-09-17T05:28:56.343288148Z,search,scaled,660681595a5e,200,12.306017
2026-09-17T05:28:56.40320206Z,search,scaled,a1cb37b7da6b,200,11.070427
2026-09-17T05:28:56.463769489Z,search,scaled,348cd506525f,200,11.945369
2026-09-17T05:28:56.523129942Z,search,scaled,a1cb37b7da6b,200,11.928133
2026-09-17T05:28:56.582874343Z,search,scaled,348cd506525f,200,11.768773
2026-09-17T05:28:56.643434607Z,search,scaled,660681595a5e,200,11.777509
2026-09-17T05:28:56.70353001Z,search,scaled,348cd506525f,200,11.434662
2026-09-17T05:28:56.763463795Z,search,scaled,660681595a5e,200,11.806545
2026-09-17T05:28:56.823474983Z,search,scaled,a1cb37b7da6b,200,11.361247
2026-09-17T05:28:56.883541776Z,search,scaled,660681595a5e,200,11.564749
2026-09-17T05:28:56.94176342Z,search,scaled,a1cb37b7da6b,200,10.300169
2026-09-17T05:28:57.002016794Z,search,scaled,348cd506525f,200,10.720325
2026-09-17T05:28:57.06385688Z,search,scaled,a1cb37b7da6b,200,12.277925
2026-09-17T05:28:57.122775858Z,search,scaled,348cd506525f,200,11.40962
2026-09-17T05:28:57.182620127Z,search,scaled,660681595a5e,200,11.218002
2026-09-17T05:28:57.241157231Z,search,scaled,348cd506525f,200,10.095196
2026-09-17T05:28:57.302289692Z,search,scaled,660681595a5e,200,10.453859
2026-09-17T05:28:57.363319771Z,search,scaled,a1cb37b7da6b,200,11.329295
2026-09-17T05:28:57.422865094Z,search,scaled,660681595a5e,200,10.899503
2026-09-17T05:28:57.482129715Z,search,scaled,a1cb37b7da6b,200,10.594407
2026-09-17T05:28:57.542106542Z,search,scaled,348cd506525f,200,10.46138
2026-09-17T05:28:57.602388658Z,search,scaled,a1cb37b7da6b,200,10.502402
2026-09-17T05:28:57.66293916Z,search,scaled,348cd506525f,200,11.120952
2026-09-17T05:28:57.723930992Z,search,scaled,660681595a5e,200,12.342615
2026-09-17T05:28:57.783482913Z,search,scaled,348cd506525f,200,11.955325
2026-09-17T05:28:57.841957122Z,search,scaled,660681595a5e,200,10.661941
2026-09-17T05:28:57.902541758Z,search,scaled,a1cb37b7da6b,200,11.094839
2026-09-17T05:28:57.962210014Z,search,scaled,660681595a5e,200,11.206227
2026-09-17T05:28:58.02233213Z,search,scaled,a1cb37b7da6b,200,10.588807
2026-09-17T05:28:58.083182582Z,search,scaled,348cd506525f,200,11.16869
2026-09-17T05:28:58.142456784Z,search,scaled,a1cb37b7da6b,200,10.681743
2026-09-17T05:28:58.202555864Z,search,scaled,348cd506525f,200,10.566181
2026-09-17T05:28:58.262943031Z,search,scaled,660681595a5e,200,10.797696
2026-09-17T05:28:58.323021865Z,search,scaled,348cd506525f,200,11.553339
2026-09-17T05:28:58.381648611Z,search,scaled,660681595a5e,200,10.421583
2026-09-17T05:28:58.443025631Z,search,scaled,a1cb37b7da6b,200,11.596157
2026-09-17T05:28:58.503108913Z,search,scaled,660681595a5e,200,11.077059
2026-09-17T05:28:58.562481706Z,search,scaled,a1cb37b7da6b,200,10.790081
2026-09-17T05:28:58.622294797Z,search,scaled,348cd506525f,200,11.075957
2026-09-17T05:28:58.682847111Z,search,scaled,a1cb37b7da6b,200,10.966391
2026-09-17T05:28:58.742126693Z,search,scaled,348cd506525f,200,10.687804
2026-09-17T05:28:58.802294212Z,search,scaled,660681595a5e,200,10.640132
2026-09-17T05:28:58.863045668Z,search,scaled,348cd506525f,200,11.216942
2026-09-17T05:28:58.922561315Z,search,scaled,660681595a5e,200,10.954962
2026-09-17T05:28:58.98205019Z,search,scaled,a1cb37b7da6b,200,11.000549
2026-09-17T05:28:59.043672931Z,search,scaled,660681595a5e,200,12.062696
2026-09-17T05:28:59.102164593Z,search,scaled,a1cb37b7da6b,200,10.858414
2026-09-17T05:28:59.16213949Z,search,scaled,348cd506525f,200,10.518018
2026-09-17T05:28:59.222137062Z,search,scaled,a1cb37b7da6b,200,10.458593
2026-09-17T05:28:59.283957802Z,search,scaled,348cd506525f,200,12.203226
2026-09-17T05:28:59.343267264Z,search,scaled,660681595a5e,200,11.71147
2026-09-17T05:28:59.402734419Z,search,scaled,348cd506525f,200,10.896927
2026-09-17T05:28:59.462390904Z,search,scaled,660681595a5e,200,10.940849
2026-09-17T05:28:59.522470578Z,search,scaled,a1cb37b7da6b,200,10.489981
2026-09-17T05:28:59.588548284Z,search,scaled,660681595a5e,200,16.479684
2026-09-17T05:28:59.645701801Z,search,scaled,a1cb37b7da6b,200,13.964994
2026-09-17T05:28:59.703308686Z,search,scaled,348cd506525f,200,11.140903
2026-09-17T05:28:59.762442968Z,search,scaled,a1cb37b7da6b,200,10.367579
2026-09-17T05:28:59.822982281Z,search,scaled,348cd506525f,200,10.905828
2026-09-17T05:28:59.882282344Z,search,scaled,660681595a5e,200,10.753682
2026-09-17T05:28:59.943210601Z,search,scaled,348cd506525f,200,11.356546
2026-09-17T05:29:00.002019733Z,search,scaled,660681595a5e,200,10.207242
2026-09-17T05:29:00.062713395Z,search,scaled,a1cb37b7da6b,200,11.096858
2026-09-17T05:29:00.121785973Z,search,scaled,660681595a5e,200,10.444928
2026-09-17T05:29:00.182285064Z,search,scaled,a1cb37b7da6b,200,10.842369
2026-09-17T05:29:00.242301364Z,search,scaled,348cd506525f,200,10.300021
2026-09-17T05:29:00.302733619Z,search,scaled,a1cb37b7da6b,200,10.686748
2026-09-17T05:29:00.362216054Z,search,scaled,348cd506525f,200,10.698564
2026-09-17T05:29:00.423661256Z,search,scaled,660681595a5e,200,11.632374
2026-09-17T05:29:00.482201854Z,search,scaled,348cd506525f,200,10.788505
2026-09-17T05:29:00.54316899Z,search,scaled,660681595a5e,200,11.098901
2026-09-17T05:29:00.602658214Z,search,scaled,a1cb37b7da6b,200,10.769849
2026-09-17T05:29:00.662414093Z,search,scaled,660681595a5e,200,11.136169
2026-09-17T05:29:00.724112523Z,search,scaled,a1cb37b7da6b,200,12.149686
2026-09-17T05:29:00.783754919Z,search,scaled,348cd506525f,200,12.314378
2026-09-17T05:29:00.84441611Z,search,scaled,a1cb37b7da6b,200,13.087248
2026-09-17T05:29:00.902675796Z,search,scaled,348cd506525f,200,10.794141
2026-09-17T05:29:00.965040565Z,search,scaled,660681595a5e,200,13.383266
2026-09-17T05:29:01.022796419Z,search,scaled,348cd506525f,200,10.668713
2026-09-17T05:29:01.082331597Z,search,scaled,660681595a5e,200,10.907857
2026-09-17T05:29:01.142560029Z,search,scaled,a1cb37b7da6b,200,10.556874
2026-09-17T05:29:01.201695592Z,search,scaled,660681595a5e,200,10.654292
2026-09-17T05:29:01.261867451Z,search,scaled,a1cb37b7da6b,200,10.607038
2026-09-17T05:29:01.321964644Z,search,scaled,348cd506525f,200,10.582466
2026-09-17T05:29:01.38239548Z,search,scaled,a1cb37b7da6b,200,10.79176
2026-09-17T05:29:01.442041505Z,search,scaled,348cd506525f,200,10.851625
2026-09-17T05:29:01.502194643Z,search,scaled,660681595a5e,200,10.645801
2026-09-17T05:29:01.562573724Z,search,scaled,348cd506525f,200,10.877334
2026-09-17T05:29:01.621376495Z,search,scaled,660681595a5e,200,10.150259
2026-09-17T05:29:01.683006968Z,search,scaled,a1cb37b7da6b,200,11.180155
2026-09-17T05:29:01.743411821Z,search,scaled,660681595a5e,200,11.876179
2026-09-17T05:29:01.801784436Z,search,scaled,a1cb37b7da6b,200,10.584037
2026-09-17T05:29:01.862692886Z,search,scaled,348cd506525f,200,11.151509
2026-09-17T05:29:01.922107162Z,search,scaled,a1cb37b7da6b,200,10.889126
2026-09-17T05:29:01.983379581Z,search,scaled,348cd506525f,200,11.704499
2026-09-17T05:29:02.042413778Z,search,scaled,660681595a5e,200,10.550615
2026-09-17T05:29:02.103010215Z,search,scaled,348cd506525f,200,11.130612
2026-09-17T05:29:02.161758061Z,search,scaled,660681595a5e,200,10.217353
2026-09-17T05:29:02.223183001Z,search,scaled,a1cb37b7da6b,200,11.88309
2026-09-17T05:29:02.282707409Z,search,scaled,660681595a5e,200,10.985714
2026-09-17T05:29:02.342053925Z,search,scaled,a1cb37b7da6b,200,10.839933
2026-09-17T05:29:02.402887846Z,search,scaled,348cd506525f,200,11.210328
2026-09-17T05:29:02.462481748Z,search,scaled,a1cb37b7da6b,200,10.62454
2026-09-17T05:29:02.522737133Z,search,scaled,348cd506525f,200,10.64713
2026-09-17T05:29:02.582197155Z,search,scaled,660681595a5e,200,10.902137
2026-09-17T05:29:02.641926347Z,search,scaled,348cd506525f,200,10.262806
2026-09-17T05:29:02.702001739Z,search,scaled,660681595a5e,200,10.429851
2026-09-17T05:29:02.76235654Z,search,scaled,a1cb37b7da6b,200,10.689044
2026-09-17T05:29:02.822267181Z,search,scaled,660681595a5e,200,10.384803
2026-09-17T05:29:02.882768112Z,search,scaled,a1cb37b7da6b,200,10.759068
2026-09-17T05:29:02.942163208Z,search,scaled,348cd506525f,200,10.787466
2026-09-17T05:29:03.002144207Z,search,scaled,a1cb37b7da6b,200,10.457039
2026-09-17T05:29:03.063833314Z,search,scaled,348cd506525f,200,12.027779
2026-09-17T05:29:03.125766706Z,search,scaled,660681595a5e,200,14.324496
2026-09-17T05:29:03.183935787Z,search,scaled,348cd506525f,200,12.550963
2026-09-17T05:29:03.242036393Z,search,scaled,660681595a5e,200,10.587468
2026-09-17T05:29:03.302703463Z,search,scaled,a1cb37b7da6b,200,10.665362
2026-09-17T05:29:03.36423714Z,search,scaled,660681595a5e,200,12.838441
2026-09-17T05:29:03.423484569Z,search,scaled,a1cb37b7da6b,200,11.728701
2026-09-17T05:29:03.483166692Z,search,scaled,348cd506525f,200,11.94584
2026-09-17T05:29:03.546150256Z,search,scaled,a1cb37b7da6b,200,14.397492
2026-09-17T05:29:03.604142996Z,search,scaled,348cd506525f,200,12.408874
2026-09-17T05:29:03.663219394Z,search,scaled,660681595a5e,200,11.358057
2026-09-17T05:29:03.723656886Z,search,scaled,348cd506525f,200,11.838273
2026-09-17T05:29:03.784572276Z,search,scaled,660681595a5e,200,12.407132
2026-09-17T05:29:03.843325715Z,search,scaled,a1cb37b7da6b,200,12.207425
2026-09-17T05:29:03.903900061Z,search,scaled,660681595a5e,200,11.850308
2026-09-17T05:29:03.962789637Z,search,scaled,a1cb37b7da6b,200,11.334535
2026-09-17T05:29:04.022991248Z,search,scaled,348cd506525f,200,11.657526
2026-09-17T05:29:04.084148229Z,search,scaled,a1cb37b7da6b,200,12.579834
2026-09-17T05:29:04.142733517Z,search,scaled,348cd506525f,200,10.871865
2026-09-17T05:29:04.202112325Z,search,scaled,660681595a5e,200,10.891655
2026-09-17T05:29:04.261958793Z,search,scaled,348cd506525f,200,10.285467
2026-09-17T05:29:04.321407116Z,search,scaled,660681595a5e,200,9.975817
2026-09-17T05:29:04.381732563Z,search,scaled,a1cb37b7da6b,200,10.398795
2026-09-17T05:29:04.443472768Z,search,scaled,660681595a5e,200,12.256943
2026-09-17T05:29:04.502985712Z,search,scaled,a1cb37b7da6b,200,10.983423
2026-09-17T05:29:04.562970616Z,search,scaled,348cd506525f,200,11.293283
2026-09-17T05:29:04.623638802Z,search,scaled,a1cb37b7da6b,200,11.657154
2026-09-17T05:29:04.681844102Z,search,scaled,348cd506525f,200,10.710955
2026-09-17T05:29:04.742709041Z,search,scaled,660681595a5e,200,11.313012
2026-09-17T05:29:04.804170049Z,search,scaled,348cd506525f,200,12.694071
2026-09-17T05:29:04.862302624Z,search,scaled,660681595a5e,200,10.545273
2026-09-17T05:29:04.922917328Z,search,scaled,a1cb37b7da6b,200,10.964165
2026-09-17T05:29:04.982373298Z,search,scaled,660681595a5e,200,10.587567
2026-09-17T05:29:05.041449283Z,search,scaled,a1cb37b7da6b,200,10.379283
2026-09-17T05:29:05.102846087Z,search,scaled,348cd506525f,200,11.495745
2026-09-17T05:29:05.162015198Z,search,scaled,a1cb37b7da6b,200,10.666511
2026-09-17T05:29:05.222772941Z,search,scaled,348cd506525f,200,11.179905
2026-09-17T05:29:05.281939288Z,search,scaled,660681595a5e,200,10.691639
2026-09-17T05:29:05.341911335Z,search,scaled,348cd506525f,200,10.438747
2026-09-17T05:29:05.402218115Z,search,scaled,660681595a5e,200,10.70563
2026-09-17T05:29:05.462306478Z,search,scaled,a1cb37b7da6b,200,10.396083
2026-09-17T05:29:05.523064161Z,search,scaled,660681595a5e,200,11.184735
2026-09-17T05:29:05.581344435Z,search,scaled,a1cb37b7da6b,200,10.228373
2026-09-17T05:29:05.642886974Z,search,scaled,348cd506525f,200,10.998484
2026-09-17T05:29:05.701787784Z,search,scaled,a1cb37b7da6b,200,10.425006
2026-09-17T05:29:05.76166599Z,search,scaled,348cd506525f,200,10.250315
2026-09-17T05:29:05.822952862Z,search,scaled,660681595a5e,200,11.661511
2026-09-17T05:29:05.882224124Z,search,scaled,348cd506525f,200,10.902966
2026-09-17T05:29:05.942584712Z,search,scaled,660681595a5e,200,10.840374
2026-09-17T05:29:06.002966091Z,search,scaled,a1cb37b7da6b,200,11.831887
2026-09-17T05:29:06.062445082Z,search,scaled,660681595a5e,200,10.849223
2026-09-17T05:29:06.122221021Z,search,scaled,a1cb37b7da6b,200,10.403444
2026-09-17T05:29:06.182265278Z,search,scaled,348cd506525f,200,10.620168
2026-09-17T05:29:06.242562902Z,search,scaled,a1cb37b7da6b,200,10.699064
2026-09-17T05:29:06.30307803Z,search,scaled,348cd506525f,200,11.989897
2026-09-17T05:29:06.362365328Z,search,scaled,660681595a5e,200,10.66375
2026-09-17T05:29:06.423187195Z,search,scaled,348cd506525f,200,11.275642
2026-09-17T05:29:06.482357876Z,search,scaled,660681595a5e,200,10.605967
2026-09-17T05:29:06.542530187Z,search,scaled,a1cb37b7da6b,200,10.639575
2026-09-17T05:29:06.601435016Z,search,scaled,660681595a5e,200,10.420605
2026-09-17T05:29:06.662243773Z,search,scaled,a1cb37b7da6b,200,10.393363
2026-09-17T05:29:06.722907409Z,search,scaled,348cd506525f,200,11.066187
2026-09-17T05:29:06.78137321Z,search,scaled,a1cb37b7da6b,200,9.855385
2026-09-17T05:29:06.84184674Z,search,scaled,348cd506525f,200,10.81885
2026-09-17T05:29:06.901643996Z,search,scaled,660681595a5e,200,10.296133
2026-09-17T05:29:06.961735371Z,search,scaled,348cd506525f,200,10.583927
2026-09-17T05:29:07.023926147Z,search,scaled,660681595a5e,200,12.628918
2026-09-17T05:29:07.081928872Z,search,scaled,a1cb37b7da6b,200,10.586467
2026-09-17T05:29:07.14306979Z,search,scaled,660681595a5e,200,11.457073
2026-09-17T05:29:07.203821611Z,search,scaled,a1cb37b7da6b,200,12.06833
2026-09-17T05:29:07.26153525Z,search,scaled,348cd506525f,200,10.09414
2026-09-17T05:29:07.322236011Z,search,scaled,a1cb37b7da6b,200,10.178593
2026-09-17T05:29:07.382618539Z,search,scaled,348cd506525f,200,10.612998
2026-09-17T05:29:07.442138683Z,search,scaled,660681595a5e,200,10.911727
2026-09-17T05:29:07.503579299Z,search,scaled,348cd506525f,200,11.845301
2026-09-17T05:29:07.561661051Z,search,scaled,660681595a5e,200,10.585376
2026-09-17T05:29:07.621685847Z,search,scaled,a1cb37b7da6b,200,10.592067
2026-09-17T05:29:07.683362339Z,search,scaled,660681595a5e,200,12.039188
2026-09-17T05:29:07.742551751Z,search,scaled,a1cb37b7da6b,200,10.727431
2026-09-17T05:29:07.801551877Z,search,scaled,348cd506525f,200,10.534377
2026-09-17T05:29:07.862417627Z,search,scaled,a1cb37b7da6b,200,10.878075
2026-09-17T05:29:07.922986159Z,search,scaled,348cd506525f,200,10.825937
2026-09-17T05:29:07.981820428Z,search,scaled,660681595a5e,200,10.439312
2026-09-17T05:29:08.042800761Z,search,scaled,348cd506525f,200,11.424831
2026-09-17T05:29:08.1022609Z,search,scaled,660681595a5e,200,10.731926
2026-09-17T05:29:08.162139047Z,search,scaled,a1cb37b7da6b,200,10.241525
2026-09-17T05:29:08.223055239Z,search,scaled,660681595a5e,200,11.218836
2026-09-17T05:29:08.282294075Z,search,scaled,a1cb37b7da6b,200,10.645831
2026-09-17T05:29:08.342630886Z,search,scaled,348cd506525f,200,10.787854
2026-09-17T05:29:08.404945114Z,search,scaled,a1cb37b7da6b,200,13.635141
2026-09-17T05:29:08.462402382Z,search,scaled,348cd506525f,200,10.651487
2026-09-17T05:29:08.52521915Z,search,scaled,660681595a5e,200,13.127768
2026-09-17T05:29:08.582774068Z,search,scaled,348cd506525f,200,11.312168
2026-09-17T05:29:08.641659431Z,search,scaled,660681595a5e,200,10.318399
2026-09-17T05:29:08.703666674Z,search,scaled,a1cb37b7da6b,200,12.440665
2026-09-17T05:29:08.762041515Z,search,scaled,660681595a5e,200,10.850754
2026-09-17T05:29:08.822199229Z,search,scaled,a1cb37b7da6b,200,10.702174
2026-09-17T05:29:08.882653203Z,search,scaled,348cd506525f,200,10.918998
2026-09-17T05:29:08.944819035Z,search,scaled,a1cb37b7da6b,200,13.612809
2026-09-17T05:29:09.003313164Z,search,scaled,348cd506525f,200,11.676177
2026-09-17T05:29:09.062420966Z,search,scaled,660681595a5e,200,10.469165
2026-09-17T05:29:09.123284065Z,search,scaled,348cd506525f,200,11.368661
2026-09-17T05:29:09.182880835Z,search,scaled,660681595a5e,200,11.566885
2026-09-17T05:29:09.242127435Z,search,scaled,a1cb37b7da6b,200,10.353391
2026-09-17T05:29:09.302186934Z,search,scaled,660681595a5e,200,10.233594
2026-09-17T05:29:09.361736549Z,search,scaled,a1cb37b7da6b,200,9.739642
2026-09-17T05:29:09.422774591Z,search,scaled,348cd506525f,200,11.11321
2026-09-17T05:29:09.481926431Z,search,scaled,a1cb37b7da6b,200,10.526983
2026-09-17T05:29:09.542597668Z,search,scaled,348cd506525f,200,11.002772
2026-09-17T05:29:09.603445007Z,search,scaled,660681595a5e,200,12.020099
2026-09-17T05:29:09.663318337Z,search,scaled,348cd506525f,200,11.162128
2026-09-17T05:29:09.72336205Z,search,scaled,660681595a5e,200,11.562859
2026-09-17T05:29:09.783422639Z,search,scaled,a1cb37b7da6b,200,11.371757
2026-09-17T05:29:09.844587447Z,search,scaled,660681595a5e,200,12.706061
2026-09-17T05:29:09.901961724Z,search,scaled,a1cb37b7da6b,200,10.875415
2026-09-17T05:29:09.96170894Z,search,scaled,348cd506525f,200,9.96729
2026-09-17T05:29:10.022245289Z,search,scaled,a1cb37b7da6b,200,10.851254
2026-09-17T05:29:10.083540362Z,search,scaled,348cd506525f,200,11.551544
2026-09-17T05:29:10.142022144Z,search,scaled,660681595a5e,200,10.900356
2026-09-17T05:29:10.202240672Z,search,scaled,348cd506525f,200,10.511442
2026-09-17T05:29:10.262594259Z,search,scaled,660681595a5e,200,10.446338
2026-09-17T05:29:10.321931837Z,search,scaled,a1cb37b7da6b,200,10.686199
2026-09-17T05:29:10.382094692Z,search,scaled,660681595a5e,200,10.806567
2026-09-17T05:29:10.443540353Z,search,scaled,a1cb37b7da6b,200,11.917851
2026-09-17T05:29:10.503945934Z,search,scaled,348cd506525f,200,11.847888
2026-09-17T05:29:10.562064442Z,search,scaled,a1cb37b7da6b,200,10.57305
2026-09-17T05:29:10.622769127Z,search,scaled,348cd506525f,200,11.133262
2026-09-17T05:29:10.681867253Z,search,scaled,660681595a5e,200,10.621364
2026-09-17T05:29:10.742717842Z,search,scaled,348cd506525f,200,11.058497
2026-09-17T05:29:10.802619651Z,search,scaled,660681595a5e,200,11.039925
2026-09-17T05:29:10.861906989Z,search,scaled,a1cb37b7da6b,200,10.666861
2026-09-17T05:29:10.92246569Z,search,scaled,660681595a5e,200,11.028845
2026-09-17T05:29:10.984106148Z,search,scaled,a1cb37b7da6b,200,12.145835
2026-09-17T05:29:11.042730851Z,search,scaled,348cd506525f,200,11.135809
2026-09-17T05:29:11.102470837Z,search,scaled,a1cb37b7da6b,200,11.301617
2026-09-17T05:29:11.163692155Z,search,scaled,348cd506525f,200,11.584875
2026-09-17T05:29:11.223755695Z,search,scaled,660681595a5e,200,12.528655
2026-09-17T05:29:11.282916365Z,search,scaled,348cd506525f,200,11.42928
2026-09-17T05:29:11.34309663Z,search,scaled,660681595a5e,200,11.522641
2026-09-17T05:29:11.403433285Z,search,scaled,a1cb37b7da6b,200,11.579169
2026-09-17T05:29:11.463557948Z,search,scaled,660681595a5e,200,11.453092
2026-09-17T05:29:11.524019393Z,search,scaled,a1cb37b7da6b,200,11.979207
2026-09-17T05:29:11.58376101Z,search,scaled,348cd506525f,200,12.443454
2026-09-17T05:29:11.644197633Z,search,scaled,a1cb37b7da6b,200,12.852762
2026-09-17T05:29:11.703452718Z,search,scaled,348cd506525f,200,11.545477
2026-09-17T05:29:11.763720601Z,search,scaled,660681595a5e,200,11.717049
2026-09-17T05:29:11.824147503Z,search,scaled,348cd506525f,200,12.779608
2026-09-17T05:29:11.883073298Z,search,scaled,660681595a5e,200,11.334683
2026-09-17T05:29:11.942072169Z,search,scaled,a1cb37b7da6b,200,10.400795
2026-09-17T05:29:12.004012976Z,search,scaled,660681595a5e,200,12.36714
2026-09-17T05:29:12.062009968Z,search,scaled,a1cb37b7da6b,200,10.469694
2026-09-17T05:29:12.122661719Z,search,scaled,348cd506525f,200,10.903106
2026-09-17T05:29:12.184283668Z,search,scaled,a1cb37b7da6b,200,13.15357
2026-09-17T05:29:12.243407707Z,search,scaled,348cd506525f,200,11.544799
2026-09-17T05:29:12.303518457Z,search,scaled,660681595a5e,200,11.418819
2026-09-17T05:29:12.36276565Z,search,scaled,348cd506525f,200,10.676633
2026-09-17T05:29:12.423587397Z,search,scaled,660681595a5e,200,12.180832
2026-09-17T05:29:12.48216694Z,search,scaled,a1cb37b7da6b,200,11.11351
2026-09-17T05:29:12.542921674Z,search,scaled,660681595a5e,200,11.149711
2026-09-17T05:29:12.602703303Z,search,scaled,a1cb37b7da6b,200,11.120243
2026-09-17T05:29:12.662181255Z,search,scaled,348cd506525f,200,10.855083
2026-09-17T05:29:12.723006323Z,search,scaled,a1cb37b7da6b,200,11.30089
2026-09-17T05:29:12.781594346Z,search,scaled,348cd506525f,200,10.4908
2026-09-17T05:29:12.843276565Z,search,scaled,660681595a5e,200,11.807891
2026-09-17T05:29:12.902635175Z,search,scaled,348cd506525f,200,10.71572
2026-09-17T05:29:12.961689185Z,search,scaled,660681595a5e,200,10.563544
2026-09-17T05:29:13.022649768Z,search,scaled,a1cb37b7da6b,200,11.257122
2026-09-17T05:29:13.083271278Z,search,scaled,660681595a5e,200,11.995572
2026-09-17T05:29:13.145060973Z,search,scaled,a1cb37b7da6b,200,13.199713
2026-09-17T05:29:13.201768103Z,search,scaled,348cd506525f,200,9.880424
2026-09-17T05:29:13.262549658Z,search,scaled,a1cb37b7da6b,200,11.179993
2026-09-17T05:29:13.325332064Z,search,scaled,348cd506525f,200,13.848573
2026-09-17T05:29:13.381217194Z,search,scaled,660681595a5e,200,10.016811
2026-09-17T05:29:13.444608937Z,search,scaled,348cd506525f,200,12.805351
2026-09-17T05:29:13.501473456Z,search,scaled,660681595a5e,200,10.246695
2026-09-17T05:29:13.563714318Z,search,scaled,a1cb37b7da6b,200,11.66641
2026-09-17T05:29:13.623084379Z,search,scaled,660681595a5e,200,11.552275
2026-09-17T05:29:13.682499112Z,search,scaled,a1cb37b7da6b,200,10.937579
2026-09-17T05:29:13.743557273Z,search,scaled,348cd506525f,200,12.531103
2026-09-17T05:29:13.80169336Z,search,scaled,a1cb37b7da6b,200,10.454178
2026-09-17T05:29:13.862676008Z,search,scaled,348cd506525f,200,11.509253
2026-09-17T05:29:13.921492603Z,search,scaled,660681595a5e,200,10.462129
2026-09-17T05:29:13.984078327Z,search,scaled,348cd506525f,200,11.981189
2026-09-17T05:29:14.04314096Z,search,scaled,660681595a5e,200,11.349133
2026-09-17T05:29:14.102268945Z,search,scaled,a1cb37b7da6b,200,10.379794
2026-09-17T05:29:14.162513507Z,search,scaled,660681595a5e,200,10.260347
2026-09-17T05:29:14.222891289Z,search,scaled,a1cb37b7da6b,200,10.754678
2026-09-17T05:29:14.281995873Z,search,scaled,348cd506525f,200,10.569606
2026-09-17T05:29:14.342494251Z,search,scaled,a1cb37b7da6b,200,10.725074
2026-09-17T05:29:14.402541622Z,search,scaled,348cd506525f,200,10.431208
2026-09-17T05:29:14.462113554Z,search,scaled,660681595a5e,200,10.781468
2026-09-17T05:29:14.523665255Z,search,scaled,348cd506525f,200,11.830811
2026-09-17T05:29:14.582177034Z,search,scaled,660681595a5e,200,10.974721
2026-09-17T05:29:14.642054116Z,search,scaled,a1cb37b7da6b,200,10.256747
2026-09-17T05:29:14.701709502Z,search,scaled,660681595a5e,200,9.973739
2026-09-17T05:29:14.763223571Z,search,scaled,a1cb37b7da6b,200,11.791638
2026-09-17T05:29:14.822333647Z,search,scaled,348cd506525f,200,10.560076
2026-09-17T05:29:14.881553017Z,search,scaled,a1cb37b7da6b,200,10.459548
2026-09-17T05:29:14.942048215Z,search,scaled,348cd506525f,200,10.600307
2026-09-17T05:29:15.002228424Z,search,scaled,660681595a5e,200,10.6407
2026-09-17T05:29:15.062342379Z,search,scaled,348cd506525f,200,10.525813
2026-09-17T05:29:15.123756512Z,search,scaled,660681595a5e,200,11.878133
2026-09-17T05:29:15.182471704Z,search,scaled,a1cb37b7da6b,200,11.086018
2026-09-17T05:29:15.24178448Z,search,scaled,660681595a5e,200,10.592876
2026-09-17T05:29:15.301779547Z,search,scaled,a1cb37b7da6b,200,10.388293
2026-09-17T05:29:15.362539742Z,search,scaled,348cd506525f,200,11.137221
2026-09-17T05:29:15.422262384Z,search,scaled,a1cb37b7da6b,200,11.085447
2026-09-17T05:29:15.482650834Z,search,scaled,348cd506525f,200,10.776027
2026-09-17T05:29:15.542046626Z,search,scaled,660681595a5e,200,10.584759
2026-09-17T05:29:15.602423078Z,search,scaled,348cd506525f,200,10.856384
2026-09-17T05:29:15.663533711Z,search,scaled,660681595a5e,200,11.636249
2026-09-17T05:29:15.721262603Z,search,scaled,a1cb37b7da6b,200,10.249146
2026-09-17T05:29:15.781751571Z,search,scaled,660681595a5e,200,10.464451
2026-09-17T05:29:15.841227447Z,search,scaled,a1cb37b7da6b,200,9.945158
2026-09-17T05:29:15.90279169Z,search,scaled,348cd506525f,200,10.759086
2026-09-17T05:29:15.963529052Z,search,scaled,a1cb37b7da6b,200,12.239007
2026-09-17T05:29:16.023948816Z,search,scaled,348cd506525f,200,11.78712
2026-09-17T05:29:16.082413691Z,search,scaled,660681595a5e,200,10.839041
2026-09-17T05:29:16.144530447Z,search,scaled,348cd506525f,200,13.340233
2026-09-17T05:29:16.201330122Z,search,scaled,660681595a5e,200,10.027772
2026-09-17T05:29:16.263928196Z,search,scaled,a1cb37b7da6b,200,11.991
2026-09-17T05:29:16.323141518Z,search,scaled,660681595a5e,200,11.780447
2026-09-17T05:29:16.381986802Z,search,scaled,a1cb37b7da6b,200,10.860549
2026-09-17T05:29:16.442287082Z,search,scaled,348cd506525f,200,10.580705
2026-09-17T05:29:16.502983062Z,search,scaled,a1cb37b7da6b,200,11.024762
2026-09-17T05:29:16.563237816Z,search,scaled,348cd506525f,200,11.529435
2026-09-17T05:29:16.622820078Z,search,scaled,660681595a5e,200,11.090236
2026-09-17T05:29:16.683267614Z,search,scaled,348cd506525f,200,11.635689
2026-09-17T05:29:16.742698988Z,search,scaled,660681595a5e,200,10.7976
2026-09-17T05:29:16.802933301Z,search,scaled,a1cb37b7da6b,200,11.640491
2026-09-17T05:29:16.863722115Z,search,scaled,660681595a5e,200,11.976809
2026-09-17T05:29:16.922012921Z,search,scaled,a1cb37b7da6b,200,10.87339
2026-09-17T05:29:16.980943814Z,search,scaled,348cd506525f,200,9.848572
2026-09-17T05:29:17.042189047Z,search,scaled,a1cb37b7da6b,200,10.546103
2026-09-17T05:29:17.101842995Z,search,scaled,348cd506525f,200,10.687013
2026-09-17T05:29:17.162212756Z,search,scaled,660681595a5e,200,10.828712
2026-09-17T05:29:17.222374833Z,search,scaled,348cd506525f,200,10.578765
2026-09-17T05:29:17.282080494Z,search,scaled,660681595a5e,200,10.094846
2026-09-17T05:29:17.344561411Z,search,scaled,a1cb37b7da6b,200,12.910048
2026-09-17T05:29:17.402404599Z,search,scaled,660681595a5e,200,10.288228
2026-09-17T05:29:17.46412758Z,search,scaled,a1cb37b7da6b,200,12.256876
2026-09-17T05:29:17.524691862Z,search,scaled,348cd506525f,200,12.941688
2026-09-17T05:29:17.581005968Z,search,scaled,a1cb37b7da6b,200,9.98151
2026-09-17T05:29:17.643220019Z,search,scaled,348cd506525f,200,11.582876
2026-09-17T05:29:17.70342404Z,search,scaled,660681595a5e,200,11.701265
2026-09-17T05:29:17.762797591Z,search,scaled,348cd506525f,200,10.952649
2026-09-17T05:29:17.823147089Z,search,scaled,660681595a5e,200,11.541263
2026-09-17T05:29:17.883212092Z,search,scaled,a1cb37b7da6b,200,11.554785
2026-09-17T05:29:17.943128885Z,search,scaled,660681595a5e,200,11.144931
2026-09-17T05:29:18.002358081Z,search,scaled,a1cb37b7da6b,200,10.894509
2026-09-17T05:29:18.062678784Z,search,scaled,348cd506525f,200,10.783558
2026-09-17T05:29:18.122404196Z,search,scaled,a1cb37b7da6b,200,11.269348
2026-09-17T05:29:18.181428344Z,search,scaled,348cd506525f,200,10.195142
2026-09-17T05:29:18.242307466Z,search,scaled,660681595a5e,200,10.430306
2026-09-17T05:29:18.301576651Z,search,scaled,348cd506525f,200,10.317302
2026-09-17T05:29:18.363882766Z,search,scaled,660681595a5e,200,11.722664
2026-09-17T05:29:18.422278669Z,search,scaled,a1cb37b7da6b,200,10.831831
2026-09-17T05:29:18.483287538Z,search,scaled,660681595a5e,200,11.519724
2026-09-17T05:29:18.54401661Z,search,scaled,a1cb37b7da6b,200,11.941479
2026-09-17T05:29:18.60206081Z,search,scaled,348cd506525f,200,10.454148
2026-09-17T05:29:18.662806333Z,search,scaled,a1cb37b7da6b,200,11.154872
2026-09-17T05:29:18.72228562Z,search,scaled,348cd506525f,200,10.880345
2026-09-17T05:29:18.781369662Z,search,scaled,660681595a5e,200,10.151419
2026-09-17T05:29:18.842951646Z,search,scaled,348cd506525f,200,11.770829
2026-09-17T05:29:18.901402594Z,search,scaled,660681595a5e,200,11.054976
2026-09-17T05:29:18.960910122Z,search,scaled,a1cb37b7da6b,200,10.988556
2026-09-17T05:29:19.023409205Z,search,scaled,660681595a5e,200,12.90327
2026-09-17T05:29:19.080444241Z,search,scaled,a1cb37b7da6b,200,10.575777
2026-09-17T05:29:19.140834892Z,search,scaled,348cd506525f,200,10.764537
2026-09-17T05:29:19.202678655Z,search,scaled,a1cb37b7da6b,200,12.149405
2026-09-17T05:29:19.262759884Z,search,scaled,348cd506525f,200,12.381595
2026-09-17T05:29:19.323403142Z,search,scaled,660681595a5e,200,12.95597
2026-09-17T05:29:19.383494354Z,search,scaled,348cd506525f,200,13.281227
2026-09-17T05:29:19.442483942Z,search,scaled,660681595a5e,200,12.180361
2026-09-17T05:29:19.501788439Z,search,scaled,a1cb37b7da6b,200,11.509383
2026-09-17T05:29:19.562369751Z,search,scaled,660681595a5e,200,11.982859
2026-09-17T05:29:19.621607153Z,search,scaled,a1cb37b7da6b,200,11.405146
2026-09-17T05:29:19.681928721Z,search,scaled,348cd506525f,200,11.530114
2026-09-17T05:29:19.743001408Z,search,scaled,a1cb37b7da6b,200,12.089651
2026-09-17T05:29:19.801286668Z,search,scaled,348cd506525f,200,10.536743
2026-09-17T05:29:19.861814689Z,search,scaled,660681595a5e,200,11.912251
2026-09-17T05:29:19.92219847Z,search,scaled,348cd506525f,200,11.598142
2026-09-17T05:29:19.980992455Z,search,scaled,660681595a5e,200,10.086676
2026-09-17T05:29:20.042017165Z,search,scaled,a1cb37b7da6b,200,11.465621
2026-09-17T05:29:20.101386205Z,search,scaled,660681595a5e,200,10.764068
2026-09-17T05:29:20.160904854Z,search,scaled,a1cb37b7da6b,200,10.898024
2026-09-17T05:29:20.222479377Z,search,scaled,348cd506525f,200,11.931578
2026-09-17T05:29:20.280701384Z,search,scaled,a1cb37b7da6b,200,10.625405
2026-09-17T05:29:20.341459031Z,search,scaled,348cd506525f,200,10.905325
2026-09-17T05:29:20.402080032Z,search,scaled,660681595a5e,200,11.853351
2026-09-17T05:29:20.461700728Z,search,scaled,348cd506525f,200,11.032748
2026-09-17T05:29:20.522649943Z,search,scaled,660681595a5e,200,12.096759
2026-09-17T05:29:20.581012797Z,search,scaled,a1cb37b7da6b,200,10.89965
2026-09-17T05:29:20.642845275Z,search,scaled,660681595a5e,200,12.224207
2026-09-17T05:29:20.701713056Z,search,scaled,a1cb37b7da6b,200,11.222065
2026-09-17T05:29:20.761903419Z,search,scaled,348cd506525f,200,11.482551
2026-09-17T05:29:20.821640598Z,search,scaled,a1cb37b7da6b,200,11.244383
2026-09-17T05:29:20.881172113Z,search,scaled,348cd506525f,200,10.706392
2026-09-17T05:29:20.941201951Z,search,scaled,660681595a5e,200,10.380197
2026-09-17T05:29:21.001476639Z,search,scaled,348cd506525f,200,10.626632
2026-09-17T05:29:21.061517671Z,search,scaled,660681595a5e,200,11.468095
2026-09-17T05:29:21.122048825Z,search,scaled,a1cb37b7da6b,200,12.004319
2026-09-17T05:29:21.180932466Z,search,scaled,660681595a5e,200,10.299092
2026-09-17T05:29:21.241200044Z,search,scaled,a1cb37b7da6b,200,10.701129
2026-09-17T05:29:21.300543331Z,search,scaled,348cd506525f,200,10.607391
2026-09-17T05:29:21.36074657Z,search,scaled,a1cb37b7da6b,200,10.689941
2026-09-17T05:29:21.421115299Z,search,scaled,348cd506525f,200,10.660964
2026-09-17T05:29:21.481279978Z,search,scaled,660681595a5e,200,10.635383
2026-09-17T05:29:21.542279552Z,search,scaled,348cd506525f,200,12.535611
2026-09-17T05:29:21.600724746Z,search,scaled,660681595a5e,200,10.952033
2026-09-17T05:29:21.660964072Z,search,scaled,a1cb37b7da6b,200,10.629304
2026-09-17T05:29:21.722764103Z,search,scaled,660681595a5e,200,12.259594
2026-09-17T05:29:21.78054096Z,search,scaled,a1cb37b7da6b,200,10.804363
2026-09-17T05:29:21.841511117Z,search,scaled,348cd506525f,200,11.490806
2026-09-17T05:29:21.901910711Z,search,scaled,a1cb37b7da6b,200,11.600393
2026-09-17T05:29:21.961322225Z,search,scaled,348cd506525f,200,10.896299
2026-09-17T05:29:22.020592931Z,search,scaled,660681595a5e,200,10.538767
2026-09-17T05:29:22.081271804Z,search,scaled,348cd506525f,200,11.111924
2026-09-17T05:29:22.141156816Z,search,scaled,660681595a5e,200,11.162756
2026-09-17T05:29:22.201342568Z,search,scaled,a1cb37b7da6b,200,10.546988
2026-09-17T05:29:22.26007889Z,search,scaled,660681595a5e,200,10.208666
2026-09-17T05:29:22.324107471Z,search,scaled,a1cb37b7da6b,200,13.522663
2026-09-17T05:29:22.380750392Z,search,scaled,348cd506525f,200,10.568192
2026-09-17T05:29:22.441347121Z,search,scaled,a1cb37b7da6b,200,10.91595
2026-09-17T05:29:22.500279725Z,search,scaled,348cd506525f,200,10.485706
2026-09-17T05:29:22.561064703Z,search,scaled,660681595a5e,200,11.22727
2026-09-17T05:29:22.622996204Z,search,scaled,348cd506525f,200,12.146047
2026-09-17T05:29:22.684103474Z,search,scaled,660681595a5e,200,13.504121
2026-09-17T05:29:22.741287008Z,search,scaled,a1cb37b7da6b,200,10.475933
2026-09-17T05:29:22.800388303Z,search,scaled,660681595a5e,200,10.550908
2026-09-17T05:29:22.860419675Z,search,scaled,a1cb37b7da6b,200,10.506585
2026-09-17T05:29:22.920278196Z,search,scaled,348cd506525f,200,10.268251
2026-09-17T05:29:22.980469969Z,search,scaled,a1cb37b7da6b,200,10.733018
2026-09-17T05:29:23.041686115Z,search,scaled,348cd506525f,200,11.658466
2026-09-17T05:29:23.102468695Z,search,scaled,660681595a5e,200,12.162158
2026-09-17T05:29:23.161776441Z,search,scaled,348cd506525f,200,11.587302
2026-09-17T05:29:23.221387893Z,search,scaled,660681595a5e,200,10.884484
2026-09-17T05:29:23.280845995Z,search,scaled,a1cb37b7da6b,200,10.90652
2026-09-17T05:29:23.342059391Z,search,scaled,660681595a5e,200,11.415768
2026-09-17T05:29:23.401909161Z,search,scaled,a1cb37b7da6b,200,11.325005
2026-09-17T05:29:23.46155298Z,search,scaled,348cd506525f,200,11.118513
2026-09-17T05:29:23.522293397Z,search,scaled,a1cb37b7da6b,200,11.975707
2026-09-17T05:29:23.580407979Z,search,scaled,348cd506525f,200,10.666435
2026-09-17T05:29:23.64112415Z,search,scaled,660681595a5e,200,11.131955
2026-09-17T05:29:23.702090465Z,search,scaled,348cd506525f,200,11.441623
2026-09-17T05:29:23.761536142Z,search,scaled,660681595a5e,200,10.804155
2026-09-17T05:29:23.821079353Z,search,scaled,a1cb37b7da6b,200,10.952662
2026-09-17T05:29:23.881483109Z,search,scaled,660681595a5e,200,10.75218
2026-09-17T05:29:23.9426096Z,search,scaled,a1cb37b7da6b,200,12.165728
2026-09-17T05:29:24.001133057Z,search,scaled,348cd506525f,200,10.300762
2026-09-17T05:29:24.062275619Z,search,scaled,a1cb37b7da6b,200,11.311215
2026-09-17T05:29:24.121297669Z,search,scaled,348cd506525f,200,10.501685
2026-09-17T05:29:24.180381841Z,search,scaled,660681595a5e,200,10.609622
2026-09-17T05:29:24.241098127Z,search,scaled,348cd506525f,200,10.995525
2026-09-17T05:29:24.301047815Z,search,scaled,660681595a5e,200,10.298002
2026-09-17T05:29:24.361713807Z,search,scaled,a1cb37b7da6b,200,10.873639
2026-09-17T05:29:24.422080349Z,search,scaled,660681595a5e,200,12.202101
2026-09-17T05:29:24.481082442Z,search,scaled,a1cb37b7da6b,200,10.51066
2026-09-17T05:29:24.542524738Z,search,scaled,348cd506525f,200,12.714902
2026-09-17T05:29:24.600370423Z,search,scaled,a1cb37b7da6b,200,10.162764
2026-09-17T05:29:24.659890594Z,search,scaled,348cd506525f,200,9.990642
2026-09-17T05:29:24.721562489Z,search,scaled,660681595a5e,200,11.011866
2026-09-17T05:29:24.782145667Z,search,scaled,348cd506525f,200,12.052373
2026-09-17T05:29:24.841312899Z,search,scaled,660681595a5e,200,10.579674
2026-09-17T05:29:24.90339119Z,search,scaled,a1cb37b7da6b,200,12.788332
2026-09-17T05:29:24.960668096Z,search,scaled,660681595a5e,200,10.403259
2026-09-17T05:29:25.021519958Z,search,scaled,a1cb37b7da6b,200,11.14639
2026-09-17T05:29:25.081393051Z,search,scaled,348cd506525f,200,11.23125
2026-09-17T05:29:25.140869329Z,search,scaled,a1cb37b7da6b,200,10.850976
2026-09-17T05:29:25.202275078Z,search,scaled,348cd506525f,200,11.740633
2026-09-17T05:29:25.260640705Z,search,scaled,660681595a5e,200,10.511395
2026-09-17T05:29:25.321340129Z,search,scaled,348cd506525f,200,11.082711
2026-09-17T05:29:25.380439784Z,search,scaled,660681595a5e,200,10.603581
2026-09-17T05:29:25.440665408Z,search,scaled,a1cb37b7da6b,200,10.656275
2026-09-17T05:29:25.501189191Z,search,scaled,660681595a5e,200,10.738439
2026-09-17T05:29:25.560785932Z,search,scaled,a1cb37b7da6b,200,10.67037
2026-09-17T05:29:25.62106435Z,search,scaled,348cd506525f,200,10.594767
2026-09-17T05:29:25.680935616Z,search,scaled,a1cb37b7da6b,200,10.375492
2026-09-17T05:29:25.741156801Z,search,scaled,348cd506525f,200,10.574429
2026-09-17T05:29:25.802006515Z,search,scaled,660681595a5e,200,11.260272
2026-09-17T05:29:25.86290211Z,search,scaled,348cd506525f,200,12.248264
2026-09-17T05:29:25.921491133Z,search,scaled,660681595a5e,200,11.053748
2026-09-17T05:29:25.980966841Z,search,scaled,a1cb37b7da6b,200,10.852806
2026-09-17T05:29:26.041773182Z,search,scaled,660681595a5e,200,11.026249
2026-09-17T05:29:26.103870362Z,search,scaled,a1cb37b7da6b,200,13.437847
2026-09-17T05:29:26.161461929Z,search,scaled,348cd506525f,200,10.940967
2026-09-17T05:29:26.221351727Z,search,scaled,a1cb37b7da6b,200,11.496967
2026-09-17T05:29:26.283104095Z,search,scaled,348cd506525f,200,13.220934
2026-09-17T05:29:26.343576986Z,search,scaled,660681595a5e,200,12.708442
2026-09-17T05:29:26.401196988Z,search,scaled,348cd506525f,200,10.987955
2026-09-17T05:29:26.462943118Z,search,scaled,660681595a5e,200,12.134298
2026-09-17T05:29:26.521965006Z,search,scaled,a1cb37b7da6b,200,11.39835
2026-09-17T05:29:26.581170488Z,search,scaled,660681595a5e,200,11.265902
2026-09-17T05:29:26.642538554Z,search,scaled,a1cb37b7da6b,200,11.879421
2026-09-17T05:29:26.702673411Z,search,scaled,348cd506525f,200,12.451836
2026-09-17T05:29:26.763242794Z,search,scaled,a1cb37b7da6b,200,12.892349
2026-09-17T05:29:26.822282539Z,search,scaled,348cd506525f,200,11.370889
2026-09-17T05:29:26.880593564Z,search,scaled,660681595a5e,200,10.816855
2026-09-17T05:29:26.941672461Z,search,scaled,348cd506525f,200,11.473955
2026-09-17T05:29:27.005250275Z,search,scaled,660681595a5e,200,15.044797
2026-09-17T05:29:27.061717506Z,search,scaled,a1cb37b7da6b,200,11.924864
2026-09-17T05:29:27.122489913Z,search,scaled,660681595a5e,200,12.139026
2026-09-17T05:29:27.180993461Z,search,scaled,a1cb37b7da6b,200,10.992695
2026-09-17T05:29:27.24321066Z,search,scaled,348cd506525f,200,12.652698
2026-09-17T05:29:27.303577614Z,search,scaled,a1cb37b7da6b,200,12.81397
2026-09-17T05:29:27.36289921Z,search,scaled,348cd506525f,200,12.720323
2026-09-17T05:29:27.4217462Z,search,scaled,660681595a5e,200,11.297565
2026-09-17T05:29:27.481862462Z,search,scaled,348cd506525f,200,11.574036
2026-09-17T05:29:27.541629042Z,search,scaled,660681595a5e,200,11.194717
2026-09-17T05:29:27.601521766Z,search,scaled,a1cb37b7da6b,200,11.24384
2026-09-17T05:29:27.661716049Z,search,scaled,660681595a5e,200,11.631815
2026-09-17T05:29:27.721590472Z,search,scaled,a1cb37b7da6b,200,11.406092
2026-09-17T05:29:27.781069559Z,search,scaled,348cd506525f,200,10.92355
2026-09-17T05:29:27.841503777Z,search,scaled,a1cb37b7da6b,200,10.767251
2026-09-17T05:29:27.901249842Z,search,scaled,348cd506525f,200,10.996826
2026-09-17T05:29:27.962386648Z,search,scaled,660681595a5e,200,11.358934
2026-09-17T05:29:28.021242712Z,search,scaled,348cd506525f,200,11.364359
2026-09-17T05:29:28.081255244Z,search,scaled,660681595a5e,200,10.486433
2026-09-17T05:29:28.141922886Z,search,scaled,a1cb37b7da6b,200,10.934193
2026-09-17T05:29:28.201026529Z,search,scaled,660681595a5e,200,10.521366
2026-09-17T05:29:28.261104805Z,search,scaled,a1cb37b7da6b,200,10.490534
2026-09-17T05:29:28.321825971Z,search,scaled,348cd506525f,200,11.884632
2026-09-17T05:29:28.38092235Z,search,scaled,a1cb37b7da6b,200,10.87824
2026-09-17T05:29:28.440915307Z,search,scaled,348cd506525f,200,10.483653
2026-09-17T05:29:28.502413109Z,search,scaled,660681595a5e,200,11.973746
2026-09-17T05:29:28.563318863Z,search,scaled,348cd506525f,200,13.27829
2026-09-17T05:29:28.621140224Z,search,scaled,660681595a5e,200,11.255294
2026-09-17T05:29:28.683066793Z,search,scaled,a1cb37b7da6b,200,12.423297
2026-09-17T05:29:28.741541414Z,search,scaled,660681595a5e,200,10.708628
2026-09-17T05:29:28.801037269Z,search,scaled,a1cb37b7da6b,200,10.566028
2026-09-17T05:29:28.861322885Z,search,scaled,348cd506525f,200,10.802944
2026-09-17T05:29:28.921235263Z,search,scaled,a1cb37b7da6b,200,11.270354
2026-09-17T05:29:28.981940864Z,search,scaled,348cd506525f,200,11.157831
2026-09-17T05:29:29.041240112Z,search,scaled,660681595a5e,200,10.486073
2026-09-17T05:29:29.102531793Z,search,scaled,348cd506525f,200,11.656429
2026-09-17T05:29:29.160894826Z,search,scaled,660681595a5e,200,10.801215
2026-09-17T05:29:29.221563766Z,search,scaled,a1cb37b7da6b,200,11.091511
2026-09-17T05:29:29.281539491Z,search,scaled,660681595a5e,200,11.187107
2026-09-17T05:29:29.340992135Z,search,scaled,a1cb37b7da6b,200,10.638648
2026-09-17T05:29:29.402109923Z,search,scaled,348cd506525f,200,11.336429
2026-09-17T05:29:29.460704181Z,search,scaled,a1cb37b7da6b,200,10.097908
2026-09-17T05:29:29.521167039Z,search,scaled,348cd506525f,200,10.694716
2026-09-17T05:29:29.58163065Z,search,scaled,660681595a5e,200,10.900994
2026-09-17T05:29:29.641295013Z,search,scaled,348cd506525f,200,10.876649
2026-09-17T05:29:29.701464341Z,search,scaled,660681595a5e,200,11.660199
2026-09-17T05:29:29.760162926Z,search,scaled,a1cb37b7da6b,200,10.076267
2026-09-17T05:29:29.82186117Z,search,scaled,660681595a5e,200,11.148025
2026-09-17T05:29:29.882249744Z,search,scaled,a1cb37b7da6b,200,11.788037
2026-09-17T05:29:29.941298921Z,search,scaled,348cd506525f,200,10.485164
2026-09-17T05:29:30.000287614Z,search,scaled,a1cb37b7da6b,200,10.385186
2026-09-17T05:29:30.06358956Z,search,scaled,348cd506525f,200,12.619793
2026-09-17T05:29:30.120790371Z,search,scaled,660681595a5e,200,10.5901
2026-09-17T05:29:30.180726075Z,search,scaled,348cd506525f,200,10.836307
2026-09-17T05:29:30.241080344Z,search,scaled,660681595a5e,200,10.677765
2026-09-17T05:29:30.301023158Z,search,scaled,a1cb37b7da6b,200,10.426049
2026-09-17T05:29:30.362047251Z,search,scaled,660681595a5e,200,11.482387
2026-09-17T05:29:30.421430709Z,search,scaled,a1cb37b7da6b,200,10.661456
2026-09-17T05:29:30.480823708Z,search,scaled,348cd506525f,200,10.617191
2026-09-17T05:29:30.541671439Z,search,scaled,a1cb37b7da6b,200,11.256671
2026-09-17T05:29:30.601031425Z,search,scaled,348cd506525f,200,10.803663
2026-09-17T05:29:30.660747906Z,search,scaled,660681595a5e,200,9.940951
2026-09-17T05:29:30.722247299Z,search,scaled,348cd506525f,200,11.647917
2026-09-17T05:29:30.781006027Z,search,scaled,660681595a5e,200,10.195435
2026-09-17T05:29:30.841642815Z,search,scaled,a1cb37b7da6b,200,11.058169
2026-09-17T05:29:30.903444907Z,search,scaled,660681595a5e,200,13.09358
2026-09-17T05:29:30.960903374Z,search,scaled,a1cb37b7da6b,200,10.782853
2026-09-17T05:29:31.021943467Z,search,scaled,348cd506525f,200,11.597123
2026-09-17T05:29:31.083086446Z,search,scaled,a1cb37b7da6b,200,13.248168
2026-09-17T05:29:31.140645009Z,search,scaled,348cd506525f,200,9.897366
2026-09-17T05:29:31.203975448Z,search,scaled,660681595a5e,200,13.713399
2026-09-17T05:29:31.261552117Z,search,scaled,348cd506525f,200,10.939377
2026-09-17T05:29:31.321596082Z,search,scaled,660681595a5e,200,11.23928
2026-09-17T05:29:31.380603507Z,search,scaled,a1cb37b7da6b,200,10.532647
2026-09-17T05:29:31.440566833Z,search,scaled,660681595a5e,200,10.357917
2026-09-17T05:29:31.500757492Z,search,scaled,a1cb37b7da6b,200,10.699017
2026-09-17T05:29:31.562838861Z,search,scaled,348cd506525f,200,12.329709
2026-09-17T05:29:31.621125509Z,search,scaled,a1cb37b7da6b,200,10.640603
2026-09-17T05:29:31.682291392Z,search,scaled,348cd506525f,200,11.667149
2026-09-17T05:29:31.740670337Z,search,scaled,660681595a5e,200,10.58164
2026-09-17T05:29:31.800734988Z,search,scaled,348cd506525f,200,10.581859
2026-09-17T05:29:31.861554417Z,search,scaled,660681595a5e,200,11.14649
2026-09-17T05:29:31.920967879Z,search,scaled,a1cb37b7da6b,200,10.894751
2026-09-17T05:29:31.980154304Z,search,scaled,660681595a5e,200,10.349796
2026-09-17T05:29:32.041841118Z,search,scaled,a1cb37b7da6b,200,10.963072
2026-09-17T05:29:32.101483053Z,search,scaled,348cd506525f,200,11.211389
2026-09-17T05:29:32.160189979Z,search,scaled,a1cb37b7da6b,200,10.198285
2026-09-17T05:29:32.221928417Z,search,scaled,348cd506525f,200,11.1254
2026-09-17T05:29:32.280897789Z,search,scaled,660681595a5e,200,10.321793
2026-09-17T05:29:32.341655308Z,search,scaled,348cd506525f,200,11.097337
2026-09-17T05:29:32.402799101Z,search,scaled,660681595a5e,200,12.230931
2026-09-17T05:29:32.462279364Z,search,scaled,a1cb37b7da6b,200,12.123243
2026-09-17T05:29:32.521561791Z,search,scaled,660681595a5e,200,10.804323
2026-09-17T05:29:32.581321859Z,search,scaled,a1cb37b7da6b,200,10.954294
2026-09-17T05:29:32.641754523Z,search,scaled,348cd506525f,200,10.906295
2026-09-17T05:29:32.700903312Z,search,scaled,a1cb37b7da6b,200,10.799015
2026-09-17T05:29:32.761254641Z,search,scaled,348cd506525f,200,10.696906
2026-09-17T05:29:32.822117963Z,search,scaled,660681595a5e,200,11.300515
2026-09-17T05:29:32.88304995Z,search,scaled,348cd506525f,200,13.28086
2026-09-17T05:29:32.940896392Z,search,scaled,660681595a5e,200,10.314474
2026-09-17T05:29:33.001164341Z,search,scaled,a1cb37b7da6b,200,10.429926
2026-09-17T05:29:33.061573229Z,search,scaled,660681595a5e,200,10.949743
2026-09-17T05:29:33.122299932Z,search,scaled,a1cb37b7da6b,200,12.166409
2026-09-17T05:29:33.18149267Z,search,scaled,348cd506525f,200,11.659618
2026-09-17T05:29:33.240086658Z,search,scaled,a1cb37b7da6b,200,9.987364
2026-09-17T05:29:33.301568899Z,search,scaled,348cd506525f,200,10.748419
2026-09-17T05:29:33.360832974Z,search,scaled,660681595a5e,200,10.712632
2026-09-17T05:29:33.421736645Z,search,scaled,348cd506525f,200,11.259633
2026-09-17T05:29:33.480368546Z,search,scaled,660681595a5e,200,10.222818
2026-09-17T05:29:33.540700273Z,search,scaled,a1cb37b7da6b,200,10.736625
2026-09-17T05:29:33.602454821Z,search,scaled,660681595a5e,200,11.982028
2026-09-17T05:29:33.661268524Z,search,scaled,a1cb37b7da6b,200,11.464056
2026-09-17T05:29:33.721125243Z,search,scaled,348cd506525f,200,10.934103
2026-09-17T05:29:33.781168353Z,search,scaled,a1cb37b7da6b,200,10.60313
2026-09-17T05:29:33.840833949Z,search,scaled,348cd506525f,200,10.186044
2026-09-17T05:29:33.901406677Z,search,scaled,660681595a5e,200,10.951568
2026-09-17T05:29:33.960641803Z,search,scaled,348cd506525f,200,10.630584
2026-09-17T05:29:34.020730175Z,search,scaled,660681595a5e,200,10.539558
2026-09-17T05:29:34.081460228Z,search,scaled,a1cb37b7da6b,200,11.162595
2026-09-17T05:29:34.141140896Z,search,scaled,660681595a5e,200,10.890169
2026-09-17T05:29:34.201155875Z,search,scaled,a1cb37b7da6b,200,11.05368
2026-09-17T05:29:34.262587939Z,search,scaled,348cd506525f,200,11.804824
2026-09-17T05:29:34.321909842Z,search,scaled,a1cb37b7da6b,200,11.578538
2026-09-17T05:29:34.382413646Z,search,scaled,348cd506525f,200,11.881341
2026-09-17T05:29:34.442912631Z,search,scaled,660681595a5e,200,12.885752
2026-09-17T05:29:34.50443088Z,search,scaled,348cd506525f,200,13.658915
2026-09-17T05:29:34.560411613Z,search,scaled,660681595a5e,200,10.403203
2026-09-17T05:29:34.622452519Z,search,scaled,a1cb37b7da6b,200,12.316114
2026-09-17T05:29:34.682186311Z,search,scaled,660681595a5e,200,12.214164
2026-09-17T05:29:34.743393144Z,search,scaled,a1cb37b7da6b,200,12.435743
2026-09-17T05:29:34.801678033Z,search,scaled,348cd506525f,200,11.508133
2026-09-17T05:29:34.863762902Z,search,scaled,a1cb37b7da6b,200,13.394887
2026-09-17T05:29:34.921385779Z,search,scaled,348cd506525f,200,10.998195
2026-09-17T05:29:34.981118661Z,search,scaled,660681595a5e,200,11.063462
2026-09-17T05:29:35.041792861Z,search,scaled,348cd506525f,200,10.952944
2026-09-17T05:29:35.103176555Z,search,scaled,660681595a5e,200,12.782448
2026-09-17T05:29:35.162078563Z,search,scaled,a1cb37b7da6b,200,11.407351
2026-09-17T05:29:35.222111874Z,search,scaled,660681595a5e,200,11.484348
2026-09-17T05:29:35.281670673Z,search,scaled,a1cb37b7da6b,200,11.059691
2026-09-17T05:29:35.340967666Z,search,scaled,348cd506525f,200,10.811224
2026-09-17T05:29:35.401724601Z,search,scaled,a1cb37b7da6b,200,10.911
2026-09-17T05:29:35.461295452Z,search,scaled,348cd506525f,200,11.051379
2026-09-17T05:29:35.523613966Z,search,scaled,660681595a5e,200,12.780845
2026-09-17T05:29:35.582325331Z,search,scaled,348cd506525f,200,12.02738
2026-09-17T05:29:35.640801973Z,search,scaled,660681595a5e,200,10.981655
2026-09-17T05:29:35.702929776Z,search,scaled,a1cb37b7da6b,200,12.330551
2026-09-17T05:29:35.762348996Z,search,scaled,660681595a5e,200,11.685491
2026-09-17T05:29:35.820330016Z,search,scaled,a1cb37b7da6b,200,10.42621
2026-09-17T05:29:35.881646136Z,search,scaled,348cd506525f,200,11.77347
2026-09-17T05:29:35.941792862Z,search,scaled,a1cb37b7da6b,200,11.672427
2026-09-17T05:29:36.001635831Z,search,scaled,348cd506525f,200,11.323318
2026-09-17T05:29:36.060409491Z,search,scaled,660681595a5e,200,10.137138
2026-09-17T05:29:36.120987295Z,search,scaled,348cd506525f,200,11.022468
2026-09-17T05:29:36.181704937Z,search,scaled,660681595a5e,200,11.088641
2026-09-17T05:29:36.241668483Z,search,scaled,a1cb37b7da6b,200,11.440015
2026-09-17T05:29:36.302171192Z,search,scaled,660681595a5e,200,11.941307
2026-09-17T05:29:36.36103802Z,search,scaled,a1cb37b7da6b,200,10.384717
2026-09-17T05:29:36.42326583Z,search,scaled,348cd506525f,200,12.664671
2026-09-17T05:29:36.481882257Z,search,scaled,a1cb37b7da6b,200,11.882639
2026-09-17T05:29:36.54071824Z,search,scaled,348cd506525f,200,10.452581
2026-09-17T05:29:36.60133314Z,search,scaled,660681595a5e,200,10.797616
2026-09-17T05:29:36.661012883Z,search,scaled,348cd506525f,200,11.207008
2026-09-17T05:29:36.721481837Z,search,scaled,660681595a5e,200,11.008884
2026-09-17T05:29:36.780613679Z,search,scaled,a1cb37b7da6b,200,10.370175
2026-09-17T05:29:36.840442966Z,search,scaled,660681595a5e,200,10.285709
2026-09-17T05:29:36.900980766Z,search,scaled,a1cb37b7da6b,200,10.91437
2026-09-17T05:29:36.961170626Z,search,scaled,348cd506525f,200,10.342124
2026-09-17T05:29:37.021846805Z,search,scaled,a1cb37b7da6b,200,11.181325
2026-09-17T05:29:37.082404789Z,search,scaled,348cd506525f,200,11.853669
2026-09-17T05:29:37.141835219Z,search,scaled,660681595a5e,200,12.014868
2026-09-17T05:29:37.201453092Z,search,scaled,348cd506525f,200,10.929565
2026-09-17T05:29:37.260545252Z,search,scaled,660681595a5e,200,10.554055
2026-09-17T05:29:37.321059717Z,search,scaled,a1cb37b7da6b,200,10.665025
2026-09-17T05:29:37.380381796Z,search,scaled,660681595a5e,200,10.348624
2026-09-17T05:29:37.441693625Z,search,scaled,a1cb37b7da6b,200,11.746671
2026-09-17T05:29:37.501579314Z,search,scaled,348cd506525f,200,11.144004
2026-09-17T05:29:37.560749509Z,search,scaled,a1cb37b7da6b,200,10.612721
2026-09-17T05:29:37.621028777Z,search,scaled,348cd506525f,200,10.538641
2026-09-17T05:29:37.682718957Z,search,scaled,660681595a5e,200,12.105733
2026-09-17T05:29:37.741340229Z,search,scaled,348cd506525f,200,10.996379
2026-09-17T05:29:37.801913048Z,search,scaled,660681595a5e,200,11.754653
2026-09-17T05:29:37.861951117Z,search,scaled,a1cb37b7da6b,200,11.455078
2026-09-17T05:29:37.921930403Z,search,scaled,660681595a5e,200,11.136374
2026-09-17T05:29:37.98114557Z,search,scaled,a1cb37b7da6b,200,10.931489
2026-09-17T05:29:38.041491538Z,search,scaled,348cd506525f,200,10.846185
2026-09-17T05:29:38.100749139Z,search,scaled,a1cb37b7da6b,200,10.736737
2026-09-17T05:29:38.161183593Z,search,scaled,348cd506525f,200,10.737788
2026-09-17T05:29:38.221576011Z,search,scaled,660681595a5e,200,10.922985
2026-09-17T05:29:38.280889218Z,search,scaled,348cd506525f,200,10.755268
2026-09-17T05:29:38.341471214Z,search,scaled,660681595a5e,200,10.939272
2026-09-17T05:29:38.400741404Z,search,scaled,a1cb37b7da6b,200,10.522973
2026-09-17T05:29:38.462251015Z,search,scaled,660681595a5e,200,11.926483
2026-09-17T05:29:38.519760672Z,search,scaled,a1cb37b7da6b,200,9.877909
2026-09-17T05:29:38.581446878Z,search,scaled,348cd506525f,200,11.601401
2026-09-17T05:29:38.642595979Z,search,scaled,a1cb37b7da6b,200,12.556593
2026-09-17T05:29:38.701653606Z,search,scaled,348cd506525f,200,10.832868
2026-09-17T05:29:38.761705857Z,search,scaled,660681595a5e,200,11.22221
2026-09-17T05:29:38.822191404Z,search,scaled,348cd506525f,200,11.751741
2026-09-17T05:29:38.881375419Z,search,scaled,660681595a5e,200,10.519944
2026-09-17T05:29:38.941279991Z,search,scaled,a1cb37b7da6b,200,11.020615
2026-09-17T05:29:39.003477256Z,search,scaled,660681595a5e,200,12.557613
2026-09-17T05:29:39.06135258Z,search,scaled,a1cb37b7da6b,200,11.159785
2026-09-17T05:29:39.12045919Z,search,scaled,348cd506525f,200,10.602929
2026-09-17T05:29:39.182847659Z,search,scaled,a1cb37b7da6b,200,11.802266
2026-09-17T05:29:39.24245606Z,search,scaled,348cd506525f,200,11.671601
2026-09-17T05:29:39.301345997Z,search,scaled,660681595a5e,200,11.032627
2026-09-17T05:29:39.360211622Z,search,scaled,348cd506525f,200,10.295709
2026-09-17T05:29:39.422389756Z,search,scaled,660681595a5e,200,11.432531
2026-09-17T05:29:39.480795023Z,search,scaled,a1cb37b7da6b,200,10.835855
2026-09-17T05:29:39.541360565Z,search,scaled,660681595a5e,200,10.983193
2026-09-17T05:29:39.600605445Z,search,scaled,a1cb37b7da6b,200,10.435749
2026-09-17T05:29:39.660605982Z,search,scaled,348cd506525f,200,10.217594
2026-09-17T05:29:39.721315794Z,search,scaled,a1cb37b7da6b,200,11.013176
2026-09-17T05:29:39.78159821Z,search,scaled,348cd506525f,200,11.669787
2026-09-17T05:29:39.841423775Z,search,scaled,660681595a5e,200,11.280781
2026-09-17T05:29:39.902686363Z,search,scaled,348cd506525f,200,12.571475
2026-09-17T05:29:39.961374756Z,search,scaled,660681595a5e,200,11.158644
2026-09-17T05:29:40.0260721Z,search,scaled,a1cb37b7da6b,200,16.261937
2026-09-17T05:29:40.080614302Z,search,scaled,660681595a5e,200,9.893169
2026-09-17T05:29:40.141312924Z,search,scaled,a1cb37b7da6b,200,10.962787
2026-09-17T05:29:40.200691041Z,search,scaled,348cd506525f,200,10.861186
2026-09-17T05:29:40.261535531Z,search,scaled,a1cb37b7da6b,200,10.856419
2026-09-17T05:29:40.320748593Z,search,scaled,348cd506525f,200,10.733441
2026-09-17T05:29:40.382756682Z,search,scaled,660681595a5e,200,11.851888
2026-09-17T05:29:40.441058421Z,search,scaled,348cd506525f,200,10.720996
2026-09-17T05:29:40.502787908Z,search,scaled,660681595a5e,200,12.102133
2026-09-17T05:29:40.560523282Z,search,scaled,a1cb37b7da6b,200,10.174113
2026-09-17T05:29:40.621320155Z,search,scaled,660681595a5e,200,11.002712
2026-09-17T05:29:40.682993421Z,search,scaled,a1cb37b7da6b,200,12.005423
2026-09-17T05:29:40.741902941Z,search,scaled,348cd506525f,200,11.45728
2026-09-17T05:29:40.800906224Z,search,scaled,a1cb37b7da6b,200,10.245256
2026-09-17T05:29:40.861787766Z,search,scaled,348cd506525f,200,11.138143
2026-09-17T05:29:40.920977303Z,search,scaled,660681595a5e,200,10.575922
2026-09-17T05:29:40.980555803Z,search,scaled,348cd506525f,200,10.513425
2026-09-17T05:29:41.041393133Z,search,scaled,660681595a5e,200,11.167766
2026-09-17T05:29:41.100702366Z,search,scaled,a1cb37b7da6b,200,10.530844
2026-09-17T05:29:41.161529066Z,search,scaled,660681595a5e,200,11.197372
2026-09-17T05:29:41.222376016Z,search,scaled,a1cb37b7da6b,200,12.320068
2026-09-17T05:29:41.281923394Z,search,scaled,348cd506525f,200,12.128455
2026-09-17T05:29:41.341555403Z,search,scaled,a1cb37b7da6b,200,10.957895
2026-09-17T05:29:41.401140978Z,search,scaled,348cd506525f,200,10.976762
2026-09-17T05:29:41.461208261Z,search,scaled,660681595a5e,200,10.094892
2026-09-17T05:29:41.522457161Z,search,scaled,348cd506525f,200,11.560764
2026-09-17T05:29:41.580363931Z,search,scaled,660681595a5e,200,10.189144
2026-09-17T05:29:41.641387167Z,search,scaled,a1cb37b7da6b,200,11.400154
2026-09-17T05:29:41.701544689Z,search,scaled,660681595a5e,200,11.72622
2026-09-17T05:29:41.762268652Z,search,scaled,a1cb37b7da6b,200,12.104009
2026-09-17T05:29:41.82054679Z,search,scaled,348cd506525f,200,10.743757
2026-09-17T05:29:41.881321977Z,search,scaled,a1cb37b7da6b,200,11.053564
2026-09-17T05:29:41.94158516Z,search,scaled,348cd506525f,200,11.57785
2026-09-17T05:29:42.001569703Z,search,scaled,660681595a5e,200,11.365215
2026-09-17T05:29:42.061066551Z,search,scaled,348cd506525f,200,10.878096
2026-09-17T05:29:42.122182068Z,search,scaled,660681595a5e,200,11.397844
2026-09-17T05:29:42.180436006Z,search,scaled,a1cb37b7da6b,200,10.62906
2026-09-17T05:29:42.242343588Z,search,scaled,660681595a5e,200,12.229057
2026-09-17T05:29:42.301304055Z,search,scaled,a1cb37b7da6b,200,11.211928
2026-09-17T05:29:42.363061828Z,search,scaled,348cd506525f,200,13.188338
2026-09-17T05:29:42.424178909Z,search,scaled,a1cb37b7da6b,200,13.593438
2026-09-17T05:29:42.483360365Z,search,scaled,348cd506525f,200,12.716658
2026-09-17T05:29:42.542298694Z,search,scaled,660681595a5e,200,12.21311
2026-09-17T05:29:42.605621892Z,search,scaled,348cd506525f,200,15.313712
2026-09-17T05:29:42.663151683Z,search,scaled,660681595a5e,200,12.816393
2026-09-17T05:29:42.722017554Z,search,scaled,a1cb37b7da6b,200,11.394496
2026-09-17T05:29:42.785773462Z,search,scaled,660681595a5e,200,15.045709
2026-09-17T05:29:42.842269437Z,search,scaled,a1cb37b7da6b,200,11.792164
2026-09-17T05:29:42.902901245Z,search,scaled,348cd506525f,200,12.857321
2026-09-17T05:29:42.961569908Z,search,scaled,a1cb37b7da6b,200,10.935671
2026-09-17T05:29:43.02116718Z,search,scaled,348cd506525f,200,11.006945
2026-09-17T05:29:43.085429196Z,search,scaled,660681595a5e,200,14.588371
2026-09-17T05:29:43.142378271Z,search,scaled,348cd506525f,200,12.365311
2026-09-17T05:29:43.203750634Z,search,scaled,660681595a5e,200,13.526864
2026-09-17T05:29:43.260858678Z,search,scaled,a1cb37b7da6b,200,10.476862
2026-09-17T05:29:43.322214051Z,search,scaled,660681595a5e,200,11.703898
2026-09-17T05:29:43.386170147Z,search,scaled,a1cb37b7da6b,200,16.304059
2026-09-17T05:29:43.442863436Z,search,scaled,348cd506525f,200,12.212182
2026-09-17T05:29:43.502775127Z,search,scaled,a1cb37b7da6b,200,12.206391
2026-09-17T05:29:43.562347128Z,search,scaled,348cd506525f,200,11.537074
2026-09-17T05:29:43.621668736Z,search,scaled,660681595a5e,200,11.758876
2026-09-17T05:29:43.681596493Z,search,scaled,348cd506525f,200,11.456778
2026-09-17T05:29:43.742771875Z,search,scaled,660681595a5e,200,12.341874
2026-09-17T05:29:43.803574802Z,search,scaled,a1cb37b7da6b,200,13.31271
2026-09-17T05:29:43.860460443Z,search,scaled,660681595a5e,200,10.288731
2026-09-17T05:29:43.922123004Z,search,scaled,a1cb37b7da6b,200,12.102859
2026-09-17T05:29:43.981854576Z,search,scaled,348cd506525f,200,11.755094
2026-09-17T05:29:44.042326662Z,search,scaled,a1cb37b7da6b,200,11.867878
2026-09-17T05:29:44.103736497Z,search,scaled,348cd506525f,200,13.705175
2026-09-17T05:29:44.161239787Z,search,scaled,660681595a5e,200,10.78422
2026-09-17T05:29:44.225069416Z,search,scaled,348cd506525f,200,14.174525
2026-09-17T05:29:44.281365749Z,search,scaled,660681595a5e,200,10.722357
2026-09-17T05:29:44.340738341Z,search,scaled,a1cb37b7da6b,200,10.62103
2026-09-17T05:29:44.402421175Z,search,scaled,660681595a5e,200,12.075575
2026-09-17T05:29:44.460970355Z,search,scaled,a1cb37b7da6b,200,10.85286
2026-09-17T05:29:44.523224383Z,search,scaled,348cd506525f,200,12.41216
2026-09-17T05:29:44.581205808Z,search,scaled,a1cb37b7da6b,200,10.891081
2026-09-17T05:29:44.64139171Z,search,scaled,348cd506525f,200,10.495852
2026-09-17T05:29:44.700745899Z,search,scaled,660681595a5e,200,10.720481
2026-09-17T05:29:44.761194546Z,search,scaled,348cd506525f,200,10.919373
2026-09-17T05:29:44.821278191Z,search,scaled,660681595a5e,200,10.476527
2026-09-17T05:29:44.881169854Z,search,scaled,a1cb37b7da6b,200,10.296714
2026-09-17T05:29:44.941374706Z,search,scaled,660681595a5e,200,10.705019
2026-09-17T05:29:45.001529026Z,search,scaled,a1cb37b7da6b,200,11.585255
2026-09-17T05:29:45.061536425Z,search,scaled,348cd506525f,200,11.300567
2026-09-17T05:29:45.120790398Z,search,scaled,a1cb37b7da6b,200,10.780055
2026-09-17T05:29:45.180746416Z,search,scaled,348cd506525f,200,10.593817
2026-09-17T05:29:45.241438128Z,search,scaled,660681595a5e,200,11.118005
2026-09-17T05:29:45.300809129Z,search,scaled,348cd506525f,200,10.461575
2026-09-17T05:29:45.360877922Z,search,scaled,660681595a5e,200,10.193752
2026-09-17T05:29:45.42216686Z,search,scaled,a1cb37b7da6b,200,11.389332
2026-09-17T05:29:45.480987897Z,search,scaled,660681595a5e,200,10.284315
2026-09-17T05:29:45.541020704Z,search,scaled,a1cb37b7da6b,200,10.325951
2026-09-17T05:29:45.602333179Z,search,scaled,348cd506525f,200,11.725342
2026-09-17T05:29:45.661011118Z,search,scaled,a1cb37b7da6b,200,11.178189
2026-09-17T05:29:45.722166619Z,search,scaled,348cd506525f,200,11.398349
2026-09-17T05:29:45.785948922Z,search,scaled,660681595a5e,200,15.329831
2026-09-17T05:29:45.841527148Z,search,scaled,348cd506525f,200,11.074214
2026-09-17T05:29:45.902405121Z,search,scaled,660681595a5e,200,12.246724
2026-09-17T05:29:45.960517515Z,search,scaled,a1cb37b7da6b,200,10.727506
2026-09-17T05:29:46.02132Z,search,scaled,660681595a5e,200,11.253441
2026-09-17T05:29:46.081927551Z,search,scaled,a1cb37b7da6b,200,11.877263
2026-09-17T05:29:46.141260439Z,search,scaled,348cd506525f,200,10.668663
2026-09-17T05:29:46.201616651Z,search,scaled,a1cb37b7da6b,200,11.316807
2026-09-17T05:29:46.260845578Z,search,scaled,348cd506525f,200,10.735387
2026-09-17T05:29:46.322694227Z,search,scaled,660681595a5e,200,11.904714
2026-09-17T05:29:46.380415026Z,search,scaled,348cd506525f,200,10.291625
2026-09-17T05:29:46.441086286Z,search,scaled,660681595a5e,200,11.072403
2026-09-17T05:29:46.501927428Z,search,scaled,a1cb37b7da6b,200,11.109466
2026-09-17T05:29:46.561265027Z,search,scaled,660681595a5e,200,10.607263
2026-09-17T05:29:46.622375954Z,search,scaled,a1cb37b7da6b,200,11.553817
2026-09-17T05:29:46.681081915Z,search,scaled,348cd506525f,200,11.007679
2026-09-17T05:29:46.741727614Z,search,scaled,a1cb37b7da6b,200,11.097145
2026-09-17T05:29:46.802252556Z,search,scaled,348cd506525f,200,11.720973
2026-09-17T05:29:46.86102444Z,search,scaled,660681595a5e,200,10.206419
2026-09-17T05:29:46.921749744Z,search,scaled,348cd506525f,200,11.19296
2026-09-17T05:29:46.98136979Z,search,scaled,660681595a5e,200,11.282459
2026-09-17T05:29:47.041299026Z,search,scaled,a1cb37b7da6b,200,11.340393
2026-09-17T05:29:47.102278826Z,search,scaled,660681595a5e,200,11.327579
2026-09-17T05:29:47.161806056Z,search,scaled,a1cb37b7da6b,200,10.94029
2026-09-17T05:29:47.221139865Z,search,scaled,348cd506525f,200,10.768853
2026-09-17T05:29:47.280736624Z,search,scaled,a1cb37b7da6b,200,10.112048
2026-09-17T05:29:47.341087401Z,search,scaled,348cd506525f,200,10.724702
2026-09-17T05:29:47.401211873Z,search,scaled,660681595a5e,200,10.248038
2026-09-17T05:29:47.461549518Z,search,scaled,348cd506525f,200,11.51406
2026-09-17T05:29:47.520793081Z,search,scaled,660681595a5e,200,10.790731
2026-09-17T05:29:47.58240728Z,search,scaled,a1cb37b7da6b,200,12.197831
2026-09-17T05:29:47.642333475Z,search,scaled,660681595a5e,200,12.284806
2026-09-17T05:29:47.700822652Z,search,scaled,a1cb37b7da6b,200,10.732142
2026-09-17T05:29:47.761426859Z,search,scaled,348cd506525f,200,10.805467
2026-09-17T05:29:47.821462379Z,search,scaled,a1cb37b7da6b,200,11.419583
2026-09-17T05:29:47.880583075Z,search,scaled,348cd506525f,200,10.453634
2026-09-17T05:29:47.940677025Z,search,scaled,660681595a5e,200,10.516102
2026-09-17T05:29:48.004184266Z,search,scaled,348cd506525f,200,13.469281
2026-09-17T05:29:48.060532081Z,search,scaled,660681595a5e,200,10.510564
2026-09-17T05:29:48.120793916Z,search,scaled,a1cb37b7da6b,200,10.770605
2026-09-17T05:29:48.180717875Z,search,scaled,660681595a5e,200,10.38422
2026-09-17T05:29:48.241877762Z,search,scaled,a1cb37b7da6b,200,11.505028
2026-09-17T05:29:48.30282829Z,search,scaled,348cd506525f,200,12.196121
2026-09-17T05:29:48.363019092Z,search,scaled,a1cb37b7da6b,200,12.450428
2026-09-17T05:29:48.421841299Z,search,scaled,348cd506525f,200,11.251534
2026-09-17T05:29:48.482305027Z,search,scaled,660681595a5e,200,11.932057
2026-09-17T05:29:48.541213769Z,search,scaled,348cd506525f,200,11.160699
2026-09-17T05:29:48.601576667Z,search,scaled,660681595a5e,200,10.582397
2026-09-17T05:29:48.661000225Z,search,scaled,a1cb37b7da6b,200,10.968406
2026-09-17T05:29:48.721375028Z,search,scaled,660681595a5e,200,10.744262
2026-09-17T05:29:48.782158136Z,search,scaled,a1cb37b7da6b,200,12.099216
2026-09-17T05:29:48.841885728Z,search,scaled,348cd506525f,200,11.091044
2026-09-17T05:29:48.899793155Z,search,scaled,a1cb37b7da6b,200,10.858675
2026-09-17T05:29:48.959454723Z,search,scaled,348cd506525f,200,10.87545
2026-09-17T05:29:49.020049009Z,search,scaled,660681595a5e,200,10.8765
2026-09-17T05:29:49.078997235Z,search,scaled,348cd506525f,200,10.313976
2026-09-17T05:29:49.13877214Z,search,scaled,660681595a5e,200,10.282679
2026-09-17T05:29:49.199808613Z,search,scaled,a1cb37b7da6b,200,10.418702
2026-09-17T05:29:49.260536948Z,search,scaled,660681595a5e,200,11.144988
2026-09-17T05:29:49.31950248Z,search,scaled,a1cb37b7da6b,200,10.225065
2026-09-17T05:29:49.379224566Z,search,scaled,348cd506525f,200,10.39836
2026-09-17T05:29:49.440793153Z,search,scaled,a1cb37b7da6b,200,11.783217
2026-09-17T05:29:49.4989723Z,search,scaled,348cd506525f,200,10.662708
2026-09-17T05:29:49.559294879Z,search,scaled,660681595a5e,200,10.55159
2026-09-17T05:29:49.621311598Z,search,scaled,348cd506525f,200,12.42686
2026-09-17T05:29:49.680194803Z,search,scaled,660681595a5e,200,11.430724
2026-09-17T05:29:49.739257766Z,search,scaled,a1cb37b7da6b,200,10.362639
2026-09-17T05:29:49.7995062Z,search,scaled,660681595a5e,200,10.720071
2026-09-17T05:29:49.859563733Z,search,scaled,a1cb37b7da6b,200,10.532513
2026-09-17T05:29:49.920291878Z,search,scaled,348cd506525f,200,11.085284
2026-09-17T05:29:49.980524691Z,search,scaled,a1cb37b7da6b,200,12.058733
2026-09-17T05:29:50.040065462Z,search,scaled,348cd506525f,200,10.87433
2026-09-17T05:29:50.100428646Z,search,scaled,660681595a5e,200,11.730059
2026-09-17T05:29:50.160333929Z,search,scaled,348cd506525f,200,11.277627
2026-09-17T05:29:50.220854615Z,search,scaled,660681595a5e,200,11.864406
2026-09-17T05:29:50.278772232Z,search,scaled,a1cb37b7da6b,200,10.309721
2026-09-17T05:29:50.340845768Z,search,scaled,660681595a5e,200,11.605255
2026-09-17T05:29:50.399321864Z,search,scaled,a1cb37b7da6b,200,10.980317
2026-09-17T05:29:50.460457565Z,search,scaled,348cd506525f,200,11.615347
2026-09-17T05:29:50.519947472Z,search,scaled,a1cb37b7da6b,200,10.850249
2026-09-17T05:29:50.58073105Z,search,scaled,348cd506525f,200,12.211814
2026-09-17T05:29:50.641197808Z,search,scaled,660681595a5e,200,12.778487
2026-09-17T05:29:50.702720162Z,search,scaled,348cd506525f,200,13.977852
2026-09-17T05:29:50.762188729Z,search,scaled,660681595a5e,200,12.798369
2026-09-17T05:29:50.820479153Z,search,scaled,a1cb37b7da6b,200,11.666269
2026-09-17T05:29:50.881638874Z,search,scaled,660681595a5e,200,12.537064
2026-09-17T05:29:50.939527284Z,search,scaled,a1cb37b7da6b,200,11.18661
2026-09-17T05:29:51.000090168Z,search,scaled,348cd506525f,200,10.946554
2026-09-17T05:29:51.059031332Z,search,scaled,a1cb37b7da6b,200,10.394361
2026-09-17T05:29:51.123707436Z,search,scaled,348cd506525f,200,15.045274
2026-09-17T05:29:51.180369974Z,search,scaled,660681595a5e,200,11.855151
2026-09-17T05:29:51.240338941Z,search,scaled,348cd506525f,200,11.382561
2026-09-17T05:29:51.299694271Z,search,scaled,660681595a5e,200,10.891332
2026-09-17T05:29:51.360468248Z,search,scaled,a1cb37b7da6b,200,12.129977
2026-09-17T05:29:51.419772564Z,search,scaled,660681595a5e,200,10.600473
2026-09-17T05:29:51.481627049Z,search,scaled,a1cb37b7da6b,200,12.189802
2026-09-17T05:29:51.540289326Z,search,scaled,348cd506525f,200,10.856495
2026-09-17T05:29:51.599976526Z,search,scaled,a1cb37b7da6b,200,11.070803
2026-09-17T05:29:51.659686768Z,search,scaled,348cd506525f,200,10.959715
2026-09-17T05:29:51.720688969Z,search,scaled,660681595a5e,200,11.345918
2026-09-17T05:29:51.781315288Z,search,scaled,348cd506525f,200,12.117288
2026-09-17T05:29:51.840285204Z,search,scaled,660681595a5e,200,11.469327
2026-09-17T05:29:51.900933382Z,search,scaled,a1cb37b7da6b,200,11.566272
2026-09-17T05:29:51.959620781Z,search,scaled,660681595a5e,200,11.197391
2026-09-17T05:29:52.020361776Z,search,scaled,a1cb37b7da6b,200,11.019439
2026-09-17T05:29:52.079425298Z,search,scaled,348cd506525f,200,10.467895
2026-09-17T05:29:52.140446371Z,search,scaled,a1cb37b7da6b,200,11.431796
2026-09-17T05:29:52.199411856Z,search,scaled,348cd506525f,200,10.416302
2026-09-17T05:29:52.259370403Z,search,scaled,660681595a5e,200,10.450124
2026-09-17T05:29:52.321302272Z,search,scaled,348cd506525f,200,12.169019
2026-09-17T05:29:52.380293369Z,search,scaled,660681595a5e,200,11.777865
2026-09-17T05:29:52.439663986Z,search,scaled,a1cb37b7da6b,200,10.86369
2026-09-17T05:29:52.500488718Z,search,scaled,660681595a5e,200,11.275078
2026-09-17T05:29:52.561570417Z,search,scaled,a1cb37b7da6b,200,12.479962
2026-09-17T05:29:52.620079163Z,search,scaled,348cd506525f,200,10.894733
2026-09-17T05:29:52.679785935Z,search,scaled,a1cb37b7da6b,200,10.790166
2026-09-17T05:29:52.741265636Z,search,scaled,348cd506525f,200,12.047974
2026-09-17T05:29:52.80105754Z,search,scaled,660681595a5e,200,12.020369
2026-09-17T05:29:52.863173472Z,search,scaled,348cd506525f,200,14.479123
2026-09-17T05:29:52.919543559Z,search,scaled,660681595a5e,200,10.872492
2026-09-17T05:29:52.9790845Z,search,scaled,a1cb37b7da6b,200,10.722101
2026-09-17T05:29:53.04051141Z,search,scaled,660681595a5e,200,11.830522
2026-09-17T05:29:53.101288613Z,search,scaled,a1cb37b7da6b,200,12.218131
2026-09-17T05:29:53.162549367Z,search,scaled,348cd506525f,200,13.473599
2026-09-17T05:29:53.220933245Z,search,scaled,a1cb37b7da6b,200,11.577565
2026-09-17T05:29:53.280181919Z,search,scaled,348cd506525f,200,11.254907
2026-09-17T05:29:53.339388228Z,search,scaled,660681595a5e,200,10.694289
2026-09-17T05:29:53.401246116Z,search,scaled,348cd506525f,200,12.019245
2026-09-17T05:29:53.460097883Z,search,scaled,660681595a5e,200,11.252965
2026-09-17T05:29:53.519390349Z,search,scaled,a1cb37b7da6b,200,10.583404
2026-09-17T05:29:53.581463198Z,search,scaled,660681595a5e,200,12.641717
2026-09-17T05:29:53.639984536Z,search,scaled,a1cb37b7da6b,200,10.868182
2026-09-17T05:29:53.699493194Z,search,scaled,348cd506525f,200,10.889191
2026-09-17T05:29:53.760880032Z,search,scaled,a1cb37b7da6b,200,11.675203
2026-09-17T05:29:53.820777615Z,search,scaled,348cd506525f,200,12.274388
2026-09-17T05:29:53.880644716Z,search,scaled,660681595a5e,200,11.063613
2026-09-17T05:29:53.941247804Z,search,scaled,348cd506525f,200,11.732175
2026-09-17T05:29:54.00045273Z,search,scaled,660681595a5e,200,11.470264
2026-09-17T05:29:54.061237774Z,search,scaled,a1cb37b7da6b,200,12.175672
2026-09-17T05:29:54.121471828Z,search,scaled,660681595a5e,200,12.482352
2026-09-17T05:29:54.180073081Z,search,scaled,a1cb37b7da6b,200,11.242683
2026-09-17T05:29:54.239957513Z,search,scaled,348cd506525f,200,11.315269
2026-09-17T05:29:54.303702493Z,search,scaled,a1cb37b7da6b,200,14.977403
2026-09-17T05:29:54.360225939Z,search,scaled,348cd506525f,200,10.813347
2026-09-17T05:29:54.419404228Z,search,scaled,660681595a5e,200,10.639786
2026-09-17T05:29:54.482171381Z,search,scaled,348cd506525f,200,13.196706
2026-09-17T05:29:54.543145473Z,search,scaled,660681595a5e,200,13.919073
2026-09-17T05:29:54.601971229Z,search,scaled,a1cb37b7da6b,200,13.216248
2026-09-17T05:29:54.660585012Z,search,scaled,660681595a5e,200,12.02063
2026-09-17T05:29:54.722895096Z,search,scaled,a1cb37b7da6b,200,13.691678
2026-09-17T05:29:54.779294726Z,search,scaled,348cd506525f,200,10.748184
2026-09-17T05:29:54.83929219Z,search,scaled,a1cb37b7da6b,200,10.455335
2026-09-17T05:29:54.900156005Z,search,scaled,348cd506525f,200,11.037993
2026-09-17T05:29:54.959340768Z,search,scaled,660681595a5e,200,10.595048
2026-09-17T05:29:55.019363166Z,search,scaled,348cd506525f,200,10.374742
2026-09-17T05:29:55.082171891Z,search,scaled,660681595a5e,200,13.176716
2026-09-17T05:29:55.140999868Z,search,scaled,a1cb37b7da6b,200,12.11324
2026-09-17T05:29:55.199819783Z,search,scaled,660681595a5e,200,11.19224
2026-09-17T05:29:55.260430452Z,search,scaled,a1cb37b7da6b,200,11.081266
2026-09-17T05:29:55.321158447Z,search,scaled,348cd506525f,200,12.086747
2026-09-17T05:29:55.380421002Z,search,scaled,a1cb37b7da6b,200,11.696074
2026-09-17T05:29:55.440591761Z,search,scaled,348cd506525f,200,11.568294
2026-09-17T05:29:55.500837398Z,search,scaled,660681595a5e,200,11.649212
2026-09-17T05:29:55.559327142Z,search,scaled,348cd506525f,200,10.989978
2026-09-17T05:29:55.619864655Z,search,scaled,660681595a5e,200,10.85269
2026-09-17T05:29:55.679819483Z,search,scaled,a1cb37b7da6b,200,11.256995
2026-09-17T05:29:55.740439851Z,search,scaled,660681595a5e,200,11.065715
2026-09-17T05:29:55.800307744Z,search,scaled,a1cb37b7da6b,200,11.239914
2026-09-17T05:29:55.859339353Z,search,scaled,348cd506525f,200,10.382491
2026-09-17T05:29:55.923487093Z,search,scaled,a1cb37b7da6b,200,14.410232
2026-09-17T05:29:55.980365357Z,search,scaled,348cd506525f,200,11.33857
2026-09-17T05:29:56.03945315Z,search,scaled,660681595a5e,200,10.470686
2026-09-17T05:29:56.099534195Z,search,scaled,348cd506525f,200,10.458356
2026-09-17T05:29:56.160010625Z,search,scaled,660681595a5e,200,10.846929
2026-09-17T05:29:56.219470451Z,search,scaled,a1cb37b7da6b,200,10.717817
2026-09-17T05:29:56.282189962Z,search,scaled,660681595a5e,200,13.22433
2026-09-17T05:29:56.341655883Z,search,scaled,a1cb37b7da6b,200,12.670179
2026-09-17T05:29:56.402038002Z,search,scaled,348cd506525f,200,12.637103
2026-09-17T05:29:56.46170114Z,search,scaled,a1cb37b7da6b,200,12.986714
2026-09-17T05:29:56.520294643Z,search,scaled,348cd506525f,200,11.47749
2026-09-17T05:29:56.579405836Z,search,scaled,660681595a5e,200,10.630855
2026-09-17T05:29:56.641003697Z,search,scaled,348cd506525f,200,12.009404
2026-09-17T05:29:56.699753918Z,search,scaled,660681595a5e,200,11.099524
2026-09-17T05:29:56.761458185Z,search,scaled,a1cb37b7da6b,200,12.017209
2026-09-17T05:29:56.820881468Z,search,scaled,660681595a5e,200,11.744406
2026-09-17T05:29:56.878839531Z,search,scaled,a1cb37b7da6b,200,10.482717
2026-09-17T05:29:56.939906477Z,search,scaled,348cd506525f,200,11.624018
2026-09-17T05:29:57.000664036Z,search,scaled,a1cb37b7da6b,200,12.026345
2026-09-17T05:29:57.060809764Z,search,scaled,348cd506525f,200,11.594876
2026-09-17T05:29:57.120355956Z,search,scaled,660681595a5e,200,10.828959
2026-09-17T05:29:57.181353918Z,search,scaled,348cd506525f,200,12.377475
2026-09-17T05:29:57.240793718Z,search,scaled,660681595a5e,200,11.760483
2026-09-17T05:29:57.301655352Z,search,scaled,a1cb37b7da6b,200,12.444815
2026-09-17T05:29:57.360545136Z,search,scaled,660681595a5e,200,11.104146
2026-09-17T05:29:57.422895214Z,search,scaled,a1cb37b7da6b,200,13.534158
2026-09-17T05:29:57.481320604Z,search,scaled,348cd506525f,200,12.531009
2026-09-17T05:29:57.542362541Z,search,scaled,a1cb37b7da6b,200,13.56817
2026-09-17T05:29:57.601803105Z,search,scaled,348cd506525f,200,12.755864
2026-09-17T05:29:57.663874976Z,search,scaled,660681595a5e,200,14.378561
2026-09-17T05:29:57.721864858Z,search,scaled,348cd506525f,200,12.465631
2026-09-17T05:29:57.779834942Z,search,scaled,660681595a5e,200,11.522112
2026-09-17T05:29:57.841077689Z,search,scaled,a1cb37b7da6b,200,12.536895
2026-09-17T05:29:57.901609248Z,search,scaled,660681595a5e,200,12.791017
2026-09-17T05:29:57.961431771Z,search,scaled,a1cb37b7da6b,200,12.713596
2026-09-17T05:29:58.021016866Z,search,scaled,348cd506525f,200,11.87282
2026-09-17T05:29:58.08141761Z,search,scaled,a1cb37b7da6b,200,12.28264
2026-09-17T05:29:58.142513999Z,search,scaled,348cd506525f,200,13.385439
2026-09-17T05:29:58.200978253Z,search,scaled,660681595a5e,200,11.786948
2026-09-17T05:29:58.261462274Z,search,scaled,348cd506525f,200,12.692426
2026-09-17T05:29:58.320912909Z,search,scaled,660681595a5e,200,11.870228
2026-09-17T05:29:58.381555019Z,search,scaled,a1cb37b7da6b,200,13.163445
2026-09-17T05:29:58.441558419Z,search,scaled,660681595a5e,200,12.376975
2026-09-17T05:29:58.499920567Z,search,scaled,a1cb37b7da6b,200,10.728023
2026-09-17T05:29:58.559902565Z,search,scaled,348cd506525f,200,11.02016
2026-09-17T05:29:58.619591606Z,search,scaled,a1cb37b7da6b,200,11.058869
2026-09-17T05:29:58.680381735Z,search,scaled,348cd506525f,200,12.002111
2026-09-17T05:29:58.739593186Z,search,scaled,660681595a5e,200,10.651489
2026-09-17T05:29:58.801218807Z,search,scaled,348cd506525f,200,11.841152
2026-09-17T05:29:58.859800134Z,search,scaled,660681595a5e,200,10.5946
2026-09-17T05:29:58.922408662Z,search,scaled,a1cb37b7da6b,200,13.186436
2026-09-17T05:29:58.981027394Z,search,scaled,660681595a5e,200,12.456775
2026-09-17T05:29:59.040582387Z,search,scaled,a1cb37b7da6b,200,11.959149
2026-09-17T05:29:59.100889065Z,search,scaled,348cd506525f,200,11.573385
2026-09-17T05:29:59.159661689Z,search,scaled,a1cb37b7da6b,200,10.966226
2026-09-17T05:29:59.219942706Z,search,scaled,348cd506525f,200,10.721212
2026-09-17T05:29:59.280503022Z,search,scaled,660681595a5e,200,11.923387
2026-09-17T05:29:59.342457184Z,search,scaled,348cd506525f,200,13.386851
2026-09-17T05:29:59.400989492Z,search,scaled,660681595a5e,200,11.908586
2026-09-17T05:29:59.459180449Z,search,scaled,a1cb37b7da6b,200,10.686945
2026-09-17T05:29:59.519126625Z,search,scaled,660681595a5e,200,10.427442
2026-09-17T05:29:59.579112074Z,search,scaled,a1cb37b7da6b,200,10.820688
2026-09-17T05:29:59.640398135Z,search,scaled,348cd506525f,200,11.381754
2026-09-17T05:29:59.699961367Z,search,scaled,a1cb37b7da6b,200,10.936855
2026-09-17T05:29:59.760827021Z,search,scaled,348cd506525f,200,12.226956
2026-09-17T05:29:59.819972836Z,search,scaled,660681595a5e,200,11.600021
2026-09-17T05:29:59.879925019Z,search,scaled,348cd506525f,200,11.547929
2026-09-17T05:29:59.940096144Z,search,scaled,660681595a5e,200,11.716523
2026-09-17T05:30:00.000365452Z,search,scaled,a1cb37b7da6b,200,11.63585
2026-09-17T05:30:00.061348813Z,search,scaled,660681595a5e,200,12.197514
2026-09-17T05:30:00.120469454Z,search,scaled,a1cb37b7da6b,200,11.543721
2026-09-17T05:30:00.180869818Z,search,scaled,348cd506525f,200,11.787762
2026-09-17T05:30:00.239086642Z,search,scaled,a1cb37b7da6b,200,10.732453
2026-09-17T05:30:00.299715675Z,search,scaled,348cd506525f,200,10.874316
2026-09-17T05:30:00.360328239Z,search,scaled,660681595a5e,200,11.979012
2026-09-17T05:30:00.419766217Z,search,scaled,348cd506525f,200,10.71675
2026-09-17T05:30:00.480411673Z,search,scaled,660681595a5e,200,11.209911
2026-09-17T05:30:00.539908949Z,search,scaled,a1cb37b7da6b,200,10.881306
2026-09-17T05:30:00.59998308Z,search,scaled,660681595a5e,200,11.186751
2026-09-17T05:30:00.659164376Z,search,scaled,a1cb37b7da6b,200,10.421832
2026-09-17T05:30:00.719830724Z,search,scaled,348cd506525f,200,11.098629
2026-09-17T05:30:00.78012583Z,search,scaled,a1cb37b7da6b,200,11.65793
2026-09-17T05:30:00.8420666Z,search,scaled,348cd506525f,200,13.22185
2026-09-17T05:30:00.89944967Z,search,scaled,660681595a5e,200,10.739721
2026-09-17T05:30:00.96046199Z,search,scaled,348cd506525f,200,11.277425
2026-09-17T05:30:01.021846405Z,search,scaled,660681595a5e,200,12.850845
2026-09-17T05:30:01.080248911Z,search,scaled,a1cb37b7da6b,200,10.893961
2026-09-17T05:30:01.139639148Z,search,scaled,660681595a5e,200,10.730992
2026-09-17T05:30:01.2006631Z,search,scaled,a1cb37b7da6b,200,11.336049
2026-09-17T05:30:01.261299946Z,search,scaled,348cd506525f,200,11.940037
2026-09-17T05:30:01.321562826Z,search,scaled,a1cb37b7da6b,200,12.770515
2026-09-17T05:30:01.38034669Z,search,scaled,348cd506525f,200,11.270311
2026-09-17T05:30:01.441049911Z,search,scaled,660681595a5e,200,12.146336
2026-09-17T05:30:01.50134172Z,search,scaled,348cd506525f,200,12.552816
2026-09-17T05:30:01.560917906Z,search,scaled,660681595a5e,200,11.900416
2026-09-17T05:30:01.620551189Z,search,scaled,a1cb37b7da6b,200,11.158828
2026-09-17T05:30:01.680304386Z,search,scaled,660681595a5e,200,10.967221
2026-09-17T05:30:01.739717264Z,search,scaled,a1cb37b7da6b,200,10.863183
2026-09-17T05:30:01.80042201Z,search,scaled,348cd506525f,200,11.589605
2026-09-17T05:30:01.860787457Z,search,scaled,a1cb37b7da6b,200,11.625154
2026-09-17T05:30:01.920137846Z,search,scaled,348cd506525f,200,10.746682
2026-09-17T05:30:01.979231945Z,search,scaled,660681595a5e,200,10.57176
2026-09-17T05:30:02.03898462Z,search,scaled,348cd506525f,200,10.162699
2026-09-17T05:30:02.10022491Z,search,scaled,660681595a5e,200,11.53246
2026-09-17T05:30:02.159485094Z,search,scaled,a1cb37b7da6b,200,10.567495
2026-09-17T05:30:02.220594236Z,search,scaled,660681595a5e,200,11.500319
2026-09-17T05:30:02.279678219Z,search,scaled,a1cb37b7da6b,200,10.614317
2026-09-17T05:30:02.341365088Z,search,scaled,348cd506525f,200,12.155151
2026-09-17T05:30:02.399587477Z,search,scaled,a1cb37b7da6b,200,10.451619
2026-09-17T05:30:02.459720047Z,search,scaled,348cd506525f,200,10.668446
2026-09-17T05:30:02.520028612Z,search,scaled,660681595a5e,200,10.747721
2026-09-17T05:30:02.579384698Z,search,scaled,348cd506525f,200,10.577136
2026-09-17T05:30:02.639692505Z,search,scaled,660681595a5e,200,10.697419
2026-09-17T05:30:02.70172529Z,search,scaled,a1cb37b7da6b,200,12.400888
2026-09-17T05:30:02.76012805Z,search,scaled,660681595a5e,200,10.853023
2026-09-17T05:30:02.82041724Z,search,scaled,a1cb37b7da6b,200,11.621127
2026-09-17T05:30:02.881541604Z,search,scaled,348cd506525f,200,12.468226
2026-09-17T05:30:02.940694311Z,search,scaled,a1cb37b7da6b,200,11.398024
2026-09-17T05:30:03.001150706Z,search,scaled,348cd506525f,200,11.703442
2026-09-17T05:30:03.064426101Z,search,scaled,660681595a5e,200,15.512654
2026-09-17T05:30:03.120319838Z,search,scaled,348cd506525f,200,11.341641
2026-09-17T05:30:03.185130498Z,search,scaled,660681595a5e,200,15.986124
2026-09-17T05:30:03.238738219Z,search,scaled,a1cb37b7da6b,200,9.825442
2026-09-17T05:30:03.300508219Z,search,scaled,660681595a5e,200,10.989536
2026-09-17T05:30:03.36044001Z,search,scaled,a1cb37b7da6b,200,11.329118
2026-09-17T05:30:03.419274994Z,search,scaled,348cd506525f,200,10.263381
2026-09-17T05:30:03.47881448Z,search,scaled,a1cb37b7da6b,200,9.898148
2026-09-17T05:30:03.540878428Z,search,scaled,348cd506525f,200,11.448435
2026-09-17T05:30:03.599732672Z,search,scaled,660681595a5e,200,11.333539
2026-09-17T05:30:03.662302302Z,search,scaled,348cd506525f,200,12.812374
2026-09-17T05:30:03.719574515Z,search,scaled,660681595a5e,200,10.614694
2026-09-17T05:30:03.780007239Z,search,scaled,a1cb37b7da6b,200,10.810655
2026-09-17T05:30:03.839569664Z,search,scaled,660681595a5e,200,10.743167
2026-09-17T05:30:03.902515771Z,search,scaled,a1cb37b7da6b,200,13.390609
2026-09-17T05:30:03.959623925Z,search,scaled,348cd506525f,200,10.526198
2026-09-17T05:30:04.020222689Z,search,scaled,a1cb37b7da6b,200,10.967667
2026-09-17T05:30:04.080009622Z,search,scaled,348cd506525f,200,11.124355
2026-09-17T05:30:04.138938701Z,search,scaled,660681595a5e,200,10.278212
2026-09-17T05:30:04.199702376Z,search,scaled,348cd506525f,200,10.988588
2026-09-17T05:30:04.26234231Z,search,scaled,660681595a5e,200,13.188737
2026-09-17T05:30:04.320079713Z,search,scaled,a1cb37b7da6b,200,10.805285
2026-09-17T05:30:04.380226229Z,search,scaled,660681595a5e,200,11.522171
2026-09-17T05:30:04.439678311Z,search,scaled,a1cb37b7da6b,200,10.833047
2026-09-17T05:30:04.499389739Z,search,scaled,348cd506525f,200,10.837489
2026-09-17T05:30:04.559554106Z,search,scaled,a1cb37b7da6b,200,10.600312
2026-09-17T05:30:04.620180163Z,search,scaled,348cd506525f,200,10.991489
2026-09-17T05:30:04.681748124Z,search,scaled,660681595a5e,200,12.951822
2026-09-17T05:30:04.740695889Z,search,scaled,348cd506525f,200,11.398384
2026-09-17T05:30:04.799778257Z,search,scaled,660681595a5e,200,10.452374
2026-09-17T05:30:04.86066197Z,search,scaled,a1cb37b7da6b,200,11.327778
2026-09-17T05:30:04.920017805Z,search,scaled,660681595a5e,200,10.841827
2026-09-17T05:30:04.978794344Z,search,scaled,a1cb37b7da6b,200,10.016606
2026-09-17T05:30:05.042444452Z,search,scaled,348cd506525f,200,13.045088
2026-09-17T05:30:05.10073389Z,search,scaled,a1cb37b7da6b,200,11.602695
2026-09-17T05:30:05.160216534Z,search,scaled,348cd506525f,200,10.957905
2026-09-17T05:30:05.219781134Z,search,scaled,660681595a5e,200,10.972197
2026-09-17T05:30:05.28096805Z,search,scaled,348cd506525f,200,11.912767
2026-09-17T05:30:05.340752118Z,search,scaled,660681595a5e,200,12.024052
2026-09-17T05:30:05.401919253Z,search,scaled,a1cb37b7da6b,200,12.581273
2026-09-17T05:30:05.459922828Z,search,scaled,660681595a5e,200,11.456836
2026-09-17T05:30:05.522263684Z,search,scaled,a1cb37b7da6b,200,13.556076
2026-09-17T05:30:05.582591521Z,search,scaled,348cd506525f,200,13.965106
2026-09-17T05:30:05.641417948Z,search,scaled,a1cb37b7da6b,200,12.143654
2026-09-17T05:30:05.700937583Z,search,scaled,348cd506525f,200,11.833625
2026-09-17T05:30:05.763944997Z,search,scaled,660681595a5e,200,15.253198
2026-09-17T05:30:05.820002783Z,search,scaled,348cd506525f,200,10.574592
2026-09-17T05:30:05.882918685Z,search,scaled,660681595a5e,200,14.365456
2026-09-17T05:30:05.942111Z,search,scaled,a1cb37b7da6b,200,12.001411
2026-09-17T05:30:06.001735969Z,search,scaled,660681595a5e,200,12.913555
2026-09-17T05:30:06.061345975Z,search,scaled,a1cb37b7da6b,200,12.218196
2026-09-17T05:30:06.122282561Z,search,scaled,348cd506525f,200,13.338475
2026-09-17T05:30:06.180646333Z,search,scaled,a1cb37b7da6b,200,11.552832
2026-09-17T05:30:06.2420763Z,search,scaled,348cd506525f,200,12.715706
2026-09-17T05:30:06.301414021Z,search,scaled,660681595a5e,200,12.52655
2026-09-17T05:30:06.364020257Z,search,scaled,348cd506525f,200,15.151331
2026-09-17T05:30:06.42096678Z,search,scaled,660681595a5e,200,12.306531
2026-09-17T05:30:06.481486219Z,search,scaled,a1cb37b7da6b,200,13.138284
2026-09-17T05:30:06.541702751Z,search,scaled,660681595a5e,200,12.408178
2026-09-17T05:30:06.602186637Z,search,scaled,a1cb37b7da6b,200,12.790473
2026-09-17T05:30:06.661236734Z,search,scaled,348cd506525f,200,12.444819
2026-09-17T05:30:06.720425099Z,search,scaled,a1cb37b7da6b,200,11.661099
2026-09-17T05:30:06.779781954Z,search,scaled,348cd506525f,200,10.785334
2026-09-17T05:30:06.840774724Z,search,scaled,660681595a5e,200,12.376274
2026-09-17T05:30:06.901585542Z,search,scaled,348cd506525f,200,12.179882
2026-09-17T05:30:06.961580878Z,search,scaled,660681595a5e,200,12.488466
2026-09-17T05:30:07.020689217Z,search,scaled,a1cb37b7da6b,200,11.472886
2026-09-17T05:30:07.078977766Z,search,scaled,660681595a5e,200,10.581672
2026-09-17T05:30:07.139068508Z,search,scaled,a1cb37b7da6b,200,10.424642
2026-09-17T05:30:07.200454563Z,search,scaled,348cd506525f,200,11.712012
2026-09-17T05:30:07.260350022Z,search,scaled,a1cb37b7da6b,200,11.341349
2026-09-17T05:30:07.319866005Z,search,scaled,348cd506525f,200,10.970882
2026-09-17T05:30:07.379549065Z,search,scaled,660681595a5e,200,11.104285
2026-09-17T05:30:07.440484246Z,search,scaled,348cd506525f,200,11.032724
2026-09-17T05:30:07.500302475Z,search,scaled,660681595a5e,200,11.212341
2026-09-17T05:30:07.560303852Z,search,scaled,a1cb37b7da6b,200,11.291816
2026-09-17T05:30:07.621557859Z,search,scaled,660681595a5e,200,12.677875
2026-09-17T05:30:07.681782529Z,search,scaled,a1cb37b7da6b,200,12.761755
2026-09-17T05:30:07.740105124Z,search,scaled,348cd506525f,200,10.506086
2026-09-17T05:30:07.799548801Z,search,scaled,a1cb37b7da6b,200,11.122975
2026-09-17T05:30:07.861827367Z,search,scaled,348cd506525f,200,12.637908
2026-09-17T05:30:07.919753687Z,search,scaled,660681595a5e,200,11.333849
2026-09-17T05:30:07.982599164Z,search,scaled,348cd506525f,200,13.887641
2026-09-17T05:30:08.041885045Z,search,scaled,660681595a5e,200,12.375934
2026-09-17T05:30:08.103150463Z,search,scaled,a1cb37b7da6b,200,13.758464
2026-09-17T05:30:08.165027827Z,search,scaled,660681595a5e,200,16.114322
2026-09-17T05:30:08.220781955Z,search,scaled,a1cb37b7da6b,200,11.358129
2026-09-17T05:30:08.28154646Z,search,scaled,348cd506525f,200,12.153451
2026-09-17T05:30:08.342645766Z,search,scaled,a1cb37b7da6b,200,13.294613
2026-09-17T05:30:08.401295413Z,search,scaled,348cd506525f,200,11.828497
2026-09-17T05:30:08.460617737Z,search,scaled,660681595a5e,200,11.608069
2026-09-17T05:30:08.52730901Z,search,scaled,348cd506525f,200,18.117545
2026-09-17T05:30:08.589372659Z,search,scaled,660681595a5e,200,20.424866
2026-09-17T05:30:08.639574205Z,search,scaled,a1cb37b7da6b,200,10.903534
2026-09-17T05:30:08.700983889Z,search,scaled,660681595a5e,200,11.578537
2026-09-17T05:30:08.7602189Z,search,scaled,a1cb37b7da6b,200,11.465095
2026-09-17T05:30:08.818775354Z,search,scaled,348cd506525f,200,9.985076
2026-09-17T05:30:08.881713245Z,search,scaled,a1cb37b7da6b,200,12.462595
2026-09-17T05:30:08.939895979Z,search,scaled,348cd506525f,200,10.756676
2026-09-17T05:30:08.999088958Z,search,scaled,660681595a5e,200,10.687105
2026-09-17T05:30:09.059134134Z,search,scaled,348cd506525f,200,10.26783
2026-09-17T05:30:09.120183606Z,search,scaled,660681595a5e,200,11.508088
2026-09-17T05:30:09.180033221Z,search,scaled,a1cb37b7da6b,200,11.240241
2026-09-17T05:30:09.239296643Z,search,scaled,660681595a5e,200,10.830619
2026-09-17T05:30:09.300016949Z,search,scaled,a1cb37b7da6b,200,11.179997
2026-09-17T05:30:09.360928142Z,search,scaled,348cd506525f,200,12.208042
2026-09-17T05:30:09.420340598Z,search,scaled,a1cb37b7da6b,200,11.885381
2026-09-17T05:30:09.480147821Z,search,scaled,348cd506525f,200,11.242901
2026-09-17T05:30:09.539453173Z,search,scaled,660681595a5e,200,10.74324
2026-09-17T05:30:09.600390976Z,search,scaled,348cd506525f,200,11.125493
2026-09-17T05:30:09.660678809Z,search,scaled,660681595a5e,200,11.643487
2026-09-17T05:30:09.720792077Z,search,scaled,a1cb37b7da6b,200,11.371242
2026-09-17T05:30:09.779579048Z,search,scaled,660681595a5e,200,10.424234
2026-09-17T05:30:09.839331858Z,search,scaled,a1cb37b7da6b,200,10.203236
2026-09-17T05:30:09.902851745Z,search,scaled,348cd506525f,200,13.615762
2026-09-17T05:30:09.960139498Z,search,scaled,a1cb37b7da6b,200,11.780745
2026-09-17T05:30:10.019828348Z,search,scaled,348cd506525f,200,11.114348
2026-09-17T05:30:10.079920823Z,search,scaled,660681595a5e,200,11.496847
2026-09-17T05:30:10.13986142Z,search,scaled,348cd506525f,200,11.269028
2026-09-17T05:30:10.199957416Z,search,scaled,660681595a5e,200,11.38298
2026-09-17T05:30:10.264869409Z,search,scaled,a1cb37b7da6b,200,16.128605
2026-09-17T05:30:10.320389661Z,search,scaled,660681595a5e,200,10.990835
