timestamp,endpoint,deployment,instance,status,response_time_ms
2026-09-17T03:28:48.523999329Z,static,full,edge-files,200,9.781485
2026-09-17T03:28:48.572133592Z,static,full,edge-files,200,4.520583
2026-09-17T03:28:48.630974449Z,static,full,edge-files,200,2.599174
2026-09-17T03:28:48.68906789Z,static,full,edge-files,200,3.216324
2026-09-17T03:28:48.75000131Z,static,full,edge-files,200,3.161246
2026-09-17T03:28:48.808217467Z,static,full,edge-files,200,2.753733
2026-09-17T03:28:48.867940612Z,static,full,edge-files,200,3.140122
2026-09-17T03:28:48.927024739Z,static,full,edge-files,200,2.612109
2026-09-17T03:28:48.988189206Z,static,full,edge-files,200,3.124426
2026-09-17T03:28:49.050687067Z,static,full,edge-files,200,4.060525
2026-09-17T03:28:49.109456615Z,static,full,edge-files,200,3.006041
2026-09-17T03:28:49.167795255Z,static,full,edge-files,200,2.830198
2026-09-17T03:28:49.229134889Z,static,full,edge-files,200,3.094737
2026-09-17T03:28:49.288660544Z,static,full,edge-files,200,3.44276
2026-09-17T03:28:49.351773812Z,static,full,edge-files,200,4.800162
2026-09-17T03:28:49.410558176Z,static,full,edge-files,200,3.581168
2026-09-17T03:28:49.469788652Z,static,full,edge-files,200,4.276534
2026-09-17T03:28:49.528063732Z,static,full,edge-files,200,2.650134
2026-09-17T03:28:49.589592293Z,static,full,edge-files,200,2.619784
2026-09-17T03:28:49.648550142Z,static,full,edge-files,200,3.103041
2026-09-17T03:28:49.704536308Z,static,full,edge-files,200,4.393683
2026-09-17T03:28:49.766539262Z,static,full,edge-files,200,6.267686
2026-09-17T03:28:49.824047948Z,static,full,edge-files,200,3.758748
2026-09-17T03:28:49.883115656Z,static,full,edge-files,200,3.38253
2026-09-17T03:28:49.943966291Z,static,full,edge-files,200,3.772132
2026-09-17T03:28:50.003346641Z,static,full,edge-files,200,3.667513
2026-09-17T03:28:50.063701539Z,static,full,edge-files,200,3.677177
2026-09-17T03:28:50.123635535Z,static,full,edge-files,200,4.196429
2026-09-17T03:28:50.184065363Z,static,full,edge-files,200,3.667723
2026-09-17T03:28:50.243270599Z,static,full,edge-files,200,3.644889
2026-09-17T03:28:50.303774737Z,static,full,edge-files,200,3.589869
2026-09-17T03:28:50.364499285Z,static,full,edge-files,200,4.182715
2026-09-17T03:28:50.423503176Z,static,full,edge-files,200,3.289145
2026-09-17T03:28:50.482604837Z,static,full,edge-files,200,3.21865
2026-09-17T03:28:50.543225266Z,static,full,edge-files,200,3.897402
2026-09-17T03:28:50.604008161Z,static,full,edge-files,200,4.006681
2026-09-17T03:28:50.663457046Z,static,full,edge-files,200,3.721073
2026-09-17T03:28:50.723836123Z,static,full,edge-files,200,3.653788
2026-09-17T03:28:50.783764587Z,static,full,edge-files,200,3.984437
2026-09-17T03:28:50.843994762Z,static,full,edge-files,200,3.685274
2026-09-17T03:28:50.902782136Z,static,full,edge-files,200,3.197451
2026-09-17T03:28:50.962090181Z,static,full,edge-files,200,2.83247
2026-09-17T03:28:51.023728918Z,static,full,edge-files,200,3.832988
2026-09-17T03:28:51.083054406Z,static,full,edge-files,200,3.68793
2026-09-17T03:28:51.143601253Z,static,full,edge-files,200,3.876175
2026-09-17T03:28:51.20389092Z,static,full,edge-files,200,3.544874
2026-09-17T03:28:51.26279334Z,static,full,edge-files,200,3.196304
2026-09-17T03:28:51.322418237Z,static,full,edge-files,200,2.869929
2026-09-17T03:28:51.383478084Z,static,full,edge-files,200,3.28155
2026-09-17T03:28:51.443114698Z,static,full,edge-files,200,3.581639
2026-09-17T03:28:51.504844079Z,static,full,edge-files,200,4.628747
2026-09-17T03:28:51.56280687Z,static,full,edge-files,200,3.291241
2026-09-17T03:28:51.62378632Z,static,full,edge-files,200,4.228021
2026-09-17T03:28:51.683241324Z,static,full,edge-files,200,3.762987
2026-09-17T03:28:51.743547598Z,static,full,edge-files,200,3.442177
2026-09-17T03:28:51.803500655Z,static,full,edge-files,200,3.106157
2026-09-17T03:28:51.863647991Z,static,full,edge-files,200,3.355915
2026-09-17T03:28:51.923189691Z,static,full,edge-files,200,2.848852
2026-09-17T03:28:51.983608019Z,static,full,edge-files,200,3.494117
2026-09-17T03:28:52.060357372Z,static,full,edge-files,200,19.92818
2026-09-17T03:28:52.104094438Z,static,full,edge-files,200,3.743355
2026-09-17T03:28:52.163558323Z,static,full,edge-files,200,3.470269
2026-09-17T03:28:52.238077Z,static,full,edge-files,200,17.642634
2026-09-17T03:28:52.29570898Z,static,full,edge-files,200,15.748072
2026-09-17T03:28:52.344138592Z,static,full,edge-files,200,3.960082
2026-09-17T03:28:52.415705548Z,static,full,edge-files,200,15.725689
2026-09-17T03:28:52.463371564Z,static,full,edge-files,200,3.719664
2026-09-17T03:28:52.523504603Z,static,full,edge-files,200,4.158306
2026-09-17T03:28:52.590617286Z,static,full,edge-files,200,10.333757
2026-09-17T03:28:52.643390188Z,static,full,edge-files,200,3.083676
2026-09-17T03:28:52.710396761Z,static,full,edge-files,200,10.016465
2026-09-17T03:28:52.762983261Z,static,full,edge-files,200,2.845067
2026-09-17T03:28:52.823562008Z,static,full,edge-files,200,3.778289
2026-09-17T03:28:52.889996257Z,static,full,edge-files,200,9.802287
2026-09-17T03:28:52.943547576Z,static,full,edge-files,200,3.843282
2026-09-17T03:28:53.003862121Z,static,full,edge-files,200,4.554028
2026-09-17T03:28:53.063298414Z,static,full,edge-files,200,3.762221
2026-09-17T03:28:53.126035775Z,static,full,edge-files,200,5.984733
2026-09-17T03:28:53.184580213Z,static,full,edge-files,200,4.783434
2026-09-17T03:28:53.243125879Z,static,full,edge-files,200,2.925079
2026-09-17T03:28:53.303326759Z,static,full,edge-files,200,3.434301
2026-09-17T03:28:53.365552905Z,static,full,edge-files,200,5.598727
2026-09-17T03:28:53.427862003Z,static,full,edge-files,200,7.625953
2026-09-17T03:28:53.483042076Z,static,full,edge-files,200,3.338625
2026-09-17T03:28:53.544094241Z,static,full,edge-files,200,4.166998
2026-09-17T03:28:53.609433654Z,static,full,edge-files,200,9.632288
2026-09-17T03:28:53.663719393Z,static,full,edge-files,200,3.580462
2026-09-17T03:28:53.72294954Z,static,full,edge-files,200,3.545151
2026-09-17T03:28:53.794184572Z,static,full,edge-files,200,14.586446
2026-09-17T03:28:53.842576471Z,static,full,edge-files,200,2.931724
2026-09-17T03:28:53.909843244Z,static,full,edge-files,200,10.479448
2026-09-17T03:28:53.989798792Z,static,full,edge-files,200,30.081145
2026-09-17T03:28:54.022436771Z,static,full,edge-files,200,3.020109
2026-09-17T03:28:54.083908046Z,static,full,edge-files,200,3.795569
2026-09-17T03:28:54.143419084Z,static,full,edge-files,200,3.786134
2026-09-17T03:28:54.203042519Z,static,full,edge-files,200,2.816465
2026-09-17T03:28:54.263332089Z,static,full,edge-files,200,3.282184
2026-09-17T03:28:54.322963405Z,static,full,edge-files,200,2.849802
2026-09-17T03:28:54.383845343Z,static,full,edge-files,200,3.777699
2026-09-17T03:28:54.442458537Z,static,full,edge-files,200,2.897516
2026-09-17T03:28:54.503690978Z,static,full,edge-files,200,3.285455
2026-09-17T03:28:54.563236389Z,static,full,edge-files,200,3.749956
2026-09-17T03:28:54.623287414Z,static,full,edge-files,200,3.440203
2026-09-17T03:28:54.683642446Z,static,full,edge-files,200,3.753375
2026-09-17T03:28:54.742317596Z,static,full,edge-files,200,3.012005
2026-09-17T03:28:54.80446286Z,static,full,edge-files,200,4.480246
2026-09-17T03:28:54.863659163Z,static,full,edge-files,200,4.216644
2026-09-17T03:28:54.924085732Z,static,full,edge-files,200,3.6979
2026-09-17T03:28:54.983787872Z,static,full,edge-files,200,3.986352
2026-09-17T03:28:55.043460994Z,static,full,edge-files,200,3.931851
2026-09-17T03:28:55.103330322Z,static,full,edge-files,200,3.262311
2026-09-17T03:28:55.16393355Z,static,full,edge-files,200,4.158877
2026-09-17T03:28:55.224734653Z,static,full,edge-files,200,4.90605
2026-09-17T03:28:55.283912504Z,static,full,edge-files,200,3.545248
2026-09-17T03:28:55.344263473Z,static,full,edge-files,200,3.935177
2026-09-17T03:28:55.403720815Z,static,full,edge-files,200,3.390017
2026-09-17T03:28:55.464517472Z,static,full,edge-files,200,4.240966
2026-09-17T03:28:55.524227968Z,static,full,edge-files,200,3.880018
2026-09-17T03:28:55.584111676Z,static,full,edge-files,200,4.122117
2026-09-17T03:28:55.64300727Z,static,full,edge-files,200,3.147027
2026-09-17T03:28:55.703782291Z,static,full,edge-files,200,3.985256
2026-09-17T03:28:55.762431912Z,static,full,edge-files,200,2.90899
2026-09-17T03:28:55.823657807Z,static,full,edge-files,200,3.370188
2026-09-17T03:28:55.882832147Z,static,full,edge-files,200,3.226294
2026-09-17T03:28:55.943019964Z,static,full,edge-files,200,3.308191
2026-09-17T03:28:56.004243676Z,static,full,edge-files,200,4.333574
2026-09-17T03:28:56.063542258Z,static,full,edge-files,200,3.492254
2026-09-17T03:28:56.12381027Z,static,full,edge-files,200,3.519916
2026-09-17T03:28:56.182856511Z,static,full,edge-files,200,2.944642
2026-09-17T03:28:56.243144466Z,static,full,edge-files,200,3.357333
2026-09-17T03:28:56.303717692Z,static,full,edge-files,200,3.822379
2026-09-17T03:28:56.363469475Z,static,full,edge-files,200,3.143883
2026-09-17T03:28:56.423068227Z,static,full,edge-files,200,2.885627
2026-09-17T03:28:56.483206936Z,static,full,edge-files,200,3.14973
2026-09-17T03:28:56.542552344Z,static,full,edge-files,200,2.754169
2026-09-17T03:28:56.603403759Z,static,full,edge-files,200,3.04347
2026-09-17T03:28:56.667711618Z,static,full,edge-files,200,7.578153
2026-09-17T03:28:56.727467926Z,static,full,edge-files,200,7.785137
2026-09-17T03:28:56.784144789Z,static,full,edge-files,200,3.839055
2026-09-17T03:28:56.84325803Z,static,full,edge-files,200,3.290179
2026-09-17T03:28:56.902993591Z,static,full,edge-files,200,3.035249
2026-09-17T03:28:56.962323104Z,static,full,edge-files,200,2.692123
2026-09-17T03:28:57.023664418Z,static,full,edge-files,200,3.69253
2026-09-17T03:28:57.084553622Z,static,full,edge-files,200,4.211289
2026-09-17T03:28:57.144332263Z,static,full,edge-files,200,4.047766
2026-09-17T03:28:57.203275435Z,static,full,edge-files,200,3.401557
2026-09-17T03:28:57.263727353Z,static,full,edge-files,200,3.384046
2026-09-17T03:28:57.322892192Z,static,full,edge-files,200,3.457341
2026-09-17T03:28:57.382720552Z,static,full,edge-files,200,3.069493
2026-09-17T03:28:57.442941001Z,static,full,edge-files,200,2.704308
2026-09-17T03:28:57.502699085Z,static,full,edge-files,200,2.966448
2026-09-17T03:28:57.563721344Z,static,full,edge-files,200,3.3778
2026-09-17T03:28:57.622675278Z,static,full,edge-files,200,3.329033
2026-09-17T03:28:57.683877012Z,static,full,edge-files,200,3.473328
2026-09-17T03:28:57.743326442Z,static,full,edge-files,200,3.487644
2026-09-17T03:28:57.803237807Z,static,full,edge-files,200,3.665387
2026-09-17T03:28:57.864234125Z,static,full,edge-files,200,4.393742
2026-09-17T03:28:57.923369812Z,static,full,edge-files,200,3.542327
2026-09-17T03:28:57.982605072Z,static,full,edge-files,200,3.316985
2026-09-17T03:28:58.042336246Z,static,full,edge-files,200,2.866326
2026-09-17T03:28:58.102874553Z,static,full,edge-files,200,2.870327
2026-09-17T03:28:58.162911788Z,static,full,edge-files,200,3.506475
2026-09-17T03:28:58.223104716Z,static,full,edge-files,200,3.250206
2026-09-17T03:28:58.283166707Z,static,full,edge-files,200,3.246425
2026-09-17T03:28:58.343376735Z,static,full,edge-files,200,3.429454
2026-09-17T03:28:58.403281201Z,static,full,edge-files,200,3.092049
2026-09-17T03:28:58.463713591Z,static,full,edge-files,200,3.617323
2026-09-17T03:28:58.522595403Z,static,full,edge-files,200,3.166549
2026-09-17T03:28:58.583730237Z,static,full,edge-files,200,3.569199
2026-09-17T03:28:58.642186034Z,static,full,edge-files,200,2.705055
2026-09-17T03:28:58.703123527Z,static,full,edge-files,200,3.184145
2026-09-17T03:28:58.763324585Z,static,full,edge-files,200,3.218074
2026-09-17T03:28:58.823680963Z,static,full,edge-files,200,3.474413
2026-09-17T03:28:58.883160426Z,static,full,edge-files,200,3.590651
2026-09-17T03:28:58.943389521Z,static,full,edge-files,200,3.538627
2026-09-17T03:28:59.003510442Z,static,full,edge-files,200,3.187655
2026-09-17T03:28:59.063587316Z,static,full,edge-files,200,3.399107
2026-09-17T03:28:59.1233349Z,static,full,edge-files,200,2.989241
2026-09-17T03:28:59.183139228Z,static,full,edge-files,200,3.072602
2026-09-17T03:28:59.242974628Z,static,full,edge-files,200,3.130136
2026-09-17T03:28:59.302829229Z,static,full,edge-files,200,3.100005
2026-09-17T03:28:59.363343994Z,static,full,edge-files,200,3.806692
2026-09-17T03:28:59.42358767Z,static,full,edge-files,200,3.587556
2026-09-17T03:28:59.484555005Z,static,full,edge-files,200,4.234409
2026-09-17T03:28:59.543889898Z,static,full,edge-files,200,3.631619
2026-09-17T03:28:59.603152555Z,static,full,edge-files,200,3.44754
2026-09-17T03:28:59.664126307Z,static,full,edge-files,200,3.846449
2026-09-17T03:28:59.722986762Z,static,full,edge-files,200,3.098189
2026-09-17T03:28:59.783174634Z,static,full,edge-files,200,3.317741
2026-09-17T03:28:59.843726034Z,static,full,edge-files,200,3.726357
2026-09-17T03:28:59.902940007Z,static,full,edge-files,200,3.617959
2026-09-17T03:28:59.963195373Z,static,full,edge-files,200,3.603533
2026-09-17T03:29:00.022844998Z,static,full,edge-files,200,3.033659
2026-09-17T03:29:00.082789247Z,static,full,edge-files,200,3.018818
2026-09-17T03:29:00.143545721Z,static,full,edge-files,200,3.676847
2026-09-17T03:29:00.203437387Z,static,full,edge-files,200,3.23348
2026-09-17T03:29:00.264158678Z,static,full,edge-files,200,4.260326
2026-09-17T03:29:00.322653863Z,static,full,edge-files,200,2.745326
2026-09-17T03:29:00.384426434Z,static,full,edge-files,200,4.121272
2026-09-17T03:29:00.443577392Z,static,full,edge-files,200,3.284638
2026-09-17T03:29:00.50344187Z,static,full,edge-files,200,3.212494
2026-09-17T03:29:00.563932289Z,static,full,edge-files,200,3.769335
2026-09-17T03:29:00.62291075Z,static,full,edge-files,200,3.222913
2026-09-17T03:29:00.682808361Z,static,full,edge-files,200,2.917177
2026-09-17T03:29:00.742804594Z,static,full,edge-files,200,3.32472
2026-09-17T03:29:00.802692118Z,static,full,edge-files,200,3.167315
2026-09-17T03:29:00.862802945Z,static,full,edge-files,200,3.491354
2026-09-17T03:29:00.923710186Z,static,full,edge-files,200,3.735557
2026-09-17T03:29:00.982662759Z,static,full,edge-files,200,3.129367
2026-09-17T03:29:01.042587195Z,static,full,edge-files,200,3.153158
2026-09-17T03:29:01.103881475Z,static,full,edge-files,200,3.759978
2026-09-17T03:29:01.163287473Z,static,full,edge-files,200,3.615973
2026-09-17T03:29:01.223646413Z,static,full,edge-files,200,3.656836
2026-09-17T03:29:01.28307325Z,static,full,edge-files,200,3.606846
2026-09-17T03:29:01.343652158Z,static,full,edge-files,200,3.819138
2026-09-17T03:29:01.402682366Z,static,full,edge-files,200,3.394116
2026-09-17T03:29:01.463756971Z,static,full,edge-files,200,3.463676
2026-09-17T03:29:01.522183134Z,static,full,edge-files,200,2.821185
2026-09-17T03:29:01.583831752Z,static,full,edge-files,200,3.584952
2026-09-17T03:29:01.64326688Z,static,full,edge-files,200,3.912789
2026-09-17T03:29:01.703057357Z,static,full,edge-files,200,3.021499
2026-09-17T03:29:01.763369143Z,static,full,edge-files,200,3.464952
2026-09-17T03:29:01.823366257Z,static,full,edge-files,200,3.402521
2026-09-17T03:29:01.883184666Z,static,full,edge-files,200,3.127126
2026-09-17T03:29:01.942870455Z,static,full,edge-files,200,2.872927
2026-09-17T03:29:02.003351544Z,static,full,edge-files,200,3.861161
2026-09-17T03:29:02.063304379Z,static,full,edge-files,200,3.169276
2026-09-17T03:29:02.123037352Z,static,full,edge-files,200,3.004663
2026-09-17T03:29:02.182550571Z,static,full,edge-files,200,2.891718
2026-09-17T03:29:02.242794222Z,static,full,edge-files,200,3.516766
2026-09-17T03:29:02.30285467Z,static,full,edge-files,200,3.284928
2026-09-17T03:29:02.362758093Z,static,full,edge-files,200,2.935847
2026-09-17T03:29:02.422948781Z,static,full,edge-files,200,3.637834
2026-09-17T03:29:02.483076845Z,static,full,edge-files,200,3.361624
2026-09-17T03:29:02.542971948Z,static,full,edge-files,200,3.023659
2026-09-17T03:29:02.603398823Z,static,full,edge-files,200,3.321011
2026-09-17T03:29:02.662837682Z,static,full,edge-files,200,3.346564
2026-09-17T03:29:02.722313494Z,static,full,edge-files,200,2.739436
2026-09-17T03:29:02.78339886Z,static,full,edge-files,200,3.227874
2026-09-17T03:29:02.843737684Z,static,full,edge-files,200,3.638598
2026-09-17T03:29:02.903035397Z,static,full,edge-files,200,3.674237
2026-09-17T03:29:02.963684732Z,static,full,edge-files,200,3.868045
2026-09-17T03:29:03.023429081Z,static,full,edge-files,200,3.00801
2026-09-17T03:29:03.085208069Z,static,full,edge-files,200,5.095569
2026-09-17T03:29:03.144052872Z,static,full,edge-files,200,4.210747
2026-09-17T03:29:03.203158995Z,static,full,edge-files,200,3.417895
2026-09-17T03:29:03.263773469Z,static,full,edge-files,200,3.888417
2026-09-17T03:29:03.322840344Z,static,full,edge-files,200,3.053653
2026-09-17T03:29:03.385727992Z,static,full,edge-files,200,5.652937
2026-09-17T03:29:03.44274512Z,static,full,edge-files,200,3.136939
2026-09-17T03:29:03.502586239Z,static,full,edge-files,200,3.217066
2026-09-17T03:29:03.564315073Z,static,full,edge-files,200,4.865152
2026-09-17T03:29:03.623256784Z,static,full,edge-files,200,3.227777
2026-09-17T03:29:03.683186846Z,static,full,edge-files,200,3.168888
2026-09-17T03:29:03.743666618Z,static,full,edge-files,200,3.579494
2026-09-17T03:29:03.802428525Z,static,full,edge-files,200,2.987689
2026-09-17T03:29:03.862894152Z,static,full,edge-files,200,3.53527
2026-09-17T03:29:03.922569599Z,static,full,edge-files,200,3.034462
2026-09-17T03:29:03.982599353Z,static,full,edge-files,200,3.235287
2026-09-17T03:29:04.043553652Z,static,full,edge-files,200,3.383108
2026-09-17T03:29:04.102306474Z,static,full,edge-files,200,2.971061
2026-09-17T03:29:04.163119998Z,static,full,edge-files,200,3.059774
2026-09-17T03:29:04.223142851Z,static,full,edge-files,200,3.309023
2026-09-17T03:29:04.283032364Z,static,full,edge-files,200,3.108613
2026-09-17T03:29:04.343477079Z,static,full,edge-files,200,3.572572
2026-09-17T03:29:04.403612561Z,static,full,edge-files,200,3.502217
2026-09-17T03:29:04.462748677Z,static,full,edge-files,200,3.417101
2026-09-17T03:29:04.522301484Z,static,full,edge-files,200,2.765221
2026-09-17T03:29:04.582941845Z,static,full,edge-files,200,2.940898
2026-09-17T03:29:04.643464526Z,static,full,edge-files,200,3.528143
2026-09-17T03:29:04.703697726Z,static,full,edge-files,200,3.573283
2026-09-17T03:29:04.762491948Z,static,full,edge-files,200,3.089766
2026-09-17T03:29:04.823231816Z,static,full,edge-files,200,2.981822
2026-09-17T03:29:04.88260839Z,static,full,edge-files,200,2.696196
2026-09-17T03:29:04.943133642Z,static,full,edge-files,200,3.613656
2026-09-17T03:29:05.003832347Z,static,full,edge-files,200,4.012321
2026-09-17T03:29:05.063155356Z,static,full,edge-files,200,3.636588
2026-09-17T03:29:05.122910999Z,static,full,edge-files,200,3.02158
2026-09-17T03:29:05.182733487Z,static,full,edge-files,200,3.028151
2026-09-17T03:29:05.243893702Z,static,full,edge-files,200,4.2532
2026-09-17T03:29:05.302632453Z,static,full,edge-files,200,3.096352
2026-09-17T03:29:05.364467816Z,static,full,edge-files,200,4.11992
2026-09-17T03:29:05.423279103Z,static,full,edge-files,200,3.203406
2026-09-17T03:29:05.48289974Z,static,full,edge-files,200,3.173163
2026-09-17T03:29:05.542712947Z,static,full,edge-files,200,3.215431
2026-09-17T03:29:05.602493002Z,static,full,edge-files,200,3.221796
2026-09-17T03:29:05.663395907Z,static,full,edge-files,200,3.122788
2026-09-17T03:29:05.723116472Z,static,full,edge-files,200,3.038042
2026-09-17T03:29:05.783099873Z,static,full,edge-files,200,3.21124
2026-09-17T03:29:05.843272848Z,static,full,edge-files,200,3.472675
2026-09-17T03:29:05.903568037Z,static,full,edge-files,200,3.465765
2026-09-17T03:29:05.963875912Z,static,full,edge-files,200,3.590688
2026-09-17T03:29:06.02265293Z,static,full,edge-files,200,3.076685
2026-09-17T03:29:06.083141118Z,static,full,edge-files,200,3.678596
2026-09-17T03:29:06.143912394Z,static,full,edge-files,200,3.937846
2026-09-17T03:29:06.203074017Z,static,full,edge-files,200,3.531955
2026-09-17T03:29:06.263327037Z,static,full,edge-files,200,3.27415
2026-09-17T03:29:06.322874365Z,static,full,edge-files,200,2.774792
2026-09-17T03:29:06.382846534Z,static,full,edge-files,200,3.095106
2026-09-17T03:29:06.443697101Z,static,full,edge-files,200,4.132951
2026-09-17T03:29:06.50262281Z,static,full,edge-files,200,3.226717
2026-09-17T03:29:06.562613311Z,static,full,edge-files,200,3.302722
2026-09-17T03:29:06.623477238Z,static,full,edge-files,200,3.223457
2026-09-17T03:29:06.683628582Z,static,full,edge-files,200,3.189194
2026-09-17T03:29:06.744030734Z,static,full,edge-files,200,3.78513
2026-09-17T03:29:06.802500208Z,static,full,edge-files,200,2.849447
2026-09-17T03:29:06.863314222Z,static,full,edge-files,200,2.985128
2026-09-17T03:29:06.922987739Z,static,full,edge-files,200,2.901536
2026-09-17T03:29:06.982832255Z,static,full,edge-files,200,3.175212
2026-09-17T03:29:07.043817417Z,static,full,edge-files,200,4.202021
2026-09-17T03:29:07.102262876Z,static,full,edge-files,200,2.936054
2026-09-17T03:29:07.163434711Z,static,full,edge-files,200,3.384398
2026-09-17T03:29:07.223897898Z,static,full,edge-files,200,3.460198
2026-09-17T03:29:07.283104735Z,static,full,edge-files,200,3.465956
2026-09-17T03:29:07.343477089Z,static,full,edge-files,200,3.647899
2026-09-17T03:29:07.403193099Z,static,full,edge-files,200,3.015241
2026-09-17T03:29:07.463350879Z,static,full,edge-files,200,3.222102
2026-09-17T03:29:07.523603143Z,static,full,edge-files,200,3.354436
2026-09-17T03:29:07.583158383Z,static,full,edge-files,200,3.615016
2026-09-17T03:29:07.642683288Z,static,full,edge-files,200,3.284561
2026-09-17T03:29:07.702789634Z,static,full,edge-files,200,2.972213
2026-09-17T03:29:07.762901824Z,static,full,edge-files,200,3.068961
2026-09-17T03:29:07.823057991Z,static,full,edge-files,200,3.359526
2026-09-17T03:29:07.882771471Z,static,full,edge-files,200,2.979708
2026-09-17T03:29:07.942758202Z,static,full,edge-files,200,3.249893
2026-09-17T03:29:08.00225876Z,static,full,edge-files,200,2.848583
2026-09-17T03:29:08.064900748Z,static,full,edge-files,200,4.774795
2026-09-17T03:29:08.12319977Z,static,full,edge-files,200,3.590689
2026-09-17T03:29:08.182867173Z,static,full,edge-files,200,2.960932
2026-09-17T03:29:08.242781038Z,static,full,edge-files,200,2.972002
2026-09-17T03:29:08.302525455Z,static,full,edge-files,200,2.946825
2026-09-17T03:29:08.363324798Z,static,full,edge-files,200,3.865185
2026-09-17T03:29:08.423537486Z,static,full,edge-files,200,3.502787
2026-09-17T03:29:08.483792237Z,static,full,edge-files,200,3.399029
2026-09-17T03:29:08.542615039Z,static,full,edge-files,200,3.220076
2026-09-17T03:29:08.602759211Z,static,full,edge-files,200,3.370788
2026-09-17T03:29:08.663008012Z,static,full,edge-files,200,3.603681
2026-09-17T03:29:08.723147976Z,static,full,edge-files,200,3.220961
2026-09-17T03:29:08.782802497Z,static,full,edge-files,200,2.832932
2026-09-17T03:29:08.842735507Z,static,full,edge-files,200,3.1549
2026-09-17T03:29:08.904048164Z,static,full,edge-files,200,3.837828
2026-09-17T03:29:08.962672646Z,static,full,edge-files,200,2.88138
2026-09-17T03:29:09.022961699Z,static,full,edge-files,200,3.460024
2026-09-17T03:29:09.082862224Z,static,full,edge-files,200,3.265789
2026-09-17T03:29:09.143517995Z,static,full,edge-files,200,3.872446
2026-09-17T03:29:09.203397742Z,static,full,edge-files,200,3.227221
2026-09-17T03:29:09.263013661Z,static,full,edge-files,200,2.780033
2026-09-17T03:29:09.323460047Z,static,full,edge-files,200,3.439593
2026-09-17T03:29:09.384252069Z,static,full,edge-files,200,3.949511
2026-09-17T03:29:09.443824288Z,static,full,edge-files,200,3.858265
2026-09-17T03:29:09.502277602Z,static,full,edge-files,200,2.742554
2026-09-17T03:29:09.563037536Z,static,full,edge-files,200,3.0793
2026-09-17T03:29:09.622769902Z,static,full,edge-files,200,3.023911
2026-09-17T03:29:09.68277178Z,static,full,edge-files,200,3.215342
2026-09-17T03:29:09.74532003Z,static,full,edge-files,200,5.953485
2026-09-17T03:29:09.803235703Z,static,full,edge-files,200,3.334645
2026-09-17T03:29:09.863049992Z,static,full,edge-files,200,3.105602
2026-09-17T03:29:09.922921614Z,static,full,edge-files,200,3.122599
2026-09-17T03:29:09.984238455Z,static,full,edge-files,200,4.379749
2026-09-17T03:29:10.043240231Z,static,full,edge-files,200,3.207735
2026-09-17T03:29:10.102703081Z,static,full,edge-files,200,2.831826
2026-09-17T03:29:10.162373583Z,static,full,edge-files,200,2.976107
2026-09-17T03:29:10.22303452Z,static,full,edge-files,200,2.907727
2026-09-17T03:29:10.284611867Z,static,full,edge-files,200,4.621378
2026-09-17T03:29:10.343664791Z,static,full,edge-files,200,3.450999
2026-09-17T03:29:10.402620465Z,static,full,edge-files,200,3.289792
2026-09-17T03:29:10.463949128Z,static,full,edge-files,200,3.421665
2026-09-17T03:29:10.524390193Z,static,full,edge-files,200,4.642544
2026-09-17T03:29:10.584388265Z,static,full,edge-files,200,4.332601
2026-09-17T03:29:10.643949763Z,static,full,edge-files,200,3.697612
2026-09-17T03:29:10.702524896Z,static,full,edge-files,200,2.825066
2026-09-17T03:29:10.763359951Z,static,full,edge-files,200,3.750056
2026-09-17T03:29:10.823598746Z,static,full,edge-files,200,3.575688
2026-09-17T03:29:10.882789503Z,static,full,edge-files,200,3.381735
2026-09-17T03:29:10.942450071Z,static,full,edge-files,200,2.924712
2026-09-17T03:29:11.002713215Z,static,full,edge-files,200,3.383522
2026-09-17T03:29:11.063382198Z,static,full,edge-files,200,3.987573
2026-09-17T03:29:11.122857086Z,static,full,edge-files,200,2.792496
2026-09-17T03:29:11.182906524Z,static,full,edge-files,200,3.397307
2026-09-17T03:29:11.242136696Z,static,full,edge-files,200,2.620183
2026-09-17T03:29:11.302646079Z,static,full,edge-files,200,2.808967
2026-09-17T03:29:11.363902641Z,static,full,edge-files,200,3.609583
2026-09-17T03:29:11.422983731Z,static,full,edge-files,200,3.477319
2026-09-17T03:29:11.482988635Z,static,full,edge-files,200,3.24286
2026-09-17T03:29:11.544331193Z,static,full,edge-files,200,4.558423
2026-09-17T03:29:11.602979524Z,static,full,edge-files,200,3.025104
2026-09-17T03:29:11.663785091Z,static,full,edge-files,200,3.726208
2026-09-17T03:29:11.722726633Z,static,full,edge-files,200,3.309576
2026-09-17T03:29:11.783661181Z,static,full,edge-files,200,3.309856
2026-09-17T03:29:11.842519907Z,static,full,edge-files,200,3.090749
2026-09-17T03:29:11.904403007Z,static,full,edge-files,200,4.13397
2026-09-17T03:29:11.963507974Z,static,full,edge-files,200,3.355755
2026-09-17T03:29:12.023721714Z,static,full,edge-files,200,3.462238
2026-09-17T03:29:12.08399769Z,static,full,edge-files,200,4.298933
2026-09-17T03:29:12.143768578Z,static,full,edge-files,200,3.926603
2026-09-17T03:29:12.202291638Z,static,full,edge-files,200,2.677427
2026-09-17T03:29:12.26318194Z,static,full,edge-files,200,2.991981
2026-09-17T03:29:12.323148524Z,static,full,edge-files,200,3.012703
2026-09-17T03:29:12.383267542Z,static,full,edge-files,200,3.150818
2026-09-17T03:29:12.44455091Z,static,full,edge-files,200,4.471316
2026-09-17T03:29:12.502439023Z,static,full,edge-files,200,3.091279
2026-09-17T03:29:12.562934086Z,static,full,edge-files,200,2.880863
2026-09-17T03:29:12.622650781Z,static,full,edge-files,200,2.992136
2026-09-17T03:29:12.68339708Z,static,full,edge-files,200,3.268032
2026-09-17T03:29:12.743989041Z,static,full,edge-files,200,3.813724
2026-09-17T03:29:12.802769491Z,static,full,edge-files,200,3.044865
2026-09-17T03:29:12.862955401Z,static,full,edge-files,200,3.173425
2026-09-17T03:29:12.923253649Z,static,full,edge-files,200,3.379101
2026-09-17T03:29:12.983068208Z,static,full,edge-files,200,3.154674
2026-09-17T03:29:13.043514628Z,static,full,edge-files,200,3.5771
2026-09-17T03:29:13.104097203Z,static,full,edge-files,200,3.904917
2026-09-17T03:29:13.163987234Z,static,full,edge-files,200,4.018531
2026-09-17T03:29:13.223722133Z,static,full,edge-files,200,3.95823
2026-09-17T03:29:13.283231515Z,static,full,edge-files,200,3.586877
2026-09-17T03:29:13.343568006Z,static,full,edge-files,200,3.488455
2026-09-17T03:29:13.40316532Z,static,full,edge-files,200,2.72352
2026-09-17T03:29:13.463768501Z,static,full,edge-files,200,3.712677
2026-09-17T03:29:13.523177729Z,static,full,edge-files,200,3.675548
2026-09-17T03:29:13.583683394Z,static,full,edge-files,200,3.685204
2026-09-17T03:29:13.642424721Z,static,full,edge-files,200,3.054226
2026-09-17T03:29:13.702571182Z,static,full,edge-files,200,3.15794
2026-09-17T03:29:13.764128131Z,static,full,edge-files,200,3.76274
2026-09-17T03:29:13.823686512Z,static,full,edge-files,200,3.783392
2026-09-17T03:29:13.882741433Z,static,full,edge-files,200,3.150403
2026-09-17T03:29:13.942845525Z,static,full,edge-files,200,3.25636
2026-09-17T03:29:14.002501794Z,static,full,edge-files,200,2.868806
2026-09-17T03:29:14.064071619Z,static,full,edge-files,200,3.820536
2026-09-17T03:29:14.124381843Z,static,full,edge-files,200,4.450309
2026-09-17T03:29:14.183951116Z,static,full,edge-files,200,3.793179
2026-09-17T03:29:14.242805028Z,static,full,edge-files,200,3.488715
2026-09-17T03:29:14.302747854Z,static,full,edge-files,200,3.065667
2026-09-17T03:29:14.363049174Z,static,full,edge-files,200,3.414829
2026-09-17T03:29:14.423005012Z,static,full,edge-files,200,3.305205
2026-09-17T03:29:14.48312436Z,static,full,edge-files,200,3.344487
2026-09-17T03:29:14.543508775Z,static,full,edge-files,200,3.344159
2026-09-17T03:29:14.602780223Z,static,full,edge-files,200,3.184741
2026-09-17T03:29:14.663735841Z,static,full,edge-files,200,4.335643
2026-09-17T03:29:14.723519811Z,static,full,edge-files,200,4.169647
2026-09-17T03:29:14.78346395Z,static,full,edge-files,200,3.293015
2026-09-17T03:29:14.843440683Z,static,full,edge-files,200,3.160919
2026-09-17T03:29:14.903216201Z,static,full,edge-files,200,3.077147
2026-09-17T03:29:14.963430672Z,static,full,edge-files,200,3.36465
2026-09-17T03:29:15.023565063Z,static,full,edge-files,200,3.213389
2026-09-17T03:29:15.083172372Z,static,full,edge-files,200,3.054156
2026-09-17T03:29:15.144364989Z,static,full,edge-files,200,4.419191
2026-09-17T03:29:15.203333853Z,static,full,edge-files,200,3.179376
2026-09-17T03:29:15.263103301Z,static,full,edge-files,200,3.094049
2026-09-17T03:29:15.322909256Z,static,full,edge-files,200,3.003792
2026-09-17T03:29:15.382417046Z,static,full,edge-files,200,2.830559
2026-09-17T03:29:15.443568521Z,static,full,edge-files,200,3.618754
2026-09-17T03:29:15.504182913Z,static,full,edge-files,200,3.861513
2026-09-17T03:29:15.563537632Z,static,full,edge-files,200,3.644805
2026-09-17T03:29:15.625183555Z,static,full,edge-files,200,4.644594
2026-09-17T03:29:15.682646174Z,static,full,edge-files,200,2.836005
2026-09-17T03:29:15.742292925Z,static,full,edge-files,200,2.933297
2026-09-17T03:29:15.802430941Z,static,full,edge-files,200,2.636233
2026-09-17T03:29:15.863619102Z,static,full,edge-files,200,3.544639
2026-09-17T03:29:15.923736057Z,static,full,edge-files,200,3.40613
2026-09-17T03:29:15.982206184Z,static,full,edge-files,200,2.882383
2026-09-17T03:29:16.044130611Z,static,full,edge-files,200,4.051903
2026-09-17T03:29:16.103894967Z,static,full,edge-files,200,4.14499
2026-09-17T03:29:16.164086708Z,static,full,edge-files,200,4.382708
2026-09-17T03:29:16.22405226Z,static,full,edge-files,200,4.180463
2026-09-17T03:29:16.283400942Z,static,full,edge-files,200,3.6308
2026-09-17T03:29:16.34304418Z,static,full,edge-files,200,2.936837
2026-09-17T03:29:16.403246221Z,static,full,edge-files,200,3.509461
2026-09-17T03:29:16.463217593Z,static,full,edge-files,200,3.338527
2026-09-17T03:29:16.523547895Z,static,full,edge-files,200,3.418195
2026-09-17T03:29:16.583237935Z,static,full,edge-files,200,2.962784
2026-09-17T03:29:16.644046181Z,static,full,edge-files,200,4.044863
2026-09-17T03:29:16.702829693Z,static,full,edge-files,200,3.096959
2026-09-17T03:29:16.763310364Z,static,full,edge-files,200,3.818335
2026-09-17T03:29:16.823250644Z,static,full,edge-files,200,3.17476
2026-09-17T03:29:16.88272949Z,static,full,edge-files,200,2.865017
2026-09-17T03:29:16.943697165Z,static,full,edge-files,200,4.071401
2026-09-17T03:29:17.003942172Z,static,full,edge-files,200,3.637611
2026-09-17T03:29:17.063340191Z,static,full,edge-files,200,3.735418
2026-09-17T03:29:17.12353041Z,static,full,edge-files,200,3.472109
2026-09-17T03:29:17.182986282Z,static,full,edge-files,200,2.843664
2026-09-17T03:29:17.243442103Z,static,full,edge-files,200,3.586357
2026-09-17T03:29:17.303153815Z,static,full,edge-files,200,2.929937
2026-09-17T03:29:17.363585687Z,static,full,edge-files,200,3.495275
2026-09-17T03:29:17.423795284Z,static,full,edge-files,200,3.357519
2026-09-17T03:29:17.482741267Z,static,full,edge-files,200,3.166865
2026-09-17T03:29:17.54324647Z,static,full,edge-files,200,3.686275
2026-09-17T03:29:17.602966905Z,static,full,edge-files,200,3.074683
2026-09-17T03:29:17.663312935Z,static,full,edge-files,200,3.476349
2026-09-17T03:29:17.722372237Z,static,full,edge-files,200,2.767994
2026-09-17T03:29:17.784000665Z,static,full,edge-files,200,3.885736
2026-09-17T03:29:17.843397536Z,static,full,edge-files,200,3.797588
2026-09-17T03:29:17.90500222Z,static,full,edge-files,200,4.491193
2026-09-17T03:29:17.963562899Z,static,full,edge-files,200,3.403702
2026-09-17T03:29:18.023218746Z,static,full,edge-files,200,3.776307
2026-09-17T03:29:18.082963031Z,static,full,edge-files,200,2.809917
2026-09-17T03:29:18.142920263Z,static,full,edge-files,200,3.157044
2026-09-17T03:29:18.202976082Z,static,full,edge-files,200,3.075327
2026-09-17T03:29:18.262886269Z,static,full,edge-files,200,3.100689
2026-09-17T03:29:18.323392654Z,static,full,edge-files,200,3.689854
2026-09-17T03:29:18.38302866Z,static,full,edge-files,200,3.008643
2026-09-17T03:29:18.443329182Z,static,full,edge-files,200,3.456772
2026-09-17T03:29:18.504021263Z,static,full,edge-files,200,3.617111
2026-09-17T03:29:18.562473712Z,static,full,edge-files,200,2.866766
2026-09-17T03:29:18.624054308Z,static,full,edge-files,200,3.790993
2026-09-17T03:29:18.682073999Z,static,full,edge-files,200,2.896773
2026-09-17T03:29:18.742375373Z,static,full,edge-files,200,3.507146
2026-09-17T03:29:18.80324859Z,static,full,edge-files,200,4.27435
2026-09-17T03:29:18.864902009Z,static,full,edge-files,200,5.74506
2026-09-17T03:29:18.922832606Z,static,full,edge-files,200,3.217956
2026-09-17T03:29:18.983686653Z,static,full,edge-files,200,3.799055
2026-09-17T03:29:19.042776586Z,static,full,edge-files,200,3.53045
2026-09-17T03:29:19.10361014Z,static,full,edge-files,200,4.332926
2026-09-17T03:29:19.162260359Z,static,full,edge-files,200,2.999919
2026-09-17T03:29:19.222857911Z,static,full,edge-files,200,3.965252
2026-09-17T03:29:19.282074428Z,static,full,edge-files,200,3.359953
2026-09-17T03:29:19.342151989Z,static,full,edge-files,200,3.476171
2026-09-17T03:29:19.402948067Z,static,full,edge-files,200,4.240519
2026-09-17T03:29:19.462821744Z,static,full,edge-files,200,3.325434
2026-09-17T03:29:19.522500457Z,static,full,edge-files,200,2.88201
2026-09-17T03:29:19.582594149Z,static,full,edge-files,200,3.376678
2026-09-17T03:29:19.64342524Z,static,full,edge-files,200,4.176865
2026-09-17T03:29:19.702865354Z,static,full,edge-files,200,3.620806
2026-09-17T03:29:19.763419738Z,static,full,edge-files,200,3.69724
2026-09-17T03:29:19.821991893Z,static,full,edge-files,200,2.892566
2026-09-17T03:29:19.882336632Z,static,full,edge-files,200,2.88748
2026-09-17T03:29:19.942577627Z,static,full,edge-files,200,3.381194
2026-09-17T03:29:20.002257629Z,static,full,edge-files,200,3.028362
2026-09-17T03:29:20.061971403Z,static,full,edge-files,200,2.837937
2026-09-17T03:29:20.122789593Z,static,full,edge-files,200,3.105677
2026-09-17T03:29:20.182339096Z,static,full,edge-files,200,2.875546
2026-09-17T03:29:20.242913664Z,static,full,edge-files,200,3.553282
2026-09-17T03:29:20.302988137Z,static,full,edge-files,200,3.489506
2026-09-17T03:29:20.362914598Z,static,full,edge-files,200,3.766309
2026-09-17T03:29:20.422747518Z,static,full,edge-files,200,3.213662
2026-09-17T03:29:20.481561008Z,static,full,edge-files,200,2.689046
2026-09-17T03:29:20.542652878Z,static,full,edge-files,200,3.134969
2026-09-17T03:29:20.60286196Z,static,full,edge-files,200,3.601462
2026-09-17T03:29:20.663505715Z,static,full,edge-files,200,3.916815
2026-09-17T03:29:20.724697423Z,static,full,edge-files,200,5.188176
2026-09-17T03:29:20.78260396Z,static,full,edge-files,200,3.368168
2026-09-17T03:29:20.844106251Z,static,full,edge-files,200,4.652206
2026-09-17T03:29:20.9021927Z,static,full,edge-files,200,3.257409
2026-09-17T03:29:20.961991102Z,static,full,edge-files,200,2.906343
2026-09-17T03:29:21.021965737Z,static,full,edge-files,200,3.234609
2026-09-17T03:29:21.082686903Z,static,full,edge-files,200,2.965711
2026-09-17T03:29:21.143532914Z,static,full,edge-files,200,4.174554
2026-09-17T03:29:21.20343125Z,static,full,edge-files,200,4.003865
2026-09-17T03:29:21.263171594Z,static,full,edge-files,200,3.774009
2026-09-17T03:29:21.322649151Z,static,full,edge-files,200,3.720905
2026-09-17T03:29:21.382427219Z,static,full,edge-files,200,3.043247
2026-09-17T03:29:21.443280223Z,static,full,edge-files,200,4.124039
2026-09-17T03:29:21.502408732Z,static,full,edge-files,200,3.453875
2026-09-17T03:29:21.563504631Z,static,full,edge-files,200,4.246338
2026-09-17T03:29:21.622359702Z,static,full,edge-files,200,3.14204
2026-09-17T03:29:21.682067925Z,static,full,edge-files,200,2.798663
2026-09-17T03:29:21.743645081Z,static,full,edge-files,200,3.975594
2026-09-17T03:29:21.802786752Z,static,full,edge-files,200,3.609975
2026-09-17T03:29:21.862750286Z,static,full,edge-files,200,3.15133
2026-09-17T03:29:21.924693612Z,static,full,edge-files,200,5.123012
2026-09-17T03:29:21.982665142Z,static,full,edge-files,200,3.250698
2026-09-17T03:29:22.042847953Z,static,full,edge-files,200,3.426636
2026-09-17T03:29:22.102851397Z,static,full,edge-files,200,3.345497
2026-09-17T03:29:22.162346157Z,static,full,edge-files,200,2.799404
2026-09-17T03:29:22.222335792Z,static,full,edge-files,200,3.197704
2026-09-17T03:29:22.281962048Z,static,full,edge-files,200,2.931219
2026-09-17T03:29:22.343012834Z,static,full,edge-files,200,3.308769
2026-09-17T03:29:22.401836874Z,static,full,edge-files,200,3.203484
2026-09-17T03:29:22.463200955Z,static,full,edge-files,200,3.661289
2026-09-17T03:29:22.523185566Z,static,full,edge-files,200,4.044285
2026-09-17T03:29:22.582758265Z,static,full,edge-files,200,3.061495
2026-09-17T03:29:22.641937868Z,static,full,edge-files,200,3.099551
2026-09-17T03:29:22.701929764Z,static,full,edge-files,200,3.161167
2026-09-17T03:29:22.762734049Z,static,full,edge-files,200,3.14421
2026-09-17T03:29:22.822417776Z,static,full,edge-files,200,2.988832
2026-09-17T03:29:22.882105538Z,static,full,edge-files,200,2.838897
2026-09-17T03:29:22.942183701Z,static,full,edge-files,200,3.059357
2026-09-17T03:29:23.002284616Z,static,full,edge-files,200,3.137165
2026-09-17T03:29:23.062977414Z,static,full,edge-files,200,3.52503
2026-09-17T03:29:23.122910406Z,static,full,edge-files,200,3.145771
2026-09-17T03:29:23.182655638Z,static,full,edge-files,200,3.908685
2026-09-17T03:29:23.24310439Z,static,full,edge-files,200,3.667082
2026-09-17T03:29:23.30206284Z,static,full,edge-files,200,3.116658
2026-09-17T03:29:23.362381574Z,static,full,edge-files,200,3.519408
2026-09-17T03:29:23.42297093Z,static,full,edge-files,200,3.560509
2026-09-17T03:29:23.48297201Z,static,full,edge-files,200,3.234348
2026-09-17T03:29:23.541294548Z,static,full,edge-files,200,2.595573
2026-09-17T03:29:23.602040199Z,static,full,edge-files,200,2.919899
2026-09-17T03:29:23.661821862Z,static,full,edge-files,200,3.032238
2026-09-17T03:29:23.723212404Z,static,full,edge-files,200,3.461555
2026-09-17T03:29:23.783212564Z,static,full,edge-files,200,4.076021
2026-09-17T03:29:23.842285411Z,static,full,edge-files,200,3.142496
2026-09-17T03:29:23.902710622Z,static,full,edge-files,200,3.519756
2026-09-17T03:29:23.964178483Z,static,full,edge-files,200,3.702722
2026-09-17T03:29:24.022402265Z,static,full,edge-files,200,3.304422
2026-09-17T03:29:24.082101764Z,static,full,edge-files,200,2.913347
2026-09-17T03:29:24.142798148Z,static,full,edge-files,200,3.829003
2026-09-17T03:29:24.2025318Z,static,full,edge-files,200,3.021336
2026-09-17T03:29:24.262391402Z,static,full,edge-files,200,3.108341
2026-09-17T03:29:24.322576599Z,static,full,edge-files,200,3.401442
2026-09-17T03:29:24.382634064Z,static,full,edge-files,200,3.387369
2026-09-17T03:29:24.443113403Z,static,full,edge-files,200,3.757742
2026-09-17T03:29:24.50285478Z,static,full,edge-files,200,3.80884
2026-09-17T03:29:24.562339476Z,static,full,edge-files,200,2.898008
2026-09-17T03:29:24.622614556Z,static,full,edge-files,200,3.486066
2026-09-17T03:29:24.682615423Z,static,full,edge-files,200,3.362798
2026-09-17T03:29:24.742526814Z,static,full,edge-files,200,3.20264
2026-09-17T03:29:24.802113388Z,static,full,edge-files,200,2.902162
2026-09-17T03:29:24.862285522Z,static,full,edge-files,200,3.414436
2026-09-17T03:29:24.922250882Z,static,full,edge-files,200,3.124423
2026-09-17T03:29:24.983073652Z,static,full,edge-files,200,3.959552
2026-09-17T03:29:25.04174612Z,static,full,edge-files,200,3.013005
2026-09-17T03:29:25.102341268Z,static,full,edge-files,200,3.030192
2026-09-17T03:29:25.161823286Z,static,full,edge-files,200,2.762401
2026-09-17T03:29:25.222698789Z,static,full,edge-files,200,3.046174
2026-09-17T03:29:25.28283081Z,static,full,edge-files,200,3.07623
2026-09-17T03:29:25.343309118Z,static,full,edge-files,200,3.731566
2026-09-17T03:29:25.402133064Z,static,full,edge-files,200,2.86506
2026-09-17T03:29:25.463270017Z,static,full,edge-files,200,4.230083
2026-09-17T03:29:25.522605483Z,static,full,edge-files,200,3.552451
2026-09-17T03:29:25.582369982Z,static,full,edge-files,200,3.035618
2026-09-17T03:29:25.643251826Z,static,full,edge-files,200,3.816886
2026-09-17T03:29:25.70218678Z,static,full,edge-files,200,3.320783
2026-09-17T03:29:25.762656763Z,static,full,edge-files,200,3.294462
2026-09-17T03:29:25.822825413Z,static,full,edge-files,200,3.172942
2026-09-17T03:29:25.883533463Z,static,full,edge-files,200,4.027703
2026-09-17T03:29:25.942396308Z,static,full,edge-files,200,3.053345
2026-09-17T03:29:26.006412146Z,static,full,edge-files,200,7.048138
2026-09-17T03:29:26.061957012Z,static,full,edge-files,200,3.031082
2026-09-17T03:29:26.122737648Z,static,full,edge-files,200,3.770598
2026-09-17T03:29:26.182446112Z,static,full,edge-files,200,3.099326
2026-09-17T03:29:26.243800883Z,static,full,edge-files,200,4.474611
2026-09-17T03:29:26.302304325Z,static,full,edge-files,200,2.709837
2026-09-17T03:29:26.362077563Z,static,full,edge-files,200,2.960636
2026-09-17T03:29:26.422682477Z,static,full,edge-files,200,3.989265
2026-09-17T03:29:26.481992701Z,static,full,edge-files,200,2.767282
2026-09-17T03:29:26.541878937Z,static,full,edge-files,200,2.88655
2026-09-17T03:29:26.602810574Z,static,full,edge-files,200,3.231107
2026-09-17T03:29:26.662716994Z,static,full,edge-files,200,3.243877
2026-09-17T03:29:26.722841091Z,static,full,edge-files,200,3.432483
2026-09-17T03:29:26.78288477Z,static,full,edge-files,200,3.510354
2026-09-17T03:29:26.843822298Z,static,full,edge-files,200,4.290853
2026-09-17T03:29:26.902645266Z,static,full,edge-files,200,3.197596
2026-09-17T03:29:26.962970999Z,static,full,edge-files,200,3.665356
2026-09-17T03:29:27.022122243Z,static,full,edge-files,200,3.431087
2026-09-17T03:29:27.083092526Z,static,full,edge-files,200,4.344539
2026-09-17T03:29:27.145129607Z,static,full,edge-files,200,5.378539
2026-09-17T03:29:27.203471093Z,static,full,edge-files,200,3.739421
2026-09-17T03:29:27.262166656Z,static,full,edge-files,200,3.294738
2026-09-17T03:29:27.322027159Z,static,full,edge-files,200,3.301963
2026-09-17T03:29:27.382786596Z,static,full,edge-files,200,3.147751
2026-09-17T03:29:27.442407526Z,static,full,edge-files,200,2.949597
2026-09-17T03:29:27.502526574Z,static,full,edge-files,200,3.385801
2026-09-17T03:29:27.563351856Z,static,full,edge-files,200,4.266652
2026-09-17T03:29:27.622227518Z,static,full,edge-files,200,3.147731
2026-09-17T03:29:27.682800707Z,static,full,edge-files,200,3.591422
2026-09-17T03:29:27.746405167Z,static,full,edge-files,200,6.690799
2026-09-17T03:29:27.802651227Z,static,full,edge-files,200,3.470077
2026-09-17T03:29:27.863541485Z,static,full,edge-files,200,4.200102
2026-09-17T03:29:27.923079468Z,static,full,edge-files,200,3.443994
2026-09-17T03:29:27.982711948Z,static,full,edge-files,200,2.951521
2026-09-17T03:29:28.044042919Z,static,full,edge-files,200,4.681785
2026-09-17T03:29:28.102226088Z,static,full,edge-files,200,3.433744
2026-09-17T03:29:28.162411681Z,static,full,edge-files,200,3.579265
2026-09-17T03:29:28.223108629Z,static,full,edge-files,200,3.962249
2026-09-17T03:29:28.282146998Z,static,full,edge-files,200,3.261021
2026-09-17T03:29:28.342042485Z,static,full,edge-files,200,3.120816
2026-09-17T03:29:28.402272382Z,static,full,edge-files,200,3.199292
2026-09-17T03:29:28.462384073Z,static,full,edge-files,200,3.501919
2026-09-17T03:29:28.523099613Z,static,full,edge-files,200,3.810278
2026-09-17T03:29:28.582090073Z,static,full,edge-files,200,3.129825
2026-09-17T03:29:28.641804455Z,static,full,edge-files,200,2.971513
2026-09-17T03:29:28.703654415Z,static,full,edge-files,200,4.079859
2026-09-17T03:29:28.762892421Z,static,full,edge-files,200,3.443589
2026-09-17T03:29:28.82270422Z,static,full,edge-files,200,3.930722
2026-09-17T03:29:28.883069557Z,static,full,edge-files,200,3.705959
2026-09-17T03:29:28.941387291Z,static,full,edge-files,200,2.730834
2026-09-17T03:29:29.002577922Z,static,full,edge-files,200,3.160058
2026-09-17T03:29:29.062552624Z,static,full,edge-files,200,3.215237
2026-09-17T03:29:29.122553892Z,static,full,edge-files,200,3.275322
2026-09-17T03:29:29.183092662Z,static,full,edge-files,200,3.813573
2026-09-17T03:29:29.242915978Z,static,full,edge-files,200,3.091227
2026-09-17T03:29:29.30289038Z,static,full,edge-files,200,3.191791
2026-09-17T03:29:29.362077241Z,static,full,edge-files,200,3.355618
2026-09-17T03:29:29.422367182Z,static,full,edge-files,200,3.508954
2026-09-17T03:29:29.483193339Z,static,full,edge-files,200,4.001933
2026-09-17T03:29:29.541993435Z,static,full,edge-files,200,2.987834
2026-09-17T03:29:29.601628861Z,static,full,edge-files,200,2.951777
2026-09-17T03:29:29.663001475Z,static,full,edge-files,200,3.535081
2026-09-17T03:29:29.7223514Z,static,full,edge-files,200,3.132027
2026-09-17T03:29:29.782971691Z,static,full,edge-files,200,3.730031
2026-09-17T03:29:29.843118947Z,static,full,edge-files,200,3.425959
2026-09-17T03:29:29.902461639Z,static,full,edge-files,200,3.585835
2026-09-17T03:29:29.963316163Z,static,full,edge-files,200,3.607547
2026-09-17T03:29:30.023588293Z,static,full,edge-files,200,4.417479
2026-09-17T03:29:30.082697843Z,static,full,edge-files,200,3.460291
2026-09-17T03:29:30.145479521Z,static,full,edge-files,200,6.168464
2026-09-17T03:29:30.202374531Z,static,full,edge-files,200,3.214682
2026-09-17T03:29:30.262340642Z,static,full,edge-files,200,3.180884
2026-09-17T03:29:30.322622299Z,static,full,edge-files,200,3.471098
2026-09-17T03:29:30.382210556Z,static,full,edge-files,200,2.933441
2026-09-17T03:29:30.442284604Z,static,full,edge-files,200,3.329656
2026-09-17T03:29:30.503136469Z,static,full,edge-files,200,3.601857
2026-09-17T03:29:30.561755481Z,static,full,edge-files,200,3.075236
2026-09-17T03:29:30.623143127Z,static,full,edge-files,200,3.511946
2026-09-17T03:29:30.682048506Z,static,full,edge-files,200,3.370479
2026-09-17T03:29:30.742409364Z,static,full,edge-files,200,3.000916
2026-09-17T03:29:30.801872145Z,static,full,edge-files,200,3.056605
2026-09-17T03:29:30.863115929Z,static,full,edge-files,200,3.606357
2026-09-17T03:29:30.921433869Z,static,full,edge-files,200,2.711428
2026-09-17T03:29:30.983504007Z,static,full,edge-files,200,4.222334
2026-09-17T03:29:31.043187861Z,static,full,edge-files,200,3.801182
2026-09-17T03:29:31.102722309Z,static,full,edge-files,200,3.855895
2026-09-17T03:29:31.162905597Z,static,full,edge-files,200,3.338247
2026-09-17T03:29:31.223232311Z,static,full,edge-files,200,3.631994
2026-09-17T03:29:31.282436818Z,static,full,edge-files,200,3.358467
2026-09-17T03:29:31.341985426Z,static,full,edge-files,200,2.884435
2026-09-17T03:29:31.402601477Z,static,full,edge-files,200,3.602196
2026-09-17T03:29:31.462425012Z,static,full,edge-files,200,3.057024
2026-09-17T03:29:31.522317753Z,static,full,edge-files,200,3.152483
2026-09-17T03:29:31.582722072Z,static,full,edge-files,200,3.631599
2026-09-17T03:29:31.642719661Z,static,full,edge-files,200,3.285513
2026-09-17T03:29:31.702923606Z,static,full,edge-files,200,3.551783
2026-09-17T03:29:31.763160202Z,static,full,edge-files,200,3.555253
2026-09-17T03:29:31.822639886Z,static,full,edge-files,200,3.767895
2026-09-17T03:29:31.882535792Z,static,full,edge-files,200,3.175964
2026-09-17T03:29:31.942740806Z,static,full,edge-files,200,3.102982
2026-09-17T03:29:32.002812781Z,static,full,edge-files,200,3.322536
2026-09-17T03:29:32.063221781Z,static,full,edge-files,200,3.694624
2026-09-17T03:29:32.122364994Z,static,full,edge-files,200,3.345936
2026-09-17T03:29:32.181980973Z,static,full,edge-files,200,2.941835
2026-09-17T03:29:32.242600219Z,static,full,edge-files,200,3.713095
2026-09-17T03:29:32.303036372Z,static,full,edge-files,200,3.809493
2026-09-17T03:29:32.361936956Z,static,full,edge-files,200,3.262144
2026-09-17T03:29:32.423527787Z,static,full,edge-files,200,3.832919
2026-09-17T03:29:32.482504207Z,static,full,edge-files,200,3.180884
2026-09-17T03:29:32.542647037Z,static,full,edge-files,200,2.971682
2026-09-17T03:29:32.60387155Z,static,full,edge-files,200,4.522667
2026-09-17T03:29:32.664144649Z,static,full,edge-files,200,4.622529
2026-09-17T03:29:32.722376422Z,static,full,edge-files,200,3.627909
2026-09-17T03:29:32.781434648Z,static,full,edge-files,200,2.522234
2026-09-17T03:29:32.842815003Z,static,full,edge-files,200,3.39159
2026-09-17T03:29:32.903009073Z,static,full,edge-files,200,3.469122
2026-09-17T03:29:32.962760987Z,static,full,edge-files,200,3.804012
2026-09-17T03:29:33.023585784Z,static,full,edge-files,200,3.934157
2026-09-17T03:29:33.082622863Z,static,full,edge-files,200,3.298833
2026-09-17T03:29:33.142964318Z,static,full,edge-files,200,3.479157
2026-09-17T03:29:33.202321418Z,static,full,edge-files,200,3.222297
2026-09-17T03:29:33.26255051Z,static,full,edge-files,200,3.358294
2026-09-17T03:29:33.322267776Z,static,full,edge-files,200,2.858645
2026-09-17T03:29:33.382206165Z,static,full,edge-files,200,3.025366
2026-09-17T03:29:33.443555354Z,static,full,edge-files,200,4.208238
2026-09-17T03:29:33.503306818Z,static,full,edge-files,200,4.190042
2026-09-17T03:29:33.562303549Z,static,full,edge-files,200,2.975673
2026-09-17T03:29:33.62259737Z,static,full,edge-files,200,3.295358
2026-09-17T03:29:33.682648719Z,static,full,edge-files,200,3.032669
2026-09-17T03:29:33.742226255Z,static,full,edge-files,200,2.907565
2026-09-17T03:29:33.802692444Z,static,full,edge-files,200,3.747907
2026-09-17T03:29:33.862736551Z,static,full,edge-files,200,3.303468
2026-09-17T03:29:33.923075311Z,static,full,edge-files,200,3.52168
2026-09-17T03:29:33.981814113Z,static,full,edge-files,200,2.944351
2026-09-17T03:29:34.04321813Z,static,full,edge-files,200,3.51993
2026-09-17T03:29:34.102870761Z,static,full,edge-files,200,3.90527
2026-09-17T03:29:34.162156665Z,static,full,edge-files,200,3.43891
2026-09-17T03:29:34.221819678Z,static,full,edge-files,200,2.92863
2026-09-17T03:29:34.28282203Z,static,full,edge-files,200,3.036083
2026-09-17T03:29:34.342957348Z,static,full,edge-files,200,3.145731
2026-09-17T03:29:34.403182489Z,static,full,edge-files,200,3.356198
2026-09-17T03:29:34.462745264Z,static,full,edge-files,200,3.495358
2026-09-17T03:29:34.523122382Z,static,full,edge-files,200,3.487498
2026-09-17T03:29:34.582354272Z,static,full,edge-files,200,3.341242
2026-09-17T03:29:34.642404775Z,static,full,edge-files,200,3.312294
2026-09-17T03:29:34.702945585Z,static,full,edge-files,200,3.535211
2026-09-17T03:29:34.762098158Z,static,full,edge-files,200,3.301158
2026-09-17T03:29:34.822901919Z,static,full,edge-files,200,4.11016
2026-09-17T03:29:34.889291844Z,static,full,edge-files,200,9.710203
2026-09-17T03:29:34.942147534Z,static,full,edge-files,200,3.1148
2026-09-17T03:29:35.002758821Z,static,full,edge-files,200,3.808628
2026-09-17T03:29:35.062406595Z,static,full,edge-files,200,3.114195
2026-09-17T03:29:35.122789885Z,static,full,edge-files,200,3.902135
2026-09-17T03:29:35.183810739Z,static,full,edge-files,200,4.450397
2026-09-17T03:29:35.246108017Z,static,full,edge-files,200,6.680474
2026-09-17T03:29:35.302820268Z,static,full,edge-files,200,3.92088
2026-09-17T03:29:35.363033035Z,static,full,edge-files,200,3.560558
2026-09-17T03:29:35.422422209Z,static,full,edge-files,200,3.072352
2026-09-17T03:29:35.482535009Z,static,full,edge-files,200,3.405447
2026-09-17T03:29:35.545686058Z,static,full,edge-files,200,5.326421
2026-09-17T03:29:35.603009946Z,static,full,edge-files,200,3.713567
2026-09-17T03:29:35.662265239Z,static,full,edge-files,200,2.688223
2026-09-17T03:29:35.722119959Z,static,full,edge-files,200,3.044915
2026-09-17T03:29:35.782338837Z,static,full,edge-files,200,3.563309
2026-09-17T03:29:35.842430946Z,static,full,edge-files,200,3.401116
2026-09-17T03:29:35.90335558Z,static,full,edge-files,200,4.201262
2026-09-17T03:29:35.962532042Z,static,full,edge-files,200,3.398197
2026-09-17T03:29:36.022819764Z,static,full,edge-files,200,3.57731
2026-09-17T03:29:36.08288499Z,static,full,edge-files,200,3.291579
2026-09-17T03:29:36.142992309Z,static,full,edge-files,200,3.293938
2026-09-17T03:29:36.204029568Z,static,full,edge-files,200,4.389556
2026-09-17T03:29:36.281008695Z,static,full,edge-files,200,22.158392
2026-09-17T03:29:36.326170171Z,static,full,edge-files,200,6.560271
2026-09-17T03:29:36.383480256Z,static,full,edge-files,200,4.654511
2026-09-17T03:29:36.443097369Z,static,full,edge-files,200,3.70637
2026-09-17T03:29:36.503033764Z,static,full,edge-files,200,4.186876
2026-09-17T03:29:36.563350411Z,static,full,edge-files,200,3.497449
2026-09-17T03:29:36.621820496Z,static,full,edge-files,200,2.879129
2026-09-17T03:29:36.682809976Z,static,full,edge-files,200,3.09939
2026-09-17T03:29:36.742870005Z,static,full,edge-files,200,3.104684
2026-09-17T03:29:36.80412419Z,static,full,edge-files,200,5.201688
2026-09-17T03:29:36.862322135Z,static,full,edge-files,200,3.280978
2026-09-17T03:29:36.922555864Z,static,full,edge-files,200,3.195565
2026-09-17T03:29:36.982671063Z,static,full,edge-files,200,3.354809
2026-09-17T03:29:37.042812138Z,static,full,edge-files,200,3.404797
2026-09-17T03:29:37.10349439Z,static,full,edge-files,200,3.97541
2026-09-17T03:29:37.162954125Z,static,full,edge-files,200,3.731226
2026-09-17T03:29:37.222659493Z,static,full,edge-files,200,3.612982
2026-09-17T03:29:37.283351656Z,static,full,edge-files,200,3.764159
2026-09-17T03:29:37.342917433Z,static,full,edge-files,200,3.630784
2026-09-17T03:29:37.404239292Z,static,full,edge-files,200,4.425504
2026-09-17T03:29:37.470046216Z,static,full,edge-files,200,10.757231
2026-09-17T03:29:37.522608001Z,static,full,edge-files,200,3.786095
2026-09-17T03:29:37.582744772Z,static,full,edge-files,200,3.353197
2026-09-17T03:29:37.642923077Z,static,full,edge-files,200,3.538858
2026-09-17T03:29:37.703515312Z,static,full,edge-files,200,3.773475
2026-09-17T03:29:37.763224292Z,static,full,edge-files,200,3.809668
2026-09-17T03:29:37.822995795Z,static,full,edge-files,200,3.784091
2026-09-17T03:29:37.883887363Z,static,full,edge-files,200,3.72262
2026-09-17T03:29:37.943472739Z,static,full,edge-files,200,3.847927
2026-09-17T03:29:38.003012459Z,static,full,edge-files,200,3.793183
2026-09-17T03:29:38.062242Z,static,full,edge-files,200,3.467291
2026-09-17T03:29:38.123464973Z,static,full,edge-files,200,4.024434
2026-09-17T03:29:38.182598898Z,static,full,edge-files,200,3.330312
2026-09-17T03:29:38.243359748Z,static,full,edge-files,200,4.040355
2026-09-17T03:29:38.302179344Z,static,full,edge-files,200,2.874877
2026-09-17T03:29:38.36193047Z,static,full,edge-files,200,3.071883
2026-09-17T03:29:38.423850021Z,static,full,edge-files,200,4.127376
2026-09-17T03:29:38.483275212Z,static,full,edge-files,200,3.465502
2026-09-17T03:29:38.542271185Z,static,full,edge-files,200,3.191356
2026-09-17T03:29:38.602500333Z,static,full,edge-files,200,3.333337
2026-09-17T03:29:38.662809143Z,static,full,edge-files,200,3.477173
2026-09-17T03:29:38.723371864Z,static,full,edge-files,200,3.44618
2026-09-17T03:29:38.782942194Z,static,full,edge-files,200,3.697489
2026-09-17T03:29:38.84287156Z,static,full,edge-files,200,3.18481
2026-09-17T03:29:38.902583755Z,static,full,edge-files,200,3.783651
2026-09-17T03:29:38.962968115Z,static,full,edge-files,200,3.49589
2026-09-17T03:29:39.023350769Z,static,full,edge-files,200,3.71105
2026-09-17T03:29:39.082463313Z,static,full,edge-files,200,3.261416
2026-09-17T03:29:39.143194899Z,static,full,edge-files,200,3.865961
2026-09-17T03:29:39.20337618Z,static,full,edge-files,200,4.126967
2026-09-17T03:29:39.263086075Z,static,full,edge-files,200,3.798576
2026-09-17T03:29:39.323199407Z,static,full,edge-files,200,4.427975
2026-09-17T03:29:39.382574825Z,static,full,edge-files,200,3.763985
2026-09-17T03:29:39.442965524Z,static,full,edge-files,200,3.760618
2026-09-17T03:29:39.502656182Z,static,full,edge-files,200,3.856566
2026-09-17T03:29:39.562615505Z,static,full,edge-files,200,3.174404
2026-09-17T03:29:39.623204556Z,static,full,edge-files,200,3.598021
2026-09-17T03:29:39.683118019Z,static,full,edge-files,200,4.103061
2026-09-17T03:29:39.742430907Z,static,full,edge-files,200,3.547608
2026-09-17T03:29:39.80247236Z,static,full,edge-files,200,3.475797
2026-09-17T03:29:39.862969264Z,static,full,edge-files,200,3.644544
2026-09-17T03:29:39.922528866Z,static,full,edge-files,200,3.805427
2026-09-17T03:29:39.983018674Z,static,full,edge-files,200,3.775794
2026-09-17T03:29:40.041951915Z,static,full,edge-files,200,2.983476
2026-09-17T03:29:40.102745379Z,static,full,edge-files,200,2.98185
2026-09-17T03:29:40.162981404Z,static,full,edge-files,200,3.348233
2026-09-17T03:29:40.222038048Z,static,full,edge-files,200,3.341107
2026-09-17T03:29:40.286722128Z,static,full,edge-files,200,8.001433
2026-09-17T03:29:40.342689134Z,static,full,edge-files,200,3.286063
2026-09-17T03:29:40.402930037Z,static,full,edge-files,200,3.64298
2026-09-17T03:29:40.462841666Z,static,full,edge-files,200,3.248495
2026-09-17T03:29:40.52341114Z,static,full,edge-files,200,3.673012
2026-09-17T03:29:40.582649313Z,static,full,edge-files,200,3.434814
2026-09-17T03:29:40.64319582Z,static,full,edge-files,200,4.045405
2026-09-17T03:29:40.703597511Z,static,full,edge-files,200,4.342689
2026-09-17T03:29:40.762237234Z,static,full,edge-files,200,2.881987
2026-09-17T03:29:40.82239577Z,static,full,edge-files,200,3.023343
2026-09-17T03:29:40.883036044Z,static,full,edge-files,200,3.915246
2026-09-17T03:29:40.943737868Z,static,full,edge-files,200,4.161009
2026-09-17T03:29:41.002791543Z,static,full,edge-files,200,3.131032
2026-09-17T03:29:41.062972712Z,static,full,edge-files,200,3.181375
2026-09-17T03:29:41.123023765Z,static,full,edge-files,200,4.230449
2026-09-17T03:29:41.183354041Z,static,full,edge-files,200,3.418202
2026-09-17T03:29:41.243252694Z,static,full,edge-files,200,4.047995
2026-09-17T03:29:41.302966413Z,static,full,edge-files,200,3.988885
2026-09-17T03:29:41.362702154Z,static,full,edge-files,200,3.647431
2026-09-17T03:29:41.423014706Z,static,full,edge-files,200,3.549999
2026-09-17T03:29:41.488933418Z,static,full,edge-files,200,8.895667
2026-09-17T03:29:41.542822497Z,static,full,edge-files,200,3.167764
2026-09-17T03:29:41.602807436Z,static,full,edge-files,200,3.31449
2026-09-17T03:29:41.662736344Z,static,full,edge-files,200,3.192436
2026-09-17T03:29:41.722538418Z,static,full,edge-files,200,3.077242
2026-09-17T03:29:41.783238495Z,static,full,edge-files,200,3.786046
2026-09-17T03:29:41.841951573Z,static,full,edge-files,200,3.25933
2026-09-17T03:29:41.903849437Z,static,full,edge-files,200,4.174075
2026-09-17T03:29:41.963883891Z,static,full,edge-files,200,4.339937
2026-09-17T03:29:42.02411915Z,static,full,edge-files,200,4.598337
2026-09-17T03:29:42.082076751Z,static,full,edge-files,200,3.317996
2026-09-17T03:29:42.143104254Z,static,full,edge-files,200,3.418779
2026-09-17T03:29:42.204147822Z,static,full,edge-files,200,5.191007
2026-09-17T03:29:42.265985702Z,static,full,edge-files,200,5.986352
2026-09-17T03:29:42.323970661Z,static,full,edge-files,200,4.251381
2026-09-17T03:29:42.382688475Z,static,full,edge-files,200,3.085278
2026-09-17T03:29:42.443454944Z,static,full,edge-files,200,4.076934
2026-09-17T03:29:42.503141469Z,static,full,edge-files,200,3.938057
2026-09-17T03:29:42.562095207Z,static,full,edge-files,200,3.30866
2026-09-17T03:29:42.621640587Z,static,full,edge-files,200,2.91085
2026-09-17T03:29:42.68355715Z,static,full,edge-files,200,4.207842
2026-09-17T03:29:42.76864804Z,static,full,edge-files,200,28.984994
2026-09-17T03:29:42.814737145Z,static,full,edge-files,200,15.340114
2026-09-17T03:29:42.862997443Z,static,full,edge-files,200,3.400452
2026-09-17T03:29:42.923181985Z,static,full,edge-files,200,3.571299
2026-09-17T03:29:42.982473195Z,static,full,edge-files,200,3.352485
2026-09-17T03:29:43.043107199Z,static,full,edge-files,200,3.736161
2026-09-17T03:29:43.102201676Z,static,full,edge-files,200,2.817647
2026-09-17T03:29:43.162065687Z,static,full,edge-files,200,3.021801
2026-09-17T03:29:43.22269855Z,static,full,edge-files,200,3.696679
2026-09-17T03:29:43.283137047Z,static,full,edge-files,200,3.742857
2026-09-17T03:29:43.343419172Z,static,full,edge-files,200,3.689047
2026-09-17T03:29:43.402634186Z,static,full,edge-files,200,3.350854
2026-09-17T03:29:43.463010101Z,static,full,edge-files,200,3.30417
2026-09-17T03:29:43.522528196Z,static,full,edge-files,200,3.509866
2026-09-17T03:29:43.582968386Z,static,full,edge-files,200,3.556534
2026-09-17T03:29:43.642858452Z,static,full,edge-files,200,4.081961
2026-09-17T03:29:43.703096065Z,static,full,edge-files,200,3.511105
2026-09-17T03:29:43.762623003Z,static,full,edge-files,200,3.712409
2026-09-17T03:29:43.824113715Z,static,full,edge-files,200,4.265516
2026-09-17T03:29:43.882721387Z,static,full,edge-files,200,3.645001
2026-09-17T03:29:43.944105652Z,static,full,edge-files,200,4.558789
2026-09-17T03:29:44.002946331Z,static,full,edge-files,200,3.877657
2026-09-17T03:29:44.062714949Z,static,full,edge-files,200,3.353445
2026-09-17T03:29:44.123312351Z,static,full,edge-files,200,3.809876
2026-09-17T03:29:44.183045697Z,static,full,edge-files,200,3.564304
2026-09-17T03:29:44.242931292Z,static,full,edge-files,200,3.230246
2026-09-17T03:29:44.303173692Z,static,full,edge-files,200,3.419259
2026-09-17T03:29:44.362498724Z,static,full,edge-files,200,3.750132
2026-09-17T03:29:44.422673485Z,static,full,edge-files,200,3.522376
2026-09-17T03:29:44.483098961Z,static,full,edge-files,200,3.713275
2026-09-17T03:29:44.542561008Z,static,full,edge-files,200,3.632605
2026-09-17T03:29:44.60266075Z,static,full,edge-files,200,3.558184
2026-09-17T03:29:44.66276337Z,static,full,edge-files,200,3.125723
2026-09-17T03:29:44.723065482Z,static,full,edge-files,200,3.418279
2026-09-17T03:29:44.782289457Z,static,full,edge-files,200,3.411957
2026-09-17T03:29:44.841921288Z,static,full,edge-files,200,3.071435
2026-09-17T03:29:44.902916517Z,static,full,edge-files,200,3.195153
2026-09-17T03:29:44.963068533Z,static,full,edge-files,200,3.3622
2026-09-17T03:29:45.023511547Z,static,full,edge-files,200,4.663004
2026-09-17T03:29:45.082937125Z,static,full,edge-files,200,3.726699
2026-09-17T03:29:45.145679717Z,static,full,edge-files,200,6.006937
2026-09-17T03:29:45.202426037Z,static,full,edge-files,200,2.973137
2026-09-17T03:29:45.26246526Z,static,full,edge-files,200,3.237315
2026-09-17T03:29:45.323023718Z,static,full,edge-files,200,3.752303
2026-09-17T03:29:45.382903079Z,static,full,edge-files,200,3.281679
2026-09-17T03:29:45.442743713Z,static,full,edge-files,200,3.127574
2026-09-17T03:29:45.502577166Z,static,full,edge-files,200,2.987259
2026-09-17T03:29:45.563261114Z,static,full,edge-files,200,3.830558
2026-09-17T03:29:45.622688012Z,static,full,edge-files,200,3.733611
2026-09-17T03:29:45.682382206Z,static,full,edge-files,200,3.07974
2026-09-17T03:29:45.742260222Z,static,full,edge-files,200,3.129728
2026-09-17T03:29:45.803061628Z,static,full,edge-files,200,3.920225
2026-09-17T03:29:45.863682632Z,static,full,edge-files,200,4.906723
2026-09-17T03:29:45.92235172Z,static,full,edge-files,200,2.913384
2026-09-17T03:29:45.983040569Z,static,full,edge-files,200,4.001559
2026-09-17T03:29:46.043462618Z,static,full,edge-files,200,3.73299
2026-09-17T03:29:46.103003534Z,static,full,edge-files,200,3.862479
2026-09-17T03:29:46.162851084Z,static,full,edge-files,200,4.182943
2026-09-17T03:29:46.223555893Z,static,full,edge-files,200,4.052942
2026-09-17T03:29:46.284072479Z,static,full,edge-files,200,4.856379
2026-09-17T03:29:46.341913032Z,static,full,edge-files,200,3.166676
2026-09-17T03:29:46.402043144Z,static,full,edge-files,200,3.234241
2026-09-17T03:29:46.463104402Z,static,full,edge-files,200,3.427429
2026-09-17T03:29:46.52265738Z,static,full,edge-files,200,3.849038
2026-09-17T03:29:46.582675851Z,static,full,edge-files,200,3.3005
2026-09-17T03:29:46.642714381Z,static,full,edge-files,200,3.453642
2026-09-17T03:29:46.702823189Z,static,full,edge-files,200,3.256487
2026-09-17T03:29:46.762509595Z,static,full,edge-files,200,3.090975
2026-09-17T03:29:46.822909753Z,static,full,edge-files,200,3.508374
2026-09-17T03:29:46.88458826Z,static,full,edge-files,200,5.898962
2026-09-17T03:29:46.942269477Z,static,full,edge-files,200,3.00592
2026-09-17T03:29:47.002684645Z,static,full,edge-files,200,3.526176
2026-09-17T03:29:47.062916469Z,static,full,edge-files,200,3.381876
2026-09-17T03:29:47.123379442Z,static,full,edge-files,200,3.649246
2026-09-17T03:29:47.18280149Z,static,full,edge-files,200,3.537626
2026-09-17T03:29:47.254437282Z,static,full,edge-files,200,14.628841
2026-09-17T03:29:47.302898476Z,static,full,edge-files,200,3.797925
2026-09-17T03:29:47.363466236Z,static,full,edge-files,200,3.85066
2026-09-17T03:29:47.422594845Z,static,full,edge-files,200,3.382505
2026-09-17T03:29:47.482890265Z,static,full,edge-files,200,3.399186
2026-09-17T03:29:47.542399017Z,static,full,edge-files,200,3.545442
2026-09-17T03:29:47.602924895Z,static,full,edge-files,200,3.799414
2026-09-17T03:29:47.663736731Z,static,full,edge-files,200,4.115427
2026-09-17T03:29:47.722559028Z,static,full,edge-files,200,3.07762
2026-09-17T03:29:47.782545328Z,static,full,edge-files,200,3.326738
2026-09-17T03:29:47.842783793Z,static,full,edge-files,200,3.371685
2026-09-17T03:29:47.908038025Z,static,full,edge-files,200,8.549462
2026-09-17T03:29:47.964529501Z,static,full,edge-files,200,4.716144
2026-09-17T03:29:48.022204194Z,static,full,edge-files,200,2.888502
2026-09-17T03:29:48.083080151Z,static,full,edge-files,200,4.001674
2026-09-17T03:29:48.142949115Z,static,full,edge-files,200,3.207965
2026-09-17T03:29:48.203535876Z,static,full,edge-files,200,4.87719
2026-09-17T03:29:48.262922884Z,static,full,edge-files,200,3.58034
2026-09-17T03:29:48.322123647Z,static,full,edge-files,200,3.294759
2026-09-17T03:29:48.383269087Z,static,full,edge-files,200,4.213443
2026-09-17T03:29:48.443967796Z,static,full,edge-files,200,4.885221
2026-09-17T03:29:48.503356083Z,static,full,edge-files,200,3.411178
2026-09-17T03:29:48.56202713Z,static,full,edge-files,200,2.916637
2026-09-17T03:29:48.622033839Z,static,full,edge-files,200,2.985308
2026-09-17T03:29:48.680271993Z,static,full,edge-files,200,3.449571
2026-09-17T03:29:48.740448826Z,static,full,edge-files,200,3.254127
2026-09-17T03:29:48.802631879Z,static,full,edge-files,200,5.175823
2026-09-17T03:29:48.861175156Z,static,full,edge-files,200,3.808416
2026-09-17T03:29:48.920276672Z,static,full,edge-files,200,3.106116
2026-09-17T03:29:48.981388546Z,static,full,edge-files,200,4.153266
2026-09-17T03:29:49.040637148Z,static,full,edge-files,200,3.391358
2026-09-17T03:29:49.102176781Z,static,full,edge-files,200,4.717901
2026-09-17T03:29:49.161913297Z,static,full,edge-files,200,4.840498
2026-09-17T03:29:49.220986982Z,static,full,edge-files,200,3.237436
2026-09-17T03:29:49.280875544Z,static,full,edge-files,200,3.826771
2026-09-17T03:29:49.340455933Z,static,full,edge-files,200,2.995819
2026-09-17T03:29:49.401193496Z,static,full,edge-files,200,3.741811
2026-09-17T03:29:49.46070036Z,static,full,edge-files,200,3.650846
2026-09-17T03:29:49.52133486Z,static,full,edge-files,200,3.693363
2026-09-17T03:29:49.580525313Z,static,full,edge-files,200,3.320667
2026-09-17T03:29:49.640832Z,static,full,edge-files,200,3.468243
2026-09-17T03:29:49.701478514Z,static,full,edge-files,200,4.587119
2026-09-17T03:29:49.761359777Z,static,full,edge-files,200,3.920238
2026-09-17T03:29:49.820078997Z,static,full,edge-files,200,3.062275
2026-09-17T03:29:49.881410099Z,static,full,edge-files,200,3.669246
2026-09-17T03:29:49.94042238Z,static,full,edge-files,200,3.150641
2026-09-17T03:29:50.001637645Z,static,full,edge-files,200,4.509284
2026-09-17T03:29:50.060385397Z,static,full,edge-files,200,2.967076
2026-09-17T03:29:50.121118928Z,static,full,edge-files,200,3.896252
2026-09-17T03:29:50.180331968Z,static,full,edge-files,200,3.666226
2026-09-17T03:29:50.240914418Z,static,full,edge-files,200,3.571199
2026-09-17T03:29:50.301133079Z,static,full,edge-files,200,3.59362
2026-09-17T03:29:50.362976688Z,static,full,edge-files,200,5.059864
2026-09-17T03:29:50.42142948Z,static,full,edge-files,200,3.71894
2026-09-17T03:29:50.484298391Z,static,full,edge-files,200,7.060208
2026-09-17T03:29:50.541107197Z,static,full,edge-files,200,4.225824
2026-09-17T03:29:50.600277519Z,static,full,edge-files,200,3.543488
2026-09-17T03:29:50.665093485Z,static,full,edge-files,200,7.330585
2026-09-17T03:29:50.720933646Z,static,full,edge-files,200,3.118099
2026-09-17T03:29:50.782939365Z,static,full,edge-files,200,5.208984
2026-09-17T03:29:50.840935831Z,static,full,edge-files,200,3.297546
2026-09-17T03:29:50.90120853Z,static,full,edge-files,200,3.722365
2026-09-17T03:29:50.961034127Z,static,full,edge-files,200,4.040068
2026-09-17T03:29:51.020843445Z,static,full,edge-files,200,3.162814
2026-09-17T03:29:51.080873753Z,static,full,edge-files,200,3.350643
2026-09-17T03:29:51.140803844Z,static,full,edge-files,200,3.195107
2026-09-17T03:29:51.200775302Z,static,full,edge-files,200,3.208347
2026-09-17T03:29:51.260699747Z,static,full,edge-files,200,3.206562
2026-09-17T03:29:51.321598291Z,static,full,edge-files,200,4.140561
2026-09-17T03:29:51.38058029Z,static,full,edge-files,200,3.282893
2026-09-17T03:29:51.440638916Z,static,full,edge-files,200,3.256601
2026-09-17T03:29:51.500816152Z,static,full,edge-files,200,3.372469
2026-09-17T03:29:51.560807183Z,static,full,edge-files,200,3.342115
2026-09-17T03:29:51.62051671Z,static,full,edge-files,200,3.140042
2026-09-17T03:29:51.680606123Z,static,full,edge-files,200,3.246925
2026-09-17T03:29:51.741323813Z,static,full,edge-files,200,3.978524
2026-09-17T03:29:51.800471581Z,static,full,edge-files,200,3.290554
2026-09-17T03:29:51.861478417Z,static,full,edge-files,200,4.006145
2026-09-17T03:29:51.920878544Z,static,full,edge-files,200,3.693243
2026-09-17T03:29:51.980950019Z,static,full,edge-files,200,3.219128
2026-09-17T03:29:52.041440807Z,static,full,edge-files,200,3.741456
2026-09-17T03:29:52.100885138Z,static,full,edge-files,200,3.747756
2026-09-17T03:29:52.162581719Z,static,full,edge-files,200,4.909257
2026-09-17T03:29:52.220477399Z,static,full,edge-files,200,3.254109
2026-09-17T03:29:52.280198396Z,static,full,edge-files,200,2.965466
2026-09-17T03:29:52.340417242Z,static,full,edge-files,200,3.372903
2026-09-17T03:29:52.400903683Z,static,full,edge-files,200,3.494688
2026-09-17T03:29:52.461216717Z,static,full,edge-files,200,3.58952
2026-09-17T03:29:52.520627255Z,static,full,edge-files,200,3.517819
2026-09-17T03:29:52.5805576Z,static,full,edge-files,200,3.318756
2026-09-17T03:29:52.640665129Z,static,full,edge-files,200,3.434614
2026-09-17T03:29:52.701050719Z,static,full,edge-files,200,3.633659
2026-09-17T03:29:52.760439214Z,static,full,edge-files,200,3.698552
2026-09-17T03:29:52.820223408Z,static,full,edge-files,200,3.090358
2026-09-17T03:29:52.881408607Z,static,full,edge-files,200,4.145341
2026-09-17T03:29:52.940592477Z,static,full,edge-files,200,3.453795
2026-09-17T03:29:53.001182781Z,static,full,edge-files,200,3.848165
2026-09-17T03:29:53.060339346Z,static,full,edge-files,200,3.250885
2026-09-17T03:29:53.120485039Z,static,full,edge-files,200,3.360415
2026-09-17T03:29:53.180526906Z,static,full,edge-files,200,2.986095
2026-09-17T03:29:53.241800081Z,static,full,edge-files,200,4.485702
2026-09-17T03:29:53.300725792Z,static,full,edge-files,200,3.125154
2026-09-17T03:29:53.361113364Z,static,full,edge-files,200,3.465746
2026-09-17T03:29:53.420373149Z,static,full,edge-files,200,3.65305
2026-09-17T03:29:53.481299998Z,static,full,edge-files,200,3.978274
2026-09-17T03:29:53.542452144Z,static,full,edge-files,200,5.315607
2026-09-17T03:29:53.60049171Z,static,full,edge-files,200,3.274862
2026-09-17T03:29:53.661328764Z,static,full,edge-files,200,3.700205
2026-09-17T03:29:53.720406876Z,static,full,edge-files,200,3.173493
2026-09-17T03:29:53.780915655Z,static,full,edge-files,200,3.674392
2026-09-17T03:29:53.841112751Z,static,full,edge-files,200,3.234302
2026-09-17T03:29:53.900303212Z,static,full,edge-files,200,3.37867
2026-09-17T03:29:53.960627515Z,static,full,edge-files,200,3.449274
2026-09-17T03:29:54.020370338Z,static,full,edge-files,200,2.909855
2026-09-17T03:29:54.080682247Z,static,full,edge-files,200,3.299999
2026-09-17T03:29:54.141032447Z,static,full,edge-files,200,3.631993
2026-09-17T03:29:54.201098803Z,static,full,edge-files,200,3.297109
2026-09-17T03:29:54.260737087Z,static,full,edge-files,200,3.561587
2026-09-17T03:29:54.320798256Z,static,full,edge-files,200,3.264736
2026-09-17T03:29:54.380634961Z,static,full,edge-files,200,3.811676
2026-09-17T03:29:54.441505096Z,static,full,edge-files,200,4.12527
2026-09-17T03:29:54.499886668Z,static,full,edge-files,200,3.242639
2026-09-17T03:29:54.560989Z,static,full,edge-files,200,3.329506
2026-09-17T03:29:54.621304264Z,static,full,edge-files,200,3.65676
2026-09-17T03:29:54.681136033Z,static,full,edge-files,200,3.883297
2026-09-17T03:29:54.740533244Z,static,full,edge-files,200,3.847928
2026-09-17T03:29:54.800333685Z,static,full,edge-files,200,3.10367
2026-09-17T03:29:54.860978194Z,static,full,edge-files,200,3.451034
2026-09-17T03:29:54.920020024Z,static,full,edge-files,200,3.143173
2026-09-17T03:29:54.981884863Z,static,full,edge-files,200,5.142739
2026-09-17T03:29:55.041331943Z,static,full,edge-files,200,3.849634
2026-09-17T03:29:55.100590298Z,static,full,edge-files,200,3.51836
2026-09-17T03:29:55.160431257Z,static,full,edge-files,200,2.960309
2026-09-17T03:29:55.220127716Z,static,full,edge-files,200,2.963805
2026-09-17T03:29:55.281191466Z,static,full,edge-files,200,4.070325
2026-09-17T03:29:55.340259799Z,static,full,edge-files,200,3.546963
2026-09-17T03:29:55.400312262Z,static,full,edge-files,200,3.24108
2026-09-17T03:29:55.460612886Z,static,full,edge-files,200,3.419412
2026-09-17T03:29:55.520614316Z,static,full,edge-files,200,3.054716
2026-09-17T03:29:55.580763018Z,static,full,edge-files,200,3.39438
2026-09-17T03:29:55.640889609Z,static,full,edge-files,200,3.509669
2026-09-17T03:29:55.700808513Z,static,full,edge-files,200,3.155778
2026-09-17T03:29:55.762585085Z,static,full,edge-files,200,3.976964
2026-09-17T03:29:55.820370043Z,static,full,edge-files,200,3.168375
2026-09-17T03:29:55.881064815Z,static,full,edge-files,200,3.660191
2026-09-17T03:29:55.941526861Z,static,full,edge-files,200,4.814165
2026-09-17T03:29:56.000565531Z,static,full,edge-files,200,3.24425
2026-09-17T03:29:56.060121339Z,static,full,edge-files,200,2.864691
2026-09-17T03:29:56.119939137Z,static,full,edge-files,200,3.066562
2026-09-17T03:29:56.181993839Z,static,full,edge-files,200,4.406425
2026-09-17T03:29:56.242920483Z,static,full,edge-files,200,5.282355
2026-09-17T03:29:56.300080309Z,static,full,edge-files,200,3.417372
2026-09-17T03:29:56.360896191Z,static,full,edge-files,200,4.153457
2026-09-17T03:29:56.421770213Z,static,full,edge-files,200,4.064854
2026-09-17T03:29:56.480896522Z,static,full,edge-files,200,3.525881
2026-09-17T03:29:56.53976636Z,static,full,edge-files,200,3.032618
2026-09-17T03:29:56.600878304Z,static,full,edge-files,200,3.513035
2026-09-17T03:29:56.661741373Z,static,full,edge-files,200,4.156682
2026-09-17T03:29:56.720901403Z,static,full,edge-files,200,3.478733
2026-09-17T03:29:56.781131135Z,static,full,edge-files,200,3.560502
2026-09-17T03:29:56.841243654Z,static,full,edge-files,200,4.566018
2026-09-17T03:29:56.900357524Z,static,full,edge-files,200,3.377209
2026-09-17T03:29:56.961893844Z,static,full,edge-files,200,4.864075
2026-09-17T03:29:57.020809716Z,static,full,edge-files,200,3.206116
2026-09-17T03:29:57.080641333Z,static,full,edge-files,200,3.309554
2026-09-17T03:29:57.142107703Z,static,full,edge-files,200,4.521294
2026-09-17T03:29:57.20001362Z,static,full,edge-files,200,3.258441
2026-09-17T03:29:57.261596323Z,static,full,edge-files,200,4.538845
2026-09-17T03:29:57.32080908Z,static,full,edge-files,200,3.342937
2026-09-17T03:29:57.380979044Z,static,full,edge-files,200,3.467547
2026-09-17T03:29:57.444047561Z,static,full,edge-files,200,6.42661
2026-09-17T03:29:57.500434585Z,static,full,edge-files,200,3.572598
2026-09-17T03:29:57.56114491Z,static,full,edge-files,200,3.969003
2026-09-17T03:29:57.62140616Z,static,full,edge-files,200,4.635627
2026-09-17T03:29:57.681087313Z,static,full,edge-files,200,3.861961
2026-09-17T03:29:57.740785536Z,static,full,edge-files,200,3.036354
2026-09-17T03:29:57.800607945Z,static,full,edge-files,200,3.201131
2026-09-17T03:29:57.860785034Z,static,full,edge-files,200,3.415898
2026-09-17T03:29:57.921527645Z,static,full,edge-files,200,4.130115
2026-09-17T03:29:57.980474198Z,static,full,edge-files,200,3.228344
2026-09-17T03:29:58.043734399Z,static,full,edge-files,200,6.617092
2026-09-17T03:29:58.099856444Z,static,full,edge-files,200,3.225658
2026-09-17T03:29:58.164088547Z,static,full,edge-files,200,6.274339
2026-09-17T03:29:58.221886475Z,static,full,edge-files,200,4.132876
2026-09-17T03:29:58.282539075Z,static,full,edge-files,200,4.8839
2026-09-17T03:29:58.340372386Z,static,full,edge-files,200,3.109709
2026-09-17T03:29:58.400308942Z,static,full,edge-files,200,3.081156
2026-09-17T03:29:58.460685081Z,static,full,edge-files,200,3.767949
2026-09-17T03:29:58.521661014Z,static,full,edge-files,200,3.93296
2026-09-17T03:29:58.58132194Z,static,full,edge-files,200,3.712024
2026-09-17T03:29:58.64138043Z,static,full,edge-files,200,4.186039
2026-09-17T03:29:58.70103423Z,static,full,edge-files,200,3.711134
2026-09-17T03:29:58.760414596Z,static,full,edge-files,200,2.755993
2026-09-17T03:29:58.821234797Z,static,full,edge-files,200,3.691897
2026-09-17T03:29:58.880807837Z,static,full,edge-files,200,4.080092
2026-09-17T03:29:58.942107659Z,static,full,edge-files,200,4.538228
2026-09-17T03:29:59.000210596Z,static,full,edge-files,200,3.369711
2026-09-17T03:29:59.060835142Z,static,full,edge-files,200,3.672554
2026-09-17T03:29:59.121142214Z,static,full,edge-files,200,3.574126
2026-09-17T03:29:59.180498926Z,static,full,edge-files,200,3.759361
2026-09-17T03:29:59.241522481Z,static,full,edge-files,200,4.224254
2026-09-17T03:29:59.300491521Z,static,full,edge-files,200,3.192078
2026-09-17T03:29:59.360689707Z,static,full,edge-files,200,3.394653
2026-09-17T03:29:59.420826972Z,static,full,edge-files,200,3.437791
2026-09-17T03:29:59.481800428Z,static,full,edge-files,200,4.233254
2026-09-17T03:29:59.54155642Z,static,full,edge-files,200,3.852807
2026-09-17T03:29:59.60055004Z,static,full,edge-files,200,3.331343
2026-09-17T03:29:59.661185566Z,static,full,edge-files,200,3.891254
2026-09-17T03:29:59.720188626Z,static,full,edge-files,200,3.294866
2026-09-17T03:29:59.780009907Z,static,full,edge-files,200,3.071073
2026-09-17T03:29:59.839452518Z,static,full,edge-files,200,2.810969
2026-09-17T03:29:59.900299442Z,static,full,edge-files,200,2.984478
2026-09-17T03:29:59.960743965Z,static,full,edge-files,200,3.829364
2026-09-17T03:30:00.02323587Z,static,full,edge-files,200,5.824743
2026-09-17T03:30:00.080977762Z,static,full,edge-files,200,4.02348
2026-09-17T03:30:00.144483212Z,static,full,edge-files,200,6.760413
2026-09-17T03:30:00.200497374Z,static,full,edge-files,200,3.40768
2026-09-17T03:30:00.261639459Z,static,full,edge-files,200,4.114687
2026-09-17T03:30:00.320876711Z,static,full,edge-files,200,3.489904
2026-09-17T03:30:00.381426821Z,static,full,edge-files,200,3.809294
2026-09-17T03:30:00.441237534Z,static,full,edge-files,200,4.103265
2026-09-17T03:30:00.501006488Z,static,full,edge-files,200,3.666974
2026-09-17T03:30:00.56090968Z,static,full,edge-files,200,3.740988
2026-09-17T03:30:00.621161635Z,static,full,edge-files,200,3.448133
2026-09-17T03:30:00.680541403Z,static,full,edge-files,200,3.563551
2026-09-17T03:30:00.74184788Z,static,full,edge-files,200,4.507307
2026-09-17T03:30:00.801575829Z,static,full,edge-files,200,4.051102
2026-09-17T03:30:00.861405415Z,static,full,edge-files,200,4.182737
2026-09-17T03:30:00.920367227Z,static,full,edge-files,200,3.281635
2026-09-17T03:30:00.980390499Z,static,full,edge-files,200,3.119973
2026-09-17T03:30:01.040447981Z,static,full,edge-files,200,3.28518
2026-09-17T03:30:01.100315406Z,static,full,edge-files,200,3.215814
2026-09-17T03:30:01.160188497Z,static,full,edge-files,200,3.145489
2026-09-17T03:30:01.220242415Z,static,full,edge-files,200,3.319668
2026-09-17T03:30:01.280457411Z,static,full,edge-files,200,3.466338
2026-09-17T03:30:01.340654745Z,static,full,edge-files,200,3.534279
2026-09-17T03:30:01.400940325Z,static,full,edge-files,200,3.661493
2026-09-17T03:30:01.461593803Z,static,full,edge-files,200,3.828309
2026-09-17T03:30:01.520955059Z,static,full,edge-files,200,3.590262
2026-09-17T03:30:01.581503142Z,static,full,edge-files,200,3.732998
2026-09-17T03:30:01.640680721Z,static,full,edge-files,200,3.288284
2026-09-17T03:30:01.700730623Z,static,full,edge-files,200,3.291476
2026-09-17T03:30:01.761066657Z,static,full,edge-files,200,3.662682
2026-09-17T03:30:01.819980518Z,static,full,edge-files,200,3.250353
2026-09-17T03:30:01.880263796Z,static,full,edge-files,200,3.582997
2026-09-17T03:30:01.940639085Z,static,full,edge-files,200,3.605379
2026-09-17T03:30:02.000935986Z,static,full,edge-files,200,3.535893
2026-09-17T03:30:02.060637734Z,static,full,edge-files,200,4.004698
2026-09-17T03:30:02.121027462Z,static,full,edge-files,200,3.674418
2026-09-17T03:30:02.179769955Z,static,full,edge-files,200,2.977976
2026-09-17T03:30:02.241556125Z,static,full,edge-files,200,4.093369
2026-09-17T03:30:02.300284904Z,static,full,edge-files,200,3.024519
2026-09-17T03:30:02.360437484Z,static,full,edge-files,200,3.435516
2026-09-17T03:30:02.42104886Z,static,full,edge-files,200,3.832055
2026-09-17T03:30:02.479759324Z,static,full,edge-files,200,3.061998
2026-09-17T03:30:02.541560628Z,static,full,edge-files,200,4.02553
2026-09-17T03:30:02.600489222Z,static,full,edge-files,200,3.121928
2026-09-17T03:30:02.661090121Z,static,full,edge-files,200,3.827555
2026-09-17T03:30:02.720055213Z,static,full,edge-files,200,3.404864
2026-09-17T03:30:02.7813635Z,static,full,edge-files,200,3.694625
2026-09-17T03:30:02.840264632Z,static,full,edge-files,200,3.319378
2026-09-17T03:30:02.900295719Z,static,full,edge-files,200,3.415444
2026-09-17T03:30:02.96110688Z,static,full,edge-files,200,3.804114
2026-09-17T03:30:03.020976929Z,static,full,edge-files,200,4.120747
2026-09-17T03:30:03.081658148Z,static,full,edge-files,200,3.994238
2026-09-17T03:30:03.141018671Z,static,full,edge-files,200,3.544934
2026-09-17T03:30:03.199694802Z,static,full,edge-files,200,2.971191
2026-09-17T03:30:03.26122744Z,static,full,edge-files,200,3.907946
2026-09-17T03:30:03.320619814Z,static,full,edge-files,200,3.53087
2026-09-17T03:30:03.380790692Z,static,full,edge-files,200,3.479379
2026-09-17T03:30:03.441268999Z,static,full,edge-files,200,3.817661
2026-09-17T03:30:03.501061771Z,static,full,edge-files,200,4.334813
2026-09-17T03:30:03.560744776Z,static,full,edge-files,200,2.981352
2026-09-17T03:30:03.621022635Z,static,full,edge-files,200,3.54256
2026-09-17T03:30:03.680026114Z,static,full,edge-files,200,3.340298
2026-09-17T03:30:03.741435158Z,static,full,edge-files,200,3.616019
2026-09-17T03:30:03.800765248Z,static,full,edge-files,200,3.47919
2026-09-17T03:30:03.860323264Z,static,full,edge-files,200,3.55065
2026-09-17T03:30:03.92054368Z,static,full,edge-files,200,3.428585
2026-09-17T03:30:03.980829886Z,static,full,edge-files,200,3.497542
2026-09-17T03:30:04.042708849Z,static,full,edge-files,200,4.993962
2026-09-17T03:30:04.101403648Z,static,full,edge-files,200,3.719386
2026-09-17T03:30:04.160899499Z,static,full,edge-files,200,3.744133
2026-09-17T03:30:04.220821344Z,static,full,edge-files,200,3.177133
2026-09-17T03:30:04.280464881Z,static,full,edge-files,200,3.053347
2026-09-17T03:30:04.340894442Z,static,full,edge-files,200,3.468853
2026-09-17T03:30:04.400864119Z,static,full,edge-files,200,3.951085
2026-09-17T03:30:04.461230046Z,static,full,edge-files,200,3.715437
2026-09-17T03:30:04.521093775Z,static,full,edge-files,200,3.728028
2026-09-17T03:30:04.579717281Z,static,full,edge-files,200,2.949188
2026-09-17T03:30:04.641072301Z,static,full,edge-files,200,3.617584
2026-09-17T03:30:04.700242788Z,static,full,edge-files,200,3.581087
2026-09-17T03:30:04.761090911Z,static,full,edge-files,200,4.009079
2026-09-17T03:30:04.81998393Z,static,full,edge-files,200,3.068849
2026-09-17T03:30:04.880142171Z,static,full,edge-files,200,3.393876
2026-09-17T03:30:04.940739315Z,static,full,edge-files,200,3.965356
2026-09-17T03:30:05.000918267Z,static,full,edge-files,200,3.505601
2026-09-17T03:30:05.061044826Z,static,full,edge-files,200,3.322998
2026-09-17T03:30:05.120623524Z,static,full,edge-files,200,3.61492
2026-09-17T03:30:05.183050384Z,static,full,edge-files,200,5.738737
2026-09-17T03:30:05.242680865Z,static,full,edge-files,200,4.929857
2026-09-17T03:30:05.301689396Z,static,full,edge-files,200,4.21926
2026-09-17T03:30:05.360817917Z,static,full,edge-files,200,3.510641
2026-09-17T03:30:05.421537Z,static,full,edge-files,200,3.763571
2026-09-17T03:30:05.480434157Z,static,full,edge-files,200,2.984082
2026-09-17T03:30:05.542408989Z,static,full,edge-files,200,4.200548
2026-09-17T03:30:05.600152775Z,static,full,edge-files,200,3.103091
2026-09-17T03:30:05.662588096Z,static,full,edge-files,200,5.108641
2026-09-17T03:30:05.720616414Z,static,full,edge-files,200,3.173142
2026-09-17T03:30:05.781377674Z,static,full,edge-files,200,4.097925
2026-09-17T03:30:05.842004285Z,static,full,edge-files,200,4.973315
2026-09-17T03:30:05.90200305Z,static,full,edge-files,200,4.300159
2026-09-17T03:30:05.961736671Z,static,full,edge-files,200,4.14953
2026-09-17T03:30:06.021150811Z,static,full,edge-files,200,3.733544
2026-09-17T03:30:06.079918044Z,static,full,edge-files,200,3.119882
2026-09-17T03:30:06.142392208Z,static,full,edge-files,200,4.732388
2026-09-17T03:30:06.201443716Z,static,full,edge-files,200,4.175182
2026-09-17T03:30:06.273925076Z,static,full,edge-files,200,16.724117
2026-09-17T03:30:06.320923822Z,static,full,edge-files,200,3.251552
2026-09-17T03:30:06.380619543Z,static,full,edge-files,200,3.477499
2026-09-17T03:30:06.441369787Z,static,full,edge-files,200,4.03419
2026-09-17T03:30:06.50099799Z,static,full,edge-files,200,3.904431
2026-09-17T03:30:06.561728185Z,static,full,edge-files,200,4.401268
2026-09-17T03:30:06.621900087Z,static,full,edge-files,200,4.283969
2026-09-17T03:30:06.683168155Z,static,full,edge-files,200,5.605603
2026-09-17T03:30:06.741354025Z,static,full,edge-files,200,4.624525
2026-09-17T03:30:06.800570545Z,static,full,edge-files,200,3.642602
2026-09-17T03:30:06.861138837Z,static,full,edge-files,200,3.87794
2026-09-17T03:30:06.920471297Z,static,full,edge-files,200,3.573718
2026-09-17T03:30:06.980191871Z,static,full,edge-files,200,2.936911
2026-09-17T03:30:07.04051372Z,static,full,edge-files,200,3.758392
2026-09-17T03:30:07.10126094Z,static,full,edge-files,200,4.117607
2026-09-17T03:30:07.161233984Z,static,full,edge-files,200,4.150131
2026-09-17T03:30:07.220620769Z,static,full,edge-files,200,3.604276
2026-09-17T03:30:07.280679342Z,static,full,edge-files,200,3.217636
2026-09-17T03:30:07.341545132Z,static,full,edge-files,200,3.932635
2026-09-17T03:30:07.400810752Z,static,full,edge-files,200,3.580579
2026-09-17T03:30:07.461357877Z,static,full,edge-files,200,3.938785
2026-09-17T03:30:07.520731295Z,static,full,edge-files,200,3.432146
2026-09-17T03:30:07.580460476Z,static,full,edge-files,200,3.039353
2026-09-17T03:30:07.640621172Z,static,full,edge-files,200,3.443613
2026-09-17T03:30:07.701077067Z,static,full,edge-files,200,3.721469
2026-09-17T03:30:07.760418872Z,static,full,edge-files,200,3.705162
2026-09-17T03:30:07.820567548Z,static,full,edge-files,200,3.462858
2026-09-17T03:30:07.881105403Z,static,full,edge-files,200,3.567487
2026-09-17T03:30:07.943926669Z,static,full,edge-files,200,7.266739
2026-09-17T03:30:08.002380349Z,static,full,edge-files,200,4.666399
2026-09-17T03:30:08.059895807Z,static,full,edge-files,200,2.787108
2026-09-17T03:30:08.121819936Z,static,full,edge-files,200,4.214866
2026-09-17T03:30:08.180708145Z,static,full,edge-files,200,3.163007
2026-09-17T03:30:08.241782961Z,static,full,edge-files,200,4.177663
2026-09-17T03:30:08.301869384Z,static,full,edge-files,200,4.27166
2026-09-17T03:30:08.361680979Z,static,full,edge-files,200,4.031927
2026-09-17T03:30:08.419933538Z,static,full,edge-files,200,2.861879
2026-09-17T03:30:08.481410171Z,static,full,edge-files,200,4.365303
2026-09-17T03:30:08.540951415Z,static,full,edge-files,200,3.767358
2026-09-17T03:30:08.600960091Z,static,full,edge-files,200,4.113928
2026-09-17T03:30:08.6624786Z,static,full,edge-files,200,4.763447
2026-09-17T03:30:08.775908948Z,static,full,edge-files,200,47.075277
2026-09-17T03:30:08.785487815Z,static,full,edge-files,200,7.219071
2026-09-17T03:30:08.840849683Z,static,full,edge-files,200,3.627532
2026-09-17T03:30:08.90106948Z,static,full,edge-files,200,3.560654
2026-09-17T03:30:08.961117842Z,static,full,edge-files,200,4.086186
2026-09-17T03:30:09.020510001Z,static,full,edge-files,200,3.72872
2026-09-17T03:30:09.081536703Z,static,full,edge-files,200,3.940405
2026-09-17T03:30:09.141527212Z,static,full,edge-files,200,3.787113
2026-09-17T03:30:09.201279353Z,static,full,edge-files,200,4.021221
2026-09-17T03:30:09.261323781Z,static,full,edge-files,200,4.373197
2026-09-17T03:30:09.3209651Z,static,full,edge-files,200,3.614681
2026-09-17T03:30:09.380940722Z,static,full,edge-files,200,3.121655
2026-09-17T03:30:09.440794134Z,static,full,edge-files,200,4.088757
2026-09-17T03:30:09.499789275Z,static,full,edge-files,200,3.087687
2026-09-17T03:30:09.560987689Z,static,full,edge-files,200,3.663754
2026-09-17T03:30:09.62111691Z,static,full,edge-files,200,3.38692
2026-09-17T03:30:09.680141077Z,static,full,edge-files,200,3.342681
2026-09-17T03:30:09.740642835Z,static,full,edge-files,200,3.849509
2026-09-17T03:30:09.800781914Z,static,full,edge-files,200,3.504623
2026-09-17T03:30:09.861147084Z,static,full,edge-files,200,3.724339
2026-09-17T03:30:09.919419956Z,static,full,edge-files,200,2.765493
2026-09-17T03:30:09.980319257Z,static,full,edge-files,200,3.000769
2026-09-17T03:30:10.051154025Z,static,full,edge-files,200,13.985268
2026-09-17T03:30:10.101101242Z,static,full,edge-files,200,4.047413
2026-09-17T03:30:10.159230686Z,static,full,edge-files,200,2.574253
2026-09-17T03:30:10.2202811Z,static,full,edge-files,200,3.154751
2026-09-17T03:30:10.280943654Z,static,full,edge-files,200,3.941441
2026-09-17T03:30:10.342257592Z,static,full,edge-files,200,4.522954
2026-09-17T03:30:10.401340303Z,static,full,edge-files,200,4.432951
2026-09-17T03:30:10.460865061Z,static,full,edge-files,200,3.763921
2026-09-17T03:30:10.520002672Z,static,full,edge-files,200,3.220092
2026-09-17T03:30:10.581609348Z,static,full,edge-files,200,3.886142
2026-09-17T03:30:10.643095134Z,static,full,edge-files,200,5.853785
2026-09-17T03:30:10.700807587Z,static,full,edge-files,200,3.897702
2026-09-17T03:30:10.760432763Z,static,full,edge-files,200,3.067009
2026-09-17T03:30:10.820922121Z,static,full,edge-files,200,3.40233
2026-09-17T03:30:10.881657776Z,static,full,edge-files,200,4.054033
2026-09-17T03:30:10.940958398Z,static,full,edge-files,200,3.642693
2026-09-17T03:30:11.000672221Z,static,full,edge-files,200,3.099732
2026-09-17T03:30:11.060973839Z,static,full,edge-files,200,3.399525
2026-09-17T03:30:11.120021632Z,static,full,edge-files,200,3.252874
2026-09-17T03:30:11.181860515Z,static,full,edge-files,200,4.788028
2026-09-17T03:30:11.241694167Z,static,full,edge-files,200,4.083945
2026-09-17T03:30:11.301105895Z,static,full,edge-files,200,3.687092
2026-09-17T03:30:11.360704864Z,static,full,edge-files,200,2.973122
2026-09-17T03:30:11.424293038Z,static,full,edge-files,200,6.80289
2026-09-17T03:30:11.480693943Z,static,full,edge-files,200,3.72977
2026-09-17T03:30:11.540800886Z,static,full,edge-files,200,3.165817
2026-09-17T03:30:11.600952792Z,static,full,edge-files,200,3.580629
2026-09-17T03:30:11.661512988Z,static,full,edge-files,200,3.860308
2026-09-17T03:30:11.720617831Z,static,full,edge-files,200,3.320884
2026-09-17T03:30:11.780894132Z,static,full,edge-files,200,3.585598
2026-09-17T03:30:11.841170588Z,static,full,edge-files,200,3.560896
2026-09-17T03:30:11.900970788Z,static,full,edge-files,200,4.070785
2026-09-17T03:30:11.961871921Z,static,full,edge-files,200,4.090461
2026-09-17T03:30:12.021124839Z,static,full,edge-files,200,3.638117
2026-09-17T03:30:12.079782313Z,static,full,edge-files,200,3.142284
2026-09-17T03:30:12.141094056Z,static,full,edge-files,200,3.569087
2026-09-17T03:30:12.199747141Z,static,full,edge-files,200,2.816461
2026-09-17T03:30:12.261133818Z,static,full,edge-files,200,3.557527
2026-09-17T03:30:12.320137676Z,static,full,edge-files,200,3.187204
2026-09-17T03:30:12.381810878Z,static,full,edge-files,200,4.148151
2026-09-17T03:30:12.440633451Z,static,full,edge-files,200,3.204844
2026-09-17T03:30:12.501174471Z,static,full,edge-files,200,3.758511
2026-09-17T03:30:12.560335574Z,static,full,edge-files,200,3.40619
2026-09-17T03:30:12.620666113Z,static,full,edge-files,200,3.284606
2026-09-17T03:30:12.681615588Z,static,full,edge-files,200,4.158712
2026-09-17T03:30:12.741579271Z,static,full,edge-files,200,4.008289
2026-09-17T03:30:12.800900584Z,static,full,edge-files,200,3.631272
2026-09-17T03:30:12.862069032Z,static,full,edge-files,200,4.267605
2026-09-17T03:30:12.921697833Z,static,full,edge-files,200,4.648478
2026-09-17T03:30:12.981685307Z,static,full,edge-files,200,4.267624
2026-09-17T03:30:13.042149667Z,static,full,edge-files,200,4.677301
2026-09-17T03:30:13.100502969Z,static,full,edge-files,200,3.788614
2026-09-17T03:30:13.160498683Z,static,full,edge-files,200,3.210281
2026-09-17T03:30:13.222554491Z,static,full,edge-files,200,5.026256
2026-09-17T03:30:13.280832068Z,static,full,edge-files,200,3.614871
2026-09-17T03:30:13.341834767Z,static,full,edge-files,200,4.196444
2026-09-17T03:30:13.400707368Z,static,full,edge-files,200,3.1406
2026-09-17T03:30:13.460989064Z,static,full,edge-files,200,3.386584
2026-09-17T03:30:13.521315264Z,static,full,edge-files,200,4.306833
2026-09-17T03:30:13.580824981Z,static,full,edge-files,200,3.881251
2026-09-17T03:30:13.641651588Z,static,full,edge-files,200,4.103458
2026-09-17T03:30:13.701014755Z,static,full,edge-files,200,3.667136
2026-09-17T03:30:13.76049482Z,static,full,edge-files,200,3.492311
2026-09-17T03:30:13.821300906Z,static,full,edge-files,200,4.060794
2026-09-17T03:30:13.880372902Z,static,full,edge-files,200,3.364362
2026-09-17T03:30:13.940197563Z,static,full,edge-files,200,2.981523
2026-09-17T03:30:13.999910166Z,static,full,edge-files,200,3.144331
2026-09-17T03:30:14.061084699Z,static,full,edge-files,200,3.392439
2026-09-17T03:30:14.121613698Z,static,full,edge-files,200,4.784312
2026-09-17T03:30:14.181668412Z,static,full,edge-files,200,4.257658
2026-09-17T03:30:14.241147544Z,static,full,edge-files,200,3.624401
2026-09-17T03:30:14.300439336Z,static,full,edge-files,200,3.394279
2026-09-17T03:30:14.360559835Z,static,full,edge-files,200,3.397945
2026-09-17T03:30:14.421470997Z,static,full,edge-files,200,4.242488
2026-09-17T03:30:14.480874277Z,static,full,edge-files,200,3.751491
2026-09-17T03:30:14.540967379Z,static,full,edge-files,200,3.304537
2026-09-17T03:30:14.601701559Z,static,full,edge-files,200,4.217576
2026-09-17T03:30:14.661927751Z,static,full,edge-files,200,3.963766
2026-09-17T03:30:14.721257416Z,static,full,edge-files,200,3.825006
2026-09-17T03:30:14.781066376Z,static,full,edge-files,200,4.069275
2026-09-17T03:30:14.839263876Z,static,full,edge-files,200,2.554132
2026-09-17T03:30:14.901285282Z,static,full,edge-files,200,4.136311
2026-09-17T03:30:14.960307341Z,static,full,edge-files,200,3.179143
2026-09-17T03:30:15.021895096Z,static,full,edge-files,200,4.805557
2026-09-17T03:30:15.082128832Z,static,full,edge-files,200,4.679627
2026-09-17T03:30:15.139898562Z,static,full,edge-files,200,2.91846
2026-09-17T03:30:15.200162427Z,static,full,edge-files,200,3.159355
2026-09-17T03:30:15.260787775Z,static,full,edge-files,200,4.040351
2026-09-17T03:30:15.32189323Z,static,full,edge-files,200,4.275992
2026-09-17T03:30:15.381911856Z,static,full,edge-files,200,4.196032
2026-09-17T03:30:15.44159958Z,static,full,edge-files,200,3.891816
2026-09-17T03:30:15.501150902Z,static,full,edge-files,200,3.712778
2026-09-17T03:30:15.56083783Z,static,full,edge-files,200,3.62251
2026-09-17T03:30:15.622523545Z,static,full,edge-files,200,4.900497
2026-09-17T03:30:15.681232838Z,static,full,edge-files,200,3.61004
2026-09-17T03:30:15.74016845Z,static,full,edge-files,200,3.374163
2026-09-17T03:30:15.799979919Z,static,full,edge-files,200,3.05185
2026-09-17T03:30:15.861216557Z,static,full,edge-files,200,3.545861
2026-09-17T03:30:15.921949691Z,static,full,edge-files,200,4.606091
2026-09-17T03:30:15.980475435Z,static,full,edge-files,200,3.099333
2026-09-17T03:30:16.040121159Z,static,full,edge-files,200,3.023967
2026-09-17T03:30:16.100638136Z,static,full,edge-files,200,3.692905
2026-09-17T03:30:16.160756306Z,static,full,edge-files,200,3.509527
2026-09-17T03:30:16.221185792Z,static,full,edge-files,200,3.642779
2026-09-17T03:30:16.280011412Z,static,full,edge-files,200,3.269997
2026-09-17T03:30:16.340861383Z,static,full,edge-files,200,3.875979
2026-09-17T03:30:16.40150794Z,static,full,edge-files,200,3.878629
2026-09-17T03:30:16.463293818Z,static,full,edge-files,200,6.006133
2026-09-17T03:30:16.521327736Z,static,full,edge-files,200,4.121997
2026-09-17T03:30:16.581491198Z,static,full,edge-files,200,4.360954
2026-09-17T03:30:16.641968269Z,static,full,edge-files,200,4.571516
2026-09-17T03:30:16.701444125Z,static,full,edge-files,200,3.74966
2026-09-17T03:30:16.760479696Z,static,full,edge-files,200,3.308618
2026-09-17T03:30:16.821627409Z,static,full,edge-files,200,4.315901
2026-09-17T03:30:16.881031806Z,static,full,edge-files,200,3.76474
2026-09-17T03:30:16.94067464Z,static,full,edge-files,200,3.973857
2026-09-17T03:30:17.000492667Z,static,full,edge-files,200,3.252034
2026-09-17T03:30:17.060976692Z,static,full,edge-files,200,3.823974
2026-09-17T03:30:17.121940062Z,static,full,edge-files,200,4.339883
2026-09-17T03:30:17.180454744Z,static,full,edge-files,200,3.315153
2026-09-17T03:30:17.241103861Z,static,full,edge-files,200,3.880428
2026-09-17T03:30:17.300460956Z,static,full,edge-files,200,3.763061
2026-09-17T03:30:17.362363464Z,static,full,edge-files,200,5.066516
2026-09-17T03:30:17.420985514Z,static,full,edge-files,200,3.787933
2026-09-17T03:30:17.481164037Z,static,full,edge-files,200,3.47529
2026-09-17T03:30:17.541529553Z,static,full,edge-files,200,4.574199
2026-09-17T03:30:17.600996721Z,static,full,edge-files,200,3.833423
2026-09-17T03:30:17.661413624Z,static,full,edge-files,200,3.836496
2026-09-17T03:30:17.721197919Z,static,full,edge-files,200,3.969065
2026-09-17T03:30:17.780170185Z,static,full,edge-files,200,3.264424
2026-09-17T03:30:17.840767118Z,static,full,edge-files,200,3.954405
2026-09-17T03:30:17.902346082Z,static,full,edge-files,200,4.660126
2026-09-17T03:30:17.962064381Z,static,full,edge-files,200,5.082336
2026-09-17T03:30:18.020169025Z,static,full,edge-files,200,3.442187
2026-09-17T03:30:18.080796451Z,static,full,edge-files,200,3.863869
2026-09-17T03:30:18.14168496Z,static,full,edge-files,200,3.978296
2026-09-17T03:30:18.201315303Z,static,full,edge-files,200,3.811959
2026-09-17T03:30:18.261081922Z,static,full,edge-files,200,4.077003
2026-09-17T03:30:18.320595357Z,static,full,edge-files,200,3.535315
2026-09-17T03:30:18.380450201Z,static,full,edge-files,200,3.187465
2026-09-17T03:30:18.440577905Z,static,full,edge-files,200,3.249213
2026-09-17T03:30:18.500952471Z,static,full,edge-files,200,3.501281
2026-09-17T03:30:18.560031476Z,static,full,edge-files,200,3.278927
2026-09-17T03:30:18.620902119Z,static,full,edge-files,200,4.122436
2026-09-17T03:30:18.67833745Z,static,full,edge-files,200,2.762589
2026-09-17T03:30:18.738716642Z,static,full,edge-files,200,3.460352
2026-09-17T03:30:18.79951408Z,static,full,edge-files,200,3.947785
2026-09-17T03:30:18.858458215Z,static,full,edge-files,200,3.092573
2026-09-17T03:30:18.919876675Z,static,full,edge-files,200,4.600564
2026-09-17T03:30:18.980595403Z,static,full,edge-files,200,4.857015
2026-09-17T03:30:19.038648893Z,static,full,edge-files,200,3.304634
2026-09-17T03:30:19.100554505Z,static,full,edge-files,200,4.447201
2026-09-17T03:30:19.158444902Z,static,full,edge-files,200,3.527804
2026-09-17T03:30:19.218893095Z,static,full,edge-files,200,3.451612
2026-09-17T03:30:19.279363591Z,static,full,edge-files,200,3.751074
2026-09-17T03:30:19.338490067Z,static,full,edge-files,200,3.307058
2026-09-17T03:30:19.398780168Z,static,full,edge-files,200,3.473609
2026-09-17T03:30:19.45907903Z,static,full,edge-files,200,3.657234
2026-09-17T03:30:19.518709793Z,static,full,edge-files,200,3.539864
2026-09-17T03:30:19.578619956Z,static,full,edge-files,200,3.287607
2026-09-17T03:30:19.638644754Z,static,full,edge-files,200,3.225403
2026-09-17T03:30:19.69895758Z,static,full,edge-files,200,3.629011
2026-09-17T03:30:19.757779577Z,static,full,edge-files,200,3.041414
2026-09-17T03:30:19.819628802Z,static,full,edge-files,200,4.212653
2026-09-17T03:30:19.880083013Z,static,full,edge-files,200,4.639324
2026-09-17T03:30:19.938283563Z,static,full,edge-files,200,3.585769
2026-09-17T03:30:20.001176401Z,static,full,edge-files,200,5.730434
2026-09-17T03:30:20.058634367Z,static,full,edge-files,200,3.05674
2026-09-17T03:30:20.119298646Z,static,full,edge-files,200,3.59382
2026-09-17T03:30:20.178854574Z,static,full,edge-files,200,3.75356
2026-09-17T03:30:20.238533459Z,static,full,edge-files,200,2.931036
2026-09-17T03:30:20.29823176Z,static,full,edge-files,200,3.021287
2026-09-17T03:30:20.357876446Z,static,full,edge-files,200,2.991345
2026-09-17T03:30:20.419245819Z,static,full,edge-files,200,3.584254
2026-09-17T03:30:20.47986806Z,static,full,edge-files,200,5.024593
2026-09-17T03:30:20.539594262Z,static,full,edge-files,200,3.924302
2026-09-17T03:30:20.599181741Z,static,full,edge-files,200,3.625231
2026-09-17T03:30:20.659324174Z,static,full,edge-files,200,4.238029
2026-09-17T03:30:20.718620579Z,static,full,edge-files,200,3.569383
2026-09-17T03:30:20.778660617Z,static,full,edge-files,200,3.276801
2026-09-17T03:30:20.838036258Z,static,full,edge-files,200,2.752197
2026-09-17T03:30:20.89862905Z,static,full,edge-files,200,3.980661
2026-09-17T03:30:20.958677252Z,static,full,edge-files,200,3.363333
2026-09-17T03:30:21.019242859Z,static,full,edge-files,200,3.489188
2026-09-17T03:30:21.079353417Z,static,full,edge-files,200,3.627021
2026-09-17T03:30:21.139142811Z,static,full,edge-files,200,3.883449
2026-09-17T03:30:21.199963695Z,static,full,edge-files,200,4.335672
2026-09-17T03:30:21.259301747Z,static,full,edge-files,200,3.665535
2026-09-17T03:30:21.318703244Z,static,full,edge-files,200,3.382872
2026-09-17T03:30:21.3789476Z,static,full,edge-files,200,3.798724
2026-09-17T03:30:21.439863527Z,static,full,edge-files,200,5.12236
2026-09-17T03:30:21.498263332Z,static,full,edge-files,200,3.662098
2026-09-17T03:30:21.558456175Z,static,full,edge-files,200,3.296457
2026-09-17T03:30:21.618817462Z,static,full,edge-files,200,3.701096
2026-09-17T03:30:21.679768527Z,static,full,edge-files,200,4.116736
2026-09-17T03:30:21.739596397Z,static,full,edge-files,200,4.253367
2026-09-17T03:30:21.798723734Z,static,full,edge-files,200,3.482921
2026-09-17T03:30:21.858654848Z,static,full,edge-files,200,3.305439
2026-09-17T03:30:21.919690079Z,static,full,edge-files,200,4.213938
2026-09-17T03:30:21.978191726Z,static,full,edge-files,200,2.924721
2026-09-17T03:30:22.038770857Z,static,full,edge-files,200,3.89892
2026-09-17T03:30:22.100006096Z,static,full,edge-files,200,4.59834
2026-09-17T03:30:22.163051316Z,static,full,edge-files,200,7.047667
2026-09-17T03:30:22.219964864Z,static,full,edge-files,200,4.57999
2026-09-17T03:30:22.278157973Z,static,full,edge-files,200,3.47099
2026-09-17T03:30:22.340248415Z,static,full,edge-files,200,5.036773
2026-09-17T03:30:22.401119847Z,static,full,edge-files,200,5.282121
2026-09-17T03:30:22.459279124Z,static,full,edge-files,200,4.221645
2026-09-17T03:30:22.519618379Z,static,full,edge-files,200,4.681277
2026-09-17T03:30:22.578794749Z,static,full,edge-files,200,3.544535
2026-09-17T03:30:22.639659477Z,static,full,edge-files,200,3.948245
2026-09-17T03:30:22.698865054Z,static,full,edge-files,200,4.274237
2026-09-17T03:30:22.758776358Z,static,full,edge-files,200,3.657963
2026-09-17T03:30:22.8193549Z,static,full,edge-files,200,3.936274
2026-09-17T03:30:22.878867144Z,static,full,edge-files,200,3.74635
2026-09-17T03:30:22.938771558Z,static,full,edge-files,200,3.177387
2026-09-17T03:30:22.999356955Z,static,full,edge-files,200,3.89425
2026-09-17T03:30:23.059176081Z,static,full,edge-files,200,4.075449
2026-09-17T03:30:23.119938236Z,static,full,edge-files,200,5.002443
2026-09-17T03:30:23.179088657Z,static,full,edge-files,200,3.555334
2026-09-17T03:30:23.238512598Z,static,full,edge-files,200,3.435035
2026-09-17T03:30:23.299277879Z,static,full,edge-files,200,3.981716
2026-09-17T03:30:23.358222224Z,static,full,edge-files,200,3.131002
2026-09-17T03:30:23.419100973Z,static,full,edge-files,200,4.112476
2026-09-17T03:30:23.478516783Z,static,full,edge-files,200,3.793811
2026-09-17T03:30:23.538761055Z,static,full,edge-files,200,3.217909
2026-09-17T03:30:23.599296199Z,static,full,edge-files,200,3.749009
2026-09-17T03:30:23.659987006Z,static,full,edge-files,200,4.868317
2026-09-17T03:30:23.720103299Z,static,full,edge-files,200,4.359019
2026-09-17T03:30:23.789261816Z,static,full,edge-files,200,14.417148
2026-09-17T03:30:23.839463749Z,static,full,edge-files,200,3.856067
2026-09-17T03:30:23.900026196Z,static,full,edge-files,200,4.70268
2026-09-17T03:30:23.958471716Z,static,full,edge-files,200,3.593132
2026-09-17T03:30:24.018406535Z,static,full,edge-files,200,3.15388
2026-09-17T03:30:24.077674604Z,static,full,edge-files,200,2.654198
2026-09-17T03:30:24.138422993Z,static,full,edge-files,200,3.000732
2026-09-17T03:30:24.198920769Z,static,full,edge-files,200,3.624764
2026-09-17T03:30:24.259041547Z,static,full,edge-files,200,3.416944
2026-09-17T03:30:24.318643142Z,static,full,edge-files,200,3.61035
2026-09-17T03:30:24.378851697Z,static,full,edge-files,200,3.581562
2026-09-17T03:30:24.439296989Z,static,full,edge-files,200,3.637191
2026-09-17T03:30:24.499727155Z,static,full,edge-files,200,4.790718
2026-09-17T03:30:24.558445983Z,static,full,edge-files,200,2.979562
2026-09-17T03:30:24.62022168Z,static,full,edge-files,200,4.962499
2026-09-17T03:30:24.678859292Z,static,full,edge-files,200,3.735484
2026-09-17T03:30:24.739994481Z,static,full,edge-files,200,4.267628
2026-09-17T03:30:24.799389959Z,static,full,edge-files,200,4.647557
2026-09-17T03:30:24.859378472Z,static,full,edge-files,200,4.177681
2026-09-17T03:30:24.919186652Z,static,full,edge-files,200,3.786111
2026-09-17T03:30:24.978071162Z,static,full,edge-files,200,3.325966
2026-09-17T03:30:25.037761294Z,static,full,edge-files,200,3.086319
2026-09-17T03:30:25.098852251Z,static,full,edge-files,200,3.302105
2026-09-17T03:30:25.158786619Z,static,full,edge-files,200,3.23959
2026-09-17T03:30:25.218083411Z,static,full,edge-files,200,2.680189
2026-09-17T03:30:25.284027483Z,static,full,edge-files,200,9.011756
2026-09-17T03:30:25.337737353Z,static,full,edge-files,200,3.091279
2026-09-17T03:30:25.399168983Z,static,full,edge-files,200,3.569545
2026-09-17T03:30:25.458341258Z,static,full,edge-files,200,3.35259
2026-09-17T03:30:25.518996265Z,static,full,edge-files,200,3.762915
2026-09-17T03:30:25.579395069Z,static,full,edge-files,200,3.705241
2026-09-17T03:30:25.638602092Z,static,full,edge-files,200,3.390468
2026-09-17T03:30:25.69883303Z,static,full,edge-files,200,3.458007
2026-09-17T03:30:25.758672482Z,static,full,edge-files,200,3.123097
2026-09-17T03:30:25.818171499Z,static,full,edge-files,200,2.856923
2026-09-17T03:30:25.878215636Z,static,full,edge-files,200,3.265463
2026-09-17T03:30:25.93843933Z,static,full,edge-files,200,3.294436
2026-09-17T03:30:25.998581571Z,static,full,edge-files,200,3.503261
2026-09-17T03:30:26.06019265Z,static,full,edge-files,200,4.804678
2026-09-17T03:30:26.117960442Z,static,full,edge-files,200,3.313761
2026-09-17T03:30:26.179414864Z,static,full,edge-files,200,3.798934
2026-09-17T03:30:26.238351837Z,static,full,edge-files,200,3.288614
2026-09-17T03:30:26.298472679Z,static,full,edge-files,200,3.303376
2026-09-17T03:30:26.358135128Z,static,full,edge-files,200,2.853663
2026-09-17T03:30:26.418567034Z,static,full,edge-files,200,3.425835
2026-09-17T03:30:26.478811466Z,static,full,edge-files,200,3.4985
2026-09-17T03:30:26.538687971Z,static,full,edge-files,200,3.190387
2026-09-17T03:30:26.599103105Z,static,full,edge-files,200,3.809493
2026-09-17T03:30:26.659132621Z,static,full,edge-files,200,3.417034
2026-09-17T03:30:26.718276761Z,static,full,edge-files,200,3.255652
2026-09-17T03:30:26.778896802Z,static,full,edge-files,200,3.650931
2026-09-17T03:30:26.839386312Z,static,full,edge-files,200,3.842275
2026-09-17T03:30:26.899835062Z,static,full,edge-files,200,4.682678
2026-09-17T03:30:26.959487039Z,static,full,edge-files,200,3.854067
2026-09-17T03:30:27.018014772Z,static,full,edge-files,200,2.869643
2026-09-17T03:30:27.077970062Z,static,full,edge-files,200,3.142283
2026-09-17T03:30:27.138105076Z,static,full,edge-files,200,3.411194
2026-09-17T03:30:27.200852045Z,static,full,edge-files,200,5.823523
2026-09-17T03:30:27.260004516Z,static,full,edge-files,200,4.684242
2026-09-17T03:30:27.323007353Z,static,full,edge-files,200,7.367718
2026-09-17T03:30:27.379417Z,static,full,edge-files,200,3.682334
2026-09-17T03:30:27.439917391Z,static,full,edge-files,200,4.655916
2026-09-17T03:30:27.500162663Z,static,full,edge-files,200,4.58026
2026-09-17T03:30:27.557887258Z,static,full,edge-files,200,2.982463
2026-09-17T03:30:27.618902315Z,static,full,edge-files,200,3.316727
2026-09-17T03:30:27.680054093Z,static,full,edge-files,200,4.42559
2026-09-17T03:30:27.737690595Z,static,full,edge-files,200,2.924719
2026-09-17T03:30:27.798386851Z,static,full,edge-files,200,3.126444
2026-09-17T03:30:27.859248475Z,static,full,edge-files,200,3.971552
2026-09-17T03:30:27.918934779Z,static,full,edge-files,200,3.865873
2026-09-17T03:30:27.9798365Z,static,full,edge-files,200,3.464788
2026-09-17T03:30:28.041458756Z,static,full,edge-files,200,3.29918
2026-09-17T03:30:28.100062145Z,static,full,edge-files,200,4.83235
2026-09-17T03:30:28.158658614Z,static,full,edge-files,200,3.75926
2026-09-17T03:30:28.218713533Z,static,full,edge-files,200,3.433276
2026-09-17T03:30:28.278626791Z,static,full,edge-files,200,3.288534
2026-09-17T03:30:28.338913546Z,static,full,edge-files,200,3.591417
2026-09-17T03:30:28.400004842Z,static,full,edge-files,200,4.525426
2026-09-17T03:30:28.458291581Z,static,full,edge-files,200,3.637169
2026-09-17T03:30:28.51916802Z,static,full,edge-files,200,4.012098
2026-09-17T03:30:28.578003477Z,static,full,edge-files,200,3.201257
2026-09-17T03:30:28.638717544Z,static,full,edge-files,200,4.074682
2026-09-17T03:30:28.699383788Z,static,full,edge-files,200,3.939843
2026-09-17T03:30:28.75867709Z,static,full,edge-files,200,3.648361
2026-09-17T03:30:28.81886937Z,static,full,edge-files,200,3.497941
2026-09-17T03:30:28.879308336Z,static,full,edge-files,200,3.821659
2026-09-17T03:30:28.940742041Z,static,full,edge-files,200,5.594381
2026-09-17T03:30:29.001741545Z,static,full,edge-files,200,6.280577
2026-09-17T03:30:29.059218562Z,static,full,edge-files,200,3.902101
2026-09-17T03:30:29.120333421Z,static,full,edge-files,200,5.275972
2026-09-17T03:30:29.181138337Z,static,full,edge-files,200,5.884768
2026-09-17T03:30:29.239556574Z,static,full,edge-files,200,4.896454
2026-09-17T03:30:29.298439505Z,static,full,edge-files,200,3.261933
2026-09-17T03:30:29.359116969Z,static,full,edge-files,200,3.893064
2026-09-17T03:30:29.419308618Z,static,full,edge-files,200,4.586792
2026-09-17T03:30:29.478756841Z,static,full,edge-files,200,3.794313
2026-09-17T03:30:29.539341418Z,static,full,edge-files,200,3.830164
2026-09-17T03:30:29.598096513Z,static,full,edge-files,200,2.976867
2026-09-17T03:30:29.658155235Z,static,full,edge-files,200,3.367819
2026-09-17T03:30:29.718075023Z,static,full,edge-files,200,3.233871
2026-09-17T03:30:29.779122345Z,static,full,edge-files,200,4.479414
2026-09-17T03:30:29.838137774Z,static,full,edge-files,200,3.401357
2026-09-17T03:30:29.898298274Z,static,full,edge-files,200,3.086674
2026-09-17T03:30:29.959213431Z,static,full,edge-files,200,3.340638
2026-09-17T03:30:30.020735499Z,static,full,edge-files,200,5.744777
2026-09-17T03:30:30.079968675Z,static,full,edge-files,200,4.357334
2026-09-17T03:30:30.138853876Z,static,full,edge-files,200,3.253752
2026-09-17T03:30:30.199218577Z,static,full,edge-files,200,3.607588
2026-09-17T03:30:30.258178238Z,static,full,edge-files,200,3.385872
2026-09-17T03:30:30.318399144Z,static,full,edge-files,200,3.571115
2026-09-17T03:30:30.37909726Z,static,full,edge-files,200,3.931582
2026-09-17T03:30:30.437413888Z,static,full,edge-files,200,2.70276
2026-09-17T03:30:30.501578042Z,static,full,edge-files,200,6.349002
2026-09-17T03:30:30.559263515Z,static,full,edge-files,200,3.877738
2026-09-17T03:30:30.618595819Z,static,full,edge-files,200,3.638591
2026-09-17T03:30:30.679531072Z,static,full,edge-files,200,4.149509
2026-09-17T03:30:30.7387213Z,static,full,edge-files,200,3.372036
2026-09-17T03:30:30.800991692Z,static,full,edge-files,200,4.255861
2026-09-17T03:30:30.859193198Z,static,full,edge-files,200,3.570841
2026-09-17T03:30:30.918533763Z,static,full,edge-files,200,3.197408
2026-09-17T03:30:30.978683881Z,static,full,edge-files,200,3.44174
2026-09-17T03:30:31.038653024Z,static,full,edge-files,200,3.18625
2026-09-17T03:30:31.100375766Z,static,full,edge-files,200,4.283528
2026-09-17T03:30:31.158369547Z,static,full,edge-files,200,3.292808
2026-09-17T03:30:31.219031324Z,static,full,edge-files,200,3.855271
2026-09-17T03:30:31.27835036Z,static,full,edge-files,200,3.5858
2026-09-17T03:30:31.338412362Z,static,full,edge-files,200,3.31582
2026-09-17T03:30:31.398217403Z,static,full,edge-files,200,3.011042
2026-09-17T03:30:31.458766921Z,static,full,edge-files,200,3.804167
2026-09-17T03:30:31.518927371Z,static,full,edge-files,200,3.351173
2026-09-17T03:30:31.579430826Z,static,full,edge-files,200,3.721741
2026-09-17T03:30:31.639886917Z,static,full,edge-files,200,4.712806
2026-09-17T03:30:31.698799693Z,static,full,edge-files,200,3.229004
2026-09-17T03:30:31.758529788Z,static,full,edge-files,200,3.160398
2026-09-17T03:30:31.818350636Z,static,full,edge-files,200,3.10647
2026-09-17T03:30:31.878729987Z,static,full,edge-files,200,3.768394
2026-09-17T03:30:31.938913494Z,static,full,edge-files,200,3.539853
2026-09-17T03:30:31.998754074Z,static,full,edge-files,200,3.17995
2026-09-17T03:30:32.058681665Z,static,full,edge-files,200,3.966039
2026-09-17T03:30:32.118483906Z,static,full,edge-files,200,3.110025
2026-09-17T03:30:32.178588991Z,static,full,edge-files,200,3.412438
2026-09-17T03:30:32.238170157Z,static,full,edge-files,200,2.947816
2026-09-17T03:30:32.298042204Z,static,full,edge-files,200,3.385465
2026-09-17T03:30:32.358598803Z,static,full,edge-files,200,3.944112
2026-09-17T03:30:32.418798401Z,static,full,edge-files,200,3.497554
2026-09-17T03:30:32.478726846Z,static,full,edge-files,200,3.419618
2026-09-17T03:30:32.53835218Z,static,full,edge-files,200,2.902634
2026-09-17T03:30:32.598279776Z,static,full,edge-files,200,3.186761
2026-09-17T03:30:32.659272909Z,static,full,edge-files,200,3.981986
2026-09-17T03:30:32.718330545Z,static,full,edge-files,200,3.45451
2026-09-17T03:30:32.779560765Z,static,full,edge-files,200,4.543653
2026-09-17T03:30:32.839093275Z,static,full,edge-files,200,3.883273
2026-09-17T03:30:32.898374018Z,static,full,edge-files,200,3.492783
2026-09-17T03:30:32.958420089Z,static,full,edge-files,200,3.239699
2026-09-17T03:30:33.01807458Z,static,full,edge-files,200,2.921286
2026-09-17T03:30:33.078195631Z,static,full,edge-files,200,3.229524
2026-09-17T03:30:33.137434606Z,static,full,edge-files,200,2.661171
2026-09-17T03:30:33.199023721Z,static,full,edge-files,200,3.714214
2026-09-17T03:30:33.258737607Z,static,full,edge-files,200,4.034885
2026-09-17T03:30:33.318928238Z,static,full,edge-files,200,3.416427
2026-09-17T03:30:33.379074783Z,static,full,edge-files,200,3.394407
2026-09-17T03:30:33.438129533Z,static,full,edge-files,200,3.421018
2026-09-17T03:30:33.498236583Z,static,full,edge-files,200,3.602336
2026-09-17T03:30:33.557915259Z,static,full,edge-files,200,2.878657
2026-09-17T03:30:33.619060653Z,static,full,edge-files,200,3.358609
2026-09-17T03:30:33.677752631Z,static,full,edge-files,200,3.118476
2026-09-17T03:30:33.739017249Z,static,full,edge-files,200,3.209362
2026-09-17T03:30:33.798646513Z,static,full,edge-files,200,2.982255
2026-09-17T03:30:33.859152326Z,static,full,edge-files,200,3.673726
2026-09-17T03:30:33.918333831Z,static,full,edge-files,200,3.665687
2026-09-17T03:30:33.978977576Z,static,full,edge-files,200,3.918736
2026-09-17T03:30:34.038554252Z,static,full,edge-files,200,2.960177
2026-09-17T03:30:34.099350239Z,static,full,edge-files,200,4.034468
2026-09-17T03:30:34.158737955Z,static,full,edge-files,200,3.684523
2026-09-17T03:30:34.218304774Z,static,full,edge-files,200,3.0497
2026-09-17T03:30:34.277492891Z,static,full,edge-files,200,2.610277
2026-09-17T03:30:34.337956303Z,static,full,edge-files,200,2.63972
2026-09-17T03:30:34.398403099Z,static,full,edge-files,200,3.70967
2026-09-17T03:30:34.459143502Z,static,full,edge-files,200,4.122146
2026-09-17T03:30:34.518524233Z,static,full,edge-files,200,3.35732
2026-09-17T03:30:34.579610361Z,static,full,edge-files,200,4.420649
2026-09-17T03:30:34.63918546Z,static,full,edge-files,200,4.039064
2026-09-17T03:30:34.699164346Z,static,full,edge-files,200,4.274798
2026-09-17T03:30:34.759027522Z,static,full,edge-files,200,4.132232
2026-09-17T03:30:34.818722326Z,static,full,edge-files,200,3.105105
2026-09-17T03:30:34.878690961Z,static,full,edge-files,200,3.339972
2026-09-17T03:30:34.937953481Z,static,full,edge-files,200,2.686212
2026-09-17T03:30:34.998345904Z,static,full,edge-files,200,3.522212
2026-09-17T03:30:35.058187353Z,static,full,edge-files,200,2.961913
2026-09-17T03:30:35.118479112Z,static,full,edge-files,200,3.753843
2026-09-17T03:30:35.179019121Z,static,full,edge-files,200,3.657486
2026-09-17T03:30:35.239080622Z,static,full,edge-files,200,4.324296
2026-09-17T03:30:35.298063391Z,static,full,edge-files,200,3.160563
2026-09-17T03:30:35.358299716Z,static,full,edge-files,200,3.628144
2026-09-17T03:30:35.418244289Z,static,full,edge-files,200,3.215903
2026-09-17T03:30:35.478169891Z,static,full,edge-files,200,3.187006
2026-09-17T03:30:35.538362672Z,static,full,edge-files,200,2.905189
2026-09-17T03:30:35.599729623Z,static,full,edge-files,200,4.462957
2026-09-17T03:30:35.659400402Z,static,full,edge-files,200,3.929327
2026-09-17T03:30:35.718567146Z,static,full,edge-files,200,3.457
2026-09-17T03:30:35.778690753Z,static,full,edge-files,200,3.43882
2026-09-17T03:30:35.838958731Z,static,full,edge-files,200,3.633925
2026-09-17T03:30:35.89965677Z,static,full,edge-files,200,4.881968
2026-09-17T03:30:35.95882203Z,static,full,edge-files,200,3.49561
2026-09-17T03:30:36.018310123Z,static,full,edge-files,200,2.927591
2026-09-17T03:30:36.077980485Z,static,full,edge-files,200,3.010377
2026-09-17T03:30:36.138653819Z,static,full,edge-files,200,3.062997
2026-09-17T03:30:36.199243215Z,static,full,edge-files,200,3.801387
2026-09-17T03:30:36.259984879Z,static,full,edge-files,200,5.039461
2026-09-17T03:30:36.319329331Z,static,full,edge-files,200,3.624819
2026-09-17T03:30:36.378932081Z,static,full,edge-files,200,3.607513
2026-09-17T03:30:36.439687286Z,static,full,edge-files,200,4.10004
2026-09-17T03:30:36.499576995Z,static,full,edge-files,200,3.92681
2026-09-17T03:30:36.559142404Z,static,full,edge-files,200,3.852295
2026-09-17T03:30:36.618260395Z,static,full,edge-files,200,3.364039
2026-09-17T03:30:36.679583757Z,static,full,edge-files,200,4.141637
2026-09-17T03:30:36.739882865Z,static,full,edge-files,200,4.545972
2026-09-17T03:30:36.799238603Z,static,full,edge-files,200,3.745777
2026-09-17T03:30:36.858884154Z,static,full,edge-files,200,3.770125
2026-09-17T03:30:36.918453009Z,static,full,edge-files,200,3.727432
2026-09-17T03:30:36.979073863Z,static,full,edge-files,200,3.70259
2026-09-17T03:30:37.038611135Z,static,full,edge-files,200,2.953933
2026-09-17T03:30:37.098180908Z,static,full,edge-files,200,2.843844
2026-09-17T03:30:37.159913686Z,static,full,edge-files,200,4.951363
2026-09-17T03:30:37.219096547Z,static,full,edge-files,200,3.328497
2026-09-17T03:30:37.279500469Z,static,full,edge-files,200,4.647941
2026-09-17T03:30:37.338206329Z,static,full,edge-files,200,2.973825
2026-09-17T03:30:37.398596975Z,static,full,edge-files,200,3.557458
2026-09-17T03:30:37.45924732Z,static,full,edge-files,200,4.001032
2026-09-17T03:30:37.519148836Z,static,full,edge-files,200,4.057161
2026-09-17T03:30:37.588835828Z,static,full,edge-files,200,13.33079
2026-09-17T03:30:37.638628825Z,static,full,edge-files,200,3.380655
2026-09-17T03:30:37.698790135Z,static,full,edge-files,200,3.4418
2026-09-17T03:30:37.75876873Z,static,full,edge-files,200,3.192161
2026-09-17T03:30:37.818646206Z,static,full,edge-files,200,3.040929
2026-09-17T03:30:37.878904163Z,static,full,edge-files,200,3.655676
2026-09-17T03:30:37.937999808Z,static,full,edge-files,200,3.338613
2026-09-17T03:30:37.998931169Z,static,full,edge-files,200,3.3075
2026-09-17T03:30:38.059170051Z,static,full,edge-files,200,4.258257
2026-09-17T03:30:38.117823779Z,static,full,edge-files,200,2.877925
2026-09-17T03:30:38.179221277Z,static,full,edge-files,200,4.089105
2026-09-17T03:30:38.239619658Z,static,full,edge-files,200,4.574235
2026-09-17T03:30:38.299775337Z,static,full,edge-files,200,4.38204
2026-09-17T03:30:38.359813587Z,static,full,edge-files,200,4.409933
2026-09-17T03:30:38.418761635Z,static,full,edge-files,200,3.151132
2026-09-17T03:30:38.478215719Z,static,full,edge-files,200,2.890778
2026-09-17T03:30:38.53799481Z,static,full,edge-files,200,3.007937
2026-09-17T03:30:38.598170251Z,static,full,edge-files,200,3.433369
2026-09-17T03:30:38.660684788Z,static,full,edge-files,200,5.417139
2026-09-17T03:30:38.718354324Z,static,full,edge-files,200,2.987861
2026-09-17T03:30:38.779587889Z,static,full,edge-files,200,4.068907
2026-09-17T03:30:38.839113859Z,static,full,edge-files,200,3.816018
2026-09-17T03:30:38.898870903Z,static,full,edge-files,200,3.992316
2026-09-17T03:30:38.959644618Z,static,full,edge-files,200,4.072739
2026-09-17T03:30:39.020102143Z,static,full,edge-files,200,4.755521
2026-09-17T03:30:39.078109782Z,static,full,edge-files,200,3.045722
2026-09-17T03:30:39.13967244Z,static,full,edge-files,200,3.916157
2026-09-17T03:30:39.198378004Z,static,full,edge-files,200,2.994669
2026-09-17T03:30:39.258473152Z,static,full,edge-files,200,3.221014
2026-09-17T03:30:39.318086593Z,static,full,edge-files,200,2.815155
2026-09-17T03:30:39.377981329Z,static,full,edge-files,200,3.269143
2026-09-17T03:30:39.439171708Z,static,full,edge-files,200,4.58437
2026-09-17T03:30:39.498617462Z,static,full,edge-files,200,3.943585
2026-09-17T03:30:39.558720887Z,static,full,edge-files,200,3.522978
2026-09-17T03:30:39.618418935Z,static,full,edge-files,200,3.019699
2026-09-17T03:30:39.677787197Z,static,full,edge-files,200,2.669723
2026-09-17T03:30:39.739582185Z,static,full,edge-files,200,3.852574
2026-09-17T03:30:39.798848611Z,static,full,edge-files,200,3.535908
2026-09-17T03:30:39.858395337Z,static,full,edge-files,200,3.748704
2026-09-17T03:30:39.917933862Z,static,full,edge-files,200,2.778906
2026-09-17T03:30:39.979136465Z,static,full,edge-files,200,3.40909
2026-09-17T03:30:40.038496696Z,static,full,edge-files,200,2.826104
2026-09-17T03:30:40.098439063Z,static,full,edge-files,200,3.230756
2026-09-17T03:30:40.159014007Z,static,full,edge-files,200,3.803359
2026-09-17T03:30:40.21888496Z,static,full,edge-files,200,3.105551
2026-09-17T03:30:40.279331406Z,static,full,edge-files,200,3.241976
2026-09-17T03:30:40.338431478Z,static,full,edge-files,200,3.251002
2026-09-17T03:30:40.398843561Z,static,full,edge-files,200,3.681029
2026-09-17T03:30:40.459718028Z,static,full,edge-files,200,4.062309
2026-09-17T03:30:40.51841994Z,static,full,edge-files,200,2.785732
2026-09-17T03:30:40.578566012Z,static,full,edge-files,200,3.391518
2026-09-17T03:30:40.63843373Z,static,full,edge-files,200,3.198328
2026-09-17T03:30:40.698508045Z,static,full,edge-files,200,3.1549
2026-09-17T03:30:40.758885148Z,static,full,edge-files,200,3.361706
2026-09-17T03:30:40.820066752Z,static,full,edge-files,200,4.350135
2026-09-17T03:30:40.877961729Z,static,full,edge-files,200,3.281411
2026-09-17T03:30:40.93783925Z,static,full,edge-files,200,3.014269
2026-09-17T03:30:40.998904643Z,static,full,edge-files,200,3.393299
2026-09-17T03:30:41.059006033Z,static,full,edge-files,200,3.328513
2026-09-17T03:30:41.117331109Z,static,full,edge-files,200,2.674538
2026-09-17T03:30:41.178430134Z,static,full,edge-files,200,3.183327
2026-09-17T03:30:41.239519503Z,static,full,edge-files,200,4.423477
2026-09-17T03:30:41.298518027Z,static,full,edge-files,200,3.229065
2026-09-17T03:30:41.358908167Z,static,full,edge-files,200,3.471718
2026-09-17T03:30:41.419446326Z,static,full,edge-files,200,3.678342
2026-09-17T03:30:41.478252681Z,static,full,edge-files,200,3.534908
2026-09-17T03:30:41.538924082Z,static,full,edge-files,200,3.767687
2026-09-17T03:30:41.599711793Z,static,full,edge-files,200,4.69135
2026-09-17T03:30:41.658947292Z,static,full,edge-files,200,3.647284
2026-09-17T03:30:41.719061305Z,static,full,edge-files,200,3.42809
2026-09-17T03:30:41.780849421Z,static,full,edge-files,200,6.074313
2026-09-17T03:30:41.846681165Z,static,full,edge-files,200,10.734736
2026-09-17T03:30:41.900443598Z,static,full,edge-files,200,5.049525
2026-09-17T03:30:41.958995273Z,static,full,edge-files,200,3.654897
2026-09-17T03:30:42.018335682Z,static,full,edge-files,200,3.370725
2026-09-17T03:30:42.07906488Z,static,full,edge-files,200,3.909812
2026-09-17T03:30:42.138626939Z,static,full,edge-files,200,3.909367
2026-09-17T03:30:42.198453194Z,static,full,edge-files,200,3.234757
2026-09-17T03:30:42.259516227Z,static,full,edge-files,200,4.107336
2026-09-17T03:30:42.318854436Z,static,full,edge-files,200,3.446772
2026-09-17T03:30:42.380332969Z,static,full,edge-files,200,4.636522
2026-09-17T03:30:42.43837142Z,static,full,edge-files,200,3.342403
2026-09-17T03:30:42.497954949Z,static,full,edge-files,200,2.727657
2026-09-17T03:30:42.557908407Z,static,full,edge-files,200,3.267499
2026-09-17T03:30:42.617521499Z,static,full,edge-files,200,2.850968
2026-09-17T03:30:42.67819365Z,static,full,edge-files,200,2.924761
2026-09-17T03:30:42.737955963Z,static,full,edge-files,200,3.024341
2026-09-17T03:30:42.798558969Z,static,full,edge-files,200,2.8958
2026-09-17T03:30:42.8587942Z,static,full,edge-files,200,3.535063
2026-09-17T03:30:42.918698991Z,static,full,edge-files,200,3.17321
2026-09-17T03:30:42.978599165Z,static,full,edge-files,200,3.234847
2026-09-17T03:30:43.039262001Z,static,full,edge-files,200,4.048819
2026-09-17T03:30:43.097800917Z,static,full,edge-files,200,2.834095
2026-09-17T03:30:43.158421348Z,static,full,edge-files,200,2.788196
2026-09-17T03:30:43.218902987Z,static,full,edge-files,200,3.556402
2026-09-17T03:30:43.279689201Z,static,full,edge-files,200,4.145335
2026-09-17T03:30:43.339253729Z,static,full,edge-files,200,3.902897
2026-09-17T03:30:43.3987095Z,static,full,edge-files,200,3.612334
2026-09-17T03:30:43.461234312Z,static,full,edge-files,200,5.826042
2026-09-17T03:30:43.518011157Z,static,full,edge-files,200,3.117717
2026-09-17T03:30:43.579051227Z,static,full,edge-files,200,3.487815
2026-09-17T03:30:43.639770088Z,static,full,edge-files,200,4.857335
2026-09-17T03:30:43.698493626Z,static,full,edge-files,200,3.084744
2026-09-17T03:30:43.759334727Z,static,full,edge-files,200,3.937356
2026-09-17T03:30:43.818353051Z,static,full,edge-files,200,3.276165
2026-09-17T03:30:43.879462921Z,static,full,edge-files,200,4.394314
2026-09-17T03:30:43.93856239Z,static,full,edge-files,200,3.111592
2026-09-17T03:30:43.998041805Z,static,full,edge-files,200,2.790872
2026-09-17T03:30:44.05795776Z,static,full,edge-files,200,3.284129
2026-09-17T03:30:44.117998622Z,static,full,edge-files,200,3.275318
2026-09-17T03:30:44.178826646Z,static,full,edge-files,200,4.21452
2026-09-17T03:30:44.238382443Z,static,full,edge-files,200,2.966575
2026-09-17T03:30:44.297846702Z,static,full,edge-files,200,2.763601
2026-09-17T03:30:44.357994474Z,static,full,edge-files,200,3.251187
2026-09-17T03:30:44.418433219Z,static,full,edge-files,200,2.778182
2026-09-17T03:30:44.478479562Z,static,full,edge-files,200,3.333893
2026-09-17T03:30:44.538408507Z,static,full,edge-files,200,3.288051
2026-09-17T03:30:44.598025218Z,static,full,edge-files,200,2.89872
2026-09-17T03:30:44.657968448Z,static,full,edge-files,200,3.107931
2026-09-17T03:30:44.718873143Z,static,full,edge-files,200,3.246491
2026-09-17T03:30:44.779320198Z,static,full,edge-files,200,3.823851
2026-09-17T03:30:44.838227442Z,static,full,edge-files,200,3.06543
2026-09-17T03:30:44.897516901Z,static,full,edge-files,200,2.579479
2026-09-17T03:30:44.958868711Z,static,full,edge-files,200,3.606978
2026-09-17T03:30:45.018988225Z,static,full,edge-files,200,3.511607
2026-09-17T03:30:45.079395258Z,static,full,edge-files,200,3.796659
2026-09-17T03:30:45.139204605Z,static,full,edge-files,200,4.092394
2026-09-17T03:30:45.197690942Z,static,full,edge-files,200,2.799064
2026-09-17T03:30:45.259331252Z,static,full,edge-files,200,3.925173
2026-09-17T03:30:45.318266121Z,static,full,edge-files,200,3.179957
2026-09-17T03:30:45.379155975Z,static,full,edge-files,200,4.07907
2026-09-17T03:30:45.438488578Z,static,full,edge-files,200,3.869379
2026-09-17T03:30:45.498034824Z,static,full,edge-files,200,2.822859
2026-09-17T03:30:45.558091335Z,static,full,edge-files,200,3.210163
2026-09-17T03:30:45.6180336Z,static,full,edge-files,200,3.252473
2026-09-17T03:30:45.677610999Z,static,full,edge-files,200,2.891054
2026-09-17T03:30:45.738643709Z,static,full,edge-files,200,3.438362
2026-09-17T03:30:45.79819648Z,static,full,edge-files,200,2.827519
2026-09-17T03:30:45.859079264Z,static,full,edge-files,200,3.766281
2026-09-17T03:30:45.918879509Z,static,full,edge-files,200,3.925498
2026-09-17T03:30:45.979238648Z,static,full,edge-files,200,3.551046
2026-09-17T03:30:46.038957996Z,static,full,edge-files,200,3.927768
2026-09-17T03:30:46.098614331Z,static,full,edge-files,200,2.954445
2026-09-17T03:30:46.159474397Z,static,full,edge-files,200,4.191218
2026-09-17T03:30:46.218725121Z,static,full,edge-files,200,3.475754
2026-09-17T03:30:46.278736123Z,static,full,edge-files,200,3.29475
2026-09-17T03:30:46.338902926Z,static,full,edge-files,200,3.41857
2026-09-17T03:30:46.397441496Z,static,full,edge-files,200,2.755219
2026-09-17T03:30:46.459627042Z,static,full,edge-files,200,4.393214
2026-09-17T03:30:46.519009601Z,static,full,edge-files,200,3.847393
2026-09-17T03:30:46.577334654Z,static,full,edge-files,200,2.654006
2026-09-17T03:30:46.640565571Z,static,full,edge-files,200,5.391255
2026-09-17T03:30:46.698310735Z,static,full,edge-files,200,3.117687
2026-09-17T03:30:46.758973925Z,static,full,edge-files,200,3.837352
2026-09-17T03:30:46.818511032Z,static,full,edge-files,200,3.814979
2026-09-17T03:30:46.879626207Z,static,full,edge-files,200,4.368212
2026-09-17T03:30:46.9387373Z,static,full,edge-files,200,3.591812
2026-09-17T03:30:46.998677891Z,static,full,edge-files,200,3.331301
2026-09-17T03:30:47.059162289Z,static,full,edge-files,200,3.469696
2026-09-17T03:30:47.118199828Z,static,full,edge-files,200,3.353683
2026-09-17T03:30:47.177913715Z,static,full,edge-files,200,3.064541
2026-09-17T03:30:47.239035704Z,static,full,edge-files,200,3.402891
2026-09-17T03:30:47.297938408Z,static,full,edge-files,200,3.035634
2026-09-17T03:30:47.360421042Z,static,full,edge-files,200,4.728207
2026-09-17T03:30:47.419207142Z,static,full,edge-files,200,3.98166
2026-09-17T03:30:47.478679114Z,static,full,edge-files,200,3.765324
2026-09-17T03:30:47.540640342Z,static,full,edge-files,200,5.211022
2026-09-17T03:30:47.598026577Z,static,full,edge-files,200,2.808936
2026-09-17T03:30:47.659141262Z,static,full,edge-files,200,4.068276
2026-09-17T03:30:47.718423766Z,static,full,edge-files,200,3.276783
2026-09-17T03:30:47.779392414Z,static,full,edge-files,200,4.38126
2026-09-17T03:30:47.837836702Z,static,full,edge-files,200,2.853109
2026-09-17T03:30:47.898938782Z,static,full,edge-files,200,3.241349
2026-09-17T03:30:47.958633866Z,static,full,edge-files,200,3.926451
2026-09-17T03:30:48.024369955Z,static,full,edge-files,200,7.932368
2026-09-17T03:30:48.078420988Z,static,full,edge-files,200,3.556752
2026-09-17T03:30:48.138202952Z,static,full,edge-files,200,2.895131
2026-09-17T03:30:48.198595634Z,static,full,edge-files,200,3.633674
2026-09-17T03:30:48.259543481Z,static,full,edge-files,200,4.02732
2026-09-17T03:30:48.317929103Z,static,full,edge-files,200,3.019511
2026-09-17T03:30:48.378223962Z,static,full,edge-files,200,3.485994
2026-09-17T03:30:48.439095423Z,static,full,edge-files,200,4.092228
2026-09-17T03:30:48.497636754Z,static,full,edge-files,200,2.949566
2026-09-17T03:30:48.558422074Z,static,full,edge-files,200,3.123286
2026-09-17T03:30:48.618419477Z,static,full,edge-files,200,3.214006
2026-09-17T03:30:48.676416557Z,static,full,edge-files,200,2.904009
2026-09-17T03:30:48.737086258Z,static,full,edge-files,200,4.042054
2026-09-17T03:30:48.796786892Z,static,full,edge-files,200,3.099934
2026-09-17T03:30:48.858094407Z,static,full,edge-files,200,4.44826
2026-09-17T03:30:48.917800066Z,static,full,edge-files,200,3.905634
2026-09-17T03:30:48.976315036Z,static,full,edge-files,200,2.78125
2026-09-17T03:30:49.036124521Z,static,full,edge-files,200,2.967823
2026-09-17T03:30:49.097157801Z,static,full,edge-files,200,3.249735
2026-09-17T03:30:49.156948362Z,static,full,edge-files,200,3.944733
2026-09-17T03:30:49.217566636Z,static,full,edge-files,200,3.925442
2026-09-17T03:30:49.286948503Z,static,full,edge-files,200,13.467114
2026-09-17T03:30:49.342689634Z,static,full,edge-files,200,9.164045
2026-09-17T03:30:49.396594566Z,static,full,edge-files,200,3.286802
2026-09-17T03:30:49.456576555Z,static,full,edge-files,200,3.251645
2026-09-17T03:30:49.517247418Z,static,full,edge-files,200,3.836394
2026-09-17T03:30:49.576687266Z,static,full,edge-files,200,2.840513
2026-09-17T03:30:49.63698199Z,static,full,edge-files,200,3.556048
2026-09-17T03:30:49.697647862Z,static,full,edge-files,200,4.007852
2026-09-17T03:30:49.756882015Z,static,full,edge-files,200,3.436404
2026-09-17T03:30:49.817604872Z,static,full,edge-files,200,4.11287
2026-09-17T03:30:49.876127061Z,static,full,edge-files,200,2.679031
2026-09-17T03:30:49.937077415Z,static,full,edge-files,200,3.230374
2026-09-17T03:30:49.996783804Z,static,full,edge-files,200,3.010427
2026-09-17T03:30:50.056957419Z,static,full,edge-files,200,3.449111
2026-09-17T03:30:50.116657217Z,static,full,edge-files,200,2.953112
2026-09-17T03:30:50.176609054Z,static,full,edge-files,200,3.262565
2026-09-17T03:30:50.236628978Z,static,full,edge-files,200,3.022537
2026-09-17T03:30:50.296305453Z,static,full,edge-files,200,3.010857
2026-09-17T03:30:50.356917622Z,static,full,edge-files,200,3.648844
2026-09-17T03:30:50.417024151Z,static,full,edge-files,200,3.396985
2026-09-17T03:30:50.476736102Z,static,full,edge-files,200,2.968213
2026-09-17T03:30:50.536924448Z,static,full,edge-files,200,3.302398
2026-09-17T03:30:50.596903863Z,static,full,edge-files,200,3.315895
2026-09-17T03:30:50.657521646Z,static,full,edge-files,200,3.873111
2026-09-17T03:30:50.717474573Z,static,full,edge-files,200,4.237928
2026-09-17T03:30:50.776185028Z,static,full,edge-files,200,2.881577
2026-09-17T03:30:50.836033811Z,static,full,edge-files,200,3.11042
2026-09-17T03:30:50.897287914Z,static,full,edge-files,200,3.43387
2026-09-17T03:30:50.957812794Z,static,full,edge-files,200,3.834428
2026-09-17T03:30:51.016180891Z,static,full,edge-files,200,2.857339
2026-09-17T03:30:51.076427327Z,static,full,edge-files,200,3.25167
2026-09-17T03:30:51.137250416Z,static,full,edge-files,200,3.597392
2026-09-17T03:30:51.196162686Z,static,full,edge-files,200,3.151758
2026-09-17T03:30:51.257582134Z,static,full,edge-files,200,3.58205
2026-09-17T03:30:51.316042799Z,static,full,edge-files,200,2.815042
2026-09-17T03:30:51.376704611Z,static,full,edge-files,200,2.963904
2026-09-17T03:30:51.436793947Z,static,full,edge-files,200,3.211487
2026-09-17T03:30:51.497211123Z,static,full,edge-files,200,3.566019
2026-09-17T03:30:51.557498101Z,static,full,edge-files,200,4.070152
2026-09-17T03:30:51.618315818Z,static,full,edge-files,200,5.006057
2026-09-17T03:30:51.67674507Z,static,full,edge-files,200,3.407797
2026-09-17T03:30:51.736871108Z,static,full,edge-files,200,3.364028
2026-09-17T03:30:51.796930819Z,static,full,edge-files,200,3.257005
2026-09-17T03:30:51.860530365Z,static,full,edge-files,200,6.873462
2026-09-17T03:30:51.917440579Z,static,full,edge-files,200,4.352303
2026-09-17T03:30:51.977548679Z,static,full,edge-files,200,4.51401
2026-09-17T03:30:52.03714843Z,static,full,edge-files,200,3.835829
2026-09-17T03:30:52.097455354Z,static,full,edge-files,200,3.520395
2026-09-17T03:30:52.157667101Z,static,full,edge-files,200,4.284972
2026-09-17T03:30:52.217382341Z,static,full,edge-files,200,3.954128
2026-09-17T03:30:52.276456123Z,static,full,edge-files,200,3.408697
2026-09-17T03:30:52.336952242Z,static,full,edge-files,200,3.798246
2026-09-17T03:30:52.396784131Z,static,full,edge-files,200,3.348373
2026-09-17T03:30:52.456562339Z,static,full,edge-files,200,2.980719
2026-09-17T03:30:52.516840057Z,static,full,edge-files,200,3.477313
2026-09-17T03:30:52.576565538Z,static,full,edge-files,200,3.036964
2026-09-17T03:30:52.637207878Z,static,full,edge-files,200,4.009592
2026-09-17T03:30:52.697282524Z,static,full,edge-files,200,3.418087
2026-09-17T03:30:52.756590443Z,static,full,edge-files,200,3.322865
2026-09-17T03:30:52.817182409Z,static,full,edge-files,200,3.915206
2026-09-17T03:30:52.8777871Z,static,full,edge-files,200,3.922466
2026-09-17T03:30:52.936998975Z,static,full,edge-files,200,3.408042
2026-09-17T03:30:52.997361757Z,static,full,edge-files,200,3.774084
2026-09-17T03:30:53.056346183Z,static,full,edge-files,200,3.369954
2026-09-17T03:30:53.116097436Z,static,full,edge-files,200,3.076552
2026-09-17T03:30:53.176065245Z,static,full,edge-files,200,3.085233
2026-09-17T03:30:53.237282438Z,static,full,edge-files,200,3.427638
2026-09-17T03:30:53.296188281Z,static,full,edge-files,200,3.111958
2026-09-17T03:30:53.356329567Z,static,full,edge-files,200,3.168508
2026-09-17T03:30:53.417634996Z,static,full,edge-files,200,3.638395
2026-09-17T03:30:53.476300777Z,static,full,edge-files,200,2.839814
2026-09-17T03:30:53.536527476Z,static,full,edge-files,200,3.295348
2026-09-17T03:30:53.5966835Z,static,full,edge-files,200,3.483188
2026-09-17T03:30:53.657324659Z,static,full,edge-files,200,3.829349
2026-09-17T03:30:53.715777746Z,static,full,edge-files,200,2.849255
2026-09-17T03:30:53.777025222Z,static,full,edge-files,200,3.458641
2026-09-17T03:30:53.837631708Z,static,full,edge-files,200,3.912344
2026-09-17T03:30:53.899500561Z,static,full,edge-files,200,4.933632
2026-09-17T03:30:53.9565466Z,static,full,edge-files,200,3.284148
2026-09-17T03:30:54.016892198Z,static,full,edge-files,200,3.537252
2026-09-17T03:30:54.076790598Z,static,full,edge-files,200,3.198487
2026-09-17T03:30:54.137988062Z,static,full,edge-files,200,4.554662
2026-09-17T03:30:54.197235188Z,static,full,edge-files,200,3.430509
2026-09-17T03:30:54.257180915Z,static,full,edge-files,200,3.201692
2026-09-17T03:30:54.317372151Z,static,full,edge-files,200,3.31683
2026-09-17T03:30:54.375977373Z,static,full,edge-files,200,2.97278
2026-09-17T03:30:54.437084236Z,static,full,edge-files,200,3.552422
2026-09-17T03:30:54.497095144Z,static,full,edge-files,200,3.269007
2026-09-17T03:30:54.556871679Z,static,full,edge-files,200,3.490177
2026-09-17T03:30:54.617848643Z,static,full,edge-files,200,4.174408
2026-09-17T03:30:54.677095627Z,static,full,edge-files,200,3.583799
2026-09-17T03:30:54.737617689Z,static,full,edge-files,200,3.84292
2026-09-17T03:30:54.796317282Z,static,full,edge-files,200,3.028088
2026-09-17T03:30:54.858158793Z,static,full,edge-files,200,4.088389
2026-09-17T03:30:54.917581741Z,static,full,edge-files,200,3.835448
2026-09-17T03:30:54.976752175Z,static,full,edge-files,200,3.452033
2026-09-17T03:30:55.036925018Z,static,full,edge-files,200,3.253686
2026-09-17T03:30:55.09638141Z,static,full,edge-files,200,2.82854
2026-09-17T03:30:55.157538076Z,static,full,edge-files,200,4.141352
2026-09-17T03:30:55.216514085Z,static,full,edge-files,200,3.292455
2026-09-17T03:30:55.276110848Z,static,full,edge-files,200,2.930739
2026-09-17T03:30:55.337711102Z,static,full,edge-files,200,3.889691
2026-09-17T03:30:55.397350299Z,static,full,edge-files,200,3.834976
2026-09-17T03:30:55.456255574Z,static,full,edge-files,200,3.216543
2026-09-17T03:30:55.518426337Z,static,full,edge-files,200,4.414795
2026-09-17T03:30:55.576829119Z,static,full,edge-files,200,3.782762
2026-09-17T03:30:55.637303715Z,static,full,edge-files,200,3.662956
2026-09-17T03:30:55.69585429Z,static,full,edge-files,200,2.70513
2026-09-17T03:30:55.757186701Z,static,full,edge-files,200,3.40913
2026-09-17T03:30:55.816529283Z,static,full,edge-files,200,3.547002
2026-09-17T03:30:55.876876561Z,static,full,edge-files,200,3.557653
2026-09-17T03:30:55.943210107Z,static,full,edge-files,200,9.583855
2026-09-17T03:30:55.99668637Z,static,full,edge-files,200,2.787187
2026-09-17T03:30:56.05648569Z,static,full,edge-files,200,3.043043
2026-09-17T03:30:56.115917434Z,static,full,edge-files,200,2.70862
2026-09-17T03:30:56.176726676Z,static,full,edge-files,200,2.749624
2026-09-17T03:30:56.237045611Z,static,full,edge-files,200,3.430966
2026-09-17T03:30:56.298529295Z,static,full,edge-files,200,4.779876
2026-09-17T03:30:56.35626254Z,static,full,edge-files,200,3.124365
2026-09-17T03:30:56.415965063Z,static,full,edge-files,200,3.001435
2026-09-17T03:30:56.476653437Z,static,full,edge-files,200,2.93276
2026-09-17T03:30:56.536978753Z,static,full,edge-files,200,3.677723
2026-09-17T03:30:56.596089815Z,static,full,edge-files,200,3.00306
2026-09-17T03:30:56.657112475Z,static,full,edge-files,200,3.197966
2026-09-17T03:30:56.717034811Z,static,full,edge-files,200,3.109934
2026-09-17T03:30:56.776615114Z,static,full,edge-files,200,2.81902
2026-09-17T03:30:56.83694822Z,static,full,edge-files,200,3.301341
2026-09-17T03:30:56.896891946Z,static,full,edge-files,200,3.174955
2026-09-17T03:30:56.957337907Z,static,full,edge-files,200,3.442087
2026-09-17T03:30:57.017643751Z,static,full,edge-files,200,4.581104
2026-09-17T03:30:57.076560746Z,static,full,edge-files,200,3.235079
2026-09-17T03:30:57.13721175Z,static,full,edge-files,200,3.842476
2026-09-17T03:30:57.196195642Z,static,full,edge-files,200,3.251706
2026-09-17T03:30:57.257160971Z,static,full,edge-files,200,3.17235
2026-09-17T03:30:57.316516003Z,static,full,edge-files,200,3.569998
2026-09-17T03:30:57.376576646Z,static,full,edge-files,200,3.140062
2026-09-17T03:30:57.436691273Z,static,full,edge-files,200,3.358036
2026-09-17T03:30:57.496192409Z,static,full,edge-files,200,2.799977
2026-09-17T03:30:57.557473435Z,static,full,edge-files,200,3.380151
2026-09-17T03:30:57.618186144Z,static,full,edge-files,200,4.944944
2026-09-17T03:30:57.677080738Z,static,full,edge-files,200,3.054475
2026-09-17T03:30:57.737255889Z,static,full,edge-files,200,3.245486
2026-09-17T03:30:57.796953901Z,static,full,edge-files,200,2.977273
2026-09-17T03:30:57.856430635Z,static,full,edge-files,200,2.88201
2026-09-17T03:30:57.916723874Z,static,full,edge-files,200,3.353911
2026-09-17T03:30:57.977378531Z,static,full,edge-files,200,4.043664
2026-09-17T03:30:58.036847484Z,static,full,edge-files,200,3.815264
2026-09-17T03:30:58.096681283Z,static,full,edge-files,200,3.184565
2026-09-17T03:30:58.157151204Z,static,full,edge-files,200,3.659241
2026-09-17T03:30:58.216936989Z,static,full,edge-files,200,2.975343
2026-09-17T03:30:58.276749765Z,static,full,edge-files,200,2.962131
2026-09-17T03:30:58.33722347Z,static,full,edge-files,200,3.651286
2026-09-17T03:30:58.399182158Z,static,full,edge-files,200,5.199822
2026-09-17T03:30:58.457897157Z,static,full,edge-files,200,4.062756
2026-09-17T03:30:58.516993538Z,static,full,edge-files,200,3.314647
2026-09-17T03:30:58.611498015Z,static,full,edge-files,200,37.66177
2026-09-17T03:30:58.639679485Z,static,full,edge-files,200,6.509552
2026-09-17T03:30:58.696549412Z,static,full,edge-files,200,3.17664
2026-09-17T03:30:58.756539399Z,static,full,edge-files,200,3.06107
2026-09-17T03:30:58.817656342Z,static,full,edge-files,200,4.476955
2026-09-17T03:30:58.877391177Z,static,full,edge-files,200,3.795862
2026-09-17T03:30:58.936737519Z,static,full,edge-files,200,3.558632
2026-09-17T03:30:58.996774769Z,static,full,edge-files,200,3.309916
2026-09-17T03:30:59.057159449Z,static,full,edge-files,200,3.460688
2026-09-17T03:30:59.117036657Z,static,full,edge-files,200,3.066971
2026-09-17T03:30:59.176773002Z,static,full,edge-files,200,3.18344
2026-09-17T03:30:59.236964406Z,static,full,edge-files,200,3.509118
2026-09-17T03:30:59.296839024Z,static,full,edge-files,200,3.237435
2026-09-17T03:30:59.356614468Z,static,full,edge-files,200,2.931034
2026-09-17T03:30:59.416967919Z,static,full,edge-files,200,3.534171
2026-09-17T03:30:59.476742977Z,static,full,edge-files,200,3.116014
2026-09-17T03:30:59.537421349Z,static,full,edge-files,200,3.762636
2026-09-17T03:30:59.596402464Z,static,full,edge-files,200,3.272228
2026-09-17T03:30:59.65649388Z,static,full,edge-files,200,3.395738
2026-09-17T03:30:59.717457136Z,static,full,edge-files,200,4.263748
2026-09-17T03:30:59.776111318Z,static,full,edge-files,200,3.012191
2026-09-17T03:30:59.838296255Z,static,full,edge-files,200,4.336227
2026-09-17T03:30:59.899581602Z,static,full,edge-files,200,5.715055
2026-09-17T03:30:59.956666933Z,static,full,edge-files,200,3.491827
2026-09-17T03:31:00.017855962Z,static,full,edge-files,200,4.276634
2026-09-17T03:31:00.076747506Z,static,full,edge-files,200,3.330773
2026-09-17T03:31:00.136896706Z,static,full,edge-files,200,3.348534
2026-09-17T03:31:00.196813267Z,static,full,edge-files,200,3.29399
2026-09-17T03:31:00.256333272Z,static,full,edge-files,200,2.822669
2026-09-17T03:31:00.318205529Z,static,full,edge-files,200,4.116964
2026-09-17T03:31:00.376242391Z,static,full,edge-files,200,3.259698
2026-09-17T03:31:00.439973545Z,static,full,edge-files,200,5.951576
2026-09-17T03:31:00.496488557Z,static,full,edge-files,200,2.804768
2026-09-17T03:31:00.556695613Z,static,full,edge-files,200,3.190842
2026-09-17T03:31:00.616639771Z,static,full,edge-files,200,3.220399
2026-09-17T03:31:00.677490915Z,static,full,edge-files,200,4.029387
2026-09-17T03:31:00.736560593Z,static,full,edge-files,200,3.251137
2026-09-17T03:31:00.796589069Z,static,full,edge-files,200,3.131908
2026-09-17T03:31:00.856235451Z,static,full,edge-files,200,3.167299
2026-09-17T03:31:00.916824759Z,static,full,edge-files,200,3.665391
2026-09-17T03:31:00.976960569Z,static,full,edge-files,200,3.519639
2026-09-17T03:31:01.038276318Z,static,full,edge-files,200,4.576709
2026-09-17T03:31:01.096630066Z,static,full,edge-files,200,2.762215
2026-09-17T03:31:01.15694698Z,static,full,edge-files,200,3.359545
2026-09-17T03:31:01.217145734Z,static,full,edge-files,200,3.547091
2026-09-17T03:31:01.277614602Z,static,full,edge-files,200,3.879905
2026-09-17T03:31:01.336937647Z,static,full,edge-files,200,3.737113
2026-09-17T03:31:01.397099219Z,static,full,edge-files,200,3.526839
2026-09-17T03:31:01.456968576Z,static,full,edge-files,200,3.251391
2026-09-17T03:31:01.51803885Z,static,full,edge-files,200,4.131626
2026-09-17T03:31:01.577324555Z,static,full,edge-files,200,3.386578
2026-09-17T03:31:01.636368687Z,static,full,edge-files,200,3.038153
2026-09-17T03:31:01.696246429Z,static,full,edge-files,200,3.341189
2026-09-17T03:31:01.756676524Z,static,full,edge-files,200,3.674403
2026-09-17T03:31:01.818358594Z,static,full,edge-files,200,4.992325
2026-09-17T03:31:01.876456591Z,static,full,edge-files,200,3.360825
2026-09-17T03:31:01.936994424Z,static,full,edge-files,200,3.225339
2026-09-17T03:31:01.996985935Z,static,full,edge-files,200,3.229439
2026-09-17T03:31:02.057558796Z,static,full,edge-files,200,3.742348
2026-09-17T03:31:02.117421173Z,static,full,edge-files,200,3.808694
2026-09-17T03:31:02.17894091Z,static,full,edge-files,200,5.460774
2026-09-17T03:31:02.237446481Z,static,full,edge-files,200,3.564943
2026-09-17T03:31:02.296293935Z,static,full,edge-files,200,3.271518
2026-09-17T03:31:02.357155562Z,static,full,edge-files,200,3.178935
2026-09-17T03:31:02.417420086Z,static,full,edge-files,200,3.471751
2026-09-17T03:31:02.479634846Z,static,full,edge-files,200,6.048949
2026-09-17T03:31:02.53757828Z,static,full,edge-files,200,4.221979
2026-09-17T03:31:02.596588478Z,static,full,edge-files,200,3.376242
2026-09-17T03:31:02.657298202Z,static,full,edge-files,200,3.890301
2026-09-17T03:31:02.717801447Z,static,full,edge-files,200,3.906077
2026-09-17T03:31:02.776719498Z,static,full,edge-files,200,3.271068
2026-09-17T03:31:02.838017785Z,static,full,edge-files,200,4.605321
2026-09-17T03:31:02.896422357Z,static,full,edge-files,200,2.719946
2026-09-17T03:31:02.957555871Z,static,full,edge-files,200,4.171881
2026-09-17T03:31:03.016495875Z,static,full,edge-files,200,3.451824
2026-09-17T03:31:03.075825228Z,static,full,edge-files,200,2.553198
2026-09-17T03:31:03.136710797Z,static,full,edge-files,200,2.954862
2026-09-17T03:31:03.196796549Z,static,full,edge-files,200,3.275044
2026-09-17T03:31:03.257255983Z,static,full,edge-files,200,3.600638
2026-09-17T03:31:03.317783498Z,static,full,edge-files,200,3.859148
2026-09-17T03:31:03.377016426Z,static,full,edge-files,200,3.520346
2026-09-17T03:31:03.437142097Z,static,full,edge-files,200,3.390345
2026-09-17T03:31:03.497213668Z,static,full,edge-files,200,3.343306
2026-09-17T03:31:03.556186641Z,static,full,edge-files,200,3.163586
2026-09-17T03:31:03.617613621Z,static,full,edge-files,200,3.582726
2026-09-17T03:31:03.676540184Z,static,full,edge-files,200,3.237747
2026-09-17T03:31:03.736699643Z,static,full,edge-files,200,3.423912
2026-09-17T03:31:03.797074764Z,static,full,edge-files,200,3.401631
2026-09-17T03:31:03.856751706Z,static,full,edge-files,200,3.112936
2026-09-17T03:31:03.917093685Z,static,full,edge-files,200,3.436258
2026-09-17T03:31:03.97731863Z,static,full,edge-files,200,3.711808
2026-09-17T03:31:04.03629376Z,static,full,edge-files,200,3.291201
2026-09-17T03:31:04.09581396Z,static,full,edge-files,200,2.925966
2026-09-17T03:31:04.15723174Z,static,full,edge-files,200,3.606542
2026-09-17T03:31:04.218159165Z,static,full,edge-files,200,4.273375
2026-09-17T03:31:04.276924908Z,static,full,edge-files,200,3.071698
2026-09-17T03:31:04.337536236Z,static,full,edge-files,200,3.782284
2026-09-17T03:31:04.396689002Z,static,full,edge-files,200,3.46443
2026-09-17T03:31:04.457557302Z,static,full,edge-files,200,4.156185
2026-09-17T03:31:04.516662819Z,static,full,edge-files,200,3.371808
2026-09-17T03:31:04.57603173Z,static,full,edge-files,200,2.723753
2026-09-17T03:31:04.636740665Z,static,full,edge-files,200,2.81165
2026-09-17T03:31:04.696630691Z,static,full,edge-files,200,3.152379
2026-09-17T03:31:04.756482462Z,static,full,edge-files,200,3.182442
2026-09-17T03:31:04.816533761Z,static,full,edge-files,200,3.460025
2026-09-17T03:31:04.877216321Z,static,full,edge-files,200,3.937387
2026-09-17T03:31:04.938530905Z,static,full,edge-files,200,4.735354
2026-09-17T03:31:04.996886701Z,static,full,edge-files,200,3.78714
2026-09-17T03:31:05.057686364Z,static,full,edge-files,200,3.879697
2026-09-17T03:31:05.117054025Z,static,full,edge-files,200,3.611244
2026-09-17T03:31:05.176801136Z,static,full,edge-files,200,3.050006
2026-09-17T03:31:05.236566546Z,static,full,edge-files,200,3.142534
2026-09-17T03:31:05.296232939Z,static,full,edge-files,200,2.939682
2026-09-17T03:31:05.35620547Z,static,full,edge-files,200,3.22158
2026-09-17T03:31:05.416290406Z,static,full,edge-files,200,3.195627
2026-09-17T03:31:05.476126592Z,static,full,edge-files,200,3.056316
2026-09-17T03:31:05.536846804Z,static,full,edge-files,200,2.888292
2026-09-17T03:31:05.596818626Z,static,full,edge-files,200,3.183042
2026-09-17T03:31:05.656680288Z,static,full,edge-files,200,3.244327
2026-09-17T03:31:05.717303826Z,static,full,edge-files,200,3.768977
2026-09-17T03:31:05.777041669Z,static,full,edge-files,200,3.117607
2026-09-17T03:31:05.836474155Z,static,full,edge-files,200,2.767516
2026-09-17T03:31:05.907158251Z,static,full,edge-files,200,13.913048
2026-09-17T03:31:05.957802337Z,static,full,edge-files,200,3.837593
2026-09-17T03:31:06.016943619Z,static,full,edge-files,200,3.431173
2026-09-17T03:31:06.076728212Z,static,full,edge-files,200,3.106345
2026-09-17T03:31:06.138538591Z,static,full,edge-files,200,5.112717
2026-09-17T03:31:06.196523014Z,static,full,edge-files,200,3.055931
2026-09-17T03:31:06.256738618Z,static,full,edge-files,200,3.535522
2026-09-17T03:31:06.317398069Z,static,full,edge-files,200,3.86779
2026-09-17T03:31:06.376143817Z,static,full,edge-files,200,3.186033
2026-09-17T03:31:06.437495778Z,static,full,edge-files,200,3.399551
2026-09-17T03:31:06.496380548Z,static,full,edge-files,200,2.988535
2026-09-17T03:31:06.556390132Z,static,full,edge-files,200,3.221246
2026-09-17T03:31:06.615926427Z,static,full,edge-files,200,2.852019
2026-09-17T03:31:06.676781145Z,static,full,edge-files,200,3.196353
2026-09-17T03:31:06.736701854Z,static,full,edge-files,200,3.209895
2026-09-17T03:31:06.796695921Z,static,full,edge-files,200,3.184817
2026-09-17T03:31:06.85662392Z,static,full,edge-files,200,3.138393
2026-09-17T03:31:06.917294288Z,static,full,edge-files,200,3.520686
2026-09-17T03:31:06.977599488Z,static,full,edge-files,200,3.669233
2026-09-17T03:31:07.03734325Z,static,full,edge-files,200,3.56183
2026-09-17T03:31:07.097019298Z,static,full,edge-files,200,2.9968
2026-09-17T03:31:07.156600623Z,static,full,edge-files,200,3.039965
2026-09-17T03:31:07.216349189Z,static,full,edge-files,200,3.070272
2026-09-17T03:31:07.27560085Z,static,full,edge-files,200,2.587831
2026-09-17T03:31:07.336973032Z,static,full,edge-files,200,3.50798
2026-09-17T03:31:07.396740257Z,static,full,edge-files,200,3.112951
2026-09-17T03:31:07.45706501Z,static,full,edge-files,200,3.579506
2026-09-17T03:31:07.51724215Z,static,full,edge-files,200,3.122926
2026-09-17T03:31:07.577184445Z,static,full,edge-files,200,3.190797
2026-09-17T03:31:07.636934124Z,static,full,edge-files,200,3.621069
2026-09-17T03:31:07.697222782Z,static,full,edge-files,200,3.488508
2026-09-17T03:31:07.757152021Z,static,full,edge-files,200,3.2808
2026-09-17T03:31:07.818431265Z,static,full,edge-files,200,4.535177
2026-09-17T03:31:07.877430305Z,static,full,edge-files,200,4.361382
2026-09-17T03:31:07.936423002Z,static,full,edge-files,200,3.301132
2026-09-17T03:31:07.997081159Z,static,full,edge-files,200,3.901493
2026-09-17T03:31:08.0565158Z,static,full,edge-files,200,2.725213
2026-09-17T03:31:08.116243252Z,static,full,edge-files,200,2.994145
2026-09-17T03:31:08.176131505Z,static,full,edge-files,200,3.154749
2026-09-17T03:31:08.236041683Z,static,full,edge-files,200,3.078333
2026-09-17T03:31:08.296930399Z,static,full,edge-files,200,3.16241
2026-09-17T03:31:08.356332426Z,static,full,edge-files,200,2.739038
2026-09-17T03:31:08.416739336Z,static,full,edge-files,200,3.564375
2026-09-17T03:31:08.476653104Z,static,full,edge-files,200,3.186963
2026-09-17T03:31:08.536923342Z,static,full,edge-files,200,3.40212
2026-09-17T03:31:08.597260434Z,static,full,edge-files,200,3.435683
2026-09-17T03:31:08.656780538Z,static,full,edge-files,200,3.815796
2026-09-17T03:31:08.717408327Z,static,full,edge-files,200,3.720937
2026-09-17T03:31:08.777291632Z,static,full,edge-files,200,3.401891
2026-09-17T03:31:08.837568369Z,static,full,edge-files,200,3.612659
2026-09-17T03:31:08.896699709Z,static,full,edge-files,200,3.257548
2026-09-17T03:31:08.956262687Z,static,full,edge-files,200,2.774637
2026-09-17T03:31:09.01717556Z,static,full,edge-files,200,3.218975
2026-09-17T03:31:09.076952805Z,static,full,edge-files,200,3.125027
2026-09-17T03:31:09.136998383Z,static,full,edge-files,200,3.330255
2026-09-17T03:31:09.196213962Z,static,full,edge-files,200,3.188612
2026-09-17T03:31:09.257145816Z,static,full,edge-files,200,3.167931
2026-09-17T03:31:09.317416003Z,static,full,edge-files,200,3.442349
2026-09-17T03:31:09.377031631Z,static,full,edge-files,200,3.666649
2026-09-17T03:31:09.43733053Z,static,full,edge-files,200,3.732464
2026-09-17T03:31:09.496955037Z,static,full,edge-files,200,3.809376
2026-09-17T03:31:09.556385303Z,static,full,edge-files,200,2.817
2026-09-17T03:31:09.616301461Z,static,full,edge-files,200,3.093284
2026-09-17T03:31:09.676840382Z,static,full,edge-files,200,3.781353
2026-09-17T03:31:09.737353049Z,static,full,edge-files,200,3.742789
2026-09-17T03:31:09.797036533Z,static,full,edge-files,200,3.988987
2026-09-17T03:31:09.856764879Z,static,full,edge-files,200,3.154689
2026-09-17T03:31:09.917251086Z,static,full,edge-files,200,3.630686
2026-09-17T03:31:09.975974118Z,static,full,edge-files,200,2.997056
2026-09-17T03:31:10.036850828Z,static,full,edge-files,200,3.288531
2026-09-17T03:31:10.096895112Z,static,full,edge-files,200,3.259409
2026-09-17T03:31:10.156418451Z,static,full,edge-files,200,2.947432
2026-09-17T03:31:10.21680869Z,static,full,edge-files,200,3.447745
2026-09-17T03:31:10.276728518Z,static,full,edge-files,200,3.382739
2026-09-17T03:31:10.337327134Z,static,full,edge-files,200,3.683609
2026-09-17T03:31:10.397092905Z,static,full,edge-files,200,3.09879
2026-09-17T03:31:10.457080301Z,static,full,edge-files,200,3.675778
2026-09-17T03:31:10.521175906Z,static,full,edge-files,200,7.310164
2026-09-17T03:31:10.578289555Z,static,full,edge-files,200,4.498095
2026-09-17T03:31:10.636487924Z,static,full,edge-files,200,3.499128
2026-09-17T03:31:10.697409968Z,static,full,edge-files,200,4.243007
2026-09-17T03:31:10.755243883Z,static,full,edge-files,200,2.28225
2026-09-17T03:31:10.81672993Z,static,full,edge-files,200,3.74625
2026-09-17T03:31:10.876450159Z,static,full,edge-files,200,2.846614
2026-09-17T03:31:10.936272879Z,static,full,edge-files,200,3.285471
2026-09-17T03:31:10.996125923Z,static,full,edge-files,200,3.180764
2026-09-17T03:31:11.057003029Z,static,full,edge-files,200,3.163153
2026-09-17T03:31:11.117746062Z,static,full,edge-files,200,3.936481
2026-09-17T03:31:11.177085726Z,static,full,edge-files,200,3.637118
2026-09-17T03:31:11.236525709Z,static,full,edge-files,200,3.031301
2026-09-17T03:31:11.296302057Z,static,full,edge-files,200,2.88297
2026-09-17T03:31:11.357134196Z,static,full,edge-files,200,3.116738
2026-09-17T03:31:11.416909279Z,static,full,edge-files,200,3.157686
2026-09-17T03:31:11.476438523Z,static,full,edge-files,200,2.945025
2026-09-17T03:31:11.536264895Z,static,full,edge-files,200,3.084356
2026-09-17T03:31:11.596642289Z,static,full,edge-files,200,3.673271
2026-09-17T03:31:11.658985556Z,static,full,edge-files,200,5.488539
2026-09-17T03:31:11.717153912Z,static,full,edge-files,200,3.444424
2026-09-17T03:31:11.777217226Z,static,full,edge-files,200,3.265174
2026-09-17T03:31:11.836466141Z,static,full,edge-files,200,3.40559
2026-09-17T03:31:11.897155337Z,static,full,edge-files,200,3.920795
2026-09-17T03:31:11.956507446Z,static,full,edge-files,200,2.736429
2026-09-17T03:31:12.01613743Z,static,full,edge-files,200,2.894281
2026-09-17T03:31:12.076841864Z,static,full,edge-files,200,2.868244
2026-09-17T03:31:12.137045729Z,static,full,edge-files,200,3.499067
2026-09-17T03:31:12.197781162Z,static,full,edge-files,200,4.016437
2026-09-17T03:31:12.257093935Z,static,full,edge-files,200,3.613306
2026-09-17T03:31:12.318473986Z,static,full,edge-files,200,4.751933
2026-09-17T03:31:12.378428618Z,static,full,edge-files,200,4.478572
2026-09-17T03:31:12.435942093Z,static,full,edge-files,200,2.951016
2026-09-17T03:31:12.49764323Z,static,full,edge-files,200,3.580873
2026-09-17T03:31:12.555989178Z,static,full,edge-files,200,2.60735
2026-09-17T03:31:12.616853399Z,static,full,edge-files,200,3.14354
2026-09-17T03:31:12.677506424Z,static,full,edge-files,200,3.953792
2026-09-17T03:31:12.736428817Z,static,full,edge-files,200,3.218906
2026-09-17T03:31:12.797387791Z,static,full,edge-files,200,3.903614
2026-09-17T03:31:12.856077344Z,static,full,edge-files,200,2.921953
2026-09-17T03:31:12.917753073Z,static,full,edge-files,200,3.826698
2026-09-17T03:31:12.976692431Z,static,full,edge-files,200,3.122448
2026-09-17T03:31:13.037077136Z,static,full,edge-files,200,3.569758
2026-09-17T03:31:13.097171888Z,static,full,edge-files,200,3.361267
2026-09-17T03:31:13.156622471Z,static,full,edge-files,200,2.787333
2026-09-17T03:31:13.216643728Z,static,full,edge-files,200,3.181118
2026-09-17T03:31:13.277161693Z,static,full,edge-files,200,3.835103
2026-09-17T03:31:13.337128556Z,static,full,edge-files,200,3.816342
2026-09-17T03:31:13.397682394Z,static,full,edge-files,200,3.748637
2026-09-17T03:31:13.45635647Z,static,full,edge-files,200,2.770972
2026-09-17T03:31:13.516604703Z,static,full,edge-files,200,3.173753
2026-09-17T03:31:13.577317152Z,static,full,edge-files,200,3.60911
2026-09-17T03:31:13.637362963Z,static,full,edge-files,200,3.388443
2026-09-17T03:31:13.696292866Z,static,full,edge-files,200,3.052149
2026-09-17T03:31:13.756517848Z,static,full,edge-files,200,2.807035
2026-09-17T03:31:13.817050894Z,static,full,edge-files,200,3.771438
2026-09-17T03:31:13.877226193Z,static,full,edge-files,200,3.538464
2026-09-17T03:31:13.936667626Z,static,full,edge-files,200,3.39666
2026-09-17T03:31:13.996774296Z,static,full,edge-files,200,3.374468
2026-09-17T03:31:14.056514106Z,static,full,edge-files,200,2.949206
2026-09-17T03:31:14.116460387Z,static,full,edge-files,200,3.210215
2026-09-17T03:31:14.175985226Z,static,full,edge-files,200,2.842277
2026-09-17T03:31:14.237060119Z,static,full,edge-files,200,3.347682
2026-09-17T03:31:14.297114903Z,static,full,edge-files,200,3.332754
2026-09-17T03:31:14.356267033Z,static,full,edge-files,200,2.573161
2026-09-17T03:31:14.417289742Z,static,full,edge-files,200,3.358543
2026-09-17T03:31:14.476577892Z,static,full,edge-files,200,3.54839
2026-09-17T03:31:14.537002171Z,static,full,edge-files,200,3.611531
2026-09-17T03:31:14.596981672Z,static,full,edge-files,200,3.247299
2026-09-17T03:31:14.657042297Z,static,full,edge-files,200,3.423236
2026-09-17T03:31:14.718674062Z,static,full,edge-files,200,4.65362
2026-09-17T03:31:14.777224847Z,static,full,edge-files,200,3.605631
2026-09-17T03:31:14.837090304Z,static,full,edge-files,200,3.195084
2026-09-17T03:31:14.897157678Z,static,full,edge-files,200,3.148476
2026-09-17T03:31:14.956915889Z,static,full,edge-files,200,3.017081
2026-09-17T03:31:15.016445704Z,static,full,edge-files,200,2.9272
2026-09-17T03:31:15.076678796Z,static,full,edge-files,200,3.458719
2026-09-17T03:31:15.137464157Z,static,full,edge-files,200,3.99062
2026-09-17T03:31:15.196452353Z,static,full,edge-files,200,3.31369
2026-09-17T03:31:15.256568397Z,static,full,edge-files,200,3.435379
2026-09-17T03:31:15.316943685Z,static,full,edge-files,200,3.448124
2026-09-17T03:31:15.377743463Z,static,full,edge-files,200,4.069025
2026-09-17T03:31:15.437100787Z,static,full,edge-files,200,3.626777
2026-09-17T03:31:15.497224222Z,static,full,edge-files,200,4.229373
2026-09-17T03:31:15.556833506Z,static,full,edge-files,200,2.898667
2026-09-17T03:31:15.617364278Z,static,full,edge-files,200,3.782085
2026-09-17T03:31:15.676904442Z,static,full,edge-files,200,3.692083
2026-09-17T03:31:15.73757512Z,static,full,edge-files,200,4.037189
2026-09-17T03:31:15.796152397Z,static,full,edge-files,200,2.825857
2026-09-17T03:31:15.857791047Z,static,full,edge-files,200,3.871087
2026-09-17T03:31:15.920934708Z,static,full,edge-files,200,7.218897
2026-09-17T03:31:15.977414849Z,static,full,edge-files,200,3.722295
2026-09-17T03:31:16.037231725Z,static,full,edge-files,200,3.226611
2026-09-17T03:31:16.096876562Z,static,full,edge-files,200,2.975177
2026-09-17T03:31:16.157593788Z,static,full,edge-files,200,3.724554
2026-09-17T03:31:16.216347038Z,static,full,edge-files,200,3.214385
2026-09-17T03:31:16.27733414Z,static,full,edge-files,200,3.423563
2026-09-17T03:31:16.33699531Z,static,full,edge-files,200,2.958637
2026-09-17T03:31:16.39672027Z,static,full,edge-files,200,3.098613
2026-09-17T03:31:16.456408686Z,static,full,edge-files,200,2.971697
2026-09-17T03:31:16.517622113Z,static,full,edge-files,200,4.683564
2026-09-17T03:31:16.576638869Z,static,full,edge-files,200,3.277975
2026-09-17T03:31:16.636471262Z,static,full,edge-files,200,2.951902
2026-09-17T03:31:16.696251555Z,static,full,edge-files,200,3.041692
2026-09-17T03:31:16.756557033Z,static,full,edge-files,200,3.556392
2026-09-17T03:31:16.816868873Z,static,full,edge-files,200,3.450089
2026-09-17T03:31:16.877280953Z,static,full,edge-files,200,3.644462
2026-09-17T03:31:16.937238967Z,static,full,edge-files,200,3.362863
2026-09-17T03:31:16.997137375Z,static,full,edge-files,200,3.2097
2026-09-17T03:31:17.056683865Z,static,full,edge-files,200,2.736029
2026-09-17T03:31:17.117795471Z,static,full,edge-files,200,4.392366
2026-09-17T03:31:17.177514904Z,static,full,edge-files,200,3.795145
2026-09-17T03:31:17.236014225Z,static,full,edge-files,200,2.869989
2026-09-17T03:31:17.297474226Z,static,full,edge-files,200,3.727509
2026-09-17T03:31:17.356377203Z,static,full,edge-files,200,3.337895
2026-09-17T03:31:17.417238495Z,static,full,edge-files,200,3.950712
2026-09-17T03:31:17.477342494Z,static,full,edge-files,200,3.438348
2026-09-17T03:31:17.538181998Z,static,full,edge-files,200,4.95059
2026-09-17T03:31:17.597797699Z,static,full,edge-files,200,3.961948
2026-09-17T03:31:17.657666309Z,static,full,edge-files,200,4.599921
2026-09-17T03:31:17.717039116Z,static,full,edge-files,200,3.670544
2026-09-17T03:31:17.777143965Z,static,full,edge-files,200,3.215024
2026-09-17T03:31:17.836456032Z,static,full,edge-files,200,2.703532
2026-09-17T03:31:17.897065014Z,static,full,edge-files,200,3.396434
2026-09-17T03:31:17.96072973Z,static,full,edge-files,200,6.898587
2026-09-17T03:31:18.017290602Z,static,full,edge-files,200,3.66103
2026-09-17T03:31:18.077467418Z,static,full,edge-files,200,4.146484
2026-09-17T03:31:18.136133345Z,static,full,edge-files,200,3.061903
2026-09-17T03:31:18.197409088Z,static,full,edge-files,200,4.103198
2026-09-17T03:31:18.257220249Z,static,full,edge-files,200,3.220716
2026-09-17T03:31:18.317511016Z,static,full,edge-files,200,3.658264
2026-09-17T03:31:18.37618069Z,static,full,edge-files,200,3.040622
2026-09-17T03:31:18.440993514Z,static,full,edge-files,200,7.113333
2026-09-17T03:31:18.497076061Z,static,full,edge-files,200,3.068024
2026-09-17T03:31:18.556631742Z,static,full,edge-files,200,2.932924
2026-09-17T03:31:18.616628925Z,static,full,edge-files,200,3.170532
2026-09-17T03:31:18.673678215Z,static,full,edge-files,200,2.776582
2026-09-17T03:31:18.735125031Z,static,full,edge-files,200,3.698313
2026-09-17T03:31:18.79412787Z,static,full,edge-files,200,3.496512
2026-09-17T03:31:18.854098623Z,static,full,edge-files,200,3.208845
2026-09-17T03:31:18.914372249Z,static,full,edge-files,200,3.708378
2026-09-17T03:31:18.974921877Z,static,full,edge-files,200,3.437437
2026-09-17T03:31:19.038404212Z,static,full,edge-files,200,6.333168
2026-09-17T03:31:19.094465318Z,static,full,edge-files,200,3.566712
2026-09-17T03:31:19.17924243Z,static,full,edge-files,200,27.763788
2026-09-17T03:31:19.216050136Z,static,full,edge-files,200,5.167935
2026-09-17T03:31:19.273603609Z,static,full,edge-files,200,2.961104
2026-09-17T03:31:19.334112104Z,static,full,edge-files,200,2.857997
2026-09-17T03:31:19.394038916Z,static,full,edge-files,200,3.132521
2026-09-17T03:31:19.454406928Z,static,full,edge-files,200,3.795289
2026-09-17T03:31:19.515078376Z,static,full,edge-files,200,3.732569
2026-09-17T03:31:19.574117358Z,static,full,edge-files,200,3.405242
2026-09-17T03:31:19.634115005Z,static,full,edge-files,200,3.228768
2026-09-17T03:31:19.69447294Z,static,full,edge-files,200,3.582428
2026-09-17T03:31:19.755832004Z,static,full,edge-files,200,4.565912
2026-09-17T03:31:19.815427942Z,static,full,edge-files,200,3.865289
2026-09-17T03:31:19.888685212Z,static,full,edge-files,200,17.412953
2026-09-17T03:31:19.934090988Z,static,full,edge-files,200,3.10258
2026-09-17T03:31:19.99392397Z,static,full,edge-files,200,3.025494
2026-09-17T03:31:20.054239447Z,static,full,edge-files,200,3.513339
2026-09-17T03:31:20.114688083Z,static,full,edge-files,200,3.81957
2026-09-17T03:31:20.174382655Z,static,full,edge-files,200,3.033774
2026-09-17T03:31:20.234329897Z,static,full,edge-files,200,3.229309
2026-09-17T03:31:20.293982976Z,static,full,edge-files,200,2.897674
2026-09-17T03:31:20.353836288Z,static,full,edge-files,200,3.235454
2026-09-17T03:31:20.413901889Z,static,full,edge-files,200,3.055941
2026-09-17T03:31:20.475463694Z,static,full,edge-files,200,3.870943
2026-09-17T03:31:20.534163722Z,static,full,edge-files,200,2.91691
2026-09-17T03:31:20.594286591Z,static,full,edge-files,200,3.011882
2026-09-17T03:31:20.654776735Z,static,full,edge-files,200,3.654538
2026-09-17T03:31:20.714734041Z,static,full,edge-files,200,3.292062
2026-09-17T03:31:20.774915182Z,static,full,edge-files,200,3.46135
2026-09-17T03:31:20.83333404Z,static,full,edge-files,200,2.790277
2026-09-17T03:31:20.894408739Z,static,full,edge-files,200,3.141472
2026-09-17T03:31:20.954413136Z,static,full,edge-files,200,3.162473
2026-09-17T03:31:21.014837837Z,static,full,edge-files,200,3.490206
2026-09-17T03:31:21.075490352Z,static,full,edge-files,200,3.923068
2026-09-17T03:31:21.134494826Z,static,full,edge-files,200,2.91697
2026-09-17T03:31:21.19502605Z,static,full,edge-files,200,3.904155
2026-09-17T03:31:21.253955789Z,static,full,edge-files,200,3.377953
2026-09-17T03:31:21.314822385Z,static,full,edge-files,200,3.74827
2026-09-17T03:31:21.375097764Z,static,full,edge-files,200,3.487062
2026-09-17T03:31:21.433875637Z,static,full,edge-files,200,3.294684
2026-09-17T03:31:21.494278231Z,static,full,edge-files,200,3.671468
2026-09-17T03:31:21.553893059Z,static,full,edge-files,200,2.859682
2026-09-17T03:31:21.614492096Z,static,full,edge-files,200,3.650928
2026-09-17T03:31:21.674475568Z,static,full,edge-files,200,3.257035
2026-09-17T03:31:21.734263079Z,static,full,edge-files,200,3.090953
2026-09-17T03:31:21.794758107Z,static,full,edge-files,200,3.500567
2026-09-17T03:31:21.854619213Z,static,full,edge-files,200,3.062157
2026-09-17T03:31:21.914376991Z,static,full,edge-files,200,3.142381
2026-09-17T03:31:21.973787256Z,static,full,edge-files,200,2.714122
2026-09-17T03:31:22.034174368Z,static,full,edge-files,200,2.83487
2026-09-17T03:31:22.094849214Z,static,full,edge-files,200,3.597229
2026-09-17T03:31:22.155135904Z,static,full,edge-files,200,3.705192
2026-09-17T03:31:22.2143615Z,static,full,edge-files,200,3.337372
2026-09-17T03:31:22.274701648Z,static,full,edge-files,200,3.551051
2026-09-17T03:31:22.334337102Z,static,full,edge-files,200,3.081529
2026-09-17T03:31:22.395031686Z,static,full,edge-files,200,3.962769
2026-09-17T03:31:22.454361002Z,static,full,edge-files,200,3.39393
2026-09-17T03:31:22.514579592Z,static,full,edge-files,200,3.107069
2026-09-17T03:31:22.57377412Z,static,full,edge-files,200,2.674849
2026-09-17T03:31:22.635497096Z,static,full,edge-files,200,4.063691
2026-09-17T03:31:22.694305187Z,static,full,edge-files,200,3.136302
2026-09-17T03:31:22.754345034Z,static,full,edge-files,200,3.391999
2026-09-17T03:31:22.815240142Z,static,full,edge-files,200,3.740299
2026-09-17T03:31:22.873967207Z,static,full,edge-files,200,2.958538
2026-09-17T03:31:22.934330448Z,static,full,edge-files,200,3.440404
2026-09-17T03:31:22.994561513Z,static,full,edge-files,200,3.426236
2026-09-17T03:31:23.05451127Z,static,full,edge-files,200,3.831655
2026-09-17T03:31:23.122766601Z,static,full,edge-files,200,11.409764
2026-09-17T03:31:23.174488246Z,static,full,edge-files,200,2.985431
2026-09-17T03:31:23.234093645Z,static,full,edge-files,200,2.850553
2026-09-17T03:31:23.294659274Z,static,full,edge-files,200,3.832776
2026-09-17T03:31:23.354587724Z,static,full,edge-files,200,3.12603
2026-09-17T03:31:23.414427826Z,static,full,edge-files,200,3.068192
2026-09-17T03:31:23.47506431Z,static,full,edge-files,200,3.702586
2026-09-17T03:31:23.533661725Z,static,full,edge-files,200,2.808729
2026-09-17T03:31:23.595410925Z,static,full,edge-files,200,3.945648
2026-09-17T03:31:23.654567791Z,static,full,edge-files,200,3.238618
2026-09-17T03:31:23.71492161Z,static,full,edge-files,200,3.558751
2026-09-17T03:31:23.773584848Z,static,full,edge-files,200,2.945152
2026-09-17T03:31:23.834387666Z,static,full,edge-files,200,2.912326
2026-09-17T03:31:23.895270098Z,static,full,edge-files,200,4.126911
2026-09-17T03:31:23.955050512Z,static,full,edge-files,200,3.911607
2026-09-17T03:31:24.013570596Z,static,full,edge-files,200,2.906274
2026-09-17T03:31:24.074164223Z,static,full,edge-files,200,2.929148
2026-09-17T03:31:24.134307498Z,static,full,edge-files,200,3.331615
2026-09-17T03:31:24.194342914Z,static,full,edge-files,200,3.231969
2026-09-17T03:31:24.254425535Z,static,full,edge-files,200,3.32387
2026-09-17T03:31:24.314455848Z,static,full,edge-files,200,3.137383
2026-09-17T03:31:24.374698944Z,static,full,edge-files,200,3.428267
2026-09-17T03:31:24.434569546Z,static,full,edge-files,200,3.266041
2026-09-17T03:31:24.49452388Z,static,full,edge-files,200,3.057395
2026-09-17T03:31:24.555555274Z,static,full,edge-files,200,4.268662
2026-09-17T03:31:24.613756925Z,static,full,edge-files,200,2.609534
2026-09-17T03:31:24.674908756Z,static,full,edge-files,200,3.369433
2026-09-17T03:31:24.734701732Z,static,full,edge-files,200,2.997543
2026-09-17T03:31:24.794919619Z,static,full,edge-files,200,3.484312
2026-09-17T03:31:24.854056227Z,static,full,edge-files,200,3.254149
2026-09-17T03:31:24.914081372Z,static,full,edge-files,200,3.225707
2026-09-17T03:31:24.97452904Z,static,full,edge-files,200,3.943052
2026-09-17T03:31:25.034467528Z,static,full,edge-files,200,3.356471
2026-09-17T03:31:25.094650316Z,static,full,edge-files,200,3.393639
2026-09-17T03:31:25.154850084Z,static,full,edge-files,200,3.54631
2026-09-17T03:31:25.213542762Z,static,full,edge-files,200,2.949534
2026-09-17T03:31:25.274666402Z,static,full,edge-files,200,3.243433
2026-09-17T03:31:25.334680325Z,static,full,edge-files,200,2.923694
2026-09-17T03:31:25.394350151Z,static,full,edge-files,200,3.008996
2026-09-17T03:31:25.454394343Z,static,full,edge-files,200,3.382144
2026-09-17T03:31:25.514732446Z,static,full,edge-files,200,3.315524
2026-09-17T03:31:25.574954479Z,static,full,edge-files,200,3.357747
2026-09-17T03:31:25.633579747Z,static,full,edge-files,200,2.927017
2026-09-17T03:31:25.695090708Z,static,full,edge-files,200,3.800489
2026-09-17T03:31:25.754199819Z,static,full,edge-files,200,3.25593
2026-09-17T03:31:25.813799556Z,static,full,edge-files,200,2.757696
2026-09-17T03:31:25.874316009Z,static,full,edge-files,200,3.627985
2026-09-17T03:31:25.935012232Z,static,full,edge-files,200,3.859963
2026-09-17T03:31:25.994693589Z,static,full,edge-files,200,3.884849
2026-09-17T03:31:26.054677216Z,static,full,edge-files,200,3.305553
2026-09-17T03:31:26.116513646Z,static,full,edge-files,200,4.674914
2026-09-17T03:31:26.174555752Z,static,full,edge-files,200,3.05324
2026-09-17T03:31:26.235286894Z,static,full,edge-files,200,4.0432
2026-09-17T03:31:26.294676481Z,static,full,edge-files,200,3.726904
2026-09-17T03:31:26.355178815Z,static,full,edge-files,200,3.898964
2026-09-17T03:31:26.41461618Z,static,full,edge-files,200,3.771497
2026-09-17T03:31:26.474543425Z,static,full,edge-files,200,3.245794
2026-09-17T03:31:26.534228877Z,static,full,edge-files,200,2.717317
2026-09-17T03:31:26.594787386Z,static,full,edge-files,200,4.251979
2026-09-17T03:31:26.655508872Z,static,full,edge-files,200,4.035535
2026-09-17T03:31:26.714461583Z,static,full,edge-files,200,3.255733
2026-09-17T03:31:26.774906088Z,static,full,edge-files,200,3.772235
2026-09-17T03:31:26.83472366Z,static,full,edge-files,200,3.177795
2026-09-17T03:31:26.89452372Z,static,full,edge-files,200,3.019033
2026-09-17T03:31:26.954051884Z,static,full,edge-files,200,2.781951
2026-09-17T03:31:27.014107494Z,static,full,edge-files,200,3.192727
2026-09-17T03:31:27.074284507Z,static,full,edge-files,200,3.321138
2026-09-17T03:31:27.134220059Z,static,full,edge-files,200,3.200868
2026-09-17T03:31:27.194009408Z,static,full,edge-files,200,2.993611
2026-09-17T03:31:27.254002902Z,static,full,edge-files,200,2.965268
2026-09-17T03:31:27.313840669Z,static,full,edge-files,200,3.162683
2026-09-17T03:31:27.373737421Z,static,full,edge-files,200,3.191106
2026-09-17T03:31:27.43554809Z,static,full,edge-files,200,3.6409
2026-09-17T03:31:27.494935562Z,static,full,edge-files,200,3.501477
2026-09-17T03:31:27.553813046Z,static,full,edge-files,200,2.957166
2026-09-17T03:31:27.614131083Z,static,full,edge-files,200,2.713085
2026-09-17T03:31:27.675360089Z,static,full,edge-files,200,4.51675
2026-09-17T03:31:27.735037242Z,static,full,edge-files,200,3.834025
2026-09-17T03:31:27.793856118Z,static,full,edge-files,200,3.26379
2026-09-17T03:31:27.853701308Z,static,full,edge-files,200,3.18253
2026-09-17T03:31:27.914672037Z,static,full,edge-files,200,3.182132
2026-09-17T03:31:27.97776964Z,static,full,edge-files,200,6.178366
2026-09-17T03:31:28.034411378Z,static,full,edge-files,200,3.81921
2026-09-17T03:31:28.094660006Z,static,full,edge-files,200,3.569656
2026-09-17T03:31:28.15702077Z,static,full,edge-files,200,5.678267
2026-09-17T03:31:28.217891543Z,static,full,edge-files,200,7.215533
2026-09-17T03:31:28.274558147Z,static,full,edge-files,200,3.928472
2026-09-17T03:31:28.334773191Z,static,full,edge-files,200,3.614762
2026-09-17T03:31:28.393446652Z,static,full,edge-files,200,2.871025
2026-09-17T03:31:28.454982338Z,static,full,edge-files,200,3.652777
2026-09-17T03:31:28.513822023Z,static,full,edge-files,200,3.157018
2026-09-17T03:31:28.575322065Z,static,full,edge-files,200,3.658978
2026-09-17T03:31:28.633922237Z,static,full,edge-files,200,2.888628
2026-09-17T03:31:28.693860095Z,static,full,edge-files,200,3.114913
2026-09-17T03:31:28.755016061Z,static,full,edge-files,200,3.44453
2026-09-17T03:31:28.813958218Z,static,full,edge-files,200,3.319839
2026-09-17T03:31:28.874145647Z,static,full,edge-files,200,3.604471
2026-09-17T03:31:28.934447291Z,static,full,edge-files,200,3.583987
2026-09-17T03:31:28.993972314Z,static,full,edge-files,200,2.844501
2026-09-17T03:31:29.053462303Z,static,full,edge-files,200,2.772321
2026-09-17T03:31:29.114356425Z,static,full,edge-files,200,3.104465
2026-09-17T03:31:29.174558128Z,static,full,edge-files,200,3.488615
2026-09-17T03:31:29.23507394Z,static,full,edge-files,200,3.767042
2026-09-17T03:31:29.294044151Z,static,full,edge-files,200,3.403595
2026-09-17T03:31:29.354068309Z,static,full,edge-files,200,3.134869
2026-09-17T03:31:29.41411031Z,static,full,edge-files,200,3.284669
2026-09-17T03:31:29.47392087Z,static,full,edge-files,200,3.092063
2026-09-17T03:31:29.53380435Z,static,full,edge-files,200,3.101314
2026-09-17T03:31:29.593629431Z,static,full,edge-files,200,2.928347
2026-09-17T03:31:29.655041586Z,static,full,edge-files,200,3.684655
2026-09-17T03:31:29.713808125Z,static,full,edge-files,200,2.827469
2026-09-17T03:31:29.775717855Z,static,full,edge-files,200,4.168699
2026-09-17T03:31:29.834529311Z,static,full,edge-files,200,2.998371
2026-09-17T03:31:29.894388889Z,static,full,edge-files,200,3.192887
2026-09-17T03:31:29.95490771Z,static,full,edge-files,200,3.509399
2026-09-17T03:31:30.014618209Z,static,full,edge-files,200,3.052088
2026-09-17T03:31:30.074471366Z,static,full,edge-files,200,3.354829
2026-09-17T03:31:30.134742617Z,static,full,edge-files,200,3.437429
2026-09-17T03:31:30.194292303Z,static,full,edge-files,200,2.899264
2026-09-17T03:31:30.254336104Z,static,full,edge-files,200,3.270492
2026-09-17T03:31:30.313762899Z,static,full,edge-files,200,2.809761
2026-09-17T03:31:30.374709423Z,static,full,edge-files,200,3.180945
2026-09-17T03:31:30.434361419Z,static,full,edge-files,200,2.933193
2026-09-17T03:31:30.494260896Z,static,full,edge-files,200,3.145451
2026-09-17T03:31:30.553996077Z,static,full,edge-files,200,2.831009
2026-09-17T03:31:30.613960244Z,static,full,edge-files,200,2.909349
2026-09-17T03:31:30.675470316Z,static,full,edge-files,200,3.820179
2026-09-17T03:31:30.734964531Z,static,full,edge-files,200,3.789836
2026-09-17T03:31:30.793306979Z,static,full,edge-files,200,2.759001
2026-09-17T03:31:30.854073284Z,static,full,edge-files,200,3.017044
2026-09-17T03:31:30.913692413Z,static,full,edge-files,200,2.774507
2026-09-17T03:31:30.974942862Z,static,full,edge-files,200,3.314678
2026-09-17T03:31:31.03484825Z,static,full,edge-files,200,3.250539
2026-09-17T03:31:31.094567427Z,static,full,edge-files,200,2.98271
2026-09-17T03:31:31.154560083Z,static,full,edge-files,200,3.29251
2026-09-17T03:31:31.214191791Z,static,full,edge-files,200,3.094825
2026-09-17T03:31:31.274428935Z,static,full,edge-files,200,3.32364
2026-09-17T03:31:31.335206284Z,static,full,edge-files,200,3.624664
2026-09-17T03:31:31.394307091Z,static,full,edge-files,200,3.444981
2026-09-17T03:31:31.454411155Z,static,full,edge-files,200,3.419362
2026-09-17T03:31:31.514303112Z,static,full,edge-files,200,3.111476
2026-09-17T03:31:31.57440776Z,static,full,edge-files,200,3.194497
2026-09-17T03:31:31.635320345Z,static,full,edge-files,200,4.308842
2026-09-17T03:31:31.693798693Z,static,full,edge-files,200,2.801406
2026-09-17T03:31:31.754402353Z,static,full,edge-files,200,2.943385
2026-09-17T03:31:31.814648923Z,static,full,edge-files,200,3.386593
2026-09-17T03:31:31.877422072Z,static,full,edge-files,200,6.044721
2026-09-17T03:31:31.935970201Z,static,full,edge-files,200,4.572707
2026-09-17T03:31:31.994364672Z,static,full,edge-files,200,2.79664
2026-09-17T03:31:32.054823407Z,static,full,edge-files,200,3.661808
2026-09-17T03:31:32.114442592Z,static,full,edge-files,200,2.979019
2026-09-17T03:31:32.174907648Z,static,full,edge-files,200,3.590959
2026-09-17T03:31:32.235453014Z,static,full,edge-files,200,3.984885
2026-09-17T03:31:32.293968214Z,static,full,edge-files,200,2.869224
2026-09-17T03:31:32.35412025Z,static,full,edge-files,200,3.495292
2026-09-17T03:31:32.414322654Z,static,full,edge-files,200,3.493213
2026-09-17T03:31:32.474476478Z,static,full,edge-files,200,3.21898
2026-09-17T03:31:32.535775329Z,static,full,edge-files,200,4.499684
2026-09-17T03:31:32.594762647Z,static,full,edge-files,200,2.74978
2026-09-17T03:31:32.654705142Z,static,full,edge-files,200,3.151406
2026-09-17T03:31:32.714811001Z,static,full,edge-files,200,3.565983
2026-09-17T03:31:32.773860494Z,static,full,edge-files,200,3.190063
2026-09-17T03:31:32.834853084Z,static,full,edge-files,200,3.445963
2026-09-17T03:31:32.894293477Z,static,full,edge-files,200,2.822526
2026-09-17T03:31:32.954163447Z,static,full,edge-files,200,3.075689
2026-09-17T03:31:33.014429424Z,static,full,edge-files,200,3.454931
2026-09-17T03:31:33.074501747Z,static,full,edge-files,200,3.352146
2026-09-17T03:31:33.133921028Z,static,full,edge-files,200,2.814375
2026-09-17T03:31:33.194525274Z,static,full,edge-files,200,2.997644
2026-09-17T03:31:33.254730806Z,static,full,edge-files,200,3.278255
2026-09-17T03:31:33.315251966Z,static,full,edge-files,200,3.847024
2026-09-17T03:31:33.374380159Z,static,full,edge-files,200,3.480301
2026-09-17T03:31:33.434413257Z,static,full,edge-files,200,3.151505
2026-09-17T03:31:33.494377406Z,static,full,edge-files,200,3.079256
2026-09-17T03:31:33.554276768Z,static,full,edge-files,200,3.204622
2026-09-17T03:31:33.616126289Z,static,full,edge-files,200,5.174711
2026-09-17T03:31:33.676969928Z,static,full,edge-files,200,6.0212
2026-09-17T03:31:33.733700202Z,static,full,edge-files,200,3.122658
2026-09-17T03:31:33.793800405Z,static,full,edge-files,200,3.26787
2026-09-17T03:31:33.85451355Z,static,full,edge-files,200,3.974939
2026-09-17T03:31:33.914527091Z,static,full,edge-files,200,3.312273
2026-09-17T03:31:33.975167435Z,static,full,edge-files,200,3.912298
2026-09-17T03:31:34.034293563Z,static,full,edge-files,200,3.507232
2026-09-17T03:31:34.093893218Z,static,full,edge-files,200,3.002669
2026-09-17T03:31:34.155130267Z,static,full,edge-files,200,3.48468
2026-09-17T03:31:34.215289115Z,static,full,edge-files,200,4.648335
2026-09-17T03:31:34.274185996Z,static,full,edge-files,200,3.011021
2026-09-17T03:31:34.333676371Z,static,full,edge-files,200,3.069825
2026-09-17T03:31:34.39451429Z,static,full,edge-files,200,3.071875
2026-09-17T03:31:34.455788692Z,static,full,edge-files,200,4.563703
2026-09-17T03:31:34.515348954Z,static,full,edge-files,200,3.843093
2026-09-17T03:31:34.575796753Z,static,full,edge-files,200,4.557474
2026-09-17T03:31:34.634806143Z,static,full,edge-files,200,3.54032
2026-09-17T03:31:34.694548128Z,static,full,edge-files,200,3.026981
2026-09-17T03:31:34.755480185Z,static,full,edge-files,200,4.250355
2026-09-17T03:31:34.814494824Z,static,full,edge-files,200,3.298242
2026-09-17T03:31:34.87429469Z,static,full,edge-files,200,3.103384
2026-09-17T03:31:34.934991702Z,static,full,edge-files,200,3.958154
2026-09-17T03:31:34.994957275Z,static,full,edge-files,200,3.280601
2026-09-17T03:31:35.054515738Z,static,full,edge-files,200,3.548885
2026-09-17T03:31:35.114561629Z,static,full,edge-files,200,3.37388
2026-09-17T03:31:35.174444655Z,static,full,edge-files,200,3.114374
2026-09-17T03:31:35.236276905Z,static,full,edge-files,200,4.910306
2026-09-17T03:31:35.293898584Z,static,full,edge-files,200,3.308224
2026-09-17T03:31:35.354911049Z,static,full,edge-files,200,4.009207
2026-09-17T03:31:35.415334426Z,static,full,edge-files,200,3.731048
2026-09-17T03:31:35.474610412Z,static,full,edge-files,200,3.352647
2026-09-17T03:31:35.535098942Z,static,full,edge-files,200,3.661232
2026-09-17T03:31:35.595080735Z,static,full,edge-files,200,4.21108
2026-09-17T03:31:35.654729842Z,static,full,edge-files,200,3.808972
2026-09-17T03:31:35.713847581Z,static,full,edge-files,200,3.240546
2026-09-17T03:31:35.774750717Z,static,full,edge-files,200,3.082991
2026-09-17T03:31:35.834655309Z,static,full,edge-files,200,2.901539
2026-09-17T03:31:35.894593482Z,static,full,edge-files,200,3.27694
2026-09-17T03:31:35.965058769Z,static,full,edge-files,200,13.590187
2026-09-17T03:31:36.014753721Z,static,full,edge-files,200,3.928804
2026-09-17T03:31:36.074514053Z,static,full,edge-files,200,3.039477
2026-09-17T03:31:36.134401607Z,static,full,edge-files,200,2.890342
2026-09-17T03:31:36.194355711Z,static,full,edge-files,200,3.263489
2026-09-17T03:31:36.254281181Z,static,full,edge-files,200,3.135726
2026-09-17T03:31:36.314396377Z,static,full,edge-files,200,3.301236
2026-09-17T03:31:36.374230008Z,static,full,edge-files,200,3.17574
2026-09-17T03:31:36.437087174Z,static,full,edge-files,200,4.691259
2026-09-17T03:31:36.495121437Z,static,full,edge-files,200,4.398099
2026-09-17T03:31:36.554372391Z,static,full,edge-files,200,3.459458
2026-09-17T03:31:36.615261775Z,static,full,edge-files,200,4.278037
2026-09-17T03:31:36.674601306Z,static,full,edge-files,200,3.474339
2026-09-17T03:31:36.734456443Z,static,full,edge-files,200,3.179946
2026-09-17T03:31:36.794572892Z,static,full,edge-files,200,3.452527
2026-09-17T03:31:36.854419427Z,static,full,edge-files,200,3.324595
2026-09-17T03:31:36.914289472Z,static,full,edge-files,200,3.101914
2026-09-17T03:31:36.974742853Z,static,full,edge-files,200,3.511403
2026-09-17T03:31:37.035636555Z,static,full,edge-files,200,4.166917
2026-09-17T03:31:37.094541785Z,static,full,edge-files,200,3.165544
2026-09-17T03:31:37.15595663Z,static,full,edge-files,200,4.535878
2026-09-17T03:31:37.213790212Z,static,full,edge-files,200,3.231336
2026-09-17T03:31:37.274375648Z,static,full,edge-files,200,2.800624
2026-09-17T03:31:37.334499237Z,static,full,edge-files,200,3.200433
2026-09-17T03:31:37.394903082Z,static,full,edge-files,200,3.58843
2026-09-17T03:31:37.453744685Z,static,full,edge-files,200,3.244476
2026-09-17T03:31:37.514438506Z,static,full,edge-files,200,3.790721
2026-09-17T03:31:37.57427372Z,static,full,edge-files,200,3.013284
2026-09-17T03:31:37.634999223Z,static,full,edge-files,200,3.825278
2026-09-17T03:31:37.694552011Z,static,full,edge-files,200,2.944627
2026-09-17T03:31:37.755806409Z,static,full,edge-files,200,4.66954
2026-09-17T03:31:37.814912289Z,static,full,edge-files,200,3.504952
2026-09-17T03:31:37.873709819Z,static,full,edge-files,200,3.128736
2026-09-17T03:31:37.935344344Z,static,full,edge-files,200,3.862127
2026-09-17T03:31:37.994608039Z,static,full,edge-files,200,3.558678
2026-09-17T03:31:38.053995206Z,static,full,edge-files,200,2.893622
2026-09-17T03:31:38.115384962Z,static,full,edge-files,200,3.744592
2026-09-17T03:31:38.173873306Z,static,full,edge-files,200,2.767421
2026-09-17T03:31:38.234846134Z,static,full,edge-files,200,3.304813
2026-09-17T03:31:38.294674036Z,static,full,edge-files,200,3.16551
2026-09-17T03:31:38.354179665Z,static,full,edge-files,200,2.999582
2026-09-17T03:31:38.414792001Z,static,full,edge-files,200,3.770438
2026-09-17T03:31:38.475594884Z,static,full,edge-files,200,3.995934
2026-09-17T03:31:38.535146129Z,static,full,edge-files,200,3.662048
2026-09-17T03:31:38.593771967Z,static,full,edge-files,200,3.0285
2026-09-17T03:31:38.65392426Z,static,full,edge-files,200,3.313213
2026-09-17T03:31:38.715327926Z,static,full,edge-files,200,3.748596
2026-09-17T03:31:38.774458977Z,static,full,edge-files,200,3.363779
2026-09-17T03:31:38.834379262Z,static,full,edge-files,200,3.289157
2026-09-17T03:31:38.894298335Z,static,full,edge-files,200,3.18206
2026-09-17T03:31:38.95448648Z,static,full,edge-files,200,3.434975
2026-09-17T03:31:39.014673357Z,static,full,edge-files,200,3.439081
2026-09-17T03:31:39.074775801Z,static,full,edge-files,200,3.326595
2026-09-17T03:31:39.135903187Z,static,full,edge-files,200,4.333683
2026-09-17T03:31:39.19433728Z,static,full,edge-files,200,3.668988
2026-09-17T03:31:39.254732385Z,static,full,edge-files,200,3.724403
2026-09-17T03:31:39.314719183Z,static,full,edge-files,200,3.291587
2026-09-17T03:31:39.374438441Z,static,full,edge-files,200,2.959484
2026-09-17T03:31:39.43479472Z,static,full,edge-files,200,3.564838
2026-09-17T03:31:39.494030198Z,static,full,edge-files,200,3.353347
2026-09-17T03:31:39.554628185Z,static,full,edge-files,200,3.928898
2026-09-17T03:31:39.614232669Z,static,full,edge-files,200,2.961464
2026-09-17T03:31:39.674314378Z,static,full,edge-files,200,3.358491
2026-09-17T03:31:39.734608993Z,static,full,edge-files,200,3.418244
2026-09-17T03:31:39.794338483Z,static,full,edge-files,200,3.120945
2026-09-17T03:31:39.854606626Z,static,full,edge-files,200,3.516223
2026-09-17T03:31:39.913740017Z,static,full,edge-files,200,2.358631
2026-09-17T03:31:39.974648038Z,static,full,edge-files,200,3.024381
2026-09-17T03:31:40.034780232Z,static,full,edge-files,200,3.428284
2026-09-17T03:31:40.094512292Z,static,full,edge-files,200,3.088341
2026-09-17T03:31:40.154672575Z,static,full,edge-files,200,3.454431
2026-09-17T03:31:40.214209944Z,static,full,edge-files,200,2.792017
2026-09-17T03:31:40.274465873Z,static,full,edge-files,200,3.282326
2026-09-17T03:31:40.335676192Z,static,full,edge-files,200,4.156916
2026-09-17T03:31:40.394544407Z,static,full,edge-files,200,3.679729
2026-09-17T03:31:40.455345112Z,static,full,edge-files,200,4.062907
2026-09-17T03:31:40.513961194Z,static,full,edge-files,200,2.704269
2026-09-17T03:31:40.573885623Z,static,full,edge-files,200,3.190706
2026-09-17T03:31:40.635160223Z,static,full,edge-files,200,3.500972
2026-09-17T03:31:40.694298566Z,static,full,edge-files,200,3.320394
2026-09-17T03:31:40.754543326Z,static,full,edge-files,200,3.254177
2026-09-17T03:31:40.814756673Z,static,full,edge-files,200,3.53449
2026-09-17T03:31:40.875732095Z,static,full,edge-files,200,4.269547
2026-09-17T03:31:40.935658914Z,static,full,edge-files,200,4.155215
2026-09-17T03:31:40.994956838Z,static,full,edge-files,200,3.679575
2026-09-17T03:31:41.05386641Z,static,full,edge-files,200,2.959474
2026-09-17T03:31:41.114298151Z,static,full,edge-files,200,2.724096
2026-09-17T03:31:41.174154983Z,static,full,edge-files,200,3.204298
2026-09-17T03:31:41.234476332Z,static,full,edge-files,200,3.415388
2026-09-17T03:31:41.294074449Z,static,full,edge-files,200,2.977825
2026-09-17T03:31:41.354525299Z,static,full,edge-files,200,3.819758
2026-09-17T03:31:41.414735736Z,static,full,edge-files,200,3.598741
2026-09-17T03:31:41.475308974Z,static,full,edge-files,200,4.218747
2026-09-17T03:31:41.535530316Z,static,full,edge-files,200,4.352325
2026-09-17T03:31:41.594596422Z,static,full,edge-files,200,3.385556
2026-09-17T03:31:41.655276344Z,static,full,edge-files,200,4.037654
2026-09-17T03:31:41.714807234Z,static,full,edge-files,200,3.666528
2026-09-17T03:31:41.774358408Z,static,full,edge-files,200,2.881531
2026-09-17T03:31:41.834567015Z,static,full,edge-files,200,3.947131
2026-09-17T03:31:41.895726039Z,static,full,edge-files,200,4.302827
2026-09-17T03:31:41.954798766Z,static,full,edge-files,200,3.32465
2026-09-17T03:31:42.014883154Z,static,full,edge-files,200,3.330575
2026-09-17T03:31:42.07385913Z,static,full,edge-files,200,3.301602
2026-09-17T03:31:42.134140205Z,static,full,edge-files,200,3.500266
2026-09-17T03:31:42.194175834Z,static,full,edge-files,200,3.405791
2026-09-17T03:31:42.253615536Z,static,full,edge-files,200,2.755628
2026-09-17T03:31:42.314776636Z,static,full,edge-files,200,3.446807
2026-09-17T03:31:42.374477673Z,static,full,edge-files,200,3.828684
2026-09-17T03:31:42.434544616Z,static,full,edge-files,200,3.397492
2026-09-17T03:31:42.494932627Z,static,full,edge-files,200,3.493521
2026-09-17T03:31:42.553670103Z,static,full,edge-files,200,3.012939
2026-09-17T03:31:42.614730864Z,static,full,edge-files,200,3.144527
2026-09-17T03:31:42.674711559Z,static,full,edge-files,200,3.3825
2026-09-17T03:31:42.735131425Z,static,full,edge-files,200,4.339183
2026-09-17T03:31:42.794461432Z,static,full,edge-files,200,3.686696
2026-09-17T03:31:42.853553615Z,static,full,edge-files,200,2.697133
2026-09-17T03:31:42.914229256Z,static,full,edge-files,200,2.890522
2026-09-17T03:31:42.97429502Z,static,full,edge-files,200,3.250928
2026-09-17T03:31:43.034704799Z,static,full,edge-files,200,3.771808
2026-09-17T03:31:43.094291218Z,static,full,edge-files,200,3.07605
2026-09-17T03:31:43.153804332Z,static,full,edge-files,200,2.776537
2026-09-17T03:31:43.214153983Z,static,full,edge-files,200,3.433713
2026-09-17T03:31:43.274188842Z,static,full,edge-files,200,3.327519
2026-09-17T03:31:43.334262981Z,static,full,edge-files,200,3.208911
2026-09-17T03:31:43.394212983Z,static,full,edge-files,200,3.204206
2026-09-17T03:31:43.454003527Z,static,full,edge-files,200,3.016321
2026-09-17T03:31:43.514325378Z,static,full,edge-files,200,3.502333
2026-09-17T03:31:43.574491773Z,static,full,edge-files,200,3.327049
2026-09-17T03:31:43.63468281Z,static,full,edge-files,200,3.292427
2026-09-17T03:31:43.694777838Z,static,full,edge-files,200,3.400726
2026-09-17T03:31:43.754500067Z,static,full,edge-files,200,3.085391
2026-09-17T03:31:43.814571994Z,static,full,edge-files,200,3.271185
2026-09-17T03:31:43.874324442Z,static,full,edge-files,200,3.055878
2026-09-17T03:31:43.93449314Z,static,full,edge-files,200,3.427362
2026-09-17T03:31:43.994296406Z,static,full,edge-files,200,3.082801
2026-09-17T03:31:44.054617952Z,static,full,edge-files,200,3.358501
2026-09-17T03:31:44.114194531Z,static,full,edge-files,200,2.81658
2026-09-17T03:31:44.174073902Z,static,full,edge-files,200,3.129903
2026-09-17T03:31:44.234453133Z,static,full,edge-files,200,3.686288
2026-09-17T03:31:44.29414763Z,static,full,edge-files,200,3.010054
2026-09-17T03:31:44.354084446Z,static,full,edge-files,200,3.266289
2026-09-17T03:31:44.414949531Z,static,full,edge-files,200,4.133347
2026-09-17T03:31:44.474545246Z,static,full,edge-files,200,2.883634
2026-09-17T03:31:44.53534791Z,static,full,edge-files,200,4.010804
2026-09-17T03:31:44.595681727Z,static,full,edge-files,200,4.644082
2026-09-17T03:31:44.654643278Z,static,full,edge-files,200,3.290746
2026-09-17T03:31:44.714738302Z,static,full,edge-files,200,3.254279
2026-09-17T03:31:44.774587046Z,static,full,edge-files,200,3.353051
2026-09-17T03:31:44.835230688Z,static,full,edge-files,200,3.995852
2026-09-17T03:31:44.893880363Z,static,full,edge-files,200,2.95595
2026-09-17T03:31:44.955403134Z,static,full,edge-files,200,3.762603
2026-09-17T03:31:45.014630831Z,static,full,edge-files,200,3.537341
2026-09-17T03:31:45.07458529Z,static,full,edge-files,200,3.114599
2026-09-17T03:31:45.134824517Z,static,full,edge-files,200,3.405101
2026-09-17T03:31:45.194863038Z,static,full,edge-files,200,3.246823
2026-09-17T03:31:45.254894282Z,static,full,edge-files,200,3.2658
2026-09-17T03:31:45.314129068Z,static,full,edge-files,200,3.307613
2026-09-17T03:31:45.374254014Z,static,full,edge-files,200,3.369033
2026-09-17T03:31:45.434853262Z,static,full,edge-files,200,3.600701
2026-09-17T03:31:45.494018858Z,static,full,edge-files,200,3.359833
2026-09-17T03:31:45.553930427Z,static,full,edge-files,200,3.01127
2026-09-17T03:31:45.614149851Z,static,full,edge-files,200,3.236813
2026-09-17T03:31:45.674107689Z,static,full,edge-files,200,3.008155
2026-09-17T03:31:45.736104361Z,static,full,edge-files,200,5.000019
2026-09-17T03:31:45.794290115Z,static,full,edge-files,200,3.310084
2026-09-17T03:31:45.85408375Z,static,full,edge-files,200,2.962942
2026-09-17T03:31:45.913981593Z,static,full,edge-files,200,3.096661
2026-09-17T03:31:45.97441989Z,static,full,edge-files,200,3.570129
2026-09-17T03:31:46.034855859Z,static,full,edge-files,200,3.744778
2026-09-17T03:31:46.093538604Z,static,full,edge-files,200,2.926109
2026-09-17T03:31:46.154291694Z,static,full,edge-files,200,3.010755
2026-09-17T03:31:46.215130766Z,static,full,edge-files,200,3.867456
2026-09-17T03:31:46.274426467Z,static,full,edge-files,200,3.567077
2026-09-17T03:31:46.335336429Z,static,full,edge-files,200,4.048465
2026-09-17T03:31:46.394791568Z,static,full,edge-files,200,3.765598
2026-09-17T03:31:46.45392427Z,static,full,edge-files,200,3.092356
2026-09-17T03:31:46.515403477Z,static,full,edge-files,200,3.782515
2026-09-17T03:31:46.574546391Z,static,full,edge-files,200,3.233706
2026-09-17T03:31:46.634732516Z,static,full,edge-files,200,3.362482
2026-09-17T03:31:46.694311934Z,static,full,edge-files,200,2.871008
2026-09-17T03:31:46.755353781Z,static,full,edge-files,200,4.178945
2026-09-17T03:31:46.814471859Z,static,full,edge-files,200,3.46843
2026-09-17T03:31:46.875265768Z,static,full,edge-files,200,4.041886
2026-09-17T03:31:46.937708694Z,static,full,edge-files,200,5.797512
2026-09-17T03:31:46.99687149Z,static,full,edge-files,200,5.373073
2026-09-17T03:31:47.055362274Z,static,full,edge-files,200,3.864471
2026-09-17T03:31:47.114693643Z,static,full,edge-files,200,3.513384
2026-09-17T03:31:47.174294263Z,static,full,edge-files,200,3.107792
2026-09-17T03:31:47.235490697Z,static,full,edge-files,200,4.458789
2026-09-17T03:31:47.293970161Z,static,full,edge-files,200,2.826206
2026-09-17T03:31:47.354565788Z,static,full,edge-files,200,2.898996
2026-09-17T03:31:47.414822478Z,static,full,edge-files,200,3.560949
2026-09-17T03:31:47.474785396Z,static,full,edge-files,200,3.256874
2026-09-17T03:31:47.534790639Z,static,full,edge-files,200,3.341655
2026-09-17T03:31:47.594346416Z,static,full,edge-files,200,2.899161
2026-09-17T03:31:47.656890505Z,static,full,edge-files,200,5.609077
2026-09-17T03:31:47.714945095Z,static,full,edge-files,200,3.336975
2026-09-17T03:31:47.775155933Z,static,full,edge-files,200,3.562649
2026-09-17T03:31:47.834900354Z,static,full,edge-files,200,3.83877
2026-09-17T03:31:47.894906956Z,static,full,edge-files,200,3.516145
2026-09-17T03:31:47.95443137Z,static,full,edge-files,200,3.855491
2026-09-17T03:31:48.016789145Z,static,full,edge-files,200,5.443265
2026-09-17T03:31:48.074284481Z,static,full,edge-files,200,2.892826
2026-09-17T03:31:48.134026632Z,static,full,edge-files,200,2.963082
2026-09-17T03:31:48.19373486Z,static,full,edge-files,200,3.038802
2026-09-17T03:31:48.255275082Z,static,full,edge-files,200,3.664457
2026-09-17T03:31:48.31619951Z,static,full,edge-files,200,5.086137
2026-09-17T03:31:48.374189379Z,static,full,edge-files,200,3.157696
2026-09-17T03:31:48.434409558Z,static,full,edge-files,200,3.394375
2026-09-17T03:31:48.494817397Z,static,full,edge-files,200,3.363048
2026-09-17T03:31:48.554526089Z,static,full,edge-files,200,3.250893
2026-09-17T03:31:48.614683598Z,static,full,edge-files,200,3.499369
2026-09-17T03:31:48.67328275Z,static,full,edge-files,200,2.983783
2026-09-17T03:31:48.73354419Z,static,full,edge-files,200,3.316994
2026-09-17T03:31:48.793310414Z,static,full,edge-files,200,3.248569
2026-09-17T03:31:48.85374818Z,static,full,edge-files,200,3.704739
2026-09-17T03:31:48.914338462Z,static,full,edge-files,200,3.807732
2026-09-17T03:31:48.974179571Z,static,full,edge-files,200,3.827524
2026-09-17T03:31:49.034044412Z,static,full,edge-files,200,4.03151
2026-09-17T03:31:49.093804879Z,static,full,edge-files,200,3.882653
2026-09-17T03:31:49.157461045Z,static,full,edge-files,200,7.098633
2026-09-17T03:31:49.213800137Z,static,full,edge-files,200,3.563218
2026-09-17T03:31:49.273956454Z,static,full,edge-files,200,3.418836
2026-09-17T03:31:49.336045378Z,static,full,edge-files,200,5.219807
2026-09-17T03:31:49.393241007Z,static,full,edge-files,200,3.423322
2026-09-17T03:31:49.45460346Z,static,full,edge-files,200,4.744191
2026-09-17T03:31:49.514162246Z,static,full,edge-files,200,3.686403
2026-09-17T03:31:49.572957033Z,static,full,edge-files,200,3.092986
2026-09-17T03:31:49.633581753Z,static,full,edge-files,200,3.716881
2026-09-17T03:31:49.692951635Z,static,full,edge-files,200,2.747555
2026-09-17T03:31:49.752576897Z,static,full,edge-files,200,3.056859
2026-09-17T03:31:49.813764051Z,static,full,edge-files,200,3.513059
2026-09-17T03:31:49.872851176Z,static,full,edge-files,200,3.197435
2026-09-17T03:31:49.933612877Z,static,full,edge-files,200,3.055394
2026-09-17T03:31:49.992723564Z,static,full,edge-files,200,2.632796
2026-09-17T03:31:50.054108937Z,static,full,edge-files,200,4.466922
2026-09-17T03:31:50.11457524Z,static,full,edge-files,200,4.470629
2026-09-17T03:31:50.173709081Z,static,full,edge-files,200,3.248585
2026-09-17T03:31:50.234344164Z,static,full,edge-files,200,3.931426
2026-09-17T03:31:50.293402312Z,static,full,edge-files,200,3.374258
2026-09-17T03:31:50.353363029Z,static,full,edge-files,200,3.141554
2026-09-17T03:31:50.413603434Z,static,full,edge-files,200,3.475845
2026-09-17T03:31:50.473070289Z,static,full,edge-files,200,2.910006
2026-09-17T03:31:50.532887184Z,static,full,edge-files,200,3.170284
2026-09-17T03:31:50.593513476Z,static,full,edge-files,200,3.734685
2026-09-17T03:31:50.653702192Z,static,full,edge-files,200,3.377253
2026-09-17T03:31:50.714203653Z,static,full,edge-files,200,3.622002
2026-09-17T03:31:50.773158694Z,static,full,edge-files,200,3.287857
2026-09-17T03:31:50.83379004Z,static,full,edge-files,200,3.577145
2026-09-17T03:31:50.89448568Z,static,full,edge-files,200,4.074727
2026-09-17T03:31:50.953214513Z,static,full,edge-files,200,3.157737
2026-09-17T03:31:51.013181721Z,static,full,edge-files,200,3.235058
2026-09-17T03:31:51.072462655Z,static,full,edge-files,200,2.64919
2026-09-17T03:31:51.133616734Z,static,full,edge-files,200,3.043631
2026-09-17T03:31:51.193978676Z,static,full,edge-files,200,3.73694
2026-09-17T03:31:51.25328199Z,static,full,edge-files,200,3.252833
2026-09-17T03:31:51.31385885Z,static,full,edge-files,200,3.770223
2026-09-17T03:31:51.373172169Z,static,full,edge-files,200,3.47522
2026-09-17T03:31:51.433504862Z,static,full,edge-files,200,3.56076
2026-09-17T03:31:51.493805929Z,static,full,edge-files,200,3.34508
2026-09-17T03:31:51.553079615Z,static,full,edge-files,200,3.162979
2026-09-17T03:31:51.613132332Z,static,full,edge-files,200,3.247767
2026-09-17T03:31:51.672867313Z,static,full,edge-files,200,3.055254
2026-09-17T03:31:51.733160453Z,static,full,edge-files,200,3.592359
2026-09-17T03:31:51.793337712Z,static,full,edge-files,200,3.542445
2026-09-17T03:31:51.853494902Z,static,full,edge-files,200,3.318323
2026-09-17T03:31:51.913670175Z,static,full,edge-files,200,3.426156
2026-09-17T03:31:51.973800618Z,static,full,edge-files,200,3.419566
2026-09-17T03:31:52.034257765Z,static,full,edge-files,200,3.695823
2026-09-17T03:31:52.093414246Z,static,full,edge-files,200,3.303957
2026-09-17T03:31:52.153741717Z,static,full,edge-files,200,3.445828
2026-09-17T03:31:52.213819936Z,static,full,edge-files,200,3.391853
2026-09-17T03:31:52.273630017Z,static,full,edge-files,200,3.126653
2026-09-17T03:31:52.334375787Z,static,full,edge-files,200,3.804946
2026-09-17T03:31:52.393125951Z,static,full,edge-files,200,3.026401
2026-09-17T03:31:52.453343745Z,static,full,edge-files,200,3.576348
2026-09-17T03:31:52.514097834Z,static,full,edge-files,200,4.077592
2026-09-17T03:31:52.573210789Z,static,full,edge-files,200,3.448664
2026-09-17T03:31:52.63373099Z,static,full,edge-files,200,3.641803
2026-09-17T03:31:52.693920478Z,static,full,edge-files,200,3.518068
2026-09-17T03:31:52.753712275Z,static,full,edge-files,200,3.145755
2026-09-17T03:31:52.814456286Z,static,full,edge-files,200,4.153003
2026-09-17T03:31:52.873078344Z,static,full,edge-files,200,2.993603
2026-09-17T03:31:52.933582056Z,static,full,edge-files,200,3.601305
2026-09-17T03:31:52.993376764Z,static,full,edge-files,200,3.119733
2026-09-17T03:31:53.053069554Z,static,full,edge-files,200,2.927018
2026-09-17T03:31:53.113143643Z,static,full,edge-files,200,3.199928
2026-09-17T03:31:53.172722635Z,static,full,edge-files,200,2.8299
2026-09-17T03:31:53.23402712Z,static,full,edge-files,200,3.635953
2026-09-17T03:31:53.29358212Z,static,full,edge-files,200,3.883232
2026-09-17T03:31:53.353608125Z,static,full,edge-files,200,3.264269
2026-09-17T03:31:53.414847586Z,static,full,edge-files,200,4.512554
2026-09-17T03:31:53.472244977Z,static,full,edge-files,200,2.744539
2026-09-17T03:31:53.533298234Z,static,full,edge-files,200,3.248062
2026-09-17T03:31:53.593537461Z,static,full,edge-files,200,3.572983
2026-09-17T03:31:53.65365565Z,static,full,edge-files,200,3.538035
2026-09-17T03:31:53.71373917Z,static,full,edge-files,200,3.21424
2026-09-17T03:31:53.773297202Z,static,full,edge-files,200,3.690021
2026-09-17T03:31:53.833674779Z,static,full,edge-files,200,3.510248
2026-09-17T03:31:53.894009084Z,static,full,edge-files,200,3.602344
2026-09-17T03:31:53.954116685Z,static,full,edge-files,200,4.183645
2026-09-17T03:31:54.013335289Z,static,full,edge-files,200,3.420836
2026-09-17T03:31:54.073086383Z,static,full,edge-files,200,2.950739
2026-09-17T03:31:54.133154953Z,static,full,edge-files,200,3.291006
2026-09-17T03:31:54.19320056Z,static,full,edge-files,200,3.258113
2026-09-17T03:31:54.253300913Z,static,full,edge-files,200,3.230951
2026-09-17T03:31:54.313159056Z,static,full,edge-files,200,2.971851
2026-09-17T03:31:54.373184497Z,static,full,edge-files,200,3.213325
2026-09-17T03:31:54.433232325Z,static,full,edge-files,200,3.363448
2026-09-17T03:31:54.493752175Z,static,full,edge-files,200,3.765923
2026-09-17T03:31:54.553685942Z,static,full,edge-files,200,3.276764
2026-09-17T03:31:54.613704369Z,static,full,edge-files,200,3.242732
2026-09-17T03:31:54.673251543Z,static,full,edge-files,200,3.004434
2026-09-17T03:31:54.73341129Z,static,full,edge-files,200,3.347456
2026-09-17T03:31:54.793582096Z,static,full,edge-files,200,3.489237
2026-09-17T03:31:54.853621668Z,static,full,edge-files,200,3.084901
2026-09-17T03:31:54.913836968Z,static,full,edge-files,200,3.457389
2026-09-17T03:31:54.973243443Z,static,full,edge-files,200,3.669983
2026-09-17T03:31:55.033282263Z,static,full,edge-files,200,3.377583
2026-09-17T03:31:55.093584156Z,static,full,edge-files,200,3.52507
2026-09-17T03:31:55.153478191Z,static,full,edge-files,200,3.16051
2026-09-17T03:31:55.213161245Z,static,full,edge-files,200,3.017185
2026-09-17T03:31:55.272919421Z,static,full,edge-files,200,3.073519
2026-09-17T03:31:55.333457106Z,static,full,edge-files,200,3.919385
2026-09-17T03:31:55.3938299Z,static,full,edge-files,200,3.59809
2026-09-17T03:31:55.452972556Z,static,full,edge-files,200,3.281124
2026-09-17T03:31:55.51295691Z,static,full,edge-files,200,3.399174
2026-09-17T03:31:55.573800878Z,static,full,edge-files,200,3.976179
2026-09-17T03:31:55.633727807Z,static,full,edge-files,200,3.183568
2026-09-17T03:31:55.694376867Z,static,full,edge-files,200,3.803692
2026-09-17T03:31:55.753444428Z,static,full,edge-files,200,3.421701
2026-09-17T03:31:55.813050811Z,static,full,edge-files,200,2.944393
2026-09-17T03:31:55.872838136Z,static,full,edge-files,200,2.920017
2026-09-17T03:31:55.934207251Z,static,full,edge-files,200,3.663389
2026-09-17T03:31:55.993800227Z,static,full,edge-files,200,3.746501
2026-09-17T03:31:56.053013279Z,static,full,edge-files,200,2.994958
2026-09-17T03:31:56.113468459Z,static,full,edge-files,200,3.390814
2026-09-17T03:31:56.173765896Z,static,full,edge-files,200,3.653063
2026-09-17T03:31:56.233545544Z,static,full,edge-files,200,3.950687
2026-09-17T03:31:56.293806267Z,static,full,edge-files,200,3.538675
2026-09-17T03:31:56.352753951Z,static,full,edge-files,200,3.139649
2026-09-17T03:31:56.414533132Z,static,full,edge-files,200,3.672786
2026-09-17T03:31:56.473487515Z,static,full,edge-files,200,3.228761
2026-09-17T03:31:56.533397837Z,static,full,edge-files,200,3.846795
2026-09-17T03:31:56.593357123Z,static,full,edge-files,200,3.110451
2026-09-17T03:31:56.653269769Z,static,full,edge-files,200,3.122137
2026-09-17T03:31:56.714910882Z,static,full,edge-files,200,4.74949
2026-09-17T03:31:56.773710981Z,static,full,edge-files,200,4.026163
2026-09-17T03:31:56.833940574Z,static,full,edge-files,200,3.487261
2026-09-17T03:31:56.892870674Z,static,full,edge-files,200,3.366392
2026-09-17T03:31:56.952650078Z,static,full,edge-files,200,3.122839
2026-09-17T03:31:57.013539174Z,static,full,edge-files,200,3.029366
2026-09-17T03:31:57.073451352Z,static,full,edge-files,200,3.2173
2026-09-17T03:31:57.134127658Z,static,full,edge-files,200,3.744231
2026-09-17T03:31:57.193995851Z,static,full,edge-files,200,4.223914
2026-09-17T03:31:57.254038329Z,static,full,edge-files,200,4.297284
2026-09-17T03:31:57.313795334Z,static,full,edge-files,200,3.693428
2026-09-17T03:31:57.373453932Z,static,full,edge-files,200,2.96275
2026-09-17T03:31:57.434095604Z,static,full,edge-files,200,3.939266
2026-09-17T03:31:57.493882159Z,static,full,edge-files,200,4.119427
2026-09-17T03:31:57.560947085Z,static,full,edge-files,200,10.530602
2026-09-17T03:31:57.613429116Z,static,full,edge-files,200,3.317452
2026-09-17T03:31:57.673488613Z,static,full,edge-files,200,3.150779
2026-09-17T03:31:57.733628195Z,static,full,edge-files,200,3.446329
2026-09-17T03:31:57.793871081Z,static,full,edge-files,200,3.463843
2026-09-17T03:31:57.852920082Z,static,full,edge-files,200,3.34805
2026-09-17T03:31:57.91400393Z,static,full,edge-files,200,4.415018
2026-09-17T03:31:57.973510906Z,static,full,edge-files,200,3.575527
2026-09-17T03:31:58.035551088Z,static,full,edge-files,200,4.162989
2026-09-17T03:31:58.093881579Z,static,full,edge-files,200,3.686962
2026-09-17T03:31:58.152575955Z,static,full,edge-files,200,2.858377
2026-09-17T03:31:58.213580138Z,static,full,edge-files,200,3.356531
2026-09-17T03:31:58.273852762Z,static,full,edge-files,200,3.613586
2026-09-17T03:31:58.333495849Z,static,full,edge-files,200,3.803146
2026-09-17T03:31:58.394645342Z,static,full,edge-files,200,4.395281
2026-09-17T03:31:58.452976006Z,static,full,edge-files,200,2.717277
2026-09-17T03:31:58.513396078Z,static,full,edge-files,200,3.377398
2026-09-17T03:31:58.573488714Z,static,full,edge-files,200,3.280059
2026-09-17T03:31:58.633633848Z,static,full,edge-files,200,3.315498
2026-09-17T03:31:58.693160166Z,static,full,edge-files,200,3.640753
2026-09-17T03:31:58.753027569Z,static,full,edge-files,200,3.054053
2026-09-17T03:31:58.813795634Z,static,full,edge-files,200,4.182045
2026-09-17T03:31:58.874340944Z,static,full,edge-files,200,3.887663
2026-09-17T03:31:58.934111207Z,static,full,edge-files,200,4.064466
2026-09-17T03:31:58.993923626Z,static,full,edge-files,200,4.089068
2026-09-17T03:31:59.052607249Z,static,full,edge-files,200,2.83083
2026-09-17T03:31:59.113459052Z,static,full,edge-files,200,3.105511
2026-09-17T03:31:59.173626472Z,static,full,edge-files,200,3.46845
2026-09-17T03:31:59.233821824Z,static,full,edge-files,200,3.524609
2026-09-17T03:31:59.294282287Z,static,full,edge-files,200,3.770954
2026-09-17T03:31:59.35352599Z,static,full,edge-files,200,3.567887
2026-09-17T03:31:59.413704791Z,static,full,edge-files,200,3.509019
2026-09-17T03:31:59.473724521Z,static,full,edge-files,200,3.33016
2026-09-17T03:31:59.533966509Z,static,full,edge-files,200,3.455535
2026-09-17T03:31:59.593476297Z,static,full,edge-files,200,3.784304
2026-09-17T03:31:59.653621815Z,static,full,edge-files,200,3.222482
2026-09-17T03:31:59.715699675Z,static,full,edge-files,200,5.251829
2026-09-17T03:31:59.773683468Z,static,full,edge-files,200,3.311893
2026-09-17T03:31:59.833430451Z,static,full,edge-files,200,3.133834
2026-09-17T03:31:59.894610868Z,static,full,edge-files,200,4.574337
2026-09-17T03:31:59.95298997Z,static,full,edge-files,200,3.181138
2026-09-17T03:32:00.013992912Z,static,full,edge-files,200,4.193793
2026-09-17T03:32:00.072920763Z,static,full,edge-files,200,3.240127
2026-09-17T03:32:00.132903964Z,static,full,edge-files,200,3.437917
2026-09-17T03:32:00.193047281Z,static,full,edge-files,200,3.590421
2026-09-17T03:32:00.253364773Z,static,full,edge-files,200,3.708708
2026-09-17T03:32:00.313651982Z,static,full,edge-files,200,3.497429
2026-09-17T03:32:00.373929866Z,static,full,edge-files,200,3.47033
2026-09-17T03:32:00.433020456Z,static,full,edge-files,200,3.583089
2026-09-17T03:32:00.492873262Z,static,full,edge-files,200,3.372844
2026-09-17T03:32:00.553173842Z,static,full,edge-files,200,2.743175
2026-09-17T03:32:00.613512966Z,static,full,edge-files,200,3.570008
2026-09-17T03:32:00.674447172Z,static,full,edge-files,200,4.284154
2026-09-17T03:32:00.733179113Z,static,full,edge-files,200,3.092772
2026-09-17T03:32:00.792618826Z,static,full,edge-files,200,2.775607
2026-09-17T03:32:00.853442285Z,static,full,edge-files,200,2.973392
2026-09-17T03:32:00.91374224Z,static,full,edge-files,200,3.444504
2026-09-17T03:32:00.97295476Z,static,full,edge-files,200,3.469182
2026-09-17T03:32:01.034042282Z,static,full,edge-files,200,4.556461
2026-09-17T03:32:01.093771827Z,static,full,edge-files,200,3.755164
2026-09-17T03:32:01.153150436Z,static,full,edge-files,200,3.628282
2026-09-17T03:32:01.213101299Z,static,full,edge-files,200,3.135904
2026-09-17T03:32:01.273323443Z,static,full,edge-files,200,3.552346
2026-09-17T03:32:01.334093029Z,static,full,edge-files,200,4.029995
2026-09-17T03:32:01.393167673Z,static,full,edge-files,200,3.356652
2026-09-17T03:32:01.452993021Z,static,full,edge-files,200,3.226417
2026-09-17T03:32:01.512799754Z,static,full,edge-files,200,3.312715
2026-09-17T03:32:01.573029034Z,static,full,edge-files,200,3.404992
2026-09-17T03:32:01.632823014Z,static,full,edge-files,200,3.160037
2026-09-17T03:32:01.694148654Z,static,full,edge-files,200,3.5873
2026-09-17T03:32:01.752963379Z,static,full,edge-files,200,3.025837
2026-09-17T03:32:01.813739186Z,static,full,edge-files,200,3.754262
2026-09-17T03:32:01.873428108Z,static,full,edge-files,200,3.07154
2026-09-17T03:32:01.93401107Z,static,full,edge-files,200,3.83916
2026-09-17T03:32:01.993883757Z,static,full,edge-files,200,4.172876
2026-09-17T03:32:02.052723179Z,static,full,edge-files,200,3.197816
2026-09-17T03:32:02.11375496Z,static,full,edge-files,200,3.294258
2026-09-17T03:32:02.17366674Z,static,full,edge-files,200,3.119274
2026-09-17T03:32:02.234243302Z,static,full,edge-files,200,3.878322
2026-09-17T03:32:02.293349314Z,static,full,edge-files,200,3.285987
2026-09-17T03:32:02.353135614Z,static,full,edge-files,200,2.950382
2026-09-17T03:32:02.413747353Z,static,full,edge-files,200,3.807888
2026-09-17T03:32:02.473177926Z,static,full,edge-files,200,3.541451
2026-09-17T03:32:02.532979423Z,static,full,edge-files,200,2.971148
2026-09-17T03:32:02.593280273Z,static,full,edge-files,200,3.38255
2026-09-17T03:32:02.653598617Z,static,full,edge-files,200,3.765594
2026-09-17T03:32:02.714463011Z,static,full,edge-files,200,4.030105
2026-09-17T03:32:02.773865146Z,static,full,edge-files,200,3.763973
2026-09-17T03:32:02.834568344Z,static,full,edge-files,200,4.051371
2026-09-17T03:32:02.897229877Z,static,full,edge-files,200,7.064342
2026-09-17T03:32:02.957605615Z,static,full,edge-files,200,7.016923
2026-09-17T03:32:03.01656189Z,static,full,edge-files,200,5.631011
2026-09-17T03:32:03.07404422Z,static,full,edge-files,200,3.686068
2026-09-17T03:32:03.132418949Z,static,full,edge-files,200,2.859084
2026-09-17T03:32:03.193400698Z,static,full,edge-files,200,3.309753
2026-09-17T03:32:03.253450319Z,static,full,edge-files,200,3.353393
2026-09-17T03:32:03.313531267Z,static,full,edge-files,200,3.443469
2026-09-17T03:32:03.374466527Z,static,full,edge-files,200,3.753539
2026-09-17T03:32:03.433039468Z,static,full,edge-files,200,3.022222
2026-09-17T03:32:03.493482648Z,static,full,edge-files,200,3.672532
2026-09-17T03:32:03.553853019Z,static,full,edge-files,200,3.491322
2026-09-17T03:32:03.614260568Z,static,full,edge-files,200,3.71316
2026-09-17T03:32:03.672983104Z,static,full,edge-files,200,3.062558
2026-09-17T03:32:03.732673833Z,static,full,edge-files,200,2.863579
2026-09-17T03:32:03.794460932Z,static,full,edge-files,200,4.052257
2026-09-17T03:32:03.853280876Z,static,full,edge-files,200,3.032066
2026-09-17T03:32:03.913322436Z,static,full,edge-files,200,3.240623
2026-09-17T03:32:03.973778938Z,static,full,edge-files,200,3.783761
2026-09-17T03:32:04.035030049Z,static,full,edge-files,200,4.561333
2026-09-17T03:32:04.093347238Z,static,full,edge-files,200,3.524085
2026-09-17T03:32:04.153826012Z,static,full,edge-files,200,3.808238
2026-09-17T03:32:04.212921669Z,static,full,edge-files,200,3.393869
2026-09-17T03:32:04.273265367Z,static,full,edge-files,200,3.540412
2026-09-17T03:32:04.333434992Z,static,full,edge-files,200,3.255694
2026-09-17T03:32:04.393794957Z,static,full,edge-files,200,3.759334
2026-09-17T03:32:04.452657019Z,static,full,edge-files,200,3.150346
2026-09-17T03:32:04.513968693Z,static,full,edge-files,200,3.381084
2026-09-17T03:32:04.574326994Z,static,full,edge-files,200,4.464775
2026-09-17T03:32:04.633510556Z,static,full,edge-files,200,3.280121
2026-09-17T03:32:04.694448541Z,static,full,edge-files,200,4.238101
2026-09-17T03:32:04.754489671Z,static,full,edge-files,200,4.255493
2026-09-17T03:32:04.814245629Z,static,full,edge-files,200,4.064258
2026-09-17T03:32:04.873968774Z,static,full,edge-files,200,3.819743
2026-09-17T03:32:04.932852863Z,static,full,edge-files,200,3.085566
2026-09-17T03:32:04.993242421Z,static,full,edge-files,200,3.443819
2026-09-17T03:32:05.053506559Z,static,full,edge-files,200,3.524396
2026-09-17T03:32:05.11420256Z,static,full,edge-files,200,3.860841
2026-09-17T03:32:05.175166252Z,static,full,edge-files,200,5.097389
2026-09-17T03:32:05.233599086Z,static,full,edge-files,200,3.597781
2026-09-17T03:32:05.294278822Z,static,full,edge-files,200,3.990758
2026-09-17T03:32:05.353946946Z,static,full,edge-files,200,3.862742
2026-09-17T03:32:05.413916391Z,static,full,edge-files,200,4.123282
2026-09-17T03:32:05.473318897Z,static,full,edge-files,200,3.853867
2026-09-17T03:32:05.53271165Z,static,full,edge-files,200,2.809049
2026-09-17T03:32:05.59390944Z,static,full,edge-files,200,3.506594
2026-09-17T03:32:05.653539804Z,static,full,edge-files,200,3.014751
2026-09-17T03:32:05.716655138Z,static,full,edge-files,200,6.427463
2026-09-17T03:32:05.775152217Z,static,full,edge-files,200,4.579038
2026-09-17T03:32:05.833453631Z,static,full,edge-files,200,3.356123
2026-09-17T03:32:05.893941156Z,static,full,edge-files,200,3.821014
2026-09-17T03:32:05.952916712Z,static,full,edge-files,200,3.39037
2026-09-17T03:32:06.01268032Z,static,full,edge-files,200,3.19491
2026-09-17T03:32:06.074413883Z,static,full,edge-files,200,3.89511
2026-09-17T03:32:06.133465175Z,static,full,edge-files,200,3.237427
2026-09-17T03:32:06.193698426Z,static,full,edge-files,200,3.401712
2026-09-17T03:32:06.253951942Z,static,full,edge-files,200,3.542021
2026-09-17T03:32:06.313461745Z,static,full,edge-files,200,3.96055
2026-09-17T03:32:06.373262816Z,static,full,edge-files,200,3.118284
2026-09-17T03:32:06.432892203Z,static,full,edge-files,200,2.871109
2026-09-17T03:32:06.494240522Z,static,full,edge-files,200,4.736399
2026-09-17T03:32:06.553825571Z,static,full,edge-files,200,3.848991
2026-09-17T03:32:06.614322665Z,static,full,edge-files,200,3.695679
2026-09-17T03:32:06.675774476Z,static,full,edge-files,200,5.764511
2026-09-17T03:32:06.733464702Z,static,full,edge-files,200,3.056749
2026-09-17T03:32:06.79348406Z,static,full,edge-files,200,3.340321
2026-09-17T03:32:06.854294671Z,static,full,edge-files,200,4.295285
2026-09-17T03:32:06.913653377Z,static,full,edge-files,200,3.550672
2026-09-17T03:32:06.97347832Z,static,full,edge-files,200,3.08449
2026-09-17T03:32:07.033143791Z,static,full,edge-files,200,3.094172
2026-09-17T03:32:07.093596143Z,static,full,edge-files,200,3.763438
2026-09-17T03:32:07.154311815Z,static,full,edge-files,200,4.074562
2026-09-17T03:32:07.213860513Z,static,full,edge-files,200,3.879311
2026-09-17T03:32:07.273994989Z,static,full,edge-files,200,4.213653
2026-09-17T03:32:07.335073886Z,static,full,edge-files,200,4.439484
2026-09-17T03:32:07.393346823Z,static,full,edge-files,200,3.570742
2026-09-17T03:32:07.454120043Z,static,full,edge-files,200,4.092708
2026-09-17T03:32:07.512857515Z,static,full,edge-files,200,3.04334
2026-09-17T03:32:07.573306259Z,static,full,edge-files,200,3.414665
2026-09-17T03:32:07.633573158Z,static,full,edge-files,200,3.543375
2026-09-17T03:32:07.693696787Z,static,full,edge-files,200,3.339327
2026-09-17T03:32:07.753807516Z,static,full,edge-files,200,3.969502
2026-09-17T03:32:07.812850831Z,static,full,edge-files,200,3.305965
2026-09-17T03:32:07.875278714Z,static,full,edge-files,200,4.673476
2026-09-17T03:32:07.933445202Z,static,full,edge-files,200,3.441741
2026-09-17T03:32:07.994080166Z,static,full,edge-files,200,3.812985
2026-09-17T03:32:08.054393084Z,static,full,edge-files,200,4.324564
2026-09-17T03:32:08.115428069Z,static,full,edge-files,200,5.304434
2026-09-17T03:32:08.173060825Z,static,full,edge-files,200,2.941767
2026-09-17T03:32:08.232672135Z,static,full,edge-files,200,2.83264
2026-09-17T03:32:08.294133427Z,static,full,edge-files,200,3.794662
2026-09-17T03:32:08.353276961Z,static,full,edge-files,200,3.56058
2026-09-17T03:32:08.413593985Z,static,full,edge-files,200,3.596603
2026-09-17T03:32:08.4737904Z,static,full,edge-files,200,3.60036
2026-09-17T03:32:08.533111352Z,static,full,edge-files,200,3.609675
2026-09-17T03:32:08.594613021Z,static,full,edge-files,200,4.830363
2026-09-17T03:32:08.654586049Z,static,full,edge-files,200,4.276
2026-09-17T03:32:08.713599832Z,static,full,edge-files,200,3.323457
2026-09-17T03:32:08.773980351Z,static,full,edge-files,200,3.776507
2026-09-17T03:32:08.833204591Z,static,full,edge-files,200,3.306631
2026-09-17T03:32:08.893879412Z,static,full,edge-files,200,3.721938
2026-09-17T03:32:08.95383648Z,static,full,edge-files,200,4.055994
2026-09-17T03:32:09.013554648Z,static,full,edge-files,200,3.994082
2026-09-17T03:32:09.073237443Z,static,full,edge-files,200,2.947188
2026-09-17T03:32:09.133883352Z,static,full,edge-files,200,3.782142
2026-09-17T03:32:09.194457966Z,static,full,edge-files,200,3.952065
2026-09-17T03:32:09.253090961Z,static,full,edge-files,200,3.081472
2026-09-17T03:32:09.313561497Z,static,full,edge-files,200,3.586943
2026-09-17T03:32:09.373717119Z,static,full,edge-files,200,3.527378
2026-09-17T03:32:09.433845704Z,static,full,edge-files,200,3.357585
2026-09-17T03:32:09.49376653Z,static,full,edge-files,200,4.176593
2026-09-17T03:32:09.553707495Z,static,full,edge-files,200,3.299115
2026-09-17T03:32:09.613883178Z,static,full,edge-files,200,3.468932
2026-09-17T03:32:09.673379779Z,static,full,edge-files,200,3.660048
2026-09-17T03:32:09.733321797Z,static,full,edge-files,200,3.125962
2026-09-17T03:32:09.794025866Z,static,full,edge-files,200,4.113537
2026-09-17T03:32:09.852682942Z,static,full,edge-files,200,3.035499
2026-09-17T03:32:09.912858936Z,static,full,edge-files,200,3.350429
2026-09-17T03:32:09.973564494Z,static,full,edge-files,200,4.002734
2026-09-17T03:32:10.033542281Z,static,full,edge-files,200,3.398508
2026-09-17T03:32:10.09457988Z,static,full,edge-files,200,4.251435
2026-09-17T03:32:10.153581597Z,static,full,edge-files,200,3.478619
2026-09-17T03:32:10.213853537Z,static,full,edge-files,200,3.61998
2026-09-17T03:32:10.273647641Z,static,full,edge-files,200,4.005769
2026-09-17T03:32:10.333822101Z,static,full,edge-files,200,3.259827
2026-09-17T03:32:10.393835935Z,static,full,edge-files,200,4.268445
2026-09-17T03:32:10.454835503Z,static,full,edge-files,200,4.225701
2026-09-17T03:32:10.513090487Z,static,full,edge-files,200,3.440236
2026-09-17T03:32:10.574275569Z,static,full,edge-files,200,4.315834
2026-09-17T03:32:10.633463476Z,static,full,edge-files,200,3.567636
2026-09-17T03:32:10.694366224Z,static,full,edge-files,200,4.104618
2026-09-17T03:32:10.753509069Z,static,full,edge-files,200,3.452627
2026-09-17T03:32:10.814635485Z,static,full,edge-files,200,4.540001
2026-09-17T03:32:10.87390063Z,static,full,edge-files,200,3.457557
2026-09-17T03:32:10.936165272Z,static,full,edge-files,200,6.627637
2026-09-17T03:32:10.994115584Z,static,full,edge-files,200,4.117362
2026-09-17T03:32:11.052734336Z,static,full,edge-files,200,2.745312
2026-09-17T03:32:11.113645987Z,static,full,edge-files,200,3.23892
2026-09-17T03:32:11.173775866Z,static,full,edge-files,200,3.316516
2026-09-17T03:32:11.234013496Z,static,full,edge-files,200,3.627731
2026-09-17T03:32:11.293864372Z,static,full,edge-files,200,4.126619
2026-09-17T03:32:11.35280519Z,static,full,edge-files,200,3.247585
2026-09-17T03:32:11.413767652Z,static,full,edge-files,200,4.108568
2026-09-17T03:32:11.474068577Z,static,full,edge-files,200,3.74635
2026-09-17T03:32:11.533905044Z,static,full,edge-files,200,3.857293
2026-09-17T03:32:11.59296345Z,static,full,edge-files,200,3.148873
2026-09-17T03:32:11.652269306Z,static,full,edge-files,200,2.810186
2026-09-17T03:32:11.713034375Z,static,full,edge-files,200,2.932206
2026-09-17T03:32:11.773428445Z,static,full,edge-files,200,3.545894
2026-09-17T03:32:11.83337705Z,static,full,edge-files,200,3.127582
2026-09-17T03:32:11.893860713Z,static,full,edge-files,200,3.604209
2026-09-17T03:32:11.953632194Z,static,full,edge-files,200,3.17475
2026-09-17T03:32:12.014194022Z,static,full,edge-files,200,4.065914
2026-09-17T03:32:12.073888458Z,static,full,edge-files,200,3.924623
2026-09-17T03:32:12.133759478Z,static,full,edge-files,200,3.260642
2026-09-17T03:32:12.193715584Z,static,full,edge-files,200,4.224136
2026-09-17T03:32:12.252914132Z,static,full,edge-files,200,3.415724
2026-09-17T03:32:12.312957374Z,static,full,edge-files,200,3.352389
2026-09-17T03:32:12.373108586Z,static,full,edge-files,200,3.603018
2026-09-17T03:32:12.43343106Z,static,full,edge-files,200,3.474644
2026-09-17T03:32:12.495455352Z,static,full,edge-files,200,5.159495
2026-09-17T03:32:12.553521486Z,static,full,edge-files,200,3.356039
2026-09-17T03:32:12.61317999Z,static,full,edge-files,200,3.443236
2026-09-17T03:32:12.674138313Z,static,full,edge-files,200,4.26577
2026-09-17T03:32:12.733251764Z,static,full,edge-files,200,3.553665
2026-09-17T03:32:12.793704649Z,static,full,edge-files,200,3.708252
2026-09-17T03:32:12.854397352Z,static,full,edge-files,200,3.877899
2026-09-17T03:32:12.913175337Z,static,full,edge-files,200,2.992671
2026-09-17T03:32:12.982240457Z,static,full,edge-files,200,11.984931
2026-09-17T03:32:13.032796996Z,static,full,edge-files,200,3.293245
2026-09-17T03:32:13.093653612Z,static,full,edge-files,200,3.202817
2026-09-17T03:32:13.153770771Z,static,full,edge-files,200,4.109137
2026-09-17T03:32:13.214190003Z,static,full,edge-files,200,3.6312
2026-09-17T03:32:13.273533511Z,static,full,edge-files,200,3.585797
2026-09-17T03:32:13.333578985Z,static,full,edge-files,200,3.280804
2026-09-17T03:32:13.394479534Z,static,full,edge-files,200,4.254493
2026-09-17T03:32:13.453782589Z,static,full,edge-files,200,3.593978
2026-09-17T03:32:13.513168221Z,static,full,edge-files,200,3.096163
2026-09-17T03:32:13.57353995Z,static,full,edge-files,200,3.330067
2026-09-17T03:32:13.633645378Z,static,full,edge-files,200,3.542444
2026-09-17T03:32:13.694033737Z,static,full,edge-files,200,3.74625
2026-09-17T03:32:13.752903174Z,static,full,edge-files,200,3.16389
2026-09-17T03:32:13.812487702Z,static,full,edge-files,200,2.724876
2026-09-17T03:32:13.874559696Z,static,full,edge-files,200,4.215235
2026-09-17T03:32:13.934029824Z,static,full,edge-files,200,3.611169
2026-09-17T03:32:13.993446668Z,static,full,edge-files,200,3.601004
2026-09-17T03:32:14.053462679Z,static,full,edge-files,200,3.253301
2026-09-17T03:32:14.113601569Z,static,full,edge-files,200,3.283814
2026-09-17T03:32:14.173995069Z,static,full,edge-files,200,3.798873
2026-09-17T03:32:14.233573751Z,static,full,edge-files,200,4.081456
2026-09-17T03:32:14.292739201Z,static,full,edge-files,200,3.195767
2026-09-17T03:32:14.352231641Z,static,full,edge-files,200,2.70742
2026-09-17T03:32:14.413157452Z,static,full,edge-files,200,3.146534
2026-09-17T03:32:14.473454695Z,static,full,edge-files,200,3.646872
2026-09-17T03:32:14.533627658Z,static,full,edge-files,200,3.272743
2026-09-17T03:32:14.593822243Z,static,full,edge-files,200,3.432316
2026-09-17T03:32:14.652571504Z,static,full,edge-files,200,2.867252
2026-09-17T03:32:14.71317062Z,static,full,edge-files,200,3.657653
2026-09-17T03:32:14.77395117Z,static,full,edge-files,200,3.968897
2026-09-17T03:32:14.833251386Z,static,full,edge-files,200,3.701496
2026-09-17T03:32:14.89319127Z,static,full,edge-files,200,3.270808
2026-09-17T03:32:14.953583519Z,static,full,edge-files,200,3.648732
2026-09-17T03:32:15.013616376Z,static,full,edge-files,200,3.493264
2026-09-17T03:32:15.074025074Z,static,full,edge-files,200,3.721
2026-09-17T03:32:15.133409075Z,static,full,edge-files,200,3.547358
2026-09-17T03:32:15.194079224Z,static,full,edge-files,200,4.102529
2026-09-17T03:32:15.252854123Z,static,full,edge-files,200,3.097206
2026-09-17T03:32:15.312647778Z,static,full,edge-files,200,3.16141
2026-09-17T03:32:15.373456088Z,static,full,edge-files,200,3.044152
2026-09-17T03:32:15.434044552Z,static,full,edge-files,200,3.91898
2026-09-17T03:32:15.493766011Z,static,full,edge-files,200,3.931166
2026-09-17T03:32:15.553089623Z,static,full,edge-files,200,3.469146
2026-09-17T03:32:15.61486719Z,static,full,edge-files,200,5.053212
2026-09-17T03:32:15.673413445Z,static,full,edge-files,200,2.907197
2026-09-17T03:32:15.733595774Z,static,full,edge-files,200,3.503215
2026-09-17T03:32:15.79368898Z,static,full,edge-files,200,3.350963
2026-09-17T03:32:15.853572163Z,static,full,edge-files,200,3.49813
2026-09-17T03:32:15.913526969Z,static,full,edge-files,200,3.242046
2026-09-17T03:32:15.97406377Z,static,full,edge-files,200,3.816189
2026-09-17T03:32:16.032903217Z,static,full,edge-files,200,3.390057
2026-09-17T03:32:16.093017407Z,static,full,edge-files,200,3.41967
2026-09-17T03:32:16.15333582Z,static,full,edge-files,200,3.523451
2026-09-17T03:32:16.213067611Z,static,full,edge-files,200,2.933714
2026-09-17T03:32:16.273655906Z,static,full,edge-files,200,3.751462
2026-09-17T03:32:16.334066955Z,static,full,edge-files,200,3.745193
2026-09-17T03:32:16.393103326Z,static,full,edge-files,200,3.537267
2026-09-17T03:32:16.454047435Z,static,full,edge-files,200,3.949999
2026-09-17T03:32:16.513447331Z,static,full,edge-files,200,3.236515
2026-09-17T03:32:16.574268022Z,static,full,edge-files,200,4.079212
2026-09-17T03:32:16.633532993Z,static,full,edge-files,200,3.521295
2026-09-17T03:32:16.693912318Z,static,full,edge-files,200,3.554799
2026-09-17T03:32:16.752613775Z,static,full,edge-files,200,3.166781
2026-09-17T03:32:16.813654352Z,static,full,edge-files,200,3.537804
2026-09-17T03:32:16.873971024Z,static,full,edge-files,200,3.598201
2026-09-17T03:32:16.933177358Z,static,full,edge-files,200,3.28914
2026-09-17T03:32:16.993974156Z,static,full,edge-files,200,4.122204
2026-09-17T03:32:17.054436111Z,static,full,edge-files,200,4.876937
2026-09-17T03:32:17.11347146Z,static,full,edge-files,200,3.436599
2026-09-17T03:32:17.173829598Z,static,full,edge-files,200,3.627459
2026-09-17T03:32:17.232699505Z,static,full,edge-files,200,3.042896
2026-09-17T03:32:17.293345068Z,static,full,edge-files,200,3.098201
2026-09-17T03:32:17.353586224Z,static,full,edge-files,200,3.343013
2026-09-17T03:32:17.413845296Z,static,full,edge-files,200,3.403473
2026-09-17T03:32:17.473995391Z,static,full,edge-files,200,4.452319
2026-09-17T03:32:17.533801749Z,static,full,edge-files,200,3.42377
2026-09-17T03:32:17.595251629Z,static,full,edge-files,200,4.775286
2026-09-17T03:32:17.654924087Z,static,full,edge-files,200,5.179599
2026-09-17T03:32:17.713852403Z,static,full,edge-files,200,3.231085
2026-09-17T03:32:17.774222291Z,static,full,edge-files,200,3.675429
2026-09-17T03:32:17.834331939Z,static,full,edge-files,200,4.379378
2026-09-17T03:32:17.894027538Z,static,full,edge-files,200,3.83006
2026-09-17T03:32:17.95404994Z,static,full,edge-files,200,4.140881
2026-09-17T03:32:18.013769989Z,static,full,edge-files,200,3.268628
2026-09-17T03:32:18.075229724Z,static,full,edge-files,200,4.523299
2026-09-17T03:32:18.134645755Z,static,full,edge-files,200,4.835903
2026-09-17T03:32:18.192546894Z,static,full,edge-files,200,2.97187
2026-09-17T03:32:18.253954228Z,static,full,edge-files,200,3.78051
2026-09-17T03:32:18.313467158Z,static,full,edge-files,200,2.957171
2026-09-17T03:32:18.374133851Z,static,full,edge-files,200,3.821963
2026-09-17T03:32:18.433017296Z,static,full,edge-files,200,3.285225
2026-09-17T03:32:18.493477096Z,static,full,edge-files,200,3.694838
2026-09-17T03:32:18.554079812Z,static,full,edge-files,200,3.675759
2026-09-17T03:32:18.613503783Z,static,full,edge-files,200,3.614037
2026-09-17T03:32:18.671719151Z,static,full,edge-files,200,3.318356
2026-09-17T03:32:18.732143847Z,static,full,edge-files,200,3.37053
2026-09-17T03:32:18.791896999Z,static,full,edge-files,200,3.926705
2026-09-17T03:32:18.851926662Z,static,full,edge-files,200,3.341433
2026-09-17T03:32:18.911945383Z,static,full,edge-files,200,3.256457
2026-09-17T03:32:18.972414549Z,static,full,edge-files,200,3.718892
2026-09-17T03:32:19.030873387Z,static,full,edge-files,200,2.966481
2026-09-17T03:32:19.0917248Z,static,full,edge-files,200,3.191952
2026-09-17T03:32:19.15201288Z,static,full,edge-files,200,3.340653
2026-09-17T03:32:19.2121029Z,static,full,edge-files,200,3.330084
2026-09-17T03:32:19.27167549Z,static,full,edge-files,200,3.839932
2026-09-17T03:32:19.331599715Z,static,full,edge-files,200,3.145939
2026-09-17T03:32:19.39139021Z,static,full,edge-files,200,3.056603
2026-09-17T03:32:19.4518007Z,static,full,edge-files,200,3.695619
2026-09-17T03:32:19.512848877Z,static,full,edge-files,200,4.232248
2026-09-17T03:32:19.572694899Z,static,full,edge-files,200,4.016902
2026-09-17T03:32:19.63153511Z,static,full,edge-files,200,3.237136
2026-09-17T03:32:19.692470979Z,static,full,edge-files,200,3.954948
2026-09-17T03:32:19.751709115Z,static,full,edge-files,200,3.655416
2026-09-17T03:32:19.811701224Z,static,full,edge-files,200,3.380616
2026-09-17T03:32:19.871599518Z,static,full,edge-files,200,3.234986
2026-09-17T03:32:19.931823824Z,static,full,edge-files,200,3.307141
2026-09-17T03:32:19.991912491Z,static,full,edge-files,200,3.452911
2026-09-17T03:32:20.053016281Z,static,full,edge-files,200,4.447724
2026-09-17T03:32:20.112136787Z,static,full,edge-files,200,3.420499
2026-09-17T03:32:20.171840356Z,static,full,edge-files,200,4.082888
2026-09-17T03:32:20.23120148Z,static,full,edge-files,200,2.960746
2026-09-17T03:32:20.291421966Z,static,full,edge-files,200,3.693499
2026-09-17T03:32:20.351577139Z,static,full,edge-files,200,3.449107
2026-09-17T03:32:20.411896652Z,static,full,edge-files,200,3.654486
2026-09-17T03:32:20.472295432Z,static,full,edge-files,200,3.693959
2026-09-17T03:32:20.531675347Z,static,full,edge-files,200,3.534907
2026-09-17T03:32:20.591092455Z,static,full,edge-files,200,2.873529
2026-09-17T03:32:20.651954868Z,static,full,edge-files,200,4.145962
2026-09-17T03:32:20.711885154Z,static,full,edge-files,200,3.338443
2026-09-17T03:32:20.77496258Z,static,full,edge-files,200,6.100581
2026-09-17T03:32:20.831713553Z,static,full,edge-files,200,3.171221
2026-09-17T03:32:20.892757769Z,static,full,edge-files,200,4.38962
2026-09-17T03:32:20.952272705Z,static,full,edge-files,200,3.864866
2026-09-17T03:32:21.010997698Z,static,full,edge-files,200,3.07332
2026-09-17T03:32:21.072669965Z,static,full,edge-files,200,3.870974
2026-09-17T03:32:21.131333189Z,static,full,edge-files,200,2.906431
2026-09-17T03:32:21.190950462Z,static,full,edge-files,200,2.948834
2026-09-17T03:32:21.252556654Z,static,full,edge-files,200,3.916765
2026-09-17T03:32:21.311798781Z,static,full,edge-files,200,3.440927
2026-09-17T03:32:21.372701595Z,static,full,edge-files,200,4.25938
2026-09-17T03:32:21.43184749Z,static,full,edge-files,200,3.315982
2026-09-17T03:32:21.492609767Z,static,full,edge-files,200,4.011387
2026-09-17T03:32:21.552361719Z,static,full,edge-files,200,4.000342
2026-09-17T03:32:21.613049204Z,static,full,edge-files,200,4.866699
2026-09-17T03:32:21.671759695Z,static,full,edge-files,200,3.980231
2026-09-17T03:32:21.73340676Z,static,full,edge-files,200,4.740354
2026-09-17T03:32:21.79208864Z,static,full,edge-files,200,3.36819
2026-09-17T03:32:21.852178937Z,static,full,edge-files,200,3.473768
2026-09-17T03:32:21.910793037Z,static,full,edge-files,200,3.076325
2026-09-17T03:32:21.971848673Z,static,full,edge-files,200,3.427519
2026-09-17T03:32:22.03187741Z,static,full,edge-files,200,3.357446
2026-09-17T03:32:22.091196731Z,static,full,edge-files,200,3.221824
2026-09-17T03:32:22.151820288Z,static,full,edge-files,200,3.812339
2026-09-17T03:32:22.211837479Z,static,full,edge-files,200,3.421989
2026-09-17T03:32:22.272395186Z,static,full,edge-files,200,3.919491
2026-09-17T03:32:22.332149848Z,static,full,edge-files,200,3.996666
2026-09-17T03:32:22.391441214Z,static,full,edge-files,200,3.69137
2026-09-17T03:32:22.452226623Z,static,full,edge-files,200,3.872792
2026-09-17T03:32:22.511290494Z,static,full,edge-files,200,3.351615
2026-09-17T03:32:22.571403369Z,static,full,edge-files,200,3.175736
2026-09-17T03:32:22.631904533Z,static,full,edge-files,200,3.713692
2026-09-17T03:32:22.692170411Z,static,full,edge-files,200,3.699709
2026-09-17T03:32:22.751059992Z,static,full,edge-files,200,3.28523
2026-09-17T03:32:22.810815838Z,static,full,edge-files,200,3.059342
2026-09-17T03:32:22.871198324Z,static,full,edge-files,200,2.855518
2026-09-17T03:32:22.93236905Z,static,full,edge-files,200,4.244179
2026-09-17T03:32:22.9914107Z,static,full,edge-files,200,3.42447
2026-09-17T03:32:23.051776839Z,static,full,edge-files,200,3.392967
2026-09-17T03:32:23.112283305Z,static,full,edge-files,200,3.770555
2026-09-17T03:32:23.171659244Z,static,full,edge-files,200,3.838561
2026-09-17T03:32:23.232516346Z,static,full,edge-files,200,3.913011
2026-09-17T03:32:23.293346495Z,static,full,edge-files,200,5.383397
2026-09-17T03:32:23.352049484Z,static,full,edge-files,200,4.08368
2026-09-17T03:32:23.412361104Z,static,full,edge-files,200,4.325013
2026-09-17T03:32:23.47104645Z,static,full,edge-files,200,2.945722
2026-09-17T03:32:23.531753299Z,static,full,edge-files,200,3.633456
2026-09-17T03:32:23.592546147Z,static,full,edge-files,200,4.031778
2026-09-17T03:32:23.652541583Z,static,full,edge-files,200,4.239051
2026-09-17T03:32:23.71148748Z,static,full,edge-files,200,3.02972
2026-09-17T03:32:23.771651178Z,static,full,edge-files,200,3.385526
2026-09-17T03:32:23.832849956Z,static,full,edge-files,200,4.149745
2026-09-17T03:32:23.892803188Z,static,full,edge-files,200,4.306926
2026-09-17T03:32:23.952752146Z,static,full,edge-files,200,3.995697
2026-09-17T03:32:24.012305603Z,static,full,edge-files,200,3.832201
2026-09-17T03:32:24.07208395Z,static,full,edge-files,200,3.715281
2026-09-17T03:32:24.131014394Z,static,full,edge-files,200,3.149744
2026-09-17T03:32:24.192148519Z,static,full,edge-files,200,3.55736
2026-09-17T03:32:24.251727924Z,static,full,edge-files,200,3.70358
2026-09-17T03:32:24.312409566Z,static,full,edge-files,200,3.926924
2026-09-17T03:32:24.371492076Z,static,full,edge-files,200,3.163066
2026-09-17T03:32:24.431909634Z,static,full,edge-files,200,3.725202
2026-09-17T03:32:24.491850122Z,static,full,edge-files,200,4.09894
2026-09-17T03:32:24.552237652Z,static,full,edge-files,200,3.684759
2026-09-17T03:32:24.611427394Z,static,full,edge-files,200,3.448257
2026-09-17T03:32:24.671325007Z,static,full,edge-files,200,3.212854
2026-09-17T03:32:24.731595214Z,static,full,edge-files,200,3.483919
2026-09-17T03:32:24.792025359Z,static,full,edge-files,200,3.88076
2026-09-17T03:32:24.851466068Z,static,full,edge-files,200,3.569541
2026-09-17T03:32:24.912701747Z,static,full,edge-files,200,4.498341
2026-09-17T03:32:24.971951402Z,static,full,edge-files,200,3.405473
2026-09-17T03:32:25.031799372Z,static,full,edge-files,200,3.152849
2026-09-17T03:32:25.091796097Z,static,full,edge-files,200,3.312692
2026-09-17T03:32:25.152130605Z,static,full,edge-files,200,3.60356
2026-09-17T03:32:25.211712077Z,static,full,edge-files,200,3.928743
2026-09-17T03:32:25.271464463Z,static,full,edge-files,200,3.120846
2026-09-17T03:32:25.33146164Z,static,full,edge-files,200,3.206842
2026-09-17T03:32:25.39191017Z,static,full,edge-files,200,3.69961
2026-09-17T03:32:25.451931457Z,static,full,edge-files,200,3.343203
2026-09-17T03:32:25.510962601Z,static,full,edge-files,200,3.221004
2026-09-17T03:32:25.57072696Z,static,full,edge-files,200,3.005429
2026-09-17T03:32:25.632083696Z,static,full,edge-files,200,3.649862
2026-09-17T03:32:25.691625433Z,static,full,edge-files,200,3.759485
2026-09-17T03:32:25.751612011Z,static,full,edge-files,200,3.170144
2026-09-17T03:32:25.81194794Z,static,full,edge-files,200,3.580961
2026-09-17T03:32:25.871685721Z,static,full,edge-files,200,3.048576
2026-09-17T03:32:25.932203768Z,static,full,edge-files,200,3.630284
2026-09-17T03:32:25.993508257Z,static,full,edge-files,200,5.535215
2026-09-17T03:32:26.051733218Z,static,full,edge-files,200,3.539298
2026-09-17T03:32:26.111760476Z,static,full,edge-files,200,3.269077
2026-09-17T03:32:26.17172422Z,static,full,edge-files,200,3.352133
2026-09-17T03:32:26.232587215Z,static,full,edge-files,200,4.13753
2026-09-17T03:32:26.291536788Z,static,full,edge-files,200,3.207502
2026-09-17T03:32:26.351560107Z,static,full,edge-files,200,3.23359
2026-09-17T03:32:26.412117325Z,static,full,edge-files,200,3.833155
2026-09-17T03:32:26.471206623Z,static,full,edge-files,200,3.366394
2026-09-17T03:32:26.531791193Z,static,full,edge-files,200,3.837732
2026-09-17T03:32:26.591807522Z,static,full,edge-files,200,3.43595
2026-09-17T03:32:26.652629872Z,static,full,edge-files,200,4.277859
2026-09-17T03:32:26.712694848Z,static,full,edge-files,200,4.380437
2026-09-17T03:32:26.77098772Z,static,full,edge-files,200,2.750728
2026-09-17T03:32:26.832322853Z,static,full,edge-files,200,3.677344
2026-09-17T03:32:26.891476649Z,static,full,edge-files,200,3.42526
2026-09-17T03:32:26.951348115Z,static,full,edge-files,200,2.939112
2026-09-17T03:32:27.011951758Z,static,full,edge-files,200,3.907627
2026-09-17T03:32:27.072194378Z,static,full,edge-files,200,3.460876
2026-09-17T03:32:27.133203226Z,static,full,edge-files,200,3.207294
2026-09-17T03:32:27.191122745Z,static,full,edge-files,200,3.206573
2026-09-17T03:32:27.251148772Z,static,full,edge-files,200,3.350473
2026-09-17T03:32:27.310955385Z,static,full,edge-files,200,3.238335
2026-09-17T03:32:27.371634418Z,static,full,edge-files,200,3.044945
2026-09-17T03:32:27.432074282Z,static,full,edge-files,200,3.669978
2026-09-17T03:32:27.491242867Z,static,full,edge-files,200,3.375317
2026-09-17T03:32:27.551384935Z,static,full,edge-files,200,3.195912
2026-09-17T03:32:27.611668571Z,static,full,edge-files,200,3.492094
2026-09-17T03:32:27.671596781Z,static,full,edge-files,200,3.248467
2026-09-17T03:32:27.733748068Z,static,full,edge-files,200,5.363217
2026-09-17T03:32:27.791705166Z,static,full,edge-files,200,3.430356
2026-09-17T03:32:27.852143032Z,static,full,edge-files,200,3.55502
2026-09-17T03:32:27.910903463Z,static,full,edge-files,200,3.198382
2026-09-17T03:32:27.972972997Z,static,full,edge-files,200,4.312932
2026-09-17T03:32:28.031908883Z,static,full,edge-files,200,3.311366
2026-09-17T03:32:28.092766214Z,static,full,edge-files,200,4.201673
2026-09-17T03:32:28.151676728Z,static,full,edge-files,200,3.758579
2026-09-17T03:32:28.211807915Z,static,full,edge-files,200,3.327812
2026-09-17T03:32:28.271702587Z,static,full,edge-files,200,3.254741
2026-09-17T03:32:28.33283799Z,static,full,edge-files,200,4.426751
2026-09-17T03:32:28.391580947Z,static,full,edge-files,200,3.750434
2026-09-17T03:32:28.452611891Z,static,full,edge-files,200,4.22922
2026-09-17T03:32:28.511915535Z,static,full,edge-files,200,3.42705
2026-09-17T03:32:28.571162003Z,static,full,edge-files,200,3.405512
2026-09-17T03:32:28.633489937Z,static,full,edge-files,200,5.53219
2026-09-17T03:32:28.692304538Z,static,full,edge-files,200,4.146689
2026-09-17T03:32:28.752629484Z,static,full,edge-files,200,4.320627
2026-09-17T03:32:28.811478874Z,static,full,edge-files,200,2.934353
2026-09-17T03:32:28.872343292Z,static,full,edge-files,200,4.043602
2026-09-17T03:32:28.931865616Z,static,full,edge-files,200,3.714284
2026-09-17T03:32:28.992004873Z,static,full,edge-files,200,3.437531
2026-09-17T03:32:29.050994152Z,static,full,edge-files,200,3.187402
2026-09-17T03:32:29.111600684Z,static,full,edge-files,200,2.801292
2026-09-17T03:32:29.171353122Z,static,full,edge-files,200,2.950934
2026-09-17T03:32:29.231553584Z,static,full,edge-files,200,3.207803
2026-09-17T03:32:29.291816279Z,static,full,edge-files,200,3.506066
2026-09-17T03:32:29.353454508Z,static,full,edge-files,200,4.69852
2026-09-17T03:32:29.412363062Z,static,full,edge-files,200,4.026065
2026-09-17T03:32:29.470883027Z,static,full,edge-files,200,2.78695
2026-09-17T03:32:29.531715265Z,static,full,edge-files,200,3.865483
2026-09-17T03:32:29.5915416Z,static,full,edge-files,200,3.125466
2026-09-17T03:32:29.652031941Z,static,full,edge-files,200,3.360861
2026-09-17T03:32:29.713266139Z,static,full,edge-files,200,4.373226
2026-09-17T03:32:29.773673002Z,static,full,edge-files,200,5.607494
2026-09-17T03:32:29.833146144Z,static,full,edge-files,200,4.799759
2026-09-17T03:32:29.891292045Z,static,full,edge-files,200,3.17394
2026-09-17T03:32:29.951120628Z,static,full,edge-files,200,3.046761
2026-09-17T03:32:30.011488023Z,static,full,edge-files,200,3.447272
2026-09-17T03:32:30.071596302Z,static,full,edge-files,200,3.214968
2026-09-17T03:32:30.134721381Z,static,full,edge-files,200,6.265555
2026-09-17T03:32:30.19198256Z,static,full,edge-files,200,3.479724
2026-09-17T03:32:30.251305615Z,static,full,edge-files,200,3.477513
2026-09-17T03:32:30.311446513Z,static,full,edge-files,200,3.376236
2026-09-17T03:32:30.371756682Z,static,full,edge-files,200,3.513876
2026-09-17T03:32:30.432082213Z,static,full,edge-files,200,3.621309
2026-09-17T03:32:30.490887165Z,static,full,edge-files,200,3.127928
2026-09-17T03:32:30.551597996Z,static,full,edge-files,200,2.976932
2026-09-17T03:32:30.611827373Z,static,full,edge-files,200,3.477778
2026-09-17T03:32:30.671729348Z,static,full,edge-files,200,3.030846
2026-09-17T03:32:30.731837696Z,static,full,edge-files,200,3.606293
2026-09-17T03:32:30.792224753Z,static,full,edge-files,200,3.807079
2026-09-17T03:32:30.851575459Z,static,full,edge-files,200,3.364266
2026-09-17T03:32:30.911613019Z,static,full,edge-files,200,3.281308
2026-09-17T03:32:30.971775338Z,static,full,edge-files,200,3.286243
2026-09-17T03:32:31.032032758Z,static,full,edge-files,200,3.415574
2026-09-17T03:32:31.092267214Z,static,full,edge-files,200,3.587184
2026-09-17T03:32:31.151904128Z,static,full,edge-files,200,3.636334
2026-09-17T03:32:31.212308208Z,static,full,edge-files,200,3.709084
2026-09-17T03:32:31.27132466Z,static,full,edge-files,200,3.342231
2026-09-17T03:32:31.332054066Z,static,full,edge-files,200,3.6489
2026-09-17T03:32:31.391114747Z,static,full,edge-files,200,3.386078
2026-09-17T03:32:31.452922501Z,static,full,edge-files,200,4.146858
2026-09-17T03:32:31.512374984Z,static,full,edge-files,200,3.599885
2026-09-17T03:32:31.571674225Z,static,full,edge-files,200,3.468271
2026-09-17T03:32:31.632941636Z,static,full,edge-files,200,4.430615
2026-09-17T03:32:31.692839243Z,static,full,edge-files,200,4.29834
2026-09-17T03:32:31.751578801Z,static,full,edge-files,200,3.212065
2026-09-17T03:32:31.811844351Z,static,full,edge-files,200,3.58594
2026-09-17T03:32:31.871806207Z,static,full,edge-files,200,3.280322
2026-09-17T03:32:31.932032594Z,static,full,edge-files,200,3.486906
2026-09-17T03:32:31.990717187Z,static,full,edge-files,200,3.061671
2026-09-17T03:32:32.051908798Z,static,full,edge-files,200,3.530541
2026-09-17T03:32:32.112234707Z,static,full,edge-files,200,3.649449
2026-09-17T03:32:32.171910176Z,static,full,edge-files,200,4.137887
2026-09-17T03:32:32.231153433Z,static,full,edge-files,200,3.388115
2026-09-17T03:32:32.292378181Z,static,full,edge-files,200,3.664171
2026-09-17T03:32:32.351265689Z,static,full,edge-files,200,3.093458
2026-09-17T03:32:32.411849586Z,static,full,edge-files,200,3.656991
2026-09-17T03:32:32.471795999Z,static,full,edge-files,200,3.406301
2026-09-17T03:32:32.531828695Z,static,full,edge-files,200,3.105413
2026-09-17T03:32:32.592115996Z,static,full,edge-files,200,3.724381
2026-09-17T03:32:32.651277474Z,static,full,edge-files,200,3.161128
2026-09-17T03:32:32.711893076Z,static,full,edge-files,200,3.825354
2026-09-17T03:32:32.77180698Z,static,full,edge-files,200,3.280117
2026-09-17T03:32:32.833281027Z,static,full,edge-files,200,4.528405
2026-09-17T03:32:32.891138216Z,static,full,edge-files,200,3.250629
2026-09-17T03:32:32.950822607Z,static,full,edge-files,200,3.090241
2026-09-17T03:32:33.013338394Z,static,full,edge-files,200,4.816578
2026-09-17T03:32:33.071615645Z,static,full,edge-files,200,3.58965
2026-09-17T03:32:33.132079515Z,static,full,edge-files,200,3.703367
2026-09-17T03:32:33.193181934Z,static,full,edge-files,200,5.460138
2026-09-17T03:32:33.250873901Z,static,full,edge-files,200,3.01258
2026-09-17T03:32:33.311929357Z,static,full,edge-files,200,3.283442
2026-09-17T03:32:33.372548368Z,static,full,edge-files,200,3.965224
2026-09-17T03:32:33.432175494Z,static,full,edge-files,200,4.018708
2026-09-17T03:32:33.491497496Z,static,full,edge-files,200,3.698883
2026-09-17T03:32:33.551660348Z,static,full,edge-files,200,3.287001
2026-09-17T03:32:33.611526362Z,static,full,edge-files,200,3.270185
2026-09-17T03:32:33.67176372Z,static,full,edge-files,200,3.248488
2026-09-17T03:32:33.7328733Z,static,full,edge-files,200,4.372284
2026-09-17T03:32:33.791314764Z,static,full,edge-files,200,2.807725
2026-09-17T03:32:33.851473291Z,static,full,edge-files,200,3.38127
2026-09-17T03:32:33.913052656Z,static,full,edge-files,200,4.803143
2026-09-17T03:32:33.973995941Z,static,full,edge-files,200,5.617229
2026-09-17T03:32:34.034940568Z,static,full,edge-files,200,6.128758
2026-09-17T03:32:34.091174544Z,static,full,edge-files,200,2.663635
2026-09-17T03:32:34.151025088Z,static,full,edge-files,200,3.098593
2026-09-17T03:32:34.210999919Z,static,full,edge-files,200,3.234173
2026-09-17T03:32:34.270720811Z,static,full,edge-files,200,2.909322
2026-09-17T03:32:34.333038223Z,static,full,edge-files,200,4.669077
2026-09-17T03:32:34.392585092Z,static,full,edge-files,200,3.638219
2026-09-17T03:32:34.451169537Z,static,full,edge-files,200,2.965318
2026-09-17T03:32:34.511075284Z,static,full,edge-files,200,3.054179
2026-09-17T03:32:34.572134395Z,static,full,edge-files,200,3.305559
2026-09-17T03:32:34.630464492Z,static,full,edge-files,200,2.678544
2026-09-17T03:32:34.69142688Z,static,full,edge-files,200,3.035207
2026-09-17T03:32:34.751699631Z,static,full,edge-files,200,3.185225
2026-09-17T03:32:34.811870903Z,static,full,edge-files,200,3.416757
2026-09-17T03:32:34.871761704Z,static,full,edge-files,200,3.109983
2026-09-17T03:32:34.933142173Z,static,full,edge-files,200,4.586185
2026-09-17T03:32:34.991056848Z,static,full,edge-files,200,3.270811
2026-09-17T03:32:35.051721343Z,static,full,edge-files,200,2.928925
2026-09-17T03:32:35.112755036Z,static,full,edge-files,200,4.259306
2026-09-17T03:32:35.171670951Z,static,full,edge-files,200,3.263235
2026-09-17T03:32:35.232244206Z,static,full,edge-files,200,3.873766
2026-09-17T03:32:35.291626502Z,static,full,edge-files,200,3.623997
2026-09-17T03:32:35.351787369Z,static,full,edge-files,200,3.156831
2026-09-17T03:32:35.4125257Z,static,full,edge-files,200,4.006078
2026-09-17T03:32:35.471349515Z,static,full,edge-files,200,2.98472
2026-09-17T03:32:35.531604629Z,static,full,edge-files,200,3.419456
2026-09-17T03:32:35.591771645Z,static,full,edge-files,200,3.369088
2026-09-17T03:32:35.65216499Z,static,full,edge-files,200,3.825743
2026-09-17T03:32:35.71256628Z,static,full,edge-files,200,4.837375
2026-09-17T03:32:35.771700704Z,static,full,edge-files,200,3.437043
2026-09-17T03:32:35.832048383Z,static,full,edge-files,200,3.638524
2026-09-17T03:32:35.891881095Z,static,full,edge-files,200,3.170082
2026-09-17T03:32:35.951840085Z,static,full,edge-files,200,3.279461
2026-09-17T03:32:36.012423309Z,static,full,edge-files,200,3.770494
2026-09-17T03:32:36.072266561Z,static,full,edge-files,200,4.12223
2026-09-17T03:32:36.132159193Z,static,full,edge-files,200,4.17502
2026-09-17T03:32:36.19299642Z,static,full,edge-files,200,4.216512
2026-09-17T03:32:36.252840562Z,static,full,edge-files,200,4.243978
2026-09-17T03:32:36.312433726Z,static,full,edge-files,200,3.925991
2026-09-17T03:32:36.371372309Z,static,full,edge-files,200,2.9887
2026-09-17T03:32:36.43264538Z,static,full,edge-files,200,4.708051
2026-09-17T03:32:36.492696878Z,static,full,edge-files,200,4.067221
2026-09-17T03:32:36.551442197Z,static,full,edge-files,200,3.039643
2026-09-17T03:32:36.612302186Z,static,full,edge-files,200,4.152868
2026-09-17T03:32:36.670912824Z,static,full,edge-files,200,2.880911
2026-09-17T03:32:36.73276266Z,static,full,edge-files,200,4.119681
2026-09-17T03:32:36.790965327Z,static,full,edge-files,200,2.60876
2026-09-17T03:32:36.851639392Z,static,full,edge-files,200,3.836454
2026-09-17T03:32:36.912173657Z,static,full,edge-files,200,3.720875
2026-09-17T03:32:36.970815397Z,static,full,edge-files,200,3.13572
2026-09-17T03:32:37.031266852Z,static,full,edge-files,200,2.964793
2026-09-17T03:32:37.091356888Z,static,full,edge-files,200,3.437264
2026-09-17T03:32:37.151679557Z,static,full,edge-files,200,3.791931
2026-09-17T03:32:37.214306202Z,static,full,edge-files,200,5.916082
2026-09-17T03:32:37.270879795Z,static,full,edge-files,200,2.897262
2026-09-17T03:32:37.331529459Z,static,full,edge-files,200,3.566034
2026-09-17T03:32:37.392086199Z,static,full,edge-files,200,3.799681
2026-09-17T03:32:37.452439927Z,static,full,edge-files,200,4.405807
2026-09-17T03:32:37.512423739Z,static,full,edge-files,200,4.366784
2026-09-17T03:32:37.572382911Z,static,full,edge-files,200,4.074422
2026-09-17T03:32:37.631969414Z,static,full,edge-files,200,3.79724
2026-09-17T03:32:37.693004458Z,static,full,edge-files,200,4.232669
2026-09-17T03:32:37.75246708Z,static,full,edge-files,200,3.698323
2026-09-17T03:32:37.81188029Z,static,full,edge-files,200,3.678915
2026-09-17T03:32:37.872506901Z,static,full,edge-files,200,3.702753
2026-09-17T03:32:37.931319575Z,static,full,edge-files,200,3.050413
2026-09-17T03:32:37.993349325Z,static,full,edge-files,200,5.258003
2026-09-17T03:32:38.051847003Z,static,full,edge-files,200,3.223557
2026-09-17T03:32:38.124685246Z,static,full,edge-files,200,14.966276
2026-09-17T03:32:38.171029309Z,static,full,edge-files,200,2.779862
2026-09-17T03:32:38.232280689Z,static,full,edge-files,200,4.404317
2026-09-17T03:32:38.292581857Z,static,full,edge-files,200,4.616343
2026-09-17T03:32:38.351553742Z,static,full,edge-files,200,3.317614
2026-09-17T03:32:38.412621623Z,static,full,edge-files,200,3.936831
2026-09-17T03:32:38.471014768Z,static,full,edge-files,200,2.843787
2026-09-17T03:32:38.531158144Z,static,full,edge-files,200,3.312974
2026-09-17T03:32:38.591523416Z,static,full,edge-files,200,3.806643
2026-09-17T03:32:38.651436094Z,static,full,edge-files,200,3.178264
2026-09-17T03:32:38.711776964Z,static,full,edge-files,200,3.620203
2026-09-17T03:32:38.77273512Z,static,full,edge-files,200,4.309111
2026-09-17T03:32:38.831606759Z,static,full,edge-files,200,3.312154
2026-09-17T03:32:38.892379837Z,static,full,edge-files,200,3.919826
2026-09-17T03:32:38.951492198Z,static,full,edge-files,200,3.40796
2026-09-17T03:32:39.01238044Z,static,full,edge-files,200,4.084573
2026-09-17T03:32:39.071075763Z,static,full,edge-files,200,2.942545
2026-09-17T03:32:39.131355902Z,static,full,edge-files,200,2.654276
2026-09-17T03:32:39.191352187Z,static,full,edge-files,200,3.28758
2026-09-17T03:32:39.251943685Z,static,full,edge-files,200,3.381197
2026-09-17T03:32:39.31246328Z,static,full,edge-files,200,3.877896
2026-09-17T03:32:39.372589643Z,static,full,edge-files,200,4.395925
2026-09-17T03:32:39.43200927Z,static,full,edge-files,200,3.548947
2026-09-17T03:32:39.492004967Z,static,full,edge-files,200,4.305667
2026-09-17T03:32:39.55266861Z,static,full,edge-files,200,4.0064
2026-09-17T03:32:39.611984454Z,static,full,edge-files,200,3.49252
2026-09-17T03:32:39.671845217Z,static,full,edge-files,200,3.110776
2026-09-17T03:32:39.731310898Z,static,full,edge-files,200,3.39478
2026-09-17T03:32:39.791516671Z,static,full,edge-files,200,3.659648
2026-09-17T03:32:39.851643915Z,static,full,edge-files,200,3.261299
2026-09-17T03:32:39.912598592Z,static,full,edge-files,200,4.223732
2026-09-17T03:32:39.972521881Z,static,full,edge-files,200,3.437831
2026-09-17T03:32:40.032123339Z,static,full,edge-files,200,3.780693
2026-09-17T03:32:40.09215Z,static,full,edge-files,200,3.410269
2026-09-17T03:32:40.152046507Z,static,full,edge-files,200,4.169822
2026-09-17T03:32:40.212082624Z,static,full,edge-files,200,3.392078
2026-09-17T03:32:40.272490359Z,static,full,edge-files,200,3.736734
2026-09-17T03:32:40.33165751Z,static,full,edge-files,200,3.452112
2026-09-17T03:32:40.391835034Z,static,full,edge-files,200,3.417325
2026-09-17T03:32:40.451584594Z,static,full,edge-files,200,3.126799
2026-09-17T03:32:40.512630658Z,static,full,edge-files,200,4.043257
2026-09-17T03:32:40.57166395Z,static,full,edge-files,200,3.329034
2026-09-17T03:32:40.632022132Z,static,full,edge-files,200,3.463463
2026-09-17T03:32:40.692785553Z,static,full,edge-files,200,3.970262
2026-09-17T03:32:40.752255623Z,static,full,edge-files,200,3.694917
2026-09-17T03:32:40.811844971Z,static,full,edge-files,200,3.478889
2026-09-17T03:32:40.871316766Z,static,full,edge-files,200,2.889239
2026-09-17T03:32:40.932178675Z,static,full,edge-files,200,3.648443
2026-09-17T03:32:40.992290809Z,static,full,edge-files,200,4.519535
2026-09-17T03:32:41.05172256Z,static,full,edge-files,200,3.79629
2026-09-17T03:32:41.112897764Z,static,full,edge-files,200,4.32412
2026-09-17T03:32:41.171496472Z,static,full,edge-files,200,2.952806
2026-09-17T03:32:41.230876189Z,static,full,edge-files,200,2.811034
2026-09-17T03:32:41.292304862Z,static,full,edge-files,200,3.650748
2026-09-17T03:32:41.350785142Z,static,full,edge-files,200,2.992489
2026-09-17T03:32:41.413928758Z,static,full,edge-files,200,5.391429
2026-09-17T03:32:41.470999043Z,static,full,edge-files,200,3.119714
2026-09-17T03:32:41.531573796Z,static,full,edge-files,200,3.782449
2026-09-17T03:32:41.591689009Z,static,full,edge-files,200,3.262048
2026-09-17T03:32:41.651491459Z,static,full,edge-files,200,3.15937
2026-09-17T03:32:41.711781535Z,static,full,edge-files,200,3.56178
2026-09-17T03:32:41.772564054Z,static,full,edge-files,200,3.942795
2026-09-17T03:32:41.83171717Z,static,full,edge-files,200,3.380863
2026-09-17T03:32:41.896379379Z,static,full,edge-files,200,7.854648
2026-09-17T03:32:41.960756626Z,static,full,edge-files,200,12.340359
2026-09-17T03:32:42.014289039Z,static,full,edge-files,200,5.863337
2026-09-17T03:32:42.071041016Z,static,full,edge-files,200,3.127367
2026-09-17T03:32:42.131128986Z,static,full,edge-files,200,3.056992
2026-09-17T03:32:42.192739963Z,static,full,edge-files,200,4.569126
2026-09-17T03:32:42.251598362Z,static,full,edge-files,200,3.330233
2026-09-17T03:32:42.311528055Z,static,full,edge-files,200,3.079699
2026-09-17T03:32:42.371162977Z,static,full,edge-files,200,2.950205
2026-09-17T03:32:42.431639315Z,static,full,edge-files,200,3.505518
2026-09-17T03:32:42.491781483Z,static,full,edge-files,200,3.222834
2026-09-17T03:32:42.551893376Z,static,full,edge-files,200,3.442397
2026-09-17T03:32:42.612197074Z,static,full,edge-files,200,3.514297
2026-09-17T03:32:42.670708416Z,static,full,edge-files,200,2.956146
2026-09-17T03:32:42.731433715Z,static,full,edge-files,200,2.986597
2026-09-17T03:32:42.791530958Z,static,full,edge-files,200,3.372642
2026-09-17T03:32:42.851576902Z,static,full,edge-files,200,3.401113
2026-09-17T03:32:42.911857212Z,static,full,edge-files,200,4.138464
2026-09-17T03:32:42.971679244Z,static,full,edge-files,200,3.138638
2026-09-17T03:32:43.031616942Z,static,full,edge-files,200,3.002189
2026-09-17T03:32:43.091289943Z,static,full,edge-files,200,2.947274
2026-09-17T03:32:43.151186569Z,static,full,edge-files,200,3.042631
2026-09-17T03:32:43.211171023Z,static,full,edge-files,200,3.241627
2026-09-17T03:32:43.271129453Z,static,full,edge-files,200,3.451382
2026-09-17T03:32:43.332825618Z,static,full,edge-files,200,5.039183
2026-09-17T03:32:43.392037292Z,static,full,edge-files,200,3.615029
2026-09-17T03:32:43.451289191Z,static,full,edge-files,200,3.520423
2026-09-17T03:32:43.511390684Z,static,full,edge-files,200,3.316813
2026-09-17T03:32:43.572614002Z,static,full,edge-files,200,3.93716
2026-09-17T03:32:43.633156417Z,static,full,edge-files,200,4.967729
2026-09-17T03:32:43.692491601Z,static,full,edge-files,200,4.74099
2026-09-17T03:32:43.751790482Z,static,full,edge-files,200,3.650187
2026-09-17T03:32:43.812887716Z,static,full,edge-files,200,4.320212
2026-09-17T03:32:43.8718188Z,static,full,edge-files,200,3.310206
2026-09-17T03:32:43.932074099Z,static,full,edge-files,200,3.408673
2026-09-17T03:32:43.992904276Z,static,full,edge-files,200,4.176253
2026-09-17T03:32:44.051552768Z,static,full,edge-files,200,2.986528
2026-09-17T03:32:44.111757213Z,static,full,edge-files,200,3.340059
2026-09-17T03:32:44.171544026Z,static,full,edge-files,200,3.163911
2026-09-17T03:32:44.231783923Z,static,full,edge-files,200,3.508227
2026-09-17T03:32:44.29200019Z,static,full,edge-files,200,3.605624
2026-09-17T03:32:44.35153836Z,static,full,edge-files,200,2.927593
2026-09-17T03:32:44.411955386Z,static,full,edge-files,200,3.863674
2026-09-17T03:32:44.472052918Z,static,full,edge-files,200,3.386248
2026-09-17T03:32:44.532049437Z,static,full,edge-files,200,4.245778
2026-09-17T03:32:44.592036236Z,static,full,edge-files,200,3.246326
2026-09-17T03:32:44.651171214Z,static,full,edge-files,200,2.486569
2026-09-17T03:32:44.711047239Z,static,full,edge-files,200,3.332392
2026-09-17T03:32:44.773051087Z,static,full,edge-files,200,4.186798
2026-09-17T03:32:44.832499779Z,static,full,edge-files,200,3.718353
2026-09-17T03:32:44.893468227Z,static,full,edge-files,200,4.971248
2026-09-17T03:32:44.951803225Z,static,full,edge-files,200,3.703136
2026-09-17T03:32:45.011476476Z,static,full,edge-files,200,3.132377
2026-09-17T03:32:45.071698658Z,static,full,edge-files,200,3.153934
2026-09-17T03:32:45.131715873Z,static,full,edge-files,200,3.319433
2026-09-17T03:32:45.192699902Z,static,full,edge-files,200,4.178778
2026-09-17T03:32:45.251215333Z,static,full,edge-files,200,2.993862
2026-09-17T03:32:45.311477358Z,static,full,edge-files,200,3.469645
2026-09-17T03:32:45.372178476Z,static,full,edge-files,200,3.974831
2026-09-17T03:32:45.431722244Z,static,full,edge-files,200,3.774326
2026-09-17T03:32:45.493157367Z,static,full,edge-files,200,4.654824
2026-09-17T03:32:45.551054191Z,static,full,edge-files,200,3.261597
2026-09-17T03:32:45.613170753Z,static,full,edge-files,200,3.952112
2026-09-17T03:32:45.672048652Z,static,full,edge-files,200,3.626155
2026-09-17T03:32:45.732262337Z,static,full,edge-files,200,3.441982
2026-09-17T03:32:45.79198262Z,static,full,edge-files,200,3.68365
2026-09-17T03:32:45.85167259Z,static,full,edge-files,200,3.014768
2026-09-17T03:32:45.911682034Z,static,full,edge-files,200,3.053303
2026-09-17T03:32:45.972134384Z,static,full,edge-files,200,3.489476
2026-09-17T03:32:46.030824979Z,static,full,edge-files,200,2.841817
2026-09-17T03:32:46.092312806Z,static,full,edge-files,200,3.703922
2026-09-17T03:32:46.150973838Z,static,full,edge-files,200,2.805864
2026-09-17T03:32:46.211286666Z,static,full,edge-files,200,3.481026
2026-09-17T03:32:46.272152805Z,static,full,edge-files,200,3.860809
2026-09-17T03:32:46.331690836Z,static,full,edge-files,200,3.882159
2026-09-17T03:32:46.392292376Z,static,full,edge-files,200,3.899046
2026-09-17T03:32:46.450713602Z,static,full,edge-files,200,2.701992
2026-09-17T03:32:46.512385773Z,static,full,edge-files,200,3.578123
2026-09-17T03:32:46.57142618Z,static,full,edge-files,200,3.268054
2026-09-17T03:32:46.631728416Z,static,full,edge-files,200,3.280231
2026-09-17T03:32:46.69153215Z,static,full,edge-files,200,3.071484
2026-09-17T03:32:46.751263343Z,static,full,edge-files,200,2.779642
2026-09-17T03:32:46.811297171Z,static,full,edge-files,200,3.034662
2026-09-17T03:32:46.872062315Z,static,full,edge-files,200,3.923418
2026-09-17T03:32:46.931579232Z,static,full,edge-files,200,3.633638
2026-09-17T03:32:46.991643181Z,static,full,edge-files,200,3.27964
2026-09-17T03:32:47.051428318Z,static,full,edge-files,200,3.109086
2026-09-17T03:32:47.11138947Z,static,full,edge-files,200,3.224539
2026-09-17T03:32:47.172226439Z,static,full,edge-files,200,3.989454
2026-09-17T03:32:47.23111316Z,static,full,edge-files,200,3.109726
2026-09-17T03:32:47.291760255Z,static,full,edge-files,200,2.999697
2026-09-17T03:32:47.351228607Z,static,full,edge-files,200,2.879479
2026-09-17T03:32:47.411204555Z,static,full,edge-files,200,3.412107
2026-09-17T03:32:47.471390473Z,static,full,edge-files,200,3.593346
2026-09-17T03:32:47.531631896Z,static,full,edge-files,200,3.540676
2026-09-17T03:32:47.592199926Z,static,full,edge-files,200,3.800705
2026-09-17T03:32:47.650787644Z,static,full,edge-files,200,3.057732
2026-09-17T03:32:47.711802296Z,static,full,edge-files,200,3.339432
2026-09-17T03:32:47.77198071Z,static,full,edge-files,200,4.191914
2026-09-17T03:32:47.83213326Z,static,full,edge-files,200,3.573608
2026-09-17T03:32:47.890902315Z,static,full,edge-files,200,3.005193
2026-09-17T03:32:47.951439229Z,static,full,edge-files,200,3.024018
2026-09-17T03:32:48.012053012Z,static,full,edge-files,200,3.500088
2026-09-17T03:32:48.073696967Z,static,full,edge-files,200,5.937219
2026-09-17T03:32:48.131846827Z,static,full,edge-files,200,3.393585
2026-09-17T03:32:48.191979967Z,static,full,edge-files,200,3.524156
2026-09-17T03:32:48.251185619Z,static,full,edge-files,200,3.382144
2026-09-17T03:32:48.311458468Z,static,full,edge-files,200,3.519475
2026-09-17T03:32:48.371317178Z,static,full,edge-files,200,3.138437
2026-09-17T03:32:48.430832222Z,static,full,edge-files,200,2.838855
2026-09-17T03:32:48.490360178Z,static,full,edge-files,200,2.687865
2026-09-17T03:32:48.551581926Z,static,full,edge-files,200,3.284708
2026-09-17T03:32:48.61191972Z,static,full,edge-files,200,3.662709
2026-09-17T03:32:48.669814691Z,static,full,edge-files,200,3.581329
2026-09-17T03:32:48.729915137Z,static,full,edge-files,200,3.347232
2026-09-17T03:32:48.790751078Z,static,full,edge-files,200,4.582367
2026-09-17T03:32:48.849230687Z,static,full,edge-files,200,3.155938
2026-09-17T03:32:48.909648036Z,static,full,edge-files,200,3.711138
2026-09-17T03:32:48.969348495Z,static,full,edge-files,200,3.133617
2026-09-17T03:32:49.029678768Z,static,full,edge-files,200,3.686237
2026-09-17T03:32:49.09024944Z,static,full,edge-files,200,3.889066
2026-09-17T03:32:49.149311551Z,static,full,edge-files,200,3.385324
2026-09-17T03:32:49.209024543Z,static,full,edge-files,200,3.066631
2026-09-17T03:32:49.269454261Z,static,full,edge-files,200,3.708568
2026-09-17T03:32:49.329225073Z,static,full,edge-files,200,2.924592
2026-09-17T03:32:49.390019531Z,static,full,edge-files,200,4.022001
2026-09-17T03:32:49.448988658Z,static,full,edge-files,200,3.416917
2026-09-17T03:32:49.509281428Z,static,full,edge-files,200,3.469461
2026-09-17T03:32:49.569031839Z,static,full,edge-files,200,3.161654
2026-09-17T03:32:49.628362864Z,static,full,edge-files,200,2.912946
2026-09-17T03:32:49.689356292Z,static,full,edge-files,200,3.267001
2026-09-17T03:32:49.74921655Z,static,full,edge-files,200,3.121366
2026-09-17T03:32:49.809675404Z,static,full,edge-files,200,3.574558
2026-09-17T03:32:49.869778879Z,static,full,edge-files,200,3.408826
2026-09-17T03:32:49.933801861Z,static,full,edge-files,200,7.288287
2026-09-17T03:32:49.990191689Z,static,full,edge-files,200,4.685954
2026-09-17T03:32:50.04938055Z,static,full,edge-files,200,3.542346
2026-09-17T03:32:50.109711365Z,static,full,edge-files,200,3.613976
2026-09-17T03:32:50.169961511Z,static,full,edge-files,200,3.480547
2026-09-17T03:32:50.229658242Z,static,full,edge-files,200,4.018901
2026-09-17T03:32:50.290608968Z,static,full,edge-files,200,4.178252
2026-09-17T03:32:50.350205089Z,static,full,edge-files,200,3.954946
2026-09-17T03:32:50.409933787Z,static,full,edge-files,200,4.090915
2026-09-17T03:32:50.468733595Z,static,full,edge-files,200,3.208917
2026-09-17T03:32:50.52843194Z,static,full,edge-files,200,2.798432
2026-09-17T03:32:50.589314371Z,static,full,edge-files,200,3.194411
2026-09-17T03:32:50.64957119Z,static,full,edge-files,200,3.413912
2026-09-17T03:32:50.708731618Z,static,full,edge-files,200,3.256265
2026-09-17T03:32:50.770601704Z,static,full,edge-files,200,4.232717
2026-09-17T03:32:50.829310979Z,static,full,edge-files,200,3.169935
2026-09-17T03:32:50.889346252Z,static,full,edge-files,200,3.354103
2026-09-17T03:32:50.949579409Z,static,full,edge-files,200,3.443604
2026-09-17T03:32:51.009651323Z,static,full,edge-files,200,3.573324
2026-09-17T03:32:51.070259526Z,static,full,edge-files,200,3.79613
2026-09-17T03:32:51.128977064Z,static,full,edge-files,200,3.084183
2026-09-17T03:32:51.189224452Z,static,full,edge-files,200,3.51015
2026-09-17T03:32:51.249337519Z,static,full,edge-files,200,3.46049
2026-09-17T03:32:51.310777336Z,static,full,edge-files,200,4.463328
2026-09-17T03:32:51.369829004Z,static,full,edge-files,200,3.347352
2026-09-17T03:32:51.44007634Z,static,full,edge-files,200,13.566008
2026-09-17T03:32:51.499842377Z,static,full,edge-files,200,13.925422
2026-09-17T03:32:51.549769387Z,static,full,edge-files,200,3.206611
2026-09-17T03:32:51.610602999Z,static,full,edge-files,200,4.158172
2026-09-17T03:32:51.669555871Z,static,full,edge-files,200,3.405716
2026-09-17T03:32:51.7294907Z,static,full,edge-files,200,3.274662
2026-09-17T03:32:51.789192595Z,static,full,edge-files,200,3.1018
2026-09-17T03:32:51.851168416Z,static,full,edge-files,200,5.127041
2026-09-17T03:32:51.909783442Z,static,full,edge-files,200,3.982733
2026-09-17T03:32:51.970945434Z,static,full,edge-files,200,4.164576
2026-09-17T03:32:52.029946878Z,static,full,edge-files,200,3.392641
2026-09-17T03:32:52.088717308Z,static,full,edge-files,200,3.18423
2026-09-17T03:32:52.150194833Z,static,full,edge-files,200,3.795344
2026-09-17T03:32:52.209182051Z,static,full,edge-files,200,3.060631
2026-09-17T03:32:52.268918621Z,static,full,edge-files,200,2.90429
2026-09-17T03:32:52.330529484Z,static,full,edge-files,200,3.848954
2026-09-17T03:32:52.38932919Z,static,full,edge-files,200,3.146208
2026-09-17T03:32:52.449399284Z,static,full,edge-files,200,3.329941
2026-09-17T03:32:52.509831105Z,static,full,edge-files,200,3.626632
2026-09-17T03:32:52.568896377Z,static,full,edge-files,200,3.161953
2026-09-17T03:32:52.631530638Z,static,full,edge-files,200,5.80219
2026-09-17T03:32:52.690303198Z,static,full,edge-files,200,4.098546
2026-09-17T03:32:52.749265683Z,static,full,edge-files,200,3.312886
2026-09-17T03:32:52.809077759Z,static,full,edge-files,200,3.136732
2026-09-17T03:32:52.869042895Z,static,full,edge-files,200,3.208002
2026-09-17T03:32:52.928635696Z,static,full,edge-files,200,2.855667
2026-09-17T03:32:52.990295745Z,static,full,edge-files,200,3.855329
2026-09-17T03:32:53.0494128Z,static,full,edge-files,200,3.463446
2026-09-17T03:32:53.109578603Z,static,full,edge-files,200,3.449079
2026-09-17T03:32:53.169646358Z,static,full,edge-files,200,3.412738
2026-09-17T03:32:53.228672707Z,static,full,edge-files,200,3.174329
2026-09-17T03:32:53.290268372Z,static,full,edge-files,200,3.927805
2026-09-17T03:32:53.349622955Z,static,full,edge-files,200,3.71982
2026-09-17T03:32:53.409677857Z,static,full,edge-files,200,3.579583
2026-09-17T03:32:53.469519927Z,static,full,edge-files,200,3.214132
2026-09-17T03:32:53.529915404Z,static,full,edge-files,200,3.485487
2026-09-17T03:32:53.590494816Z,static,full,edge-files,200,4.422811
2026-09-17T03:32:53.649833346Z,static,full,edge-files,200,3.723879
2026-09-17T03:32:53.712170656Z,static,full,edge-files,200,5.617948
2026-09-17T03:32:53.769273955Z,static,full,edge-files,200,3.146453
2026-09-17T03:32:53.829307277Z,static,full,edge-files,200,3.31437
2026-09-17T03:32:53.889738308Z,static,full,edge-files,200,3.839368
2026-09-17T03:32:53.950652502Z,static,full,edge-files,200,4.245737
2026-09-17T03:32:54.009837669Z,static,full,edge-files,200,3.425083
2026-09-17T03:32:54.070416064Z,static,full,edge-files,200,3.907783
2026-09-17T03:32:54.128955538Z,static,full,edge-files,200,2.877018
2026-09-17T03:32:54.189318815Z,static,full,edge-files,200,3.659494
2026-09-17T03:32:54.249293694Z,static,full,edge-files,200,3.368538
2026-09-17T03:32:54.309216938Z,static,full,edge-files,200,2.992736
2026-09-17T03:32:54.369799579Z,static,full,edge-files,200,3.831137
2026-09-17T03:32:54.42939516Z,static,full,edge-files,200,2.933963
2026-09-17T03:32:54.490225399Z,static,full,edge-files,200,3.81075
2026-09-17T03:32:54.548780963Z,static,full,edge-files,200,3.035759
2026-09-17T03:32:54.609553179Z,static,full,edge-files,200,3.010022
2026-09-17T03:32:54.669513639Z,static,full,edge-files,200,3.236098
2026-09-17T03:32:54.729200058Z,static,full,edge-files,200,2.870232
2026-09-17T03:32:54.789879251Z,static,full,edge-files,200,3.888962
2026-09-17T03:32:54.849254764Z,static,full,edge-files,200,3.732656
2026-09-17T03:32:54.909998705Z,static,full,edge-files,200,4.019
2026-09-17T03:32:54.96972752Z,static,full,edge-files,200,3.913888
2026-09-17T03:32:55.029875342Z,static,full,edge-files,200,3.614902
2026-09-17T03:32:55.089502136Z,static,full,edge-files,200,3.753031
2026-09-17T03:32:55.150138235Z,static,full,edge-files,200,3.999524
2026-09-17T03:32:55.208867671Z,static,full,edge-files,200,2.941711
2026-09-17T03:32:55.268530682Z,static,full,edge-files,200,2.927779
2026-09-17T03:32:55.329253546Z,static,full,edge-files,200,3.095283
2026-09-17T03:32:55.389827116Z,static,full,edge-files,200,3.860882
2026-09-17T03:32:55.450225203Z,static,full,edge-files,200,4.712848
2026-09-17T03:32:55.509522056Z,static,full,edge-files,200,3.605473
2026-09-17T03:32:55.569669668Z,static,full,edge-files,200,3.452805
2026-09-17T03:32:55.629522267Z,static,full,edge-files,200,3.143206
2026-09-17T03:32:55.689873872Z,static,full,edge-files,200,3.654471
2026-09-17T03:32:55.749133776Z,static,full,edge-files,200,3.668441
2026-09-17T03:32:55.809621789Z,static,full,edge-files,200,3.747807
2026-09-17T03:32:55.870426435Z,static,full,edge-files,200,3.924007
2026-09-17T03:32:55.929598167Z,static,full,edge-files,200,3.31604
2026-09-17T03:32:55.989896486Z,static,full,edge-files,200,3.684878
2026-09-17T03:32:56.049597467Z,static,full,edge-files,200,3.61503
2026-09-17T03:32:56.109719756Z,static,full,edge-files,200,3.482352
2026-09-17T03:32:56.170599852Z,static,full,edge-files,200,4.125773
2026-09-17T03:32:56.229230371Z,static,full,edge-files,200,2.985504
2026-09-17T03:32:56.289692403Z,static,full,edge-files,200,3.44667
2026-09-17T03:32:56.350614587Z,static,full,edge-files,200,3.847451
2026-09-17T03:32:56.409505721Z,static,full,edge-files,200,3.161457
2026-09-17T03:32:56.469806041Z,static,full,edge-files,200,3.678938
2026-09-17T03:32:56.528658283Z,static,full,edge-files,200,3.182045
2026-09-17T03:32:56.589675504Z,static,full,edge-files,200,3.290538
2026-09-17T03:32:56.649455308Z,static,full,edge-files,200,3.100378
2026-09-17T03:32:56.71049691Z,static,full,edge-files,200,4.219971
2026-09-17T03:32:56.769995958Z,static,full,edge-files,200,3.361604
2026-09-17T03:32:56.829301859Z,static,full,edge-files,200,3.095662
2026-09-17T03:32:56.889456918Z,static,full,edge-files,200,3.276677
2026-09-17T03:32:56.949481407Z,static,full,edge-files,200,3.260277
2026-09-17T03:32:57.009579325Z,static,full,edge-files,200,3.494928
2026-09-17T03:32:57.070079661Z,static,full,edge-files,200,3.711152
2026-09-17T03:32:57.129177172Z,static,full,edge-files,200,3.104354
2026-09-17T03:32:57.193187261Z,static,full,edge-files,200,5.1282
2026-09-17T03:32:57.250043422Z,static,full,edge-files,200,3.410363
2026-09-17T03:32:57.30956204Z,static,full,edge-files,200,3.700029
2026-09-17T03:32:57.370147822Z,static,full,edge-files,200,3.980145
2026-09-17T03:32:57.428850047Z,static,full,edge-files,200,3.127525
2026-09-17T03:32:57.488826202Z,static,full,edge-files,200,3.109623
2026-09-17T03:32:57.549754329Z,static,full,edge-files,200,3.265731
2026-09-17T03:32:57.609681732Z,static,full,edge-files,200,3.288418
2026-09-17T03:32:57.669243915Z,static,full,edge-files,200,2.835042
2026-09-17T03:32:57.729770781Z,static,full,edge-files,200,3.621403
2026-09-17T03:32:57.79057273Z,static,full,edge-files,200,3.947055
2026-09-17T03:32:57.850720483Z,static,full,edge-files,200,4.385593
2026-09-17T03:32:57.910182522Z,static,full,edge-files,200,3.697279
2026-09-17T03:32:57.969092894Z,static,full,edge-files,200,3.219632
2026-09-17T03:32:58.029087827Z,static,full,edge-files,200,3.181755
2026-09-17T03:32:58.090305412Z,static,full,edge-files,200,4.121192
2026-09-17T03:32:58.149313011Z,static,full,edge-files,200,3.57425
2026-09-17T03:32:58.208879744Z,static,full,edge-files,200,2.952001
2026-09-17T03:32:58.269753718Z,static,full,edge-files,200,3.271025
2026-09-17T03:32:58.329897545Z,static,full,edge-files,200,3.44999
2026-09-17T03:32:58.391386538Z,static,full,edge-files,200,4.949047
2026-09-17T03:32:58.449171681Z,static,full,edge-files,200,3.071861
2026-09-17T03:32:58.508745715Z,static,full,edge-files,200,2.846304
2026-09-17T03:32:58.57358738Z,static,full,edge-files,200,6.227882
2026-09-17T03:32:58.628762538Z,static,full,edge-files,200,3.015126
2026-09-17T03:32:58.689675127Z,static,full,edge-files,200,3.82405
2026-09-17T03:32:58.749057314Z,static,full,edge-files,200,2.722052
2026-09-17T03:32:58.809215242Z,static,full,edge-files,200,3.219922
2026-09-17T03:32:58.873582191Z,static,full,edge-files,200,7.540391
2026-09-17T03:32:58.92978868Z,static,full,edge-files,200,3.612602
2026-09-17T03:32:58.989499193Z,static,full,edge-files,200,3.96774
2026-09-17T03:32:59.049097799Z,static,full,edge-files,200,2.869981
2026-09-17T03:32:59.108492288Z,static,full,edge-files,200,2.696851
2026-09-17T03:32:59.169267015Z,static,full,edge-files,200,3.132795
2026-09-17T03:32:59.229774682Z,static,full,edge-files,200,3.795897
2026-09-17T03:32:59.289240996Z,static,full,edge-files,200,3.690318
2026-09-17T03:32:59.349391724Z,static,full,edge-files,200,3.364503
2026-09-17T03:32:59.408878811Z,static,full,edge-files,200,2.784058
2026-09-17T03:32:59.470080181Z,static,full,edge-files,200,3.546901
2026-09-17T03:32:59.529132853Z,static,full,edge-files,200,3.360753
2026-09-17T03:32:59.589468641Z,static,full,edge-files,200,3.734393
2026-09-17T03:32:59.650242803Z,static,full,edge-files,200,3.680898
2026-09-17T03:32:59.709171485Z,static,full,edge-files,200,3.027006
2026-09-17T03:32:59.769661621Z,static,full,edge-files,200,3.786717
2026-09-17T03:32:59.831519716Z,static,full,edge-files,200,5.043144
2026-09-17T03:32:59.903610709Z,static,full,edge-files,200,17.568715
2026-09-17T03:32:59.951747242Z,static,full,edge-files,200,5.507687
2026-09-17T03:33:00.009251823Z,static,full,edge-files,200,3.050498
2026-09-17T03:33:00.068998049Z,static,full,edge-files,200,3.143886
2026-09-17T03:33:00.129213883Z,static,full,edge-files,200,3.56492
2026-09-17T03:33:00.189656463Z,static,full,edge-files,200,3.760253
2026-09-17T03:33:00.250170725Z,static,full,edge-files,200,3.834986
2026-09-17T03:33:00.309123314Z,static,full,edge-files,200,3.014082
2026-09-17T03:33:00.369721846Z,static,full,edge-files,200,3.726131
2026-09-17T03:33:00.430041818Z,static,full,edge-files,200,3.595112
2026-09-17T03:33:00.489845819Z,static,full,edge-files,200,4.047793
2026-09-17T03:33:00.548431726Z,static,full,edge-files,200,2.877375
2026-09-17T03:33:00.611242591Z,static,full,edge-files,200,4.942738
2026-09-17T03:33:00.669843424Z,static,full,edge-files,200,3.752619
2026-09-17T03:33:00.728375384Z,static,full,edge-files,200,2.88008
2026-09-17T03:33:00.789742633Z,static,full,edge-files,200,3.716201
2026-09-17T03:33:00.849355209Z,static,full,edge-files,200,3.864082
2026-09-17T03:33:00.909255617Z,static,full,edge-files,200,3.088811
2026-09-17T03:33:00.969754516Z,static,full,edge-files,200,3.70887
2026-09-17T03:33:01.029552504Z,static,full,edge-files,200,3.914746
2026-09-17T03:33:01.090065407Z,static,full,edge-files,200,3.433224
2026-09-17T03:33:01.149761022Z,static,full,edge-files,200,3.288267
2026-09-17T03:33:01.210074693Z,static,full,edge-files,200,3.64154
2026-09-17T03:33:01.270531945Z,static,full,edge-files,200,4.60861
2026-09-17T03:33:01.329589867Z,static,full,edge-files,200,3.32135
2026-09-17T03:33:01.390100016Z,static,full,edge-files,200,3.744052
2026-09-17T03:33:01.448991225Z,static,full,edge-files,200,3.155611
2026-09-17T03:33:01.50911533Z,static,full,edge-files,200,3.218482
2026-09-17T03:33:01.570393238Z,static,full,edge-files,200,4.531674
2026-09-17T03:33:01.62957982Z,static,full,edge-files,200,3.535847
2026-09-17T03:33:01.689560345Z,static,full,edge-files,200,3.119134
2026-09-17T03:33:01.75055749Z,static,full,edge-files,200,4.21062
2026-09-17T03:33:01.809215234Z,static,full,edge-files,200,2.979158
2026-09-17T03:33:01.870072575Z,static,full,edge-files,200,3.933123
2026-09-17T03:33:01.929225574Z,static,full,edge-files,200,3.357252
2026-09-17T03:33:01.989436816Z,static,full,edge-files,200,3.503094
2026-09-17T03:33:02.049719527Z,static,full,edge-files,200,3.686129
2026-09-17T03:33:02.109414788Z,static,full,edge-files,200,3.000515
2026-09-17T03:33:02.169798329Z,static,full,edge-files,200,3.530891
2026-09-17T03:33:02.229687663Z,static,full,edge-files,200,3.283258
2026-09-17T03:33:02.290223281Z,static,full,edge-files,200,3.907795
2026-09-17T03:33:02.349763476Z,static,full,edge-files,200,3.88145
2026-09-17T03:33:02.411353364Z,static,full,edge-files,200,4.685107
2026-09-17T03:33:02.469650881Z,static,full,edge-files,200,3.612217
2026-09-17T03:33:02.529812155Z,static,full,edge-files,200,3.331531
2026-09-17T03:33:02.588857338Z,static,full,edge-files,200,3.355243
2026-09-17T03:33:02.650643053Z,static,full,edge-files,200,4.828058
2026-09-17T03:33:02.709375Z,static,full,edge-files,200,3.263935
2026-09-17T03:33:02.769060883Z,static,full,edge-files,200,2.999576
2026-09-17T03:33:02.830088919Z,static,full,edge-files,200,4.174847
2026-09-17T03:33:02.889197635Z,static,full,edge-files,200,3.412037
2026-09-17T03:33:02.949537259Z,static,full,edge-files,200,3.558755
2026-09-17T03:33:03.009217279Z,static,full,edge-files,200,3.106523
2026-09-17T03:33:03.070048381Z,static,full,edge-files,200,3.908186
2026-09-17T03:33:03.128872418Z,static,full,edge-files,200,3.081334
2026-09-17T03:33:03.189275862Z,static,full,edge-files,200,3.495453
2026-09-17T03:33:03.249054685Z,static,full,edge-files,200,3.025563
2026-09-17T03:33:03.309052957Z,static,full,edge-files,200,3.387063
2026-09-17T03:33:03.3696892Z,static,full,edge-files,200,3.617343
2026-09-17T03:33:03.428816939Z,static,full,edge-files,200,3.281455
2026-09-17T03:33:03.488876262Z,static,full,edge-files,200,3.312573
2026-09-17T03:33:03.549392749Z,static,full,edge-files,200,3.830361
2026-09-17T03:33:03.609827157Z,static,full,edge-files,200,3.700579
2026-09-17T03:33:03.669777755Z,static,full,edge-files,200,3.304236
2026-09-17T03:33:03.729724612Z,static,full,edge-files,200,3.234872
2026-09-17T03:33:03.790316691Z,static,full,edge-files,200,3.872128
2026-09-17T03:33:03.849594543Z,static,full,edge-files,200,3.425896
2026-09-17T03:33:03.909593591Z,static,full,edge-files,200,3.338796
2026-09-17T03:33:03.969894546Z,static,full,edge-files,200,3.684384
2026-09-17T03:33:04.028436025Z,static,full,edge-files,200,2.86932
2026-09-17T03:33:04.08912322Z,static,full,edge-files,200,2.863344
2026-09-17T03:33:04.149930637Z,static,full,edge-files,200,3.726413
2026-09-17T03:33:04.208711935Z,static,full,edge-files,200,3.120546
2026-09-17T03:33:04.269916435Z,static,full,edge-files,200,3.533473
2026-09-17T03:33:04.328538655Z,static,full,edge-files,200,3.021433
2026-09-17T03:33:04.389905Z,static,full,edge-files,200,3.536565
2026-09-17T03:33:04.449251124Z,static,full,edge-files,200,3.323544
2026-09-17T03:33:04.509510282Z,static,full,edge-files,200,3.527436
2026-09-17T03:33:04.570376744Z,static,full,edge-files,200,4.115948
2026-09-17T03:33:04.629668798Z,static,full,edge-files,200,3.639394
2026-09-17T03:33:04.690009822Z,static,full,edge-files,200,3.616827
2026-09-17T03:33:04.749579317Z,static,full,edge-files,200,3.678833
2026-09-17T03:33:04.80953675Z,static,full,edge-files,200,3.366201
2026-09-17T03:33:04.870427636Z,static,full,edge-files,200,4.231883
2026-09-17T03:33:04.929732078Z,static,full,edge-files,200,3.527555
2026-09-17T03:33:04.988535588Z,static,full,edge-files,200,2.99097
2026-09-17T03:33:05.049431935Z,static,full,edge-files,200,3.250242
2026-09-17T03:33:05.109591066Z,static,full,edge-files,200,3.297986
2026-09-17T03:33:05.169911517Z,static,full,edge-files,200,3.693899
2026-09-17T03:33:05.228860611Z,static,full,edge-files,200,3.291915
2026-09-17T03:33:05.288521895Z,static,full,edge-files,200,2.824448
2026-09-17T03:33:05.350462857Z,static,full,edge-files,200,4.274397
2026-09-17T03:33:05.409394649Z,static,full,edge-files,200,3.230671
2026-09-17T03:33:05.4703453Z,static,full,edge-files,200,4.134337
2026-09-17T03:33:05.528915521Z,static,full,edge-files,200,2.808265
2026-09-17T03:33:05.588566103Z,static,full,edge-files,200,3.026843
2026-09-17T03:33:05.650357706Z,static,full,edge-files,200,4.050649
2026-09-17T03:33:05.70932123Z,static,full,edge-files,200,3.340389
2026-09-17T03:33:05.770035137Z,static,full,edge-files,200,3.944511
2026-09-17T03:33:05.828618356Z,static,full,edge-files,200,3.054876
2026-09-17T03:33:05.88961833Z,static,full,edge-files,200,3.308943
2026-09-17T03:33:05.948801361Z,static,full,edge-files,200,2.701606
2026-09-17T03:33:06.010145404Z,static,full,edge-files,200,3.599361
2026-09-17T03:33:06.070572337Z,static,full,edge-files,200,4.655547
2026-09-17T03:33:06.129301705Z,static,full,edge-files,200,3.127751
2026-09-17T03:33:06.188978906Z,static,full,edge-files,200,3.013308
2026-09-17T03:33:06.249183297Z,static,full,edge-files,200,3.190216
2026-09-17T03:33:06.309736645Z,static,full,edge-files,200,3.712906
2026-09-17T03:33:06.370078344Z,static,full,edge-files,200,3.631957
2026-09-17T03:33:06.429729476Z,static,full,edge-files,200,3.81916
2026-09-17T03:33:06.491028032Z,static,full,edge-files,200,4.546456
2026-09-17T03:33:06.54914445Z,static,full,edge-files,200,3.593394
2026-09-17T03:33:06.609651725Z,static,full,edge-files,200,3.762949
2026-09-17T03:33:06.6702023Z,static,full,edge-files,200,3.847787
2026-09-17T03:33:06.730395141Z,static,full,edge-files,200,4.552645
2026-09-17T03:33:06.789245392Z,static,full,edge-files,200,3.240701
2026-09-17T03:33:06.84962912Z,static,full,edge-files,200,3.585036
2026-09-17T03:33:06.90924879Z,static,full,edge-files,200,3.012877
2026-09-17T03:33:06.969571464Z,static,full,edge-files,200,3.551921
2026-09-17T03:33:07.02973203Z,static,full,edge-files,200,3.51115
2026-09-17T03:33:07.090165316Z,static,full,edge-files,200,3.741774
2026-09-17T03:33:07.149419975Z,static,full,edge-files,200,3.485551
2026-09-17T03:33:07.209153054Z,static,full,edge-files,200,3.068396
2026-09-17T03:33:07.269397836Z,static,full,edge-files,200,3.356812
2026-09-17T03:33:07.331528195Z,static,full,edge-files,200,5.218743
2026-09-17T03:33:07.389224188Z,static,full,edge-files,200,3.098654
2026-09-17T03:33:07.449695856Z,static,full,edge-files,200,3.834507
2026-09-17T03:33:07.509562265Z,static,full,edge-files,200,3.083617
2026-09-17T03:33:07.57052577Z,static,full,edge-files,200,4.227824
2026-09-17T03:33:07.629376885Z,static,full,edge-files,200,3.129771
2026-09-17T03:33:07.688609141Z,static,full,edge-files,200,2.575415
2026-09-17T03:33:07.750573377Z,static,full,edge-files,200,4.268087
2026-09-17T03:33:07.809338536Z,static,full,edge-files,200,3.171612
2026-09-17T03:33:07.869426683Z,static,full,edge-files,200,3.46131
2026-09-17T03:33:07.93006611Z,static,full,edge-files,200,3.677608
2026-09-17T03:33:07.989571229Z,static,full,edge-files,200,3.780126
2026-09-17T03:33:08.050453264Z,static,full,edge-files,200,4.18298
2026-09-17T03:33:08.111058485Z,static,full,edge-files,200,4.543859
2026-09-17T03:33:08.169954147Z,static,full,edge-files,200,4.230604
2026-09-17T03:33:08.2284427Z,static,full,edge-files,200,2.632199
2026-09-17T03:33:08.289512181Z,static,full,edge-files,200,3.261303
2026-09-17T03:33:08.349658906Z,static,full,edge-files,200,3.435399
2026-09-17T03:33:08.408417795Z,static,full,edge-files,200,2.880222
2026-09-17T03:33:08.470163641Z,static,full,edge-files,200,3.924442
2026-09-17T03:33:08.528781817Z,static,full,edge-files,200,2.888101
2026-09-17T03:33:08.590179467Z,static,full,edge-files,200,3.703251
2026-09-17T03:33:08.649045314Z,static,full,edge-files,200,3.242481
2026-09-17T03:33:08.709056891Z,static,full,edge-files,200,3.262688
2026-09-17T03:33:08.769415899Z,static,full,edge-files,200,3.645045
2026-09-17T03:33:08.829250065Z,static,full,edge-files,200,3.163995
2026-09-17T03:33:08.889282614Z,static,full,edge-files,200,3.228405
2026-09-17T03:33:08.950124141Z,static,full,edge-files,200,4.12392
2026-09-17T03:33:09.010153825Z,static,full,edge-files,200,4.129356
2026-09-17T03:33:09.070456006Z,static,full,edge-files,200,4.539795
2026-09-17T03:33:09.129424676Z,static,full,edge-files,200,3.315682
2026-09-17T03:33:09.18920307Z,static,full,edge-files,200,3.1041
2026-09-17T03:33:09.24979636Z,static,full,edge-files,200,3.636264
2026-09-17T03:33:09.309001375Z,static,full,edge-files,200,3.547776
2026-09-17T03:33:09.369307893Z,static,full,edge-files,200,3.551377
2026-09-17T03:33:09.429266701Z,static,full,edge-files,200,3.217904
2026-09-17T03:33:09.489678868Z,static,full,edge-files,200,3.466971
2026-09-17T03:33:09.54978293Z,static,full,edge-files,200,3.293077
2026-09-17T03:33:09.608601247Z,static,full,edge-files,200,3.095793
2026-09-17T03:33:09.669329674Z,static,full,edge-files,200,2.9934
2026-09-17T03:33:09.729833994Z,static,full,edge-files,200,3.567384
2026-09-17T03:33:09.78910035Z,static,full,edge-files,200,3.33134
2026-09-17T03:33:09.849299582Z,static,full,edge-files,200,3.483901
2026-09-17T03:33:09.90955072Z,static,full,edge-files,200,3.540006
2026-09-17T03:33:09.969551812Z,static,full,edge-files,200,3.384754
2026-09-17T03:33:10.02952986Z,static,full,edge-files,200,3.413495
2026-09-17T03:33:10.089450157Z,static,full,edge-files,200,3.11606
2026-09-17T03:33:10.14993242Z,static,full,edge-files,200,3.854124
2026-09-17T03:33:10.208590031Z,static,full,edge-files,200,3.051875
2026-09-17T03:33:10.269626757Z,static,full,edge-files,200,3.375577
2026-09-17T03:33:10.33011575Z,static,full,edge-files,200,3.703211
2026-09-17T03:33:10.3891404Z,static,full,edge-files,200,3.060346
2026-09-17T03:33:10.449314732Z,static,full,edge-files,200,3.275179
2026-09-17T03:33:10.509507315Z,static,full,edge-files,200,2.98196
2026-09-17T03:33:10.569706813Z,static,full,edge-files,200,3.580751
2026-09-17T03:33:10.630892952Z,static,full,edge-files,200,4.358504
2026-09-17T03:33:10.689606836Z,static,full,edge-files,200,3.064506
2026-09-17T03:33:10.750020233Z,static,full,edge-files,200,3.853144
2026-09-17T03:33:10.808868728Z,static,full,edge-files,200,3.410556
2026-09-17T03:33:10.869708286Z,static,full,edge-files,200,3.147569
2026-09-17T03:33:10.930628609Z,static,full,edge-files,200,4.324282
2026-09-17T03:33:10.988874234Z,static,full,edge-files,200,3.397555
2026-09-17T03:33:11.049321513Z,static,full,edge-files,200,3.596781
2026-09-17T03:33:11.109301283Z,static,full,edge-files,200,3.146653
2026-09-17T03:33:11.169489381Z,static,full,edge-files,200,3.444041
2026-09-17T03:33:11.229184437Z,static,full,edge-files,200,3.112624
2026-09-17T03:33:11.289929974Z,static,full,edge-files,200,3.798042
2026-09-17T03:33:11.349500399Z,static,full,edge-files,200,3.719503
2026-09-17T03:33:11.409217727Z,static,full,edge-files,200,3.033649
2026-09-17T03:33:11.469440173Z,static,full,edge-files,200,3.486539
2026-09-17T03:33:11.529200045Z,static,full,edge-files,200,2.991096
2026-09-17T03:33:11.588973637Z,static,full,edge-files,200,2.812291
2026-09-17T03:33:11.649410062Z,static,full,edge-files,200,3.44146
2026-09-17T03:33:11.710262658Z,static,full,edge-files,200,4.184
2026-09-17T03:33:11.769347937Z,static,full,edge-files,200,3.394126
2026-09-17T03:33:11.829528122Z,static,full,edge-files,200,3.491924
2026-09-17T03:33:11.889875298Z,static,full,edge-files,200,3.533818
2026-09-17T03:33:11.949816614Z,static,full,edge-files,200,4.195319
2026-09-17T03:33:12.008517389Z,static,full,edge-files,200,3.062271
2026-09-17T03:33:12.069379806Z,static,full,edge-files,200,3.064767
2026-09-17T03:33:12.128942444Z,static,full,edge-files,200,2.805401
2026-09-17T03:33:12.189836243Z,static,full,edge-files,200,4.151957
2026-09-17T03:33:12.248789921Z,static,full,edge-files,200,3.220849
2026-09-17T03:33:12.309375427Z,static,full,edge-files,200,2.938516
2026-09-17T03:33:12.369339094Z,static,full,edge-files,200,3.364616
2026-09-17T03:33:12.429038959Z,static,full,edge-files,200,2.964523
2026-09-17T03:33:12.489170919Z,static,full,edge-files,200,3.299831
2026-09-17T03:33:12.551082779Z,static,full,edge-files,200,5.340845
2026-09-17T03:33:12.608479473Z,static,full,edge-files,200,3.008648
2026-09-17T03:33:12.669788555Z,static,full,edge-files,200,3.756986
2026-09-17T03:33:12.730403939Z,static,full,edge-files,200,3.868902
2026-09-17T03:33:12.789452587Z,static,full,edge-files,200,3.461962
2026-09-17T03:33:12.855998993Z,static,full,edge-files,200,9.816995
2026-09-17T03:33:12.909665021Z,static,full,edge-files,200,4.025617
2026-09-17T03:33:12.969371467Z,static,full,edge-files,200,3.134068
2026-09-17T03:33:13.031240314Z,static,full,edge-files,200,5.126074
2026-09-17T03:33:13.089077233Z,static,full,edge-files,200,3.215184
2026-09-17T03:33:13.149194091Z,static,full,edge-files,200,3.190281
2026-09-17T03:33:13.209093214Z,static,full,edge-files,200,3.014532
2026-09-17T03:33:13.26883417Z,static,full,edge-files,200,2.817041
2026-09-17T03:33:13.329246913Z,static,full,edge-files,200,3.66901
2026-09-17T03:33:13.389640134Z,static,full,edge-files,200,3.29352
2026-09-17T03:33:13.450024049Z,static,full,edge-files,200,3.697877
2026-09-17T03:33:13.508738151Z,static,full,edge-files,200,3.063571
2026-09-17T03:33:13.569068863Z,static,full,edge-files,200,3.152125
2026-09-17T03:33:13.629198256Z,static,full,edge-files,200,3.231844
2026-09-17T03:33:13.689272683Z,static,full,edge-files,200,3.323162
2026-09-17T03:33:13.748950817Z,static,full,edge-files,200,2.78976
2026-09-17T03:33:13.810032492Z,static,full,edge-files,200,4.06684
2026-09-17T03:33:13.869368044Z,static,full,edge-files,200,3.551026
2026-09-17T03:33:13.92925586Z,static,full,edge-files,200,3.124147
2026-09-17T03:33:13.990118857Z,static,full,edge-files,200,3.989864
2026-09-17T03:33:14.049719514Z,static,full,edge-files,200,3.765567
2026-09-17T03:33:14.108558731Z,static,full,edge-files,200,3.068241
2026-09-17T03:33:14.169929847Z,static,full,edge-files,200,3.787698
2026-09-17T03:33:14.228741532Z,static,full,edge-files,200,3.275059
2026-09-17T03:33:14.289711669Z,static,full,edge-files,200,3.226744
2026-09-17T03:33:14.349865421Z,static,full,edge-files,200,3.265012
2026-09-17T03:33:14.409448248Z,static,full,edge-files,200,3.012117
2026-09-17T03:33:14.469584947Z,static,full,edge-files,200,3.203713
2026-09-17T03:33:14.530284572Z,static,full,edge-files,200,3.777437
2026-09-17T03:33:14.589100064Z,static,full,edge-files,200,3.172935
2026-09-17T03:33:14.64892681Z,static,full,edge-files,200,3.18095
2026-09-17T03:33:14.708834191Z,static,full,edge-files,200,3.080722
2026-09-17T03:33:14.769092507Z,static,full,edge-files,200,3.442919
2026-09-17T03:33:14.828660817Z,static,full,edge-files,200,3.123237
2026-09-17T03:33:14.889351372Z,static,full,edge-files,200,3.049711
2026-09-17T03:33:14.949912625Z,static,full,edge-files,200,3.770257
2026-09-17T03:33:15.00908337Z,static,full,edge-files,200,3.403679
2026-09-17T03:33:15.070061335Z,static,full,edge-files,200,4.164484
2026-09-17T03:33:15.130357648Z,static,full,edge-files,200,4.602442
2026-09-17T03:33:15.189937754Z,static,full,edge-files,200,3.729044
2026-09-17T03:33:15.249864678Z,static,full,edge-files,200,3.373266
2026-09-17T03:33:15.309860281Z,static,full,edge-files,200,3.307546
2026-09-17T03:33:15.369795521Z,static,full,edge-files,200,3.255587
2026-09-17T03:33:15.430060201Z,static,full,edge-files,200,3.716483
2026-09-17T03:33:15.489335913Z,static,full,edge-files,200,3.524209
2026-09-17T03:33:15.550138985Z,static,full,edge-files,200,4.031068
2026-09-17T03:33:15.608498756Z,static,full,edge-files,200,2.711724
2026-09-17T03:33:15.66943472Z,static,full,edge-files,200,3.296119
2026-09-17T03:33:15.729854142Z,static,full,edge-files,200,3.628727
2026-09-17T03:33:15.790489481Z,static,full,edge-files,200,3.799059
2026-09-17T03:33:15.849142245Z,static,full,edge-files,200,3.094774
2026-09-17T03:33:15.909120772Z,static,full,edge-files,200,3.283008
2026-09-17T03:33:15.968758413Z,static,full,edge-files,200,2.834009
2026-09-17T03:33:16.02906143Z,static,full,edge-files,200,3.318646
2026-09-17T03:33:16.089075167Z,static,full,edge-files,200,3.179456
2026-09-17T03:33:16.1492495Z,static,full,edge-files,200,3.443842
2026-09-17T03:33:16.209052755Z,static,full,edge-files,200,2.998376
2026-09-17T03:33:16.269432193Z,static,full,edge-files,200,3.590654
2026-09-17T03:33:16.329638089Z,static,full,edge-files,200,3.549771
2026-09-17T03:33:16.390907337Z,static,full,edge-files,200,4.396535
2026-09-17T03:33:16.44941777Z,static,full,edge-files,200,2.901988
2026-09-17T03:33:16.509876743Z,static,full,edge-files,200,3.329147
2026-09-17T03:33:16.568755782Z,static,full,edge-files,200,3.166215
2026-09-17T03:33:16.629771808Z,static,full,edge-files,200,3.162515
2026-09-17T03:33:16.689326537Z,static,full,edge-files,200,3.054771
2026-09-17T03:33:16.74949878Z,static,full,edge-files,200,3.120361
2026-09-17T03:33:16.809478429Z,static,full,edge-files,200,3.310445
2026-09-17T03:33:16.869455675Z,static,full,edge-files,200,3.283119
2026-09-17T03:33:16.929523747Z,static,full,edge-files,200,3.203088
2026-09-17T03:33:16.989240078Z,static,full,edge-files,200,3.18439
2026-09-17T03:33:17.049186583Z,static,full,edge-files,200,3.129276
2026-09-17T03:33:17.10935228Z,static,full,edge-files,200,3.545989
2026-09-17T03:33:17.170223104Z,static,full,edge-files,200,4.210231
2026-09-17T03:33:17.229478175Z,static,full,edge-files,200,3.489746
2026-09-17T03:33:17.288908759Z,static,full,edge-files,200,2.826413
2026-09-17T03:33:17.348849484Z,static,full,edge-files,200,3.357034
2026-09-17T03:33:17.409278344Z,static,full,edge-files,200,3.616534
2026-09-17T03:33:17.46928768Z,static,full,edge-files,200,3.312525
2026-09-17T03:33:17.530044474Z,static,full,edge-files,200,3.806519
2026-09-17T03:33:17.590426222Z,static,full,edge-files,200,4.514605
2026-09-17T03:33:17.649480952Z,static,full,edge-files,200,3.336253
2026-09-17T03:33:17.709899594Z,static,full,edge-files,200,3.49238
2026-09-17T03:33:17.768771831Z,static,full,edge-files,200,3.336072
2026-09-17T03:33:17.82993968Z,static,full,edge-files,200,3.530809
2026-09-17T03:33:17.888488694Z,static,full,edge-files,200,2.821451
2026-09-17T03:33:17.949267407Z,static,full,edge-files,200,3.05669
2026-09-17T03:33:18.009677528Z,static,full,edge-files,200,3.707807
2026-09-17T03:33:18.073291211Z,static,full,edge-files,200,6.84887
2026-09-17T03:33:18.129855654Z,static,full,edge-files,200,3.507556
2026-09-17T03:33:18.190542633Z,static,full,edge-files,200,4.142686
2026-09-17T03:33:18.249746034Z,static,full,edge-files,200,2.9853
2026-09-17T03:33:18.309654941Z,static,full,edge-files,200,3.810681
2026-09-17T03:33:18.369558527Z,static,full,edge-files,200,3.020012
2026-09-17T03:33:18.429345289Z,static,full,edge-files,200,3.209409
2026-09-17T03:33:18.489716794Z,static,full,edge-files,200,3.312292
2026-09-17T03:33:18.54993234Z,static,full,edge-files,200,3.458583
2026-09-17T03:33:18.608909938Z,static,full,edge-files,200,3.37646
2026-09-17T03:33:18.666646101Z,static,full,edge-files,200,2.772759
2026-09-17T03:33:18.727703684Z,static,full,edge-files,200,3.009687
2026-09-17T03:33:18.787172147Z,static,full,edge-files,200,2.841596
2026-09-17T03:33:18.847820801Z,static,full,edge-files,200,3.145508
2026-09-17T03:33:18.907573226Z,static,full,edge-files,200,2.950593
2026-09-17T03:33:18.96758055Z,static,full,edge-files,200,3.395257
2026-09-17T03:33:19.028706288Z,static,full,edge-files,200,4.378625
2026-09-17T03:33:19.088196617Z,static,full,edge-files,200,3.439691
2026-09-17T03:33:19.148202627Z,static,full,edge-files,200,3.382448
2026-09-17T03:33:19.208338225Z,static,full,edge-files,200,3.40148
2026-09-17T03:33:19.267591702Z,static,full,edge-files,200,3.419532
2026-09-17T03:33:19.32813537Z,static,full,edge-files,200,3.749367
2026-09-17T03:33:19.388002977Z,static,full,edge-files,200,3.226162
2026-09-17T03:33:19.44781383Z,static,full,edge-files,200,3.042085
2026-09-17T03:33:19.50764816Z,static,full,edge-files,200,2.974769
2026-09-17T03:33:19.567882981Z,static,full,edge-files,200,3.232274
2026-09-17T03:33:19.62802605Z,static,full,edge-files,200,3.427998
2026-09-17T03:33:19.688112749Z,static,full,edge-files,200,3.31581
2026-09-17T03:33:19.748168504Z,static,full,edge-files,200,4.216848
2026-09-17T03:33:19.808100313Z,static,full,edge-files,200,4.05999
2026-09-17T03:33:19.868242437Z,static,full,edge-files,200,3.409441
2026-09-17T03:33:19.927120083Z,static,full,edge-files,200,3.164114
2026-09-17T03:33:19.98831136Z,static,full,edge-files,200,3.375818
2026-09-17T03:33:20.047568542Z,static,full,edge-files,200,3.267305
2026-09-17T03:33:20.107703524Z,static,full,edge-files,200,3.342131
2026-09-17T03:33:20.167831717Z,static,full,edge-files,200,3.384226
2026-09-17T03:33:20.228129381Z,static,full,edge-files,200,3.621763
2026-09-17T03:33:20.287063133Z,static,full,edge-files,200,3.197141
2026-09-17T03:33:20.348366263Z,static,full,edge-files,200,3.58266
2026-09-17T03:33:20.408533867Z,static,full,edge-files,200,4.634688
2026-09-17T03:33:20.467817037Z,static,full,edge-files,200,3.639375
2026-09-17T03:33:20.527632886Z,static,full,edge-files,200,2.978595
2026-09-17T03:33:20.587207441Z,static,full,edge-files,200,2.713663
2026-09-17T03:33:20.647190597Z,static,full,edge-files,200,3.263955
2026-09-17T03:33:20.708559312Z,static,full,edge-files,200,3.59212
2026-09-17T03:33:20.767782702Z,static,full,edge-files,200,3.575534
2026-09-17T03:33:20.828279617Z,static,full,edge-files,200,3.454709
2026-09-17T03:33:20.886940749Z,static,full,edge-files,200,3.072077
2026-09-17T03:33:20.948061907Z,static,full,edge-files,200,3.390285
2026-09-17T03:33:21.007987282Z,static,full,edge-files,200,3.351162
2026-09-17T03:33:21.068064191Z,static,full,edge-files,200,3.463861
2026-09-17T03:33:21.128673169Z,static,full,edge-files,200,3.700248
2026-09-17T03:33:21.187541846Z,static,full,edge-files,200,3.19163
2026-09-17T03:33:21.248121523Z,static,full,edge-files,200,3.577715
2026-09-17T03:33:21.308205562Z,static,full,edge-files,200,3.274746
2026-09-17T03:33:21.367704747Z,static,full,edge-files,200,3.8486
2026-09-17T03:33:21.427898924Z,static,full,edge-files,200,3.503054
2026-09-17T03:33:21.487599753Z,static,full,edge-files,200,2.92174
2026-09-17T03:33:21.547512259Z,static,full,edge-files,200,3.040339
2026-09-17T03:33:21.60762518Z,static,full,edge-files,200,3.214792
2026-09-17T03:33:21.667673336Z,static,full,edge-files,200,3.374355
2026-09-17T03:33:21.727978102Z,static,full,edge-files,200,3.441608
2026-09-17T03:33:21.787804431Z,static,full,edge-files,200,3.249914
2026-09-17T03:33:21.848459378Z,static,full,edge-files,200,3.832272
2026-09-17T03:33:21.908053975Z,static,full,edge-files,200,4.003607
2026-09-17T03:33:21.968375677Z,static,full,edge-files,200,3.618762
2026-09-17T03:33:22.028119563Z,static,full,edge-files,200,3.939301
2026-09-17T03:33:22.087750588Z,static,full,edge-files,200,2.940596
2026-09-17T03:33:22.147900862Z,static,full,edge-files,200,3.331771
2026-09-17T03:33:22.207736842Z,static,full,edge-files,200,3.20038
2026-09-17T03:33:22.268083971Z,static,full,edge-files,200,3.654745
2026-09-17T03:33:22.326947148Z,static,full,edge-files,200,3.000086
2026-09-17T03:33:22.387792055Z,static,full,edge-files,200,2.924645
2026-09-17T03:33:22.448297015Z,static,full,edge-files,200,3.758253
2026-09-17T03:33:22.507595365Z,static,full,edge-files,200,3.71542
2026-09-17T03:33:22.568649046Z,static,full,edge-files,200,4.245983
2026-09-17T03:33:22.629119229Z,static,full,edge-files,200,4.673286
2026-09-17T03:33:22.687661087Z,static,full,edge-files,200,3.018522
2026-09-17T03:33:22.747368252Z,static,full,edge-files,200,3.056174
2026-09-17T03:33:22.808076003Z,static,full,edge-files,200,3.593741
2026-09-17T03:33:22.86839262Z,static,full,edge-files,200,3.560749
2026-09-17T03:33:22.927473233Z,static,full,edge-files,200,3.435304
2026-09-17T03:33:22.987080551Z,static,full,edge-files,200,2.943337
2026-09-17T03:33:23.048624674Z,static,full,edge-files,200,3.695789
2026-09-17T03:33:23.107673105Z,static,full,edge-files,200,3.398715
2026-09-17T03:33:23.168595817Z,static,full,edge-files,200,4.273601
2026-09-17T03:33:23.228513494Z,static,full,edge-files,200,3.79716
2026-09-17T03:33:23.287447716Z,static,full,edge-files,200,3.248304
2026-09-17T03:33:23.347846553Z,static,full,edge-files,200,3.534611
2026-09-17T03:33:23.407488964Z,static,full,edge-files,200,3.009127
2026-09-17T03:33:23.467228616Z,static,full,edge-files,200,2.91878
2026-09-17T03:33:23.53002111Z,static,full,edge-files,200,5.779939
2026-09-17T03:33:23.593936276Z,static,full,edge-files,200,9.319331
2026-09-17T03:33:23.648567245Z,static,full,edge-files,200,4.034113
2026-09-17T03:33:23.707466905Z,static,full,edge-files,200,3.080551
2026-09-17T03:33:23.767840946Z,static,full,edge-files,200,3.686398
2026-09-17T03:33:23.828913881Z,static,full,edge-files,200,4.184169
2026-09-17T03:33:23.88829632Z,static,full,edge-files,200,3.686103
2026-09-17T03:33:23.94777751Z,static,full,edge-files,200,3.856971
2026-09-17T03:33:24.007925974Z,static,full,edge-files,200,3.450198
2026-09-17T03:33:24.067720922Z,static,full,edge-files,200,3.228154
2026-09-17T03:33:24.128098972Z,static,full,edge-files,200,3.681007
2026-09-17T03:33:24.188104144Z,static,full,edge-files,200,3.330641
2026-09-17T03:33:24.248511808Z,static,full,edge-files,200,3.665106
2026-09-17T03:33:24.307319801Z,static,full,edge-files,200,3.027437
2026-09-17T03:33:24.367118518Z,static,full,edge-files,200,3.139666
2026-09-17T03:33:24.428117442Z,static,full,edge-files,200,3.309159
2026-09-17T03:33:24.487554862Z,static,full,edge-files,200,3.686933
2026-09-17T03:33:24.547536599Z,static,full,edge-files,200,3.240254
2026-09-17T03:33:24.607892698Z,static,full,edge-files,200,3.603252
2026-09-17T03:33:24.667694706Z,static,full,edge-files,200,3.129225
2026-09-17T03:33:24.727727279Z,static,full,edge-files,200,3.342082
2026-09-17T03:33:24.78808862Z,static,full,edge-files,200,3.501323
2026-09-17T03:33:24.847866855Z,static,full,edge-files,200,3.85835
2026-09-17T03:33:24.908327912Z,static,full,edge-files,200,3.673516
2026-09-17T03:33:24.967466101Z,static,full,edge-files,200,3.296416
2026-09-17T03:33:25.027734814Z,static,full,edge-files,200,3.490392
2026-09-17T03:33:25.087524001Z,static,full,edge-files,200,3.062041
2026-09-17T03:33:25.148180353Z,static,full,edge-files,200,3.690438
2026-09-17T03:33:25.208026153Z,static,full,edge-files,200,3.770834
2026-09-17T03:33:25.267772016Z,static,full,edge-files,200,3.113225
2026-09-17T03:33:25.327784735Z,static,full,edge-files,200,3.105119
2026-09-17T03:33:25.388111807Z,static,full,edge-files,200,3.444104
2026-09-17T03:33:25.448892989Z,static,full,edge-files,200,3.881331
2026-09-17T03:33:25.50874106Z,static,full,edge-files,200,3.825748
2026-09-17T03:33:25.568062623Z,static,full,edge-files,200,3.489052
2026-09-17T03:33:25.629567848Z,static,full,edge-files,200,4.730684
2026-09-17T03:33:25.68795873Z,static,full,edge-files,200,3.454769
2026-09-17T03:33:25.74871289Z,static,full,edge-files,200,3.989139
2026-09-17T03:33:25.808277701Z,static,full,edge-files,200,3.675557
2026-09-17T03:33:25.867978182Z,static,full,edge-files,200,3.693927
2026-09-17T03:33:25.928676866Z,static,full,edge-files,200,3.980688
2026-09-17T03:33:25.988048546Z,static,full,edge-files,200,3.602607
2026-09-17T03:33:26.047284216Z,static,full,edge-files,200,3.325311
2026-09-17T03:33:26.107552979Z,static,full,edge-files,200,3.371704
2026-09-17T03:33:26.167083296Z,static,full,edge-files,200,2.901749
2026-09-17T03:33:26.227147535Z,static,full,edge-files,200,3.18887
2026-09-17T03:33:26.287194439Z,static,full,edge-files,200,3.297488
2026-09-17T03:33:26.34809817Z,static,full,edge-files,200,3.074061
2026-09-17T03:33:26.407803615Z,static,full,edge-files,200,3.130934
2026-09-17T03:33:26.467559403Z,static,full,edge-files,200,3.01157
2026-09-17T03:33:26.528218736Z,static,full,edge-files,200,3.832589
2026-09-17T03:33:26.588349509Z,static,full,edge-files,200,3.426638
2026-09-17T03:33:26.64766185Z,static,full,edge-files,200,3.51263
2026-09-17T03:33:26.708442781Z,static,full,edge-files,200,3.792125
2026-09-17T03:33:26.767707069Z,static,full,edge-files,200,3.39257
2026-09-17T03:33:26.828025304Z,static,full,edge-files,200,3.44587
2026-09-17T03:33:26.888977588Z,static,full,edge-files,200,4.230618
2026-09-17T03:33:26.949701611Z,static,full,edge-files,200,5.092748
2026-09-17T03:33:27.00747669Z,static,full,edge-files,200,2.970823
2026-09-17T03:33:27.067534559Z,static,full,edge-files,200,3.264844
2026-09-17T03:33:27.128130215Z,static,full,edge-files,200,3.648584
2026-09-17T03:33:27.187916238Z,static,full,edge-files,200,3.168198
2026-09-17T03:33:27.248315939Z,static,full,edge-files,200,3.763515
2026-09-17T03:33:27.307419593Z,static,full,edge-files,200,3.430132
2026-09-17T03:33:27.367713701Z,static,full,edge-files,200,3.539046
2026-09-17T03:33:27.428482144Z,static,full,edge-files,200,4.061482
2026-09-17T03:33:27.490440431Z,static,full,edge-files,200,6.182795
2026-09-17T03:33:27.547743745Z,static,full,edge-files,200,3.532614
2026-09-17T03:33:27.607788645Z,static,full,edge-files,200,3.273353
2026-09-17T03:33:27.667521869Z,static,full,edge-files,200,3.023071
2026-09-17T03:33:27.727393945Z,static,full,edge-files,200,3.209238
2026-09-17T03:33:27.787023021Z,static,full,edge-files,200,3.150174
2026-09-17T03:33:27.847973511Z,static,full,edge-files,200,3.1316
2026-09-17T03:33:27.90776626Z,static,full,edge-files,200,3.045393
2026-09-17T03:33:27.967275625Z,static,full,edge-files,200,2.881649
2026-09-17T03:33:28.027469301Z,static,full,edge-files,200,3.518265
2026-09-17T03:33:28.087796046Z,static,full,edge-files,200,3.624489
2026-09-17T03:33:28.148590011Z,static,full,edge-files,200,4.105955
2026-09-17T03:33:28.207702441Z,static,full,edge-files,200,3.380812
2026-09-17T03:33:28.267825939Z,static,full,edge-files,200,3.530144
2026-09-17T03:33:28.32809655Z,static,full,edge-files,200,3.382343
2026-09-17T03:33:28.388379401Z,static,full,edge-files,200,3.472455
2026-09-17T03:33:28.4485142Z,static,full,edge-files,200,4.249142
2026-09-17T03:33:28.5075012Z,static,full,edge-files,200,3.12969
2026-09-17T03:33:28.567377116Z,static,full,edge-files,200,3.064934
2026-09-17T03:33:28.629770071Z,static,full,edge-files,200,5.82999
2026-09-17T03:33:28.687655605Z,static,full,edge-files,200,3.12901
2026-09-17T03:33:28.749318385Z,static,full,edge-files,200,5.033454
2026-09-17T03:33:28.807889449Z,static,full,edge-files,200,3.891121
2026-09-17T03:33:28.867327628Z,static,full,edge-files,200,3.442186
2026-09-17T03:33:28.928723735Z,static,full,edge-files,200,4.340586
2026-09-17T03:33:28.988219817Z,static,full,edge-files,200,3.647055
2026-09-17T03:33:29.046629196Z,static,full,edge-files,200,2.77727
2026-09-17T03:33:29.107966099Z,static,full,edge-files,200,3.539046
2026-09-17T03:33:29.167799472Z,static,full,edge-files,200,3.125336
2026-09-17T03:33:29.227782487Z,static,full,edge-files,200,3.402923
2026-09-17T03:33:29.289208177Z,static,full,edge-files,200,4.603678
2026-09-17T03:33:29.349367129Z,static,full,edge-files,200,5.424778
2026-09-17T03:33:29.407358761Z,static,full,edge-files,200,3.479701
2026-09-17T03:33:29.467232438Z,static,full,edge-files,200,3.234769
2026-09-17T03:33:29.528091159Z,static,full,edge-files,200,3.833686
2026-09-17T03:33:29.587540999Z,static,full,edge-files,200,3.314891
2026-09-17T03:33:29.647069617Z,static,full,edge-files,200,2.732846
2026-09-17T03:33:29.70841183Z,static,full,edge-files,200,3.58122
2026-09-17T03:33:29.767724207Z,static,full,edge-files,200,3.556137
2026-09-17T03:33:29.828354098Z,static,full,edge-files,200,3.519275
2026-09-17T03:33:29.888570433Z,static,full,edge-files,200,4.448494
2026-09-17T03:33:29.947608227Z,static,full,edge-files,200,3.188605
2026-09-17T03:33:30.007865378Z,static,full,edge-files,200,3.328493
2026-09-17T03:33:30.067539956Z,static,full,edge-files,200,3.001694
2026-09-17T03:33:30.127399401Z,static,full,edge-files,200,3.151433
2026-09-17T03:33:30.188436717Z,static,full,edge-files,200,4.241236
2026-09-17T03:33:30.247722272Z,static,full,edge-files,200,3.47368
2026-09-17T03:33:30.307904166Z,static,full,edge-files,200,3.415696
2026-09-17T03:33:30.367858214Z,static,full,edge-files,200,3.173455
2026-09-17T03:33:30.428401252Z,static,full,edge-files,200,3.82003
2026-09-17T03:33:30.486770947Z,static,full,edge-files,200,2.649008
2026-09-17T03:33:30.547856128Z,static,full,edge-files,200,3.255122
2026-09-17T03:33:30.608151002Z,static,full,edge-files,200,3.540792
2026-09-17T03:33:30.66758844Z,static,full,edge-files,200,3.038822
2026-09-17T03:33:30.729509043Z,static,full,edge-files,200,5.08918
2026-09-17T03:33:30.788222944Z,static,full,edge-files,200,3.75535
2026-09-17T03:33:30.849167193Z,static,full,edge-files,200,4.250083
2026-09-17T03:33:30.908049269Z,static,full,edge-files,200,3.096228
2026-09-17T03:33:30.967470315Z,static,full,edge-files,200,2.651789
2026-09-17T03:33:31.027851235Z,static,full,edge-files,200,3.860998
2026-09-17T03:33:31.088091163Z,static,full,edge-files,200,3.526255
2026-09-17T03:33:31.148076565Z,static,full,edge-files,200,4.080833
2026-09-17T03:33:31.20829683Z,static,full,edge-files,200,3.40431
2026-09-17T03:33:31.267325904Z,static,full,edge-files,200,3.357296
2026-09-17T03:33:31.32761421Z,static,full,edge-files,200,3.661817
2026-09-17T03:33:31.387553602Z,static,full,edge-files,200,3.289954
2026-09-17T03:33:31.447113988Z,static,full,edge-files,200,2.987226
2026-09-17T03:33:31.50787971Z,static,full,edge-files,200,3.036767
2026-09-17T03:33:31.568405437Z,static,full,edge-files,200,3.906537
2026-09-17T03:33:31.627864967Z,static,full,edge-files,200,3.537045
2026-09-17T03:33:31.688777599Z,static,full,edge-files,200,4.283966
2026-09-17T03:33:31.750840029Z,static,full,edge-files,200,6.258921
2026-09-17T03:33:31.81355882Z,static,full,edge-files,200,9.090675
2026-09-17T03:33:31.874289286Z,static,full,edge-files,200,9.967737
2026-09-17T03:33:31.927755603Z,static,full,edge-files,200,3.801049
2026-09-17T03:33:31.988034885Z,static,full,edge-files,200,3.612308
2026-09-17T03:33:32.047528178Z,static,full,edge-files,200,2.787071
2026-09-17T03:33:32.107774246Z,static,full,edge-files,200,3.229068
2026-09-17T03:33:32.167749065Z,static,full,edge-files,200,3.325877
2026-09-17T03:33:32.227970466Z,static,full,edge-files,200,3.616783
2026-09-17T03:33:32.288309943Z,static,full,edge-files,200,3.69452
2026-09-17T03:33:32.346843338Z,static,full,edge-files,200,2.874254
2026-09-17T03:33:32.408791168Z,static,full,edge-files,200,4.064221
2026-09-17T03:33:32.467828912Z,static,full,edge-files,200,3.314777
2026-09-17T03:33:32.528573783Z,static,full,edge-files,200,3.8106
2026-09-17T03:33:32.588479528Z,static,full,edge-files,200,4.173571
2026-09-17T03:33:32.647566491Z,static,full,edge-files,200,3.224489
2026-09-17T03:33:32.708425271Z,static,full,edge-files,200,4.041709
2026-09-17T03:33:32.767220204Z,static,full,edge-files,200,2.8918
2026-09-17T03:33:32.826928998Z,static,full,edge-files,200,2.975394
2026-09-17T03:33:32.887447569Z,static,full,edge-files,200,2.829056
2026-09-17T03:33:32.947310084Z,static,full,edge-files,200,3.124381
2026-09-17T03:33:33.007065522Z,static,full,edge-files,200,3.079746
2026-09-17T03:33:33.067709312Z,static,full,edge-files,200,2.942145
2026-09-17T03:33:33.1278147Z,static,full,edge-files,200,3.379853
2026-09-17T03:33:33.187755411Z,static,full,edge-files,200,3.249834
2026-09-17T03:33:33.247468563Z,static,full,edge-files,200,2.854197
2026-09-17T03:33:33.309026696Z,static,full,edge-files,200,4.091549
2026-09-17T03:33:33.368456353Z,static,full,edge-files,200,3.708371
2026-09-17T03:33:33.427359516Z,static,full,edge-files,200,3.162874
2026-09-17T03:33:33.487351782Z,static,full,edge-files,200,3.251941
2026-09-17T03:33:33.547158406Z,static,full,edge-files,200,3.015525
2026-09-17T03:33:33.607909619Z,static,full,edge-files,200,3.001614
2026-09-17T03:33:33.667619237Z,static,full,edge-files,200,3.040424
2026-09-17T03:33:33.727850663Z,static,full,edge-files,200,3.409876
2026-09-17T03:33:33.788105562Z,static,full,edge-files,200,3.677423
2026-09-17T03:33:33.848177766Z,static,full,edge-files,200,3.320137
2026-09-17T03:33:33.908365319Z,static,full,edge-files,200,3.407835
2026-09-17T03:33:33.967526744Z,static,full,edge-files,200,3.402573
2026-09-17T03:33:34.02785742Z,static,full,edge-files,200,3.484281
2026-09-17T03:33:34.089120535Z,static,full,edge-files,200,4.577805
2026-09-17T03:33:34.147678965Z,static,full,edge-files,200,2.723621
2026-09-17T03:33:34.207768592Z,static,full,edge-files,200,3.297745
2026-09-17T03:33:34.268126471Z,static,full,edge-files,200,3.619124
2026-09-17T03:33:34.328673234Z,static,full,edge-files,200,3.94405
2026-09-17T03:33:34.387980091Z,static,full,edge-files,200,3.47357
2026-09-17T03:33:34.447792052Z,static,full,edge-files,200,3.216999
2026-09-17T03:33:34.50723114Z,static,full,edge-files,200,2.66691
2026-09-17T03:33:34.567786286Z,static,full,edge-files,200,3.541427
2026-09-17T03:33:34.628681241Z,static,full,edge-files,200,4.186663
2026-09-17T03:33:34.687939152Z,static,full,edge-files,200,3.678568
2026-09-17T03:33:34.747254731Z,static,full,edge-files,200,2.72408
2026-09-17T03:33:34.807638142Z,static,full,edge-files,200,3.373347
2026-09-17T03:33:34.868263183Z,static,full,edge-files,200,3.632885
2026-09-17T03:33:34.928530923Z,static,full,edge-files,200,3.580169
2026-09-17T03:33:34.987552544Z,static,full,edge-files,200,3.469739
2026-09-17T03:33:35.047353983Z,static,full,edge-files,200,2.837126
2026-09-17T03:33:35.107962524Z,static,full,edge-files,200,3.833383
2026-09-17T03:33:35.167952229Z,static,full,edge-files,200,3.226846
2026-09-17T03:33:35.227857043Z,static,full,edge-files,200,3.149861
2026-09-17T03:33:35.288328221Z,static,full,edge-files,200,3.756048
2026-09-17T03:33:35.347674661Z,static,full,edge-files,200,3.596419
2026-09-17T03:33:35.407960202Z,static,full,edge-files,200,3.66922
2026-09-17T03:33:35.467577919Z,static,full,edge-files,200,3.12828
2026-09-17T03:33:35.527747667Z,static,full,edge-files,200,3.322307
2026-09-17T03:33:35.587750481Z,static,full,edge-files,200,3.405666
2026-09-17T03:33:35.647912889Z,static,full,edge-files,200,3.215247
2026-09-17T03:33:35.708630849Z,static,full,edge-files,200,3.930774
2026-09-17T03:33:35.768204226Z,static,full,edge-files,200,3.853228
2026-09-17T03:33:35.826950714Z,static,full,edge-files,200,3.04322
2026-09-17T03:33:35.88770701Z,static,full,edge-files,200,2.937701
2026-09-17T03:33:35.948042694Z,static,full,edge-files,200,3.402315
2026-09-17T03:33:36.007872021Z,static,full,edge-files,200,3.619087
2026-09-17T03:33:36.067841222Z,static,full,edge-files,200,3.279544
2026-09-17T03:33:36.128387917Z,static,full,edge-files,200,3.723326
2026-09-17T03:33:36.188219244Z,static,full,edge-files,200,3.889872
2026-09-17T03:33:36.247091891Z,static,full,edge-files,200,3.14731
2026-09-17T03:33:36.307971046Z,static,full,edge-files,200,4.006462
2026-09-17T03:33:36.368021114Z,static,full,edge-files,200,3.430758
2026-09-17T03:33:36.428145939Z,static,full,edge-files,200,3.346748
2026-09-17T03:33:36.488019866Z,static,full,edge-files,200,3.025748
2026-09-17T03:33:36.548273188Z,static,full,edge-files,200,3.372262
2026-09-17T03:33:36.608072072Z,static,full,edge-files,200,4.041256
2026-09-17T03:33:36.66916097Z,static,full,edge-files,200,4.364448
2026-09-17T03:33:36.727016644Z,static,full,edge-files,200,3.107572
2026-09-17T03:33:36.788086834Z,static,full,edge-files,200,3.45762
2026-09-17T03:33:36.848579403Z,static,full,edge-files,200,3.673982
2026-09-17T03:33:36.908214342Z,static,full,edge-files,200,3.745149
2026-09-17T03:33:36.968182831Z,static,full,edge-files,200,3.300545
2026-09-17T03:33:37.027288678Z,static,full,edge-files,200,3.003417
2026-09-17T03:33:37.086523169Z,static,full,edge-files,200,2.657944
2026-09-17T03:33:37.147402255Z,static,full,edge-files,200,3.077473
2026-09-17T03:33:37.207828159Z,static,full,edge-files,200,3.774775
2026-09-17T03:33:37.268373961Z,static,full,edge-files,200,3.716411
2026-09-17T03:33:37.326968328Z,static,full,edge-files,200,2.890351
2026-09-17T03:33:37.389168146Z,static,full,edge-files,200,4.537694
2026-09-17T03:33:37.447746683Z,static,full,edge-files,200,2.909183
2026-09-17T03:33:37.507796942Z,static,full,edge-files,200,3.256932
2026-09-17T03:33:37.569213977Z,static,full,edge-files,200,4.612967
2026-09-17T03:33:37.628090311Z,static,full,edge-files,200,3.295711
2026-09-17T03:33:37.688283927Z,static,full,edge-files,200,3.509855
2026-09-17T03:33:37.747936497Z,static,full,edge-files,200,3.167942
2026-09-17T03:33:37.808593394Z,static,full,edge-files,200,4.158818
2026-09-17T03:33:37.867525854Z,static,full,edge-files,200,3.130989
2026-09-17T03:33:37.927191206Z,static,full,edge-files,200,3.014169
2026-09-17T03:33:37.987835995Z,static,full,edge-files,200,3.658114
2026-09-17T03:33:38.047576098Z,static,full,edge-files,200,2.980245
2026-09-17T03:33:38.109070934Z,static,full,edge-files,200,4.651265
2026-09-17T03:33:38.168091873Z,static,full,edge-files,200,3.410445
2026-09-17T03:33:38.228987146Z,static,full,edge-files,200,4.260027
2026-09-17T03:33:38.288480095Z,static,full,edge-files,200,3.812755
2026-09-17T03:33:38.34912773Z,static,full,edge-files,200,4.041085
2026-09-17T03:33:38.408351559Z,static,full,edge-files,200,3.669671
2026-09-17T03:33:38.467218524Z,static,full,edge-files,200,3.274422
2026-09-17T03:33:38.528867585Z,static,full,edge-files,200,4.261007
2026-09-17T03:33:38.587737619Z,static,full,edge-files,200,2.980169
2026-09-17T03:33:38.647742154Z,static,full,edge-files,200,3.166744
2026-09-17T03:33:38.709127278Z,static,full,edge-files,200,4.690629
2026-09-17T03:33:38.769191718Z,static,full,edge-files,200,4.473186
2026-09-17T03:33:38.828172204Z,static,full,edge-files,200,3.265753
2026-09-17T03:33:38.888395383Z,static,full,edge-files,200,3.593008
2026-09-17T03:33:38.948536615Z,static,full,edge-files,200,4.281329
2026-09-17T03:33:39.007972713Z,static,full,edge-files,200,3.812644
2026-09-17T03:33:39.068760282Z,static,full,edge-files,200,4.263727
2026-09-17T03:33:39.128802115Z,static,full,edge-files,200,4.327579
2026-09-17T03:33:39.188102436Z,static,full,edge-files,200,3.584122
2026-09-17T03:33:39.247198773Z,static,full,edge-files,200,3.330324
2026-09-17T03:33:39.307632157Z,static,full,edge-files,200,3.77024
2026-09-17T03:33:39.367650332Z,static,full,edge-files,200,3.46312
2026-09-17T03:33:39.427621142Z,static,full,edge-files,200,3.153932
2026-09-17T03:33:39.487388913Z,static,full,edge-files,200,3.263921
2026-09-17T03:33:39.548342928Z,static,full,edge-files,200,4.199432
2026-09-17T03:33:39.607263802Z,static,full,edge-files,200,3.081148
2026-09-17T03:33:39.667195084Z,static,full,edge-files,200,3.02721
2026-09-17T03:33:39.727145881Z,static,full,edge-files,200,3.250366
2026-09-17T03:33:39.788172413Z,static,full,edge-files,200,3.381692
2026-09-17T03:33:39.848201629Z,static,full,edge-files,200,3.293795
2026-09-17T03:33:39.908132164Z,static,full,edge-files,200,4.255737
2026-09-17T03:33:39.967783665Z,static,full,edge-files,200,3.004077
2026-09-17T03:33:40.027715782Z,static,full,edge-files,200,3.14773
2026-09-17T03:33:40.088416036Z,static,full,edge-files,200,3.784877
2026-09-17T03:33:40.148077706Z,static,full,edge-files,200,3.880548
2026-09-17T03:33:40.208108873Z,static,full,edge-files,200,3.316023
2026-09-17T03:33:40.268576129Z,static,full,edge-files,200,3.731266
2026-09-17T03:33:40.327327227Z,static,full,edge-files,200,2.803749
2026-09-17T03:33:40.387711784Z,static,full,edge-files,200,3.388789
2026-09-17T03:33:40.447848194Z,static,full,edge-files,200,3.318562
2026-09-17T03:33:40.507595223Z,static,full,edge-files,200,2.951512
2026-09-17T03:33:40.568116987Z,static,full,edge-files,200,3.801703
2026-09-17T03:33:40.627856436Z,static,full,edge-files,200,3.137969
2026-09-17T03:33:40.688017058Z,static,full,edge-files,200,3.469917
2026-09-17T03:33:40.748307503Z,static,full,edge-files,200,3.465786
2026-09-17T03:33:40.807763097Z,static,full,edge-files,200,2.843311
2026-09-17T03:33:40.868365378Z,static,full,edge-files,200,3.45575
2026-09-17T03:33:40.927153684Z,static,full,edge-files,200,3.071755
2026-09-17T03:33:40.987524299Z,static,full,edge-files,200,3.434695
2026-09-17T03:33:41.048438955Z,static,full,edge-files,200,4.104483
2026-09-17T03:33:41.107532917Z,static,full,edge-files,200,3.328192
2026-09-17T03:33:41.167241828Z,static,full,edge-files,200,3.044622
2026-09-17T03:33:41.226939481Z,static,full,edge-files,200,3.059252
2026-09-17T03:33:41.288327187Z,static,full,edge-files,200,3.672932
2026-09-17T03:33:41.348557194Z,static,full,edge-files,200,4.556049
2026-09-17T03:33:41.407597576Z,static,full,edge-files,200,3.421551
2026-09-17T03:33:41.468413966Z,static,full,edge-files,200,4.123259
2026-09-17T03:33:41.527083802Z,static,full,edge-files,200,3.14395
2026-09-17T03:33:41.588626723Z,static,full,edge-files,200,3.76749
2026-09-17T03:33:41.647131223Z,static,full,edge-files,200,2.855993
2026-09-17T03:33:41.707074741Z,static,full,edge-files,200,3.109238
2026-09-17T03:33:41.768327614Z,static,full,edge-files,200,3.543058
2026-09-17T03:33:41.827441517Z,static,full,edge-files,200,3.146026
2026-09-17T03:33:41.887821992Z,static,full,edge-files,200,3.626587
2026-09-17T03:33:41.947720233Z,static,full,edge-files,200,3.168402
2026-09-17T03:33:42.008993843Z,static,full,edge-files,200,4.303656
2026-09-17T03:33:42.067999447Z,static,full,edge-files,200,3.293094
2026-09-17T03:33:42.12821916Z,static,full,edge-files,200,3.416497
2026-09-17T03:33:42.187457516Z,static,full,edge-files,200,3.461101
2026-09-17T03:33:42.248312995Z,static,full,edge-files,200,3.828942
2026-09-17T03:33:42.308317509Z,static,full,edge-files,200,4.134791
2026-09-17T03:33:42.367960367Z,static,full,edge-files,200,3.003247
2026-09-17T03:33:42.427676253Z,static,full,edge-files,200,2.822531
2026-09-17T03:33:42.488001978Z,static,full,edge-files,200,3.361066
2026-09-17T03:33:42.547873689Z,static,full,edge-files,200,3.212362
2026-09-17T03:33:42.609123082Z,static,full,edge-files,200,4.444854
2026-09-17T03:33:42.667790627Z,static,full,edge-files,200,3.511931
2026-09-17T03:33:42.72782195Z,static,full,edge-files,200,3.241826
2026-09-17T03:33:42.787488604Z,static,full,edge-files,200,3.088165
2026-09-17T03:33:42.847552373Z,static,full,edge-files,200,3.306626
2026-09-17T03:33:42.908706847Z,static,full,edge-files,200,4.235565
2026-09-17T03:33:42.967778266Z,static,full,edge-files,200,3.378588
2026-09-17T03:33:43.027389163Z,static,full,edge-files,200,2.909549
2026-09-17T03:33:43.087432036Z,static,full,edge-files,200,3.298785
2026-09-17T03:33:43.147355437Z,static,full,edge-files,200,3.074028
2026-09-17T03:33:43.207707545Z,static,full,edge-files,200,3.513516
2026-09-17T03:33:43.268276497Z,static,full,edge-files,200,3.77846
2026-09-17T03:33:43.327460822Z,static,full,edge-files,200,3.524875
2026-09-17T03:33:43.388121942Z,static,full,edge-files,200,3.906544
2026-09-17T03:33:43.446962639Z,static,full,edge-files,200,3.018522
2026-09-17T03:33:43.507868198Z,static,full,edge-files,200,3.056822
2026-09-17T03:33:43.567235598Z,static,full,edge-files,200,2.789826
2026-09-17T03:33:43.627539186Z,static,full,edge-files,200,3.451156
2026-09-17T03:33:43.687874332Z,static,full,edge-files,200,3.494621
2026-09-17T03:33:43.748524814Z,static,full,edge-files,200,3.456495
2026-09-17T03:33:43.807055745Z,static,full,edge-files,200,2.558823
2026-09-17T03:33:43.867934678Z,static,full,edge-files,200,3.112408
2026-09-17T03:33:43.928378962Z,static,full,edge-files,200,3.753023
2026-09-17T03:33:43.987852798Z,static,full,edge-files,200,3.959157
2026-09-17T03:33:44.047437898Z,static,full,edge-files,200,2.993446
2026-09-17T03:33:44.10716409Z,static,full,edge-files,200,3.048971
2026-09-17T03:33:44.168034819Z,static,full,edge-files,200,3.07106
2026-09-17T03:33:44.227653993Z,static,full,edge-files,200,3.00462
2026-09-17T03:33:44.288079066Z,static,full,edge-files,200,3.622653
2026-09-17T03:33:44.348270503Z,static,full,edge-files,200,3.364664
2026-09-17T03:33:44.408052711Z,static,full,edge-files,200,3.15519
2026-09-17T03:33:44.468200724Z,static,full,edge-files,200,3.334537
2026-09-17T03:33:44.527662748Z,static,full,edge-files,200,3.400027
2026-09-17T03:33:44.588300456Z,static,full,edge-files,200,3.807616
2026-09-17T03:33:44.647864938Z,static,full,edge-files,200,3.615983
2026-09-17T03:33:44.707962496Z,static,full,edge-files,200,3.410808
2026-09-17T03:33:44.767890059Z,static,full,edge-files,200,3.117594
2026-09-17T03:33:44.827702514Z,static,full,edge-files,200,3.287908
2026-09-17T03:33:44.887879168Z,static,full,edge-files,200,3.352345
2026-09-17T03:33:44.947800152Z,static,full,edge-files,200,3.22603
2026-09-17T03:33:45.008579435Z,static,full,edge-files,200,4.134489
2026-09-17T03:33:45.067984997Z,static,full,edge-files,200,3.430923
2026-09-17T03:33:45.129408179Z,static,full,edge-files,200,4.771183
2026-09-17T03:33:45.18795666Z,static,full,edge-files,200,3.58904
2026-09-17T03:33:45.24893717Z,static,full,edge-files,200,4.255448
2026-09-17T03:33:45.3076274Z,static,full,edge-files,200,2.768197
2026-09-17T03:33:45.367707938Z,static,full,edge-files,200,3.371204
2026-09-17T03:33:45.427694029Z,static,full,edge-files,200,3.13397
2026-09-17T03:33:45.488919903Z,static,full,edge-files,200,4.271534
2026-09-17T03:33:45.547875257Z,static,full,edge-files,200,3.201057
2026-09-17T03:33:45.607276005Z,static,full,edge-files,200,2.751044
2026-09-17T03:33:45.667158152Z,static,full,edge-files,200,3.207255
2026-09-17T03:33:45.727815631Z,static,full,edge-files,200,2.961507
2026-09-17T03:33:45.787958634Z,static,full,edge-files,200,3.405068
2026-09-17T03:33:45.847534967Z,static,full,edge-files,200,2.974168
2026-09-17T03:33:45.90711659Z,static,full,edge-files,200,2.911334
2026-09-17T03:33:45.96766761Z,static,full,edge-files,200,3.641834
2026-09-17T03:33:46.027828814Z,static,full,edge-files,200,3.489525
2026-09-17T03:33:46.08786327Z,static,full,edge-files,200,3.218336
2026-09-17T03:33:46.147774473Z,static,full,edge-files,200,3.278435
2026-09-17T03:33:46.207834014Z,static,full,edge-files,200,3.107828
2026-09-17T03:33:46.270332372Z,static,full,edge-files,200,5.693274
2026-09-17T03:33:46.32798329Z,static,full,edge-files,200,3.821952
2026-09-17T03:33:46.394255221Z,static,full,edge-files,200,8.899652
2026-09-17T03:33:46.4479831Z,static,full,edge-files,200,3.071324
2026-09-17T03:33:46.51178943Z,static,full,edge-files,200,7.043149
2026-09-17T03:33:46.568230448Z,static,full,edge-files,200,3.807325
2026-09-17T03:33:46.627831783Z,static,full,edge-files,200,3.022352
2026-09-17T03:33:46.690574467Z,static,full,edge-files,200,6.103817
2026-09-17T03:33:46.746976492Z,static,full,edge-files,200,2.769348
2026-09-17T03:33:46.808673259Z,static,full,edge-files,200,3.646259
2026-09-17T03:33:46.868166563Z,static,full,edge-files,200,3.328759
2026-09-17T03:33:46.927303348Z,static,full,edge-files,200,3.378817
2026-09-17T03:33:46.988562859Z,static,full,edge-files,200,3.672392
2026-09-17T03:33:47.047749475Z,static,full,edge-files,200,3.563189
2026-09-17T03:33:47.107654561Z,static,full,edge-files,200,2.99803
2026-09-17T03:33:47.168870963Z,static,full,edge-files,200,3.983118
2026-09-17T03:33:47.227601412Z,static,full,edge-files,200,3.452341
2026-09-17T03:33:47.288890725Z,static,full,edge-files,200,4.386962
2026-09-17T03:33:47.348051428Z,static,full,edge-files,200,3.478723
2026-09-17T03:33:47.407576248Z,static,full,edge-files,200,3.493094
2026-09-17T03:33:47.467496275Z,static,full,edge-files,200,3.08125
2026-09-17T03:33:47.527581875Z,static,full,edge-files,200,3.300911
2026-09-17T03:33:47.588470569Z,static,full,edge-files,200,4.142189
2026-09-17T03:33:47.647167112Z,static,full,edge-files,200,2.99686
2026-09-17T03:33:47.708876304Z,static,full,edge-files,200,3.747516
2026-09-17T03:33:47.768311306Z,static,full,edge-files,200,3.796385
2026-09-17T03:33:47.827616851Z,static,full,edge-files,200,3.557749
2026-09-17T03:33:47.889079746Z,static,full,edge-files,200,4.431621
2026-09-17T03:33:47.948544111Z,static,full,edge-files,200,3.500969
2026-09-17T03:33:48.007599457Z,static,full,edge-files,200,3.081666
2026-09-17T03:33:48.067900669Z,static,full,edge-files,200,3.49867
2026-09-17T03:33:48.128342014Z,static,full,edge-files,200,3.760447
2026-09-17T03:33:48.187309204Z,static,full,edge-files,200,3.30511
2026-09-17T03:33:48.247043142Z,static,full,edge-files,200,2.815507
2026-09-17T03:33:48.30856155Z,static,full,edge-files,200,3.621454
2026-09-17T03:33:48.368791414Z,static,full,edge-files,200,4.289625
2026-09-17T03:33:48.428332879Z,static,full,edge-files,200,3.878651
