timestamp,endpoint,deployment,instance,status,response_time_ms
2026-09-17T05:14:40.069087166Z,static,scaled,edge-files,200,4.516192
2026-09-17T05:14:40.125295278Z,static,scaled,edge-files,200,2.885018
2026-09-17T05:14:40.186022944Z,static,scaled,edge-files,200,2.491802
2026-09-17T05:14:40.246284278Z,static,scaled,edge-files,200,2.860102
2026-09-17T05:14:40.306133334Z,static,scaled,edge-files,200,2.6097
2026-09-17T05:14:40.366661055Z,static,scaled,edge-files,200,2.44871
2026-09-17T05:14:40.425250494Z,static,scaled,edge-files,200,2.649027
2026-09-17T05:14:40.485777898Z,static,scaled,edge-files,200,2.685241
2026-09-17T05:14:40.544977279Z,static,scaled,edge-files,200,2.154549
2026-09-17T05:14:40.605807606Z,static,scaled,edge-files,200,2.46133
2026-09-17T05:14:40.665157379Z,static,scaled,edge-files,200,2.461255
2026-09-17T05:14:40.725524587Z,static,scaled,edge-files,200,2.587024
2026-09-17T05:14:40.785050351Z,static,scaled,edge-files,200,2.502208
2026-09-17T05:14:40.845753876Z,static,scaled,edge-files,200,2.508258
2026-09-17T05:14:40.905775914Z,static,scaled,edge-files,200,2.432493
2026-09-17T05:14:40.96561761Z,static,scaled,edge-files,200,3.009022
2026-09-17T05:14:41.02612817Z,static,scaled,edge-files,200,3.070156
2026-09-17T05:14:41.085598481Z,static,scaled,edge-files,200,2.493222
2026-09-17T05:14:41.145024329Z,static,scaled,edge-files,200,2.187326
2026-09-17T05:14:41.20569123Z,static,scaled,edge-files,200,2.09853
2026-09-17T05:14:41.261264716Z,static,scaled,edge-files,200,2.83978
2026-09-17T05:14:41.320414707Z,static,scaled,edge-files,200,2.543731
2026-09-17T05:14:41.381071131Z,static,scaled,edge-files,200,3.003951
2026-09-17T05:14:41.444337247Z,static,scaled,edge-files,200,5.481313
2026-09-17T05:14:41.502102578Z,static,scaled,edge-files,200,3.124189
2026-09-17T05:14:41.560785816Z,static,scaled,edge-files,200,2.832055
2026-09-17T05:14:41.621611218Z,static,scaled,edge-files,200,3.084837
2026-09-17T05:14:41.681531649Z,static,scaled,edge-files,200,3.215746
2026-09-17T05:14:41.741643602Z,static,scaled,edge-files,200,3.490564
2026-09-17T05:14:41.802022584Z,static,scaled,edge-files,200,3.695218
2026-09-17T05:14:41.862078234Z,static,scaled,edge-files,200,3.206875
2026-09-17T05:14:41.922299735Z,static,scaled,edge-files,200,3.399137
2026-09-17T05:14:41.982369994Z,static,scaled,edge-files,200,3.350465
2026-09-17T05:14:42.042107434Z,static,scaled,edge-files,200,3.104588
2026-09-17T05:14:42.10209395Z,static,scaled,edge-files,200,3.292392
2026-09-17T05:14:42.161338462Z,static,scaled,edge-files,200,3.214902
2026-09-17T05:14:42.221654433Z,static,scaled,edge-files,200,2.680871
2026-09-17T05:14:42.281926236Z,static,scaled,edge-files,200,3.625353
2026-09-17T05:14:42.342604229Z,static,scaled,edge-files,200,3.735201
2026-09-17T05:14:42.401721085Z,static,scaled,edge-files,200,3.239638
2026-09-17T05:14:42.461444892Z,static,scaled,edge-files,200,2.810349
2026-09-17T05:14:42.521659343Z,static,scaled,edge-files,200,3.408349
2026-09-17T05:14:42.580660402Z,static,scaled,edge-files,200,2.434833
2026-09-17T05:14:42.641423049Z,static,scaled,edge-files,200,3.187963
2026-09-17T05:14:42.700855198Z,static,scaled,edge-files,200,2.97417
2026-09-17T05:14:42.761599054Z,static,scaled,edge-files,200,2.812498
2026-09-17T05:14:42.821635483Z,static,scaled,edge-files,200,3.042634
2026-09-17T05:14:42.881327928Z,static,scaled,edge-files,200,3.082846
2026-09-17T05:14:42.941969139Z,static,scaled,edge-files,200,3.045484
2026-09-17T05:14:43.001002619Z,static,scaled,edge-files,200,2.495217
2026-09-17T05:14:43.060855927Z,static,scaled,edge-files,200,2.97389
2026-09-17T05:14:43.121473534Z,static,scaled,edge-files,200,3.051225
2026-09-17T05:14:43.18158781Z,static,scaled,edge-files,200,3.485934
2026-09-17T05:14:43.241254253Z,static,scaled,edge-files,200,2.975031
2026-09-17T05:14:43.30172761Z,static,scaled,edge-files,200,2.83511
2026-09-17T05:14:43.362255532Z,static,scaled,edge-files,200,3.596591
2026-09-17T05:14:43.421700771Z,static,scaled,edge-files,200,3.756151
2026-09-17T05:14:43.481674586Z,static,scaled,edge-files,200,3.288
2026-09-17T05:14:43.541655049Z,static,scaled,edge-files,200,3.056915
2026-09-17T05:14:43.600906736Z,static,scaled,edge-files,200,2.657947
2026-09-17T05:14:43.661390364Z,static,scaled,edge-files,200,2.705951
2026-09-17T05:14:43.720846265Z,static,scaled,edge-files,200,2.937806
2026-09-17T05:14:43.782349273Z,static,scaled,edge-files,200,3.467192
2026-09-17T05:14:43.841098199Z,static,scaled,edge-files,200,2.966814
2026-09-17T05:14:43.901624236Z,static,scaled,edge-files,200,2.931466
2026-09-17T05:14:43.962054941Z,static,scaled,edge-files,200,3.176573
2026-09-17T05:14:44.021775241Z,static,scaled,edge-files,200,3.123135
2026-09-17T05:14:44.081622424Z,static,scaled,edge-files,200,3.083917
2026-09-17T05:14:44.141243775Z,static,scaled,edge-files,200,2.902095
2026-09-17T05:14:44.202085247Z,static,scaled,edge-files,200,3.153362
2026-09-17T05:14:44.26098028Z,static,scaled,edge-files,200,2.882644
2026-09-17T05:14:44.322053869Z,static,scaled,edge-files,200,3.167482
2026-09-17T05:14:44.382067805Z,static,scaled,edge-files,200,3.304683
2026-09-17T05:14:44.441456732Z,static,scaled,edge-files,200,2.735853
2026-09-17T05:14:44.501837184Z,static,scaled,edge-files,200,3.420339
2026-09-17T05:14:44.562019162Z,static,scaled,edge-files,200,3.159792
2026-09-17T05:14:44.621530066Z,static,scaled,edge-files,200,2.850351
2026-09-17T05:14:44.681347965Z,static,scaled,edge-files,200,3.050349
2026-09-17T05:14:44.741293073Z,static,scaled,edge-files,200,2.424042
2026-09-17T05:14:44.800792925Z,static,scaled,edge-files,200,2.794817
2026-09-17T05:14:44.861455617Z,static,scaled,edge-files,200,2.674013
2026-09-17T05:14:44.921028484Z,static,scaled,edge-files,200,2.887978
2026-09-17T05:14:44.982151326Z,static,scaled,edge-files,200,3.248957
2026-09-17T05:14:45.041549558Z,static,scaled,edge-files,200,2.693032
2026-09-17T05:14:45.100797992Z,static,scaled,edge-files,200,2.630937
2026-09-17T05:14:45.161419584Z,static,scaled,edge-files,200,2.782938
2026-09-17T05:14:45.220990111Z,static,scaled,edge-files,200,2.793307
2026-09-17T05:14:45.280902512Z,static,scaled,edge-files,200,2.97733
2026-09-17T05:14:45.342022628Z,static,scaled,edge-files,200,3.483338
2026-09-17T05:14:45.401207405Z,static,scaled,edge-files,200,2.594354
2026-09-17T05:14:45.460433109Z,static,scaled,edge-files,200,2.532239
2026-09-17T05:14:45.52063883Z,static,scaled,edge-files,200,2.598874
2026-09-17T05:14:45.581485193Z,static,scaled,edge-files,200,3.097777
2026-09-17T05:14:45.640855536Z,static,scaled,edge-files,200,2.604215
2026-09-17T05:14:45.700857842Z,static,scaled,edge-files,200,2.491347
2026-09-17T05:14:45.761456769Z,static,scaled,edge-files,200,2.694101
2026-09-17T05:14:45.820868815Z,static,scaled,edge-files,200,2.731742
2026-09-17T05:14:45.881005662Z,static,scaled,edge-files,200,2.503858
2026-09-17T05:14:45.941433595Z,static,scaled,edge-files,200,2.666979
2026-09-17T05:14:46.000976172Z,static,scaled,edge-files,200,3.003902
2026-09-17T05:14:46.061284348Z,static,scaled,edge-files,200,3.323574
2026-09-17T05:14:46.121572203Z,static,scaled,edge-files,200,3.296131
2026-09-17T05:14:46.18068127Z,static,scaled,edge-files,200,2.503039
2026-09-17T05:14:46.240789443Z,static,scaled,edge-files,200,2.564511
2026-09-17T05:14:46.300976501Z,static,scaled,edge-files,200,2.632167
2026-09-17T05:14:46.360586321Z,static,scaled,edge-files,200,2.750184
2026-09-17T05:14:46.420945222Z,static,scaled,edge-files,200,2.824239
2026-09-17T05:14:46.481231701Z,static,scaled,edge-files,200,2.687045
2026-09-17T05:14:46.540355481Z,static,scaled,edge-files,200,2.406628
2026-09-17T05:14:46.601198027Z,static,scaled,edge-files,200,3.050215
2026-09-17T05:14:46.6612965Z,static,scaled,edge-files,200,3.13079
2026-09-17T05:14:46.720641787Z,static,scaled,edge-files,200,2.734627
2026-09-17T05:14:46.781244239Z,static,scaled,edge-files,200,2.897725
2026-09-17T05:14:46.841052672Z,static,scaled,edge-files,200,2.23465
2026-09-17T05:14:46.901502165Z,static,scaled,edge-files,200,2.786372
2026-09-17T05:14:46.961341864Z,static,scaled,edge-files,200,2.960089
2026-09-17T05:14:47.022315236Z,static,scaled,edge-files,200,3.438371
2026-09-17T05:14:47.082189744Z,static,scaled,edge-files,200,3.083507
2026-09-17T05:14:47.141098216Z,static,scaled,edge-files,200,2.883543
2026-09-17T05:14:47.202665498Z,static,scaled,edge-files,200,3.910833
2026-09-17T05:14:47.261190889Z,static,scaled,edge-files,200,2.835535
2026-09-17T05:14:47.322137966Z,static,scaled,edge-files,200,3.265238
2026-09-17T05:14:47.381069528Z,static,scaled,edge-files,200,2.367428
2026-09-17T05:14:47.441534463Z,static,scaled,edge-files,200,2.907053
2026-09-17T05:14:47.501077034Z,static,scaled,edge-files,200,2.759903
2026-09-17T05:14:47.560769408Z,static,scaled,edge-files,200,2.624495
2026-09-17T05:14:47.621517939Z,static,scaled,edge-files,200,3.034812
2026-09-17T05:14:47.681342361Z,static,scaled,edge-files,200,2.856001
2026-09-17T05:14:47.741308342Z,static,scaled,edge-files,200,2.888042
2026-09-17T05:14:47.801858161Z,static,scaled,edge-files,200,3.380506
2026-09-17T05:14:47.862330666Z,static,scaled,edge-files,200,3.567478
2026-09-17T05:14:47.921821639Z,static,scaled,edge-files,200,2.879577
2026-09-17T05:14:47.982079329Z,static,scaled,edge-files,200,3.35719
2026-09-17T05:14:48.041056128Z,static,scaled,edge-files,200,2.597133
2026-09-17T05:14:48.101550975Z,static,scaled,edge-files,200,2.776596
2026-09-17T05:14:48.161604801Z,static,scaled,edge-files,200,3.174262
2026-09-17T05:14:48.221573201Z,static,scaled,edge-files,200,3.1491
2026-09-17T05:14:48.280924961Z,static,scaled,edge-files,200,2.648777
2026-09-17T05:14:48.34151402Z,static,scaled,edge-files,200,2.889902
2026-09-17T05:14:48.401204633Z,static,scaled,edge-files,200,2.747244
2026-09-17T05:14:48.460634779Z,static,scaled,edge-files,200,2.70384
2026-09-17T05:14:48.521098512Z,static,scaled,edge-files,200,2.780045
2026-09-17T05:14:48.581447769Z,static,scaled,edge-files,200,2.55646
2026-09-17T05:14:48.640555392Z,static,scaled,edge-files,200,2.55663
2026-09-17T05:14:48.700749184Z,static,scaled,edge-files,200,2.675443
2026-09-17T05:14:48.760580979Z,static,scaled,edge-files,200,2.666077
2026-09-17T05:14:48.820808128Z,static,scaled,edge-files,200,2.57015
2026-09-17T05:14:48.879447878Z,static,scaled,edge-files,200,2.572831
2026-09-17T05:14:48.940037322Z,static,scaled,edge-files,200,2.755833
2026-09-17T05:14:48.999410093Z,static,scaled,edge-files,200,2.732722
2026-09-17T05:14:49.060041599Z,static,scaled,edge-files,200,2.811208
2026-09-17T05:14:49.119400869Z,static,scaled,edge-files,200,2.576092
2026-09-17T05:14:49.179345038Z,static,scaled,edge-files,200,2.40015
2026-09-17T05:14:49.239402974Z,static,scaled,edge-files,200,2.377677
2026-09-17T05:14:49.299708587Z,static,scaled,edge-files,200,2.639985
2026-09-17T05:14:49.359145364Z,static,scaled,edge-files,200,2.738483
2026-09-17T05:14:49.41993683Z,static,scaled,edge-files,200,3.078265
2026-09-17T05:14:49.479085395Z,static,scaled,edge-files,200,2.375839
2026-09-17T05:14:49.539159268Z,static,scaled,edge-files,200,2.523454
2026-09-17T05:14:49.599875994Z,static,scaled,edge-files,200,3.052374
2026-09-17T05:14:49.65962493Z,static,scaled,edge-files,200,2.853596
2026-09-17T05:14:49.720273345Z,static,scaled,edge-files,200,3.01704
2026-09-17T05:14:49.779326656Z,static,scaled,edge-files,200,2.499927
2026-09-17T05:14:49.839375397Z,static,scaled,edge-files,200,2.488051
2026-09-17T05:14:49.899660814Z,static,scaled,edge-files,200,2.802388
2026-09-17T05:14:49.959314403Z,static,scaled,edge-files,200,2.770735
2026-09-17T05:14:50.019395641Z,static,scaled,edge-files,200,2.480574
2026-09-17T05:14:50.07962995Z,static,scaled,edge-files,200,2.640346
2026-09-17T05:14:50.139696358Z,static,scaled,edge-files,200,2.445793
2026-09-17T05:14:50.200259288Z,static,scaled,edge-files,200,2.956867
2026-09-17T05:14:50.25971377Z,static,scaled,edge-files,200,2.603218
2026-09-17T05:14:50.320578125Z,static,scaled,edge-files,200,3.174611
2026-09-17T05:14:50.379606374Z,static,scaled,edge-files,200,2.543699
2026-09-17T05:14:50.44040884Z,static,scaled,edge-files,200,3.016641
2026-09-17T05:14:50.499823225Z,static,scaled,edge-files,200,2.862621
2026-09-17T05:14:50.559512126Z,static,scaled,edge-files,200,2.808877
2026-09-17T05:14:50.619542501Z,static,scaled,edge-files,200,2.511328
2026-09-17T05:14:50.679767879Z,static,scaled,edge-files,200,2.630525
2026-09-17T05:14:50.740069422Z,static,scaled,edge-files,200,2.684169
2026-09-17T05:14:50.800057875Z,static,scaled,edge-files,200,3.298339
2026-09-17T05:14:50.860302664Z,static,scaled,edge-files,200,3.425538
2026-09-17T05:14:50.919527926Z,static,scaled,edge-files,200,2.673738
2026-09-17T05:14:50.979919166Z,static,scaled,edge-files,200,2.814137
2026-09-17T05:14:51.03905483Z,static,scaled,edge-files,200,2.663538
2026-09-17T05:14:51.099343913Z,static,scaled,edge-files,200,2.713031
2026-09-17T05:14:51.160073234Z,static,scaled,edge-files,200,2.791166
2026-09-17T05:14:51.219492199Z,static,scaled,edge-files,200,2.618475
2026-09-17T05:14:51.279702146Z,static,scaled,edge-files,200,2.663548
2026-09-17T05:14:51.340822043Z,static,scaled,edge-files,200,3.387647
2026-09-17T05:14:51.400292629Z,static,scaled,edge-files,200,2.915235
2026-09-17T05:14:51.460630524Z,static,scaled,edge-files,200,3.430189
2026-09-17T05:14:51.519484501Z,static,scaled,edge-files,200,2.305444
2026-09-17T05:14:51.579730319Z,static,scaled,edge-files,200,2.384929
2026-09-17T05:14:51.639802558Z,static,scaled,edge-files,200,3.320133
2026-09-17T05:14:51.699498511Z,static,scaled,edge-files,200,2.68827
2026-09-17T05:14:51.760090022Z,static,scaled,edge-files,200,2.655527
2026-09-17T05:14:51.819299613Z,static,scaled,edge-files,200,2.614935
2026-09-17T05:14:51.879407912Z,static,scaled,edge-files,200,2.518228
2026-09-17T05:14:51.939654214Z,static,scaled,edge-files,200,2.507868
2026-09-17T05:14:52.000119076Z,static,scaled,edge-files,200,2.824739
2026-09-17T05:14:52.059474298Z,static,scaled,edge-files,200,2.84085
2026-09-17T05:14:52.119920231Z,static,scaled,edge-files,200,2.811027
2026-09-17T05:14:52.179064276Z,static,scaled,edge-files,200,2.461124
2026-09-17T05:14:52.239960425Z,static,scaled,edge-files,200,2.894719
2026-09-17T05:14:52.299821012Z,static,scaled,edge-files,200,3.010771
2026-09-17T05:14:52.35913799Z,static,scaled,edge-files,200,2.527019
2026-09-17T05:14:52.419494197Z,static,scaled,edge-files,200,2.636271
2026-09-17T05:14:52.480067077Z,static,scaled,edge-files,200,2.669068
2026-09-17T05:14:52.540143568Z,static,scaled,edge-files,200,3.185723
2026-09-17T05:14:52.599414111Z,static,scaled,edge-files,200,2.540049
2026-09-17T05:14:52.660311794Z,static,scaled,edge-files,200,3.039543
2026-09-17T05:14:52.719486072Z,static,scaled,edge-files,200,2.500986
2026-09-17T05:14:52.77987024Z,static,scaled,edge-files,200,2.797586
2026-09-17T05:14:52.839585115Z,static,scaled,edge-files,200,3.183773
2026-09-17T05:14:52.900483417Z,static,scaled,edge-files,200,3.349193
2026-09-17T05:14:52.96002597Z,static,scaled,edge-files,200,2.83705
2026-09-17T05:14:53.019356417Z,static,scaled,edge-files,200,2.613854
2026-09-17T05:14:53.079376762Z,static,scaled,edge-files,200,2.172025
2026-09-17T05:14:53.139551927Z,static,scaled,edge-files,200,2.716702
2026-09-17T05:14:53.200348193Z,static,scaled,edge-files,200,2.970587
2026-09-17T05:14:53.259524401Z,static,scaled,edge-files,200,2.452313
2026-09-17T05:14:53.319696771Z,static,scaled,edge-files,200,2.61329
2026-09-17T05:14:53.380044942Z,static,scaled,edge-files,200,2.660317
2026-09-17T05:14:53.439151716Z,static,scaled,edge-files,200,2.621076
2026-09-17T05:14:53.500064079Z,static,scaled,edge-files,200,2.98328
2026-09-17T05:14:53.559169808Z,static,scaled,edge-files,200,2.402787
2026-09-17T05:14:53.619457983Z,static,scaled,edge-files,200,2.647397
2026-09-17T05:14:53.679658491Z,static,scaled,edge-files,200,2.641757
2026-09-17T05:14:53.73999677Z,static,scaled,edge-files,200,2.772471
2026-09-17T05:14:53.799335Z,static,scaled,edge-files,200,2.92165
2026-09-17T05:14:53.859449565Z,static,scaled,edge-files,200,2.439562
2026-09-17T05:14:53.920163095Z,static,scaled,edge-files,200,2.858921
2026-09-17T05:14:53.97957915Z,static,scaled,edge-files,200,2.77283
2026-09-17T05:14:54.040054053Z,static,scaled,edge-files,200,2.863102
2026-09-17T05:14:54.099476247Z,static,scaled,edge-files,200,2.8415
2026-09-17T05:14:54.159096225Z,static,scaled,edge-files,200,2.720481
2026-09-17T05:14:54.219187973Z,static,scaled,edge-files,200,2.53269
2026-09-17T05:14:54.279431753Z,static,scaled,edge-files,200,2.566222
2026-09-17T05:14:54.339833496Z,static,scaled,edge-files,200,2.815102
2026-09-17T05:14:54.400100791Z,static,scaled,edge-files,200,2.762595
2026-09-17T05:14:54.459527316Z,static,scaled,edge-files,200,2.557731
2026-09-17T05:14:54.518965631Z,static,scaled,edge-files,200,2.605754
2026-09-17T05:14:54.580122382Z,static,scaled,edge-files,200,3.486733
2026-09-17T05:14:54.639972884Z,static,scaled,edge-files,200,3.01803
2026-09-17T05:14:54.699799496Z,static,scaled,edge-files,200,3.344994
2026-09-17T05:14:54.759898665Z,static,scaled,edge-files,200,3.277788
2026-09-17T05:14:54.819636091Z,static,scaled,edge-files,200,2.267891
2026-09-17T05:14:54.88018127Z,static,scaled,edge-files,200,2.653401
2026-09-17T05:14:54.9401971Z,static,scaled,edge-files,200,3.163677
2026-09-17T05:14:55.000070138Z,static,scaled,edge-files,200,3.477057
2026-09-17T05:14:55.059249806Z,static,scaled,edge-files,200,2.70415
2026-09-17T05:14:55.119974218Z,static,scaled,edge-files,200,2.652118
2026-09-17T05:14:55.179490207Z,static,scaled,edge-files,200,2.793896
2026-09-17T05:14:55.240281624Z,static,scaled,edge-files,200,3.143869
2026-09-17T05:14:55.299916282Z,static,scaled,edge-files,200,2.863261
2026-09-17T05:14:55.359537495Z,static,scaled,edge-files,200,2.813681
2026-09-17T05:14:55.420166516Z,static,scaled,edge-files,200,2.87263
2026-09-17T05:14:55.479790188Z,static,scaled,edge-files,200,3.038236
2026-09-17T05:14:55.540404091Z,static,scaled,edge-files,200,3.035086
2026-09-17T05:14:55.60006733Z,static,scaled,edge-files,200,3.140934
2026-09-17T05:14:55.659093226Z,static,scaled,edge-files,200,2.666211
2026-09-17T05:14:55.719760783Z,static,scaled,edge-files,200,3.017805
2026-09-17T05:14:55.780662025Z,static,scaled,edge-files,200,2.979352
2026-09-17T05:14:55.840339625Z,static,scaled,edge-files,200,2.937869
2026-09-17T05:14:55.900131143Z,static,scaled,edge-files,200,3.125642
2026-09-17T05:14:55.959898525Z,static,scaled,edge-files,200,2.99068
2026-09-17T05:14:56.019330763Z,static,scaled,edge-files,200,2.802541
2026-09-17T05:14:56.079995699Z,static,scaled,edge-files,200,2.999513
2026-09-17T05:14:56.140210578Z,static,scaled,edge-files,200,3.013765
2026-09-17T05:14:56.199988972Z,static,scaled,edge-files,200,3.000699
2026-09-17T05:14:56.25931211Z,static,scaled,edge-files,200,2.602686
2026-09-17T05:14:56.320115548Z,static,scaled,edge-files,200,2.965051
2026-09-17T05:14:56.379906941Z,static,scaled,edge-files,200,3.210605
2026-09-17T05:14:56.439646676Z,static,scaled,edge-files,200,2.673328
2026-09-17T05:14:56.499663742Z,static,scaled,edge-files,200,2.768987
2026-09-17T05:14:56.560097234Z,static,scaled,edge-files,200,2.732406
2026-09-17T05:14:56.61918684Z,static,scaled,edge-files,200,2.442631
2026-09-17T05:14:56.679737615Z,static,scaled,edge-files,200,2.889576
2026-09-17T05:14:56.740192434Z,static,scaled,edge-files,200,2.935275
2026-09-17T05:14:56.799370144Z,static,scaled,edge-files,200,2.536962
2026-09-17T05:14:56.859646616Z,static,scaled,edge-files,200,2.566744
2026-09-17T05:14:56.91999111Z,static,scaled,edge-files,200,2.63971
2026-09-17T05:14:56.979546902Z,static,scaled,edge-files,200,2.725485
2026-09-17T05:14:57.040075329Z,static,scaled,edge-files,200,2.799769
2026-09-17T05:14:57.100298166Z,static,scaled,edge-files,200,3.540255
2026-09-17T05:14:57.159484284Z,static,scaled,edge-files,200,2.422745
2026-09-17T05:14:57.220098128Z,static,scaled,edge-files,200,2.729575
2026-09-17T05:14:57.280250679Z,static,scaled,edge-files,200,3.506398
2026-09-17T05:14:57.339423271Z,static,scaled,edge-files,200,2.631894
2026-09-17T05:14:57.399366674Z,static,scaled,edge-files,200,2.461317
2026-09-17T05:14:57.459738501Z,static,scaled,edge-files,200,2.457066
2026-09-17T05:14:57.520129569Z,static,scaled,edge-files,200,2.772319
2026-09-17T05:14:57.579921174Z,static,scaled,edge-files,200,2.813897
2026-09-17T05:14:57.640125313Z,static,scaled,edge-files,200,2.874435
2026-09-17T05:14:57.699233104Z,static,scaled,edge-files,200,2.502609
2026-09-17T05:14:57.75942536Z,static,scaled,edge-files,200,2.443645
2026-09-17T05:14:57.819674398Z,static,scaled,edge-files,200,2.594516
2026-09-17T05:14:57.880250849Z,static,scaled,edge-files,200,2.822111
2026-09-17T05:14:57.939412141Z,static,scaled,edge-files,200,2.55786
2026-09-17T05:14:57.999219794Z,static,scaled,edge-files,200,2.371471
2026-09-17T05:14:58.059512017Z,static,scaled,edge-files,200,2.450306
2026-09-17T05:14:58.119291123Z,static,scaled,edge-files,200,2.267614
2026-09-17T05:14:58.179429104Z,static,scaled,edge-files,200,2.578584
2026-09-17T05:14:58.23992373Z,static,scaled,edge-files,200,2.801309
2026-09-17T05:14:58.299235645Z,static,scaled,edge-files,200,2.79427
2026-09-17T05:14:58.359387528Z,static,scaled,edge-files,200,2.312197
2026-09-17T05:14:58.419869692Z,static,scaled,edge-files,200,2.977542
2026-09-17T05:14:58.479344729Z,static,scaled,edge-files,200,2.900136
2026-09-17T05:14:58.539815643Z,static,scaled,edge-files,200,2.799399
2026-09-17T05:14:58.599827966Z,static,scaled,edge-files,200,2.602347
2026-09-17T05:14:58.659130721Z,static,scaled,edge-files,200,2.494534
2026-09-17T05:14:58.719402582Z,static,scaled,edge-files,200,2.655541
2026-09-17T05:14:58.779754038Z,static,scaled,edge-files,200,2.79267
2026-09-17T05:14:58.840217201Z,static,scaled,edge-files,200,2.800641
2026-09-17T05:14:58.899410838Z,static,scaled,edge-files,200,2.586645
2026-09-17T05:14:58.959755753Z,static,scaled,edge-files,200,2.536381
2026-09-17T05:14:59.020031303Z,static,scaled,edge-files,200,2.672061
2026-09-17T05:14:59.079320188Z,static,scaled,edge-files,200,2.619197
2026-09-17T05:14:59.140152562Z,static,scaled,edge-files,200,3.069175
2026-09-17T05:14:59.199248737Z,static,scaled,edge-files,200,2.551383
2026-09-17T05:14:59.259752944Z,static,scaled,edge-files,200,2.679472
2026-09-17T05:14:59.319897196Z,static,scaled,edge-files,200,2.483698
2026-09-17T05:14:59.379311903Z,static,scaled,edge-files,200,2.698269
2026-09-17T05:14:59.440102257Z,static,scaled,edge-files,200,3.103416
2026-09-17T05:14:59.499363935Z,static,scaled,edge-files,200,2.607098
2026-09-17T05:14:59.560066455Z,static,scaled,edge-files,200,2.882311
2026-09-17T05:14:59.619629006Z,static,scaled,edge-files,200,2.962321
2026-09-17T05:14:59.679899887Z,static,scaled,edge-files,200,2.751016
2026-09-17T05:14:59.739167659Z,static,scaled,edge-files,200,2.543423
2026-09-17T05:14:59.799349443Z,static,scaled,edge-files,200,2.477029
2026-09-17T05:14:59.860067924Z,static,scaled,edge-files,200,2.714144
2026-09-17T05:14:59.919441564Z,static,scaled,edge-files,200,2.776669
2026-09-17T05:14:59.979934179Z,static,scaled,edge-files,200,2.769869
2026-09-17T05:15:00.03902246Z,static,scaled,edge-files,200,2.528001
2026-09-17T05:15:00.100130988Z,static,scaled,edge-files,200,3.318055
2026-09-17T05:15:00.159146902Z,static,scaled,edge-files,200,2.663141
2026-09-17T05:15:00.219719328Z,static,scaled,edge-files,200,2.798825
2026-09-17T05:15:00.280216589Z,static,scaled,edge-files,200,2.748377
2026-09-17T05:15:00.339672395Z,static,scaled,edge-files,200,2.623639
2026-09-17T05:15:00.399757717Z,static,scaled,edge-files,200,2.497934
2026-09-17T05:15:00.459159784Z,static,scaled,edge-files,200,2.335062
2026-09-17T05:15:00.519605147Z,static,scaled,edge-files,200,2.703193
2026-09-17T05:15:00.580083852Z,static,scaled,edge-files,200,2.783388
2026-09-17T05:15:00.639365946Z,static,scaled,edge-files,200,2.543983
2026-09-17T05:15:00.699474736Z,static,scaled,edge-files,200,2.568645
2026-09-17T05:15:00.759088402Z,static,scaled,edge-files,200,2.720054
2026-09-17T05:15:00.819718806Z,static,scaled,edge-files,200,3.047407
2026-09-17T05:15:00.880199471Z,static,scaled,edge-files,200,2.765488
2026-09-17T05:15:00.939506219Z,static,scaled,edge-files,200,2.56856
2026-09-17T05:15:00.999609963Z,static,scaled,edge-files,200,2.529011
2026-09-17T05:15:01.059112282Z,static,scaled,edge-files,200,2.713866
2026-09-17T05:15:01.119748107Z,static,scaled,edge-files,200,2.884197
2026-09-17T05:15:01.179246015Z,static,scaled,edge-files,200,2.602296
2026-09-17T05:15:01.239575653Z,static,scaled,edge-files,200,2.552333
2026-09-17T05:15:01.299964632Z,static,scaled,edge-files,200,2.698643
2026-09-17T05:15:01.359718666Z,static,scaled,edge-files,200,2.728444
2026-09-17T05:15:01.420103874Z,static,scaled,edge-files,200,2.809421
2026-09-17T05:15:01.479376788Z,static,scaled,edge-files,200,2.682822
2026-09-17T05:15:01.539511678Z,static,scaled,edge-files,200,2.670162
2026-09-17T05:15:01.600107081Z,static,scaled,edge-files,200,2.774138
2026-09-17T05:15:01.659888673Z,static,scaled,edge-files,200,3.317019
2026-09-17T05:15:01.720207102Z,static,scaled,edge-files,200,2.845343
2026-09-17T05:15:01.779293263Z,static,scaled,edge-files,200,2.527921
2026-09-17T05:15:01.840079108Z,static,scaled,edge-files,200,3.268382
2026-09-17T05:15:01.899706735Z,static,scaled,edge-files,200,2.818132
2026-09-17T05:15:01.959232594Z,static,scaled,edge-files,200,2.686242
2026-09-17T05:15:02.019318192Z,static,scaled,edge-files,200,2.464977
2026-09-17T05:15:02.079963138Z,static,scaled,edge-files,200,2.720584
2026-09-17T05:15:02.139254932Z,static,scaled,edge-files,200,2.776768
2026-09-17T05:15:02.199284481Z,static,scaled,edge-files,200,2.548478
2026-09-17T05:15:02.259712908Z,static,scaled,edge-files,200,2.494999
2026-09-17T05:15:02.319363885Z,static,scaled,edge-files,200,2.905387
2026-09-17T05:15:02.379226918Z,static,scaled,edge-files,200,2.400403
2026-09-17T05:15:02.439238951Z,static,scaled,edge-files,200,2.435115
2026-09-17T05:15:02.499735058Z,static,scaled,edge-files,200,2.821022
2026-09-17T05:15:02.559882155Z,static,scaled,edge-files,200,3.17718
2026-09-17T05:15:02.619165364Z,static,scaled,edge-files,200,2.684413
2026-09-17T05:15:02.679384431Z,static,scaled,edge-files,200,2.673182
2026-09-17T05:15:02.73979544Z,static,scaled,edge-files,200,2.95448
2026-09-17T05:15:02.799975994Z,static,scaled,edge-files,200,2.557193
2026-09-17T05:15:02.859660045Z,static,scaled,edge-files,200,2.860444
2026-09-17T05:15:02.919967659Z,static,scaled,edge-files,200,3.378033
2026-09-17T05:15:02.979153636Z,static,scaled,edge-files,200,2.688942
2026-09-17T05:15:03.039857206Z,static,scaled,edge-files,200,2.988104
2026-09-17T05:15:03.100535104Z,static,scaled,edge-files,200,3.059048
2026-09-17T05:15:03.160380846Z,static,scaled,edge-files,200,3.799563
2026-09-17T05:15:03.219619696Z,static,scaled,edge-files,200,2.668511
2026-09-17T05:15:03.280288343Z,static,scaled,edge-files,200,2.968751
2026-09-17T05:15:03.339662897Z,static,scaled,edge-files,200,2.629111
2026-09-17T05:15:03.400118375Z,static,scaled,edge-files,200,2.833917
2026-09-17T05:15:03.459627209Z,static,scaled,edge-files,200,2.782072
2026-09-17T05:15:03.520108059Z,static,scaled,edge-files,200,2.961836
2026-09-17T05:15:03.579628594Z,static,scaled,edge-files,200,2.830586
2026-09-17T05:15:03.640072731Z,static,scaled,edge-files,200,2.653672
2026-09-17T05:15:03.699439775Z,static,scaled,edge-files,200,2.405213
2026-09-17T05:15:03.760214557Z,static,scaled,edge-files,200,2.762841
2026-09-17T05:15:03.819982151Z,static,scaled,edge-files,200,3.027971
2026-09-17T05:15:03.879560472Z,static,scaled,edge-files,200,2.932644
2026-09-17T05:15:03.9402964Z,static,scaled,edge-files,200,2.905582
2026-09-17T05:15:04.000130841Z,static,scaled,edge-files,200,2.932584
2026-09-17T05:15:04.060396663Z,static,scaled,edge-files,200,3.344666
2026-09-17T05:15:04.119982914Z,static,scaled,edge-files,200,3.038472
2026-09-17T05:15:04.179441367Z,static,scaled,edge-files,200,2.73373
2026-09-17T05:15:04.240060655Z,static,scaled,edge-files,200,2.868058
2026-09-17T05:15:04.299917168Z,static,scaled,edge-files,200,3.081036
2026-09-17T05:15:04.360021187Z,static,scaled,edge-files,200,3.267299
2026-09-17T05:15:04.419944883Z,static,scaled,edge-files,200,3.193013
2026-09-17T05:15:04.479960961Z,static,scaled,edge-files,200,3.442657
2026-09-17T05:15:04.539448421Z,static,scaled,edge-files,200,2.785863
2026-09-17T05:15:04.59995229Z,static,scaled,edge-files,200,2.637537
2026-09-17T05:15:04.659474717Z,static,scaled,edge-files,200,2.775902
2026-09-17T05:15:04.720348696Z,static,scaled,edge-files,200,3.143735
2026-09-17T05:15:04.779381465Z,static,scaled,edge-files,200,2.48467
2026-09-17T05:15:04.839474674Z,static,scaled,edge-files,200,2.428546
2026-09-17T05:15:04.900058882Z,static,scaled,edge-files,200,2.7539
2026-09-17T05:15:04.960161742Z,static,scaled,edge-files,200,3.13629
2026-09-17T05:15:05.019822624Z,static,scaled,edge-files,200,3.034597
2026-09-17T05:15:05.080722215Z,static,scaled,edge-files,200,3.252353
2026-09-17T05:15:05.139944532Z,static,scaled,edge-files,200,2.716808
2026-09-17T05:15:05.199181247Z,static,scaled,edge-files,200,2.744349
2026-09-17T05:15:05.260331237Z,static,scaled,edge-files,200,3.292371
2026-09-17T05:15:05.319583503Z,static,scaled,edge-files,200,2.532483
2026-09-17T05:15:05.380108499Z,static,scaled,edge-files,200,2.801459
2026-09-17T05:15:05.439496693Z,static,scaled,edge-files,200,2.683935
2026-09-17T05:15:05.499755414Z,static,scaled,edge-files,200,2.543314
2026-09-17T05:15:05.559220977Z,static,scaled,edge-files,200,2.650853
2026-09-17T05:15:05.620845269Z,static,scaled,edge-files,200,3.31495
2026-09-17T05:15:05.679620452Z,static,scaled,edge-files,200,2.49114
2026-09-17T05:15:05.739890876Z,static,scaled,edge-files,200,2.584957
2026-09-17T05:15:05.800206182Z,static,scaled,edge-files,200,2.722018
2026-09-17T05:15:05.860194134Z,static,scaled,edge-files,200,2.928033
2026-09-17T05:15:05.919283466Z,static,scaled,edge-files,200,2.500431
2026-09-17T05:15:05.979236166Z,static,scaled,edge-files,200,2.325307
2026-09-17T05:15:06.039545771Z,static,scaled,edge-files,200,2.515582
2026-09-17T05:15:06.100090016Z,static,scaled,edge-files,200,2.593198
2026-09-17T05:15:06.159679127Z,static,scaled,edge-files,200,2.678025
2026-09-17T05:15:06.220385284Z,static,scaled,edge-files,200,3.01844
2026-09-17T05:15:06.279624657Z,static,scaled,edge-files,200,2.660103
2026-09-17T05:15:06.340058664Z,static,scaled,edge-files,200,2.654652
2026-09-17T05:15:06.39957511Z,static,scaled,edge-files,200,2.679986
2026-09-17T05:15:06.459149629Z,static,scaled,edge-files,200,2.764111
2026-09-17T05:15:06.51951147Z,static,scaled,edge-files,200,2.758771
2026-09-17T05:15:06.579736539Z,static,scaled,edge-files,200,2.624831
2026-09-17T05:15:06.639337602Z,static,scaled,edge-files,200,2.841337
2026-09-17T05:15:06.699506536Z,static,scaled,edge-files,200,2.668393
2026-09-17T05:15:06.76015935Z,static,scaled,edge-files,200,2.771081
2026-09-17T05:15:06.819867999Z,static,scaled,edge-files,200,2.898221
2026-09-17T05:15:06.879024878Z,static,scaled,edge-files,200,2.655923
2026-09-17T05:15:06.939223895Z,static,scaled,edge-files,200,2.595518
2026-09-17T05:15:06.999405772Z,static,scaled,edge-files,200,2.716767
2026-09-17T05:15:07.059983378Z,static,scaled,edge-files,200,2.940675
2026-09-17T05:15:07.118877687Z,static,scaled,edge-files,200,2.215499
2026-09-17T05:15:07.179331875Z,static,scaled,edge-files,200,2.806954
2026-09-17T05:15:07.23964783Z,static,scaled,edge-files,200,2.68051
2026-09-17T05:15:07.300073147Z,static,scaled,edge-files,200,2.825146
2026-09-17T05:15:07.36133562Z,static,scaled,edge-files,200,4.204127
2026-09-17T05:15:07.419578874Z,static,scaled,edge-files,200,2.647132
2026-09-17T05:15:07.479792681Z,static,scaled,edge-files,200,2.587907
2026-09-17T05:15:07.540412172Z,static,scaled,edge-files,200,3.044163
2026-09-17T05:15:07.599742943Z,static,scaled,edge-files,200,2.861239
2026-09-17T05:15:07.658922567Z,static,scaled,edge-files,200,2.48881
2026-09-17T05:15:07.719527805Z,static,scaled,edge-files,200,2.871919
2026-09-17T05:15:07.77996221Z,static,scaled,edge-files,200,2.786018
2026-09-17T05:15:07.839783327Z,static,scaled,edge-files,200,3.211715
2026-09-17T05:15:07.900461291Z,static,scaled,edge-files,200,3.057304
2026-09-17T05:15:07.960490596Z,static,scaled,edge-files,200,3.100446
2026-09-17T05:15:08.01934048Z,static,scaled,edge-files,200,2.402313
2026-09-17T05:15:08.079457943Z,static,scaled,edge-files,200,2.345819
2026-09-17T05:15:08.140096653Z,static,scaled,edge-files,200,2.955166
2026-09-17T05:15:08.199541904Z,static,scaled,edge-files,200,2.772172
2026-09-17T05:15:08.260360338Z,static,scaled,edge-files,200,2.952136
2026-09-17T05:15:08.319013379Z,static,scaled,edge-files,200,2.087369
2026-09-17T05:15:08.379422052Z,static,scaled,edge-files,200,2.702356
2026-09-17T05:15:08.440516273Z,static,scaled,edge-files,200,3.464139
2026-09-17T05:15:08.500492528Z,static,scaled,edge-files,200,3.239137
2026-09-17T05:15:08.560086911Z,static,scaled,edge-files,200,2.859368
2026-09-17T05:15:08.619453684Z,static,scaled,edge-files,200,2.672905
2026-09-17T05:15:08.679730528Z,static,scaled,edge-files,200,2.62084
2026-09-17T05:15:08.740054057Z,static,scaled,edge-files,200,2.642692
2026-09-17T05:15:08.799705032Z,static,scaled,edge-files,200,3.039287
2026-09-17T05:15:08.860119887Z,static,scaled,edge-files,200,2.793033
2026-09-17T05:15:08.91960987Z,static,scaled,edge-files,200,2.768251
2026-09-17T05:15:08.979747475Z,static,scaled,edge-files,200,2.603648
2026-09-17T05:15:09.040165508Z,static,scaled,edge-files,200,2.731729
2026-09-17T05:15:09.099387562Z,static,scaled,edge-files,200,2.61513
2026-09-17T05:15:09.159582869Z,static,scaled,edge-files,200,2.527073
2026-09-17T05:15:09.219735354Z,static,scaled,edge-files,200,2.559286
2026-09-17T05:15:09.280024742Z,static,scaled,edge-files,200,2.586953
2026-09-17T05:15:09.33949239Z,static,scaled,edge-files,200,2.931724
2026-09-17T05:15:09.400455757Z,static,scaled,edge-files,200,3.009061
2026-09-17T05:15:09.459779457Z,static,scaled,edge-files,200,2.62261
2026-09-17T05:15:09.52042951Z,static,scaled,edge-files,200,3.046432
2026-09-17T05:15:09.580052893Z,static,scaled,edge-files,200,2.993929
2026-09-17T05:15:09.639886184Z,static,scaled,edge-files,200,2.970491
2026-09-17T05:15:09.699419039Z,static,scaled,edge-files,200,2.802014
2026-09-17T05:15:09.759842115Z,static,scaled,edge-files,200,2.667643
2026-09-17T05:15:09.820229771Z,static,scaled,edge-files,200,2.824801
2026-09-17T05:15:09.879395456Z,static,scaled,edge-files,200,2.501491
2026-09-17T05:15:09.939903366Z,static,scaled,edge-files,200,3.005259
2026-09-17T05:15:09.99911897Z,static,scaled,edge-files,200,2.601418
2026-09-17T05:15:10.059260462Z,static,scaled,edge-files,200,2.536023
2026-09-17T05:15:10.118766058Z,static,scaled,edge-files,200,2.310756
2026-09-17T05:15:10.179813771Z,static,scaled,edge-files,200,2.442517
2026-09-17T05:15:10.239140813Z,static,scaled,edge-files,200,2.462378
2026-09-17T05:15:10.29944922Z,static,scaled,edge-files,200,2.655662
2026-09-17T05:15:10.359592482Z,static,scaled,edge-files,200,2.403373
2026-09-17T05:15:10.419937472Z,static,scaled,edge-files,200,2.723037
2026-09-17T05:15:10.478985321Z,static,scaled,edge-files,200,2.157165
2026-09-17T05:15:10.539431338Z,static,scaled,edge-files,200,2.765191
2026-09-17T05:15:10.59968979Z,static,scaled,edge-files,200,2.774882
2026-09-17T05:15:10.658911464Z,static,scaled,edge-files,200,2.362211
2026-09-17T05:15:10.719007052Z,static,scaled,edge-files,200,2.386062
2026-09-17T05:15:10.779859181Z,static,scaled,edge-files,200,3.238037
2026-09-17T05:15:10.839511316Z,static,scaled,edge-files,200,3.100307
2026-09-17T05:15:10.900325601Z,static,scaled,edge-files,200,3.155781
2026-09-17T05:15:10.959925119Z,static,scaled,edge-files,200,2.792698
2026-09-17T05:15:11.019729181Z,static,scaled,edge-files,200,3.027551
2026-09-17T05:15:11.080333166Z,static,scaled,edge-files,200,2.785488
2026-09-17T05:15:11.140086913Z,static,scaled,edge-files,200,3.092716
2026-09-17T05:15:11.199948836Z,static,scaled,edge-files,200,3.169371
2026-09-17T05:15:11.25958599Z,static,scaled,edge-files,200,2.757165
2026-09-17T05:15:11.320056259Z,static,scaled,edge-files,200,2.850698
2026-09-17T05:15:11.380173912Z,static,scaled,edge-files,200,3.254287
2026-09-17T05:15:11.440017645Z,static,scaled,edge-files,200,3.25342
2026-09-17T05:15:11.499633792Z,static,scaled,edge-files,200,2.823585
2026-09-17T05:15:11.560475062Z,static,scaled,edge-files,200,3.256318
2026-09-17T05:15:11.620174245Z,static,scaled,edge-files,200,2.975861
2026-09-17T05:15:11.679402431Z,static,scaled,edge-files,200,2.62176
2026-09-17T05:15:11.739964638Z,static,scaled,edge-files,200,2.877534
2026-09-17T05:15:11.799126124Z,static,scaled,edge-files,200,2.5277
2026-09-17T05:15:11.859416659Z,static,scaled,edge-files,200,2.786627
2026-09-17T05:15:11.920320267Z,static,scaled,edge-files,200,2.89862
2026-09-17T05:15:11.980077797Z,static,scaled,edge-files,200,3.086007
2026-09-17T05:15:12.039710921Z,static,scaled,edge-files,200,3.03837
2026-09-17T05:15:12.100437477Z,static,scaled,edge-files,200,3.016673
2026-09-17T05:15:12.159727572Z,static,scaled,edge-files,200,2.591494
2026-09-17T05:15:12.219136833Z,static,scaled,edge-files,200,2.728662
2026-09-17T05:15:12.279868496Z,static,scaled,edge-files,200,3.10795
2026-09-17T05:15:12.339919542Z,static,scaled,edge-files,200,3.250929
2026-09-17T05:15:12.400458592Z,static,scaled,edge-files,200,3.377977
2026-09-17T05:15:12.459819162Z,static,scaled,edge-files,200,2.609926
2026-09-17T05:15:12.519501475Z,static,scaled,edge-files,200,3.011047
2026-09-17T05:15:12.579820429Z,static,scaled,edge-files,200,2.553681
2026-09-17T05:15:12.639829813Z,static,scaled,edge-files,200,2.348858
2026-09-17T05:15:12.70002688Z,static,scaled,edge-files,200,2.586853
2026-09-17T05:15:12.759222677Z,static,scaled,edge-files,200,2.468396
2026-09-17T05:15:12.819975294Z,static,scaled,edge-files,200,3.016363
2026-09-17T05:15:12.880304759Z,static,scaled,edge-files,200,3.401089
2026-09-17T05:15:12.939806467Z,static,scaled,edge-files,200,2.895754
2026-09-17T05:15:13.000437658Z,static,scaled,edge-files,200,3.05992
2026-09-17T05:15:13.059740395Z,static,scaled,edge-files,200,2.482782
2026-09-17T05:15:13.119753634Z,static,scaled,edge-files,200,2.461515
2026-09-17T05:15:13.179397673Z,static,scaled,edge-files,200,2.817389
2026-09-17T05:15:13.239835707Z,static,scaled,edge-files,200,2.81814
2026-09-17T05:15:13.298639789Z,static,scaled,edge-files,200,2.304386
2026-09-17T05:15:13.358806054Z,static,scaled,edge-files,200,2.326156
2026-09-17T05:15:13.419208604Z,static,scaled,edge-files,200,2.643857
2026-09-17T05:15:13.479503967Z,static,scaled,edge-files,200,2.67474
2026-09-17T05:15:13.539612652Z,static,scaled,edge-files,200,2.45402
2026-09-17T05:15:13.599997166Z,static,scaled,edge-files,200,2.863472
2026-09-17T05:15:13.659060817Z,static,scaled,edge-files,200,2.494963
2026-09-17T05:15:13.719629948Z,static,scaled,edge-files,200,2.945936
2026-09-17T05:15:13.780403983Z,static,scaled,edge-files,200,3.103689
2026-09-17T05:15:13.839962656Z,static,scaled,edge-files,200,2.986376
2026-09-17T05:15:13.899109423Z,static,scaled,edge-files,200,2.476627
2026-09-17T05:15:13.959805822Z,static,scaled,edge-files,200,2.81892
2026-09-17T05:15:14.019886881Z,static,scaled,edge-files,200,2.550641
2026-09-17T05:15:14.07921767Z,static,scaled,edge-files,200,2.617316
2026-09-17T05:15:14.140090981Z,static,scaled,edge-files,200,3.252929
2026-09-17T05:15:14.19930312Z,static,scaled,edge-files,200,2.73889
2026-09-17T05:15:14.259860793Z,static,scaled,edge-files,200,2.769195
2026-09-17T05:15:14.320212348Z,static,scaled,edge-files,200,2.784207
2026-09-17T05:15:14.379712475Z,static,scaled,edge-files,200,2.935968
2026-09-17T05:15:14.439962438Z,static,scaled,edge-files,200,2.702952
2026-09-17T05:15:14.498900351Z,static,scaled,edge-files,200,2.444535
2026-09-17T05:15:14.559332133Z,static,scaled,edge-files,200,2.476937
2026-09-17T05:15:14.619652479Z,static,scaled,edge-files,200,2.629907
2026-09-17T05:15:14.680110962Z,static,scaled,edge-files,200,2.858392
2026-09-17T05:15:14.739245507Z,static,scaled,edge-files,200,2.54603
2026-09-17T05:15:14.799477101Z,static,scaled,edge-files,200,2.546971
2026-09-17T05:15:14.859735616Z,static,scaled,edge-files,200,2.538931
2026-09-17T05:15:14.919847917Z,static,scaled,edge-files,200,2.443914
2026-09-17T05:15:14.979053927Z,static,scaled,edge-files,200,2.632976
2026-09-17T05:15:15.039852789Z,static,scaled,edge-files,200,2.977686
2026-09-17T05:15:15.099742608Z,static,scaled,edge-files,200,2.38215
2026-09-17T05:15:15.159201398Z,static,scaled,edge-files,200,2.453205
2026-09-17T05:15:15.219579014Z,static,scaled,edge-files,200,2.568123
2026-09-17T05:15:15.280357123Z,static,scaled,edge-files,200,2.927436
2026-09-17T05:15:15.340024139Z,static,scaled,edge-files,200,2.912172
2026-09-17T05:15:15.399380394Z,static,scaled,edge-files,200,2.808758
2026-09-17T05:15:15.459674339Z,static,scaled,edge-files,200,2.548692
2026-09-17T05:15:15.520178611Z,static,scaled,edge-files,200,2.958654
2026-09-17T05:15:15.579427853Z,static,scaled,edge-files,200,2.60104
2026-09-17T05:15:15.639819148Z,static,scaled,edge-files,200,2.617275
2026-09-17T05:15:15.698965814Z,static,scaled,edge-files,200,2.55231
2026-09-17T05:15:15.75931014Z,static,scaled,edge-files,200,2.51972
2026-09-17T05:15:15.819680647Z,static,scaled,edge-files,200,2.757284
2026-09-17T05:15:15.880280791Z,static,scaled,edge-files,200,2.946549
2026-09-17T05:15:15.939477829Z,static,scaled,edge-files,200,2.513798
2026-09-17T05:15:15.999560009Z,static,scaled,edge-files,200,2.568323
2026-09-17T05:15:16.059988931Z,static,scaled,edge-files,200,2.692161
2026-09-17T05:15:16.119244053Z,static,scaled,edge-files,200,2.67794
2026-09-17T05:15:16.179881401Z,static,scaled,edge-files,200,2.867253
2026-09-17T05:15:16.238793322Z,static,scaled,edge-files,200,2.340877
2026-09-17T05:15:16.299061793Z,static,scaled,edge-files,200,2.479236
2026-09-17T05:15:16.359699719Z,static,scaled,edge-files,200,2.647838
2026-09-17T05:15:16.420214619Z,static,scaled,edge-files,200,2.870163
2026-09-17T05:15:16.479731864Z,static,scaled,edge-files,200,2.829585
2026-09-17T05:15:16.540058216Z,static,scaled,edge-files,200,2.688721
2026-09-17T05:15:16.599569655Z,static,scaled,edge-files,200,2.869213
2026-09-17T05:15:16.660001978Z,static,scaled,edge-files,200,2.653188
2026-09-17T05:15:16.719637494Z,static,scaled,edge-files,200,2.996801
2026-09-17T05:15:16.780365648Z,static,scaled,edge-files,200,3.212575
2026-09-17T05:15:16.839401988Z,static,scaled,edge-files,200,2.509509
2026-09-17T05:15:16.899593723Z,static,scaled,edge-files,200,2.684391
2026-09-17T05:15:16.959820453Z,static,scaled,edge-files,200,2.51842
2026-09-17T05:15:17.019236907Z,static,scaled,edge-files,200,2.870212
2026-09-17T05:15:17.079478487Z,static,scaled,edge-files,200,2.518039
2026-09-17T05:15:17.139401695Z,static,scaled,edge-files,200,2.265132
2026-09-17T05:15:17.19972866Z,static,scaled,edge-files,200,2.610955
2026-09-17T05:15:17.259214299Z,static,scaled,edge-files,200,2.689631
2026-09-17T05:15:17.320015866Z,static,scaled,edge-files,200,2.952428
2026-09-17T05:15:17.379516166Z,static,scaled,edge-files,200,2.983201
2026-09-17T05:15:17.439894185Z,static,scaled,edge-files,200,2.739834
2026-09-17T05:15:17.499137188Z,static,scaled,edge-files,200,2.722103
2026-09-17T05:15:17.559534948Z,static,scaled,edge-files,200,2.503189
2026-09-17T05:15:17.620082568Z,static,scaled,edge-files,200,2.650028
2026-09-17T05:15:17.679072683Z,static,scaled,edge-files,200,2.441795
2026-09-17T05:15:17.739004621Z,static,scaled,edge-files,200,2.440613
2026-09-17T05:15:17.799515399Z,static,scaled,edge-files,200,2.67147
2026-09-17T05:15:17.860059997Z,static,scaled,edge-files,200,2.652888
2026-09-17T05:15:17.920082584Z,static,scaled,edge-files,200,3.508566
2026-09-17T05:15:17.979027386Z,static,scaled,edge-files,200,2.405102
2026-09-17T05:15:18.039425557Z,static,scaled,edge-files,200,2.686291
2026-09-17T05:15:18.09972229Z,static,scaled,edge-files,200,2.651059
2026-09-17T05:15:18.159515359Z,static,scaled,edge-files,200,2.869372
2026-09-17T05:15:18.220174368Z,static,scaled,edge-files,200,2.945258
2026-09-17T05:15:18.279465962Z,static,scaled,edge-files,200,2.643067
2026-09-17T05:15:18.339796179Z,static,scaled,edge-files,200,2.678181
2026-09-17T05:15:18.400864664Z,static,scaled,edge-files,200,3.443362
2026-09-17T05:15:18.459657956Z,static,scaled,edge-files,200,2.98268
2026-09-17T05:15:18.520654687Z,static,scaled,edge-files,200,3.219871
2026-09-17T05:15:18.579053253Z,static,scaled,edge-files,200,2.464666
2026-09-17T05:15:18.639446532Z,static,scaled,edge-files,200,2.760835
2026-09-17T05:15:18.699865333Z,static,scaled,edge-files,200,2.770016
2026-09-17T05:15:18.759359729Z,static,scaled,edge-files,200,2.704933
2026-09-17T05:15:18.819884011Z,static,scaled,edge-files,200,2.8818
2026-09-17T05:15:18.877806891Z,static,scaled,edge-files,200,2.839921
2026-09-17T05:15:18.93812378Z,static,scaled,edge-files,200,2.619657
2026-09-17T05:15:18.998637784Z,static,scaled,edge-files,200,2.754575
2026-09-17T05:15:19.058454944Z,static,scaled,edge-files,200,2.661009
2026-09-17T05:15:19.11818548Z,static,scaled,edge-files,200,2.97737
2026-09-17T05:15:19.178791954Z,static,scaled,edge-files,200,2.954309
2026-09-17T05:15:19.238518598Z,static,scaled,edge-files,200,2.978325
2026-09-17T05:15:19.298526753Z,static,scaled,edge-files,200,3.052455
2026-09-17T05:15:19.35838985Z,static,scaled,edge-files,200,3.059508
2026-09-17T05:15:19.41908469Z,static,scaled,edge-files,200,3.086749
2026-09-17T05:15:19.478831851Z,static,scaled,edge-files,200,3.109611
2026-09-17T05:15:19.538125285Z,static,scaled,edge-files,200,2.625871
2026-09-17T05:15:19.598822965Z,static,scaled,edge-files,200,3.023662
2026-09-17T05:15:19.658911767Z,static,scaled,edge-files,200,3.164685
2026-09-17T05:15:19.718457025Z,static,scaled,edge-files,200,3.010535
2026-09-17T05:15:19.777668995Z,static,scaled,edge-files,200,2.69407
2026-09-17T05:15:19.84059873Z,static,scaled,edge-files,200,5.183354
2026-09-17T05:15:19.898341789Z,static,scaled,edge-files,200,2.982637
2026-09-17T05:15:19.958394871Z,static,scaled,edge-files,200,3.209852
2026-09-17T05:15:20.018153938Z,static,scaled,edge-files,200,3.103141
2026-09-17T05:15:20.07888464Z,static,scaled,edge-files,200,3.078389
2026-09-17T05:15:20.138030175Z,static,scaled,edge-files,200,2.522145
2026-09-17T05:15:20.198931665Z,static,scaled,edge-files,200,3.019746
2026-09-17T05:15:20.258644954Z,static,scaled,edge-files,200,2.83862
2026-09-17T05:15:20.31848582Z,static,scaled,edge-files,200,2.9222
2026-09-17T05:15:20.377496568Z,static,scaled,edge-files,200,2.476102
2026-09-17T05:15:20.437729018Z,static,scaled,edge-files,200,2.545727
2026-09-17T05:15:20.4981717Z,static,scaled,edge-files,200,2.648804
2026-09-17T05:15:20.55805928Z,static,scaled,edge-files,200,2.926891
2026-09-17T05:15:20.61876347Z,static,scaled,edge-files,200,2.935352
2026-09-17T05:15:20.678003111Z,static,scaled,edge-files,200,2.507855
2026-09-17T05:15:20.738072541Z,static,scaled,edge-files,200,2.482442
2026-09-17T05:15:20.798828174Z,static,scaled,edge-files,200,2.893259
2026-09-17T05:15:20.858850301Z,static,scaled,edge-files,200,3.144514
2026-09-17T05:15:20.918078271Z,static,scaled,edge-files,200,2.635273
2026-09-17T05:15:20.978331002Z,static,scaled,edge-files,200,2.627533
2026-09-17T05:15:21.037543642Z,static,scaled,edge-files,200,2.545566
2026-09-17T05:15:21.097851187Z,static,scaled,edge-files,200,2.834344
2026-09-17T05:15:21.158665434Z,static,scaled,edge-files,200,2.768831
2026-09-17T05:15:21.217817338Z,static,scaled,edge-files,200,2.564217
2026-09-17T05:15:21.278138125Z,static,scaled,edge-files,200,2.67438
2026-09-17T05:15:21.338405347Z,static,scaled,edge-files,200,2.634573
2026-09-17T05:15:21.397843799Z,static,scaled,edge-files,200,2.650833
2026-09-17T05:15:21.458399029Z,static,scaled,edge-files,200,2.694446
2026-09-17T05:15:21.517361073Z,static,scaled,edge-files,200,2.309022
2026-09-17T05:15:21.577661877Z,static,scaled,edge-files,200,2.484084
2026-09-17T05:15:21.638264141Z,static,scaled,edge-files,200,2.749139
2026-09-17T05:15:21.698559345Z,static,scaled,edge-files,200,2.591919
2026-09-17T05:15:21.757977846Z,static,scaled,edge-files,200,2.59047
2026-09-17T05:15:21.819060253Z,static,scaled,edge-files,200,3.267146
2026-09-17T05:15:21.878039372Z,static,scaled,edge-files,200,2.486163
2026-09-17T05:15:21.938315335Z,static,scaled,edge-files,200,2.516604
2026-09-17T05:15:21.99844651Z,static,scaled,edge-files,200,2.375557
2026-09-17T05:15:22.057967607Z,static,scaled,edge-files,200,3.09466
2026-09-17T05:15:22.117806834Z,static,scaled,edge-files,200,2.431
2026-09-17T05:15:22.177783828Z,static,scaled,edge-files,200,2.401897
2026-09-17T05:15:22.238243419Z,static,scaled,edge-files,200,2.52232
2026-09-17T05:15:22.297845365Z,static,scaled,edge-files,200,2.619301
2026-09-17T05:15:22.359320212Z,static,scaled,edge-files,200,3.438272
2026-09-17T05:15:22.418644077Z,static,scaled,edge-files,200,2.761589
2026-09-17T05:15:22.477956901Z,static,scaled,edge-files,200,2.677315
2026-09-17T05:15:22.538481721Z,static,scaled,edge-files,200,3.002125
2026-09-17T05:15:22.597459993Z,static,scaled,edge-files,200,2.43952
2026-09-17T05:15:22.657705336Z,static,scaled,edge-files,200,2.547948
2026-09-17T05:15:22.71799335Z,static,scaled,edge-files,200,2.580048
2026-09-17T05:15:22.778053559Z,static,scaled,edge-files,200,2.463092
2026-09-17T05:15:22.838417612Z,static,scaled,edge-files,200,2.730514
2026-09-17T05:15:22.898236017Z,static,scaled,edge-files,200,3.282058
2026-09-17T05:15:22.958247599Z,static,scaled,edge-files,200,2.889987
2026-09-17T05:15:23.018420547Z,static,scaled,edge-files,200,2.569888
2026-09-17T05:15:23.077967615Z,static,scaled,edge-files,200,2.723487
2026-09-17T05:15:23.137960098Z,static,scaled,edge-files,200,2.420775
2026-09-17T05:15:23.198342241Z,static,scaled,edge-files,200,2.695006
2026-09-17T05:15:23.257578801Z,static,scaled,edge-files,200,2.485324
2026-09-17T05:15:23.317814291Z,static,scaled,edge-files,200,2.521265
2026-09-17T05:15:23.37801634Z,static,scaled,edge-files,200,2.504334
2026-09-17T05:15:23.438539849Z,static,scaled,edge-files,200,2.712238
2026-09-17T05:15:23.498023934Z,static,scaled,edge-files,200,2.813844
2026-09-17T05:15:23.558706933Z,static,scaled,edge-files,200,2.787781
2026-09-17T05:15:23.61772015Z,static,scaled,edge-files,200,2.430801
2026-09-17T05:15:23.67778729Z,static,scaled,edge-files,200,2.516815
2026-09-17T05:15:23.738053793Z,static,scaled,edge-files,200,2.666524
2026-09-17T05:15:23.798556359Z,static,scaled,edge-files,200,2.928181
2026-09-17T05:15:23.858585778Z,static,scaled,edge-files,200,3.285352
2026-09-17T05:15:23.917703739Z,static,scaled,edge-files,200,2.623963
2026-09-17T05:15:23.977973892Z,static,scaled,edge-files,200,2.454911
2026-09-17T05:15:24.038447427Z,static,scaled,edge-files,200,2.608981
2026-09-17T05:15:24.097874269Z,static,scaled,edge-files,200,2.868628
2026-09-17T05:15:24.15875997Z,static,scaled,edge-files,200,3.030117
2026-09-17T05:15:24.217737874Z,static,scaled,edge-files,200,2.268415
2026-09-17T05:15:24.277904866Z,static,scaled,edge-files,200,2.478879
2026-09-17T05:15:24.338268291Z,static,scaled,edge-files,200,2.624792
2026-09-17T05:15:24.398689287Z,static,scaled,edge-files,200,2.754924
2026-09-17T05:15:24.457906763Z,static,scaled,edge-files,200,2.488774
2026-09-17T05:15:24.518165543Z,static,scaled,edge-files,200,2.519555
2026-09-17T05:15:24.578114186Z,static,scaled,edge-files,200,2.427299
2026-09-17T05:15:24.638508368Z,static,scaled,edge-files,200,2.552817
2026-09-17T05:15:24.697982381Z,static,scaled,edge-files,200,2.970983
2026-09-17T05:15:24.758887454Z,static,scaled,edge-files,200,2.92684
2026-09-17T05:15:24.818320507Z,static,scaled,edge-files,200,2.635112
2026-09-17T05:15:24.877829782Z,static,scaled,edge-files,200,2.687375
2026-09-17T05:15:24.938298939Z,static,scaled,edge-files,200,2.958171
2026-09-17T05:15:24.998606084Z,static,scaled,edge-files,200,2.75322
2026-09-17T05:15:25.057604879Z,static,scaled,edge-files,200,2.522535
2026-09-17T05:15:25.118075895Z,static,scaled,edge-files,200,2.558878
2026-09-17T05:15:25.178147435Z,static,scaled,edge-files,200,2.481882
2026-09-17T05:15:25.23862112Z,static,scaled,edge-files,200,2.674365
2026-09-17T05:15:25.29803166Z,static,scaled,edge-files,200,2.60524
2026-09-17T05:15:25.359028388Z,static,scaled,edge-files,200,2.980003
2026-09-17T05:15:25.418351892Z,static,scaled,edge-files,200,2.879718
2026-09-17T05:15:25.478456315Z,static,scaled,edge-files,200,2.4367
2026-09-17T05:15:25.537835878Z,static,scaled,edge-files,200,2.8558
2026-09-17T05:15:25.599067481Z,static,scaled,edge-files,200,3.406344
2026-09-17T05:15:25.657531297Z,static,scaled,edge-files,200,2.109639
2026-09-17T05:15:25.717825773Z,static,scaled,edge-files,200,2.620352
2026-09-17T05:15:25.778186101Z,static,scaled,edge-files,200,2.725318
2026-09-17T05:15:25.838987997Z,static,scaled,edge-files,200,3.185866
2026-09-17T05:15:25.898668324Z,static,scaled,edge-files,200,3.174235
2026-09-17T05:15:25.95841008Z,static,scaled,edge-files,200,2.561798
2026-09-17T05:15:26.017846026Z,static,scaled,edge-files,200,2.598704
2026-09-17T05:15:26.078073388Z,static,scaled,edge-files,200,2.409219
2026-09-17T05:15:26.139014792Z,static,scaled,edge-files,200,3.011196
2026-09-17T05:15:26.198626565Z,static,scaled,edge-files,200,2.903884
2026-09-17T05:15:26.258026814Z,static,scaled,edge-files,200,2.520635
2026-09-17T05:15:26.319451009Z,static,scaled,edge-files,200,3.33608
2026-09-17T05:15:26.37823978Z,static,scaled,edge-files,200,3.129723
2026-09-17T05:15:26.43910966Z,static,scaled,edge-files,200,3.312934
2026-09-17T05:15:26.498748535Z,static,scaled,edge-files,200,3.010095
2026-09-17T05:15:26.557973149Z,static,scaled,edge-files,200,2.605466
2026-09-17T05:15:26.618936169Z,static,scaled,edge-files,200,3.035777
2026-09-17T05:15:26.678214472Z,static,scaled,edge-files,200,2.626141
2026-09-17T05:15:26.738645074Z,static,scaled,edge-files,200,2.827645
2026-09-17T05:15:26.798629181Z,static,scaled,edge-files,200,3.178651
2026-09-17T05:15:26.858516319Z,static,scaled,edge-files,200,2.917099
2026-09-17T05:15:26.918016496Z,static,scaled,edge-files,200,2.790063
2026-09-17T05:15:26.978507262Z,static,scaled,edge-files,200,2.76811
2026-09-17T05:15:27.03835362Z,static,scaled,edge-files,200,3.185786
2026-09-17T05:15:27.097700066Z,static,scaled,edge-files,200,2.720027
2026-09-17T05:15:27.158227624Z,static,scaled,edge-files,200,2.818303
2026-09-17T05:15:27.219257365Z,static,scaled,edge-files,200,3.333005
2026-09-17T05:15:27.278107249Z,static,scaled,edge-files,200,3.09668
2026-09-17T05:15:27.338911365Z,static,scaled,edge-files,200,2.91246
2026-09-17T05:15:27.398848512Z,static,scaled,edge-files,200,3.264559
2026-09-17T05:15:27.457589943Z,static,scaled,edge-files,200,2.668838
2026-09-17T05:15:27.518182238Z,static,scaled,edge-files,200,3.009954
2026-09-17T05:15:27.578571136Z,static,scaled,edge-files,200,2.731733
2026-09-17T05:15:27.637880957Z,static,scaled,edge-files,200,2.61835
2026-09-17T05:15:27.698398725Z,static,scaled,edge-files,200,2.939032
2026-09-17T05:15:27.757583891Z,static,scaled,edge-files,200,2.499483
2026-09-17T05:15:27.817705453Z,static,scaled,edge-files,200,2.497713
2026-09-17T05:15:27.878140477Z,static,scaled,edge-files,200,2.829086
2026-09-17T05:15:27.938309051Z,static,scaled,edge-files,200,2.564156
2026-09-17T05:15:27.998754305Z,static,scaled,edge-files,200,2.819445
2026-09-17T05:15:28.05777124Z,static,scaled,edge-files,200,2.742219
2026-09-17T05:15:28.118484338Z,static,scaled,edge-files,200,3.055186
2026-09-17T05:15:28.177552181Z,static,scaled,edge-files,200,2.559916
2026-09-17T05:15:28.237835763Z,static,scaled,edge-files,200,2.603659
2026-09-17T05:15:28.298079913Z,static,scaled,edge-files,200,2.499083
2026-09-17T05:15:28.358514371Z,static,scaled,edge-files,200,2.682329
2026-09-17T05:15:28.417908731Z,static,scaled,edge-files,200,2.793407
2026-09-17T05:15:28.478295551Z,static,scaled,edge-files,200,2.864343
2026-09-17T05:15:28.538542936Z,static,scaled,edge-files,200,2.631692
2026-09-17T05:15:28.597612845Z,static,scaled,edge-files,200,2.654833
2026-09-17T05:15:28.658013526Z,static,scaled,edge-files,200,2.395555
2026-09-17T05:15:28.718207878Z,static,scaled,edge-files,200,2.464476
2026-09-17T05:15:28.77872697Z,static,scaled,edge-files,200,2.842177
2026-09-17T05:15:28.83809713Z,static,scaled,edge-files,200,2.742189
2026-09-17T05:15:28.898260364Z,static,scaled,edge-files,200,2.587839
2026-09-17T05:15:28.957479163Z,static,scaled,edge-files,200,2.372332
2026-09-17T05:15:29.017639568Z,static,scaled,edge-files,200,2.494081
2026-09-17T05:15:29.078225931Z,static,scaled,edge-files,200,2.966175
2026-09-17T05:15:29.138718917Z,static,scaled,edge-files,200,2.789873
2026-09-17T05:15:29.198064705Z,static,scaled,edge-files,200,2.777317
2026-09-17T05:15:29.257271753Z,static,scaled,edge-files,200,2.394395
2026-09-17T05:15:29.317667713Z,static,scaled,edge-files,200,2.689204
2026-09-17T05:15:29.378659719Z,static,scaled,edge-files,200,3.376328
2026-09-17T05:15:29.438016458Z,static,scaled,edge-files,200,2.791906
2026-09-17T05:15:29.498096502Z,static,scaled,edge-files,200,2.547586
2026-09-17T05:15:29.558518533Z,static,scaled,edge-files,200,2.683335
2026-09-17T05:15:29.618204846Z,static,scaled,edge-files,200,2.98322
2026-09-17T05:15:29.678782058Z,static,scaled,edge-files,200,2.90923
2026-09-17T05:15:29.738329219Z,static,scaled,edge-files,200,2.856327
2026-09-17T05:15:29.79860513Z,static,scaled,edge-files,200,2.692454
2026-09-17T05:15:29.85798757Z,static,scaled,edge-files,200,2.546025
2026-09-17T05:15:29.918393041Z,static,scaled,edge-files,200,2.736349
2026-09-17T05:15:29.978612329Z,static,scaled,edge-files,200,2.68901
2026-09-17T05:15:30.038350493Z,static,scaled,edge-files,200,3.046306
2026-09-17T05:15:30.099744701Z,static,scaled,edge-files,200,3.760369
2026-09-17T05:15:30.158066185Z,static,scaled,edge-files,200,2.458276
2026-09-17T05:15:30.218408405Z,static,scaled,edge-files,200,2.655573
2026-09-17T05:15:30.278541057Z,static,scaled,edge-files,200,2.624531
2026-09-17T05:15:30.337691432Z,static,scaled,edge-files,200,2.578338
2026-09-17T05:15:30.397666242Z,static,scaled,edge-files,200,2.525423
2026-09-17T05:15:30.457956755Z,static,scaled,edge-files,200,2.522914
2026-09-17T05:15:30.518180095Z,static,scaled,edge-files,200,2.747149
2026-09-17T05:15:30.578290185Z,static,scaled,edge-files,200,3.07079
2026-09-17T05:15:30.639192945Z,static,scaled,edge-files,200,3.187274
2026-09-17T05:15:30.698605143Z,static,scaled,edge-files,200,2.75655
2026-09-17T05:15:30.758162541Z,static,scaled,edge-files,200,2.770371
2026-09-17T05:15:30.818662038Z,static,scaled,edge-files,200,2.772527
2026-09-17T05:15:30.878328262Z,static,scaled,edge-files,200,2.985361
2026-09-17T05:15:30.938730353Z,static,scaled,edge-files,200,2.744884
2026-09-17T05:15:30.998141621Z,static,scaled,edge-files,200,2.629387
2026-09-17T05:15:31.057467051Z,static,scaled,edge-files,200,2.393594
2026-09-17T05:15:31.118739726Z,static,scaled,edge-files,200,2.710762
2026-09-17T05:15:31.178273011Z,static,scaled,edge-files,200,2.696956
2026-09-17T05:15:31.23822588Z,static,scaled,edge-files,200,2.934822
2026-09-17T05:15:31.298335547Z,static,scaled,edge-files,200,2.490438
2026-09-17T05:15:31.357811063Z,static,scaled,edge-files,200,2.596775
2026-09-17T05:15:31.418212001Z,static,scaled,edge-files,200,2.733129
2026-09-17T05:15:31.479070499Z,static,scaled,edge-files,200,3.159208
2026-09-17T05:15:31.538396725Z,static,scaled,edge-files,200,2.585948
2026-09-17T05:15:31.597741022Z,static,scaled,edge-files,200,2.497973
2026-09-17T05:15:31.658135393Z,static,scaled,edge-files,200,2.491212
2026-09-17T05:15:31.71809843Z,static,scaled,edge-files,200,3.019044
2026-09-17T05:15:31.779734885Z,static,scaled,edge-files,200,3.83004
2026-09-17T05:15:31.840485714Z,static,scaled,edge-files,200,4.871286
2026-09-17T05:15:31.89806394Z,static,scaled,edge-files,200,2.766161
2026-09-17T05:15:31.958758696Z,static,scaled,edge-files,200,2.750245
2026-09-17T05:15:32.018315102Z,static,scaled,edge-files,200,2.801983
2026-09-17T05:15:32.077989564Z,static,scaled,edge-files,200,2.833766
2026-09-17T05:15:32.138204691Z,static,scaled,edge-files,200,2.54273
2026-09-17T05:15:32.198516095Z,static,scaled,edge-files,200,2.635351
2026-09-17T05:15:32.258227319Z,static,scaled,edge-files,200,2.910641
2026-09-17T05:15:32.318591846Z,static,scaled,edge-files,200,2.671654
2026-09-17T05:15:32.378258456Z,static,scaled,edge-files,200,2.878459
2026-09-17T05:15:32.437852772Z,static,scaled,edge-files,200,1.956345
2026-09-17T05:15:32.498302545Z,static,scaled,edge-files,200,2.631772
2026-09-17T05:15:32.558606949Z,static,scaled,edge-files,200,3.34425
2026-09-17T05:15:32.618090487Z,static,scaled,edge-files,200,2.805173
2026-09-17T05:15:32.678439243Z,static,scaled,edge-files,200,2.775092
2026-09-17T05:15:32.737745683Z,static,scaled,edge-files,200,2.602684
2026-09-17T05:15:32.798160511Z,static,scaled,edge-files,200,2.831074
2026-09-17T05:15:32.857687062Z,static,scaled,edge-files,200,2.565157
2026-09-17T05:15:32.918108273Z,static,scaled,edge-files,200,2.709616
2026-09-17T05:15:32.977479084Z,static,scaled,edge-files,200,2.48703
2026-09-17T05:15:33.038036234Z,static,scaled,edge-files,200,2.987835
2026-09-17T05:15:33.098476327Z,static,scaled,edge-files,200,2.727097
2026-09-17T05:15:33.158269105Z,static,scaled,edge-files,200,2.855366
2026-09-17T05:15:33.218720049Z,static,scaled,edge-files,200,2.823775
2026-09-17T05:15:33.278138712Z,static,scaled,edge-files,200,2.76556
2026-09-17T05:15:33.338532762Z,static,scaled,edge-files,200,2.795024
2026-09-17T05:15:33.397454131Z,static,scaled,edge-files,200,2.442829
2026-09-17T05:15:33.457776416Z,static,scaled,edge-files,200,2.707356
2026-09-17T05:15:33.518404478Z,static,scaled,edge-files,200,2.722843
2026-09-17T05:15:33.578504413Z,static,scaled,edge-files,200,2.620841
2026-09-17T05:15:33.637437152Z,static,scaled,edge-files,200,2.444318
2026-09-17T05:15:33.697849893Z,static,scaled,edge-files,200,2.639692
2026-09-17T05:15:33.759648626Z,static,scaled,edge-files,200,3.807868
2026-09-17T05:15:33.818553672Z,static,scaled,edge-files,200,3.035985
2026-09-17T05:15:33.87812609Z,static,scaled,edge-files,200,2.792347
2026-09-17T05:15:33.938370176Z,static,scaled,edge-files,200,2.560421
2026-09-17T05:15:33.998405096Z,static,scaled,edge-files,200,2.937793
2026-09-17T05:15:34.058165978Z,static,scaled,edge-files,200,2.645218
2026-09-17T05:15:34.1186732Z,static,scaled,edge-files,200,3.039329
2026-09-17T05:15:34.179577541Z,static,scaled,edge-files,200,3.892442
2026-09-17T05:15:34.237538072Z,static,scaled,edge-files,200,2.580087
2026-09-17T05:15:34.297794237Z,static,scaled,edge-files,200,2.660997
2026-09-17T05:15:34.359059048Z,static,scaled,edge-files,200,2.940173
2026-09-17T05:15:34.418554581Z,static,scaled,edge-files,200,3.064867
2026-09-17T05:15:34.478683464Z,static,scaled,edge-files,200,2.95353
2026-09-17T05:15:34.537701534Z,static,scaled,edge-files,200,2.555146
2026-09-17T05:15:34.598115785Z,static,scaled,edge-files,200,2.718347
2026-09-17T05:15:34.657916753Z,static,scaled,edge-files,200,2.707736
2026-09-17T05:15:34.71926667Z,static,scaled,edge-files,200,3.387822
2026-09-17T05:15:34.779232474Z,static,scaled,edge-files,200,3.242668
2026-09-17T05:15:34.838589398Z,static,scaled,edge-files,200,2.790853
2026-09-17T05:15:34.899319962Z,static,scaled,edge-files,200,3.844175
2026-09-17T05:15:34.958400821Z,static,scaled,edge-files,200,3.195855
2026-09-17T05:15:35.018267014Z,static,scaled,edge-files,200,3.05138
2026-09-17T05:15:35.077736612Z,static,scaled,edge-files,200,2.755861
2026-09-17T05:15:35.138197992Z,static,scaled,edge-files,200,2.754805
2026-09-17T05:15:35.199030116Z,static,scaled,edge-files,200,3.037539
2026-09-17T05:15:35.2587346Z,static,scaled,edge-files,200,2.859292
2026-09-17T05:15:35.318849839Z,static,scaled,edge-files,200,3.47527
2026-09-17T05:15:35.377793299Z,static,scaled,edge-files,200,2.433818
2026-09-17T05:15:35.437893529Z,static,scaled,edge-files,200,2.553532
2026-09-17T05:15:35.497804535Z,static,scaled,edge-files,200,2.366065
2026-09-17T05:15:35.558233461Z,static,scaled,edge-files,200,2.572519
2026-09-17T05:15:35.617651392Z,static,scaled,edge-files,200,2.642559
2026-09-17T05:15:35.677682246Z,static,scaled,edge-files,200,2.357094
2026-09-17T05:15:35.73808572Z,static,scaled,edge-files,200,2.595059
2026-09-17T05:15:35.798716161Z,static,scaled,edge-files,200,2.967927
2026-09-17T05:15:35.858238Z,static,scaled,edge-files,200,2.846967
2026-09-17T05:15:35.918797591Z,static,scaled,edge-files,200,2.779913
2026-09-17T05:15:35.978002342Z,static,scaled,edge-files,200,2.521396
2026-09-17T05:15:36.038424679Z,static,scaled,edge-files,200,2.547576
2026-09-17T05:15:36.097546105Z,static,scaled,edge-files,200,2.504033
2026-09-17T05:15:36.158364128Z,static,scaled,edge-files,200,2.907983
2026-09-17T05:15:36.218826839Z,static,scaled,edge-files,200,2.87781
2026-09-17T05:15:36.277839852Z,static,scaled,edge-files,200,2.406432
2026-09-17T05:15:36.337911498Z,static,scaled,edge-files,200,2.482672
2026-09-17T05:15:36.398461083Z,static,scaled,edge-files,200,2.918512
2026-09-17T05:15:36.458277428Z,static,scaled,edge-files,200,2.827296
2026-09-17T05:15:36.518423246Z,static,scaled,edge-files,200,2.659075
2026-09-17T05:15:36.577710312Z,static,scaled,edge-files,200,2.435029
2026-09-17T05:15:36.637755093Z,static,scaled,edge-files,200,2.400496
2026-09-17T05:15:36.69804066Z,static,scaled,edge-files,200,2.697937
2026-09-17T05:15:36.757624319Z,static,scaled,edge-files,200,2.677846
2026-09-17T05:15:36.818302908Z,static,scaled,edge-files,200,2.845993
2026-09-17T05:15:36.877805726Z,static,scaled,edge-files,200,2.684747
2026-09-17T05:15:36.937972373Z,static,scaled,edge-files,200,2.514654
2026-09-17T05:15:36.998438052Z,static,scaled,edge-files,200,2.656408
2026-09-17T05:15:37.058113097Z,static,scaled,edge-files,200,2.654034
2026-09-17T05:15:37.118638081Z,static,scaled,edge-files,200,2.737469
2026-09-17T05:15:37.177696213Z,static,scaled,edge-files,200,2.418694
2026-09-17T05:15:37.237596988Z,static,scaled,edge-files,200,2.336928
2026-09-17T05:15:37.298574297Z,static,scaled,edge-files,200,2.599431
2026-09-17T05:15:37.357906708Z,static,scaled,edge-files,200,2.632562
2026-09-17T05:15:37.418371707Z,static,scaled,edge-files,200,2.697217
2026-09-17T05:15:37.477131028Z,static,scaled,edge-files,200,2.226665
2026-09-17T05:15:37.538454607Z,static,scaled,edge-files,200,2.533696
2026-09-17T05:15:37.599490866Z,static,scaled,edge-files,200,3.478062
2026-09-17T05:15:37.658285588Z,static,scaled,edge-files,200,3.126437
2026-09-17T05:15:37.718970674Z,static,scaled,edge-files,200,2.930174
2026-09-17T05:15:37.778395701Z,static,scaled,edge-files,200,2.827442
2026-09-17T05:15:37.837746213Z,static,scaled,edge-files,200,2.648545
2026-09-17T05:15:37.898089213Z,static,scaled,edge-files,200,2.737339
2026-09-17T05:15:37.958662955Z,static,scaled,edge-files,200,2.783798
2026-09-17T05:15:38.018015212Z,static,scaled,edge-files,200,2.522634
2026-09-17T05:15:38.078581785Z,static,scaled,edge-files,200,2.740806
2026-09-17T05:15:38.137676934Z,static,scaled,edge-files,200,2.400537
2026-09-17T05:15:38.197987742Z,static,scaled,edge-files,200,2.848778
2026-09-17T05:15:38.258455351Z,static,scaled,edge-files,200,2.704898
2026-09-17T05:15:38.317713526Z,static,scaled,edge-files,200,2.458219
2026-09-17T05:15:38.378208184Z,static,scaled,edge-files,200,2.898867
2026-09-17T05:15:38.438592902Z,static,scaled,edge-files,200,2.642893
2026-09-17T05:15:38.498226984Z,static,scaled,edge-files,200,3.002429
2026-09-17T05:15:38.558285749Z,static,scaled,edge-files,200,2.898056
2026-09-17T05:15:38.6175564Z,static,scaled,edge-files,200,2.638182
2026-09-17T05:15:38.677746612Z,static,scaled,edge-files,200,2.553193
2026-09-17T05:15:38.737753125Z,static,scaled,edge-files,200,2.421054
2026-09-17T05:15:38.798085544Z,static,scaled,edge-files,200,2.751316
2026-09-17T05:15:38.858789729Z,static,scaled,edge-files,200,2.887766
2026-09-17T05:15:38.91798606Z,static,scaled,edge-files,200,2.502688
2026-09-17T05:15:38.978272792Z,static,scaled,edge-files,200,2.672045
2026-09-17T05:15:39.038470721Z,static,scaled,edge-files,200,2.577799
2026-09-17T05:15:39.098183986Z,static,scaled,edge-files,200,3.198469
2026-09-17T05:15:39.158860444Z,static,scaled,edge-files,200,2.961586
2026-09-17T05:15:39.218317534Z,static,scaled,edge-files,200,2.646633
2026-09-17T05:15:39.278518765Z,static,scaled,edge-files,200,2.557998
2026-09-17T05:15:39.338219561Z,static,scaled,edge-files,200,2.908642
2026-09-17T05:15:39.398719624Z,static,scaled,edge-files,200,2.869799
2026-09-17T05:15:39.457622995Z,static,scaled,edge-files,200,2.30065
2026-09-17T05:15:39.517821955Z,static,scaled,edge-files,200,2.537022
2026-09-17T05:15:39.578045833Z,static,scaled,edge-files,200,2.650548
2026-09-17T05:15:39.63824813Z,static,scaled,edge-files,200,2.581379
2026-09-17T05:15:39.698748071Z,static,scaled,edge-files,200,2.949025
2026-09-17T05:15:39.758330259Z,static,scaled,edge-files,200,2.717439
2026-09-17T05:15:39.817662628Z,static,scaled,edge-files,200,2.472552
2026-09-17T05:15:39.877896801Z,static,scaled,edge-files,200,2.503349
2026-09-17T05:15:39.937831744Z,static,scaled,edge-files,200,2.389795
2026-09-17T05:15:39.998770175Z,static,scaled,edge-files,200,3.217457
2026-09-17T05:15:40.058691928Z,static,scaled,edge-files,200,3.192362
2026-09-17T05:15:40.117970234Z,static,scaled,edge-files,200,2.719479
2026-09-17T05:15:40.178494267Z,static,scaled,edge-files,200,2.843637
2026-09-17T05:15:40.237879931Z,static,scaled,edge-files,200,2.665554
2026-09-17T05:15:40.298695965Z,static,scaled,edge-files,200,3.254496
2026-09-17T05:15:40.358407383Z,static,scaled,edge-files,200,2.676816
2026-09-17T05:15:40.418252039Z,static,scaled,edge-files,200,3.176631
2026-09-17T05:15:40.478496693Z,static,scaled,edge-files,200,2.57875
2026-09-17T05:15:40.538013016Z,static,scaled,edge-files,200,2.634942
2026-09-17T05:15:40.598510067Z,static,scaled,edge-files,200,2.789464
2026-09-17T05:15:40.658112246Z,static,scaled,edge-files,200,2.636443
2026-09-17T05:15:40.718404275Z,static,scaled,edge-files,200,2.59562
2026-09-17T05:15:40.777571924Z,static,scaled,edge-files,200,2.403277
2026-09-17T05:15:40.838422755Z,static,scaled,edge-files,200,2.780967
2026-09-17T05:15:40.898294548Z,static,scaled,edge-files,200,2.981406
2026-09-17T05:15:40.957833084Z,static,scaled,edge-files,200,2.496043
2026-09-17T05:15:41.01813382Z,static,scaled,edge-files,200,2.573879
2026-09-17T05:15:41.078637984Z,static,scaled,edge-files,200,2.770552
2026-09-17T05:15:41.138095019Z,static,scaled,edge-files,200,2.858454
2026-09-17T05:15:41.198541936Z,static,scaled,edge-files,200,3.019544
2026-09-17T05:15:41.257702101Z,static,scaled,edge-files,200,2.494113
2026-09-17T05:15:41.318204542Z,static,scaled,edge-files,200,2.912353
2026-09-17T05:15:41.378441462Z,static,scaled,edge-files,200,2.660211
2026-09-17T05:15:41.437873664Z,static,scaled,edge-files,200,2.757861
2026-09-17T05:15:41.498351988Z,static,scaled,edge-files,200,2.81457
2026-09-17T05:15:41.558355148Z,static,scaled,edge-files,200,3.085891
2026-09-17T05:15:41.618823511Z,static,scaled,edge-files,200,2.876689
2026-09-17T05:15:41.678812408Z,static,scaled,edge-files,200,2.829467
2026-09-17T05:15:41.738590289Z,static,scaled,edge-files,200,3.136048
2026-09-17T05:15:41.798385761Z,static,scaled,edge-files,200,3.049962
2026-09-17T05:15:41.857878812Z,static,scaled,edge-files,200,2.739909
2026-09-17T05:15:41.917928374Z,static,scaled,edge-files,200,2.360314
2026-09-17T05:15:41.978150787Z,static,scaled,edge-files,200,2.612651
2026-09-17T05:15:42.039611655Z,static,scaled,edge-files,200,3.861299
2026-09-17T05:15:42.098404103Z,static,scaled,edge-files,200,3.083215
2026-09-17T05:15:42.158144566Z,static,scaled,edge-files,200,2.873509
2026-09-17T05:15:42.218397782Z,static,scaled,edge-files,200,2.550647
2026-09-17T05:15:42.27797076Z,static,scaled,edge-files,200,2.806055
2026-09-17T05:15:42.339519249Z,static,scaled,edge-files,200,3.58954
2026-09-17T05:15:42.398308856Z,static,scaled,edge-files,200,3.078264
2026-09-17T05:15:42.457531869Z,static,scaled,edge-files,200,2.531625
2026-09-17T05:15:42.518247492Z,static,scaled,edge-files,200,3.273662
2026-09-17T05:15:42.578861861Z,static,scaled,edge-files,200,2.943899
2026-09-17T05:15:42.638133063Z,static,scaled,edge-files,200,2.845018
2026-09-17T05:15:42.698848949Z,static,scaled,edge-files,200,3.134628
2026-09-17T05:15:42.759150323Z,static,scaled,edge-files,200,3.244641
2026-09-17T05:15:42.818429303Z,static,scaled,edge-files,200,2.709308
2026-09-17T05:15:42.877886204Z,static,scaled,edge-files,200,2.971556
2026-09-17T05:15:42.938689275Z,static,scaled,edge-files,200,3.229714
2026-09-17T05:15:42.998345765Z,static,scaled,edge-files,200,3.081571
2026-09-17T05:15:43.057773256Z,static,scaled,edge-files,200,2.697422
2026-09-17T05:15:43.11850207Z,static,scaled,edge-files,200,2.935029
2026-09-17T05:15:43.178165398Z,static,scaled,edge-files,200,2.954935
2026-09-17T05:15:43.238819481Z,static,scaled,edge-files,200,2.927283
2026-09-17T05:15:43.298386478Z,static,scaled,edge-files,200,3.013759
2026-09-17T05:15:43.357821165Z,static,scaled,edge-files,200,2.481713
2026-09-17T05:15:43.4183838Z,static,scaled,edge-files,200,2.716487
2026-09-17T05:15:43.477496759Z,static,scaled,edge-files,200,2.556417
2026-09-17T05:15:43.537667557Z,static,scaled,edge-files,200,2.597631
2026-09-17T05:15:43.598088836Z,static,scaled,edge-files,200,2.867827
2026-09-17T05:15:43.657576002Z,static,scaled,edge-files,200,2.723589
2026-09-17T05:15:43.718005147Z,static,scaled,edge-files,200,2.893424
2026-09-17T05:15:43.778349566Z,static,scaled,edge-files,200,2.642633
2026-09-17T05:15:43.839010282Z,static,scaled,edge-files,200,3.048491
2026-09-17T05:15:43.898471867Z,static,scaled,edge-files,200,2.773022
2026-09-17T05:15:43.958181708Z,static,scaled,edge-files,200,2.773942
2026-09-17T05:15:44.018666992Z,static,scaled,edge-files,200,2.755061
2026-09-17T05:15:44.078200877Z,static,scaled,edge-files,200,2.799663
2026-09-17T05:15:44.138771457Z,static,scaled,edge-files,200,2.942279
2026-09-17T05:15:44.197734089Z,static,scaled,edge-files,200,2.574338
2026-09-17T05:15:44.258046046Z,static,scaled,edge-files,200,2.454651
2026-09-17T05:15:44.317887501Z,static,scaled,edge-files,200,2.375706
2026-09-17T05:15:44.378440574Z,static,scaled,edge-files,200,2.768562
2026-09-17T05:15:44.437632787Z,static,scaled,edge-files,200,2.703687
2026-09-17T05:15:44.49788255Z,static,scaled,edge-files,200,2.742779
2026-09-17T05:15:44.558035097Z,static,scaled,edge-files,200,2.404068
2026-09-17T05:15:44.618131826Z,static,scaled,edge-files,200,2.423595
2026-09-17T05:15:44.678463077Z,static,scaled,edge-files,200,2.495804
2026-09-17T05:15:44.737833852Z,static,scaled,edge-files,200,2.867648
2026-09-17T05:15:44.798228132Z,static,scaled,edge-files,200,2.624128
2026-09-17T05:15:44.85723865Z,static,scaled,edge-files,200,2.381031
2026-09-17T05:15:44.918328989Z,static,scaled,edge-files,200,2.466377
2026-09-17T05:15:44.977732555Z,static,scaled,edge-files,200,2.822401
2026-09-17T05:15:45.037926738Z,static,scaled,edge-files,200,2.728368
2026-09-17T05:15:45.097982569Z,static,scaled,edge-files,200,2.447011
2026-09-17T05:15:45.159031464Z,static,scaled,edge-files,200,3.034009
2026-09-17T05:15:45.217916337Z,static,scaled,edge-files,200,2.475252
2026-09-17T05:15:45.278071814Z,static,scaled,edge-files,200,2.694926
2026-09-17T05:15:45.338792578Z,static,scaled,edge-files,200,3.130165
2026-09-17T05:15:45.398288017Z,static,scaled,edge-files,200,2.887495
2026-09-17T05:15:45.458499361Z,static,scaled,edge-files,200,2.615462
2026-09-17T05:15:45.518136212Z,static,scaled,edge-files,200,2.877959
2026-09-17T05:15:45.57815364Z,static,scaled,edge-files,200,2.796254
2026-09-17T05:15:45.638653611Z,static,scaled,edge-files,200,2.806414
2026-09-17T05:15:45.697723386Z,static,scaled,edge-files,200,2.451881
2026-09-17T05:15:45.757999741Z,static,scaled,edge-files,200,2.608
2026-09-17T05:15:45.818199021Z,static,scaled,edge-files,200,2.679426
2026-09-17T05:15:45.879164849Z,static,scaled,edge-files,200,3.287905
2026-09-17T05:15:45.93847078Z,static,scaled,edge-files,200,2.754942
2026-09-17T05:15:45.997831344Z,static,scaled,edge-files,200,2.685107
2026-09-17T05:15:46.058136401Z,static,scaled,edge-files,200,2.484793
2026-09-17T05:15:46.118673003Z,static,scaled,edge-files,200,2.752606
2026-09-17T05:15:46.178461055Z,static,scaled,edge-files,200,3.035439
2026-09-17T05:15:46.238604542Z,static,scaled,edge-files,200,2.664005
2026-09-17T05:15:46.297655775Z,static,scaled,edge-files,200,2.471831
2026-09-17T05:15:46.358000028Z,static,scaled,edge-files,200,2.588164
2026-09-17T05:15:46.417971958Z,static,scaled,edge-files,200,2.356576
2026-09-17T05:15:46.47866306Z,static,scaled,edge-files,200,2.836727
2026-09-17T05:15:46.538024883Z,static,scaled,edge-files,200,2.788232
2026-09-17T05:15:46.598066863Z,static,scaled,edge-files,200,2.540317
2026-09-17T05:15:46.658285344Z,static,scaled,edge-files,200,2.462761
2026-09-17T05:15:46.717763436Z,static,scaled,edge-files,200,2.866378
2026-09-17T05:15:46.77787514Z,static,scaled,edge-files,200,2.488089
2026-09-17T05:15:46.83869188Z,static,scaled,edge-files,200,3.005028
2026-09-17T05:15:46.897653887Z,static,scaled,edge-files,200,2.384217
2026-09-17T05:15:46.957966474Z,static,scaled,edge-files,200,2.342134
2026-09-17T05:15:47.018237229Z,static,scaled,edge-files,200,2.486654
2026-09-17T05:15:47.078841856Z,static,scaled,edge-files,200,2.962294
2026-09-17T05:15:47.137830456Z,static,scaled,edge-files,200,2.43251
2026-09-17T05:15:47.198045381Z,static,scaled,edge-files,200,2.624167
2026-09-17T05:15:47.257895622Z,static,scaled,edge-files,200,2.787813
2026-09-17T05:15:47.318246911Z,static,scaled,edge-files,200,2.709242
2026-09-17T05:15:47.378800124Z,static,scaled,edge-files,200,2.854797
2026-09-17T05:15:47.437885775Z,static,scaled,edge-files,200,2.492609
2026-09-17T05:15:47.497786745Z,static,scaled,edge-files,200,2.427255
2026-09-17T05:15:47.557930546Z,static,scaled,edge-files,200,2.415289
2026-09-17T05:15:47.618093332Z,static,scaled,edge-files,200,2.708978
2026-09-17T05:15:47.678567639Z,static,scaled,edge-files,200,2.933652
2026-09-17T05:15:47.737607513Z,static,scaled,edge-files,200,2.562018
2026-09-17T05:15:47.797995665Z,static,scaled,edge-files,200,2.644393
2026-09-17T05:15:47.857871543Z,static,scaled,edge-files,200,2.747196
2026-09-17T05:15:47.919064602Z,static,scaled,edge-files,200,3.475804
2026-09-17T05:15:47.978305704Z,static,scaled,edge-files,200,2.680386
2026-09-17T05:15:48.038583427Z,static,scaled,edge-files,200,2.660054
2026-09-17T05:15:48.097551906Z,static,scaled,edge-files,200,2.420638
2026-09-17T05:15:48.158036504Z,static,scaled,edge-files,200,2.467431
2026-09-17T05:15:48.21841009Z,static,scaled,edge-files,200,2.651849
2026-09-17T05:15:48.278652732Z,static,scaled,edge-files,200,3.479234
2026-09-17T05:15:48.337583912Z,static,scaled,edge-files,200,2.540037
2026-09-17T05:15:48.398372641Z,static,scaled,edge-files,200,3.019158
2026-09-17T05:15:48.457777658Z,static,scaled,edge-files,200,2.59138
2026-09-17T05:15:48.518428927Z,static,scaled,edge-files,200,3.073822
2026-09-17T05:15:48.577694676Z,static,scaled,edge-files,200,2.754731
2026-09-17T05:15:48.63765732Z,static,scaled,edge-files,200,2.41868
2026-09-17T05:15:48.69788633Z,static,scaled,edge-files,200,2.736829
2026-09-17T05:15:48.758345367Z,static,scaled,edge-files,200,2.680995
2026-09-17T05:15:48.817448134Z,static,scaled,edge-files,200,2.492543
2026-09-17T05:15:48.876835127Z,static,scaled,edge-files,200,2.82255
2026-09-17T05:15:48.9368731Z,static,scaled,edge-files,200,2.559018
2026-09-17T05:15:48.996913149Z,static,scaled,edge-files,200,2.445911
2026-09-17T05:15:49.056673201Z,static,scaled,edge-files,200,2.74263
2026-09-17T05:15:49.116871768Z,static,scaled,edge-files,200,2.642603
2026-09-17T05:15:49.177313593Z,static,scaled,edge-files,200,2.630252
2026-09-17T05:15:49.236282672Z,static,scaled,edge-files,200,2.498754
2026-09-17T05:15:49.296444539Z,static,scaled,edge-files,200,2.674315
2026-09-17T05:15:49.356752555Z,static,scaled,edge-files,200,2.497175
2026-09-17T05:15:49.417177409Z,static,scaled,edge-files,200,2.898561
2026-09-17T05:15:49.47649998Z,static,scaled,edge-files,200,2.651774
2026-09-17T05:15:49.537120697Z,static,scaled,edge-files,200,3.033689
2026-09-17T05:15:49.597198569Z,static,scaled,edge-files,200,2.415648
2026-09-17T05:15:49.65697559Z,static,scaled,edge-files,200,3.120804
2026-09-17T05:15:49.716777644Z,static,scaled,edge-files,200,2.964701
2026-09-17T05:15:49.77789837Z,static,scaled,edge-files,200,3.10525
2026-09-17T05:15:49.837052064Z,static,scaled,edge-files,200,2.826735
2026-09-17T05:15:49.897296156Z,static,scaled,edge-files,200,2.645753
2026-09-17T05:15:49.956875675Z,static,scaled,edge-files,200,2.723078
2026-09-17T05:15:50.017653598Z,static,scaled,edge-files,200,2.896345
2026-09-17T05:15:50.077919427Z,static,scaled,edge-files,200,3.571185
2026-09-17T05:15:50.137368797Z,static,scaled,edge-files,200,2.73934
2026-09-17T05:15:50.196460493Z,static,scaled,edge-files,200,2.640453
2026-09-17T05:15:50.256673523Z,static,scaled,edge-files,200,2.860907
2026-09-17T05:15:50.317401968Z,static,scaled,edge-files,200,3.19545
2026-09-17T05:15:50.377540823Z,static,scaled,edge-files,200,3.283285
2026-09-17T05:15:50.437198058Z,static,scaled,edge-files,200,2.968966
2026-09-17T05:15:50.497799034Z,static,scaled,edge-files,200,3.089893
2026-09-17T05:15:50.557461542Z,static,scaled,edge-files,200,2.916076
2026-09-17T05:15:50.617156014Z,static,scaled,edge-files,200,2.990256
2026-09-17T05:15:50.676770595Z,static,scaled,edge-files,200,2.829436
2026-09-17T05:15:50.737052989Z,static,scaled,edge-files,200,2.89792
2026-09-17T05:15:50.797194585Z,static,scaled,edge-files,200,2.624112
2026-09-17T05:15:50.856765644Z,static,scaled,edge-files,200,2.824326
2026-09-17T05:15:50.918344943Z,static,scaled,edge-files,200,3.63863
2026-09-17T05:15:50.976775876Z,static,scaled,edge-files,200,2.74805
2026-09-17T05:15:51.037199648Z,static,scaled,edge-files,200,2.809419
2026-09-17T05:15:51.097552371Z,static,scaled,edge-files,200,2.75686
2026-09-17T05:15:51.157082776Z,static,scaled,edge-files,200,2.782942
2026-09-17T05:15:51.218131681Z,static,scaled,edge-files,200,3.302157
2026-09-17T05:15:51.277504986Z,static,scaled,edge-files,200,2.707518
2026-09-17T05:15:51.336472835Z,static,scaled,edge-files,200,2.388986
2026-09-17T05:15:51.397385507Z,static,scaled,edge-files,200,3.107872
2026-09-17T05:15:51.457202821Z,static,scaled,edge-files,200,2.95793
2026-09-17T05:15:51.516613059Z,static,scaled,edge-files,200,2.64639
2026-09-17T05:15:51.576812924Z,static,scaled,edge-files,200,2.608413
2026-09-17T05:15:51.636693123Z,static,scaled,edge-files,200,2.406719
2026-09-17T05:15:51.69713531Z,static,scaled,edge-files,200,2.613452
2026-09-17T05:15:51.757114326Z,static,scaled,edge-files,200,2.936895
2026-09-17T05:15:51.817246191Z,static,scaled,edge-files,200,2.670357
2026-09-17T05:15:51.876577564Z,static,scaled,edge-files,200,2.526037
2026-09-17T05:15:51.93701095Z,static,scaled,edge-files,200,2.688959
2026-09-17T05:15:51.997453773Z,static,scaled,edge-files,200,2.848643
2026-09-17T05:15:52.057637256Z,static,scaled,edge-files,200,3.088325
2026-09-17T05:15:52.117174121Z,static,scaled,edge-files,200,2.868699
2026-09-17T05:15:52.177412394Z,static,scaled,edge-files,200,2.490629
2026-09-17T05:15:52.236379417Z,static,scaled,edge-files,200,2.559104
2026-09-17T05:15:52.296353007Z,static,scaled,edge-files,200,2.551759
2026-09-17T05:15:52.35658644Z,static,scaled,edge-files,200,2.5542
2026-09-17T05:15:52.417226971Z,static,scaled,edge-files,200,2.964676
2026-09-17T05:15:52.47634186Z,static,scaled,edge-files,200,2.567669
2026-09-17T05:15:52.535937571Z,static,scaled,edge-files,200,2.145812
2026-09-17T05:15:52.597200241Z,static,scaled,edge-files,200,2.632235
2026-09-17T05:15:52.65679432Z,static,scaled,edge-files,200,2.792305
2026-09-17T05:15:52.717646174Z,static,scaled,edge-files,200,3.123406
2026-09-17T05:15:52.77708824Z,static,scaled,edge-files,200,2.981773
2026-09-17T05:15:52.83709156Z,static,scaled,edge-files,200,2.480073
2026-09-17T05:15:52.897232499Z,static,scaled,edge-files,200,2.450592
2026-09-17T05:15:52.956600091Z,static,scaled,edge-files,200,2.606332
2026-09-17T05:15:53.017095773Z,static,scaled,edge-files,200,2.843289
2026-09-17T05:15:53.077189998Z,static,scaled,edge-files,200,2.582881
2026-09-17T05:15:53.137186464Z,static,scaled,edge-files,200,2.508385
2026-09-17T05:15:53.19762912Z,static,scaled,edge-files,200,2.795326
2026-09-17T05:15:53.257419087Z,static,scaled,edge-files,200,2.913503
2026-09-17T05:15:53.317117919Z,static,scaled,edge-files,200,3.10404
2026-09-17T05:15:53.37741935Z,static,scaled,edge-files,200,2.71626
2026-09-17T05:15:53.436368728Z,static,scaled,edge-files,200,2.401208
2026-09-17T05:15:53.496525596Z,static,scaled,edge-files,200,2.586792
2026-09-17T05:15:53.557281452Z,static,scaled,edge-files,200,3.005069
2026-09-17T05:15:53.617294239Z,static,scaled,edge-files,200,2.605002
2026-09-17T05:15:53.676753795Z,static,scaled,edge-files,200,2.737797
2026-09-17T05:15:53.736796169Z,static,scaled,edge-files,200,2.523557
2026-09-17T05:15:53.79716253Z,static,scaled,edge-files,200,2.783643
2026-09-17T05:15:53.856702877Z,static,scaled,edge-files,200,2.56952
2026-09-17T05:15:53.917563441Z,static,scaled,edge-files,200,3.005409
2026-09-17T05:15:53.976610774Z,static,scaled,edge-files,200,2.486084
2026-09-17T05:15:54.036839217Z,static,scaled,edge-files,200,2.593103
2026-09-17T05:15:54.096860337Z,static,scaled,edge-files,200,2.509276
2026-09-17T05:15:54.156535871Z,static,scaled,edge-files,200,2.650965
2026-09-17T05:15:54.216600572Z,static,scaled,edge-files,200,2.340145
2026-09-17T05:15:54.276554566Z,static,scaled,edge-files,200,2.394149
2026-09-17T05:15:54.336718475Z,static,scaled,edge-files,200,2.576711
2026-09-17T05:15:54.397172964Z,static,scaled,edge-files,200,2.965927
2026-09-17T05:15:54.457400279Z,static,scaled,edge-files,200,3.140308
2026-09-17T05:15:54.516389958Z,static,scaled,edge-files,200,2.5831
2026-09-17T05:15:54.57692037Z,static,scaled,edge-files,200,2.648885
2026-09-17T05:15:54.6374369Z,static,scaled,edge-files,200,2.974146
2026-09-17T05:15:54.696703579Z,static,scaled,edge-files,200,2.689507
2026-09-17T05:15:54.757656128Z,static,scaled,edge-files,200,2.941085
2026-09-17T05:15:54.816549393Z,static,scaled,edge-files,200,2.317714
2026-09-17T05:15:54.876877142Z,static,scaled,edge-files,200,2.521107
2026-09-17T05:15:54.937300877Z,static,scaled,edge-files,200,2.802006
2026-09-17T05:15:54.997006625Z,static,scaled,edge-files,200,3.230504
2026-09-17T05:15:55.056912569Z,static,scaled,edge-files,200,2.613783
2026-09-17T05:15:55.117039795Z,static,scaled,edge-files,200,2.531928
2026-09-17T05:15:55.177553835Z,static,scaled,edge-files,200,2.837243
2026-09-17T05:15:55.236969644Z,static,scaled,edge-files,200,2.779604
2026-09-17T05:15:55.297086009Z,static,scaled,edge-files,200,2.56628
2026-09-17T05:15:55.357115427Z,static,scaled,edge-files,200,2.924814
2026-09-17T05:15:55.417244346Z,static,scaled,edge-files,200,2.567856
2026-09-17T05:15:55.4763804Z,static,scaled,edge-files,200,2.610894
2026-09-17T05:15:55.536618873Z,static,scaled,edge-files,200,2.655947
2026-09-17T05:15:55.59705165Z,static,scaled,edge-files,200,2.809836
2026-09-17T05:15:55.656597095Z,static,scaled,edge-files,200,2.63615
2026-09-17T05:15:55.71666023Z,static,scaled,edge-files,200,2.474303
2026-09-17T05:15:55.776779504Z,static,scaled,edge-files,200,2.431881
2026-09-17T05:15:55.837472099Z,static,scaled,edge-files,200,3.193172
2026-09-17T05:15:55.897368161Z,static,scaled,edge-files,200,3.191421
2026-09-17T05:15:55.957012705Z,static,scaled,edge-files,200,2.738911
2026-09-17T05:15:56.017511131Z,static,scaled,edge-files,200,2.78627
2026-09-17T05:15:56.076763163Z,static,scaled,edge-files,200,2.682848
2026-09-17T05:15:56.137491069Z,static,scaled,edge-files,200,2.746646
2026-09-17T05:15:56.197136437Z,static,scaled,edge-files,200,2.881314
2026-09-17T05:15:56.256311577Z,static,scaled,edge-files,200,2.363736
2026-09-17T05:15:56.317519149Z,static,scaled,edge-files,200,2.763958
2026-09-17T05:15:56.377009536Z,static,scaled,edge-files,200,2.684858
2026-09-17T05:15:56.437275873Z,static,scaled,edge-files,200,2.553989
2026-09-17T05:15:56.497931474Z,static,scaled,edge-files,200,2.982178
2026-09-17T05:15:56.557602543Z,static,scaled,edge-files,200,2.877025
2026-09-17T05:15:56.616593798Z,static,scaled,edge-files,200,2.509385
2026-09-17T05:15:56.677085453Z,static,scaled,edge-files,200,2.718616
2026-09-17T05:15:56.737587798Z,static,scaled,edge-files,200,2.659836
2026-09-17T05:15:56.7969117Z,static,scaled,edge-files,200,2.636534
2026-09-17T05:15:56.857444432Z,static,scaled,edge-files,200,3.438908
2026-09-17T05:15:56.916856089Z,static,scaled,edge-files,200,2.800955
2026-09-17T05:15:56.977518311Z,static,scaled,edge-files,200,3.161029
2026-09-17T05:15:57.037138013Z,static,scaled,edge-files,200,3.035351
2026-09-17T05:15:57.097690557Z,static,scaled,edge-files,200,2.931844
2026-09-17T05:15:57.15779761Z,static,scaled,edge-files,200,3.294698
2026-09-17T05:15:57.21723656Z,static,scaled,edge-files,200,2.930703
2026-09-17T05:15:57.279774584Z,static,scaled,edge-files,200,4.98583
2026-09-17T05:15:57.33764592Z,static,scaled,edge-files,200,3.039631
2026-09-17T05:15:57.396905978Z,static,scaled,edge-files,200,2.511306
2026-09-17T05:15:57.457747681Z,static,scaled,edge-files,200,3.01909
2026-09-17T05:15:57.51689012Z,static,scaled,edge-files,200,2.631313
2026-09-17T05:15:57.577553741Z,static,scaled,edge-files,200,2.796345
2026-09-17T05:15:57.637314704Z,static,scaled,edge-files,200,2.892232
2026-09-17T05:15:57.696953858Z,static,scaled,edge-files,200,3.096315
2026-09-17T05:15:57.757409364Z,static,scaled,edge-files,200,2.683127
2026-09-17T05:15:57.816762398Z,static,scaled,edge-files,200,2.825596
2026-09-17T05:15:57.877678716Z,static,scaled,edge-files,200,3.078464
2026-09-17T05:15:57.937417626Z,static,scaled,edge-files,200,3.146208
2026-09-17T05:15:57.997441143Z,static,scaled,edge-files,200,3.279828
2026-09-17T05:15:58.056709307Z,static,scaled,edge-files,200,2.483045
2026-09-17T05:15:58.117355905Z,static,scaled,edge-files,200,2.980536
2026-09-17T05:15:58.176762796Z,static,scaled,edge-files,200,2.914163
2026-09-17T05:15:58.236946949Z,static,scaled,edge-files,200,2.767873
2026-09-17T05:15:58.29760104Z,static,scaled,edge-files,200,2.844447
2026-09-17T05:15:58.357993591Z,static,scaled,edge-files,200,3.47303
2026-09-17T05:15:58.416742696Z,static,scaled,edge-files,200,2.463572
2026-09-17T05:15:58.476662227Z,static,scaled,edge-files,200,2.375698
2026-09-17T05:15:58.537069539Z,static,scaled,edge-files,200,2.749731
2026-09-17T05:15:58.597254628Z,static,scaled,edge-files,200,2.640954
2026-09-17T05:15:58.656721491Z,static,scaled,edge-files,200,2.574861
2026-09-17T05:15:58.717166586Z,static,scaled,edge-files,200,2.5757
2026-09-17T05:15:58.776549652Z,static,scaled,edge-files,200,2.537878
2026-09-17T05:15:58.836987967Z,static,scaled,edge-files,200,2.640165
2026-09-17T05:15:58.897510668Z,static,scaled,edge-files,200,2.792835
2026-09-17T05:15:58.957094878Z,static,scaled,edge-files,200,2.772323
2026-09-17T05:15:59.017129559Z,static,scaled,edge-files,200,2.480424
2026-09-17T05:15:59.07629608Z,static,scaled,edge-files,200,2.492675
2026-09-17T05:15:59.137599807Z,static,scaled,edge-files,200,2.871385
2026-09-17T05:15:59.196854847Z,static,scaled,edge-files,200,2.698072
2026-09-17T05:15:59.257124063Z,static,scaled,edge-files,200,2.625179
2026-09-17T05:15:59.317118243Z,static,scaled,edge-files,200,2.444501
2026-09-17T05:15:59.376798218Z,static,scaled,edge-files,200,3.034281
2026-09-17T05:15:59.437349939Z,static,scaled,edge-files,200,2.946545
2026-09-17T05:15:59.496886574Z,static,scaled,edge-files,200,2.985958
2026-09-17T05:15:59.557466739Z,static,scaled,edge-files,200,2.749512
2026-09-17T05:15:59.616444499Z,static,scaled,edge-files,200,2.556851
2026-09-17T05:15:59.676863854Z,static,scaled,edge-files,200,2.678849
2026-09-17T05:15:59.737180064Z,static,scaled,edge-files,200,2.57477
2026-09-17T05:15:59.797643502Z,static,scaled,edge-files,200,2.98965
2026-09-17T05:15:59.856856067Z,static,scaled,edge-files,200,2.375798
2026-09-17T05:15:59.916833122Z,static,scaled,edge-files,200,2.410411
2026-09-17T05:15:59.976849857Z,static,scaled,edge-files,200,2.504414
2026-09-17T05:16:00.037070407Z,static,scaled,edge-files,200,2.657147
2026-09-17T05:16:00.097373036Z,static,scaled,edge-files,200,2.595923
2026-09-17T05:16:00.157093506Z,static,scaled,edge-files,200,2.882823
2026-09-17T05:16:00.217066463Z,static,scaled,edge-files,200,2.504628
2026-09-17T05:16:00.276440918Z,static,scaled,edge-files,200,2.677929
2026-09-17T05:16:00.337190467Z,static,scaled,edge-files,200,2.969089
2026-09-17T05:16:00.397354457Z,static,scaled,edge-files,200,2.6917
2026-09-17T05:16:00.456490736Z,static,scaled,edge-files,200,2.41503
2026-09-17T05:16:00.516830445Z,static,scaled,edge-files,200,2.574191
2026-09-17T05:16:00.577284744Z,static,scaled,edge-files,200,2.706599
2026-09-17T05:16:00.63811832Z,static,scaled,edge-files,200,3.395571
2026-09-17T05:16:00.697470309Z,static,scaled,edge-files,200,2.675638
2026-09-17T05:16:00.756526129Z,static,scaled,edge-files,200,2.433167
2026-09-17T05:16:00.816836612Z,static,scaled,edge-files,200,2.800787
2026-09-17T05:16:00.876656917Z,static,scaled,edge-files,200,2.786606
2026-09-17T05:16:00.937440826Z,static,scaled,edge-files,200,2.997979
2026-09-17T05:16:00.996753882Z,static,scaled,edge-files,200,2.667322
2026-09-17T05:16:01.057314121Z,static,scaled,edge-files,200,2.818527
2026-09-17T05:16:01.116481152Z,static,scaled,edge-files,200,2.533848
2026-09-17T05:16:01.177716063Z,static,scaled,edge-files,200,3.474212
2026-09-17T05:16:01.237068979Z,static,scaled,edge-files,200,2.820048
2026-09-17T05:16:01.296497929Z,static,scaled,edge-files,200,2.723742
2026-09-17T05:16:01.357392265Z,static,scaled,edge-files,200,2.917184
2026-09-17T05:16:01.416895886Z,static,scaled,edge-files,200,2.893109
2026-09-17T05:16:01.477227414Z,static,scaled,edge-files,200,2.757219
2026-09-17T05:16:01.536702702Z,static,scaled,edge-files,200,2.839234
2026-09-17T05:16:01.597485673Z,static,scaled,edge-files,200,2.981703
2026-09-17T05:16:01.656802127Z,static,scaled,edge-files,200,2.513783
2026-09-17T05:16:01.717132626Z,static,scaled,edge-files,200,2.83396
2026-09-17T05:16:01.777839753Z,static,scaled,edge-files,200,3.090216
2026-09-17T05:16:01.837735606Z,static,scaled,edge-files,200,3.083714
2026-09-17T05:16:01.89694186Z,static,scaled,edge-files,200,2.650757
2026-09-17T05:16:01.956674513Z,static,scaled,edge-files,200,2.62564
2026-09-17T05:16:02.017584669Z,static,scaled,edge-files,200,3.07023
2026-09-17T05:16:02.077141549Z,static,scaled,edge-files,200,2.909944
2026-09-17T05:16:02.13792669Z,static,scaled,edge-files,200,3.214034
2026-09-17T05:16:02.197496544Z,static,scaled,edge-files,200,2.969474
2026-09-17T05:16:02.256869038Z,static,scaled,edge-files,200,2.583476
2026-09-17T05:16:02.317299166Z,static,scaled,edge-files,200,2.841021
2026-09-17T05:16:02.377482735Z,static,scaled,edge-files,200,3.725194
2026-09-17T05:16:02.43751327Z,static,scaled,edge-files,200,3.111172
2026-09-17T05:16:02.497041816Z,static,scaled,edge-files,200,2.637316
2026-09-17T05:16:02.556344657Z,static,scaled,edge-files,200,2.517847
2026-09-17T05:16:02.616647406Z,static,scaled,edge-files,200,2.607804
2026-09-17T05:16:02.676987417Z,static,scaled,edge-files,200,2.776731
2026-09-17T05:16:02.737777096Z,static,scaled,edge-files,200,3.122308
2026-09-17T05:16:02.796776113Z,static,scaled,edge-files,200,2.54253
2026-09-17T05:16:02.857172642Z,static,scaled,edge-files,200,2.463205
2026-09-17T05:16:02.917457639Z,static,scaled,edge-files,200,2.749168
2026-09-17T05:16:02.977100892Z,static,scaled,edge-files,200,2.917193
2026-09-17T05:16:03.037707273Z,static,scaled,edge-files,200,2.974534
2026-09-17T05:16:03.097199944Z,static,scaled,edge-files,200,2.734842
2026-09-17T05:16:03.15689768Z,static,scaled,edge-files,200,2.822697
2026-09-17T05:16:03.217215829Z,static,scaled,edge-files,200,2.756314
2026-09-17T05:16:03.276693933Z,static,scaled,edge-files,200,2.896142
2026-09-17T05:16:03.336944058Z,static,scaled,edge-files,200,2.707951
2026-09-17T05:16:03.3973072Z,static,scaled,edge-files,200,2.674758
2026-09-17T05:16:03.456843147Z,static,scaled,edge-files,200,2.862211
2026-09-17T05:16:03.517644919Z,static,scaled,edge-files,200,3.163391
2026-09-17T05:16:03.577183976Z,static,scaled,edge-files,200,2.908663
2026-09-17T05:16:03.638420306Z,static,scaled,edge-files,200,3.774981
2026-09-17T05:16:03.696760994Z,static,scaled,edge-files,200,2.794937
2026-09-17T05:16:03.757339882Z,static,scaled,edge-files,200,2.723402
2026-09-17T05:16:03.817406936Z,static,scaled,edge-files,200,3.277989
2026-09-17T05:16:03.876949623Z,static,scaled,edge-files,200,2.99311
2026-09-17T05:16:03.937585834Z,static,scaled,edge-files,200,3.167561
2026-09-17T05:16:03.996958368Z,static,scaled,edge-files,200,2.826639
2026-09-17T05:16:04.056575441Z,static,scaled,edge-files,200,2.497445
2026-09-17T05:16:04.117502406Z,static,scaled,edge-files,200,3.316944
2026-09-17T05:16:04.177038898Z,static,scaled,edge-files,200,2.893362
2026-09-17T05:16:04.237201403Z,static,scaled,edge-files,200,2.626825
2026-09-17T05:16:04.297411557Z,static,scaled,edge-files,200,2.607243
2026-09-17T05:16:04.356624268Z,static,scaled,edge-files,200,2.45978
2026-09-17T05:16:04.416962452Z,static,scaled,edge-files,200,2.663107
2026-09-17T05:16:04.477300873Z,static,scaled,edge-files,200,2.866861
2026-09-17T05:16:04.536375547Z,static,scaled,edge-files,200,2.635047
2026-09-17T05:16:04.596689378Z,static,scaled,edge-files,200,2.671047
2026-09-17T05:16:04.65719541Z,static,scaled,edge-files,200,2.731092
2026-09-17T05:16:04.718490414Z,static,scaled,edge-files,200,3.014311
2026-09-17T05:16:04.777280301Z,static,scaled,edge-files,200,3.07472
2026-09-17T05:16:04.837918052Z,static,scaled,edge-files,200,3.042343
2026-09-17T05:16:04.897710465Z,static,scaled,edge-files,200,3.245017
2026-09-17T05:16:04.957462787Z,static,scaled,edge-files,200,2.880517
2026-09-17T05:16:05.016912267Z,static,scaled,edge-files,200,2.773135
2026-09-17T05:16:05.078110605Z,static,scaled,edge-files,200,3.30397
2026-09-17T05:16:05.137870822Z,static,scaled,edge-files,200,3.046163
2026-09-17T05:16:05.196855598Z,static,scaled,edge-files,200,2.439153
2026-09-17T05:16:05.256973512Z,static,scaled,edge-files,200,3.206773
2026-09-17T05:16:05.3172744Z,static,scaled,edge-files,200,2.782045
2026-09-17T05:16:05.377833326Z,static,scaled,edge-files,200,3.031571
2026-09-17T05:16:05.437866936Z,static,scaled,edge-files,200,3.082544
2026-09-17T05:16:05.497035959Z,static,scaled,edge-files,200,2.720462
2026-09-17T05:16:05.557738374Z,static,scaled,edge-files,200,3.74383
2026-09-17T05:16:05.617370029Z,static,scaled,edge-files,200,3.050023
2026-09-17T05:16:05.677323563Z,static,scaled,edge-files,200,3.284739
2026-09-17T05:16:05.738109884Z,static,scaled,edge-files,200,3.226076
2026-09-17T05:16:05.797579017Z,static,scaled,edge-files,200,2.767044
2026-09-17T05:16:05.857231172Z,static,scaled,edge-files,200,2.797416
2026-09-17T05:16:05.917397919Z,static,scaled,edge-files,200,3.260967
2026-09-17T05:16:05.976867392Z,static,scaled,edge-files,200,2.912564
2026-09-17T05:16:06.037914168Z,static,scaled,edge-files,200,3.193993
2026-09-17T05:16:06.098251531Z,static,scaled,edge-files,200,3.645362
2026-09-17T05:16:06.157794968Z,static,scaled,edge-files,200,3.164032
2026-09-17T05:16:06.217487428Z,static,scaled,edge-files,200,3.117202
2026-09-17T05:16:06.27702649Z,static,scaled,edge-files,200,2.826148
2026-09-17T05:16:06.337540456Z,static,scaled,edge-files,200,2.870577
2026-09-17T05:16:06.396565886Z,static,scaled,edge-files,200,2.55534
2026-09-17T05:16:06.457210067Z,static,scaled,edge-files,200,2.610565
2026-09-17T05:16:06.516483527Z,static,scaled,edge-files,200,2.658468
2026-09-17T05:16:06.57716058Z,static,scaled,edge-files,200,2.937736
2026-09-17T05:16:06.637318198Z,static,scaled,edge-files,200,2.659157
2026-09-17T05:16:06.697093883Z,static,scaled,edge-files,200,2.983805
2026-09-17T05:16:06.757446219Z,static,scaled,edge-files,200,3.604265
2026-09-17T05:16:06.816959489Z,static,scaled,edge-files,200,2.881792
2026-09-17T05:16:06.877516174Z,static,scaled,edge-files,200,2.876922
2026-09-17T05:16:06.936531767Z,static,scaled,edge-files,200,2.698129
2026-09-17T05:16:06.996895419Z,static,scaled,edge-files,200,2.581092
2026-09-17T05:16:07.05665199Z,static,scaled,edge-files,200,2.830609
2026-09-17T05:16:07.116961809Z,static,scaled,edge-files,200,2.720013
2026-09-17T05:16:07.177351728Z,static,scaled,edge-files,200,2.752618
2026-09-17T05:16:07.236717919Z,static,scaled,edge-files,200,2.630245
2026-09-17T05:16:07.297649054Z,static,scaled,edge-files,200,3.342139
2026-09-17T05:16:07.356305755Z,static,scaled,edge-files,200,2.468334
2026-09-17T05:16:07.417510815Z,static,scaled,edge-files,200,2.763273
2026-09-17T05:16:07.476880387Z,static,scaled,edge-files,200,2.578371
2026-09-17T05:16:07.536921657Z,static,scaled,edge-files,200,2.479809
2026-09-17T05:16:07.597428907Z,static,scaled,edge-files,200,2.64383
2026-09-17T05:16:07.658377819Z,static,scaled,edge-files,200,4.108438
2026-09-17T05:16:07.716745569Z,static,scaled,edge-files,200,2.778154
2026-09-17T05:16:07.77731439Z,static,scaled,edge-files,200,2.939305
2026-09-17T05:16:07.837143843Z,static,scaled,edge-files,200,3.249985
2026-09-17T05:16:07.897450357Z,static,scaled,edge-files,200,2.767313
2026-09-17T05:16:07.957149041Z,static,scaled,edge-files,200,2.839728
2026-09-17T05:16:08.017471725Z,static,scaled,edge-files,200,2.778294
2026-09-17T05:16:08.076938672Z,static,scaled,edge-files,200,2.697038
2026-09-17T05:16:08.137216974Z,static,scaled,edge-files,200,2.685852
2026-09-17T05:16:08.1977639Z,static,scaled,edge-files,200,2.866807
2026-09-17T05:16:08.257563985Z,static,scaled,edge-files,200,3.028156
2026-09-17T05:16:08.317274298Z,static,scaled,edge-files,200,3.088095
2026-09-17T05:16:08.376402827Z,static,scaled,edge-files,200,2.552819
2026-09-17T05:16:08.436552538Z,static,scaled,edge-files,200,2.393198
2026-09-17T05:16:08.497064117Z,static,scaled,edge-files,200,2.729562
2026-09-17T05:16:08.556887137Z,static,scaled,edge-files,200,2.852019
2026-09-17T05:16:08.61730374Z,static,scaled,edge-files,200,2.837868
2026-09-17T05:16:08.676755317Z,static,scaled,edge-files,200,2.88567
2026-09-17T05:16:08.737052657Z,static,scaled,edge-files,200,2.739587
2026-09-17T05:16:08.797214195Z,static,scaled,edge-files,200,2.367982
2026-09-17T05:16:08.857075385Z,static,scaled,edge-files,200,2.858759
2026-09-17T05:16:08.91747966Z,static,scaled,edge-files,200,2.740622
2026-09-17T05:16:08.976850862Z,static,scaled,edge-files,200,2.717351
2026-09-17T05:16:09.036817333Z,static,scaled,edge-files,200,2.473413
2026-09-17T05:16:09.096975007Z,static,scaled,edge-files,200,2.441591
2026-09-17T05:16:09.156987149Z,static,scaled,edge-files,200,3.009238
2026-09-17T05:16:09.217472904Z,static,scaled,edge-files,200,2.902792
2026-09-17T05:16:09.276922494Z,static,scaled,edge-files,200,2.747482
2026-09-17T05:16:09.337009432Z,static,scaled,edge-files,200,2.512196
2026-09-17T05:16:09.3974881Z,static,scaled,edge-files,200,2.780324
2026-09-17T05:16:09.457005175Z,static,scaled,edge-files,200,2.765288
2026-09-17T05:16:09.517211173Z,static,scaled,edge-files,200,2.63916
2026-09-17T05:16:09.576349355Z,static,scaled,edge-files,200,2.332549
2026-09-17T05:16:09.636918587Z,static,scaled,edge-files,200,2.960016
2026-09-17T05:16:09.697162037Z,static,scaled,edge-files,200,2.590712
2026-09-17T05:16:09.756866146Z,static,scaled,edge-files,200,2.852884
2026-09-17T05:16:09.817302232Z,static,scaled,edge-files,200,2.577001
2026-09-17T05:16:09.876450141Z,static,scaled,edge-files,200,2.492546
2026-09-17T05:16:09.936704441Z,static,scaled,edge-files,200,2.605301
2026-09-17T05:16:09.997082329Z,static,scaled,edge-files,200,2.583582
2026-09-17T05:16:10.05658494Z,static,scaled,edge-files,200,2.649054
2026-09-17T05:16:10.117073055Z,static,scaled,edge-files,200,2.775984
2026-09-17T05:16:10.177336725Z,static,scaled,edge-files,200,2.607252
2026-09-17T05:16:10.236683516Z,static,scaled,edge-files,200,2.689789
2026-09-17T05:16:10.297289904Z,static,scaled,edge-files,200,2.958392
2026-09-17T05:16:10.357385675Z,static,scaled,edge-files,200,3.235009
2026-09-17T05:16:10.417350487Z,static,scaled,edge-files,200,3.338132
2026-09-17T05:16:10.476509394Z,static,scaled,edge-files,200,2.326378
2026-09-17T05:16:10.536522584Z,static,scaled,edge-files,200,2.416501
2026-09-17T05:16:10.597034847Z,static,scaled,edge-files,200,2.837184
2026-09-17T05:16:10.656058831Z,static,scaled,edge-files,200,2.261455
2026-09-17T05:16:10.717295912Z,static,scaled,edge-files,200,2.595747
2026-09-17T05:16:10.776571693Z,static,scaled,edge-files,200,2.602372
2026-09-17T05:16:10.8369299Z,static,scaled,edge-files,200,2.5726
2026-09-17T05:16:10.897311669Z,static,scaled,edge-files,200,2.666207
2026-09-17T05:16:10.956887185Z,static,scaled,edge-files,200,2.554969
2026-09-17T05:16:11.017696116Z,static,scaled,edge-files,200,2.933209
2026-09-17T05:16:11.076745871Z,static,scaled,edge-files,200,2.320913
2026-09-17T05:16:11.137075225Z,static,scaled,edge-files,200,2.616273
2026-09-17T05:16:11.197414393Z,static,scaled,edge-files,200,2.616502
2026-09-17T05:16:11.256989438Z,static,scaled,edge-files,200,2.740782
2026-09-17T05:16:11.317598211Z,static,scaled,edge-files,200,3.075674
2026-09-17T05:16:11.376964491Z,static,scaled,edge-files,200,2.683779
2026-09-17T05:16:11.43748283Z,static,scaled,edge-files,200,2.909612
2026-09-17T05:16:11.497103581Z,static,scaled,edge-files,200,2.971121
2026-09-17T05:16:11.556592407Z,static,scaled,edge-files,200,2.641145
2026-09-17T05:16:11.616966219Z,static,scaled,edge-files,200,2.562794
2026-09-17T05:16:11.677272959Z,static,scaled,edge-files,200,2.666807
2026-09-17T05:16:11.737563485Z,static,scaled,edge-files,200,2.684972
2026-09-17T05:16:11.796957774Z,static,scaled,edge-files,200,2.735031
2026-09-17T05:16:11.856655895Z,static,scaled,edge-files,200,2.613372
2026-09-17T05:16:11.916888495Z,static,scaled,edge-files,200,2.612623
2026-09-17T05:16:11.977157886Z,static,scaled,edge-files,200,2.474843
2026-09-17T05:16:12.037428716Z,static,scaled,edge-files,200,3.07994
2026-09-17T05:16:12.096893015Z,static,scaled,edge-files,200,2.797144
2026-09-17T05:16:12.15751407Z,static,scaled,edge-files,200,2.791775
2026-09-17T05:16:12.217212704Z,static,scaled,edge-files,200,2.960125
2026-09-17T05:16:12.27687053Z,static,scaled,edge-files,200,2.705455
2026-09-17T05:16:12.337574424Z,static,scaled,edge-files,200,2.850458
2026-09-17T05:16:12.397738037Z,static,scaled,edge-files,200,3.48157
2026-09-17T05:16:12.457766922Z,static,scaled,edge-files,200,3.110827
2026-09-17T05:16:12.517163417Z,static,scaled,edge-files,200,2.773944
2026-09-17T05:16:12.577980464Z,static,scaled,edge-files,200,3.097776
2026-09-17T05:16:12.637453307Z,static,scaled,edge-files,200,2.601307
2026-09-17T05:16:12.697336999Z,static,scaled,edge-files,200,3.003406
2026-09-17T05:16:12.756417806Z,static,scaled,edge-files,200,2.325703
2026-09-17T05:16:12.816457208Z,static,scaled,edge-files,200,2.396594
2026-09-17T05:16:12.876665155Z,static,scaled,edge-files,200,2.57403
2026-09-17T05:16:12.937522526Z,static,scaled,edge-files,200,3.019084
2026-09-17T05:16:12.9972266Z,static,scaled,edge-files,200,3.045261
2026-09-17T05:16:13.056684358Z,static,scaled,edge-files,200,2.237009
2026-09-17T05:16:13.116863633Z,static,scaled,edge-files,200,2.5722
2026-09-17T05:16:13.177197629Z,static,scaled,edge-files,200,2.699008
2026-09-17T05:16:13.237544125Z,static,scaled,edge-files,200,2.72531
2026-09-17T05:16:13.297814093Z,static,scaled,edge-files,200,3.69082
2026-09-17T05:16:13.357681022Z,static,scaled,edge-files,200,3.113746
2026-09-17T05:16:13.417119245Z,static,scaled,edge-files,200,2.64037
2026-09-17T05:16:13.477416973Z,static,scaled,edge-files,200,2.626664
2026-09-17T05:16:13.537110657Z,static,scaled,edge-files,200,3.02757
2026-09-17T05:16:13.597790355Z,static,scaled,edge-files,200,3.105596
2026-09-17T05:16:13.657398533Z,static,scaled,edge-files,200,2.904397
2026-09-17T05:16:13.716923925Z,static,scaled,edge-files,200,2.791275
2026-09-17T05:16:13.777737787Z,static,scaled,edge-files,200,3.224448
2026-09-17T05:16:13.837300813Z,static,scaled,edge-files,200,2.964422
2026-09-17T05:16:13.897718189Z,static,scaled,edge-files,200,3.688544
2026-09-17T05:16:13.95751665Z,static,scaled,edge-files,200,3.054613
2026-09-17T05:16:14.016995018Z,static,scaled,edge-files,200,2.976186
2026-09-17T05:16:14.077687468Z,static,scaled,edge-files,200,2.824697
2026-09-17T05:16:14.137473188Z,static,scaled,edge-files,200,3.063443
2026-09-17T05:16:14.197029122Z,static,scaled,edge-files,200,3.01949
2026-09-17T05:16:14.256378442Z,static,scaled,edge-files,200,2.558904
2026-09-17T05:16:14.316484411Z,static,scaled,edge-files,200,2.684908
2026-09-17T05:16:14.376744806Z,static,scaled,edge-files,200,2.625934
2026-09-17T05:16:14.436859141Z,static,scaled,edge-files,200,2.644702
2026-09-17T05:16:14.497022286Z,static,scaled,edge-files,200,2.379688
2026-09-17T05:16:14.557432742Z,static,scaled,edge-files,200,2.604063
2026-09-17T05:16:14.617105724Z,static,scaled,edge-files,200,3.02343
2026-09-17T05:16:14.677312172Z,static,scaled,edge-files,200,2.667226
2026-09-17T05:16:14.736600439Z,static,scaled,edge-files,200,2.733201
2026-09-17T05:16:14.797002166Z,static,scaled,edge-files,200,2.761303
2026-09-17T05:16:14.856211008Z,static,scaled,edge-files,200,2.465324
2026-09-17T05:16:14.917314454Z,static,scaled,edge-files,200,2.535602
2026-09-17T05:16:14.976673016Z,static,scaled,edge-files,200,2.529908
2026-09-17T05:16:15.037145941Z,static,scaled,edge-files,200,2.757272
2026-09-17T05:16:15.097445405Z,static,scaled,edge-files,200,2.676721
2026-09-17T05:16:15.156858968Z,static,scaled,edge-files,200,2.404359
2026-09-17T05:16:15.217487684Z,static,scaled,edge-files,200,2.761303
2026-09-17T05:16:15.276758149Z,static,scaled,edge-files,200,2.600152
2026-09-17T05:16:15.33715312Z,static,scaled,edge-files,200,2.900262
2026-09-17T05:16:15.397678828Z,static,scaled,edge-files,200,2.968155
2026-09-17T05:16:15.456956778Z,static,scaled,edge-files,200,2.492064
2026-09-17T05:16:15.517188172Z,static,scaled,edge-files,200,2.727023
2026-09-17T05:16:15.57722205Z,static,scaled,edge-files,200,2.463377
2026-09-17T05:16:15.637547486Z,static,scaled,edge-files,200,2.721543
2026-09-17T05:16:15.697160924Z,static,scaled,edge-files,200,2.852021
2026-09-17T05:16:15.756321846Z,static,scaled,edge-files,200,2.308537
2026-09-17T05:16:15.816090129Z,static,scaled,edge-files,200,2.324988
2026-09-17T05:16:15.876587656Z,static,scaled,edge-files,200,2.621416
2026-09-17T05:16:15.936928363Z,static,scaled,edge-files,200,2.809248
2026-09-17T05:16:15.997808451Z,static,scaled,edge-files,200,3.125204
2026-09-17T05:16:16.05682645Z,static,scaled,edge-files,200,2.52141
2026-09-17T05:16:16.117157706Z,static,scaled,edge-files,200,2.528341
2026-09-17T05:16:16.177298615Z,static,scaled,edge-files,200,2.524675
2026-09-17T05:16:16.237545581Z,static,scaled,edge-files,200,3.364664
2026-09-17T05:16:16.296990931Z,static,scaled,edge-files,200,2.868512
2026-09-17T05:16:16.357447144Z,static,scaled,edge-files,200,2.68448
2026-09-17T05:16:16.416553952Z,static,scaled,edge-files,200,2.499689
2026-09-17T05:16:16.477257708Z,static,scaled,edge-files,200,2.941942
2026-09-17T05:16:16.537564088Z,static,scaled,edge-files,200,2.716233
2026-09-17T05:16:16.59658071Z,static,scaled,edge-files,200,2.448315
2026-09-17T05:16:16.656919378Z,static,scaled,edge-files,200,2.53053
2026-09-17T05:16:16.717272083Z,static,scaled,edge-files,200,2.773152
2026-09-17T05:16:16.776434024Z,static,scaled,edge-files,200,2.683375
2026-09-17T05:16:16.837375014Z,static,scaled,edge-files,200,3.117658
2026-09-17T05:16:16.897776Z,static,scaled,edge-files,200,3.308756
2026-09-17T05:16:16.957186052Z,static,scaled,edge-files,200,2.794958
2026-09-17T05:16:17.016845616Z,static,scaled,edge-files,200,2.890064
2026-09-17T05:16:17.077295076Z,static,scaled,edge-files,200,2.804545
2026-09-17T05:16:17.136857048Z,static,scaled,edge-files,200,2.785686
2026-09-17T05:16:17.197501204Z,static,scaled,edge-files,200,2.99968
2026-09-17T05:16:17.25703416Z,static,scaled,edge-files,200,2.724202
2026-09-17T05:16:17.317439321Z,static,scaled,edge-files,200,2.82484
2026-09-17T05:16:17.376572613Z,static,scaled,edge-files,200,2.590475
2026-09-17T05:16:17.436992534Z,static,scaled,edge-files,200,2.751925
2026-09-17T05:16:17.497559916Z,static,scaled,edge-files,200,2.782177
2026-09-17T05:16:17.557126014Z,static,scaled,edge-files,200,2.623867
2026-09-17T05:16:17.617236136Z,static,scaled,edge-files,200,2.449535
2026-09-17T05:16:17.67674507Z,static,scaled,edge-files,200,2.844992
2026-09-17T05:16:17.738018564Z,static,scaled,edge-files,200,3.552386
2026-09-17T05:16:17.797655828Z,static,scaled,edge-files,200,3.007381
2026-09-17T05:16:17.857485308Z,static,scaled,edge-files,200,2.693757
2026-09-17T05:16:17.917489538Z,static,scaled,edge-files,200,3.210009
2026-09-17T05:16:17.976738065Z,static,scaled,edge-files,200,2.67704
2026-09-17T05:16:18.037411464Z,static,scaled,edge-files,200,2.916355
2026-09-17T05:16:18.096377734Z,static,scaled,edge-files,200,2.273944
2026-09-17T05:16:18.156881223Z,static,scaled,edge-files,200,2.737364
2026-09-17T05:16:18.217341477Z,static,scaled,edge-files,200,2.780567
2026-09-17T05:16:18.276925341Z,static,scaled,edge-files,200,2.895705
2026-09-17T05:16:18.337406806Z,static,scaled,edge-files,200,2.926261
2026-09-17T05:16:18.396417413Z,static,scaled,edge-files,200,2.50599
2026-09-17T05:16:18.457557851Z,static,scaled,edge-files,200,3.203914
2026-09-17T05:16:18.51651634Z,static,scaled,edge-files,200,2.399483
2026-09-17T05:16:18.576634443Z,static,scaled,edge-files,200,2.616315
2026-09-17T05:16:18.636909206Z,static,scaled,edge-files,200,2.673419
2026-09-17T05:16:18.69702553Z,static,scaled,edge-files,200,2.630447
2026-09-17T05:16:18.756390485Z,static,scaled,edge-files,200,2.394293
2026-09-17T05:16:18.817306919Z,static,scaled,edge-files,200,3.338862
2026-09-17T05:16:18.875756822Z,static,scaled,edge-files,200,2.692231
2026-09-17T05:16:18.934660648Z,static,scaled,edge-files,200,2.298837
2026-09-17T05:16:18.995434402Z,static,scaled,edge-files,200,2.461677
2026-09-17T05:16:19.054807078Z,static,scaled,edge-files,200,2.553333
2026-09-17T05:16:19.114977563Z,static,scaled,edge-files,200,2.67015
2026-09-17T05:16:19.175500983Z,static,scaled,edge-files,200,2.693457
2026-09-17T05:16:19.235995431Z,static,scaled,edge-files,200,2.804044
2026-09-17T05:16:19.295157634Z,static,scaled,edge-files,200,2.648057
2026-09-17T05:16:19.355265015Z,static,scaled,edge-files,200,2.319497
2026-09-17T05:16:19.415907552Z,static,scaled,edge-files,200,2.876003
2026-09-17T05:16:19.475411226Z,static,scaled,edge-files,200,2.98214
2026-09-17T05:16:19.53586604Z,static,scaled,edge-files,200,2.876843
2026-09-17T05:16:19.594958218Z,static,scaled,edge-files,200,2.513461
2026-09-17T05:16:19.655223774Z,static,scaled,edge-files,200,2.448711
2026-09-17T05:16:19.715371642Z,static,scaled,edge-files,200,2.535751
2026-09-17T05:16:19.775597283Z,static,scaled,edge-files,200,2.713032
2026-09-17T05:16:19.835111868Z,static,scaled,edge-files,200,2.766316
2026-09-17T05:16:19.895189978Z,static,scaled,edge-files,200,2.639908
2026-09-17T05:16:19.955771111Z,static,scaled,edge-files,200,2.713363
2026-09-17T05:16:20.015182746Z,static,scaled,edge-files,200,2.675216
2026-09-17T05:16:20.075706194Z,static,scaled,edge-files,200,2.905691
2026-09-17T05:16:20.134847819Z,static,scaled,edge-files,200,2.613127
2026-09-17T05:16:20.194974643Z,static,scaled,edge-files,200,2.497659
2026-09-17T05:16:20.255466189Z,static,scaled,edge-files,200,2.609106
2026-09-17T05:16:20.314684973Z,static,scaled,edge-files,200,2.635068
2026-09-17T05:16:20.375314134Z,static,scaled,edge-files,200,2.951752
2026-09-17T05:16:20.436084174Z,static,scaled,edge-files,200,3.092638
2026-09-17T05:16:20.495621199Z,static,scaled,edge-files,200,3.020412
2026-09-17T05:16:20.555103542Z,static,scaled,edge-files,200,2.609016
2026-09-17T05:16:20.61546704Z,static,scaled,edge-files,200,2.889523
2026-09-17T05:16:20.675962728Z,static,scaled,edge-files,200,2.882498
2026-09-17T05:16:20.735377916Z,static,scaled,edge-files,200,2.820369
2026-09-17T05:16:20.795639969Z,static,scaled,edge-files,200,2.702692
2026-09-17T05:16:20.85558369Z,static,scaled,edge-files,200,3.010926
2026-09-17T05:16:20.915134807Z,static,scaled,edge-files,200,3.073145
2026-09-17T05:16:20.976231932Z,static,scaled,edge-files,200,3.28857
2026-09-17T05:16:21.034976222Z,static,scaled,edge-files,200,2.178694
2026-09-17T05:16:21.095109231Z,static,scaled,edge-files,200,2.608496
2026-09-17T05:16:21.155075199Z,static,scaled,edge-files,200,3.007297
2026-09-17T05:16:21.216215942Z,static,scaled,edge-files,200,3.167481
2026-09-17T05:16:21.275870245Z,static,scaled,edge-files,200,3.087936
2026-09-17T05:16:21.335447024Z,static,scaled,edge-files,200,2.965728
2026-09-17T05:16:21.396183806Z,static,scaled,edge-files,200,3.133959
2026-09-17T05:16:21.455608326Z,static,scaled,edge-files,200,2.681331
2026-09-17T05:16:21.515002742Z,static,scaled,edge-files,200,2.904855
2026-09-17T05:16:21.575522201Z,static,scaled,edge-files,200,2.869623
2026-09-17T05:16:21.635955293Z,static,scaled,edge-files,200,2.891904
2026-09-17T05:16:21.695722583Z,static,scaled,edge-files,200,3.086987
2026-09-17T05:16:21.755789154Z,static,scaled,edge-files,200,3.224496
2026-09-17T05:16:21.815599097Z,static,scaled,edge-files,200,3.095267
2026-09-17T05:16:21.875906682Z,static,scaled,edge-files,200,3.6357
2026-09-17T05:16:21.935340091Z,static,scaled,edge-files,200,2.876262
2026-09-17T05:16:21.996074984Z,static,scaled,edge-files,200,2.905064
2026-09-17T05:16:22.055560126Z,static,scaled,edge-files,200,2.637757
2026-09-17T05:16:22.115294255Z,static,scaled,edge-files,200,3.228136
2026-09-17T05:16:22.175501362Z,static,scaled,edge-files,200,3.039513
2026-09-17T05:16:22.235734102Z,static,scaled,edge-files,200,2.648689
2026-09-17T05:16:22.294775375Z,static,scaled,edge-files,200,2.43527
2026-09-17T05:16:22.355354628Z,static,scaled,edge-files,200,2.644299
2026-09-17T05:16:22.414813229Z,static,scaled,edge-files,200,2.693331
2026-09-17T05:16:22.475062411Z,static,scaled,edge-files,200,2.653339
2026-09-17T05:16:22.535090948Z,static,scaled,edge-files,200,2.544491
2026-09-17T05:16:22.595395033Z,static,scaled,edge-files,200,2.757775
2026-09-17T05:16:22.655208657Z,static,scaled,edge-files,200,2.921741
2026-09-17T05:16:22.715019596Z,static,scaled,edge-files,200,2.888388
2026-09-17T05:16:22.775181476Z,static,scaled,edge-files,200,2.590874
2026-09-17T05:16:22.835499262Z,static,scaled,edge-files,200,2.439565
2026-09-17T05:16:22.895826338Z,static,scaled,edge-files,200,2.720913
2026-09-17T05:16:22.955637791Z,static,scaled,edge-files,200,3.008032
2026-09-17T05:16:23.015351668Z,static,scaled,edge-files,200,3.190394
2026-09-17T05:16:23.075744683Z,static,scaled,edge-files,200,2.799623
2026-09-17T05:16:23.134544347Z,static,scaled,edge-files,200,2.317017
2026-09-17T05:16:23.194772597Z,static,scaled,edge-files,200,2.734843
2026-09-17T05:16:23.255250863Z,static,scaled,edge-files,200,2.737344
2026-09-17T05:16:23.315993456Z,static,scaled,edge-files,200,3.134779
2026-09-17T05:16:23.374993263Z,static,scaled,edge-files,200,2.457251
2026-09-17T05:16:23.435172262Z,static,scaled,edge-files,200,2.416169
2026-09-17T05:16:23.495105928Z,static,scaled,edge-files,200,2.414703
2026-09-17T05:16:23.555580141Z,static,scaled,edge-files,200,2.557149
2026-09-17T05:16:23.61472889Z,static,scaled,edge-files,200,2.727919
2026-09-17T05:16:23.674767918Z,static,scaled,edge-files,200,2.356644
2026-09-17T05:16:23.734900153Z,static,scaled,edge-files,200,2.421849
2026-09-17T05:16:23.794907309Z,static,scaled,edge-files,200,2.4398
2026-09-17T05:16:23.855622627Z,static,scaled,edge-files,200,2.737164
2026-09-17T05:16:23.91550688Z,static,scaled,edge-files,200,3.011367
2026-09-17T05:16:23.975178534Z,static,scaled,edge-files,200,2.833285
2026-09-17T05:16:24.035740468Z,static,scaled,edge-files,200,3.021988
2026-09-17T05:16:24.094887688Z,static,scaled,edge-files,200,2.42185
2026-09-17T05:16:24.155825284Z,static,scaled,edge-files,200,3.097604
2026-09-17T05:16:24.214921391Z,static,scaled,edge-files,200,2.565199
2026-09-17T05:16:24.274979091Z,static,scaled,edge-files,200,2.500834
2026-09-17T05:16:24.335686522Z,static,scaled,edge-files,200,2.961404
2026-09-17T05:16:24.395189855Z,static,scaled,edge-files,200,2.712208
2026-09-17T05:16:24.455819142Z,static,scaled,edge-files,200,2.846887
2026-09-17T05:16:24.515121822Z,static,scaled,edge-files,200,2.835086
2026-09-17T05:16:24.575131679Z,static,scaled,edge-files,200,2.406808
2026-09-17T05:16:24.63536782Z,static,scaled,edge-files,200,2.713328
2026-09-17T05:16:24.695320122Z,static,scaled,edge-files,200,2.383597
2026-09-17T05:16:24.754830656Z,static,scaled,edge-files,200,2.761032
2026-09-17T05:16:24.815155503Z,static,scaled,edge-files,200,2.857019
2026-09-17T05:16:24.875685114Z,static,scaled,edge-files,200,2.88382
2026-09-17T05:16:24.935062039Z,static,scaled,edge-files,200,2.917057
2026-09-17T05:16:24.995309421Z,static,scaled,edge-files,200,2.602421
2026-09-17T05:16:25.055019943Z,static,scaled,edge-files,200,2.66419
2026-09-17T05:16:25.115063442Z,static,scaled,edge-files,200,2.697642
2026-09-17T05:16:25.174839287Z,static,scaled,edge-files,200,2.392927
2026-09-17T05:16:25.234947399Z,static,scaled,edge-files,200,2.458022
2026-09-17T05:16:25.295268797Z,static,scaled,edge-files,200,2.472733
2026-09-17T05:16:25.355645766Z,static,scaled,edge-files,200,2.695947
2026-09-17T05:16:25.415237474Z,static,scaled,edge-files,200,2.878019
2026-09-17T05:16:25.475857051Z,static,scaled,edge-files,200,2.923612
2026-09-17T05:16:25.535116948Z,static,scaled,edge-files,200,2.789904
2026-09-17T05:16:25.595727344Z,static,scaled,edge-files,200,2.871109
2026-09-17T05:16:25.655302332Z,static,scaled,edge-files,200,2.805294
2026-09-17T05:16:25.715627678Z,static,scaled,edge-files,200,2.630003
2026-09-17T05:16:25.774493708Z,static,scaled,edge-files,200,2.444151
2026-09-17T05:16:25.834552989Z,static,scaled,edge-files,200,2.513715
2026-09-17T05:16:25.895469384Z,static,scaled,edge-files,200,3.19406
2026-09-17T05:16:25.955028537Z,static,scaled,edge-files,200,2.756986
2026-09-17T05:16:26.015107963Z,static,scaled,edge-files,200,2.58475
2026-09-17T05:16:26.07511688Z,static,scaled,edge-files,200,2.326953
2026-09-17T05:16:26.135061953Z,static,scaled,edge-files,200,2.371625
2026-09-17T05:16:26.195811287Z,static,scaled,edge-files,200,2.959595
2026-09-17T05:16:26.254533819Z,static,scaled,edge-files,200,2.442511
2026-09-17T05:16:26.315574483Z,static,scaled,edge-files,200,2.494665
2026-09-17T05:16:26.375387647Z,static,scaled,edge-files,200,2.407988
2026-09-17T05:16:26.435685873Z,static,scaled,edge-files,200,2.684306
2026-09-17T05:16:26.494735826Z,static,scaled,edge-files,200,2.387696
2026-09-17T05:16:26.555653792Z,static,scaled,edge-files,200,2.805914
2026-09-17T05:16:26.614760438Z,static,scaled,edge-files,200,2.44353
2026-09-17T05:16:26.674813893Z,static,scaled,edge-files,200,2.514389
2026-09-17T05:16:26.735616617Z,static,scaled,edge-files,200,3.018488
2026-09-17T05:16:26.795019328Z,static,scaled,edge-files,200,2.897775
2026-09-17T05:16:26.855771009Z,static,scaled,edge-files,200,2.991797
2026-09-17T05:16:26.915251729Z,static,scaled,edge-files,200,2.720298
2026-09-17T05:16:26.975375582Z,static,scaled,edge-files,200,2.556859
2026-09-17T05:16:27.035379285Z,static,scaled,edge-files,200,2.269115
2026-09-17T05:16:27.095553657Z,static,scaled,edge-files,200,2.635464
2026-09-17T05:16:27.155293576Z,static,scaled,edge-files,200,2.703978
2026-09-17T05:16:27.214567953Z,static,scaled,edge-files,200,2.459762
2026-09-17T05:16:27.274536327Z,static,scaled,edge-files,200,2.453362
2026-09-17T05:16:27.335329714Z,static,scaled,edge-files,200,2.326193
2026-09-17T05:16:27.396198366Z,static,scaled,edge-files,200,3.277685
2026-09-17T05:16:27.454983172Z,static,scaled,edge-files,200,2.7274
2026-09-17T05:16:27.514853686Z,static,scaled,edge-files,200,2.685373
2026-09-17T05:16:27.574442088Z,static,scaled,edge-files,200,2.13639
2026-09-17T05:16:27.635404273Z,static,scaled,edge-files,200,2.392944
2026-09-17T05:16:27.69505661Z,static,scaled,edge-files,200,2.89476
2026-09-17T05:16:27.756166089Z,static,scaled,edge-files,200,3.291767
2026-09-17T05:16:27.815109015Z,static,scaled,edge-files,200,2.385297
2026-09-17T05:16:27.875522169Z,static,scaled,edge-files,200,2.674526
2026-09-17T05:16:27.936047539Z,static,scaled,edge-files,200,2.951724
2026-09-17T05:16:27.995779767Z,static,scaled,edge-files,200,3.19141
2026-09-17T05:16:28.054618222Z,static,scaled,edge-files,200,2.453707
2026-09-17T05:16:28.114835482Z,static,scaled,edge-files,200,2.388392
2026-09-17T05:16:28.174863207Z,static,scaled,edge-files,200,2.477597
2026-09-17T05:16:28.235280665Z,static,scaled,edge-files,200,2.715118
2026-09-17T05:16:28.295398618Z,static,scaled,edge-files,200,2.477882
2026-09-17T05:16:28.355311004Z,static,scaled,edge-files,200,2.792839
2026-09-17T05:16:28.41509326Z,static,scaled,edge-files,200,2.227046
2026-09-17T05:16:28.47515721Z,static,scaled,edge-files,200,2.645933
2026-09-17T05:16:28.536051784Z,static,scaled,edge-files,200,3.219831
2026-09-17T05:16:28.595350065Z,static,scaled,edge-files,200,2.621612
2026-09-17T05:16:28.654892811Z,static,scaled,edge-files,200,2.604212
2026-09-17T05:16:28.715195156Z,static,scaled,edge-files,200,2.65993
2026-09-17T05:16:28.775582877Z,static,scaled,edge-files,200,2.490044
2026-09-17T05:16:28.835890942Z,static,scaled,edge-files,200,2.752991
2026-09-17T05:16:28.895468585Z,static,scaled,edge-files,200,3.005003
2026-09-17T05:16:28.954561367Z,static,scaled,edge-files,200,2.497025
2026-09-17T05:16:29.014932057Z,static,scaled,edge-files,200,2.692808
2026-09-17T05:16:29.075903842Z,static,scaled,edge-files,200,3.203926
2026-09-17T05:16:29.135405009Z,static,scaled,edge-files,200,2.804615
2026-09-17T05:16:29.196009615Z,static,scaled,edge-files,200,3.094824
2026-09-17T05:16:29.255813558Z,static,scaled,edge-files,200,3.056092
2026-09-17T05:16:29.315144121Z,static,scaled,edge-files,200,2.749691
2026-09-17T05:16:29.375622459Z,static,scaled,edge-files,200,2.643323
2026-09-17T05:16:29.435750893Z,static,scaled,edge-files,200,3.456898
2026-09-17T05:16:29.495837185Z,static,scaled,edge-files,200,3.240623
2026-09-17T05:16:29.555522304Z,static,scaled,edge-files,200,2.945968
2026-09-17T05:16:29.616192569Z,static,scaled,edge-files,200,3.181019
2026-09-17T05:16:29.675611806Z,static,scaled,edge-files,200,2.813504
2026-09-17T05:16:29.736131587Z,static,scaled,edge-files,200,4.006683
2026-09-17T05:16:29.796874411Z,static,scaled,edge-files,200,4.123081
2026-09-17T05:16:29.855503747Z,static,scaled,edge-files,200,2.884249
2026-09-17T05:16:29.915789251Z,static,scaled,edge-files,200,2.74675
2026-09-17T05:16:29.975258747Z,static,scaled,edge-files,200,2.731354
2026-09-17T05:16:30.036025208Z,static,scaled,edge-files,200,3.011349
2026-09-17T05:16:30.095839342Z,static,scaled,edge-files,200,3.163668
2026-09-17T05:16:30.155442262Z,static,scaled,edge-files,200,2.945933
2026-09-17T05:16:30.215557176Z,static,scaled,edge-files,200,2.547067
2026-09-17T05:16:30.274802372Z,static,scaled,edge-files,200,2.488824
2026-09-17T05:16:30.335116446Z,static,scaled,edge-files,200,2.868569
2026-09-17T05:16:30.395332475Z,static,scaled,edge-files,200,2.686046
2026-09-17T05:16:30.45453217Z,static,scaled,edge-files,200,2.494235
2026-09-17T05:16:30.515123235Z,static,scaled,edge-files,200,2.791894
2026-09-17T05:16:30.575180734Z,static,scaled,edge-files,200,2.557748
2026-09-17T05:16:30.635494202Z,static,scaled,edge-files,200,2.658784
2026-09-17T05:16:30.695217736Z,static,scaled,edge-files,200,2.920229
2026-09-17T05:16:30.755885615Z,static,scaled,edge-files,200,3.061477
2026-09-17T05:16:30.814854077Z,static,scaled,edge-files,200,2.350435
2026-09-17T05:16:30.874991422Z,static,scaled,edge-files,200,2.564609
2026-09-17T05:16:30.935617429Z,static,scaled,edge-files,200,3.050781
2026-09-17T05:16:30.995359598Z,static,scaled,edge-files,200,3.252059
2026-09-17T05:16:31.054669514Z,static,scaled,edge-files,200,2.66964
2026-09-17T05:16:31.114647892Z,static,scaled,edge-files,200,2.620262
2026-09-17T05:16:31.174673199Z,static,scaled,edge-files,200,2.234327
2026-09-17T05:16:31.23481263Z,static,scaled,edge-files,200,2.589715
2026-09-17T05:16:31.294950329Z,static,scaled,edge-files,200,2.603981
2026-09-17T05:16:31.355075592Z,static,scaled,edge-files,200,2.503604
2026-09-17T05:16:31.415067976Z,static,scaled,edge-files,200,2.44155
2026-09-17T05:16:31.475056091Z,static,scaled,edge-files,200,2.435628
2026-09-17T05:16:31.535432577Z,static,scaled,edge-files,200,2.848149
2026-09-17T05:16:31.595823231Z,static,scaled,edge-files,200,2.925453
2026-09-17T05:16:31.654869899Z,static,scaled,edge-files,200,2.761519
2026-09-17T05:16:31.71485226Z,static,scaled,edge-files,200,2.444152
2026-09-17T05:16:31.775000737Z,static,scaled,edge-files,200,2.528428
2026-09-17T05:16:31.835340311Z,static,scaled,edge-files,200,2.818992
2026-09-17T05:16:31.894587493Z,static,scaled,edge-files,200,2.465364
2026-09-17T05:16:31.954968905Z,static,scaled,edge-files,200,2.662947
2026-09-17T05:16:32.015244283Z,static,scaled,edge-files,200,2.726401
2026-09-17T05:16:32.075534699Z,static,scaled,edge-files,200,2.70921
2026-09-17T05:16:32.135647194Z,static,scaled,edge-files,200,2.604064
2026-09-17T05:16:32.195014071Z,static,scaled,edge-files,200,2.663808
2026-09-17T05:16:32.255320801Z,static,scaled,edge-files,200,2.625634
2026-09-17T05:16:32.315487927Z,static,scaled,edge-files,200,2.626775
2026-09-17T05:16:32.375255269Z,static,scaled,edge-files,200,3.057424
2026-09-17T05:16:32.435651404Z,static,scaled,edge-files,200,2.856601
2026-09-17T05:16:32.494751961Z,static,scaled,edge-files,200,2.611294
2026-09-17T05:16:32.554824813Z,static,scaled,edge-files,200,2.483861
2026-09-17T05:16:32.615707679Z,static,scaled,edge-files,200,3.039672
2026-09-17T05:16:32.674821922Z,static,scaled,edge-files,200,2.326559
2026-09-17T05:16:32.735317898Z,static,scaled,edge-files,200,2.788546
2026-09-17T05:16:32.795875872Z,static,scaled,edge-files,200,2.918204
2026-09-17T05:16:32.855615684Z,static,scaled,edge-files,200,3.01428
2026-09-17T05:16:32.914686038Z,static,scaled,edge-files,200,2.404079
2026-09-17T05:16:32.975476108Z,static,scaled,edge-files,200,3.036242
2026-09-17T05:16:33.035482755Z,static,scaled,edge-files,200,3.339321
2026-09-17T05:16:33.095716643Z,static,scaled,edge-files,200,2.698384
2026-09-17T05:16:33.154901861Z,static,scaled,edge-files,200,2.370177
2026-09-17T05:16:33.215002651Z,static,scaled,edge-files,200,2.445169
2026-09-17T05:16:33.275209847Z,static,scaled,edge-files,200,2.666277
2026-09-17T05:16:33.335994551Z,static,scaled,edge-files,200,2.997834
2026-09-17T05:16:33.395518431Z,static,scaled,edge-files,200,2.931114
2026-09-17T05:16:33.454831183Z,static,scaled,edge-files,200,2.7124
2026-09-17T05:16:33.514732354Z,static,scaled,edge-files,200,2.41927
2026-09-17T05:16:33.575194204Z,static,scaled,edge-files,200,2.815112
2026-09-17T05:16:33.635491759Z,static,scaled,edge-files,200,2.768554
2026-09-17T05:16:33.696094847Z,static,scaled,edge-files,200,3.024381
2026-09-17T05:16:33.75543765Z,static,scaled,edge-files,200,2.638806
2026-09-17T05:16:33.815007919Z,static,scaled,edge-files,200,2.785886
2026-09-17T05:16:33.875441365Z,static,scaled,edge-files,200,2.669167
2026-09-17T05:16:33.935574266Z,static,scaled,edge-files,200,2.599237
2026-09-17T05:16:33.994599944Z,static,scaled,edge-files,200,2.307039
2026-09-17T05:16:34.055164349Z,static,scaled,edge-files,200,2.630104
2026-09-17T05:16:34.115436984Z,static,scaled,edge-files,200,2.676232
2026-09-17T05:16:34.175828687Z,static,scaled,edge-files,200,2.892382
2026-09-17T05:16:34.234775425Z,static,scaled,edge-files,200,2.316534
2026-09-17T05:16:34.294742316Z,static,scaled,edge-files,200,2.398995
2026-09-17T05:16:34.355557081Z,static,scaled,edge-files,200,2.814497
2026-09-17T05:16:34.415641454Z,static,scaled,edge-files,200,2.600863
2026-09-17T05:16:34.474951106Z,static,scaled,edge-files,200,2.668377
2026-09-17T05:16:34.535286615Z,static,scaled,edge-files,200,2.760073
2026-09-17T05:16:34.595475236Z,static,scaled,edge-files,200,2.665377
2026-09-17T05:16:34.655036033Z,static,scaled,edge-files,200,2.663237
2026-09-17T05:16:34.715301974Z,static,scaled,edge-files,200,2.428557
2026-09-17T05:16:34.775598106Z,static,scaled,edge-files,200,2.592423
2026-09-17T05:16:34.834871435Z,static,scaled,edge-files,200,2.583862
2026-09-17T05:16:34.894889843Z,static,scaled,edge-files,200,2.513527
2026-09-17T05:16:34.955391478Z,static,scaled,edge-files,200,2.510902
2026-09-17T05:16:35.015049548Z,static,scaled,edge-files,200,2.961716
2026-09-17T05:16:35.075443482Z,static,scaled,edge-files,200,2.813098
2026-09-17T05:16:35.135619631Z,static,scaled,edge-files,200,2.734391
2026-09-17T05:16:35.194577061Z,static,scaled,edge-files,200,2.517678
2026-09-17T05:16:35.254692916Z,static,scaled,edge-files,200,2.439813
2026-09-17T05:16:35.315529368Z,static,scaled,edge-files,200,3.358194
2026-09-17T05:16:35.375763001Z,static,scaled,edge-files,200,2.69509
2026-09-17T05:16:35.435243814Z,static,scaled,edge-files,200,2.837
2026-09-17T05:16:35.495688291Z,static,scaled,edge-files,200,2.826209
2026-09-17T05:16:35.555561064Z,static,scaled,edge-files,200,2.94135
2026-09-17T05:16:35.614868142Z,static,scaled,edge-files,200,2.790515
2026-09-17T05:16:35.675317248Z,static,scaled,edge-files,200,2.837788
2026-09-17T05:16:35.735977519Z,static,scaled,edge-files,200,3.033371
2026-09-17T05:16:35.795458392Z,static,scaled,edge-files,200,2.995489
2026-09-17T05:16:35.854835988Z,static,scaled,edge-files,200,2.460443
2026-09-17T05:16:35.915643809Z,static,scaled,edge-files,200,3.296349
2026-09-17T05:16:35.975070538Z,static,scaled,edge-files,200,2.84997
2026-09-17T05:16:36.035203734Z,static,scaled,edge-files,200,2.620294
2026-09-17T05:16:36.095286607Z,static,scaled,edge-files,200,2.470944
2026-09-17T05:16:36.155315116Z,static,scaled,edge-files,200,2.808626
2026-09-17T05:16:36.215793055Z,static,scaled,edge-files,200,2.772974
2026-09-17T05:16:36.275584029Z,static,scaled,edge-files,200,3.057263
2026-09-17T05:16:36.335243764Z,static,scaled,edge-files,200,2.821178
2026-09-17T05:16:36.395333347Z,static,scaled,edge-files,200,2.55628
2026-09-17T05:16:36.454730454Z,static,scaled,edge-files,200,2.678028
2026-09-17T05:16:36.515666264Z,static,scaled,edge-files,200,3.361494
2026-09-17T05:16:36.575566004Z,static,scaled,edge-files,200,3.370414
2026-09-17T05:16:36.635400306Z,static,scaled,edge-files,200,2.988035
2026-09-17T05:16:36.695862249Z,static,scaled,edge-files,200,2.879081
2026-09-17T05:16:36.755611019Z,static,scaled,edge-files,200,2.799665
2026-09-17T05:16:36.81520754Z,static,scaled,edge-files,200,2.912493
2026-09-17T05:16:36.87599615Z,static,scaled,edge-files,200,3.141289
2026-09-17T05:16:36.935909647Z,static,scaled,edge-files,200,3.122804
2026-09-17T05:16:36.996123202Z,static,scaled,edge-files,200,3.445068
2026-09-17T05:16:37.055552162Z,static,scaled,edge-files,200,2.658607
2026-09-17T05:16:37.115269431Z,static,scaled,edge-files,200,3.151889
2026-09-17T05:16:37.176562584Z,static,scaled,edge-files,200,3.567796
2026-09-17T05:16:37.234907461Z,static,scaled,edge-files,200,2.699669
2026-09-17T05:16:37.295328856Z,static,scaled,edge-files,200,2.642095
2026-09-17T05:16:37.354946609Z,static,scaled,edge-files,200,2.891193
2026-09-17T05:16:37.415479801Z,static,scaled,edge-files,200,2.866641
2026-09-17T05:16:37.475309007Z,static,scaled,edge-files,200,3.211048
2026-09-17T05:16:37.535841856Z,static,scaled,edge-files,200,3.012056
2026-09-17T05:16:37.595056285Z,static,scaled,edge-files,200,2.55762
2026-09-17T05:16:37.655440408Z,static,scaled,edge-files,200,2.540283
2026-09-17T05:16:37.715613397Z,static,scaled,edge-files,200,2.56495
2026-09-17T05:16:37.774999729Z,static,scaled,edge-files,200,2.709135
2026-09-17T05:16:37.834954452Z,static,scaled,edge-files,200,2.421356
2026-09-17T05:16:37.895587117Z,static,scaled,edge-files,200,2.84812
2026-09-17T05:16:37.954943991Z,static,scaled,edge-files,200,2.699459
2026-09-17T05:16:38.015746622Z,static,scaled,edge-files,200,3.097836
2026-09-17T05:16:38.075296859Z,static,scaled,edge-files,200,2.827497
2026-09-17T05:16:38.135718726Z,static,scaled,edge-files,200,2.782706
2026-09-17T05:16:38.195299516Z,static,scaled,edge-files,200,3.022627
2026-09-17T05:16:38.254850475Z,static,scaled,edge-files,200,2.785545
2026-09-17T05:16:38.315069045Z,static,scaled,edge-files,200,2.632746
2026-09-17T05:16:38.375401456Z,static,scaled,edge-files,200,2.778645
2026-09-17T05:16:38.436097294Z,static,scaled,edge-files,200,3.038868
2026-09-17T05:16:38.495066387Z,static,scaled,edge-files,200,2.447514
2026-09-17T05:16:38.555515584Z,static,scaled,edge-files,200,2.533468
2026-09-17T05:16:38.615979972Z,static,scaled,edge-files,200,2.896742
2026-09-17T05:16:38.675332016Z,static,scaled,edge-files,200,2.556929
2026-09-17T05:16:38.735485543Z,static,scaled,edge-files,200,2.72096
2026-09-17T05:16:38.79546062Z,static,scaled,edge-files,200,2.345456
2026-09-17T05:16:38.855486079Z,static,scaled,edge-files,200,3.096926
2026-09-17T05:16:38.915927721Z,static,scaled,edge-files,200,2.699385
2026-09-17T05:16:38.974811239Z,static,scaled,edge-files,200,2.484225
2026-09-17T05:16:39.034989204Z,static,scaled,edge-files,200,2.598888
2026-09-17T05:16:39.095165083Z,static,scaled,edge-files,200,2.419166
2026-09-17T05:16:39.155689879Z,static,scaled,edge-files,200,2.570354
2026-09-17T05:16:39.215154371Z,static,scaled,edge-files,200,2.905012
2026-09-17T05:16:39.275504312Z,static,scaled,edge-files,200,2.689489
2026-09-17T05:16:39.335626097Z,static,scaled,edge-files,200,2.527998
2026-09-17T05:16:39.3946562Z,static,scaled,edge-files,200,2.378148
2026-09-17T05:16:39.455145272Z,static,scaled,edge-files,200,2.571022
2026-09-17T05:16:39.515619875Z,static,scaled,edge-files,200,2.736922
2026-09-17T05:16:39.574864078Z,static,scaled,edge-files,200,2.471115
2026-09-17T05:16:39.63517709Z,static,scaled,edge-files,200,2.672149
2026-09-17T05:16:39.695646984Z,static,scaled,edge-files,200,2.637056
2026-09-17T05:16:39.755524889Z,static,scaled,edge-files,200,3.042553
2026-09-17T05:16:39.815092423Z,static,scaled,edge-files,200,3.046383
2026-09-17T05:16:39.87546263Z,static,scaled,edge-files,200,2.840719
2026-09-17T05:16:39.935237717Z,static,scaled,edge-files,200,2.872241
2026-09-17T05:16:39.995730238Z,static,scaled,edge-files,200,2.946382
2026-09-17T05:16:40.054794533Z,static,scaled,edge-files,200,2.610234
2026-09-17T05:16:40.1150056Z,static,scaled,edge-files,200,2.580572
2026-09-17T05:16:40.175023543Z,static,scaled,edge-files,200,2.481546
2026-09-17T05:16:40.234983614Z,static,scaled,edge-files,200,2.472154
2026-09-17T05:16:40.295245863Z,static,scaled,edge-files,200,2.681798
2026-09-17T05:16:40.355487947Z,static,scaled,edge-files,200,2.390984
2026-09-17T05:16:40.416134818Z,static,scaled,edge-files,200,3.098636
2026-09-17T05:16:40.475189358Z,static,scaled,edge-files,200,2.469564
2026-09-17T05:16:40.535190541Z,static,scaled,edge-files,200,2.513176
2026-09-17T05:16:40.595189246Z,static,scaled,edge-files,200,2.532588
2026-09-17T05:16:40.655495558Z,static,scaled,edge-files,200,2.536589
2026-09-17T05:16:40.714576169Z,static,scaled,edge-files,200,2.486495
2026-09-17T05:16:40.775298266Z,static,scaled,edge-files,200,3.114312
2026-09-17T05:16:40.83523548Z,static,scaled,edge-files,200,2.449613
2026-09-17T05:16:40.895787742Z,static,scaled,edge-files,200,2.955266
2026-09-17T05:16:40.955402458Z,static,scaled,edge-files,200,2.917724
2026-09-17T05:16:41.015553841Z,static,scaled,edge-files,200,2.584452
2026-09-17T05:16:41.075010982Z,static,scaled,edge-files,200,2.723646
2026-09-17T05:16:41.135019102Z,static,scaled,edge-files,200,2.461444
2026-09-17T05:16:41.195227467Z,static,scaled,edge-files,200,2.744843
2026-09-17T05:16:41.254962042Z,static,scaled,edge-files,200,2.759373
2026-09-17T05:16:41.316207687Z,static,scaled,edge-files,200,3.686295
2026-09-17T05:16:41.375198243Z,static,scaled,edge-files,200,2.585687
2026-09-17T05:16:41.435725961Z,static,scaled,edge-files,200,2.71028
2026-09-17T05:16:41.495807584Z,static,scaled,edge-files,200,3.411676
2026-09-17T05:16:41.555997624Z,static,scaled,edge-files,200,3.052833
2026-09-17T05:16:41.615307471Z,static,scaled,edge-files,200,2.839528
2026-09-17T05:16:41.675492707Z,static,scaled,edge-files,200,2.669858
2026-09-17T05:16:41.734780303Z,static,scaled,edge-files,200,2.707739
2026-09-17T05:16:41.794832Z,static,scaled,edge-files,200,2.508507
2026-09-17T05:16:41.855315864Z,static,scaled,edge-files,200,2.514027
2026-09-17T05:16:41.914539765Z,static,scaled,edge-files,200,2.339745
2026-09-17T05:16:41.974792612Z,static,scaled,edge-files,200,2.473179
2026-09-17T05:16:42.035163453Z,static,scaled,edge-files,200,2.480166
2026-09-17T05:16:42.09581258Z,static,scaled,edge-files,200,2.951656
2026-09-17T05:16:42.155520993Z,static,scaled,edge-files,200,2.787215
2026-09-17T05:16:42.214776011Z,static,scaled,edge-files,200,2.547084
2026-09-17T05:16:42.27494366Z,static,scaled,edge-files,200,2.567291
2026-09-17T05:16:42.335181968Z,static,scaled,edge-files,200,2.649087
2026-09-17T05:16:42.395680793Z,static,scaled,edge-files,200,2.786976
2026-09-17T05:16:42.454749024Z,static,scaled,edge-files,200,2.69805
2026-09-17T05:16:42.515277272Z,static,scaled,edge-files,200,2.671219
2026-09-17T05:16:42.577738528Z,static,scaled,edge-files,200,4.828701
2026-09-17T05:16:42.634842828Z,static,scaled,edge-files,200,2.533029
2026-09-17T05:16:42.695980037Z,static,scaled,edge-files,200,3.499574
2026-09-17T05:16:42.755529474Z,static,scaled,edge-files,200,2.605688
2026-09-17T05:16:42.814463942Z,static,scaled,edge-files,200,2.38378
2026-09-17T05:16:42.87478712Z,static,scaled,edge-files,200,2.509263
2026-09-17T05:16:42.935027893Z,static,scaled,edge-files,200,2.661698
2026-09-17T05:16:42.995149934Z,static,scaled,edge-files,200,2.690729
2026-09-17T05:16:43.054673965Z,static,scaled,edge-files,200,2.631766
2026-09-17T05:16:43.115038782Z,static,scaled,edge-files,200,2.741053
2026-09-17T05:16:43.175008073Z,static,scaled,edge-files,200,2.361298
2026-09-17T05:16:43.235326867Z,static,scaled,edge-files,200,2.756774
2026-09-17T05:16:43.294986016Z,static,scaled,edge-files,200,2.967668
2026-09-17T05:16:43.355545466Z,static,scaled,edge-files,200,3.106928
2026-09-17T05:16:43.415804635Z,static,scaled,edge-files,200,2.711721
2026-09-17T05:16:43.474872075Z,static,scaled,edge-files,200,2.440562
2026-09-17T05:16:43.535268415Z,static,scaled,edge-files,200,2.760658
2026-09-17T05:16:43.595803084Z,static,scaled,edge-files,200,2.950706
2026-09-17T05:16:43.65598856Z,static,scaled,edge-files,200,3.409367
2026-09-17T05:16:43.715237792Z,static,scaled,edge-files,200,2.40372
2026-09-17T05:16:43.775687205Z,static,scaled,edge-files,200,2.69305
2026-09-17T05:16:43.835307097Z,static,scaled,edge-files,200,2.725346
2026-09-17T05:16:43.89628845Z,static,scaled,edge-files,200,3.277239
2026-09-17T05:16:43.955477224Z,static,scaled,edge-files,200,3.138994
2026-09-17T05:16:44.014936311Z,static,scaled,edge-files,200,2.797501
2026-09-17T05:16:44.075788021Z,static,scaled,edge-files,200,3.173567
2026-09-17T05:16:44.1356668Z,static,scaled,edge-files,200,3.185902
2026-09-17T05:16:44.195509112Z,static,scaled,edge-files,200,3.232295
2026-09-17T05:16:44.254917925Z,static,scaled,edge-files,200,2.487735
2026-09-17T05:16:44.314543173Z,static,scaled,edge-files,200,2.440147
2026-09-17T05:16:44.375040249Z,static,scaled,edge-files,200,2.944916
2026-09-17T05:16:44.435455099Z,static,scaled,edge-files,200,2.783515
2026-09-17T05:16:44.496275726Z,static,scaled,edge-files,200,3.172952
2026-09-17T05:16:44.555264892Z,static,scaled,edge-files,200,2.895033
2026-09-17T05:16:44.615433406Z,static,scaled,edge-files,200,2.543719
2026-09-17T05:16:44.675723039Z,static,scaled,edge-files,200,2.656826
2026-09-17T05:16:44.735640587Z,static,scaled,edge-files,200,3.236176
2026-09-17T05:16:44.795418384Z,static,scaled,edge-files,200,3.104497
2026-09-17T05:16:44.855405597Z,static,scaled,edge-files,200,2.878141
2026-09-17T05:16:44.915779304Z,static,scaled,edge-files,200,2.654026
2026-09-17T05:16:44.975136235Z,static,scaled,edge-files,200,2.775035
2026-09-17T05:16:45.035753681Z,static,scaled,edge-files,200,2.819957
2026-09-17T05:16:45.095749783Z,static,scaled,edge-files,200,3.248946
2026-09-17T05:16:45.155787199Z,static,scaled,edge-files,200,2.932554
2026-09-17T05:16:45.215273087Z,static,scaled,edge-files,200,2.919523
2026-09-17T05:16:45.275715149Z,static,scaled,edge-files,200,2.772625
2026-09-17T05:16:45.335321877Z,static,scaled,edge-files,200,3.038161
2026-09-17T05:16:45.395913829Z,static,scaled,edge-files,200,2.897753
2026-09-17T05:16:45.455404309Z,static,scaled,edge-files,200,2.634705
2026-09-17T05:16:45.515210628Z,static,scaled,edge-files,200,2.455305
2026-09-17T05:16:45.575336269Z,static,scaled,edge-files,200,2.454333
2026-09-17T05:16:45.635383777Z,static,scaled,edge-files,200,2.469914
2026-09-17T05:16:45.695748459Z,static,scaled,edge-files,200,2.681349
2026-09-17T05:16:45.755194296Z,static,scaled,edge-files,200,2.647616
2026-09-17T05:16:45.815066055Z,static,scaled,edge-files,200,2.363403
2026-09-17T05:16:45.875335176Z,static,scaled,edge-files,200,2.493481
2026-09-17T05:16:45.934739142Z,static,scaled,edge-files,200,2.737753
2026-09-17T05:16:45.995100539Z,static,scaled,edge-files,200,2.810108
2026-09-17T05:16:46.055400111Z,static,scaled,edge-files,200,2.509677
2026-09-17T05:16:46.115665968Z,static,scaled,edge-files,200,2.693505
2026-09-17T05:16:46.174775785Z,static,scaled,edge-files,200,2.522883
2026-09-17T05:16:46.235543634Z,static,scaled,edge-files,200,3.21069
2026-09-17T05:16:46.296112558Z,static,scaled,edge-files,200,3.046593
2026-09-17T05:16:46.355624309Z,static,scaled,edge-files,200,2.875542
2026-09-17T05:16:46.415577649Z,static,scaled,edge-files,200,2.501746
2026-09-17T05:16:46.474765697Z,static,scaled,edge-files,200,2.527938
2026-09-17T05:16:46.534997825Z,static,scaled,edge-files,200,2.54344
2026-09-17T05:16:46.595131795Z,static,scaled,edge-files,200,2.612795
2026-09-17T05:16:46.655387086Z,static,scaled,edge-files,200,2.379919
2026-09-17T05:16:46.714765507Z,static,scaled,edge-files,200,2.55728
2026-09-17T05:16:46.775053811Z,static,scaled,edge-files,200,2.655016
2026-09-17T05:16:46.835305889Z,static,scaled,edge-files,200,2.756083
2026-09-17T05:16:46.896110836Z,static,scaled,edge-files,200,3.038042
2026-09-17T05:16:46.955243131Z,static,scaled,edge-files,200,2.497126
2026-09-17T05:16:47.015356282Z,static,scaled,edge-files,200,2.71401
2026-09-17T05:16:47.075695897Z,static,scaled,edge-files,200,2.680889
2026-09-17T05:16:47.134988558Z,static,scaled,edge-files,200,2.603739
2026-09-17T05:16:47.195665507Z,static,scaled,edge-files,200,3.298235
2026-09-17T05:16:47.254634005Z,static,scaled,edge-files,200,2.479694
2026-09-17T05:16:47.314812239Z,static,scaled,edge-files,200,2.760743
2026-09-17T05:16:47.374979841Z,static,scaled,edge-files,200,2.593508
2026-09-17T05:16:47.441062952Z,static,scaled,edge-files,200,8.449163
2026-09-17T05:16:47.495013381Z,static,scaled,edge-files,200,2.531298
2026-09-17T05:16:47.555804911Z,static,scaled,edge-files,200,2.762943
2026-09-17T05:16:47.615027029Z,static,scaled,edge-files,200,2.615909
2026-09-17T05:16:47.675466935Z,static,scaled,edge-files,200,2.770393
2026-09-17T05:16:47.735655026Z,static,scaled,edge-files,200,2.672267
2026-09-17T05:16:47.795761972Z,static,scaled,edge-files,200,3.415867
2026-09-17T05:16:47.855116726Z,static,scaled,edge-files,200,2.392058
2026-09-17T05:16:47.914899179Z,static,scaled,edge-files,200,2.442191
2026-09-17T05:16:47.975278768Z,static,scaled,edge-files,200,2.64926
2026-09-17T05:16:48.036036036Z,static,scaled,edge-files,200,2.980542
2026-09-17T05:16:48.095998921Z,static,scaled,edge-files,200,3.294183
2026-09-17T05:16:48.155454229Z,static,scaled,edge-files,200,2.452112
2026-09-17T05:16:48.215397673Z,static,scaled,edge-files,200,2.42063
2026-09-17T05:16:48.275309295Z,static,scaled,edge-files,200,3.222273
2026-09-17T05:16:48.33589128Z,static,scaled,edge-files,200,3.022039
2026-09-17T05:16:48.394977116Z,static,scaled,edge-files,200,2.570831
2026-09-17T05:16:48.455322826Z,static,scaled,edge-files,200,2.465622
2026-09-17T05:16:48.515820126Z,static,scaled,edge-files,200,2.767003
2026-09-17T05:16:48.575390157Z,static,scaled,edge-files,200,3.02258
2026-09-17T05:16:48.63561605Z,static,scaled,edge-files,200,2.756143
2026-09-17T05:16:48.694634833Z,static,scaled,edge-files,200,2.406529
2026-09-17T05:16:48.755088852Z,static,scaled,edge-files,200,2.436631
2026-09-17T05:16:48.815355987Z,static,scaled,edge-files,200,2.623163
2026-09-17T05:16:48.873627713Z,static,scaled,edge-files,200,2.707388
2026-09-17T05:16:48.934018078Z,static,scaled,edge-files,200,2.690039
2026-09-17T05:16:48.994072739Z,static,scaled,edge-files,200,2.511946
2026-09-17T05:16:49.054481574Z,static,scaled,edge-files,200,2.601262
2026-09-17T05:16:49.113393251Z,static,scaled,edge-files,200,2.287767
2026-09-17T05:16:49.173713069Z,static,scaled,edge-files,200,2.816447
2026-09-17T05:16:49.234117413Z,static,scaled,edge-files,200,2.660977
2026-09-17T05:16:49.294260731Z,static,scaled,edge-files,200,2.520707
2026-09-17T05:16:49.353844843Z,static,scaled,edge-files,200,2.87345
2026-09-17T05:16:49.413653997Z,static,scaled,edge-files,200,2.300027
2026-09-17T05:16:49.474023029Z,static,scaled,edge-files,200,2.683848
2026-09-17T05:16:49.534097563Z,static,scaled,edge-files,200,2.603723
2026-09-17T05:16:49.594619664Z,static,scaled,edge-files,200,2.808606
2026-09-17T05:16:49.653880602Z,static,scaled,edge-files,200,2.518106
2026-09-17T05:16:49.713806567Z,static,scaled,edge-files,200,2.453103
2026-09-17T05:16:49.774258804Z,static,scaled,edge-files,200,2.684308
2026-09-17T05:16:49.833939139Z,static,scaled,edge-files,200,2.809306
2026-09-17T05:16:49.894018372Z,static,scaled,edge-files,200,2.508335
2026-09-17T05:16:49.954276707Z,static,scaled,edge-files,200,2.463444
2026-09-17T05:16:50.014298065Z,static,scaled,edge-files,200,2.487134
2026-09-17T05:16:50.073729065Z,static,scaled,edge-files,200,2.787974
2026-09-17T05:16:50.134038624Z,static,scaled,edge-files,200,2.780144
2026-09-17T05:16:50.193963977Z,static,scaled,edge-files,200,2.472863
2026-09-17T05:16:50.254334991Z,static,scaled,edge-files,200,2.470804
2026-09-17T05:16:50.314292207Z,static,scaled,edge-files,200,2.390939
2026-09-17T05:16:50.373881858Z,static,scaled,edge-files,200,2.826638
2026-09-17T05:16:50.434240429Z,static,scaled,edge-files,200,2.647645
2026-09-17T05:16:50.493391652Z,static,scaled,edge-files,200,2.485965
2026-09-17T05:16:50.553966316Z,static,scaled,edge-files,200,2.588081
2026-09-17T05:16:50.614546962Z,static,scaled,edge-files,200,2.744486
2026-09-17T05:16:50.67427102Z,static,scaled,edge-files,200,3.004139
2026-09-17T05:16:50.734294953Z,static,scaled,edge-files,200,3.101284
2026-09-17T05:16:50.794399919Z,static,scaled,edge-files,200,2.58469
2026-09-17T05:16:50.853722763Z,static,scaled,edge-files,200,2.719045
2026-09-17T05:16:50.913703251Z,static,scaled,edge-files,200,2.41108
2026-09-17T05:16:50.974023901Z,static,scaled,edge-files,200,2.783084
2026-09-17T05:16:51.034628827Z,static,scaled,edge-files,200,2.863729
2026-09-17T05:16:51.093758248Z,static,scaled,edge-files,200,2.544989
2026-09-17T05:16:51.154213726Z,static,scaled,edge-files,200,2.589972
2026-09-17T05:16:51.214181871Z,static,scaled,edge-files,200,2.436351
2026-09-17T05:16:51.273698905Z,static,scaled,edge-files,200,2.811135
2026-09-17T05:16:51.334096063Z,static,scaled,edge-files,200,2.87192
2026-09-17T05:16:51.394030326Z,static,scaled,edge-files,200,2.56577
2026-09-17T05:16:51.453712372Z,static,scaled,edge-files,200,2.852738
2026-09-17T05:16:51.514198023Z,static,scaled,edge-files,200,2.782735
2026-09-17T05:16:51.574386833Z,static,scaled,edge-files,200,2.458312
2026-09-17T05:16:51.633838175Z,static,scaled,edge-files,200,2.56673
2026-09-17T05:16:51.69408527Z,static,scaled,edge-files,200,2.463883
2026-09-17T05:16:51.754825182Z,static,scaled,edge-files,200,3.83267
2026-09-17T05:16:51.814332491Z,static,scaled,edge-files,200,2.803056
2026-09-17T05:16:51.873975306Z,static,scaled,edge-files,200,2.995548
2026-09-17T05:16:51.93467093Z,static,scaled,edge-files,200,3.182191
2026-09-17T05:16:51.993760767Z,static,scaled,edge-files,200,2.616818
2026-09-17T05:16:52.053780791Z,static,scaled,edge-files,200,2.248603
2026-09-17T05:16:52.114669204Z,static,scaled,edge-files,200,3.043942
2026-09-17T05:16:52.174570674Z,static,scaled,edge-files,200,3.17061
2026-09-17T05:16:52.233770765Z,static,scaled,edge-files,200,2.531313
2026-09-17T05:16:52.294611743Z,static,scaled,edge-files,200,2.865179
2026-09-17T05:16:52.354001781Z,static,scaled,edge-files,200,2.739331
2026-09-17T05:16:52.414886971Z,static,scaled,edge-files,200,3.293554
2026-09-17T05:16:52.47502546Z,static,scaled,edge-files,200,3.560182
2026-09-17T05:16:52.53470962Z,static,scaled,edge-files,200,3.24885
2026-09-17T05:16:52.594664595Z,static,scaled,edge-files,200,3.215933
2026-09-17T05:16:52.654093975Z,static,scaled,edge-files,200,2.709699
2026-09-17T05:16:52.71495359Z,static,scaled,edge-files,200,3.214532
2026-09-17T05:16:52.774484557Z,static,scaled,edge-files,200,3.014239
2026-09-17T05:16:52.834112568Z,static,scaled,edge-files,200,2.889331
2026-09-17T05:16:52.894537445Z,static,scaled,edge-files,200,2.802206
2026-09-17T05:16:52.954576875Z,static,scaled,edge-files,200,2.941714
2026-09-17T05:16:53.013909579Z,static,scaled,edge-files,200,2.73204
2026-09-17T05:16:53.074431432Z,static,scaled,edge-files,200,2.950739
2026-09-17T05:16:53.134150211Z,static,scaled,edge-files,200,2.951179
2026-09-17T05:16:53.194173051Z,static,scaled,edge-files,200,2.298392
2026-09-17T05:16:53.254666982Z,static,scaled,edge-files,200,2.756032
2026-09-17T05:16:53.314084051Z,static,scaled,edge-files,200,2.941755
2026-09-17T05:16:53.374497583Z,static,scaled,edge-files,200,2.867699
2026-09-17T05:16:53.433571399Z,static,scaled,edge-files,200,2.511465
2026-09-17T05:16:53.493589789Z,static,scaled,edge-files,200,2.492855
2026-09-17T05:16:53.553909659Z,static,scaled,edge-files,200,2.304802
2026-09-17T05:16:53.614551409Z,static,scaled,edge-files,200,3.149658
2026-09-17T05:16:53.674531346Z,static,scaled,edge-files,200,3.381194
2026-09-17T05:16:53.733678157Z,static,scaled,edge-files,200,2.546389
2026-09-17T05:16:53.793474431Z,static,scaled,edge-files,200,2.194865
2026-09-17T05:16:53.853647252Z,static,scaled,edge-files,200,2.437002
2026-09-17T05:16:53.914083784Z,static,scaled,edge-files,200,2.758288
2026-09-17T05:16:53.974950323Z,static,scaled,edge-files,200,3.364722
2026-09-17T05:16:54.033680046Z,static,scaled,edge-files,200,2.348175
2026-09-17T05:16:54.093620912Z,static,scaled,edge-files,200,2.429122
2026-09-17T05:16:54.153859635Z,static,scaled,edge-files,200,2.57561
2026-09-17T05:16:54.214120785Z,static,scaled,edge-files,200,2.747487
2026-09-17T05:16:54.274675575Z,static,scaled,edge-files,200,2.940945
2026-09-17T05:16:54.333618902Z,static,scaled,edge-files,200,2.426131
2026-09-17T05:16:54.393778328Z,static,scaled,edge-files,200,2.443742
2026-09-17T05:16:54.454364556Z,static,scaled,edge-files,200,2.554863
2026-09-17T05:16:54.51454473Z,static,scaled,edge-files,200,2.575545
2026-09-17T05:16:54.573759857Z,static,scaled,edge-files,200,2.604198
2026-09-17T05:16:54.633987976Z,static,scaled,edge-files,200,2.525897
2026-09-17T05:16:54.69409374Z,static,scaled,edge-files,200,2.481454
2026-09-17T05:16:54.754436191Z,static,scaled,edge-files,200,2.500055
2026-09-17T05:16:54.813940466Z,static,scaled,edge-files,200,2.756862
2026-09-17T05:16:54.874361063Z,static,scaled,edge-files,200,2.747572
2026-09-17T05:16:54.934484847Z,static,scaled,edge-files,200,2.57803
2026-09-17T05:16:54.993396858Z,static,scaled,edge-files,200,2.399233
2026-09-17T05:16:55.05351914Z,static,scaled,edge-files,200,2.628795
2026-09-17T05:16:55.113906824Z,static,scaled,edge-files,200,2.751972
2026-09-17T05:16:55.173995588Z,static,scaled,edge-files,200,2.609822
2026-09-17T05:16:55.234629253Z,static,scaled,edge-files,200,2.831112
2026-09-17T05:16:55.293556054Z,static,scaled,edge-files,200,2.623004
2026-09-17T05:16:55.354014472Z,static,scaled,edge-files,200,2.611292
2026-09-17T05:16:55.414299848Z,static,scaled,edge-files,200,2.717537
2026-09-17T05:16:55.474570349Z,static,scaled,edge-files,200,2.706341
2026-09-17T05:16:55.533610718Z,static,scaled,edge-files,200,2.438883
2026-09-17T05:16:55.593455491Z,static,scaled,edge-files,200,2.238439
2026-09-17T05:16:55.654241596Z,static,scaled,edge-files,200,3.086216
2026-09-17T05:16:55.714804317Z,static,scaled,edge-files,200,3.017352
2026-09-17T05:16:55.773852466Z,static,scaled,edge-files,200,2.627895
2026-09-17T05:16:55.834302769Z,static,scaled,edge-files,200,2.623615
2026-09-17T05:16:55.893869071Z,static,scaled,edge-files,200,2.766185
2026-09-17T05:16:55.954428698Z,static,scaled,edge-files,200,2.865886
2026-09-17T05:16:56.014065955Z,static,scaled,edge-files,200,2.760089
2026-09-17T05:16:56.074023741Z,static,scaled,edge-files,200,2.580117
2026-09-17T05:16:56.134131535Z,static,scaled,edge-files,200,2.609454
2026-09-17T05:16:56.194384665Z,static,scaled,edge-files,200,2.690199
2026-09-17T05:16:56.253845441Z,static,scaled,edge-files,200,2.744753
2026-09-17T05:16:56.314067043Z,static,scaled,edge-files,200,2.726936
2026-09-17T05:16:56.374762438Z,static,scaled,edge-files,200,2.927774
2026-09-17T05:16:56.433804834Z,static,scaled,edge-files,200,2.486166
2026-09-17T05:16:56.493698672Z,static,scaled,edge-files,200,2.378669
2026-09-17T05:16:56.554129893Z,static,scaled,edge-files,200,2.865311
2026-09-17T05:16:56.614655102Z,static,scaled,edge-files,200,2.865241
2026-09-17T05:16:56.673899184Z,static,scaled,edge-files,200,2.55474
2026-09-17T05:16:56.734184476Z,static,scaled,edge-files,200,2.55675
2026-09-17T05:16:56.794247562Z,static,scaled,edge-files,200,2.667987
2026-09-17T05:16:56.854059233Z,static,scaled,edge-files,200,2.776655
2026-09-17T05:16:56.914285901Z,static,scaled,edge-files,200,2.723282
2026-09-17T05:16:56.973694702Z,static,scaled,edge-files,200,2.582261
2026-09-17T05:16:57.033882447Z,static,scaled,edge-files,200,2.524608
2026-09-17T05:16:57.094100854Z,static,scaled,edge-files,200,2.611733
2026-09-17T05:16:57.154560924Z,static,scaled,edge-files,200,2.728112
2026-09-17T05:16:57.214705975Z,static,scaled,edge-files,200,3.566638
2026-09-17T05:16:57.274158364Z,static,scaled,edge-files,200,2.857031
2026-09-17T05:16:57.334502771Z,static,scaled,edge-files,200,2.737483
2026-09-17T05:16:57.393284802Z,static,scaled,edge-files,200,2.359758
2026-09-17T05:16:57.453586516Z,static,scaled,edge-files,200,2.721612
2026-09-17T05:16:57.51463986Z,static,scaled,edge-files,200,3.322431
2026-09-17T05:16:57.573950088Z,static,scaled,edge-files,200,2.768695
2026-09-17T05:16:57.634167244Z,static,scaled,edge-files,200,2.649676
2026-09-17T05:16:57.694181579Z,static,scaled,edge-files,200,2.493457
2026-09-17T05:16:57.754325822Z,static,scaled,edge-files,200,3.269248
2026-09-17T05:16:57.813915049Z,static,scaled,edge-files,200,3.005681
2026-09-17T05:16:57.874132085Z,static,scaled,edge-files,200,2.71767
2026-09-17T05:16:57.934055204Z,static,scaled,edge-files,200,2.465785
2026-09-17T05:16:57.994224559Z,static,scaled,edge-files,200,2.5457
2026-09-17T05:16:58.053886945Z,static,scaled,edge-files,200,3.05177
2026-09-17T05:16:58.114087325Z,static,scaled,edge-files,200,2.517028
2026-09-17T05:16:58.174063266Z,static,scaled,edge-files,200,2.440272
2026-09-17T05:16:58.234253662Z,static,scaled,edge-files,200,2.454235
2026-09-17T05:16:58.294540075Z,static,scaled,edge-files,200,2.690295
2026-09-17T05:16:58.354299842Z,static,scaled,edge-files,200,2.923095
2026-09-17T05:16:58.413425356Z,static,scaled,edge-files,200,2.314304
2026-09-17T05:16:58.474714845Z,static,scaled,edge-files,200,2.793446
2026-09-17T05:16:58.534316871Z,static,scaled,edge-files,200,3.087507
2026-09-17T05:16:58.593638779Z,static,scaled,edge-files,200,2.760994
2026-09-17T05:16:58.654643103Z,static,scaled,edge-files,200,3.230555
2026-09-17T05:16:58.714327822Z,static,scaled,edge-files,200,3.019512
2026-09-17T05:16:58.774777946Z,static,scaled,edge-files,200,2.982098
2026-09-17T05:16:58.83406149Z,static,scaled,edge-files,200,2.500297
2026-09-17T05:16:58.894433083Z,static,scaled,edge-files,200,2.712305
2026-09-17T05:16:58.953718023Z,static,scaled,edge-files,200,2.638195
2026-09-17T05:16:59.014060824Z,static,scaled,edge-files,200,2.866295
2026-09-17T05:16:59.073974297Z,static,scaled,edge-files,200,2.316095
2026-09-17T05:16:59.134287392Z,static,scaled,edge-files,200,2.808588
2026-09-17T05:16:59.194412314Z,static,scaled,edge-files,200,2.504687
2026-09-17T05:16:59.253751832Z,static,scaled,edge-files,200,2.872731
2026-09-17T05:16:59.314010181Z,static,scaled,edge-files,200,2.796426
2026-09-17T05:16:59.373981961Z,static,scaled,edge-files,200,2.436323
2026-09-17T05:16:59.434425057Z,static,scaled,edge-files,200,2.879412
2026-09-17T05:16:59.493966484Z,static,scaled,edge-files,200,2.71372
2026-09-17T05:16:59.55475522Z,static,scaled,edge-files,200,2.956797
2026-09-17T05:16:59.614162929Z,static,scaled,edge-files,200,3.009761
2026-09-17T05:16:59.674532448Z,static,scaled,edge-files,200,2.644207
2026-09-17T05:16:59.73377212Z,static,scaled,edge-files,200,2.559651
2026-09-17T05:16:59.794552554Z,static,scaled,edge-files,200,3.106746
2026-09-17T05:16:59.853864482Z,static,scaled,edge-files,200,2.898603
2026-09-17T05:16:59.913841684Z,static,scaled,edge-files,200,2.300004
2026-09-17T05:16:59.974125816Z,static,scaled,edge-files,200,2.544795
2026-09-17T05:17:00.034814815Z,static,scaled,edge-files,200,3.100457
2026-09-17T05:17:00.094668649Z,static,scaled,edge-files,200,3.212484
2026-09-17T05:17:00.154816062Z,static,scaled,edge-files,200,3.404198
2026-09-17T05:17:00.214243728Z,static,scaled,edge-files,200,2.705151
2026-09-17T05:17:00.274846651Z,static,scaled,edge-files,200,3.023662
2026-09-17T05:17:00.334538542Z,static,scaled,edge-files,200,2.982718
2026-09-17T05:17:00.394346091Z,static,scaled,edge-files,200,3.048013
2026-09-17T05:17:00.454338665Z,static,scaled,edge-files,200,2.868482
2026-09-17T05:17:00.513787231Z,static,scaled,edge-files,200,2.640682
2026-09-17T05:17:00.574576145Z,static,scaled,edge-files,200,2.917243
2026-09-17T05:17:00.634555006Z,static,scaled,edge-files,200,3.089225
2026-09-17T05:17:00.694370296Z,static,scaled,edge-files,200,3.110958
2026-09-17T05:17:00.754246551Z,static,scaled,edge-files,200,3.129079
2026-09-17T05:17:00.81493515Z,static,scaled,edge-files,200,3.019092
2026-09-17T05:17:00.874300591Z,static,scaled,edge-files,200,2.71064
2026-09-17T05:17:00.934239181Z,static,scaled,edge-files,200,2.922486
2026-09-17T05:17:00.994725595Z,static,scaled,edge-files,200,3.042014
2026-09-17T05:17:01.054446939Z,static,scaled,edge-files,200,2.982609
2026-09-17T05:17:01.113856034Z,static,scaled,edge-files,200,2.947976
2026-09-17T05:17:01.174304612Z,static,scaled,edge-files,200,2.891727
2026-09-17T05:17:01.233513498Z,static,scaled,edge-files,200,2.636305
2026-09-17T05:17:01.293723484Z,static,scaled,edge-files,200,2.674059
2026-09-17T05:17:01.354555803Z,static,scaled,edge-files,200,2.868212
2026-09-17T05:17:01.413668787Z,static,scaled,edge-files,200,2.564132
2026-09-17T05:17:01.473887675Z,static,scaled,edge-files,200,2.611005
2026-09-17T05:17:01.534173168Z,static,scaled,edge-files,200,2.744194
2026-09-17T05:17:01.594685443Z,static,scaled,edge-files,200,2.99338
2026-09-17T05:17:01.654895412Z,static,scaled,edge-files,200,3.260349
2026-09-17T05:17:01.71376445Z,static,scaled,edge-files,200,2.41411
2026-09-17T05:17:01.774039553Z,static,scaled,edge-files,200,2.726543
2026-09-17T05:17:01.834244114Z,static,scaled,edge-files,200,2.528199
2026-09-17T05:17:01.893778979Z,static,scaled,edge-files,200,2.86025
2026-09-17T05:17:01.954136073Z,static,scaled,edge-files,200,2.595253
2026-09-17T05:17:02.014285006Z,static,scaled,edge-files,200,2.481706
2026-09-17T05:17:02.0744533Z,static,scaled,edge-files,200,3.450341
2026-09-17T05:17:02.134526176Z,static,scaled,edge-files,200,2.542709
2026-09-17T05:17:02.193687733Z,static,scaled,edge-files,200,2.834938
2026-09-17T05:17:02.254087401Z,static,scaled,edge-files,200,2.5662
2026-09-17T05:17:02.314232484Z,static,scaled,edge-files,200,2.561881
2026-09-17T05:17:02.373637686Z,static,scaled,edge-files,200,2.738758
2026-09-17T05:17:02.433919881Z,static,scaled,edge-files,200,2.613134
2026-09-17T05:17:02.494212553Z,static,scaled,edge-files,200,2.787195
2026-09-17T05:17:02.553912516Z,static,scaled,edge-files,200,2.656987
2026-09-17T05:17:02.614400222Z,static,scaled,edge-files,200,2.727552
2026-09-17T05:17:02.675027877Z,static,scaled,edge-files,200,3.131909
2026-09-17T05:17:02.734551187Z,static,scaled,edge-files,200,3.036902
2026-09-17T05:17:02.793685513Z,static,scaled,edge-files,200,2.611845
2026-09-17T05:17:02.853751421Z,static,scaled,edge-files,200,2.343437
2026-09-17T05:17:02.913653238Z,static,scaled,edge-files,200,2.254176
2026-09-17T05:17:02.973807843Z,static,scaled,edge-files,200,2.472165
2026-09-17T05:17:03.034345351Z,static,scaled,edge-files,200,3.012861
2026-09-17T05:17:03.094095154Z,static,scaled,edge-files,200,3.099103
2026-09-17T05:17:03.154339848Z,static,scaled,edge-files,200,2.572432
2026-09-17T05:17:03.214310569Z,static,scaled,edge-files,200,2.395949
2026-09-17T05:17:03.273504419Z,static,scaled,edge-files,200,2.55119
2026-09-17T05:17:03.333976953Z,static,scaled,edge-files,200,2.936325
2026-09-17T05:17:03.394712515Z,static,scaled,edge-files,200,2.914675
2026-09-17T05:17:03.454117809Z,static,scaled,edge-files,200,2.664938
2026-09-17T05:17:03.514251876Z,static,scaled,edge-files,200,2.622195
2026-09-17T05:17:03.573663207Z,static,scaled,edge-files,200,2.690249
2026-09-17T05:17:03.634541077Z,static,scaled,edge-files,200,3.304051
2026-09-17T05:17:03.693523137Z,static,scaled,edge-files,200,2.403821
2026-09-17T05:17:03.753535027Z,static,scaled,edge-files,200,2.342227
2026-09-17T05:17:03.813763012Z,static,scaled,edge-files,200,2.523349
2026-09-17T05:17:03.873806295Z,static,scaled,edge-files,200,2.354797
2026-09-17T05:17:03.934260231Z,static,scaled,edge-files,200,2.809974
2026-09-17T05:17:03.99434405Z,static,scaled,edge-files,200,2.746524
2026-09-17T05:17:04.053736948Z,static,scaled,edge-files,200,2.489377
2026-09-17T05:17:04.114315796Z,static,scaled,edge-files,200,2.85023
2026-09-17T05:17:04.17451439Z,static,scaled,edge-files,200,2.661158
2026-09-17T05:17:04.233673843Z,static,scaled,edge-files,200,2.484486
2026-09-17T05:17:04.293700404Z,static,scaled,edge-files,200,2.511968
2026-09-17T05:17:04.353839072Z,static,scaled,edge-files,200,2.440633
2026-09-17T05:17:04.41408928Z,static,scaled,edge-files,200,2.732373
2026-09-17T05:17:04.474139082Z,static,scaled,edge-files,200,2.508161
2026-09-17T05:17:04.534522446Z,static,scaled,edge-files,200,2.812848
2026-09-17T05:17:04.594320382Z,static,scaled,edge-files,200,3.150196
2026-09-17T05:17:04.653655176Z,static,scaled,edge-files,200,2.471254
2026-09-17T05:17:04.713736793Z,static,scaled,edge-files,200,2.489787
2026-09-17T05:17:04.773960178Z,static,scaled,edge-files,200,2.588708
2026-09-17T05:17:04.83419972Z,static,scaled,edge-files,200,2.69544
2026-09-17T05:17:04.894399904Z,static,scaled,edge-files,200,2.558772
2026-09-17T05:17:04.953638624Z,static,scaled,edge-files,200,2.467746
2026-09-17T05:17:05.013294925Z,static,scaled,edge-files,200,2.377714
2026-09-17T05:17:05.073768361Z,static,scaled,edge-files,200,2.68904
2026-09-17T05:17:05.134081402Z,static,scaled,edge-files,200,2.827989
2026-09-17T05:17:05.194844303Z,static,scaled,edge-files,200,2.948712
2026-09-17T05:17:05.254878602Z,static,scaled,edge-files,200,3.188364
2026-09-17T05:17:05.314121484Z,static,scaled,edge-files,200,2.696281
2026-09-17T05:17:05.374623065Z,static,scaled,edge-files,200,2.815558
2026-09-17T05:17:05.433562533Z,static,scaled,edge-files,200,2.376748
2026-09-17T05:17:05.493433736Z,static,scaled,edge-files,200,2.24704
2026-09-17T05:17:05.553728124Z,static,scaled,edge-files,200,2.470904
2026-09-17T05:17:05.614027438Z,static,scaled,edge-files,200,2.531234
2026-09-17T05:17:05.674611352Z,static,scaled,edge-files,200,2.949003
2026-09-17T05:17:05.734324863Z,static,scaled,edge-files,200,3.052534
2026-09-17T05:17:05.794906161Z,static,scaled,edge-files,200,3.049303
2026-09-17T05:17:05.854330292Z,static,scaled,edge-files,200,2.68517
2026-09-17T05:17:05.914567173Z,static,scaled,edge-files,200,2.623831
2026-09-17T05:17:05.973991219Z,static,scaled,edge-files,200,2.859861
2026-09-17T05:17:06.034541015Z,static,scaled,edge-files,200,2.98391
2026-09-17T05:17:06.093826736Z,static,scaled,edge-files,200,2.494897
2026-09-17T05:17:06.154049364Z,static,scaled,edge-files,200,2.494102
2026-09-17T05:17:06.21436649Z,static,scaled,edge-files,200,2.54338
2026-09-17T05:17:06.274109598Z,static,scaled,edge-files,200,2.953572
2026-09-17T05:17:06.334357719Z,static,scaled,edge-files,200,2.69163
2026-09-17T05:17:06.393738987Z,static,scaled,edge-files,200,2.576013
2026-09-17T05:17:06.454074598Z,static,scaled,edge-files,200,2.674488
2026-09-17T05:17:06.514569322Z,static,scaled,edge-files,200,2.903634
2026-09-17T05:17:06.573739336Z,static,scaled,edge-files,200,2.594373
2026-09-17T05:17:06.634240638Z,static,scaled,edge-files,200,2.778295
2026-09-17T05:17:06.694157232Z,static,scaled,edge-files,200,2.367643
2026-09-17T05:17:06.753610319Z,static,scaled,edge-files,200,2.656691
2026-09-17T05:17:06.814525406Z,static,scaled,edge-files,200,3.104363
2026-09-17T05:17:06.8745993Z,static,scaled,edge-files,200,3.346229
2026-09-17T05:17:06.934919531Z,static,scaled,edge-files,200,3.496244
2026-09-17T05:17:06.9941789Z,static,scaled,edge-files,200,2.740383
2026-09-17T05:17:07.05370373Z,static,scaled,edge-files,200,2.624006
2026-09-17T05:17:07.113794494Z,static,scaled,edge-files,200,2.591894
2026-09-17T05:17:07.17448971Z,static,scaled,edge-files,200,2.98763
2026-09-17T05:17:07.233626042Z,static,scaled,edge-files,200,2.54727
2026-09-17T05:17:07.294097944Z,static,scaled,edge-files,200,2.917585
2026-09-17T05:17:07.354468898Z,static,scaled,edge-files,200,2.585063
2026-09-17T05:17:07.414123994Z,static,scaled,edge-files,200,2.884017
2026-09-17T05:17:07.475288261Z,static,scaled,edge-files,200,3.398427
2026-09-17T05:17:07.534773776Z,static,scaled,edge-files,200,2.859731
2026-09-17T05:17:07.59424006Z,static,scaled,edge-files,200,2.947177
2026-09-17T05:17:07.653405454Z,static,scaled,edge-files,200,2.518858
2026-09-17T05:17:07.715254616Z,static,scaled,edge-files,200,3.358055
2026-09-17T05:17:07.775139338Z,static,scaled,edge-files,200,3.287391
2026-09-17T05:17:07.835185941Z,static,scaled,edge-files,200,3.401878
2026-09-17T05:17:07.89457522Z,static,scaled,edge-files,200,2.805778
2026-09-17T05:17:07.954223012Z,static,scaled,edge-files,200,2.732922
2026-09-17T05:17:08.014698015Z,static,scaled,edge-files,200,2.738013
2026-09-17T05:17:08.073952976Z,static,scaled,edge-files,200,2.717901
2026-09-17T05:17:08.134804782Z,static,scaled,edge-files,200,3.29804
2026-09-17T05:17:08.195167765Z,static,scaled,edge-files,200,3.714618
2026-09-17T05:17:08.253879988Z,static,scaled,edge-files,200,2.67988
2026-09-17T05:17:08.314250992Z,static,scaled,edge-files,200,2.865392
2026-09-17T05:17:08.374840572Z,static,scaled,edge-files,200,3.018971
2026-09-17T05:17:08.434409233Z,static,scaled,edge-files,200,3.015131
2026-09-17T05:17:08.494258992Z,static,scaled,edge-files,200,2.99155
2026-09-17T05:17:08.553425605Z,static,scaled,edge-files,200,2.524909
2026-09-17T05:17:08.614098421Z,static,scaled,edge-files,200,3.178003
2026-09-17T05:17:08.674819978Z,static,scaled,edge-files,200,3.132679
2026-09-17T05:17:08.733916993Z,static,scaled,edge-files,200,2.563927
2026-09-17T05:17:08.794113459Z,static,scaled,edge-files,200,2.745533
2026-09-17T05:17:08.854955123Z,static,scaled,edge-files,200,3.091366
2026-09-17T05:17:08.914369755Z,static,scaled,edge-files,200,2.856511
2026-09-17T05:17:08.973556509Z,static,scaled,edge-files,200,2.696191
2026-09-17T05:17:09.033950325Z,static,scaled,edge-files,200,2.662848
2026-09-17T05:17:09.094027529Z,static,scaled,edge-files,200,2.508288
2026-09-17T05:17:09.154286267Z,static,scaled,edge-files,200,2.554161
2026-09-17T05:17:09.213678626Z,static,scaled,edge-files,200,2.813168
2026-09-17T05:17:09.274158757Z,static,scaled,edge-files,200,2.801147
2026-09-17T05:17:09.334621607Z,static,scaled,edge-files,200,2.781926
2026-09-17T05:17:09.393836053Z,static,scaled,edge-files,200,2.439671
2026-09-17T05:17:09.454163154Z,static,scaled,edge-files,200,2.609094
2026-09-17T05:17:09.514465094Z,static,scaled,edge-files,200,2.636057
2026-09-17T05:17:09.573579193Z,static,scaled,edge-files,200,2.603144
2026-09-17T05:17:09.633867721Z,static,scaled,edge-files,200,2.539428
2026-09-17T05:17:09.694471012Z,static,scaled,edge-files,200,2.908504
2026-09-17T05:17:09.753752553Z,static,scaled,edge-files,200,2.485546
2026-09-17T05:17:09.814245995Z,static,scaled,edge-files,200,2.811488
2026-09-17T05:17:09.874657547Z,static,scaled,edge-files,200,2.810452
2026-09-17T05:17:09.933552979Z,static,scaled,edge-files,200,2.358067
2026-09-17T05:17:09.993927913Z,static,scaled,edge-files,200,2.786987
2026-09-17T05:17:10.05434399Z,static,scaled,edge-files,200,2.785826
2026-09-17T05:17:10.113992745Z,static,scaled,edge-files,200,3.062554
2026-09-17T05:17:10.174109752Z,static,scaled,edge-files,200,2.600432
2026-09-17T05:17:10.234463555Z,static,scaled,edge-files,200,2.641307
2026-09-17T05:17:10.293248523Z,static,scaled,edge-files,200,2.40258
2026-09-17T05:17:10.353640298Z,static,scaled,edge-files,200,2.38877
2026-09-17T05:17:10.414573879Z,static,scaled,edge-files,200,3.077605
2026-09-17T05:17:10.473850711Z,static,scaled,edge-files,200,2.774895
2026-09-17T05:17:10.533948852Z,static,scaled,edge-files,200,2.543015
2026-09-17T05:17:10.594096366Z,static,scaled,edge-files,200,2.366718
2026-09-17T05:17:10.653626123Z,static,scaled,edge-files,200,2.70028
2026-09-17T05:17:10.714188007Z,static,scaled,edge-files,200,3.06762
2026-09-17T05:17:10.775043698Z,static,scaled,edge-files,200,3.245737
2026-09-17T05:17:10.834195145Z,static,scaled,edge-files,200,2.593698
2026-09-17T05:17:10.894635088Z,static,scaled,edge-files,200,2.748124
2026-09-17T05:17:10.95394897Z,static,scaled,edge-files,200,2.569321
2026-09-17T05:17:11.014523975Z,static,scaled,edge-files,200,2.839144
2026-09-17T05:17:11.073965672Z,static,scaled,edge-files,200,2.516348
2026-09-17T05:17:11.134405579Z,static,scaled,edge-files,200,2.83716
2026-09-17T05:17:11.194850237Z,static,scaled,edge-files,200,2.876803
2026-09-17T05:17:11.254227836Z,static,scaled,edge-files,200,2.499037
2026-09-17T05:17:11.314539798Z,static,scaled,edge-files,200,2.797927
2026-09-17T05:17:11.374023542Z,static,scaled,edge-files,200,2.712781
2026-09-17T05:17:11.434172653Z,static,scaled,edge-files,200,2.581123
2026-09-17T05:17:11.493207656Z,static,scaled,edge-files,200,2.324453
2026-09-17T05:17:11.553932366Z,static,scaled,edge-files,200,2.789504
2026-09-17T05:17:11.614171704Z,static,scaled,edge-files,200,2.792113
2026-09-17T05:17:11.674514685Z,static,scaled,edge-files,200,2.72938
2026-09-17T05:17:11.734062228Z,static,scaled,edge-files,200,2.794974
2026-09-17T05:17:11.794113203Z,static,scaled,edge-files,200,2.448702
2026-09-17T05:17:11.853690106Z,static,scaled,edge-files,200,2.764113
2026-09-17T05:17:11.913883085Z,static,scaled,edge-files,200,2.556095
2026-09-17T05:17:11.974125207Z,static,scaled,edge-files,200,2.769922
2026-09-17T05:17:12.034383096Z,static,scaled,edge-files,200,2.508021
2026-09-17T05:17:12.094483545Z,static,scaled,edge-files,200,2.58214
2026-09-17T05:17:12.154325867Z,static,scaled,edge-files,200,3.053991
2026-09-17T05:17:12.21387386Z,static,scaled,edge-files,200,2.868839
2026-09-17T05:17:12.274318639Z,static,scaled,edge-files,200,2.677156
2026-09-17T05:17:12.334503405Z,static,scaled,edge-files,200,2.668747
2026-09-17T05:17:12.393661291Z,static,scaled,edge-files,200,2.503767
2026-09-17T05:17:12.454017397Z,static,scaled,edge-files,200,2.562349
2026-09-17T05:17:12.516087285Z,static,scaled,edge-files,200,4.126663
2026-09-17T05:17:12.575044517Z,static,scaled,edge-files,200,3.380744
2026-09-17T05:17:12.634684945Z,static,scaled,edge-files,200,3.064536
2026-09-17T05:17:12.693581154Z,static,scaled,edge-files,200,2.312072
2026-09-17T05:17:12.754033104Z,static,scaled,edge-files,200,2.648655
2026-09-17T05:17:12.814521869Z,static,scaled,edge-files,200,2.783513
2026-09-17T05:17:12.873551377Z,static,scaled,edge-files,200,2.519997
2026-09-17T05:17:12.933611723Z,static,scaled,edge-files,200,2.511196
2026-09-17T05:17:12.993812988Z,static,scaled,edge-files,200,2.633385
2026-09-17T05:17:13.054315002Z,static,scaled,edge-files,200,2.704658
2026-09-17T05:17:13.113484007Z,static,scaled,edge-files,200,2.445101
2026-09-17T05:17:13.174320725Z,static,scaled,edge-files,200,3.450097
2026-09-17T05:17:13.233432548Z,static,scaled,edge-files,200,2.501435
2026-09-17T05:17:13.293619972Z,static,scaled,edge-files,200,2.406049
2026-09-17T05:17:13.354120847Z,static,scaled,edge-files,200,2.41698
2026-09-17T05:17:13.41458831Z,static,scaled,edge-files,200,2.926953
2026-09-17T05:17:13.473689193Z,static,scaled,edge-files,200,2.529867
2026-09-17T05:17:13.533996906Z,static,scaled,edge-files,200,2.727651
2026-09-17T05:17:13.593881079Z,static,scaled,edge-files,200,2.319443
2026-09-17T05:17:13.655486997Z,static,scaled,edge-files,200,3.852535
2026-09-17T05:17:13.713415532Z,static,scaled,edge-files,200,2.473273
2026-09-17T05:17:13.773441386Z,static,scaled,edge-files,200,2.510466
2026-09-17T05:17:13.83464435Z,static,scaled,edge-files,200,2.7373
2026-09-17T05:17:13.894225387Z,static,scaled,edge-files,200,2.613362
2026-09-17T05:17:13.953737192Z,static,scaled,edge-files,200,2.554679
2026-09-17T05:17:14.014090657Z,static,scaled,edge-files,200,2.746601
2026-09-17T05:17:14.074277301Z,static,scaled,edge-files,200,2.471754
2026-09-17T05:17:14.134388826Z,static,scaled,edge-files,200,2.528062
2026-09-17T05:17:14.1936145Z,static,scaled,edge-files,200,2.72392
2026-09-17T05:17:14.254184209Z,static,scaled,edge-files,200,2.827306
2026-09-17T05:17:14.314239415Z,static,scaled,edge-files,200,2.618173
2026-09-17T05:17:14.37429605Z,static,scaled,edge-files,200,2.449651
2026-09-17T05:17:14.434476373Z,static,scaled,edge-files,200,2.56835
2026-09-17T05:17:14.49394777Z,static,scaled,edge-files,200,2.750692
2026-09-17T05:17:14.554452988Z,static,scaled,edge-files,200,2.591912
2026-09-17T05:17:14.613913934Z,static,scaled,edge-files,200,2.71133
2026-09-17T05:17:14.673881914Z,static,scaled,edge-files,200,2.399339
2026-09-17T05:17:14.734099309Z,static,scaled,edge-files,200,2.689868
2026-09-17T05:17:14.794419043Z,static,scaled,edge-files,200,2.679917
2026-09-17T05:17:14.854155696Z,static,scaled,edge-files,200,2.978736
2026-09-17T05:17:14.914779259Z,static,scaled,edge-files,200,3.0335
2026-09-17T05:17:14.974023127Z,static,scaled,edge-files,200,2.633933
2026-09-17T05:17:15.034600627Z,static,scaled,edge-files,200,2.869965
2026-09-17T05:17:15.094786326Z,static,scaled,edge-files,200,3.556345
2026-09-17T05:17:15.154615907Z,static,scaled,edge-files,200,3.02085
2026-09-17T05:17:15.214243694Z,static,scaled,edge-files,200,2.943255
2026-09-17T05:17:15.274566796Z,static,scaled,edge-files,200,2.715215
2026-09-17T05:17:15.334047903Z,static,scaled,edge-files,200,2.8897
2026-09-17T05:17:15.39472771Z,static,scaled,edge-files,200,3.147828
2026-09-17T05:17:15.454753499Z,static,scaled,edge-files,200,2.820826
2026-09-17T05:17:15.513910031Z,static,scaled,edge-files,200,2.88346
2026-09-17T05:17:15.574225112Z,static,scaled,edge-files,200,2.691547
2026-09-17T05:17:15.634806844Z,static,scaled,edge-files,200,2.818287
2026-09-17T05:17:15.694346517Z,static,scaled,edge-files,200,2.785883
2026-09-17T05:17:15.754731945Z,static,scaled,edge-files,200,3.394155
2026-09-17T05:17:15.814295199Z,static,scaled,edge-files,200,2.946335
2026-09-17T05:17:15.874715857Z,static,scaled,edge-files,200,2.87223
2026-09-17T05:17:15.934377016Z,static,scaled,edge-files,200,2.676407
2026-09-17T05:17:15.993887496Z,static,scaled,edge-files,200,2.960415
2026-09-17T05:17:16.054642458Z,static,scaled,edge-files,200,2.915222
2026-09-17T05:17:16.114626529Z,static,scaled,edge-files,200,2.982626
2026-09-17T05:17:16.174002899Z,static,scaled,edge-files,200,2.670846
2026-09-17T05:17:16.234675826Z,static,scaled,edge-files,200,2.956956
2026-09-17T05:17:16.294640976Z,static,scaled,edge-files,200,3.319219
2026-09-17T05:17:16.356802771Z,static,scaled,edge-files,200,5.29818
2026-09-17T05:17:16.413964735Z,static,scaled,edge-files,200,2.542268
2026-09-17T05:17:16.474222913Z,static,scaled,edge-files,200,2.42106
2026-09-17T05:17:16.534322952Z,static,scaled,edge-files,200,2.478534
2026-09-17T05:17:16.594448102Z,static,scaled,edge-files,200,2.632244
2026-09-17T05:17:16.654427105Z,static,scaled,edge-files,200,2.939194
2026-09-17T05:17:16.713530926Z,static,scaled,edge-files,200,2.521116
2026-09-17T05:17:16.773572258Z,static,scaled,edge-files,200,2.479661
2026-09-17T05:17:16.833648999Z,static,scaled,edge-files,200,2.447262
2026-09-17T05:17:16.894252221Z,static,scaled,edge-files,200,2.795155
2026-09-17T05:17:16.953593978Z,static,scaled,edge-files,200,2.517156
2026-09-17T05:17:17.013678796Z,static,scaled,edge-files,200,2.549328
2026-09-17T05:17:17.074127658Z,static,scaled,edge-files,200,2.663046
2026-09-17T05:17:17.133903875Z,static,scaled,edge-files,200,2.995817
2026-09-17T05:17:17.19483295Z,static,scaled,edge-files,200,3.429876
2026-09-17T05:17:17.254453837Z,static,scaled,edge-files,200,2.86863
2026-09-17T05:17:17.313580211Z,static,scaled,edge-files,200,2.507842
2026-09-17T05:17:17.373759185Z,static,scaled,edge-files,200,2.5671
2026-09-17T05:17:17.434303932Z,static,scaled,edge-files,200,2.64887
2026-09-17T05:17:17.49472501Z,static,scaled,edge-files,200,2.935094
2026-09-17T05:17:17.554586343Z,static,scaled,edge-files,200,3.03649
2026-09-17T05:17:17.613701416Z,static,scaled,edge-files,200,2.459783
2026-09-17T05:17:17.673711719Z,static,scaled,edge-files,200,2.365335
2026-09-17T05:17:17.734299946Z,static,scaled,edge-files,200,2.896836
2026-09-17T05:17:17.794968546Z,static,scaled,edge-files,200,3.125926
2026-09-17T05:17:17.854626535Z,static,scaled,edge-files,200,2.990297
2026-09-17T05:17:17.914556063Z,static,scaled,edge-files,200,3.368253
2026-09-17T05:17:17.973464103Z,static,scaled,edge-files,200,2.239878
2026-09-17T05:17:18.033653746Z,static,scaled,edge-files,200,2.742411
2026-09-17T05:17:18.094206594Z,static,scaled,edge-files,200,2.864859
2026-09-17T05:17:18.154037715Z,static,scaled,edge-files,200,2.918752
2026-09-17T05:17:18.213726936Z,static,scaled,edge-files,200,2.195015
2026-09-17T05:17:18.273799693Z,static,scaled,edge-files,200,2.505945
2026-09-17T05:17:18.334030816Z,static,scaled,edge-files,200,2.486869
2026-09-17T05:17:18.394386626Z,static,scaled,edge-files,200,2.623173
2026-09-17T05:17:18.453343769Z,static,scaled,edge-files,200,2.344754
2026-09-17T05:17:18.513943796Z,static,scaled,edge-files,200,2.806382
2026-09-17T05:17:18.574125714Z,static,scaled,edge-files,200,2.701898
2026-09-17T05:17:18.634266775Z,static,scaled,edge-files,200,2.601292
2026-09-17T05:17:18.694527134Z,static,scaled,edge-files,200,2.72651
2026-09-17T05:17:18.754456762Z,static,scaled,edge-files,200,3.050211
2026-09-17T05:17:18.813297637Z,static,scaled,edge-files,200,2.412439
2026-09-17T05:17:18.872545632Z,static,scaled,edge-files,200,2.56255
2026-09-17T05:17:18.932804823Z,static,scaled,edge-files,200,3.401164
2026-09-17T05:17:18.992401886Z,static,scaled,edge-files,200,2.933374
2026-09-17T05:17:19.051357519Z,static,scaled,edge-files,200,2.336794
2026-09-17T05:17:19.11375216Z,static,scaled,edge-files,200,3.605648
2026-09-17T05:17:19.171804594Z,static,scaled,edge-files,200,2.511236
2026-09-17T05:17:19.232019618Z,static,scaled,edge-files,200,2.711688
2026-09-17T05:17:19.292495822Z,static,scaled,edge-files,200,2.957245
2026-09-17T05:17:19.351653548Z,static,scaled,edge-files,200,2.357726
2026-09-17T05:17:19.412526667Z,static,scaled,edge-files,200,2.470343
2026-09-17T05:17:19.471640176Z,static,scaled,edge-files,200,2.492029
2026-09-17T05:17:19.532719149Z,static,scaled,edge-files,200,2.594305
2026-09-17T05:17:19.592390238Z,static,scaled,edge-files,200,3.065962
2026-09-17T05:17:19.651729676Z,static,scaled,edge-files,200,2.704821
2026-09-17T05:17:19.711716752Z,static,scaled,edge-files,200,2.438176
2026-09-17T05:17:19.771917791Z,static,scaled,edge-files,200,2.558932
2026-09-17T05:17:19.832258359Z,static,scaled,edge-files,200,2.736902
2026-09-17T05:17:19.892884265Z,static,scaled,edge-files,200,3.095083
2026-09-17T05:17:19.952082104Z,static,scaled,edge-files,200,2.547572
2026-09-17T05:17:20.011921652Z,static,scaled,edge-files,200,2.368861
2026-09-17T05:17:20.072048052Z,static,scaled,edge-files,200,2.548736
2026-09-17T05:17:20.132493411Z,static,scaled,edge-files,200,2.7042
2026-09-17T05:17:20.191838528Z,static,scaled,edge-files,200,2.692679
2026-09-17T05:17:20.251950884Z,static,scaled,edge-files,200,2.424934
2026-09-17T05:17:20.312249143Z,static,scaled,edge-files,200,2.722807
2026-09-17T05:17:20.372198033Z,static,scaled,edge-files,200,2.408253
2026-09-17T05:17:20.433477606Z,static,scaled,edge-files,200,3.396753
2026-09-17T05:17:20.492637363Z,static,scaled,edge-files,200,2.70026
2026-09-17T05:17:20.551993361Z,static,scaled,edge-files,200,2.677899
2026-09-17T05:17:20.611950357Z,static,scaled,edge-files,200,2.379962
2026-09-17T05:17:20.672480434Z,static,scaled,edge-files,200,2.723542
2026-09-17T05:17:20.732690096Z,static,scaled,edge-files,200,2.70178
2026-09-17T05:17:20.791917827Z,static,scaled,edge-files,200,2.748293
2026-09-17T05:17:20.852132407Z,static,scaled,edge-files,200,2.631856
2026-09-17T05:17:20.912835666Z,static,scaled,edge-files,200,2.816786
2026-09-17T05:17:20.971976693Z,static,scaled,edge-files,200,2.615716
2026-09-17T05:17:21.032061143Z,static,scaled,edge-files,200,2.546191
2026-09-17T05:17:21.092068722Z,static,scaled,edge-files,200,2.417784
2026-09-17T05:17:21.152251625Z,static,scaled,edge-files,200,2.43922
2026-09-17T05:17:21.212596768Z,static,scaled,edge-files,200,2.673799
2026-09-17T05:17:21.272024981Z,static,scaled,edge-files,200,2.913423
2026-09-17T05:17:21.332584481Z,static,scaled,edge-files,200,2.822917
2026-09-17T05:17:21.393023553Z,static,scaled,edge-files,200,2.878522
2026-09-17T05:17:21.452307979Z,static,scaled,edge-files,200,2.585334
2026-09-17T05:17:21.51221297Z,static,scaled,edge-files,200,2.366221
2026-09-17T05:17:21.572454923Z,static,scaled,edge-files,200,2.598326
2026-09-17T05:17:21.632225852Z,static,scaled,edge-files,200,2.937779
2026-09-17T05:17:21.692885103Z,static,scaled,edge-files,200,3.035971
2026-09-17T05:17:21.75252496Z,static,scaled,edge-files,200,2.892212
2026-09-17T05:17:21.811861057Z,static,scaled,edge-files,200,2.6834
2026-09-17T05:17:21.872202239Z,static,scaled,edge-files,200,2.765149
2026-09-17T05:17:21.932721953Z,static,scaled,edge-files,200,2.855469
2026-09-17T05:17:21.992378125Z,static,scaled,edge-files,200,2.851014
2026-09-17T05:17:22.05242489Z,static,scaled,edge-files,200,2.336578
2026-09-17T05:17:22.111905227Z,static,scaled,edge-files,200,2.665318
2026-09-17T05:17:22.172351559Z,static,scaled,edge-files,200,2.878042
2026-09-17T05:17:22.232541069Z,static,scaled,edge-files,200,2.664898
2026-09-17T05:17:22.292816212Z,static,scaled,edge-files,200,2.725393
2026-09-17T05:17:22.351998551Z,static,scaled,edge-files,200,2.535731
2026-09-17T05:17:22.411944365Z,static,scaled,edge-files,200,2.391192
2026-09-17T05:17:22.472326735Z,static,scaled,edge-files,200,2.796026
2026-09-17T05:17:22.532720166Z,static,scaled,edge-files,200,2.86445
2026-09-17T05:17:22.59232946Z,static,scaled,edge-files,200,2.872396
2026-09-17T05:17:22.652176859Z,static,scaled,edge-files,200,2.646538
2026-09-17T05:17:22.712567209Z,static,scaled,edge-files,200,2.731473
2026-09-17T05:17:22.773443618Z,static,scaled,edge-files,200,3.273284
2026-09-17T05:17:22.833057137Z,static,scaled,edge-files,200,3.105989
2026-09-17T05:17:22.891902867Z,static,scaled,edge-files,200,2.357481
2026-09-17T05:17:22.952174315Z,static,scaled,edge-files,200,2.369221
2026-09-17T05:17:23.012910596Z,static,scaled,edge-files,200,2.947495
2026-09-17T05:17:23.072365621Z,static,scaled,edge-files,200,2.995209
2026-09-17T05:17:23.133559809Z,static,scaled,edge-files,200,3.338938
2026-09-17T05:17:23.19379246Z,static,scaled,edge-files,200,3.638706
2026-09-17T05:17:23.252369814Z,static,scaled,edge-files,200,3.124406
2026-09-17T05:17:23.312396632Z,static,scaled,edge-files,200,2.471927
2026-09-17T05:17:23.373110062Z,static,scaled,edge-files,200,3.251404
2026-09-17T05:17:23.432612009Z,static,scaled,edge-files,200,2.938515
2026-09-17T05:17:23.491934182Z,static,scaled,edge-files,200,2.816328
2026-09-17T05:17:23.552743241Z,static,scaled,edge-files,200,2.761373
2026-09-17T05:17:23.612105821Z,static,scaled,edge-files,200,2.977067
2026-09-17T05:17:23.67298434Z,static,scaled,edge-files,200,2.934975
2026-09-17T05:17:23.732578781Z,static,scaled,edge-files,200,3.00802
2026-09-17T05:17:23.793106291Z,static,scaled,edge-files,200,3.042352
2026-09-17T05:17:23.85229584Z,static,scaled,edge-files,200,2.457357
2026-09-17T05:17:23.912701522Z,static,scaled,edge-files,200,2.787535
2026-09-17T05:17:23.972353278Z,static,scaled,edge-files,200,3.013118
2026-09-17T05:17:24.033696381Z,static,scaled,edge-files,200,3.512647
2026-09-17T05:17:24.09194944Z,static,scaled,edge-files,200,2.668449
2026-09-17T05:17:24.152816899Z,static,scaled,edge-files,200,3.082254
2026-09-17T05:17:24.212410272Z,static,scaled,edge-files,200,2.975868
2026-09-17T05:17:24.273027415Z,static,scaled,edge-files,200,3.006128
2026-09-17T05:17:24.332444958Z,static,scaled,edge-files,200,2.804877
2026-09-17T05:17:24.392505119Z,static,scaled,edge-files,200,2.519009
2026-09-17T05:17:24.451474305Z,static,scaled,edge-files,200,2.305027
2026-09-17T05:17:24.511849689Z,static,scaled,edge-files,200,2.571638
2026-09-17T05:17:24.572241244Z,static,scaled,edge-files,200,2.722182
2026-09-17T05:17:24.633096112Z,static,scaled,edge-files,200,3.329898
2026-09-17T05:17:24.692235758Z,static,scaled,edge-files,200,2.443215
2026-09-17T05:17:24.752421108Z,static,scaled,edge-files,200,2.431285
2026-09-17T05:17:24.812555633Z,static,scaled,edge-files,200,2.431505
2026-09-17T05:17:24.87272357Z,static,scaled,edge-files,200,2.663859
2026-09-17T05:17:24.932134082Z,static,scaled,edge-files,200,2.681009
2026-09-17T05:17:24.992500989Z,static,scaled,edge-files,200,2.777845
2026-09-17T05:17:25.051795285Z,static,scaled,edge-files,200,2.672988
2026-09-17T05:17:25.112280221Z,static,scaled,edge-files,200,2.973486
2026-09-17T05:17:25.173310038Z,static,scaled,edge-files,200,3.502198
2026-09-17T05:17:25.232889432Z,static,scaled,edge-files,200,3.03398
2026-09-17T05:17:25.292109283Z,static,scaled,edge-files,200,2.745653
2026-09-17T05:17:25.352185805Z,static,scaled,edge-files,200,2.472248
2026-09-17T05:17:25.412552194Z,static,scaled,edge-files,200,2.536821
2026-09-17T05:17:25.471941265Z,static,scaled,edge-files,200,2.684179
2026-09-17T05:17:25.532087793Z,static,scaled,edge-files,200,2.594365
2026-09-17T05:17:25.592242198Z,static,scaled,edge-files,200,2.587164
2026-09-17T05:17:25.652671782Z,static,scaled,edge-files,200,2.68298
2026-09-17T05:17:25.711855321Z,static,scaled,edge-files,200,2.741564
2026-09-17T05:17:25.772359544Z,static,scaled,edge-files,200,2.565048
2026-09-17T05:17:25.832068226Z,static,scaled,edge-files,200,2.383342
2026-09-17T05:17:25.892325176Z,static,scaled,edge-files,200,2.42349
2026-09-17T05:17:25.952598299Z,static,scaled,edge-files,200,2.480332
2026-09-17T05:17:26.011827896Z,static,scaled,edge-files,200,2.735332
2026-09-17T05:17:26.072392987Z,static,scaled,edge-files,200,2.945616
2026-09-17T05:17:26.131890774Z,static,scaled,edge-files,200,2.742772
2026-09-17T05:17:26.191674968Z,static,scaled,edge-files,200,2.300466
2026-09-17T05:17:26.251985395Z,static,scaled,edge-files,200,2.638268
2026-09-17T05:17:26.312196455Z,static,scaled,edge-files,200,2.68462
2026-09-17T05:17:26.372916053Z,static,scaled,edge-files,200,2.86356
2026-09-17T05:17:26.432015207Z,static,scaled,edge-files,200,2.773885
2026-09-17T05:17:26.491920759Z,static,scaled,edge-files,200,2.387682
2026-09-17T05:17:26.552255956Z,static,scaled,edge-files,200,2.522589
2026-09-17T05:17:26.612366809Z,static,scaled,edge-files,200,2.562922
2026-09-17T05:17:26.672719164Z,static,scaled,edge-files,200,2.725067
2026-09-17T05:17:26.731893377Z,static,scaled,edge-files,200,2.609495
2026-09-17T05:17:26.79216259Z,static,scaled,edge-files,200,2.549082
2026-09-17T05:17:26.853021308Z,static,scaled,edge-files,200,3.01845
2026-09-17T05:17:26.912530161Z,static,scaled,edge-files,200,2.873776
2026-09-17T05:17:26.973004702Z,static,scaled,edge-files,200,2.85827
2026-09-17T05:17:27.032275786Z,static,scaled,edge-files,200,2.662209
2026-09-17T05:17:27.092581606Z,static,scaled,edge-files,200,2.713786
2026-09-17T05:17:27.152142324Z,static,scaled,edge-files,200,2.781716
2026-09-17T05:17:27.212743777Z,static,scaled,edge-files,200,2.923704
2026-09-17T05:17:27.27200886Z,static,scaled,edge-files,200,2.692519
2026-09-17T05:17:27.332635794Z,static,scaled,edge-files,200,3.004948
2026-09-17T05:17:27.392722471Z,static,scaled,edge-files,200,2.556578
2026-09-17T05:17:27.451894535Z,static,scaled,edge-files,200,2.455036
2026-09-17T05:17:27.512293909Z,static,scaled,edge-files,200,2.728828
2026-09-17T05:17:27.572895029Z,static,scaled,edge-files,200,2.998566
2026-09-17T05:17:27.631780422Z,static,scaled,edge-files,200,2.406566
2026-09-17T05:17:27.692012718Z,static,scaled,edge-files,200,2.486732
2026-09-17T05:17:27.752765408Z,static,scaled,edge-files,200,2.833154
2026-09-17T05:17:27.812435735Z,static,scaled,edge-files,200,3.154417
2026-09-17T05:17:27.871892965Z,static,scaled,edge-files,200,2.578897
2026-09-17T05:17:27.93194491Z,static,scaled,edge-files,200,2.569567
2026-09-17T05:17:27.992304664Z,static,scaled,edge-files,200,2.837566
2026-09-17T05:17:28.051817809Z,static,scaled,edge-files,200,2.783561
2026-09-17T05:17:28.113243127Z,static,scaled,edge-files,200,3.584776
2026-09-17T05:17:28.172685978Z,static,scaled,edge-files,200,2.964014
2026-09-17T05:17:28.2317185Z,static,scaled,edge-files,200,2.550255
2026-09-17T05:17:28.291465421Z,static,scaled,edge-files,200,2.158038
2026-09-17T05:17:28.35266541Z,static,scaled,edge-files,200,3.293313
2026-09-17T05:17:28.412432192Z,static,scaled,edge-files,200,3.139002
2026-09-17T05:17:28.47249278Z,static,scaled,edge-files,200,2.425357
2026-09-17T05:17:28.531826613Z,static,scaled,edge-files,200,2.751109
2026-09-17T05:17:28.59183409Z,static,scaled,edge-files,200,2.408343
2026-09-17T05:17:28.65167157Z,static,scaled,edge-files,200,2.561025
2026-09-17T05:17:28.711790517Z,static,scaled,edge-files,200,2.693135
2026-09-17T05:17:28.77204023Z,static,scaled,edge-files,200,2.636577
2026-09-17T05:17:28.831903173Z,static,scaled,edge-files,200,2.45907
2026-09-17T05:17:28.892183651Z,static,scaled,edge-files,200,2.509574
2026-09-17T05:17:28.951876188Z,static,scaled,edge-files,200,2.820474
2026-09-17T05:17:29.011881543Z,static,scaled,edge-files,200,2.735413
2026-09-17T05:17:29.07176642Z,static,scaled,edge-files,200,2.434659
2026-09-17T05:17:29.131887467Z,static,scaled,edge-files,200,2.432487
2026-09-17T05:17:29.192071908Z,static,scaled,edge-files,200,2.647092
2026-09-17T05:17:29.252686926Z,static,scaled,edge-files,200,2.850667
2026-09-17T05:17:29.312201376Z,static,scaled,edge-files,200,2.929073
2026-09-17T05:17:29.372466543Z,static,scaled,edge-files,200,2.348041
2026-09-17T05:17:29.432526696Z,static,scaled,edge-files,200,3.410584
2026-09-17T05:17:29.49286546Z,static,scaled,edge-files,200,2.838615
2026-09-17T05:17:29.552324721Z,static,scaled,edge-files,200,2.800553
2026-09-17T05:17:29.612444461Z,static,scaled,edge-files,200,2.656557
2026-09-17T05:17:29.672865361Z,static,scaled,edge-files,200,2.756256
2026-09-17T05:17:29.731730616Z,static,scaled,edge-files,200,2.401646
2026-09-17T05:17:29.792343367Z,static,scaled,edge-files,200,2.841615
2026-09-17T05:17:29.852898114Z,static,scaled,edge-files,200,2.781612
2026-09-17T05:17:29.912402499Z,static,scaled,edge-files,200,2.857576
2026-09-17T05:17:29.972563741Z,static,scaled,edge-files,200,2.630721
2026-09-17T05:17:30.032900332Z,static,scaled,edge-files,200,2.773521
2026-09-17T05:17:30.092859509Z,static,scaled,edge-files,200,3.363931
2026-09-17T05:17:30.15231553Z,static,scaled,edge-files,200,2.808674
2026-09-17T05:17:30.212895564Z,static,scaled,edge-files,200,2.893864
2026-09-17T05:17:30.271959709Z,static,scaled,edge-files,200,2.557141
2026-09-17T05:17:30.33190367Z,static,scaled,edge-files,200,2.453199
2026-09-17T05:17:30.392425715Z,static,scaled,edge-files,200,2.854862
2026-09-17T05:17:30.452277353Z,static,scaled,edge-files,200,2.803483
2026-09-17T05:17:30.512385944Z,static,scaled,edge-files,200,2.597734
2026-09-17T05:17:30.572115095Z,static,scaled,edge-files,200,2.98388
2026-09-17T05:17:30.632760254Z,static,scaled,edge-files,200,3.05093
2026-09-17T05:17:30.692359065Z,static,scaled,edge-files,200,2.958363
2026-09-17T05:17:30.752515375Z,static,scaled,edge-files,200,3.254574
2026-09-17T05:17:30.812633182Z,static,scaled,edge-files,200,2.498923
2026-09-17T05:17:30.871658725Z,static,scaled,edge-files,200,2.46752
2026-09-17T05:17:30.932080412Z,static,scaled,edge-files,200,2.76915
2026-09-17T05:17:30.992458347Z,static,scaled,edge-files,200,2.55198
2026-09-17T05:17:31.051767148Z,static,scaled,edge-files,200,2.683434
2026-09-17T05:17:31.112441765Z,static,scaled,edge-files,200,2.628391
2026-09-17T05:17:31.17209182Z,static,scaled,edge-files,200,2.48085
2026-09-17T05:17:31.232532629Z,static,scaled,edge-files,200,2.90949
2026-09-17T05:17:31.292073428Z,static,scaled,edge-files,200,2.924402
2026-09-17T05:17:31.353020981Z,static,scaled,edge-files,200,3.111024
2026-09-17T05:17:31.412759721Z,static,scaled,edge-files,200,3.085622
2026-09-17T05:17:31.472227042Z,static,scaled,edge-files,200,2.912391
2026-09-17T05:17:31.532867467Z,static,scaled,edge-files,200,2.89863
2026-09-17T05:17:31.592583965Z,static,scaled,edge-files,200,2.885009
2026-09-17T05:17:31.652084219Z,static,scaled,edge-files,200,2.746719
2026-09-17T05:17:31.712497676Z,static,scaled,edge-files,200,2.872407
2026-09-17T05:17:31.772856661Z,static,scaled,edge-files,200,2.75623
2026-09-17T05:17:31.832679867Z,static,scaled,edge-files,200,3.116674
2026-09-17T05:17:31.893376704Z,static,scaled,edge-files,200,3.390704
2026-09-17T05:17:31.952261426Z,static,scaled,edge-files,200,2.836865
2026-09-17T05:17:32.013494981Z,static,scaled,edge-files,200,3.62382
2026-09-17T05:17:32.073139375Z,static,scaled,edge-files,200,2.932281
2026-09-17T05:17:32.132654491Z,static,scaled,edge-files,200,2.925482
2026-09-17T05:17:32.19241293Z,static,scaled,edge-files,200,3.122462
2026-09-17T05:17:32.251815552Z,static,scaled,edge-files,200,2.663344
2026-09-17T05:17:32.311796669Z,static,scaled,edge-files,200,2.418806
2026-09-17T05:17:32.371959856Z,static,scaled,edge-files,200,2.5262
2026-09-17T05:17:32.431923048Z,static,scaled,edge-files,200,2.417877
2026-09-17T05:17:32.492683068Z,static,scaled,edge-files,200,3.119525
2026-09-17T05:17:32.55205122Z,static,scaled,edge-files,200,2.649078
2026-09-17T05:17:32.612357394Z,static,scaled,edge-files,200,2.709407
2026-09-17T05:17:32.672320231Z,static,scaled,edge-files,200,2.340311
2026-09-17T05:17:32.732840246Z,static,scaled,edge-files,200,2.934501
2026-09-17T05:17:32.792831794Z,static,scaled,edge-files,200,3.156729
2026-09-17T05:17:32.851907429Z,static,scaled,edge-files,200,2.638391
2026-09-17T05:17:32.912035158Z,static,scaled,edge-files,200,2.531606
2026-09-17T05:17:32.972473047Z,static,scaled,edge-files,200,2.699436
2026-09-17T05:17:33.031885896Z,static,scaled,edge-files,200,2.748009
2026-09-17T05:17:33.092309683Z,static,scaled,edge-files,200,2.837215
2026-09-17T05:17:33.153003831Z,static,scaled,edge-files,200,3.018318
2026-09-17T05:17:33.212217595Z,static,scaled,edge-files,200,2.636471
2026-09-17T05:17:33.272790244Z,static,scaled,edge-files,200,2.997477
2026-09-17T05:17:33.331953376Z,static,scaled,edge-files,200,2.356913
2026-09-17T05:17:33.392297818Z,static,scaled,edge-files,200,2.775251
2026-09-17T05:17:33.451509142Z,static,scaled,edge-files,200,2.438577
2026-09-17T05:17:33.512449441Z,static,scaled,edge-files,200,2.448103
2026-09-17T05:17:33.572461097Z,static,scaled,edge-files,200,2.503002
2026-09-17T05:17:33.632779507Z,static,scaled,edge-files,200,2.829106
2026-09-17T05:17:33.692330325Z,static,scaled,edge-files,200,2.968644
2026-09-17T05:17:33.751546771Z,static,scaled,edge-files,200,2.482041
2026-09-17T05:17:33.812638746Z,static,scaled,edge-files,200,2.510983
2026-09-17T05:17:33.871739443Z,static,scaled,edge-files,200,2.610599
2026-09-17T05:17:33.932225505Z,static,scaled,edge-files,200,2.770431
2026-09-17T05:17:33.992654205Z,static,scaled,edge-files,200,2.950293
2026-09-17T05:17:34.051603622Z,static,scaled,edge-files,200,2.408687
2026-09-17T05:17:34.112493441Z,static,scaled,edge-files,200,3.115044
2026-09-17T05:17:34.17248759Z,static,scaled,edge-files,200,2.436748
2026-09-17T05:17:34.23313798Z,static,scaled,edge-files,200,2.90661
2026-09-17T05:17:34.292575485Z,static,scaled,edge-files,200,2.995337
2026-09-17T05:17:34.351460617Z,static,scaled,edge-files,200,2.17324
2026-09-17T05:17:34.41254013Z,static,scaled,edge-files,200,2.538795
2026-09-17T05:17:34.472615975Z,static,scaled,edge-files,200,2.595849
2026-09-17T05:17:34.532030539Z,static,scaled,edge-files,200,2.659089
2026-09-17T05:17:34.592100877Z,static,scaled,edge-files,200,2.583778
2026-09-17T05:17:34.65230629Z,static,scaled,edge-files,200,2.554005
2026-09-17T05:17:34.712576789Z,static,scaled,edge-files,200,2.718967
2026-09-17T05:17:34.771773723Z,static,scaled,edge-files,200,2.542685
2026-09-17T05:17:34.832207992Z,static,scaled,edge-files,200,2.885849
2026-09-17T05:17:34.892507923Z,static,scaled,edge-files,200,2.62338
2026-09-17T05:17:34.952066351Z,static,scaled,edge-files,200,2.628162
2026-09-17T05:17:35.012041008Z,static,scaled,edge-files,200,2.47348
2026-09-17T05:17:35.071976662Z,static,scaled,edge-files,200,2.407535
2026-09-17T05:17:35.132095169Z,static,scaled,edge-files,200,2.62243
2026-09-17T05:17:35.192425212Z,static,scaled,edge-files,200,2.770491
2026-09-17T05:17:35.25183893Z,static,scaled,edge-files,200,2.48324
2026-09-17T05:17:35.312089736Z,static,scaled,edge-files,200,2.667584
2026-09-17T05:17:35.372141209Z,static,scaled,edge-files,200,2.557066
2026-09-17T05:17:35.432588078Z,static,scaled,edge-files,200,2.972805
2026-09-17T05:17:35.493247522Z,static,scaled,edge-files,200,3.080983
2026-09-17T05:17:35.553709559Z,static,scaled,edge-files,200,3.670741
2026-09-17T05:17:35.611705235Z,static,scaled,edge-files,200,2.583463
2026-09-17T05:17:35.671719865Z,static,scaled,edge-files,200,2.53846
2026-09-17T05:17:35.731900015Z,static,scaled,edge-files,200,2.645448
2026-09-17T05:17:35.792397827Z,static,scaled,edge-files,200,2.857089
2026-09-17T05:17:35.851523865Z,static,scaled,edge-files,200,2.463624
2026-09-17T05:17:35.913172121Z,static,scaled,edge-files,200,3.062838
2026-09-17T05:17:35.972227061Z,static,scaled,edge-files,200,2.430422
2026-09-17T05:17:36.032418809Z,static,scaled,edge-files,200,2.584918
2026-09-17T05:17:36.093106718Z,static,scaled,edge-files,200,3.157181
2026-09-17T05:17:36.152169073Z,static,scaled,edge-files,200,2.601365
2026-09-17T05:17:36.211981678Z,static,scaled,edge-files,200,2.326815
2026-09-17T05:17:36.274039727Z,static,scaled,edge-files,200,4.200054
2026-09-17T05:17:36.332995886Z,static,scaled,edge-files,200,3.391181
2026-09-17T05:17:36.392081999Z,static,scaled,edge-files,200,2.491656
2026-09-17T05:17:36.452427102Z,static,scaled,edge-files,200,2.482996
2026-09-17T05:17:36.512322412Z,static,scaled,edge-files,200,2.403591
2026-09-17T05:17:36.571627072Z,static,scaled,edge-files,200,2.530079
2026-09-17T05:17:36.631947543Z,static,scaled,edge-files,200,2.875624
2026-09-17T05:17:36.692228498Z,static,scaled,edge-files,200,2.608672
2026-09-17T05:17:36.752662171Z,static,scaled,edge-files,200,2.709102
2026-09-17T05:17:36.811841381Z,static,scaled,edge-files,200,2.740045
2026-09-17T05:17:36.87240731Z,static,scaled,edge-files,200,2.979371
2026-09-17T05:17:36.933007479Z,static,scaled,edge-files,200,2.973331
2026-09-17T05:17:36.992015983Z,static,scaled,edge-files,200,2.587289
2026-09-17T05:17:37.052090301Z,static,scaled,edge-files,200,2.412642
2026-09-17T05:17:37.112156546Z,static,scaled,edge-files,200,2.480277
2026-09-17T05:17:37.172584463Z,static,scaled,edge-files,200,2.82201
2026-09-17T05:17:37.233009732Z,static,scaled,edge-files,200,2.96021
2026-09-17T05:17:37.292770203Z,static,scaled,edge-files,200,2.938539
2026-09-17T05:17:37.352631072Z,static,scaled,edge-files,200,3.036385
2026-09-17T05:17:37.412669884Z,static,scaled,edge-files,200,2.485867
2026-09-17T05:17:37.472333847Z,static,scaled,edge-files,200,2.987732
2026-09-17T05:17:37.53267726Z,static,scaled,edge-files,200,2.695361
2026-09-17T05:17:37.5921592Z,static,scaled,edge-files,200,2.709212
2026-09-17T05:17:37.653155845Z,static,scaled,edge-files,200,2.907311
2026-09-17T05:17:37.712039618Z,static,scaled,edge-files,200,2.456695
2026-09-17T05:17:37.77222138Z,static,scaled,edge-files,200,2.592754
2026-09-17T05:17:37.833027525Z,static,scaled,edge-files,200,3.10214
2026-09-17T05:17:37.892753205Z,static,scaled,edge-files,200,3.09737
2026-09-17T05:17:37.952061773Z,static,scaled,edge-files,200,2.656759
2026-09-17T05:17:38.012392255Z,static,scaled,edge-files,200,2.647568
2026-09-17T05:17:38.072581158Z,static,scaled,edge-files,200,2.584684
2026-09-17T05:17:38.132058668Z,static,scaled,edge-files,200,2.894245
2026-09-17T05:17:38.192432724Z,static,scaled,edge-files,200,2.703502
2026-09-17T05:17:38.251586851Z,static,scaled,edge-files,200,2.409581
2026-09-17T05:17:38.312496445Z,static,scaled,edge-files,200,2.304384
2026-09-17T05:17:38.372181409Z,static,scaled,edge-files,200,2.760545
2026-09-17T05:17:38.432796492Z,static,scaled,edge-files,200,2.914657
2026-09-17T05:17:38.492219349Z,static,scaled,edge-files,200,2.808179
2026-09-17T05:17:38.552491993Z,static,scaled,edge-files,200,2.545337
2026-09-17T05:17:38.612693999Z,static,scaled,edge-files,200,2.731414
2026-09-17T05:17:38.6727232Z,static,scaled,edge-files,200,3.168715
2026-09-17T05:17:38.732257516Z,static,scaled,edge-files,200,3.102931
2026-09-17T05:17:38.792816679Z,static,scaled,edge-files,200,2.780814
2026-09-17T05:17:38.852312216Z,static,scaled,edge-files,200,2.738385
2026-09-17T05:17:38.912790818Z,static,scaled,edge-files,200,2.941609
2026-09-17T05:17:38.972077206Z,static,scaled,edge-files,200,2.931908
2026-09-17T05:17:39.032565258Z,static,scaled,edge-files,200,2.890865
2026-09-17T05:17:39.094113887Z,static,scaled,edge-files,200,3.898777
2026-09-17T05:17:39.152727706Z,static,scaled,edge-files,200,2.838091
2026-09-17T05:17:39.212275723Z,static,scaled,edge-files,200,2.886775
2026-09-17T05:17:39.273009119Z,static,scaled,edge-files,200,2.951546
2026-09-17T05:17:39.333076286Z,static,scaled,edge-files,200,3.581854
2026-09-17T05:17:39.392330951Z,static,scaled,edge-files,200,2.759366
2026-09-17T05:17:39.451680653Z,static,scaled,edge-files,200,2.435992
2026-09-17T05:17:39.512040578Z,static,scaled,edge-files,200,2.93952
2026-09-17T05:17:39.572992092Z,static,scaled,edge-files,200,3.042685
2026-09-17T05:17:39.633035444Z,static,scaled,edge-files,200,3.462627
2026-09-17T05:17:39.692548513Z,static,scaled,edge-files,200,2.801674
2026-09-17T05:17:39.75188758Z,static,scaled,edge-files,200,2.735074
2026-09-17T05:17:39.812834874Z,static,scaled,edge-files,200,3.301104
2026-09-17T05:17:39.873086681Z,static,scaled,edge-files,200,3.501539
2026-09-17T05:17:39.932918663Z,static,scaled,edge-files,200,3.294
2026-09-17T05:17:39.992122659Z,static,scaled,edge-files,200,2.652618
2026-09-17T05:17:40.052450331Z,static,scaled,edge-files,200,2.581743
2026-09-17T05:17:40.113039671Z,static,scaled,edge-files,200,2.929964
2026-09-17T05:17:40.172509471Z,static,scaled,edge-files,200,2.854493
2026-09-17T05:17:40.231663678Z,static,scaled,edge-files,200,2.459094
2026-09-17T05:17:40.291519898Z,static,scaled,edge-files,200,2.441693
2026-09-17T05:17:40.351796709Z,static,scaled,edge-files,200,2.499292
2026-09-17T05:17:40.412289708Z,static,scaled,edge-files,200,2.693241
2026-09-17T05:17:40.472944382Z,static,scaled,edge-files,200,2.81606
2026-09-17T05:17:40.532644049Z,static,scaled,edge-files,200,2.979741
2026-09-17T05:17:40.592071086Z,static,scaled,edge-files,200,2.726474
2026-09-17T05:17:40.652413849Z,static,scaled,edge-files,200,2.555081
2026-09-17T05:17:40.712798004Z,static,scaled,edge-files,200,2.779038
2026-09-17T05:17:40.771825794Z,static,scaled,edge-files,200,2.489647
2026-09-17T05:17:40.832345766Z,static,scaled,edge-files,200,2.937734
2026-09-17T05:17:40.892430475Z,static,scaled,edge-files,200,2.598784
2026-09-17T05:17:40.951673258Z,static,scaled,edge-files,200,2.369988
2026-09-17T05:17:41.012007746Z,static,scaled,edge-files,200,2.877499
2026-09-17T05:17:41.072962636Z,static,scaled,edge-files,200,3.37392
2026-09-17T05:17:41.132103133Z,static,scaled,edge-files,200,2.511478
2026-09-17T05:17:41.192096182Z,static,scaled,edge-files,200,2.502767
2026-09-17T05:17:41.252291643Z,static,scaled,edge-files,200,2.449804
2026-09-17T05:17:41.312571392Z,static,scaled,edge-files,200,2.620645
2026-09-17T05:17:41.371966056Z,static,scaled,edge-files,200,2.698012
2026-09-17T05:17:41.432956115Z,static,scaled,edge-files,200,3.434893
2026-09-17T05:17:41.492176074Z,static,scaled,edge-files,200,2.780814
2026-09-17T05:17:41.552189677Z,static,scaled,edge-files,200,2.379249
2026-09-17T05:17:41.612751685Z,static,scaled,edge-files,200,2.722433
2026-09-17T05:17:41.672595307Z,static,scaled,edge-files,200,3.063383
2026-09-17T05:17:41.731496305Z,static,scaled,edge-files,200,2.412681
2026-09-17T05:17:41.792377508Z,static,scaled,edge-files,200,2.409796
2026-09-17T05:17:41.851817812Z,static,scaled,edge-files,200,2.475535
2026-09-17T05:17:41.91310143Z,static,scaled,edge-files,200,3.627427
2026-09-17T05:17:41.972209556Z,static,scaled,edge-files,200,2.655548
2026-09-17T05:17:42.032992908Z,static,scaled,edge-files,200,3.039036
2026-09-17T05:17:42.092164278Z,static,scaled,edge-files,200,2.622996
2026-09-17T05:17:42.152409616Z,static,scaled,edge-files,200,2.572042
2026-09-17T05:17:42.212843784Z,static,scaled,edge-files,200,2.890155
2026-09-17T05:17:42.272410262Z,static,scaled,edge-files,200,2.930668
2026-09-17T05:17:42.332712201Z,static,scaled,edge-files,200,2.659339
2026-09-17T05:17:42.391814796Z,static,scaled,edge-files,200,2.467115
2026-09-17T05:17:42.452255145Z,static,scaled,edge-files,200,2.620896
2026-09-17T05:17:42.512497021Z,static,scaled,edge-files,200,2.729164
2026-09-17T05:17:42.572191677Z,static,scaled,edge-files,200,3.052897
2026-09-17T05:17:42.633697022Z,static,scaled,edge-files,200,3.849813
2026-09-17T05:17:42.691417058Z,static,scaled,edge-files,200,2.274502
2026-09-17T05:17:42.752836098Z,static,scaled,edge-files,200,2.752095
2026-09-17T05:17:42.812183741Z,static,scaled,edge-files,200,2.678371
2026-09-17T05:17:42.873219782Z,static,scaled,edge-files,200,3.092105
2026-09-17T05:17:42.932237111Z,static,scaled,edge-files,200,2.461466
2026-09-17T05:17:42.992485155Z,static,scaled,edge-files,200,2.498137
2026-09-17T05:17:43.052014426Z,static,scaled,edge-files,200,2.548196
2026-09-17T05:17:43.112408728Z,static,scaled,edge-files,200,2.759655
2026-09-17T05:17:43.173164598Z,static,scaled,edge-files,200,3.044036
2026-09-17T05:17:43.232367799Z,static,scaled,edge-files,200,2.598514
2026-09-17T05:17:43.292380539Z,static,scaled,edge-files,200,2.411151
2026-09-17T05:17:43.353208689Z,static,scaled,edge-files,200,3.66963
2026-09-17T05:17:43.412380956Z,static,scaled,edge-files,200,2.661209
2026-09-17T05:17:43.47146378Z,static,scaled,edge-files,200,2.3864
2026-09-17T05:17:43.531788728Z,static,scaled,edge-files,200,2.608374
2026-09-17T05:17:43.591785167Z,static,scaled,edge-files,200,2.459714
2026-09-17T05:17:43.652352594Z,static,scaled,edge-files,200,2.593963
2026-09-17T05:17:43.712629824Z,static,scaled,edge-files,200,2.674399
2026-09-17T05:17:43.772394827Z,static,scaled,edge-files,200,2.873372
2026-09-17T05:17:43.83230385Z,static,scaled,edge-files,200,2.39848
2026-09-17T05:17:43.89258041Z,static,scaled,edge-files,200,2.462395
2026-09-17T05:17:43.951929496Z,static,scaled,edge-files,200,2.554815
2026-09-17T05:17:44.012530493Z,static,scaled,edge-files,200,2.903144
2026-09-17T05:17:44.07158709Z,static,scaled,edge-files,200,2.313405
2026-09-17T05:17:44.133317403Z,static,scaled,edge-files,200,3.95458
2026-09-17T05:17:44.192176001Z,static,scaled,edge-files,200,2.961968
2026-09-17T05:17:44.252270107Z,static,scaled,edge-files,200,2.343477
2026-09-17T05:17:44.312493981Z,static,scaled,edge-files,200,2.714792
2026-09-17T05:17:44.37306931Z,static,scaled,edge-files,200,2.940637
2026-09-17T05:17:44.432135707Z,static,scaled,edge-files,200,2.635326
2026-09-17T05:17:44.492419325Z,static,scaled,edge-files,200,2.873642
2026-09-17T05:17:44.551710569Z,static,scaled,edge-files,200,2.641727
2026-09-17T05:17:44.611787067Z,static,scaled,edge-files,200,2.699115
2026-09-17T05:17:44.672253342Z,static,scaled,edge-files,200,2.68733
2026-09-17T05:17:44.732450036Z,static,scaled,edge-files,200,2.54077
2026-09-17T05:17:44.792568593Z,static,scaled,edge-files,200,2.587263
2026-09-17T05:17:44.852030648Z,static,scaled,edge-files,200,2.755644
2026-09-17T05:17:44.912334857Z,static,scaled,edge-files,200,2.745014
2026-09-17T05:17:44.972932517Z,static,scaled,edge-files,200,2.953347
2026-09-17T05:17:45.032337632Z,static,scaled,edge-files,200,2.786981
2026-09-17T05:17:45.09268109Z,static,scaled,edge-files,200,2.789016
2026-09-17T05:17:45.152289993Z,static,scaled,edge-files,200,2.750394
2026-09-17T05:17:45.212790317Z,static,scaled,edge-files,200,2.912154
2026-09-17T05:17:45.271735435Z,static,scaled,edge-files,200,2.440843
2026-09-17T05:17:45.331941918Z,static,scaled,edge-files,200,2.449794
2026-09-17T05:17:45.392165474Z,static,scaled,edge-files,200,2.663368
2026-09-17T05:17:45.452426857Z,static,scaled,edge-files,200,2.520098
2026-09-17T05:17:45.512670914Z,static,scaled,edge-files,200,2.775346
2026-09-17T05:17:45.57207159Z,static,scaled,edge-files,200,2.584978
2026-09-17T05:17:45.63212682Z,static,scaled,edge-files,200,2.559361
2026-09-17T05:17:45.692260778Z,static,scaled,edge-files,200,2.563181
2026-09-17T05:17:45.752863059Z,static,scaled,edge-files,200,2.777596
2026-09-17T05:17:45.812412518Z,static,scaled,edge-files,200,2.965199
2026-09-17T05:17:45.872894721Z,static,scaled,edge-files,200,2.912865
2026-09-17T05:17:45.932373955Z,static,scaled,edge-files,200,2.803618
2026-09-17T05:17:45.992571247Z,static,scaled,edge-files,200,2.663658
2026-09-17T05:17:46.053090273Z,static,scaled,edge-files,200,3.538516
2026-09-17T05:17:46.112873758Z,static,scaled,edge-files,200,3.281799
2026-09-17T05:17:46.172317349Z,static,scaled,edge-files,200,2.631995
2026-09-17T05:17:46.232642157Z,static,scaled,edge-files,200,2.706386
2026-09-17T05:17:46.292297438Z,static,scaled,edge-files,200,3.06041
2026-09-17T05:17:46.352720226Z,static,scaled,edge-files,200,2.681049
2026-09-17T05:17:46.413065899Z,static,scaled,edge-files,200,3.571848
2026-09-17T05:17:46.472925294Z,static,scaled,edge-files,200,2.785141
2026-09-17T05:17:46.533245209Z,static,scaled,edge-files,200,3.666844
2026-09-17T05:17:46.592921809Z,static,scaled,edge-files,200,2.910905
2026-09-17T05:17:46.652487965Z,static,scaled,edge-files,200,2.774626
2026-09-17T05:17:46.713123129Z,static,scaled,edge-files,200,3.079896
2026-09-17T05:17:46.773024418Z,static,scaled,edge-files,200,3.120703
2026-09-17T05:17:46.832529851Z,static,scaled,edge-files,200,2.746864
2026-09-17T05:17:46.892872944Z,static,scaled,edge-files,200,2.69902
2026-09-17T05:17:46.95356039Z,static,scaled,edge-files,200,3.683076
2026-09-17T05:17:47.012156865Z,static,scaled,edge-files,200,2.985305
2026-09-17T05:17:47.072615576Z,static,scaled,edge-files,200,2.970339
2026-09-17T05:17:47.132318275Z,static,scaled,edge-files,200,2.982799
2026-09-17T05:17:47.193228554Z,static,scaled,edge-files,200,3.088756
2026-09-17T05:17:47.253007786Z,static,scaled,edge-files,200,2.833575
2026-09-17T05:17:47.312367608Z,static,scaled,edge-files,200,2.914195
2026-09-17T05:17:47.372741202Z,static,scaled,edge-files,200,2.781115
2026-09-17T05:17:47.432406191Z,static,scaled,edge-files,200,2.935776
2026-09-17T05:17:47.49270893Z,static,scaled,edge-files,200,2.667288
2026-09-17T05:17:47.552313084Z,static,scaled,edge-files,200,2.730202
2026-09-17T05:17:47.612546619Z,static,scaled,edge-files,200,2.648127
2026-09-17T05:17:47.671717513Z,static,scaled,edge-files,200,2.657307
2026-09-17T05:17:47.731603126Z,static,scaled,edge-files,200,2.426902
2026-09-17T05:17:47.792770543Z,static,scaled,edge-files,200,2.636406
2026-09-17T05:17:47.852002111Z,static,scaled,edge-files,200,2.870092
2026-09-17T05:17:47.912413799Z,static,scaled,edge-files,200,2.8452
2026-09-17T05:17:47.972555846Z,static,scaled,edge-files,200,2.464065
2026-09-17T05:17:48.03184901Z,static,scaled,edge-files,200,2.423232
2026-09-17T05:17:48.092471782Z,static,scaled,edge-files,200,3.005161
2026-09-17T05:17:48.152849912Z,static,scaled,edge-files,200,3.458517
2026-09-17T05:17:48.212307264Z,static,scaled,edge-files,200,2.853605
2026-09-17T05:17:48.272777232Z,static,scaled,edge-files,200,2.808668
2026-09-17T05:17:48.332095605Z,static,scaled,edge-files,200,2.603904
2026-09-17T05:17:48.392313484Z,static,scaled,edge-files,200,2.700395
2026-09-17T05:17:48.454005082Z,static,scaled,edge-files,200,4.665392
2026-09-17T05:17:48.511926942Z,static,scaled,edge-files,200,2.344457
2026-09-17T05:17:48.5723342Z,static,scaled,edge-files,200,2.85274
2026-09-17T05:17:48.632224062Z,static,scaled,edge-files,200,2.256311
2026-09-17T05:17:48.692642419Z,static,scaled,edge-files,200,2.678899
2026-09-17T05:17:48.752190885Z,static,scaled,edge-files,200,2.61877
2026-09-17T05:17:48.812440045Z,static,scaled,edge-files,200,2.648137
2026-09-17T05:17:48.87136197Z,static,scaled,edge-files,200,2.507517
2026-09-17T05:17:48.931833062Z,static,scaled,edge-files,200,2.70453
2026-09-17T05:17:48.991170148Z,static,scaled,edge-files,200,2.737573
2026-09-17T05:17:49.051722582Z,static,scaled,edge-files,200,2.763924
2026-09-17T05:17:49.111801228Z,static,scaled,edge-files,200,3.053904
2026-09-17T05:17:49.171427289Z,static,scaled,edge-files,200,2.934832
2026-09-17T05:17:49.231455725Z,static,scaled,edge-files,200,2.433643
2026-09-17T05:17:49.291008576Z,static,scaled,edge-files,200,2.7012
2026-09-17T05:17:49.35153232Z,static,scaled,edge-files,200,2.645318
2026-09-17T05:17:49.411009684Z,static,scaled,edge-files,200,2.732862
2026-09-17T05:17:49.470692864Z,static,scaled,edge-files,200,2.182471
2026-09-17T05:17:49.531074758Z,static,scaled,edge-files,200,2.589663
2026-09-17T05:17:49.592085575Z,static,scaled,edge-files,200,3.260608
2026-09-17T05:17:49.65154979Z,static,scaled,edge-files,200,2.718752
2026-09-17T05:17:49.710398602Z,static,scaled,edge-files,200,2.318965
2026-09-17T05:17:49.771012694Z,static,scaled,edge-files,200,2.747423
2026-09-17T05:17:49.831120381Z,static,scaled,edge-files,200,2.417322
2026-09-17T05:17:49.891437121Z,static,scaled,edge-files,200,2.859451
2026-09-17T05:17:49.950491268Z,static,scaled,edge-files,200,2.407231
2026-09-17T05:17:50.011624853Z,static,scaled,edge-files,200,2.518988
2026-09-17T05:17:50.070716241Z,static,scaled,edge-files,200,2.651427
2026-09-17T05:17:50.131184204Z,static,scaled,edge-files,200,3.068175
2026-09-17T05:17:50.191523225Z,static,scaled,edge-files,200,2.798737
2026-09-17T05:17:50.250713681Z,static,scaled,edge-files,200,2.55344
2026-09-17T05:17:50.31054079Z,static,scaled,edge-files,200,2.417762
2026-09-17T05:17:50.370528864Z,static,scaled,edge-files,200,2.445253
2026-09-17T05:17:50.430798043Z,static,scaled,edge-files,200,2.70119
2026-09-17T05:17:50.490996358Z,static,scaled,edge-files,200,2.721122
2026-09-17T05:17:50.551655973Z,static,scaled,edge-files,200,2.774155
2026-09-17T05:17:50.610509675Z,static,scaled,edge-files,200,2.435272
2026-09-17T05:17:50.671541535Z,static,scaled,edge-files,200,2.464555
2026-09-17T05:17:50.731826063Z,static,scaled,edge-files,200,2.750494
2026-09-17T05:17:50.791225913Z,static,scaled,edge-files,200,2.819919
2026-09-17T05:17:50.851761318Z,static,scaled,edge-files,200,2.748673
2026-09-17T05:17:50.910797083Z,static,scaled,edge-files,200,2.517149
2026-09-17T05:17:50.971120926Z,static,scaled,edge-files,200,2.760584
2026-09-17T05:17:51.031367141Z,static,scaled,edge-files,200,2.773565
2026-09-17T05:17:51.091714394Z,static,scaled,edge-files,200,2.774006
2026-09-17T05:17:51.151373781Z,static,scaled,edge-files,200,2.777615
2026-09-17T05:17:51.210607178Z,static,scaled,edge-files,200,2.448434
2026-09-17T05:17:51.270791591Z,static,scaled,edge-files,200,2.622125
2026-09-17T05:17:51.330987655Z,static,scaled,edge-files,200,2.717992
2026-09-17T05:17:51.39168144Z,static,scaled,edge-files,200,2.917595
2026-09-17T05:17:51.45124746Z,static,scaled,edge-files,200,2.576871
2026-09-17T05:17:51.511435024Z,static,scaled,edge-files,200,2.679929
2026-09-17T05:17:51.571378644Z,static,scaled,edge-files,200,2.95554
2026-09-17T05:17:51.631708041Z,static,scaled,edge-files,200,2.886688
2026-09-17T05:17:51.691284047Z,static,scaled,edge-files,200,3.127648
2026-09-17T05:17:51.751912287Z,static,scaled,edge-files,200,2.810336
2026-09-17T05:17:51.810917389Z,static,scaled,edge-files,200,2.479475
2026-09-17T05:17:51.871174625Z,static,scaled,edge-files,200,2.7078
2026-09-17T05:17:51.931476273Z,static,scaled,edge-files,200,2.789566
2026-09-17T05:17:51.992373191Z,static,scaled,edge-files,200,3.402617
2026-09-17T05:17:52.050620143Z,static,scaled,edge-files,200,2.500076
2026-09-17T05:17:52.110703848Z,static,scaled,edge-files,200,2.623374
2026-09-17T05:17:52.171110893Z,static,scaled,edge-files,200,2.970818
2026-09-17T05:17:52.231476736Z,static,scaled,edge-files,200,2.678289
2026-09-17T05:17:52.291935706Z,static,scaled,edge-files,200,3.670173
2026-09-17T05:17:52.351436732Z,static,scaled,edge-files,200,2.758753
2026-09-17T05:17:52.411634954Z,static,scaled,edge-files,200,2.626424
2026-09-17T05:17:52.470928015Z,static,scaled,edge-files,200,2.665668
2026-09-17T05:17:52.531522674Z,static,scaled,edge-files,200,3.025901
2026-09-17T05:17:52.592467266Z,static,scaled,edge-files,200,4.287555
2026-09-17T05:17:52.650303997Z,static,scaled,edge-files,200,2.258706
2026-09-17T05:17:52.711590586Z,static,scaled,edge-files,200,2.644055
2026-09-17T05:17:52.770614596Z,static,scaled,edge-files,200,2.490631
2026-09-17T05:17:52.831731172Z,static,scaled,edge-files,200,2.673568
2026-09-17T05:17:52.890935078Z,static,scaled,edge-files,200,2.634346
2026-09-17T05:17:52.951040754Z,static,scaled,edge-files,200,2.543259
2026-09-17T05:17:53.011097027Z,static,scaled,edge-files,200,2.504767
2026-09-17T05:17:53.071534295Z,static,scaled,edge-files,200,2.56787
2026-09-17T05:17:53.13087983Z,static,scaled,edge-files,200,2.775476
2026-09-17T05:17:53.191396514Z,static,scaled,edge-files,200,2.939126
2026-09-17T05:17:53.250620351Z,static,scaled,edge-files,200,2.395369
2026-09-17T05:17:53.311031996Z,static,scaled,edge-files,200,2.701689
2026-09-17T05:17:53.371249469Z,static,scaled,edge-files,200,2.71358
2026-09-17T05:17:53.431611481Z,static,scaled,edge-files,200,2.803647
2026-09-17T05:17:53.492068881Z,static,scaled,edge-files,200,2.958956
2026-09-17T05:17:53.551777351Z,static,scaled,edge-files,200,2.622374
2026-09-17T05:17:53.611083894Z,static,scaled,edge-files,200,2.778464
2026-09-17T05:17:53.671710834Z,static,scaled,edge-files,200,3.028301
2026-09-17T05:17:53.731645609Z,static,scaled,edge-files,200,3.497323
2026-09-17T05:17:53.791860043Z,static,scaled,edge-files,200,3.210454
2026-09-17T05:17:53.85153658Z,static,scaled,edge-files,200,2.843739
2026-09-17T05:17:53.911762214Z,static,scaled,edge-files,200,2.615674
2026-09-17T05:17:53.971277401Z,static,scaled,edge-files,200,2.612153
2026-09-17T05:17:54.031915263Z,static,scaled,edge-files,200,2.991778
2026-09-17T05:17:54.090955778Z,static,scaled,edge-files,200,2.395988
2026-09-17T05:17:54.151228785Z,static,scaled,edge-files,200,2.261641
2026-09-17T05:17:54.21206897Z,static,scaled,edge-files,200,3.024591
2026-09-17T05:17:54.271818683Z,static,scaled,edge-files,200,2.807937
2026-09-17T05:17:54.331442267Z,static,scaled,edge-files,200,2.943216
2026-09-17T05:17:54.39074673Z,static,scaled,edge-files,200,2.55855
2026-09-17T05:17:54.451033208Z,static,scaled,edge-files,200,2.689769
2026-09-17T05:17:54.512082337Z,static,scaled,edge-files,200,3.363393
2026-09-17T05:17:54.572274239Z,static,scaled,edge-files,200,3.6081
2026-09-17T05:17:54.631665208Z,static,scaled,edge-files,200,2.689172
2026-09-17T05:17:54.69095693Z,static,scaled,edge-files,200,2.821488
2026-09-17T05:17:54.751584317Z,static,scaled,edge-files,200,2.834234
2026-09-17T05:17:54.811248757Z,static,scaled,edge-files,200,2.751503
2026-09-17T05:17:54.87220974Z,static,scaled,edge-files,200,3.276617
2026-09-17T05:17:54.932027017Z,static,scaled,edge-files,200,3.16682
2026-09-17T05:17:54.991680063Z,static,scaled,edge-files,200,3.059893
2026-09-17T05:17:55.050860418Z,static,scaled,edge-files,200,2.575391
2026-09-17T05:17:55.111584805Z,static,scaled,edge-files,200,2.976128
2026-09-17T05:17:55.171339378Z,static,scaled,edge-files,200,2.946776
2026-09-17T05:17:55.231920036Z,static,scaled,edge-files,200,3.035772
2026-09-17T05:17:55.291432923Z,static,scaled,edge-files,200,2.845279
2026-09-17T05:17:55.351941545Z,static,scaled,edge-files,200,2.845849
2026-09-17T05:17:55.411257208Z,static,scaled,edge-files,200,2.662107
2026-09-17T05:17:55.471892619Z,static,scaled,edge-files,200,3.164719
2026-09-17T05:17:55.531271427Z,static,scaled,edge-files,200,2.700249
2026-09-17T05:17:55.591451699Z,static,scaled,edge-files,200,2.614644
2026-09-17T05:17:55.650705537Z,static,scaled,edge-files,200,2.678037
2026-09-17T05:17:55.710816293Z,static,scaled,edge-files,200,2.501846
2026-09-17T05:17:55.771213098Z,static,scaled,edge-files,200,2.883161
2026-09-17T05:17:55.831636164Z,static,scaled,edge-files,200,2.891302
2026-09-17T05:17:55.891071036Z,static,scaled,edge-files,200,2.893282
2026-09-17T05:17:55.951785033Z,static,scaled,edge-files,200,2.909359
2026-09-17T05:17:56.01100793Z,static,scaled,edge-files,200,2.717901
2026-09-17T05:17:56.07133048Z,static,scaled,edge-files,200,2.740422
2026-09-17T05:17:56.13149918Z,static,scaled,edge-files,200,2.637825
2026-09-17T05:17:56.191354158Z,static,scaled,edge-files,200,2.427392
2026-09-17T05:17:56.250710297Z,static,scaled,edge-files,200,2.611774
2026-09-17T05:17:56.310954063Z,static,scaled,edge-files,200,2.787696
2026-09-17T05:17:56.37097768Z,static,scaled,edge-files,200,2.571587
2026-09-17T05:17:56.431058159Z,static,scaled,edge-files,200,2.53809
2026-09-17T05:17:56.491040399Z,static,scaled,edge-files,200,2.425622
2026-09-17T05:17:56.551208034Z,static,scaled,edge-files,200,2.48098
2026-09-17T05:17:56.611743944Z,static,scaled,edge-files,200,2.858861
2026-09-17T05:17:56.670711665Z,static,scaled,edge-files,200,2.624795
2026-09-17T05:17:56.730936048Z,static,scaled,edge-files,200,2.532939
2026-09-17T05:17:56.790865932Z,static,scaled,edge-files,200,2.481156
2026-09-17T05:17:56.851377928Z,static,scaled,edge-files,200,2.590953
2026-09-17T05:17:56.911755733Z,static,scaled,edge-files,200,2.766575
2026-09-17T05:17:56.971223068Z,static,scaled,edge-files,200,2.919605
2026-09-17T05:17:57.03186594Z,static,scaled,edge-files,200,3.051764
2026-09-17T05:17:57.091506096Z,static,scaled,edge-files,200,3.016272
2026-09-17T05:17:57.150903969Z,static,scaled,edge-files,200,2.584913
2026-09-17T05:17:57.21093914Z,static,scaled,edge-files,200,2.524828
2026-09-17T05:17:57.271109412Z,static,scaled,edge-files,200,2.589833
2026-09-17T05:17:57.331207667Z,static,scaled,edge-files,200,2.640016
2026-09-17T05:17:57.391479165Z,static,scaled,edge-files,200,2.754784
2026-09-17T05:17:57.451460795Z,static,scaled,edge-files,200,3.335203
2026-09-17T05:17:57.511701359Z,static,scaled,edge-files,200,2.583592
2026-09-17T05:17:57.570710471Z,static,scaled,edge-files,200,2.577742
2026-09-17T05:17:57.63076211Z,static,scaled,edge-files,200,2.47272
2026-09-17T05:17:57.691180892Z,static,scaled,edge-files,200,2.926416
2026-09-17T05:17:57.751585628Z,static,scaled,edge-files,200,2.682799
2026-09-17T05:17:57.811719286Z,static,scaled,edge-files,200,2.646826
2026-09-17T05:17:57.871176929Z,static,scaled,edge-files,200,2.909634
2026-09-17T05:17:57.931299986Z,static,scaled,edge-files,200,2.559851
2026-09-17T05:17:57.991533272Z,static,scaled,edge-files,200,2.730402
2026-09-17T05:17:58.050820194Z,static,scaled,edge-files,200,2.552324
2026-09-17T05:17:58.110952002Z,static,scaled,edge-files,200,2.581512
2026-09-17T05:17:58.171040139Z,static,scaled,edge-files,200,2.570832
2026-09-17T05:17:58.231182373Z,static,scaled,edge-files,200,2.574808
2026-09-17T05:17:58.291153877Z,static,scaled,edge-files,200,2.54899
2026-09-17T05:17:58.351475949Z,static,scaled,edge-files,200,2.605104
2026-09-17T05:17:58.411886919Z,static,scaled,edge-files,200,2.829399
2026-09-17T05:17:58.471353902Z,static,scaled,edge-files,200,2.946356
2026-09-17T05:17:58.531512572Z,static,scaled,edge-files,200,2.542189
2026-09-17T05:17:58.591571485Z,static,scaled,edge-files,200,2.489606
2026-09-17T05:17:58.650584189Z,static,scaled,edge-files,200,2.447498
2026-09-17T05:17:58.711808609Z,static,scaled,edge-files,200,2.825769
2026-09-17T05:17:58.771130523Z,static,scaled,edge-files,200,2.888182
2026-09-17T05:17:58.831043898Z,static,scaled,edge-files,200,2.371378
2026-09-17T05:17:58.891619835Z,static,scaled,edge-files,200,2.951407
2026-09-17T05:17:58.950793891Z,static,scaled,edge-files,200,2.423381
2026-09-17T05:17:59.011501458Z,static,scaled,edge-files,200,3.087896
2026-09-17T05:17:59.071766334Z,static,scaled,edge-files,200,2.735423
2026-09-17T05:17:59.130847192Z,static,scaled,edge-files,200,2.444124
2026-09-17T05:17:59.190633138Z,static,scaled,edge-files,200,2.40163
2026-09-17T05:17:59.2518832Z,static,scaled,edge-files,200,3.216734
2026-09-17T05:17:59.310918205Z,static,scaled,edge-files,200,2.474996
2026-09-17T05:17:59.371254483Z,static,scaled,edge-files,200,2.707757
2026-09-17T05:17:59.43176411Z,static,scaled,edge-files,200,2.912715
2026-09-17T05:17:59.490902743Z,static,scaled,edge-files,200,2.520608
2026-09-17T05:17:59.55215757Z,static,scaled,edge-files,200,3.179007
2026-09-17T05:17:59.611215296Z,static,scaled,edge-files,200,2.689559
2026-09-17T05:17:59.671839447Z,static,scaled,edge-files,200,2.894234
2026-09-17T05:17:59.730835569Z,static,scaled,edge-files,200,2.641217
2026-09-17T05:17:59.79087182Z,static,scaled,edge-files,200,2.486156
2026-09-17T05:17:59.851616619Z,static,scaled,edge-files,200,2.743813
2026-09-17T05:17:59.910779544Z,static,scaled,edge-files,200,2.69007
2026-09-17T05:17:59.971362162Z,static,scaled,edge-files,200,2.797481
2026-09-17T05:18:00.031926859Z,static,scaled,edge-files,200,2.982549
2026-09-17T05:18:00.090959593Z,static,scaled,edge-files,200,2.459435
2026-09-17T05:18:00.151493908Z,static,scaled,edge-files,200,2.592923
2026-09-17T05:18:00.211021035Z,static,scaled,edge-files,200,2.865612
2026-09-17T05:18:00.271137908Z,static,scaled,edge-files,200,2.700357
2026-09-17T05:18:00.331175734Z,static,scaled,edge-files,200,2.597293
2026-09-17T05:18:00.3915561Z,static,scaled,edge-files,200,2.743153
2026-09-17T05:18:00.451701961Z,static,scaled,edge-files,200,3.244267
2026-09-17T05:18:00.511824028Z,static,scaled,edge-files,200,3.321282
2026-09-17T05:18:00.571927304Z,static,scaled,edge-files,200,3.273079
2026-09-17T05:18:00.631701657Z,static,scaled,edge-files,200,2.988763
2026-09-17T05:18:00.691946419Z,static,scaled,edge-files,200,3.389092
2026-09-17T05:18:00.751865854Z,static,scaled,edge-files,200,3.04977
2026-09-17T05:18:00.811963562Z,static,scaled,edge-files,200,3.537635
2026-09-17T05:18:00.871427887Z,static,scaled,edge-files,200,2.823549
2026-09-17T05:18:00.931243274Z,static,scaled,edge-files,200,3.125429
2026-09-17T05:18:00.99179521Z,static,scaled,edge-files,200,2.930736
2026-09-17T05:18:01.051494229Z,static,scaled,edge-files,200,3.125959
2026-09-17T05:18:01.112503852Z,static,scaled,edge-files,200,3.340083
2026-09-17T05:18:01.171210066Z,static,scaled,edge-files,200,3.026692
2026-09-17T05:18:01.231638696Z,static,scaled,edge-files,200,2.786516
2026-09-17T05:18:01.291401399Z,static,scaled,edge-files,200,2.825527
2026-09-17T05:18:01.351612634Z,static,scaled,edge-files,200,3.049884
2026-09-17T05:18:01.411534908Z,static,scaled,edge-files,200,3.230146
2026-09-17T05:18:01.47083263Z,static,scaled,edge-files,200,2.6965
2026-09-17T05:18:01.531422119Z,static,scaled,edge-files,200,3.012051
2026-09-17T05:18:01.591775932Z,static,scaled,edge-files,200,2.701111
2026-09-17T05:18:01.651862202Z,static,scaled,edge-files,200,3.142206
2026-09-17T05:18:01.711755488Z,static,scaled,edge-files,200,3.339653
2026-09-17T05:18:01.771272065Z,static,scaled,edge-files,200,2.800626
2026-09-17T05:18:01.832064139Z,static,scaled,edge-files,200,3.115448
2026-09-17T05:18:01.89134681Z,static,scaled,edge-files,200,2.678734
2026-09-17T05:18:01.953293694Z,static,scaled,edge-files,200,3.794828
2026-09-17T05:18:02.011906006Z,static,scaled,edge-files,200,3.167777
2026-09-17T05:18:02.071869352Z,static,scaled,edge-files,200,3.245327
2026-09-17T05:18:02.1316997Z,static,scaled,edge-files,200,3.126523
2026-09-17T05:18:02.191975812Z,static,scaled,edge-files,200,3.300256
2026-09-17T05:18:02.25157284Z,static,scaled,edge-files,200,3.325951
2026-09-17T05:18:02.312726568Z,static,scaled,edge-files,200,3.505255
2026-09-17T05:18:02.372000798Z,static,scaled,edge-files,200,3.487947
2026-09-17T05:18:02.431558938Z,static,scaled,edge-files,200,3.042608
2026-09-17T05:18:02.491895029Z,static,scaled,edge-files,200,2.761305
2026-09-17T05:18:02.551656131Z,static,scaled,edge-files,200,2.877322
2026-09-17T05:18:02.61140369Z,static,scaled,edge-files,200,3.124274
2026-09-17T05:18:02.67119762Z,static,scaled,edge-files,200,2.98883
2026-09-17T05:18:02.73150663Z,static,scaled,edge-files,200,2.458054
2026-09-17T05:18:02.791954001Z,static,scaled,edge-files,200,2.867622
2026-09-17T05:18:02.851612157Z,static,scaled,edge-files,200,2.784426
2026-09-17T05:18:02.912014393Z,static,scaled,edge-files,200,3.837586
2026-09-17T05:18:02.97140656Z,static,scaled,edge-files,200,2.807398
2026-09-17T05:18:03.030604837Z,static,scaled,edge-files,200,2.433203
2026-09-17T05:18:03.091295362Z,static,scaled,edge-files,200,2.937707
2026-09-17T05:18:03.152253545Z,static,scaled,edge-files,200,3.173432
2026-09-17T05:18:03.212154619Z,static,scaled,edge-files,200,3.081826
2026-09-17T05:18:03.271334275Z,static,scaled,edge-files,200,2.708902
2026-09-17T05:18:03.332039171Z,static,scaled,edge-files,200,2.901984
2026-09-17T05:18:03.391740881Z,static,scaled,edge-files,200,2.889763
2026-09-17T05:18:03.451826134Z,static,scaled,edge-files,200,3.233006
2026-09-17T05:18:03.51161462Z,static,scaled,edge-files,200,2.993341
2026-09-17T05:18:03.570990558Z,static,scaled,edge-files,200,2.739573
2026-09-17T05:18:03.630796264Z,static,scaled,edge-files,200,2.304624
2026-09-17T05:18:03.691668851Z,static,scaled,edge-files,200,3.336372
2026-09-17T05:18:03.751141957Z,static,scaled,edge-files,200,2.622816
2026-09-17T05:18:03.811599876Z,static,scaled,edge-files,200,2.826499
2026-09-17T05:18:03.870822854Z,static,scaled,edge-files,200,2.775485
2026-09-17T05:18:03.930970732Z,static,scaled,edge-files,200,2.54101
2026-09-17T05:18:03.991437233Z,static,scaled,edge-files,200,2.984469
2026-09-17T05:18:04.051612083Z,static,scaled,edge-files,200,3.135079
2026-09-17T05:18:04.110608195Z,static,scaled,edge-files,200,2.485406
2026-09-17T05:18:04.1717487Z,static,scaled,edge-files,200,2.663127
2026-09-17T05:18:04.23130756Z,static,scaled,edge-files,200,2.811418
2026-09-17T05:18:04.291712106Z,static,scaled,edge-files,200,2.757474
2026-09-17T05:18:04.351267906Z,static,scaled,edge-files,200,2.814588
2026-09-17T05:18:04.411372562Z,static,scaled,edge-files,200,2.640687
2026-09-17T05:18:04.47135031Z,static,scaled,edge-files,200,2.455514
2026-09-17T05:18:04.53152399Z,static,scaled,edge-files,200,2.535589
2026-09-17T05:18:04.591557162Z,static,scaled,edge-files,200,2.492037
2026-09-17T05:18:04.650935989Z,static,scaled,edge-files,200,2.491486
2026-09-17T05:18:04.710995864Z,static,scaled,edge-files,200,2.153844
2026-09-17T05:18:04.771277417Z,static,scaled,edge-files,200,2.643022
2026-09-17T05:18:04.831851044Z,static,scaled,edge-files,200,2.985514
2026-09-17T05:18:04.891208715Z,static,scaled,edge-files,200,2.774786
2026-09-17T05:18:04.951997347Z,static,scaled,edge-files,200,3.062615
2026-09-17T05:18:05.011097656Z,static,scaled,edge-files,200,2.53584
2026-09-17T05:18:05.071049132Z,static,scaled,edge-files,200,2.3926
2026-09-17T05:18:05.131292427Z,static,scaled,edge-files,200,2.507617
2026-09-17T05:18:05.191456678Z,static,scaled,edge-files,200,2.620505
2026-09-17T05:18:05.251103503Z,static,scaled,edge-files,200,2.628006
2026-09-17T05:18:05.310956173Z,static,scaled,edge-files,200,2.299134
2026-09-17T05:18:05.371185405Z,static,scaled,edge-files,200,2.421631
2026-09-17T05:18:05.431166213Z,static,scaled,edge-files,200,2.560361
2026-09-17T05:18:05.491400498Z,static,scaled,edge-files,200,2.527749
2026-09-17T05:18:05.551215275Z,static,scaled,edge-files,200,2.876762
2026-09-17T05:18:05.611313799Z,static,scaled,edge-files,200,2.534439
2026-09-17T05:18:05.671218204Z,static,scaled,edge-files,200,2.382939
2026-09-17T05:18:05.731298283Z,static,scaled,edge-files,200,2.534074
2026-09-17T05:18:05.791689024Z,static,scaled,edge-files,200,2.706951
2026-09-17T05:18:05.851340309Z,static,scaled,edge-files,200,2.757754
2026-09-17T05:18:05.91136888Z,static,scaled,edge-files,200,2.562181
2026-09-17T05:18:05.971511029Z,static,scaled,edge-files,200,2.467314
2026-09-17T05:18:06.03172978Z,static,scaled,edge-files,200,2.660088
2026-09-17T05:18:06.091178724Z,static,scaled,edge-files,200,2.867702
2026-09-17T05:18:06.151865111Z,static,scaled,edge-files,200,2.961118
2026-09-17T05:18:06.210907223Z,static,scaled,edge-files,200,2.533944
2026-09-17T05:18:06.271157322Z,static,scaled,edge-files,200,2.665118
2026-09-17T05:18:06.331462943Z,static,scaled,edge-files,200,2.68508
2026-09-17T05:18:06.391761671Z,static,scaled,edge-files,200,2.767705
2026-09-17T05:18:06.450638807Z,static,scaled,edge-files,200,2.444693
2026-09-17T05:18:06.510795676Z,static,scaled,edge-files,200,2.757685
2026-09-17T05:18:06.570981028Z,static,scaled,edge-files,200,2.595013
2026-09-17T05:18:06.631353294Z,static,scaled,edge-files,200,2.790777
2026-09-17T05:18:06.691708626Z,static,scaled,edge-files,200,2.793837
2026-09-17T05:18:06.751302147Z,static,scaled,edge-files,200,2.84807
2026-09-17T05:18:06.81118571Z,static,scaled,edge-files,200,2.462265
2026-09-17T05:18:06.871228622Z,static,scaled,edge-files,200,2.526229
2026-09-17T05:18:06.931628847Z,static,scaled,edge-files,200,2.626605
2026-09-17T05:18:06.991939837Z,static,scaled,edge-files,200,2.832759
2026-09-17T05:18:07.051369167Z,static,scaled,edge-files,200,2.599743
2026-09-17T05:18:07.111331155Z,static,scaled,edge-files,200,2.53983
2026-09-17T05:18:07.171601522Z,static,scaled,edge-files,200,2.736313
2026-09-17T05:18:07.230833418Z,static,scaled,edge-files,200,2.68847
2026-09-17T05:18:07.291176783Z,static,scaled,edge-files,200,2.929396
2026-09-17T05:18:07.351853637Z,static,scaled,edge-files,200,2.944906
2026-09-17T05:18:07.41086523Z,static,scaled,edge-files,200,2.487826
2026-09-17T05:18:07.471313959Z,static,scaled,edge-files,200,2.795837
2026-09-17T05:18:07.531538062Z,static,scaled,edge-files,200,2.597453
2026-09-17T05:18:07.592306294Z,static,scaled,edge-files,200,3.29752
2026-09-17T05:18:07.651991852Z,static,scaled,edge-files,200,2.864711
2026-09-17T05:18:07.711070286Z,static,scaled,edge-files,200,2.551676
2026-09-17T05:18:07.771106851Z,static,scaled,edge-files,200,2.48602
2026-09-17T05:18:07.831122973Z,static,scaled,edge-files,200,2.557411
2026-09-17T05:18:07.891422082Z,static,scaled,edge-files,200,2.765695
2026-09-17T05:18:07.951880218Z,static,scaled,edge-files,200,2.805117
2026-09-17T05:18:08.010881543Z,static,scaled,edge-files,200,2.571522
2026-09-17T05:18:08.071167343Z,static,scaled,edge-files,200,2.54525
2026-09-17T05:18:08.131523767Z,static,scaled,edge-files,200,2.85198
2026-09-17T05:18:08.190942087Z,static,scaled,edge-files,200,2.803647
2026-09-17T05:18:08.251539866Z,static,scaled,edge-files,200,2.799757
2026-09-17T05:18:08.311712833Z,static,scaled,edge-files,200,2.795292
2026-09-17T05:18:08.37143745Z,static,scaled,edge-files,200,3.119079
2026-09-17T05:18:08.43176258Z,static,scaled,edge-files,200,2.798987
2026-09-17T05:18:08.490990718Z,static,scaled,edge-files,200,2.6916
2026-09-17T05:18:08.552781167Z,static,scaled,edge-files,200,3.811644
2026-09-17T05:18:08.610789974Z,static,scaled,edge-files,200,2.684319
2026-09-17T05:18:08.671177939Z,static,scaled,edge-files,200,2.655021
2026-09-17T05:18:08.731732685Z,static,scaled,edge-files,200,2.754134
2026-09-17T05:18:08.792040545Z,static,scaled,edge-files,200,3.59339
2026-09-17T05:18:08.851457393Z,static,scaled,edge-files,200,2.572408
2026-09-17T05:18:08.911591135Z,static,scaled,edge-files,200,2.673469
2026-09-17T05:18:08.970806637Z,static,scaled,edge-files,200,2.524274
2026-09-17T05:18:09.031054456Z,static,scaled,edge-files,200,2.762794
2026-09-17T05:18:09.091575051Z,static,scaled,edge-files,200,3.011892
2026-09-17T05:18:09.150927739Z,static,scaled,edge-files,200,2.661787
2026-09-17T05:18:09.211168404Z,static,scaled,edge-files,200,2.690169
2026-09-17T05:18:09.271064416Z,static,scaled,edge-files,200,2.425972
2026-09-17T05:18:09.331490274Z,static,scaled,edge-files,200,2.781355
2026-09-17T05:18:09.391862638Z,static,scaled,edge-files,200,2.804567
2026-09-17T05:18:09.450746882Z,static,scaled,edge-files,200,2.436152
2026-09-17T05:18:09.510832202Z,static,scaled,edge-files,200,2.553016
2026-09-17T05:18:09.571652681Z,static,scaled,edge-files,200,3.229635
2026-09-17T05:18:09.631199787Z,static,scaled,edge-files,200,2.850766
2026-09-17T05:18:09.691896477Z,static,scaled,edge-files,200,3.083886
2026-09-17T05:18:09.752190241Z,static,scaled,edge-files,200,3.403623
2026-09-17T05:18:09.811478157Z,static,scaled,edge-files,200,2.68849
2026-09-17T05:18:09.872261401Z,static,scaled,edge-files,200,3.108428
2026-09-17T05:18:09.931597056Z,static,scaled,edge-files,200,2.816423
2026-09-17T05:18:09.992050345Z,static,scaled,edge-files,200,2.946611
2026-09-17T05:18:10.051548236Z,static,scaled,edge-files,200,2.775841
2026-09-17T05:18:10.111826695Z,static,scaled,edge-files,200,2.777241
2026-09-17T05:18:10.171853621Z,static,scaled,edge-files,200,3.069965
2026-09-17T05:18:10.23216267Z,static,scaled,edge-files,200,2.951917
2026-09-17T05:18:10.291822387Z,static,scaled,edge-files,200,3.056098
2026-09-17T05:18:10.351396369Z,static,scaled,edge-files,200,2.838849
2026-09-17T05:18:10.411807616Z,static,scaled,edge-files,200,2.792496
2026-09-17T05:18:10.47143105Z,static,scaled,edge-files,200,2.969788
2026-09-17T05:18:10.532108104Z,static,scaled,edge-files,200,3.034133
2026-09-17T05:18:10.591521155Z,static,scaled,edge-files,200,2.816058
2026-09-17T05:18:10.65085233Z,static,scaled,edge-files,200,2.746643
2026-09-17T05:18:10.711534501Z,static,scaled,edge-files,200,2.938386
2026-09-17T05:18:10.772151783Z,static,scaled,edge-files,200,2.903913
2026-09-17T05:18:10.832340623Z,static,scaled,edge-files,200,3.074321
2026-09-17T05:18:10.891853425Z,static,scaled,edge-files,200,3.194163
2026-09-17T05:18:10.951709155Z,static,scaled,edge-files,200,2.819409
2026-09-17T05:18:11.011455007Z,static,scaled,edge-files,200,2.971489
2026-09-17T05:18:11.072250639Z,static,scaled,edge-files,200,3.115668
2026-09-17T05:18:11.132450923Z,static,scaled,edge-files,200,3.357425
2026-09-17T05:18:11.191035088Z,static,scaled,edge-files,200,2.768326
2026-09-17T05:18:11.250772449Z,static,scaled,edge-files,200,2.644377
2026-09-17T05:18:11.31140284Z,static,scaled,edge-files,200,2.879923
2026-09-17T05:18:11.37213282Z,static,scaled,edge-files,200,2.987579
2026-09-17T05:18:11.431213448Z,static,scaled,edge-files,200,2.520288
2026-09-17T05:18:11.491157543Z,static,scaled,edge-files,200,2.2426
2026-09-17T05:18:11.551389228Z,static,scaled,edge-files,200,2.494147
2026-09-17T05:18:11.611463173Z,static,scaled,edge-files,200,2.409811
2026-09-17T05:18:11.671816686Z,static,scaled,edge-files,200,2.761894
2026-09-17T05:18:11.731180981Z,static,scaled,edge-files,200,2.661608
2026-09-17T05:18:11.79115432Z,static,scaled,edge-files,200,2.4004
2026-09-17T05:18:11.851305269Z,static,scaled,edge-files,200,2.437752
2026-09-17T05:18:11.911786472Z,static,scaled,edge-files,200,2.70289
2026-09-17T05:18:11.971108146Z,static,scaled,edge-files,200,2.810217
2026-09-17T05:18:12.03134948Z,static,scaled,edge-files,200,2.803977
2026-09-17T05:18:12.091625658Z,static,scaled,edge-files,200,2.522718
2026-09-17T05:18:12.150865546Z,static,scaled,edge-files,200,2.506067
2026-09-17T05:18:12.211422453Z,static,scaled,edge-files,200,2.918085
2026-09-17T05:18:12.2718391Z,static,scaled,edge-files,200,2.908754
2026-09-17T05:18:12.331571019Z,static,scaled,edge-files,200,2.938037
2026-09-17T05:18:12.391637154Z,static,scaled,edge-files,200,2.584493
2026-09-17T05:18:12.451068857Z,static,scaled,edge-files,200,2.693699
2026-09-17T05:18:12.511397027Z,static,scaled,edge-files,200,2.804047
2026-09-17T05:18:12.57157237Z,static,scaled,edge-files,200,2.569302
2026-09-17T05:18:12.631057916Z,static,scaled,edge-files,200,2.676719
2026-09-17T05:18:12.690902925Z,static,scaled,edge-files,200,2.380979
2026-09-17T05:18:12.751588326Z,static,scaled,edge-files,200,2.824795
2026-09-17T05:18:12.811484422Z,static,scaled,edge-files,200,3.356965
2026-09-17T05:18:12.871721967Z,static,scaled,edge-files,200,2.69668
2026-09-17T05:18:12.931059453Z,static,scaled,edge-files,200,2.581082
2026-09-17T05:18:12.991105686Z,static,scaled,edge-files,200,2.491077
2026-09-17T05:18:13.051418425Z,static,scaled,edge-files,200,2.563521
2026-09-17T05:18:13.111510711Z,static,scaled,edge-files,200,2.540839
2026-09-17T05:18:13.17214045Z,static,scaled,edge-files,200,3.044889
2026-09-17T05:18:13.231409434Z,static,scaled,edge-files,200,2.70985
2026-09-17T05:18:13.291569124Z,static,scaled,edge-files,200,2.616435
2026-09-17T05:18:13.35109Z,static,scaled,edge-files,200,2.69567
2026-09-17T05:18:13.411594525Z,static,scaled,edge-files,200,2.967698
2026-09-17T05:18:13.471143015Z,static,scaled,edge-files,200,2.832609
2026-09-17T05:18:13.5318181Z,static,scaled,edge-files,200,3.045783
2026-09-17T05:18:13.59079439Z,static,scaled,edge-files,200,2.444793
2026-09-17T05:18:13.650983704Z,static,scaled,edge-files,200,2.438613
2026-09-17T05:18:13.711732683Z,static,scaled,edge-files,200,3.122709
2026-09-17T05:18:13.770781548Z,static,scaled,edge-files,200,2.642867
2026-09-17T05:18:13.831327044Z,static,scaled,edge-files,200,3.042763
2026-09-17T05:18:13.891303391Z,static,scaled,edge-files,200,2.40368
2026-09-17T05:18:13.951557329Z,static,scaled,edge-files,200,2.567522
2026-09-17T05:18:14.011625933Z,static,scaled,edge-files,200,2.560841
2026-09-17T05:18:14.071179661Z,static,scaled,edge-files,200,2.904824
2026-09-17T05:18:14.131309778Z,static,scaled,edge-files,200,2.584313
2026-09-17T05:18:14.191250635Z,static,scaled,edge-files,200,2.465135
2026-09-17T05:18:14.251618279Z,static,scaled,edge-files,200,2.632966
2026-09-17T05:18:14.310944039Z,static,scaled,edge-files,200,2.68022
2026-09-17T05:18:14.372021212Z,static,scaled,edge-files,200,3.398297
2026-09-17T05:18:14.431039678Z,static,scaled,edge-files,200,2.54263
2026-09-17T05:18:14.49092269Z,static,scaled,edge-files,200,2.407981
2026-09-17T05:18:14.55138596Z,static,scaled,edge-files,200,2.629146
2026-09-17T05:18:14.611952868Z,static,scaled,edge-files,200,3.039028
2026-09-17T05:18:14.671484517Z,static,scaled,edge-files,200,2.947277
2026-09-17T05:18:14.732146385Z,static,scaled,edge-files,200,3.133524
2026-09-17T05:18:14.791294062Z,static,scaled,edge-files,200,2.528089
2026-09-17T05:18:14.851533448Z,static,scaled,edge-files,200,2.564552
2026-09-17T05:18:14.911226768Z,static,scaled,edge-files,200,3.112157
2026-09-17T05:18:14.971353615Z,static,scaled,edge-files,200,2.651437
2026-09-17T05:18:15.03143099Z,static,scaled,edge-files,200,2.538369
2026-09-17T05:18:15.091433429Z,static,scaled,edge-files,200,2.426802
2026-09-17T05:18:15.151091334Z,static,scaled,edge-files,200,2.71199
2026-09-17T05:18:15.2115506Z,static,scaled,edge-files,200,2.955643
2026-09-17T05:18:15.271873056Z,static,scaled,edge-files,200,2.764045
2026-09-17T05:18:15.331843659Z,static,scaled,edge-files,200,3.220701
2026-09-17T05:18:15.39121124Z,static,scaled,edge-files,200,2.84081
2026-09-17T05:18:15.451611188Z,static,scaled,edge-files,200,2.679539
2026-09-17T05:18:15.510981145Z,static,scaled,edge-files,200,2.772219
2026-09-17T05:18:15.571730121Z,static,scaled,edge-files,200,2.980324
2026-09-17T05:18:15.630796604Z,static,scaled,edge-files,200,2.475846
2026-09-17T05:18:15.690805241Z,static,scaled,edge-files,200,2.491581
2026-09-17T05:18:15.751110052Z,static,scaled,edge-files,200,2.495722
2026-09-17T05:18:15.811797727Z,static,scaled,edge-files,200,2.809642
2026-09-17T05:18:15.871036128Z,static,scaled,edge-files,200,2.650211
2026-09-17T05:18:15.931457287Z,static,scaled,edge-files,200,2.672813
2026-09-17T05:18:15.991018028Z,static,scaled,edge-files,200,2.7593
2026-09-17T05:18:16.051611067Z,static,scaled,edge-files,200,2.764209
2026-09-17T05:18:16.110746781Z,static,scaled,edge-files,200,2.657742
2026-09-17T05:18:16.17106896Z,static,scaled,edge-files,200,2.645227
2026-09-17T05:18:16.23120165Z,static,scaled,edge-files,200,2.651981
2026-09-17T05:18:16.291375601Z,static,scaled,edge-files,200,2.571588
2026-09-17T05:18:16.351095873Z,static,scaled,edge-files,200,2.975982
2026-09-17T05:18:16.412026072Z,static,scaled,edge-files,200,3.357717
2026-09-17T05:18:16.471321477Z,static,scaled,edge-files,200,2.701836
2026-09-17T05:18:16.531575033Z,static,scaled,edge-files,200,2.759038
2026-09-17T05:18:16.590917191Z,static,scaled,edge-files,200,2.531964
2026-09-17T05:18:16.651216732Z,static,scaled,edge-files,200,2.738588
2026-09-17T05:18:16.711406996Z,static,scaled,edge-files,200,2.672153
2026-09-17T05:18:16.771868625Z,static,scaled,edge-files,200,2.886957
2026-09-17T05:18:16.831052173Z,static,scaled,edge-files,200,2.549075
2026-09-17T05:18:16.891445889Z,static,scaled,edge-files,200,2.676484
2026-09-17T05:18:16.951402567Z,static,scaled,edge-files,200,3.098321
2026-09-17T05:18:17.011265118Z,static,scaled,edge-files,200,3.061607
2026-09-17T05:18:17.071855757Z,static,scaled,edge-files,200,2.854745
2026-09-17T05:18:17.131446091Z,static,scaled,edge-files,200,3.037007
2026-09-17T05:18:17.191255309Z,static,scaled,edge-files,200,2.295069
2026-09-17T05:18:17.252028029Z,static,scaled,edge-files,200,2.885758
2026-09-17T05:18:17.31156148Z,static,scaled,edge-files,200,2.902718
2026-09-17T05:18:17.372562695Z,static,scaled,edge-files,200,3.341147
2026-09-17T05:18:17.431316393Z,static,scaled,edge-files,200,3.198097
2026-09-17T05:18:17.491568225Z,static,scaled,edge-files,200,2.683249
2026-09-17T05:18:17.551341816Z,static,scaled,edge-files,200,3.054407
2026-09-17T05:18:17.611537509Z,static,scaled,edge-files,200,3.432394
2026-09-17T05:18:17.670946771Z,static,scaled,edge-files,200,2.854294
2026-09-17T05:18:17.731164301Z,static,scaled,edge-files,200,2.636706
2026-09-17T05:18:17.791662667Z,static,scaled,edge-files,200,2.857705
2026-09-17T05:18:17.85092151Z,static,scaled,edge-files,200,2.872526
2026-09-17T05:18:17.911601174Z,static,scaled,edge-files,200,3.034116
2026-09-17T05:18:17.971126424Z,static,scaled,edge-files,200,2.860146
2026-09-17T05:18:18.032006901Z,static,scaled,edge-files,200,3.24512
2026-09-17T05:18:18.091771547Z,static,scaled,edge-files,200,2.967777
2026-09-17T05:18:18.151626383Z,static,scaled,edge-files,200,2.85116
2026-09-17T05:18:18.211559774Z,static,scaled,edge-files,200,3.162426
2026-09-17T05:18:18.270940385Z,static,scaled,edge-files,200,2.811693
2026-09-17T05:18:18.331058883Z,static,scaled,edge-files,200,2.534444
2026-09-17T05:18:18.391785357Z,static,scaled,edge-files,200,2.875261
2026-09-17T05:18:18.450904735Z,static,scaled,edge-files,200,2.856746
2026-09-17T05:18:18.512006532Z,static,scaled,edge-files,200,3.503882
2026-09-17T05:18:18.571054076Z,static,scaled,edge-files,200,2.543694
2026-09-17T05:18:18.630773348Z,static,scaled,edge-files,200,2.239495
2026-09-17T05:18:18.691104989Z,static,scaled,edge-files,200,2.442652
2026-09-17T05:18:18.751556519Z,static,scaled,edge-files,200,2.655232
2026-09-17T05:18:18.811689043Z,static,scaled,edge-files,200,2.625295
2026-09-17T05:18:18.8694472Z,static,scaled,edge-files,200,2.46414
2026-09-17T05:18:18.929823076Z,static,scaled,edge-files,200,2.712426
2026-09-17T05:18:18.990289796Z,static,scaled,edge-files,200,2.875151
2026-09-17T05:18:19.049987708Z,static,scaled,edge-files,200,2.891498
2026-09-17T05:18:19.110264645Z,static,scaled,edge-files,200,2.747488
2026-09-17T05:18:19.169446944Z,static,scaled,edge-files,200,2.489242
2026-09-17T05:18:19.229546751Z,static,scaled,edge-files,200,2.515603
2026-09-17T05:18:19.290499874Z,static,scaled,edge-files,200,3.132623
2026-09-17T05:18:19.350246329Z,static,scaled,edge-files,200,2.662772
2026-09-17T05:18:19.410123735Z,static,scaled,edge-files,200,3.124397
2026-09-17T05:18:19.470031354Z,static,scaled,edge-files,200,2.469569
2026-09-17T05:18:19.529271796Z,static,scaled,edge-files,200,2.614479
2026-09-17T05:18:19.589428691Z,static,scaled,edge-files,200,2.514377
2026-09-17T05:18:19.650042538Z,static,scaled,edge-files,200,2.909009
2026-09-17T05:18:19.709126968Z,static,scaled,edge-files,200,2.431548
2026-09-17T05:18:19.770146514Z,static,scaled,edge-files,200,2.497502
2026-09-17T05:18:19.830309199Z,static,scaled,edge-files,200,2.579472
2026-09-17T05:18:19.889852525Z,static,scaled,edge-files,200,2.909528
2026-09-17T05:18:19.950593353Z,static,scaled,edge-files,200,2.916089
2026-09-17T05:18:20.010138894Z,static,scaled,edge-files,200,2.749228
2026-09-17T05:18:20.070254872Z,static,scaled,edge-files,200,2.529109
2026-09-17T05:18:20.129936722Z,static,scaled,edge-files,200,3.09414
2026-09-17T05:18:20.190338099Z,static,scaled,edge-files,200,2.61464
2026-09-17T05:18:20.250080572Z,static,scaled,edge-files,200,2.791921
2026-09-17T05:18:20.309479565Z,static,scaled,edge-files,200,2.573067
2026-09-17T05:18:20.369814057Z,static,scaled,edge-files,200,2.841884
2026-09-17T05:18:20.429940536Z,static,scaled,edge-files,200,2.498042
2026-09-17T05:18:20.490217444Z,static,scaled,edge-files,200,2.61928
2026-09-17T05:18:20.549589954Z,static,scaled,edge-files,200,2.648772
2026-09-17T05:18:20.610063547Z,static,scaled,edge-files,200,2.911469
2026-09-17T05:18:20.669415074Z,static,scaled,edge-files,200,2.643991
2026-09-17T05:18:20.729576892Z,static,scaled,edge-files,200,2.474915
2026-09-17T05:18:20.790090604Z,static,scaled,edge-files,200,2.678959
2026-09-17T05:18:20.849562887Z,static,scaled,edge-files,200,2.713897
2026-09-17T05:18:20.90955695Z,static,scaled,edge-files,200,2.503267
2026-09-17T05:18:20.969718707Z,static,scaled,edge-files,200,2.472131
2026-09-17T05:18:21.02951788Z,static,scaled,edge-files,200,2.278964
2026-09-17T05:18:21.089800143Z,static,scaled,edge-files,200,2.62021
2026-09-17T05:18:21.150182648Z,static,scaled,edge-files,200,2.687424
2026-09-17T05:18:21.209622222Z,static,scaled,edge-files,200,2.570717
2026-09-17T05:18:21.269781092Z,static,scaled,edge-files,200,2.583647
2026-09-17T05:18:21.329857456Z,static,scaled,edge-files,200,2.492902
2026-09-17T05:18:21.39036016Z,static,scaled,edge-files,200,2.927679
2026-09-17T05:18:21.449818826Z,static,scaled,edge-files,200,2.814203
2026-09-17T05:18:21.509975386Z,static,scaled,edge-files,200,2.593998
2026-09-17T05:18:21.570477868Z,static,scaled,edge-files,200,3.046847
2026-09-17T05:18:21.629730421Z,static,scaled,edge-files,200,2.545004
2026-09-17T05:18:21.690005629Z,static,scaled,edge-files,200,2.700765
2026-09-17T05:18:21.749665322Z,static,scaled,edge-files,200,2.925005
2026-09-17T05:18:21.809781804Z,static,scaled,edge-files,200,2.596718
2026-09-17T05:18:21.870035311Z,static,scaled,edge-files,200,2.685684
2026-09-17T05:18:21.930489519Z,static,scaled,edge-files,200,2.814208
2026-09-17T05:18:21.990167708Z,static,scaled,edge-files,200,2.986703
2026-09-17T05:18:22.049600127Z,static,scaled,edge-files,200,2.665548
2026-09-17T05:18:22.1097083Z,static,scaled,edge-files,200,2.683604
2026-09-17T05:18:22.16988906Z,static,scaled,edge-files,200,2.592128
2026-09-17T05:18:22.230181429Z,static,scaled,edge-files,200,2.689475
2026-09-17T05:18:22.29046395Z,static,scaled,edge-files,200,2.763929
2026-09-17T05:18:22.350117188Z,static,scaled,edge-files,200,2.676564
2026-09-17T05:18:22.410299871Z,static,scaled,edge-files,200,2.627201
2026-09-17T05:18:22.469437774Z,static,scaled,edge-files,200,2.712006
2026-09-17T05:18:22.530143791Z,static,scaled,edge-files,200,3.001715
2026-09-17T05:18:22.590846467Z,static,scaled,edge-files,200,3.185186
2026-09-17T05:18:22.650201814Z,static,scaled,edge-files,200,2.955342
2026-09-17T05:18:22.708947628Z,static,scaled,edge-files,200,2.254391
2026-09-17T05:18:22.770004272Z,static,scaled,edge-files,200,2.513433
2026-09-17T05:18:22.830457561Z,static,scaled,edge-files,200,2.752099
2026-09-17T05:18:22.889878954Z,static,scaled,edge-files,200,2.945991
2026-09-17T05:18:22.949300097Z,static,scaled,edge-files,200,2.450458
2026-09-17T05:18:23.009349571Z,static,scaled,edge-files,200,2.648112
2026-09-17T05:18:23.069352211Z,static,scaled,edge-files,200,2.429776
2026-09-17T05:18:23.129526923Z,static,scaled,edge-files,200,2.719567
2026-09-17T05:18:23.189796091Z,static,scaled,edge-files,200,2.603149
2026-09-17T05:18:23.250364458Z,static,scaled,edge-files,200,2.790541
2026-09-17T05:18:23.309395006Z,static,scaled,edge-files,200,2.521594
2026-09-17T05:18:23.369827515Z,static,scaled,edge-files,200,2.595238
2026-09-17T05:18:23.430099763Z,static,scaled,edge-files,200,2.720646
2026-09-17T05:18:23.490377451Z,static,scaled,edge-files,200,2.77255
2026-09-17T05:18:23.550098784Z,static,scaled,edge-files,200,2.877747
2026-09-17T05:18:23.609633776Z,static,scaled,edge-files,200,2.695687
2026-09-17T05:18:23.670250458Z,static,scaled,edge-files,200,3.04829
2026-09-17T05:18:23.729564075Z,static,scaled,edge-files,200,2.857309
2026-09-17T05:18:23.790731074Z,static,scaled,edge-files,200,3.65268
2026-09-17T05:18:23.849065947Z,static,scaled,edge-files,200,2.389607
2026-09-17T05:18:23.909307495Z,static,scaled,edge-files,200,2.613062
2026-09-17T05:18:23.969634656Z,static,scaled,edge-files,200,2.653001
2026-09-17T05:18:24.030422573Z,static,scaled,edge-files,200,3.125636
2026-09-17T05:18:24.09018892Z,static,scaled,edge-files,200,3.156117
2026-09-17T05:18:24.149432912Z,static,scaled,edge-files,200,2.626682
2026-09-17T05:18:24.209738853Z,static,scaled,edge-files,200,2.631282
2026-09-17T05:18:24.269757178Z,static,scaled,edge-files,200,2.592371
2026-09-17T05:18:24.330002724Z,static,scaled,edge-files,200,2.664745
2026-09-17T05:18:24.389929111Z,static,scaled,edge-files,200,2.5826
2026-09-17T05:18:24.449310833Z,static,scaled,edge-files,200,2.515509
2026-09-17T05:18:24.509357318Z,static,scaled,edge-files,200,2.493834
2026-09-17T05:18:24.569365685Z,static,scaled,edge-files,200,2.392112
2026-09-17T05:18:24.629813612Z,static,scaled,edge-files,200,2.946054
2026-09-17T05:18:24.690038419Z,static,scaled,edge-files,200,2.697348
2026-09-17T05:18:24.751090951Z,static,scaled,edge-files,200,4.127811
2026-09-17T05:18:24.80923002Z,static,scaled,edge-files,200,2.492454
2026-09-17T05:18:24.869658651Z,static,scaled,edge-files,200,2.932052
2026-09-17T05:18:24.930330544Z,static,scaled,edge-files,200,3.136392
2026-09-17T05:18:24.990265526Z,static,scaled,edge-files,200,3.261224
2026-09-17T05:18:25.04998329Z,static,scaled,edge-files,200,2.680851
2026-09-17T05:18:25.109961991Z,static,scaled,edge-files,200,2.451401
2026-09-17T05:18:25.170638958Z,static,scaled,edge-files,200,3.106328
2026-09-17T05:18:25.230138098Z,static,scaled,edge-files,200,2.967535
2026-09-17T05:18:25.290999406Z,static,scaled,edge-files,200,3.267285
2026-09-17T05:18:25.349134336Z,static,scaled,edge-files,200,2.406539
2026-09-17T05:18:25.410357739Z,static,scaled,edge-files,200,2.651614
2026-09-17T05:18:25.469528611Z,static,scaled,edge-files,200,2.66254
2026-09-17T05:18:25.530101976Z,static,scaled,edge-files,200,2.944273
2026-09-17T05:18:25.590461183Z,static,scaled,edge-files,200,3.457596
2026-09-17T05:18:25.650221115Z,static,scaled,edge-files,200,3.036944
2026-09-17T05:18:25.709421649Z,static,scaled,edge-files,200,2.75802
2026-09-17T05:18:25.770526454Z,static,scaled,edge-files,200,3.194531
2026-09-17T05:18:25.830231755Z,static,scaled,edge-files,200,3.079522
2026-09-17T05:18:25.889905552Z,static,scaled,edge-files,200,3.059166
2026-09-17T05:18:25.950560282Z,static,scaled,edge-files,200,2.899451
2026-09-17T05:18:26.009749941Z,static,scaled,edge-files,200,2.703108
2026-09-17T05:18:26.070825765Z,static,scaled,edge-files,200,3.144427
2026-09-17T05:18:26.130736531Z,static,scaled,edge-files,200,3.070516
2026-09-17T05:18:26.190622147Z,static,scaled,edge-files,200,3.287936
2026-09-17T05:18:26.250288047Z,static,scaled,edge-files,200,2.863178
2026-09-17T05:18:26.309879753Z,static,scaled,edge-files,200,2.909892
2026-09-17T05:18:26.37056018Z,static,scaled,edge-files,200,3.067842
2026-09-17T05:18:26.430265073Z,static,scaled,edge-files,200,3.107184
2026-09-17T05:18:26.489614942Z,static,scaled,edge-files,200,2.816845
2026-09-17T05:18:26.549844591Z,static,scaled,edge-files,200,2.609802
2026-09-17T05:18:26.609815792Z,static,scaled,edge-files,200,2.422089
2026-09-17T05:18:26.670556633Z,static,scaled,edge-files,200,2.995787
2026-09-17T05:18:26.729654485Z,static,scaled,edge-files,200,2.605671
2026-09-17T05:18:26.789875122Z,static,scaled,edge-files,200,2.663886
2026-09-17T05:18:26.850188387Z,static,scaled,edge-files,200,2.510035
2026-09-17T05:18:26.909555088Z,static,scaled,edge-files,200,2.627473
2026-09-17T05:18:26.969831208Z,static,scaled,edge-files,200,2.664265
2026-09-17T05:18:27.030484995Z,static,scaled,edge-files,200,2.953845
2026-09-17T05:18:27.090027467Z,static,scaled,edge-files,200,2.651625
2026-09-17T05:18:27.150395054Z,static,scaled,edge-files,200,2.73668
2026-09-17T05:18:27.209364969Z,static,scaled,edge-files,200,2.42986
2026-09-17T05:18:27.269467667Z,static,scaled,edge-files,200,2.658835
2026-09-17T05:18:27.330800089Z,static,scaled,edge-files,200,3.745536
2026-09-17T05:18:27.390095724Z,static,scaled,edge-files,200,2.695678
2026-09-17T05:18:27.449404451Z,static,scaled,edge-files,200,2.502334
2026-09-17T05:18:27.509657711Z,static,scaled,edge-files,200,2.532967
2026-09-17T05:18:27.569902049Z,static,scaled,edge-files,200,2.609902
2026-09-17T05:18:27.63039109Z,static,scaled,edge-files,200,2.664781
2026-09-17T05:18:27.689427893Z,static,scaled,edge-files,200,2.42421
2026-09-17T05:18:27.749764713Z,static,scaled,edge-files,200,2.642179
2026-09-17T05:18:27.810178777Z,static,scaled,edge-files,200,2.982836
2026-09-17T05:18:27.869194739Z,static,scaled,edge-files,200,2.469428
2026-09-17T05:18:27.929816778Z,static,scaled,edge-files,200,2.765962
2026-09-17T05:18:27.990119659Z,static,scaled,edge-files,200,2.751602
2026-09-17T05:18:28.049454527Z,static,scaled,edge-files,200,2.371706
2026-09-17T05:18:28.109518625Z,static,scaled,edge-files,200,2.515575
2026-09-17T05:18:28.16988123Z,static,scaled,edge-files,200,2.792144
2026-09-17T05:18:28.230354645Z,static,scaled,edge-files,200,2.797533
2026-09-17T05:18:28.289406955Z,static,scaled,edge-files,200,2.549217
2026-09-17T05:18:28.34961803Z,static,scaled,edge-files,200,2.530716
2026-09-17T05:18:28.410204887Z,static,scaled,edge-files,200,2.908681
2026-09-17T05:18:28.470374826Z,static,scaled,edge-files,200,2.663615
2026-09-17T05:18:28.529835573Z,static,scaled,edge-files,200,2.857257
2026-09-17T05:18:28.589867837Z,static,scaled,edge-files,200,2.537147
2026-09-17T05:18:28.650127507Z,static,scaled,edge-files,200,2.548077
2026-09-17T05:18:28.709737104Z,static,scaled,edge-files,200,2.823585
2026-09-17T05:18:28.770117558Z,static,scaled,edge-files,200,2.978182
2026-09-17T05:18:28.830263294Z,static,scaled,edge-files,200,2.709848
2026-09-17T05:18:28.889579481Z,static,scaled,edge-files,200,2.863889
2026-09-17T05:18:28.950042734Z,static,scaled,edge-files,200,2.589359
2026-09-17T05:18:29.009902126Z,static,scaled,edge-files,200,2.331853
2026-09-17T05:18:29.070435094Z,static,scaled,edge-files,200,2.811285
2026-09-17T05:18:29.130580356Z,static,scaled,edge-files,200,3.428165
2026-09-17T05:18:29.189619775Z,static,scaled,edge-files,200,2.593401
2026-09-17T05:18:29.249793879Z,static,scaled,edge-files,200,2.322873
2026-09-17T05:18:29.310027126Z,static,scaled,edge-files,200,2.546718
2026-09-17T05:18:29.370149426Z,static,scaled,edge-files,200,2.601701
2026-09-17T05:18:29.429455182Z,static,scaled,edge-files,200,2.574809
2026-09-17T05:18:29.489675009Z,static,scaled,edge-files,200,2.724699
2026-09-17T05:18:29.549846412Z,static,scaled,edge-files,200,2.477258
2026-09-17T05:18:29.610374529Z,static,scaled,edge-files,200,2.944113
2026-09-17T05:18:29.669629182Z,static,scaled,edge-files,200,2.614551
2026-09-17T05:18:29.730269908Z,static,scaled,edge-files,200,2.932613
2026-09-17T05:18:29.78920923Z,static,scaled,edge-files,200,2.41429
2026-09-17T05:18:29.849358042Z,static,scaled,edge-files,200,2.535077
2026-09-17T05:18:29.909627677Z,static,scaled,edge-files,200,2.582495
2026-09-17T05:18:29.970163759Z,static,scaled,edge-files,200,3.04928
2026-09-17T05:18:30.030526197Z,static,scaled,edge-files,200,2.834966
2026-09-17T05:18:30.089596488Z,static,scaled,edge-files,200,2.336874
2026-09-17T05:18:30.149813314Z,static,scaled,edge-files,200,2.539657
2026-09-17T05:18:30.210527673Z,static,scaled,edge-files,200,3.135115
2026-09-17T05:18:30.270013342Z,static,scaled,edge-files,200,2.73722
2026-09-17T05:18:30.330831296Z,static,scaled,edge-files,200,3.328309
2026-09-17T05:18:30.389992364Z,static,scaled,edge-files,200,2.615723
2026-09-17T05:18:30.449647344Z,static,scaled,edge-files,200,2.897351
2026-09-17T05:18:30.511217029Z,static,scaled,edge-files,200,3.968211
2026-09-17T05:18:30.570118744Z,static,scaled,edge-files,200,3.350916
2026-09-17T05:18:30.630660987Z,static,scaled,edge-files,200,3.023219
2026-09-17T05:18:30.689840107Z,static,scaled,edge-files,200,2.664966
2026-09-17T05:18:30.750052132Z,static,scaled,edge-files,200,2.464862
2026-09-17T05:18:30.810344644Z,static,scaled,edge-files,200,2.568559
2026-09-17T05:18:30.869726656Z,static,scaled,edge-files,200,2.689667
2026-09-17T05:18:30.930431615Z,static,scaled,edge-files,200,2.913321
2026-09-17T05:18:30.989950811Z,static,scaled,edge-files,200,2.928273
2026-09-17T05:18:31.049467048Z,static,scaled,edge-files,200,2.772153
2026-09-17T05:18:31.109603529Z,static,scaled,edge-files,200,2.754142
2026-09-17T05:18:31.170055812Z,static,scaled,edge-files,200,2.774631
2026-09-17T05:18:31.229977529Z,static,scaled,edge-files,200,2.431079
2026-09-17T05:18:31.289910917Z,static,scaled,edge-files,200,2.440059
2026-09-17T05:18:31.350191599Z,static,scaled,edge-files,200,2.460512
2026-09-17T05:18:31.409601163Z,static,scaled,edge-files,200,2.840977
2026-09-17T05:18:31.470083907Z,static,scaled,edge-files,200,2.706238
2026-09-17T05:18:31.530730198Z,static,scaled,edge-files,200,3.122311
2026-09-17T05:18:31.589277675Z,static,scaled,edge-files,200,2.311173
2026-09-17T05:18:31.649299692Z,static,scaled,edge-files,200,2.593201
2026-09-17T05:18:31.70945678Z,static,scaled,edge-files,200,2.764883
2026-09-17T05:18:31.770012033Z,static,scaled,edge-files,200,2.883412
2026-09-17T05:18:31.830121657Z,static,scaled,edge-files,200,2.558919
2026-09-17T05:18:31.890429943Z,static,scaled,edge-files,200,2.646385
2026-09-17T05:18:31.949983775Z,static,scaled,edge-files,200,2.657911
2026-09-17T05:18:32.010549813Z,static,scaled,edge-files,200,2.853629
2026-09-17T05:18:32.070230918Z,static,scaled,edge-files,200,3.044302
2026-09-17T05:18:32.130340491Z,static,scaled,edge-files,200,2.591161
2026-09-17T05:18:32.189718178Z,static,scaled,edge-files,200,2.623953
2026-09-17T05:18:32.250054172Z,static,scaled,edge-files,200,2.669342
2026-09-17T05:18:32.310369163Z,static,scaled,edge-files,200,2.850188
2026-09-17T05:18:32.369478702Z,static,scaled,edge-files,200,2.551379
2026-09-17T05:18:32.429691402Z,static,scaled,edge-files,200,2.648526
2026-09-17T05:18:32.4898621Z,static,scaled,edge-files,200,2.690267
2026-09-17T05:18:32.549483241Z,static,scaled,edge-files,200,2.834228
2026-09-17T05:18:32.610208094Z,static,scaled,edge-files,200,3.113565
2026-09-17T05:18:32.670728604Z,static,scaled,edge-files,200,3.737147
2026-09-17T05:18:32.730467914Z,static,scaled,edge-files,200,2.757683
2026-09-17T05:18:32.789653836Z,static,scaled,edge-files,200,2.609362
2026-09-17T05:18:32.84960515Z,static,scaled,edge-files,200,2.86898
2026-09-17T05:18:32.910961425Z,static,scaled,edge-files,200,3.758867
2026-09-17T05:18:32.970521242Z,static,scaled,edge-files,200,2.992488
2026-09-17T05:18:33.029783776Z,static,scaled,edge-files,200,2.716986
2026-09-17T05:18:33.089759074Z,static,scaled,edge-files,200,2.544888
2026-09-17T05:18:33.150445556Z,static,scaled,edge-files,200,2.695378
2026-09-17T05:18:33.210585572Z,static,scaled,edge-files,200,3.346011
2026-09-17T05:18:33.270710826Z,static,scaled,edge-files,200,3.555255
2026-09-17T05:18:33.329433727Z,static,scaled,edge-files,200,2.391508
2026-09-17T05:18:33.389621987Z,static,scaled,edge-files,200,2.582941
2026-09-17T05:18:33.450308998Z,static,scaled,edge-files,200,2.767892
2026-09-17T05:18:33.51009972Z,static,scaled,edge-files,200,3.01561
2026-09-17T05:18:33.57076435Z,static,scaled,edge-files,200,3.03262
2026-09-17T05:18:33.630180698Z,static,scaled,edge-files,200,2.741341
2026-09-17T05:18:33.690053101Z,static,scaled,edge-files,200,2.993694
2026-09-17T05:18:33.749681408Z,static,scaled,edge-files,200,2.817366
2026-09-17T05:18:33.811059665Z,static,scaled,edge-files,200,3.896638
2026-09-17T05:18:33.871219258Z,static,scaled,edge-files,200,3.559091
2026-09-17T05:18:33.930254794Z,static,scaled,edge-files,200,2.792769
2026-09-17T05:18:33.989973441Z,static,scaled,edge-files,200,3.210852
2026-09-17T05:18:34.049572982Z,static,scaled,edge-files,200,2.827637
2026-09-17T05:18:34.110270333Z,static,scaled,edge-files,200,3.121635
2026-09-17T05:18:34.169823957Z,static,scaled,edge-files,200,3.010004
2026-09-17T05:18:34.230223763Z,static,scaled,edge-files,200,2.803116
2026-09-17T05:18:34.289849641Z,static,scaled,edge-files,200,2.979422
2026-09-17T05:18:34.35090168Z,static,scaled,edge-files,200,3.116006
2026-09-17T05:18:34.410769477Z,static,scaled,edge-files,200,3.215451
2026-09-17T05:18:34.469689302Z,static,scaled,edge-files,200,2.42406
2026-09-17T05:18:34.529443332Z,static,scaled,edge-files,200,2.277931
2026-09-17T05:18:34.589818063Z,static,scaled,edge-files,200,2.538218
2026-09-17T05:18:34.650105258Z,static,scaled,edge-files,200,2.527217
2026-09-17T05:18:34.71034102Z,static,scaled,edge-files,200,2.717399
2026-09-17T05:18:34.769912748Z,static,scaled,edge-files,200,2.740496
2026-09-17T05:18:34.830130623Z,static,scaled,edge-files,200,2.624688
2026-09-17T05:18:34.890166667Z,static,scaled,edge-files,200,2.515896
2026-09-17T05:18:34.949862853Z,static,scaled,edge-files,200,2.859918
2026-09-17T05:18:35.010364553Z,static,scaled,edge-files,200,2.683887
2026-09-17T05:18:35.069489121Z,static,scaled,edge-files,200,2.399509
2026-09-17T05:18:35.129728943Z,static,scaled,edge-files,200,2.557808
2026-09-17T05:18:35.189842057Z,static,scaled,edge-files,200,2.620823
2026-09-17T05:18:35.249770968Z,static,scaled,edge-files,200,3.068993
2026-09-17T05:18:35.309934295Z,static,scaled,edge-files,200,2.823136
2026-09-17T05:18:35.36989765Z,static,scaled,edge-files,200,2.470534
2026-09-17T05:18:35.430143921Z,static,scaled,edge-files,200,2.56091
2026-09-17T05:18:35.489439Z,static,scaled,edge-files,200,2.767203
2026-09-17T05:18:35.549971713Z,static,scaled,edge-files,200,2.619023
2026-09-17T05:18:35.610371064Z,static,scaled,edge-files,200,2.668216
2026-09-17T05:18:35.669336041Z,static,scaled,edge-files,200,2.397879
2026-09-17T05:18:35.729997081Z,static,scaled,edge-files,200,3.134748
2026-09-17T05:18:35.790362446Z,static,scaled,edge-files,200,2.657791
2026-09-17T05:18:35.849887976Z,static,scaled,edge-files,200,2.823227
2026-09-17T05:18:35.91030584Z,static,scaled,edge-files,200,2.832017
2026-09-17T05:18:35.969444399Z,static,scaled,edge-files,200,2.643304
2026-09-17T05:18:36.029724064Z,static,scaled,edge-files,200,2.510887
2026-09-17T05:18:36.08988351Z,static,scaled,edge-files,200,2.546298
2026-09-17T05:18:36.149313373Z,static,scaled,edge-files,200,2.667161
2026-09-17T05:18:36.209304876Z,static,scaled,edge-files,200,2.342685
2026-09-17T05:18:36.2692769Z,static,scaled,edge-files,200,2.463932
2026-09-17T05:18:36.329461831Z,static,scaled,edge-files,200,2.657019
2026-09-17T05:18:36.389409073Z,static,scaled,edge-files,200,2.648145
2026-09-17T05:18:36.450567346Z,static,scaled,edge-files,200,3.040801
2026-09-17T05:18:36.509878197Z,static,scaled,edge-files,200,2.778505
2026-09-17T05:18:36.569954418Z,static,scaled,edge-files,200,2.472634
2026-09-17T05:18:36.630116585Z,static,scaled,edge-files,200,2.559149
2026-09-17T05:18:36.690445164Z,static,scaled,edge-files,200,2.705119
2026-09-17T05:18:36.751060929Z,static,scaled,edge-files,200,3.572446
2026-09-17T05:18:36.810416023Z,static,scaled,edge-files,200,2.772893
2026-09-17T05:18:36.869564343Z,static,scaled,edge-files,200,2.552959
2026-09-17T05:18:36.9298792Z,static,scaled,edge-files,200,2.463653
2026-09-17T05:18:36.990236389Z,static,scaled,edge-files,200,2.716349
2026-09-17T05:18:37.049831239Z,static,scaled,edge-files,200,3.038182
2026-09-17T05:18:37.110134544Z,static,scaled,edge-files,200,2.570719
2026-09-17T05:18:37.170385019Z,static,scaled,edge-files,200,2.665555
2026-09-17T05:18:37.229905642Z,static,scaled,edge-files,200,2.730241
2026-09-17T05:18:37.290255321Z,static,scaled,edge-files,200,2.673826
2026-09-17T05:18:37.350162782Z,static,scaled,edge-files,200,3.111166
2026-09-17T05:18:37.410413554Z,static,scaled,edge-files,200,2.711569
2026-09-17T05:18:37.469772168Z,static,scaled,edge-files,200,2.548408
2026-09-17T05:18:37.529914644Z,static,scaled,edge-files,200,2.603123
2026-09-17T05:18:37.589400716Z,static,scaled,edge-files,200,2.738911
2026-09-17T05:18:37.650181285Z,static,scaled,edge-files,200,3.062453
2026-09-17T05:18:37.709487116Z,static,scaled,edge-files,200,2.595042
2026-09-17T05:18:37.769582947Z,static,scaled,edge-files,200,2.537247
2026-09-17T05:18:37.829707738Z,static,scaled,edge-files,200,2.578416
2026-09-17T05:18:37.890582157Z,static,scaled,edge-files,200,3.250035
2026-09-17T05:18:37.950234194Z,static,scaled,edge-files,200,2.837482
2026-09-17T05:18:38.009617787Z,static,scaled,edge-files,200,2.512836
2026-09-17T05:18:38.069869604Z,static,scaled,edge-files,200,2.689092
2026-09-17T05:18:38.1301063Z,static,scaled,edge-files,200,2.645585
2026-09-17T05:18:38.190458827Z,static,scaled,edge-files,200,2.821222
2026-09-17T05:18:38.25008075Z,static,scaled,edge-files,200,2.625013
2026-09-17T05:18:38.309487767Z,static,scaled,edge-files,200,2.810431
2026-09-17T05:18:38.369790284Z,static,scaled,edge-files,200,2.679893
2026-09-17T05:18:38.430607343Z,static,scaled,edge-files,200,3.26292
2026-09-17T05:18:38.490558472Z,static,scaled,edge-files,200,3.357167
2026-09-17T05:18:38.550702703Z,static,scaled,edge-files,200,3.133228
2026-09-17T05:18:38.610249898Z,static,scaled,edge-files,200,2.774833
2026-09-17T05:18:38.670435486Z,static,scaled,edge-files,200,2.704089
2026-09-17T05:18:38.729528903Z,static,scaled,edge-files,200,2.488045
2026-09-17T05:18:38.78992954Z,static,scaled,edge-files,200,2.825561
2026-09-17T05:18:38.850300467Z,static,scaled,edge-files,200,2.652545
2026-09-17T05:18:38.909374521Z,static,scaled,edge-files,200,2.488914
2026-09-17T05:18:38.96934756Z,static,scaled,edge-files,200,2.559804
2026-09-17T05:18:39.030082911Z,static,scaled,edge-files,200,2.832952
2026-09-17T05:18:39.090459741Z,static,scaled,edge-files,200,2.869869
2026-09-17T05:18:39.150413601Z,static,scaled,edge-files,200,2.902098
2026-09-17T05:18:39.209504316Z,static,scaled,edge-files,200,2.663262
2026-09-17T05:18:39.269714271Z,static,scaled,edge-files,200,2.702959
2026-09-17T05:18:39.330549112Z,static,scaled,edge-files,200,2.843828
2026-09-17T05:18:39.389911847Z,static,scaled,edge-files,200,2.86407
2026-09-17T05:18:39.449069357Z,static,scaled,edge-files,200,2.43101
2026-09-17T05:18:39.510100123Z,static,scaled,edge-files,200,2.512367
2026-09-17T05:18:39.569873103Z,static,scaled,edge-files,200,2.224577
2026-09-17T05:18:39.630278191Z,static,scaled,edge-files,200,2.679665
2026-09-17T05:18:39.689438184Z,static,scaled,edge-files,200,2.614321
2026-09-17T05:18:39.749995115Z,static,scaled,edge-files,200,2.820704
2026-09-17T05:18:39.810730304Z,static,scaled,edge-files,200,3.171952
2026-09-17T05:18:39.869458629Z,static,scaled,edge-files,200,2.393483
2026-09-17T05:18:39.92961853Z,static,scaled,edge-files,200,2.640002
2026-09-17T05:18:39.990085826Z,static,scaled,edge-files,200,2.903939
2026-09-17T05:18:40.049959847Z,static,scaled,edge-files,200,3.030188
2026-09-17T05:18:40.109853684Z,static,scaled,edge-files,200,2.401036
2026-09-17T05:18:40.169979278Z,static,scaled,edge-files,200,2.481521
2026-09-17T05:18:40.230205911Z,static,scaled,edge-files,200,2.557327
2026-09-17T05:18:40.2898785Z,static,scaled,edge-files,200,3.025642
2026-09-17T05:18:40.35046202Z,static,scaled,edge-files,200,2.838045
2026-09-17T05:18:40.40971347Z,static,scaled,edge-files,200,2.663943
2026-09-17T05:18:40.469554914Z,static,scaled,edge-files,200,2.421207
2026-09-17T05:18:40.529980177Z,static,scaled,edge-files,200,2.861051
2026-09-17T05:18:40.590336644Z,static,scaled,edge-files,200,2.788767
2026-09-17T05:18:40.649710553Z,static,scaled,edge-files,200,2.632311
2026-09-17T05:18:40.70972381Z,static,scaled,edge-files,200,2.231185
2026-09-17T05:18:40.769841415Z,static,scaled,edge-files,200,2.664823
2026-09-17T05:18:40.830326378Z,static,scaled,edge-files,200,2.98382
2026-09-17T05:18:40.889618067Z,static,scaled,edge-files,200,2.734083
2026-09-17T05:18:40.949859375Z,static,scaled,edge-files,200,2.540975
2026-09-17T05:18:41.010263778Z,static,scaled,edge-files,200,2.739178
2026-09-17T05:18:41.069820196Z,static,scaled,edge-files,200,2.761341
2026-09-17T05:18:41.130099915Z,static,scaled,edge-files,200,2.740743
2026-09-17T05:18:41.191445624Z,static,scaled,edge-files,200,3.734763
2026-09-17T05:18:41.249778563Z,static,scaled,edge-files,200,2.436869
2026-09-17T05:18:41.310419751Z,static,scaled,edge-files,200,2.794812
2026-09-17T05:18:41.370351562Z,static,scaled,edge-files,200,3.385421
2026-09-17T05:18:41.430519455Z,static,scaled,edge-files,200,3.268879
2026-09-17T05:18:41.490462752Z,static,scaled,edge-files,200,3.293454
2026-09-17T05:18:41.549982117Z,static,scaled,edge-files,200,2.836594
2026-09-17T05:18:41.610425684Z,static,scaled,edge-files,200,2.859906
2026-09-17T05:18:41.67019066Z,static,scaled,edge-files,200,3.067275
2026-09-17T05:18:41.730357271Z,static,scaled,edge-files,200,3.518568
2026-09-17T05:18:41.790083743Z,static,scaled,edge-files,200,3.287744
2026-09-17T05:18:41.849440385Z,static,scaled,edge-files,200,2.570867
2026-09-17T05:18:41.909826886Z,static,scaled,edge-files,200,2.60318
2026-09-17T05:18:41.970750123Z,static,scaled,edge-files,200,3.187577
2026-09-17T05:18:42.030386406Z,static,scaled,edge-files,200,2.824264
2026-09-17T05:18:42.089781683Z,static,scaled,edge-files,200,2.595729
2026-09-17T05:18:42.150142624Z,static,scaled,edge-files,200,2.676144
2026-09-17T05:18:42.2090633Z,static,scaled,edge-files,200,2.381356
2026-09-17T05:18:42.270113905Z,static,scaled,edge-files,200,2.4377
2026-09-17T05:18:42.330350872Z,static,scaled,edge-files,200,2.68779
2026-09-17T05:18:42.389942202Z,static,scaled,edge-files,200,2.826779
2026-09-17T05:18:42.450209399Z,static,scaled,edge-files,200,2.580048
2026-09-17T05:18:42.50979614Z,static,scaled,edge-files,200,3.035567
2026-09-17T05:18:42.570473409Z,static,scaled,edge-files,200,2.899548
2026-09-17T05:18:42.630488492Z,static,scaled,edge-files,200,3.238106
2026-09-17T05:18:42.690209856Z,static,scaled,edge-files,200,2.963302
2026-09-17T05:18:42.749066437Z,static,scaled,edge-files,200,2.174512
2026-09-17T05:18:42.810204529Z,static,scaled,edge-files,200,2.580899
2026-09-17T05:18:42.869562613Z,static,scaled,edge-files,200,2.726818
2026-09-17T05:18:42.930421265Z,static,scaled,edge-files,200,3.165436
2026-09-17T05:18:42.99015844Z,static,scaled,edge-files,200,2.946077
2026-09-17T05:18:43.049440734Z,static,scaled,edge-files,200,2.592049
2026-09-17T05:18:43.109655194Z,static,scaled,edge-files,200,2.609059
2026-09-17T05:18:43.169952742Z,static,scaled,edge-files,200,2.827855
2026-09-17T05:18:43.230058976Z,static,scaled,edge-files,200,2.599724
2026-09-17T05:18:43.289373026Z,static,scaled,edge-files,200,2.697766
2026-09-17T05:18:43.349927856Z,static,scaled,edge-files,200,2.742663
2026-09-17T05:18:43.410088386Z,static,scaled,edge-files,200,2.481812
2026-09-17T05:18:43.470498713Z,static,scaled,edge-files,200,2.786176
2026-09-17T05:18:43.530177055Z,static,scaled,edge-files,200,2.977234
2026-09-17T05:18:43.590641871Z,static,scaled,edge-files,200,2.933051
2026-09-17T05:18:43.649725988Z,static,scaled,edge-files,200,2.374825
2026-09-17T05:18:43.710170866Z,static,scaled,edge-files,200,2.883988
2026-09-17T05:18:43.77078407Z,static,scaled,edge-files,200,2.893013
2026-09-17T05:18:43.830570682Z,static,scaled,edge-files,200,3.033388
2026-09-17T05:18:43.890041785Z,static,scaled,edge-files,200,2.866556
2026-09-17T05:18:43.949220737Z,static,scaled,edge-files,200,2.495082
2026-09-17T05:18:44.010201097Z,static,scaled,edge-files,200,3.164746
2026-09-17T05:18:44.069273024Z,static,scaled,edge-files,200,2.527854
2026-09-17T05:18:44.130421859Z,static,scaled,edge-files,200,2.765755
2026-09-17T05:18:44.189918108Z,static,scaled,edge-files,200,2.767511
2026-09-17T05:18:44.249216575Z,static,scaled,edge-files,200,2.53531
2026-09-17T05:18:44.310219601Z,static,scaled,edge-files,200,2.549576
2026-09-17T05:18:44.369691959Z,static,scaled,edge-files,200,2.84658
2026-09-17T05:18:44.429873859Z,static,scaled,edge-files,200,2.748684
2026-09-17T05:18:44.489928072Z,static,scaled,edge-files,200,2.486202
2026-09-17T05:18:44.550300903Z,static,scaled,edge-files,200,2.638112
2026-09-17T05:18:44.609683499Z,static,scaled,edge-files,200,2.772531
2026-09-17T05:18:44.670092547Z,static,scaled,edge-files,200,2.723382
2026-09-17T05:18:44.730610993Z,static,scaled,edge-files,200,2.976095
2026-09-17T05:18:44.789569441Z,static,scaled,edge-files,200,2.502863
2026-09-17T05:18:44.850614185Z,static,scaled,edge-files,200,3.211669
2026-09-17T05:18:44.909585895Z,static,scaled,edge-files,200,2.417049
2026-09-17T05:18:44.970433331Z,static,scaled,edge-files,200,3.235085
2026-09-17T05:18:45.029666332Z,static,scaled,edge-files,200,2.702505
2026-09-17T05:18:45.089865742Z,static,scaled,edge-files,200,2.60293
2026-09-17T05:18:45.150339535Z,static,scaled,edge-files,200,2.626787
2026-09-17T05:18:45.20965243Z,static,scaled,edge-files,200,2.798242
2026-09-17T05:18:45.269778686Z,static,scaled,edge-files,200,2.596099
2026-09-17T05:18:45.33016898Z,static,scaled,edge-files,200,2.701065
2026-09-17T05:18:45.390521616Z,static,scaled,edge-files,200,2.823004
2026-09-17T05:18:45.449603843Z,static,scaled,edge-files,200,2.45889
2026-09-17T05:18:45.509545865Z,static,scaled,edge-files,200,2.4619
2026-09-17T05:18:45.569860412Z,static,scaled,edge-files,200,2.837115
2026-09-17T05:18:45.630413445Z,static,scaled,edge-files,200,2.763781
2026-09-17T05:18:45.689958051Z,static,scaled,edge-files,200,2.977503
2026-09-17T05:18:45.750568562Z,static,scaled,edge-files,200,2.891409
2026-09-17T05:18:45.809989266Z,static,scaled,edge-files,200,2.885078
2026-09-17T05:18:45.870209038Z,static,scaled,edge-files,200,2.723088
2026-09-17T05:18:45.929169284Z,static,scaled,edge-files,200,2.387875
2026-09-17T05:18:45.989028855Z,static,scaled,edge-files,200,2.360353
2026-09-17T05:18:46.049464147Z,static,scaled,edge-files,200,2.444379
2026-09-17T05:18:46.10991741Z,static,scaled,edge-files,200,2.867583
2026-09-17T05:18:46.170366931Z,static,scaled,edge-files,200,2.809262
2026-09-17T05:18:46.230010439Z,static,scaled,edge-files,200,3.010572
2026-09-17T05:18:46.290273577Z,static,scaled,edge-files,200,2.769691
2026-09-17T05:18:46.349876947Z,static,scaled,edge-files,200,2.837204
2026-09-17T05:18:46.409786917Z,static,scaled,edge-files,200,2.318211
2026-09-17T05:18:46.470012529Z,static,scaled,edge-files,200,2.534055
2026-09-17T05:18:46.530370494Z,static,scaled,edge-files,200,2.818148
2026-09-17T05:18:46.589504948Z,static,scaled,edge-files,200,2.638422
2026-09-17T05:18:46.650442694Z,static,scaled,edge-files,200,3.29384
2026-09-17T05:18:46.709807361Z,static,scaled,edge-files,200,3.049568
2026-09-17T05:18:46.770440808Z,static,scaled,edge-files,200,3.106752
2026-09-17T05:18:46.82943257Z,static,scaled,edge-files,200,2.464532
2026-09-17T05:18:46.889415995Z,static,scaled,edge-files,200,2.436858
2026-09-17T05:18:46.95001245Z,static,scaled,edge-files,200,2.626641
2026-09-17T05:18:47.010473983Z,static,scaled,edge-files,200,2.787247
2026-09-17T05:18:47.069516761Z,static,scaled,edge-files,200,2.542056
2026-09-17T05:18:47.12972676Z,static,scaled,edge-files,200,2.663954
2026-09-17T05:18:47.190221751Z,static,scaled,edge-files,200,2.836984
2026-09-17T05:18:47.249935067Z,static,scaled,edge-files,200,2.76479
2026-09-17T05:18:47.310238053Z,static,scaled,edge-files,200,2.697246
2026-09-17T05:18:47.369570076Z,static,scaled,edge-files,200,2.588288
2026-09-17T05:18:47.429666288Z,static,scaled,edge-files,200,2.496532
2026-09-17T05:18:47.489720777Z,static,scaled,edge-files,200,2.514904
2026-09-17T05:18:47.550046816Z,static,scaled,edge-files,200,2.576997
2026-09-17T05:18:47.610311908Z,static,scaled,edge-files,200,2.64997
2026-09-17T05:18:47.669781363Z,static,scaled,edge-files,200,2.81913
2026-09-17T05:18:47.729768489Z,static,scaled,edge-files,200,2.603368
2026-09-17T05:18:47.790177649Z,static,scaled,edge-files,200,2.832561
2026-09-17T05:18:47.849801051Z,static,scaled,edge-files,200,2.773696
2026-09-17T05:18:47.910293638Z,static,scaled,edge-files,200,2.903425
2026-09-17T05:18:47.969572001Z,static,scaled,edge-files,200,2.739126
2026-09-17T05:18:48.029710811Z,static,scaled,edge-files,200,2.683618
2026-09-17T05:18:48.089865711Z,static,scaled,edge-files,200,2.582535
2026-09-17T05:18:48.149913722Z,static,scaled,edge-files,200,3.050564
2026-09-17T05:18:48.210453457Z,static,scaled,edge-files,200,2.985346
2026-09-17T05:18:48.269515511Z,static,scaled,edge-files,200,2.758525
2026-09-17T05:18:48.329833538Z,static,scaled,edge-files,200,2.74077
2026-09-17T05:18:48.390251195Z,static,scaled,edge-files,200,2.744541
2026-09-17T05:18:48.450287498Z,static,scaled,edge-files,200,3.172711
2026-09-17T05:18:48.510220299Z,static,scaled,edge-files,200,3.47443
2026-09-17T05:18:48.569066807Z,static,scaled,edge-files,200,2.390044
2026-09-17T05:18:48.629742674Z,static,scaled,edge-files,200,2.720934
2026-09-17T05:18:48.689945578Z,static,scaled,edge-files,200,2.746521
2026-09-17T05:18:48.749993803Z,static,scaled,edge-files,200,2.787188
2026-09-17T05:18:48.810805388Z,static,scaled,edge-files,200,3.122138
2026-09-17T05:18:48.868832757Z,static,scaled,edge-files,200,2.997206
2026-09-17T05:18:48.928201576Z,static,scaled,edge-files,200,2.849822
2026-09-17T05:18:48.987736733Z,static,scaled,edge-files,200,2.640908
2026-09-17T05:18:49.049906437Z,static,scaled,edge-files,200,4.242676
2026-09-17T05:18:49.109162583Z,static,scaled,edge-files,200,3.621158
2026-09-17T05:18:49.169395194Z,static,scaled,edge-files,200,3.420926
2026-09-17T05:18:49.227703929Z,static,scaled,edge-files,200,2.747337
2026-09-17T05:18:49.288232576Z,static,scaled,edge-files,200,2.933237
2026-09-17T05:18:49.348240888Z,static,scaled,edge-files,200,3.230781
2026-09-17T05:18:49.409031275Z,static,scaled,edge-files,200,3.258166
2026-09-17T05:18:49.468740585Z,static,scaled,edge-files,200,2.864163
2026-09-17T05:18:49.528207035Z,static,scaled,edge-files,200,2.788044
2026-09-17T05:18:49.588735537Z,static,scaled,edge-files,200,2.968209
2026-09-17T05:18:49.648417515Z,static,scaled,edge-files,200,2.986561
2026-09-17T05:18:49.707936332Z,static,scaled,edge-files,200,2.965709
2026-09-17T05:18:49.768388565Z,static,scaled,edge-files,200,2.916075
2026-09-17T05:18:49.827954492Z,static,scaled,edge-files,200,2.882505
2026-09-17T05:18:49.888191958Z,static,scaled,edge-files,200,2.725885
2026-09-17T05:18:49.948293675Z,static,scaled,edge-files,200,3.112272
2026-09-17T05:18:50.009249394Z,static,scaled,edge-files,200,3.342752
2026-09-17T05:18:50.069221269Z,static,scaled,edge-files,200,3.30911
2026-09-17T05:18:50.128417415Z,static,scaled,edge-files,200,2.676371
2026-09-17T05:18:50.18840193Z,static,scaled,edge-files,200,3.293009
2026-09-17T05:18:50.248412547Z,static,scaled,edge-files,200,3.030533
2026-09-17T05:18:50.308643819Z,static,scaled,edge-files,200,2.755026
2026-09-17T05:18:50.368260421Z,static,scaled,edge-files,200,2.975618
2026-09-17T05:18:50.428292129Z,static,scaled,edge-files,200,2.522602
2026-09-17T05:18:50.488346681Z,static,scaled,edge-files,200,2.449157
2026-09-17T05:18:50.548199884Z,static,scaled,edge-files,200,2.623274
2026-09-17T05:18:50.608090517Z,static,scaled,edge-files,200,2.697413
2026-09-17T05:18:50.668146607Z,static,scaled,edge-files,200,2.49974
2026-09-17T05:18:50.728171996Z,static,scaled,edge-files,200,2.507451
2026-09-17T05:18:50.788472871Z,static,scaled,edge-files,200,2.689042
2026-09-17T05:18:50.848342148Z,static,scaled,edge-files,200,2.931036
2026-09-17T05:18:50.908850057Z,static,scaled,edge-files,200,3.051364
2026-09-17T05:18:50.96780883Z,static,scaled,edge-files,200,2.460148
2026-09-17T05:18:51.027738982Z,static,scaled,edge-files,200,2.479599
2026-09-17T05:18:51.08792978Z,static,scaled,edge-files,200,2.509425
2026-09-17T05:18:51.14863909Z,static,scaled,edge-files,200,2.775287
2026-09-17T05:18:51.208190629Z,static,scaled,edge-files,200,3.028192
2026-09-17T05:18:51.267386853Z,static,scaled,edge-files,200,2.419171
2026-09-17T05:18:51.328407586Z,static,scaled,edge-files,200,2.521502
2026-09-17T05:18:51.388658376Z,static,scaled,edge-files,200,2.647189
2026-09-17T05:18:51.448310291Z,static,scaled,edge-files,200,2.904705
2026-09-17T05:18:51.508373526Z,static,scaled,edge-files,200,2.573879
2026-09-17T05:18:51.56824469Z,static,scaled,edge-files,200,2.422006
2026-09-17T05:18:51.628340343Z,static,scaled,edge-files,200,2.427417
2026-09-17T05:18:51.687796916Z,static,scaled,edge-files,200,2.791828
2026-09-17T05:18:51.748124694Z,static,scaled,edge-files,200,2.613608
2026-09-17T05:18:51.808460021Z,static,scaled,edge-files,200,2.769126
2026-09-17T05:18:51.868535732Z,static,scaled,edge-files,200,2.507431
2026-09-17T05:18:51.927827254Z,static,scaled,edge-files,200,2.527901
2026-09-17T05:18:51.988162033Z,static,scaled,edge-files,200,2.503891
2026-09-17T05:18:52.048470977Z,static,scaled,edge-files,200,2.649689
2026-09-17T05:18:52.108611322Z,static,scaled,edge-files,200,3.414115
2026-09-17T05:18:52.167988497Z,static,scaled,edge-files,200,2.580722
2026-09-17T05:18:52.227955073Z,static,scaled,edge-files,200,2.505652
2026-09-17T05:18:52.287997696Z,static,scaled,edge-files,200,2.886479
2026-09-17T05:18:52.348350608Z,static,scaled,edge-files,200,2.706183
2026-09-17T05:18:52.40776276Z,static,scaled,edge-files,200,2.765147
2026-09-17T05:18:52.46781929Z,static,scaled,edge-files,200,2.616637
2026-09-17T05:18:52.528033187Z,static,scaled,edge-files,200,2.693712
2026-09-17T05:18:52.588786479Z,static,scaled,edge-files,200,2.738476
2026-09-17T05:18:52.648591162Z,static,scaled,edge-files,200,2.79746
2026-09-17T05:18:52.707642811Z,static,scaled,edge-files,200,2.32855
2026-09-17T05:18:52.767994758Z,static,scaled,edge-files,200,2.66887
2026-09-17T05:18:52.82805297Z,static,scaled,edge-files,200,2.509112
2026-09-17T05:18:52.888555517Z,static,scaled,edge-files,200,2.908286
2026-09-17T05:18:52.948282107Z,static,scaled,edge-files,200,3.026503
2026-09-17T05:18:53.008907897Z,static,scaled,edge-files,200,2.863707
2026-09-17T05:18:53.068149251Z,static,scaled,edge-files,200,2.694413
2026-09-17T05:18:53.128571161Z,static,scaled,edge-files,200,2.591596
2026-09-17T05:18:53.187980013Z,static,scaled,edge-files,200,2.759246
2026-09-17T05:18:53.248608599Z,static,scaled,edge-files,200,2.965449
2026-09-17T05:18:53.307833788Z,static,scaled,edge-files,200,2.488739
2026-09-17T05:18:53.367801342Z,static,scaled,edge-files,200,2.487071
2026-09-17T05:18:53.427791414Z,static,scaled,edge-files,200,2.380718
2026-09-17T05:18:53.488261343Z,static,scaled,edge-files,200,2.80834
2026-09-17T05:18:53.548358865Z,static,scaled,edge-files,200,3.15157
2026-09-17T05:18:53.607467002Z,static,scaled,edge-files,200,2.452742
2026-09-17T05:18:53.668364009Z,static,scaled,edge-files,200,2.414076
2026-09-17T05:18:53.727221536Z,static,scaled,edge-files,200,2.231564
2026-09-17T05:18:53.78834285Z,static,scaled,edge-files,200,2.634618
2026-09-17T05:18:53.84837854Z,static,scaled,edge-files,200,3.064235
2026-09-17T05:18:53.907966131Z,static,scaled,edge-files,200,3.019852
2026-09-17T05:18:53.967808712Z,static,scaled,edge-files,200,2.435911
2026-09-17T05:18:54.027940091Z,static,scaled,edge-files,200,2.446667
2026-09-17T05:18:54.088386655Z,static,scaled,edge-files,200,2.721415
2026-09-17T05:18:54.147901287Z,static,scaled,edge-files,200,2.74789
2026-09-17T05:18:54.207994513Z,static,scaled,edge-files,200,2.370212
2026-09-17T05:18:54.2683099Z,static,scaled,edge-files,200,2.574005
2026-09-17T05:18:54.328235781Z,static,scaled,edge-files,200,2.357662
2026-09-17T05:18:54.388507534Z,static,scaled,edge-files,200,2.708183
2026-09-17T05:18:54.448139176Z,static,scaled,edge-files,200,3.050834
2026-09-17T05:18:54.508046198Z,static,scaled,edge-files,200,2.494311
2026-09-17T05:18:54.568048354Z,static,scaled,edge-files,200,2.413146
2026-09-17T05:18:54.628419281Z,static,scaled,edge-files,200,2.620208
2026-09-17T05:18:54.688675624Z,static,scaled,edge-files,200,2.756936
2026-09-17T05:18:54.748149038Z,static,scaled,edge-files,200,2.407685
2026-09-17T05:18:54.808216458Z,static,scaled,edge-files,200,2.436356
2026-09-17T05:18:54.868046284Z,static,scaled,edge-files,200,2.344441
2026-09-17T05:18:54.928456141Z,static,scaled,edge-files,200,2.630414
2026-09-17T05:18:54.98907698Z,static,scaled,edge-files,200,3.138639
2026-09-17T05:18:55.048919873Z,static,scaled,edge-files,200,2.923682
2026-09-17T05:18:55.107876032Z,static,scaled,edge-files,200,2.536314
2026-09-17T05:18:55.167878798Z,static,scaled,edge-files,200,2.470928
2026-09-17T05:18:55.228096936Z,static,scaled,edge-files,200,2.629393
2026-09-17T05:18:55.288528398Z,static,scaled,edge-files,200,2.873433
2026-09-17T05:18:55.348341595Z,static,scaled,edge-files,200,3.015372
2026-09-17T05:18:55.408653324Z,static,scaled,edge-files,200,2.687927
2026-09-17T05:18:55.467674086Z,static,scaled,edge-files,200,2.517321
2026-09-17T05:18:55.527764591Z,static,scaled,edge-files,200,2.589996
2026-09-17T05:18:55.588493189Z,static,scaled,edge-files,200,3.174732
2026-09-17T05:18:55.648367407Z,static,scaled,edge-files,200,2.946165
2026-09-17T05:18:55.708256313Z,static,scaled,edge-files,200,2.450852
2026-09-17T05:18:55.768589217Z,static,scaled,edge-files,200,2.675144
2026-09-17T05:18:55.828047998Z,static,scaled,edge-files,200,2.947546
2026-09-17T05:18:55.888998132Z,static,scaled,edge-files,200,3.139383
2026-09-17T05:18:55.948756195Z,static,scaled,edge-files,200,2.947075
2026-09-17T05:18:56.007868349Z,static,scaled,edge-files,200,2.553789
2026-09-17T05:18:56.068740263Z,static,scaled,edge-files,200,3.091985
2026-09-17T05:18:56.128528053Z,static,scaled,edge-files,200,3.02158
2026-09-17T05:18:56.188069048Z,static,scaled,edge-files,200,2.889747
2026-09-17T05:18:56.24880146Z,static,scaled,edge-files,200,2.80605
2026-09-17T05:18:56.307895304Z,static,scaled,edge-files,200,2.643176
2026-09-17T05:18:56.36852207Z,static,scaled,edge-files,200,2.656927
2026-09-17T05:18:56.428679475Z,static,scaled,edge-files,200,3.417997
2026-09-17T05:18:56.488231969Z,static,scaled,edge-files,200,3.082105
2026-09-17T05:18:56.548204522Z,static,scaled,edge-files,200,2.833048
2026-09-17T05:18:56.608363737Z,static,scaled,edge-files,200,2.779975
2026-09-17T05:18:56.668150258Z,static,scaled,edge-files,200,2.892922
2026-09-17T05:18:56.728948865Z,static,scaled,edge-files,200,3.266027
2026-09-17T05:18:56.788334258Z,static,scaled,edge-files,200,2.839658
2026-09-17T05:18:56.847960524Z,static,scaled,edge-files,200,2.870252
2026-09-17T05:18:56.908494988Z,static,scaled,edge-files,200,3.073124
2026-09-17T05:18:56.968199222Z,static,scaled,edge-files,200,2.878606
2026-09-17T05:18:57.029045103Z,static,scaled,edge-files,200,3.053753
2026-09-17T05:18:57.088685803Z,static,scaled,edge-files,200,3.02065
2026-09-17T05:18:57.148809322Z,static,scaled,edge-files,200,3.2336
2026-09-17T05:18:57.208424385Z,static,scaled,edge-files,200,3.109676
2026-09-17T05:18:57.268784303Z,static,scaled,edge-files,200,3.686335
2026-09-17T05:18:57.328285025Z,static,scaled,edge-files,200,2.915024
2026-09-17T05:18:57.389161327Z,static,scaled,edge-files,200,3.139509
2026-09-17T05:18:57.448711971Z,static,scaled,edge-files,200,2.787645
2026-09-17T05:18:57.508002699Z,static,scaled,edge-files,200,2.718935
2026-09-17T05:18:57.568638015Z,static,scaled,edge-files,200,3.136878
2026-09-17T05:18:57.628711456Z,static,scaled,edge-files,200,3.558656
2026-09-17T05:18:57.688023784Z,static,scaled,edge-files,200,2.757428
2026-09-17T05:18:57.748383026Z,static,scaled,edge-files,200,2.689243
2026-09-17T05:18:57.808900391Z,static,scaled,edge-files,200,2.970948
2026-09-17T05:18:57.868144175Z,static,scaled,edge-files,200,2.969597
2026-09-17T05:18:57.92859897Z,static,scaled,edge-files,200,2.862301
2026-09-17T05:18:57.987692044Z,static,scaled,edge-files,200,2.515607
2026-09-17T05:18:58.048047931Z,static,scaled,edge-files,200,2.566581
2026-09-17T05:18:58.108234409Z,static,scaled,edge-files,200,2.546439
2026-09-17T05:18:58.168360926Z,static,scaled,edge-files,200,2.621259
2026-09-17T05:18:58.227685605Z,static,scaled,edge-files,200,2.735107
2026-09-17T05:18:58.288471124Z,static,scaled,edge-files,200,3.184406
2026-09-17T05:18:58.347858142Z,static,scaled,edge-files,200,2.442232
2026-09-17T05:18:58.408426194Z,static,scaled,edge-files,200,2.774794
2026-09-17T05:18:58.467658887Z,static,scaled,edge-files,200,2.678688
2026-09-17T05:18:58.52825479Z,static,scaled,edge-files,200,2.799396
2026-09-17T05:18:58.588447968Z,static,scaled,edge-files,200,2.642236
2026-09-17T05:18:58.647982777Z,static,scaled,edge-files,200,2.557826
2026-09-17T05:18:58.708083181Z,static,scaled,edge-files,200,2.519258
2026-09-17T05:18:58.768190102Z,static,scaled,edge-files,200,2.533953
2026-09-17T05:18:58.828581677Z,static,scaled,edge-files,200,2.668897
2026-09-17T05:18:58.887766237Z,static,scaled,edge-files,200,2.455423
2026-09-17T05:18:58.948175407Z,static,scaled,edge-files,200,2.71506
2026-09-17T05:18:59.007322055Z,static,scaled,edge-files,200,2.379938
2026-09-17T05:18:59.067719885Z,static,scaled,edge-files,200,2.556869
2026-09-17T05:18:59.128338139Z,static,scaled,edge-files,200,3.111566
2026-09-17T05:18:59.189043Z,static,scaled,edge-files,200,3.128088
2026-09-17T05:18:59.2482103Z,static,scaled,edge-files,200,2.372598
2026-09-17T05:18:59.307529729Z,static,scaled,edge-files,200,2.56856
2026-09-17T05:18:59.367942902Z,static,scaled,edge-files,200,2.746212
2026-09-17T05:18:59.428831459Z,static,scaled,edge-files,200,3.161495
2026-09-17T05:18:59.487942559Z,static,scaled,edge-files,200,2.634146
2026-09-17T05:18:59.54842024Z,static,scaled,edge-files,200,2.665907
2026-09-17T05:18:59.608624797Z,static,scaled,edge-files,200,2.733202
2026-09-17T05:18:59.668018471Z,static,scaled,edge-files,200,2.767303
2026-09-17T05:18:59.728523878Z,static,scaled,edge-files,200,2.974257
2026-09-17T05:18:59.787529866Z,static,scaled,edge-files,200,2.495385
2026-09-17T05:18:59.848212631Z,static,scaled,edge-files,200,3.027657
2026-09-17T05:18:59.908408601Z,static,scaled,edge-files,200,2.636575
2026-09-17T05:18:59.96802046Z,static,scaled,edge-files,200,3.016521
2026-09-17T05:19:00.028730142Z,static,scaled,edge-files,200,3.30394
2026-09-17T05:19:00.087933558Z,static,scaled,edge-files,200,2.674182
2026-09-17T05:19:00.14828499Z,static,scaled,edge-files,200,2.581772
2026-09-17T05:19:00.208348876Z,static,scaled,edge-files,200,2.442339
2026-09-17T05:19:00.26791483Z,static,scaled,edge-files,200,2.956222
2026-09-17T05:19:00.328066605Z,static,scaled,edge-files,200,2.505622
2026-09-17T05:19:00.38846085Z,static,scaled,edge-files,200,2.654426
2026-09-17T05:19:00.447784069Z,static,scaled,edge-files,200,2.772834
2026-09-17T05:19:00.50802262Z,static,scaled,edge-files,200,2.529228
2026-09-17T05:19:00.56826431Z,static,scaled,edge-files,200,2.735611
2026-09-17T05:19:00.628757608Z,static,scaled,edge-files,200,2.871191
2026-09-17T05:19:00.687780793Z,static,scaled,edge-files,200,2.516233
2026-09-17T05:19:00.748158406Z,static,scaled,edge-files,200,2.581281
2026-09-17T05:19:00.808628213Z,static,scaled,edge-files,200,2.942265
2026-09-17T05:19:00.867948742Z,static,scaled,edge-files,200,2.792825
2026-09-17T05:19:00.928200492Z,static,scaled,edge-files,200,2.779585
2026-09-17T05:19:00.988309Z,static,scaled,edge-files,200,2.604828
2026-09-17T05:19:01.047628283Z,static,scaled,edge-files,200,2.418331
2026-09-17T05:19:01.107944227Z,static,scaled,edge-files,200,2.713497
2026-09-17T05:19:01.168958002Z,static,scaled,edge-files,200,3.456689
2026-09-17T05:19:01.228548278Z,static,scaled,edge-files,200,3.030292
2026-09-17T05:19:01.287908281Z,static,scaled,edge-files,200,2.636904
2026-09-17T05:19:01.348195489Z,static,scaled,edge-files,200,2.612048
2026-09-17T05:19:01.408599134Z,static,scaled,edge-files,200,2.604813
2026-09-17T05:19:01.468121448Z,static,scaled,edge-files,200,2.976438
2026-09-17T05:19:01.527668762Z,static,scaled,edge-files,200,2.651496
2026-09-17T05:19:01.587635175Z,static,scaled,edge-files,200,2.508056
2026-09-17T05:19:01.647877075Z,static,scaled,edge-files,200,2.732441
2026-09-17T05:19:01.708577811Z,static,scaled,edge-files,200,3.095962
2026-09-17T05:19:01.768849409Z,static,scaled,edge-files,200,3.579707
2026-09-17T05:19:01.828229817Z,static,scaled,edge-files,200,2.793612
2026-09-17T05:19:01.888819429Z,static,scaled,edge-files,200,2.987298
2026-09-17T05:19:01.948413313Z,static,scaled,edge-files,200,2.752403
2026-09-17T05:19:02.008171725Z,static,scaled,edge-files,200,2.918678
2026-09-17T05:19:02.068883814Z,static,scaled,edge-files,200,3.014631
2026-09-17T05:19:02.128103775Z,static,scaled,edge-files,200,2.687588
2026-09-17T05:19:02.188467163Z,static,scaled,edge-files,200,2.810717
2026-09-17T05:19:02.248030811Z,static,scaled,edge-files,200,2.975717
2026-09-17T05:19:02.308167454Z,static,scaled,edge-files,200,2.746833
2026-09-17T05:19:02.368598967Z,static,scaled,edge-files,200,2.834029
2026-09-17T05:19:02.428171323Z,static,scaled,edge-files,200,2.967217
2026-09-17T05:19:02.488181648Z,static,scaled,edge-files,200,2.521508
2026-09-17T05:19:02.547679425Z,static,scaled,edge-files,200,2.739257
2026-09-17T05:19:02.608098211Z,static,scaled,edge-files,200,2.87101
2026-09-17T05:19:02.66892496Z,static,scaled,edge-files,200,3.219463
2026-09-17T05:19:02.727864545Z,static,scaled,edge-files,200,2.446182
2026-09-17T05:19:02.788059152Z,static,scaled,edge-files,200,2.722451
2026-09-17T05:19:02.847398945Z,static,scaled,edge-files,200,2.416802
2026-09-17T05:19:02.908664122Z,static,scaled,edge-files,200,2.674857
2026-09-17T05:19:02.967798769Z,static,scaled,edge-files,200,2.634275
2026-09-17T05:19:03.029046007Z,static,scaled,edge-files,200,3.674729
2026-09-17T05:19:03.088551853Z,static,scaled,edge-files,200,2.923989
2026-09-17T05:19:03.147945392Z,static,scaled,edge-files,200,2.700039
2026-09-17T05:19:03.208248217Z,static,scaled,edge-files,200,2.812217
2026-09-17T05:19:03.268505248Z,static,scaled,edge-files,200,2.70994
2026-09-17T05:19:03.327714951Z,static,scaled,edge-files,200,2.459605
2026-09-17T05:19:03.387972513Z,static,scaled,edge-files,200,2.516217
2026-09-17T05:19:03.448276387Z,static,scaled,edge-files,200,2.464363
2026-09-17T05:19:03.507861455Z,static,scaled,edge-files,200,2.783214
2026-09-17T05:19:03.56832644Z,static,scaled,edge-files,200,2.841378
2026-09-17T05:19:03.628898916Z,static,scaled,edge-files,200,2.913425
2026-09-17T05:19:03.688407338Z,static,scaled,edge-files,200,2.850116
2026-09-17T05:19:03.749330049Z,static,scaled,edge-files,200,3.242482
2026-09-17T05:19:03.807958232Z,static,scaled,edge-files,200,2.793587
2026-09-17T05:19:03.86839572Z,static,scaled,edge-files,200,2.881293
2026-09-17T05:19:03.927686222Z,static,scaled,edge-files,200,2.726882
2026-09-17T05:19:03.988582101Z,static,scaled,edge-files,200,3.096922
2026-09-17T05:19:04.048568561Z,static,scaled,edge-files,200,2.90595
2026-09-17T05:19:04.108013453Z,static,scaled,edge-files,200,2.713206
2026-09-17T05:19:04.168758091Z,static,scaled,edge-files,200,2.974729
2026-09-17T05:19:04.228109827Z,static,scaled,edge-files,200,2.795597
2026-09-17T05:19:04.288657343Z,static,scaled,edge-files,200,2.815078
2026-09-17T05:19:04.348717811Z,static,scaled,edge-files,200,2.865655
2026-09-17T05:19:04.408569607Z,static,scaled,edge-files,200,3.010361
2026-09-17T05:19:04.468604458Z,static,scaled,edge-files,200,3.369065
2026-09-17T05:19:04.527838757Z,static,scaled,edge-files,200,2.792877
2026-09-17T05:19:04.588485525Z,static,scaled,edge-files,200,2.844756
2026-09-17T05:19:04.648009445Z,static,scaled,edge-files,200,2.674017
2026-09-17T05:19:04.708875854Z,static,scaled,edge-files,200,3.12841
2026-09-17T05:19:04.768471005Z,static,scaled,edge-files,200,3.075831
2026-09-17T05:19:04.827822711Z,static,scaled,edge-files,200,2.634986
2026-09-17T05:19:04.888204046Z,static,scaled,edge-files,200,2.684045
2026-09-17T05:19:04.947840991Z,static,scaled,edge-files,200,2.905444
2026-09-17T05:19:05.008753612Z,static,scaled,edge-files,200,3.117748
2026-09-17T05:19:05.068514036Z,static,scaled,edge-files,200,3.14494
2026-09-17T05:19:05.127716821Z,static,scaled,edge-files,200,2.680849
2026-09-17T05:19:05.188132871Z,static,scaled,edge-files,200,2.847656
2026-09-17T05:19:05.249099456Z,static,scaled,edge-files,200,2.876942
2026-09-17T05:19:05.308605693Z,static,scaled,edge-files,200,2.937962
2026-09-17T05:19:05.368071943Z,static,scaled,edge-files,200,2.855451
2026-09-17T05:19:05.428471649Z,static,scaled,edge-files,200,2.715561
2026-09-17T05:19:05.487581659Z,static,scaled,edge-files,200,2.562831
2026-09-17T05:19:05.548194568Z,static,scaled,edge-files,200,2.862431
2026-09-17T05:19:05.608580488Z,static,scaled,edge-files,200,2.666344
2026-09-17T05:19:05.667500141Z,static,scaled,edge-files,200,2.5383
2026-09-17T05:19:05.72869395Z,static,scaled,edge-files,200,2.753144
2026-09-17T05:19:05.787622157Z,static,scaled,edge-files,200,2.383309
2026-09-17T05:19:05.847934978Z,static,scaled,edge-files,200,2.612275
2026-09-17T05:19:05.90813376Z,static,scaled,edge-files,200,2.719242
2026-09-17T05:19:05.968740779Z,static,scaled,edge-files,200,2.977523
2026-09-17T05:19:06.027763528Z,static,scaled,edge-files,200,2.598768
2026-09-17T05:19:06.087859229Z,static,scaled,edge-files,200,2.54508
2026-09-17T05:19:06.148365262Z,static,scaled,edge-files,200,2.663848
2026-09-17T05:19:06.207864616Z,static,scaled,edge-files,200,2.754544
2026-09-17T05:19:06.267668792Z,static,scaled,edge-files,200,2.24093
2026-09-17T05:19:06.327662782Z,static,scaled,edge-files,200,2.489846
2026-09-17T05:19:06.388000214Z,static,scaled,edge-files,200,2.804078
2026-09-17T05:19:06.448617035Z,static,scaled,edge-files,200,2.697646
2026-09-17T05:19:06.507995982Z,static,scaled,edge-files,200,2.738643
2026-09-17T05:19:06.568035714Z,static,scaled,edge-files,200,2.495547
2026-09-17T05:19:06.628260338Z,static,scaled,edge-files,200,2.613434
2026-09-17T05:19:06.688391986Z,static,scaled,edge-files,200,2.580512
2026-09-17T05:19:06.748420192Z,static,scaled,edge-files,200,3.075011
2026-09-17T05:19:06.808880814Z,static,scaled,edge-files,200,2.934247
2026-09-17T05:19:06.86836099Z,static,scaled,edge-files,200,2.84146
2026-09-17T05:19:06.928381442Z,static,scaled,edge-files,200,2.485046
2026-09-17T05:19:06.98773093Z,static,scaled,edge-files,200,2.518148
2026-09-17T05:19:07.048704859Z,static,scaled,edge-files,200,2.905899
2026-09-17T05:19:07.108154482Z,static,scaled,edge-files,200,2.705426
2026-09-17T05:19:07.168098111Z,static,scaled,edge-files,200,2.561711
2026-09-17T05:19:07.228129493Z,static,scaled,edge-files,200,2.553821
2026-09-17T05:19:07.288519119Z,static,scaled,edge-files,200,2.630865
2026-09-17T05:19:07.348028366Z,static,scaled,edge-files,200,2.745264
2026-09-17T05:19:07.408322399Z,static,scaled,edge-files,200,2.755149
2026-09-17T05:19:07.468305322Z,static,scaled,edge-files,200,2.474255
2026-09-17T05:19:07.528226578Z,static,scaled,edge-files,200,2.446684
2026-09-17T05:19:07.58858008Z,static,scaled,edge-files,200,2.617544
2026-09-17T05:19:07.64797457Z,static,scaled,edge-files,200,2.83752
2026-09-17T05:19:07.708179662Z,static,scaled,edge-files,200,2.636896
2026-09-17T05:19:07.768235795Z,static,scaled,edge-files,200,2.506648
2026-09-17T05:19:07.828203608Z,static,scaled,edge-files,200,2.4563
2026-09-17T05:19:07.888503431Z,static,scaled,edge-files,200,2.628926
2026-09-17T05:19:07.948553765Z,static,scaled,edge-files,200,3.307461
2026-09-17T05:19:08.007550573Z,static,scaled,edge-files,200,2.403106
2026-09-17T05:19:08.067560497Z,static,scaled,edge-files,200,2.450074
2026-09-17T05:19:08.127409526Z,static,scaled,edge-files,200,2.471875
2026-09-17T05:19:08.188498808Z,static,scaled,edge-files,200,2.495057
2026-09-17T05:19:08.248248631Z,static,scaled,edge-files,200,3.086925
2026-09-17T05:19:08.307511632Z,static,scaled,edge-files,200,2.5357
2026-09-17T05:19:08.368477616Z,static,scaled,edge-files,200,2.541079
2026-09-17T05:19:08.427782748Z,static,scaled,edge-files,200,2.504818
2026-09-17T05:19:08.488953696Z,static,scaled,edge-files,200,3.522775
2026-09-17T05:19:08.548549948Z,static,scaled,edge-files,200,2.823998
2026-09-17T05:19:08.607664309Z,static,scaled,edge-files,200,2.677648
2026-09-17T05:19:08.667707342Z,static,scaled,edge-files,200,2.557831
2026-09-17T05:19:08.727811907Z,static,scaled,edge-files,200,2.607085
2026-09-17T05:19:08.788295988Z,static,scaled,edge-files,200,2.757664
2026-09-17T05:19:08.84781779Z,static,scaled,edge-files,200,2.738808
2026-09-17T05:19:08.908367333Z,static,scaled,edge-files,200,2.905285
2026-09-17T05:19:08.968479726Z,static,scaled,edge-files,200,2.652742
2026-09-17T05:19:09.027588891Z,static,scaled,edge-files,200,2.581243
2026-09-17T05:19:09.087830756Z,static,scaled,edge-files,200,2.740763
2026-09-17T05:19:09.148657386Z,static,scaled,edge-files,200,3.017098
2026-09-17T05:19:09.207986548Z,static,scaled,edge-files,200,2.64069
2026-09-17T05:19:09.267897133Z,static,scaled,edge-files,200,2.414926
2026-09-17T05:19:09.328281983Z,static,scaled,edge-files,200,2.69435
2026-09-17T05:19:09.388592043Z,static,scaled,edge-files,200,2.714072
2026-09-17T05:19:09.44795731Z,static,scaled,edge-files,200,2.889254
2026-09-17T05:19:09.510444675Z,static,scaled,edge-files,200,3.470062
2026-09-17T05:19:09.568494815Z,static,scaled,edge-files,200,2.485756
2026-09-17T05:19:09.627626676Z,static,scaled,edge-files,200,2.571072
2026-09-17T05:19:09.688042173Z,static,scaled,edge-files,200,2.783456
2026-09-17T05:19:09.74830696Z,static,scaled,edge-files,200,3.165571
2026-09-17T05:19:09.807825848Z,static,scaled,edge-files,200,2.782346
2026-09-17T05:19:09.867771224Z,static,scaled,edge-files,200,2.436952
2026-09-17T05:19:09.928285715Z,static,scaled,edge-files,200,2.707091
2026-09-17T05:19:09.988674034Z,static,scaled,edge-files,200,2.828059
2026-09-17T05:19:10.048257606Z,static,scaled,edge-files,200,2.824343
2026-09-17T05:19:10.107636793Z,static,scaled,edge-files,200,2.475166
2026-09-17T05:19:10.167962189Z,static,scaled,edge-files,200,2.630121
2026-09-17T05:19:10.228309878Z,static,scaled,edge-files,200,2.584543
2026-09-17T05:19:10.288492584Z,static,scaled,edge-files,200,2.659392
2026-09-17T05:19:10.348107697Z,static,scaled,edge-files,200,2.652253
2026-09-17T05:19:10.408223239Z,static,scaled,edge-files,200,2.609874
2026-09-17T05:19:10.468227679Z,static,scaled,edge-files,200,2.462089
2026-09-17T05:19:10.528300527Z,static,scaled,edge-files,200,2.544204
2026-09-17T05:19:10.59290795Z,static,scaled,edge-files,200,6.910462
2026-09-17T05:19:10.648173823Z,static,scaled,edge-files,200,2.733413
2026-09-17T05:19:10.708288976Z,static,scaled,edge-files,200,2.602894
2026-09-17T05:19:10.767773177Z,static,scaled,edge-files,200,2.576097
2026-09-17T05:19:10.827809486Z,static,scaled,edge-files,200,2.495207
2026-09-17T05:19:10.888191412Z,static,scaled,edge-files,200,2.83798
2026-09-17T05:19:10.948545224Z,static,scaled,edge-files,200,2.610204
2026-09-17T05:19:11.007697307Z,static,scaled,edge-files,200,2.708541
2026-09-17T05:19:11.067776366Z,static,scaled,edge-files,200,2.45392
2026-09-17T05:19:11.127822142Z,static,scaled,edge-files,200,2.516668
2026-09-17T05:19:11.188444653Z,static,scaled,edge-files,200,2.983708
2026-09-17T05:19:11.247737041Z,static,scaled,edge-files,200,2.819014
2026-09-17T05:19:11.308385567Z,static,scaled,edge-files,200,2.843366
2026-09-17T05:19:11.367766744Z,static,scaled,edge-files,200,2.681569
2026-09-17T05:19:11.428029113Z,static,scaled,edge-files,200,2.554451
2026-09-17T05:19:11.488342163Z,static,scaled,edge-files,200,2.772934
2026-09-17T05:19:11.548037254Z,static,scaled,edge-files,200,2.733103
2026-09-17T05:19:11.608275223Z,static,scaled,edge-files,200,2.622576
2026-09-17T05:19:11.668719314Z,static,scaled,edge-files,200,2.867561
2026-09-17T05:19:11.728185658Z,static,scaled,edge-files,200,2.676018
2026-09-17T05:19:11.788915497Z,static,scaled,edge-files,200,3.240585
2026-09-17T05:19:11.84873571Z,static,scaled,edge-files,200,3.025726
2026-09-17T05:19:11.908132855Z,static,scaled,edge-files,200,2.895027
2026-09-17T05:19:11.968454416Z,static,scaled,edge-files,200,2.654776
2026-09-17T05:19:12.028114534Z,static,scaled,edge-files,200,3.003601
2026-09-17T05:19:12.088507209Z,static,scaled,edge-files,200,2.822087
2026-09-17T05:19:12.14941467Z,static,scaled,edge-files,200,4.095453
2026-09-17T05:19:12.208074797Z,static,scaled,edge-files,200,2.964282
2026-09-17T05:19:12.269441158Z,static,scaled,edge-files,200,3.713843
2026-09-17T05:19:12.329009993Z,static,scaled,edge-files,200,2.989079
2026-09-17T05:19:12.389152753Z,static,scaled,edge-files,200,3.738199
2026-09-17T05:19:12.447665274Z,static,scaled,edge-files,200,2.54786
2026-09-17T05:19:12.508192948Z,static,scaled,edge-files,200,2.732842
2026-09-17T05:19:12.568546862Z,static,scaled,edge-files,200,2.791726
2026-09-17T05:19:12.628254873Z,static,scaled,edge-files,200,3.230964
2026-09-17T05:19:12.689925685Z,static,scaled,edge-files,200,3.974964
2026-09-17T05:19:12.748449247Z,static,scaled,edge-files,200,2.795456
2026-09-17T05:19:12.808880386Z,static,scaled,edge-files,200,2.914453
2026-09-17T05:19:12.868298485Z,static,scaled,edge-files,200,2.807697
2026-09-17T05:19:12.927876698Z,static,scaled,edge-files,200,2.887303
2026-09-17T05:19:12.98857953Z,static,scaled,edge-files,200,3.123763
2026-09-17T05:19:13.047753071Z,static,scaled,edge-files,200,2.707401
2026-09-17T05:19:13.108424878Z,static,scaled,edge-files,200,2.917889
2026-09-17T05:19:13.168843742Z,static,scaled,edge-files,200,2.815107
2026-09-17T05:19:13.228395852Z,static,scaled,edge-files,200,2.962996
2026-09-17T05:19:13.28834387Z,static,scaled,edge-files,200,3.353505
2026-09-17T05:19:13.347869118Z,static,scaled,edge-files,200,2.691389
2026-09-17T05:19:13.408160952Z,static,scaled,edge-files,200,2.690294
2026-09-17T05:19:13.468314184Z,static,scaled,edge-files,200,2.561815
2026-09-17T05:19:13.528526264Z,static,scaled,edge-files,200,2.68387
2026-09-17T05:19:13.587743953Z,static,scaled,edge-files,200,2.772149
2026-09-17T05:19:13.647959035Z,static,scaled,edge-files,200,2.479174
2026-09-17T05:19:13.708051002Z,static,scaled,edge-files,200,2.576152
2026-09-17T05:19:13.767979216Z,static,scaled,edge-files,200,2.458353
2026-09-17T05:19:13.828204463Z,static,scaled,edge-files,200,2.779606
2026-09-17T05:19:13.888500252Z,static,scaled,edge-files,200,2.663877
2026-09-17T05:19:13.948763251Z,static,scaled,edge-files,200,3.43376
2026-09-17T05:19:14.007690358Z,static,scaled,edge-files,200,2.348175
2026-09-17T05:19:14.068349893Z,static,scaled,edge-files,200,2.984659
2026-09-17T05:19:14.128448839Z,static,scaled,edge-files,200,2.534628
2026-09-17T05:19:14.18905388Z,static,scaled,edge-files,200,3.012486
2026-09-17T05:19:14.248500222Z,static,scaled,edge-files,200,2.665686
2026-09-17T05:19:14.307716851Z,static,scaled,edge-files,200,2.315335
2026-09-17T05:19:14.368121017Z,static,scaled,edge-files,200,2.71987
2026-09-17T05:19:14.428852636Z,static,scaled,edge-files,200,2.948526
2026-09-17T05:19:14.488218464Z,static,scaled,edge-files,200,2.86367
2026-09-17T05:19:14.547758593Z,static,scaled,edge-files,200,2.754914
2026-09-17T05:19:14.60775536Z,static,scaled,edge-files,200,2.481752
2026-09-17T05:19:14.667971327Z,static,scaled,edge-files,200,2.642836
2026-09-17T05:19:14.728085896Z,static,scaled,edge-files,200,2.739242
2026-09-17T05:19:14.787645291Z,static,scaled,edge-files,200,2.499731
2026-09-17T05:19:14.848124069Z,static,scaled,edge-files,200,3.025541
2026-09-17T05:19:14.908290884Z,static,scaled,edge-files,200,2.503821
2026-09-17T05:19:14.968453831Z,static,scaled,edge-files,200,2.577071
2026-09-17T05:19:15.027968293Z,static,scaled,edge-files,200,2.748208
2026-09-17T05:19:15.089282756Z,static,scaled,edge-files,200,3.694006
2026-09-17T05:19:15.148572713Z,static,scaled,edge-files,200,2.642881
2026-09-17T05:19:15.2076842Z,static,scaled,edge-files,200,2.524438
2026-09-17T05:19:15.267899383Z,static,scaled,edge-files,200,2.625944
2026-09-17T05:19:15.328617731Z,static,scaled,edge-files,200,3.132858
2026-09-17T05:19:15.387863671Z,static,scaled,edge-files,200,2.512637
2026-09-17T05:19:15.448256966Z,static,scaled,edge-files,200,2.592922
2026-09-17T05:19:15.508136011Z,static,scaled,edge-files,200,2.356218
2026-09-17T05:19:15.568564008Z,static,scaled,edge-files,200,2.576707
2026-09-17T05:19:15.627961749Z,static,scaled,edge-files,200,2.567321
2026-09-17T05:19:15.688470562Z,static,scaled,edge-files,200,2.902963
2026-09-17T05:19:15.747754011Z,static,scaled,edge-files,200,2.479941
2026-09-17T05:19:15.808085999Z,static,scaled,edge-files,200,2.687239
2026-09-17T05:19:15.868789205Z,static,scaled,edge-files,200,2.949396
2026-09-17T05:19:15.92859162Z,static,scaled,edge-files,200,3.174481
2026-09-17T05:19:15.987813529Z,static,scaled,edge-files,200,2.788126
2026-09-17T05:19:16.04813607Z,static,scaled,edge-files,200,2.64327
2026-09-17T05:19:16.108395839Z,static,scaled,edge-files,200,2.706601
2026-09-17T05:19:16.168714521Z,static,scaled,edge-files,200,2.71931
2026-09-17T05:19:16.227900338Z,static,scaled,edge-files,200,2.631295
2026-09-17T05:19:16.287742126Z,static,scaled,edge-files,200,2.324864
2026-09-17T05:19:16.348216658Z,static,scaled,edge-files,200,2.665257
2026-09-17T05:19:16.408364938Z,static,scaled,edge-files,200,2.667287
2026-09-17T05:19:16.468919915Z,static,scaled,edge-files,200,3.009581
2026-09-17T05:19:16.528182846Z,static,scaled,edge-files,200,2.767093
2026-09-17T05:19:16.588418133Z,static,scaled,edge-files,200,2.660057
2026-09-17T05:19:16.647706199Z,static,scaled,edge-files,200,2.559141
2026-09-17T05:19:16.707986997Z,static,scaled,edge-files,200,2.525698
2026-09-17T05:19:16.768759484Z,static,scaled,edge-files,200,3.049748
2026-09-17T05:19:16.828250682Z,static,scaled,edge-files,200,2.944726
2026-09-17T05:19:16.88957093Z,static,scaled,edge-files,200,3.772982
2026-09-17T05:19:16.947738128Z,static,scaled,edge-files,200,2.569261
2026-09-17T05:19:17.00802055Z,static,scaled,edge-files,200,2.517539
2026-09-17T05:19:17.068196612Z,static,scaled,edge-files,200,2.648656
2026-09-17T05:19:17.128820646Z,static,scaled,edge-files,200,2.942987
2026-09-17T05:19:17.188160971Z,static,scaled,edge-files,200,2.825137
2026-09-17T05:19:17.248190854Z,static,scaled,edge-files,200,3.117828
2026-09-17T05:19:17.308974596Z,static,scaled,edge-files,200,3.097286
2026-09-17T05:19:17.368575586Z,static,scaled,edge-files,200,3.085135
2026-09-17T05:19:17.428557765Z,static,scaled,edge-files,200,3.288798
2026-09-17T05:19:17.487476652Z,static,scaled,edge-files,200,2.345936
2026-09-17T05:19:17.547688547Z,static,scaled,edge-files,200,2.311874
2026-09-17T05:19:17.607913732Z,static,scaled,edge-files,200,2.635375
2026-09-17T05:19:17.668140425Z,static,scaled,edge-files,200,2.727546
2026-09-17T05:19:17.728478391Z,static,scaled,edge-files,200,2.667437
2026-09-17T05:19:17.787556082Z,static,scaled,edge-files,200,2.593512
2026-09-17T05:19:17.847596382Z,static,scaled,edge-files,200,2.588921
2026-09-17T05:19:17.907914255Z,static,scaled,edge-files,200,2.966048
2026-09-17T05:19:17.968334726Z,static,scaled,edge-files,200,2.806071
2026-09-17T05:19:18.028262537Z,static,scaled,edge-files,200,2.448224
2026-09-17T05:19:18.088076184Z,static,scaled,edge-files,200,2.42005
2026-09-17T05:19:18.148209793Z,static,scaled,edge-files,200,2.453124
2026-09-17T05:19:18.208352171Z,static,scaled,edge-files,200,2.600042
2026-09-17T05:19:18.268618529Z,static,scaled,edge-files,200,2.7026
2026-09-17T05:19:18.327401937Z,static,scaled,edge-files,200,2.40088
2026-09-17T05:19:18.387792783Z,static,scaled,edge-files,200,2.681024
2026-09-17T05:19:18.448338561Z,static,scaled,edge-files,200,2.786095
2026-09-17T05:19:18.50847302Z,static,scaled,edge-files,200,2.534222
2026-09-17T05:19:18.567735983Z,static,scaled,edge-files,200,2.749593
2026-09-17T05:19:18.628458179Z,static,scaled,edge-files,200,3.01113
2026-09-17T05:19:18.68861183Z,static,scaled,edge-files,200,2.653848
2026-09-17T05:19:18.748123058Z,static,scaled,edge-files,200,2.789816
2026-09-17T05:19:18.808318632Z,static,scaled,edge-files,200,2.660368
2026-09-17T05:19:18.866753541Z,static,scaled,edge-files,200,3.305939
2026-09-17T05:19:18.927108144Z,static,scaled,edge-files,200,2.776645
2026-09-17T05:19:18.986117344Z,static,scaled,edge-files,200,2.570285
2026-09-17T05:19:19.046759202Z,static,scaled,edge-files,200,2.787815
2026-09-17T05:19:19.107112541Z,static,scaled,edge-files,200,2.742557
2026-09-17T05:19:19.166507125Z,static,scaled,edge-files,200,2.805227
2026-09-17T05:19:19.226353075Z,static,scaled,edge-files,200,2.470295
2026-09-17T05:19:19.286450011Z,static,scaled,edge-files,200,2.479795
2026-09-17T05:19:19.346627349Z,static,scaled,edge-files,200,2.466759
2026-09-17T05:19:19.407673462Z,static,scaled,edge-files,200,3.308939
2026-09-17T05:19:19.467004179Z,static,scaled,edge-files,200,2.775285
2026-09-17T05:19:19.526169373Z,static,scaled,edge-files,200,2.614764
2026-09-17T05:19:19.586832377Z,static,scaled,edge-files,200,2.893963
2026-09-17T05:19:19.646208254Z,static,scaled,edge-files,200,2.573105
2026-09-17T05:19:19.707149795Z,static,scaled,edge-files,200,3.153922
2026-09-17T05:19:19.767233661Z,static,scaled,edge-files,200,3.551538
2026-09-17T05:19:19.827627507Z,static,scaled,edge-files,200,3.690927
2026-09-17T05:19:19.887574964Z,static,scaled,edge-files,200,3.056507
2026-09-17T05:19:19.947205971Z,static,scaled,edge-files,200,3.019844
2026-09-17T05:19:20.00711083Z,static,scaled,edge-files,200,3.220522
2026-09-17T05:19:20.067522162Z,static,scaled,edge-files,200,3.522527
2026-09-17T05:19:20.127151083Z,static,scaled,edge-files,200,3.144307
2026-09-17T05:19:20.186334506Z,static,scaled,edge-files,200,2.5614
2026-09-17T05:19:20.247227074Z,static,scaled,edge-files,200,3.078949
2026-09-17T05:19:20.307180171Z,static,scaled,edge-files,200,3.372368
2026-09-17T05:19:20.367198873Z,static,scaled,edge-files,200,3.339615
2026-09-17T05:19:20.427245267Z,static,scaled,edge-files,200,2.994093
2026-09-17T05:19:20.486580974Z,static,scaled,edge-files,200,2.685703
2026-09-17T05:19:20.547848907Z,static,scaled,edge-files,200,3.381948
2026-09-17T05:19:20.607508995Z,static,scaled,edge-files,200,3.003763
2026-09-17T05:19:20.667401969Z,static,scaled,edge-files,200,3.318354
2026-09-17T05:19:20.727003368Z,static,scaled,edge-files,200,2.910832
2026-09-17T05:19:20.787358365Z,static,scaled,edge-files,200,3.356136
2026-09-17T05:19:20.84696598Z,static,scaled,edge-files,200,2.729945
2026-09-17T05:19:20.906760327Z,static,scaled,edge-files,200,3.233677
2026-09-17T05:19:20.967570638Z,static,scaled,edge-files,200,3.122272
2026-09-17T05:19:21.026903546Z,static,scaled,edge-files,200,2.732976
2026-09-17T05:19:21.086352031Z,static,scaled,edge-files,200,2.769778
2026-09-17T05:19:21.147049607Z,static,scaled,edge-files,200,2.79431
2026-09-17T05:19:21.207382223Z,static,scaled,edge-files,200,3.465847
2026-09-17T05:19:21.267153279Z,static,scaled,edge-files,200,3.162818
2026-09-17T05:19:21.326939231Z,static,scaled,edge-files,200,2.911077
2026-09-17T05:19:21.387026868Z,static,scaled,edge-files,200,3.439577
2026-09-17T05:19:21.446884859Z,static,scaled,edge-files,200,2.911488
2026-09-17T05:19:21.507178509Z,static,scaled,edge-files,200,2.760648
2026-09-17T05:19:21.566230249Z,static,scaled,edge-files,200,2.543873
2026-09-17T05:19:21.626219508Z,static,scaled,edge-files,200,2.470278
2026-09-17T05:19:21.686285833Z,static,scaled,edge-files,200,2.48283
2026-09-17T05:19:21.746556471Z,static,scaled,edge-files,200,2.537743
2026-09-17T05:19:21.80701441Z,static,scaled,edge-files,200,2.879355
2026-09-17T05:19:21.867199623Z,static,scaled,edge-files,200,2.683643
2026-09-17T05:19:21.926335856Z,static,scaled,edge-files,200,2.531213
2026-09-17T05:19:21.986472036Z,static,scaled,edge-files,200,2.527194
2026-09-17T05:19:22.046958719Z,static,scaled,edge-files,200,2.688273
2026-09-17T05:19:22.106435006Z,static,scaled,edge-files,200,2.659781
2026-09-17T05:19:22.167034321Z,static,scaled,edge-files,200,2.937885
2026-09-17T05:19:22.227061447Z,static,scaled,edge-files,200,2.678963
2026-09-17T05:19:22.286377684Z,static,scaled,edge-files,200,2.63177
2026-09-17T05:19:22.346701365Z,static,scaled,edge-files,200,2.491011
2026-09-17T05:19:22.406925429Z,static,scaled,edge-files,200,2.697384
2026-09-17T05:19:22.465902044Z,static,scaled,edge-files,200,2.429637
2026-09-17T05:19:22.526020893Z,static,scaled,edge-files,200,2.48847
2026-09-17T05:19:22.587206379Z,static,scaled,edge-files,200,2.737066
2026-09-17T05:19:22.647206929Z,static,scaled,edge-files,200,3.290372
2026-09-17T05:19:22.706939403Z,static,scaled,edge-files,200,3.205417
2026-09-17T05:19:22.766964855Z,static,scaled,edge-files,200,2.425386
2026-09-17T05:19:22.826860529Z,static,scaled,edge-files,200,2.363972
2026-09-17T05:19:22.887011198Z,static,scaled,edge-files,200,2.571406
2026-09-17T05:19:22.946596362Z,static,scaled,edge-files,200,2.790569
2026-09-17T05:19:23.007201061Z,static,scaled,edge-files,200,2.905327
2026-09-17T05:19:23.066505726Z,static,scaled,edge-files,200,2.559084
2026-09-17T05:19:23.126929354Z,static,scaled,edge-files,200,2.758827
2026-09-17T05:19:23.186256861Z,static,scaled,edge-files,200,2.714105
2026-09-17T05:19:23.246700818Z,static,scaled,edge-files,200,2.754297
2026-09-17T05:19:23.307014079Z,static,scaled,edge-files,200,2.778098
2026-09-17T05:19:23.366410941Z,static,scaled,edge-files,200,2.765509
2026-09-17T05:19:23.426464855Z,static,scaled,edge-files,200,2.504922
2026-09-17T05:19:23.486418872Z,static,scaled,edge-files,200,2.428937
2026-09-17T05:19:23.547037353Z,static,scaled,edge-files,200,2.832183
2026-09-17T05:19:23.606631647Z,static,scaled,edge-files,200,3.054307
2026-09-17T05:19:23.667374835Z,static,scaled,edge-files,200,3.028385
2026-09-17T05:19:23.726991451Z,static,scaled,edge-files,200,3.073478
2026-09-17T05:19:23.786486429Z,static,scaled,edge-files,200,2.719474
2026-09-17T05:19:23.846776909Z,static,scaled,edge-files,200,2.599838
2026-09-17T05:19:23.907617762Z,static,scaled,edge-files,200,3.182285
2026-09-17T05:19:23.966533512Z,static,scaled,edge-files,200,2.373903
2026-09-17T05:19:24.026501421Z,static,scaled,edge-files,200,2.445207
2026-09-17T05:19:24.087234393Z,static,scaled,edge-files,200,2.87518
2026-09-17T05:19:24.146570286Z,static,scaled,edge-files,200,2.664571
2026-09-17T05:19:24.206962692Z,static,scaled,edge-files,200,2.949289
2026-09-17T05:19:24.266036918Z,static,scaled,edge-files,200,2.531407
2026-09-17T05:19:24.326225135Z,static,scaled,edge-files,200,2.570466
2026-09-17T05:19:24.386194514Z,static,scaled,edge-files,200,2.383922
2026-09-17T05:19:24.446505294Z,static,scaled,edge-files,200,2.632489
2026-09-17T05:19:24.507102333Z,static,scaled,edge-files,200,3.012034
2026-09-17T05:19:24.566007233Z,static,scaled,edge-files,200,2.491641
2026-09-17T05:19:24.626929213Z,static,scaled,edge-files,200,2.461849
2026-09-17T05:19:24.686954894Z,static,scaled,edge-files,200,2.49181
2026-09-17T05:19:24.746590551Z,static,scaled,edge-files,200,2.63321
2026-09-17T05:19:24.806682958Z,static,scaled,edge-files,200,2.567766
2026-09-17T05:19:24.867352762Z,static,scaled,edge-files,200,3.132402
2026-09-17T05:19:24.926588723Z,static,scaled,edge-files,200,2.708229
2026-09-17T05:19:24.986914005Z,static,scaled,edge-files,200,2.739627
2026-09-17T05:19:25.046258941Z,static,scaled,edge-files,200,2.594416
2026-09-17T05:19:25.106324081Z,static,scaled,edge-files,200,2.539707
2026-09-17T05:19:25.166580613Z,static,scaled,edge-files,200,2.701783
2026-09-17T05:19:25.226773206Z,static,scaled,edge-files,200,2.347191
2026-09-17T05:19:25.287496333Z,static,scaled,edge-files,200,3.034989
2026-09-17T05:19:25.347196294Z,static,scaled,edge-files,200,2.814201
2026-09-17T05:19:25.40665351Z,static,scaled,edge-files,200,2.753067
2026-09-17T05:19:25.466948199Z,static,scaled,edge-files,200,2.696974
2026-09-17T05:19:25.527040775Z,static,scaled,edge-files,200,2.49712
2026-09-17T05:19:25.586355901Z,static,scaled,edge-files,200,2.826513
2026-09-17T05:19:25.64695318Z,static,scaled,edge-files,200,2.79221
2026-09-17T05:19:25.70632698Z,static,scaled,edge-files,200,2.847294
2026-09-17T05:19:25.766514083Z,static,scaled,edge-files,200,2.700124
2026-09-17T05:19:25.826513253Z,static,scaled,edge-files,200,2.456008
2026-09-17T05:19:25.886846315Z,static,scaled,edge-files,200,2.792239
2026-09-17T05:19:25.946453181Z,static,scaled,edge-files,200,2.823902
2026-09-17T05:19:26.007409082Z,static,scaled,edge-files,200,2.886226
2026-09-17T05:19:26.066496064Z,static,scaled,edge-files,200,2.491661
2026-09-17T05:19:26.126950852Z,static,scaled,edge-files,200,2.775228
2026-09-17T05:19:26.186413308Z,static,scaled,edge-files,200,2.710234
2026-09-17T05:19:26.247290255Z,static,scaled,edge-files,200,3.11681
2026-09-17T05:19:26.306592489Z,static,scaled,edge-files,200,2.724715
2026-09-17T05:19:26.366694066Z,static,scaled,edge-files,200,2.483261
2026-09-17T05:19:26.427204229Z,static,scaled,edge-files,200,2.94052
2026-09-17T05:19:26.486022823Z,static,scaled,edge-files,200,2.215462
2026-09-17T05:19:26.546507535Z,static,scaled,edge-files,200,2.615428
2026-09-17T05:19:26.60672543Z,static,scaled,edge-files,200,2.554164
2026-09-17T05:19:26.667006938Z,static,scaled,edge-files,200,2.698844
2026-09-17T05:19:26.726199661Z,static,scaled,edge-files,200,2.56166
2026-09-17T05:19:26.786934302Z,static,scaled,edge-files,200,2.856774
2026-09-17T05:19:26.846512342Z,static,scaled,edge-files,200,2.836739
2026-09-17T05:19:26.907245074Z,static,scaled,edge-files,200,2.985872
2026-09-17T05:19:26.966280662Z,static,scaled,edge-files,200,2.535484
2026-09-17T05:19:27.026692905Z,static,scaled,edge-files,200,2.726372
2026-09-17T05:19:27.087456228Z,static,scaled,edge-files,200,3.002693
2026-09-17T05:19:27.147229605Z,static,scaled,edge-files,200,2.966721
2026-09-17T05:19:27.206433268Z,static,scaled,edge-files,200,2.460744
2026-09-17T05:19:27.26701167Z,static,scaled,edge-files,200,2.95223
2026-09-17T05:19:27.327654617Z,static,scaled,edge-files,200,3.138347
2026-09-17T05:19:27.3869905Z,static,scaled,edge-files,200,3.42172
2026-09-17T05:19:27.446594115Z,static,scaled,edge-files,200,3.011663
2026-09-17T05:19:27.506768857Z,static,scaled,edge-files,200,2.813141
2026-09-17T05:19:27.566886855Z,static,scaled,edge-files,200,2.612098
2026-09-17T05:19:27.627566119Z,static,scaled,edge-files,200,3.020849
2026-09-17T05:19:27.688002323Z,static,scaled,edge-files,200,3.838467
2026-09-17T05:19:27.746776555Z,static,scaled,edge-files,200,3.113197
2026-09-17T05:19:27.807581326Z,static,scaled,edge-files,200,3.045201
2026-09-17T05:19:27.866887109Z,static,scaled,edge-files,200,2.766328
2026-09-17T05:19:27.927395354Z,static,scaled,edge-files,200,2.898471
2026-09-17T05:19:27.98710571Z,static,scaled,edge-files,200,2.949826
2026-09-17T05:19:28.047317665Z,static,scaled,edge-files,200,3.422162
2026-09-17T05:19:28.106385537Z,static,scaled,edge-files,200,2.570544
2026-09-17T05:19:28.166359696Z,static,scaled,edge-files,200,2.413728
2026-09-17T05:19:28.227040418Z,static,scaled,edge-files,200,3.088734
2026-09-17T05:19:28.287754304Z,static,scaled,edge-files,200,3.254135
2026-09-17T05:19:28.347574897Z,static,scaled,edge-files,200,3.03621
2026-09-17T05:19:28.407277302Z,static,scaled,edge-files,200,3.147639
2026-09-17T05:19:28.466740715Z,static,scaled,edge-files,200,2.917702
2026-09-17T05:19:28.527113793Z,static,scaled,edge-files,200,2.772834
2026-09-17T05:19:28.586963707Z,static,scaled,edge-files,200,3.03753
2026-09-17T05:19:28.646839935Z,static,scaled,edge-files,200,3.142749
2026-09-17T05:19:28.706971194Z,static,scaled,edge-files,200,2.547461
2026-09-17T05:19:28.766035532Z,static,scaled,edge-files,200,2.420221
2026-09-17T05:19:28.826314897Z,static,scaled,edge-files,200,2.686826
2026-09-17T05:19:28.886770884Z,static,scaled,edge-files,200,2.947644
2026-09-17T05:19:28.946617295Z,static,scaled,edge-files,200,2.81366
2026-09-17T05:19:29.006522919Z,static,scaled,edge-files,200,2.376805
2026-09-17T05:19:29.066680766Z,static,scaled,edge-files,200,2.561159
2026-09-17T05:19:29.127057957Z,static,scaled,edge-files,200,2.682207
2026-09-17T05:19:29.186317172Z,static,scaled,edge-files,200,2.835427
2026-09-17T05:19:29.246439706Z,static,scaled,edge-files,200,2.331631
2026-09-17T05:19:29.306449003Z,static,scaled,edge-files,200,2.531196
2026-09-17T05:19:29.366907799Z,static,scaled,edge-files,200,2.856738
2026-09-17T05:19:29.426894095Z,static,scaled,edge-files,200,2.396347
2026-09-17T05:19:29.487337511Z,static,scaled,edge-files,200,2.915523
2026-09-17T05:19:29.546718084Z,static,scaled,edge-files,200,2.640134
2026-09-17T05:19:29.60673444Z,static,scaled,edge-files,200,2.536456
2026-09-17T05:19:29.667176938Z,static,scaled,edge-files,200,2.691127
2026-09-17T05:19:29.726628428Z,static,scaled,edge-files,200,2.66161
2026-09-17T05:19:29.786844296Z,static,scaled,edge-files,200,2.644174
2026-09-17T05:19:29.846042557Z,static,scaled,edge-files,200,2.534736
2026-09-17T05:19:29.906103506Z,static,scaled,edge-files,200,2.574279
2026-09-17T05:19:29.967257643Z,static,scaled,edge-files,200,2.771792
2026-09-17T05:19:30.026870851Z,static,scaled,edge-files,200,2.891781
2026-09-17T05:19:30.087352291Z,static,scaled,edge-files,200,2.89309
2026-09-17T05:19:30.146321774Z,static,scaled,edge-files,200,2.244775
2026-09-17T05:19:30.206883325Z,static,scaled,edge-files,200,2.759182
2026-09-17T05:19:30.266835972Z,static,scaled,edge-files,200,2.46404
2026-09-17T05:19:30.327756753Z,static,scaled,edge-files,200,3.398256
2026-09-17T05:19:30.386919429Z,static,scaled,edge-files,200,2.657114
2026-09-17T05:19:30.446499717Z,static,scaled,edge-files,200,2.793734
2026-09-17T05:19:30.506425716Z,static,scaled,edge-files,200,2.437188
2026-09-17T05:19:30.566357428Z,static,scaled,edge-files,200,2.408056
2026-09-17T05:19:30.626813073Z,static,scaled,edge-files,200,2.762218
2026-09-17T05:19:30.687184003Z,static,scaled,edge-files,200,2.981163
2026-09-17T05:19:30.746582502Z,static,scaled,edge-files,200,2.675876
2026-09-17T05:19:30.806581987Z,static,scaled,edge-files,200,2.43618
2026-09-17T05:19:30.86709893Z,static,scaled,edge-files,200,2.653995
2026-09-17T05:19:30.926557688Z,static,scaled,edge-files,200,2.702267
2026-09-17T05:19:30.987390962Z,static,scaled,edge-files,200,2.927844
2026-09-17T05:19:31.046730502Z,static,scaled,edge-files,200,2.572179
2026-09-17T05:19:31.106904615Z,static,scaled,edge-files,200,2.543253
2026-09-17T05:19:31.16698393Z,static,scaled,edge-files,200,2.706488
2026-09-17T05:19:31.227086103Z,static,scaled,edge-files,200,2.696007
2026-09-17T05:19:31.286493157Z,static,scaled,edge-files,200,2.683926
2026-09-17T05:19:31.346787165Z,static,scaled,edge-files,200,2.606041
2026-09-17T05:19:31.406888346Z,static,scaled,edge-files,200,2.604671
2026-09-17T05:19:31.466213926Z,static,scaled,edge-files,200,2.776053
2026-09-17T05:19:31.526724318Z,static,scaled,edge-files,200,2.889641
2026-09-17T05:19:31.587028253Z,static,scaled,edge-files,200,2.819876
2026-09-17T05:19:31.647008444Z,static,scaled,edge-files,200,2.813502
2026-09-17T05:19:31.707325645Z,static,scaled,edge-files,200,2.8779
2026-09-17T05:19:31.766992448Z,static,scaled,edge-files,200,2.837067
2026-09-17T05:19:31.827520292Z,static,scaled,edge-files,200,3.004868
2026-09-17T05:19:31.887184242Z,static,scaled,edge-files,200,2.902091
2026-09-17T05:19:31.946638346Z,static,scaled,edge-files,200,2.582673
2026-09-17T05:19:32.006936684Z,static,scaled,edge-files,200,2.634853
2026-09-17T05:19:32.066645313Z,static,scaled,edge-files,200,2.89952
2026-09-17T05:19:32.127402903Z,static,scaled,edge-files,200,3.17308
2026-09-17T05:19:32.186967487Z,static,scaled,edge-files,200,2.775663
2026-09-17T05:19:32.246315539Z,static,scaled,edge-files,200,2.580609
2026-09-17T05:19:32.306698005Z,static,scaled,edge-files,200,2.710813
2026-09-17T05:19:32.367248356Z,static,scaled,edge-files,200,2.751211
2026-09-17T05:19:32.426706234Z,static,scaled,edge-files,200,2.886681
2026-09-17T05:19:32.487028752Z,static,scaled,edge-files,200,2.631923
2026-09-17T05:19:32.547222737Z,static,scaled,edge-files,200,3.289143
2026-09-17T05:19:32.607427362Z,static,scaled,edge-files,200,3.098316
2026-09-17T05:19:32.667479912Z,static,scaled,edge-files,200,3.403247
2026-09-17T05:19:32.726796475Z,static,scaled,edge-files,200,2.769607
2026-09-17T05:19:32.787131569Z,static,scaled,edge-files,200,2.697207
2026-09-17T05:19:32.846266174Z,static,scaled,edge-files,200,2.427148
2026-09-17T05:19:32.906481406Z,static,scaled,edge-files,200,2.639254
2026-09-17T05:19:32.96660531Z,static,scaled,edge-files,200,2.684416
2026-09-17T05:19:33.026965884Z,static,scaled,edge-files,200,2.815151
2026-09-17T05:19:33.085846068Z,static,scaled,edge-files,200,2.413498
2026-09-17T05:19:33.146264603Z,static,scaled,edge-files,200,2.559758
2026-09-17T05:19:33.206695508Z,static,scaled,edge-files,200,2.59389
2026-09-17T05:19:33.266946667Z,static,scaled,edge-files,200,2.718444
2026-09-17T05:19:33.326213009Z,static,scaled,edge-files,200,2.719424
2026-09-17T05:19:33.386409782Z,static,scaled,edge-files,200,2.487677
2026-09-17T05:19:33.446694552Z,static,scaled,edge-files,200,2.520025
2026-09-17T05:19:33.507206304Z,static,scaled,edge-files,200,2.783803
2026-09-17T05:19:33.566514512Z,static,scaled,edge-files,200,2.837837
2026-09-17T05:19:33.626893284Z,static,scaled,edge-files,200,2.843517
2026-09-17T05:19:33.687050901Z,static,scaled,edge-files,200,2.609791
2026-09-17T05:19:33.746201977Z,static,scaled,edge-files,200,2.557428
2026-09-17T05:19:33.806660671Z,static,scaled,edge-files,200,2.741096
2026-09-17T05:19:33.867126373Z,static,scaled,edge-files,200,2.953645
2026-09-17T05:19:33.927293184Z,static,scaled,edge-files,200,3.117372
2026-09-17T05:19:33.986243872Z,static,scaled,edge-files,200,2.560547
2026-09-17T05:19:34.046873589Z,static,scaled,edge-files,200,2.631999
2026-09-17T05:19:34.106968369Z,static,scaled,edge-files,200,2.518289
2026-09-17T05:19:34.166549781Z,static,scaled,edge-files,200,3.043462
2026-09-17T05:19:34.227045706Z,static,scaled,edge-files,200,2.967711
2026-09-17T05:19:34.286044157Z,static,scaled,edge-files,200,2.527416
2026-09-17T05:19:34.346466263Z,static,scaled,edge-files,200,2.808255
2026-09-17T05:19:34.406734932Z,static,scaled,edge-files,200,2.565857
2026-09-17T05:19:34.466921056Z,static,scaled,edge-files,200,2.691657
2026-09-17T05:19:34.527211482Z,static,scaled,edge-files,200,2.794715
2026-09-17T05:19:34.586611667Z,static,scaled,edge-files,200,2.6015
2026-09-17T05:19:34.646863489Z,static,scaled,edge-files,200,2.501953
2026-09-17T05:19:34.707041238Z,static,scaled,edge-files,200,2.523835
2026-09-17T05:19:34.766738482Z,static,scaled,edge-files,200,3.184271
2026-09-17T05:19:34.826133622Z,static,scaled,edge-files,200,2.645569
2026-09-17T05:19:34.88638994Z,static,scaled,edge-files,200,2.704627
2026-09-17T05:19:34.946889501Z,static,scaled,edge-files,200,2.739521
2026-09-17T05:19:35.007691092Z,static,scaled,edge-files,200,3.185781
2026-09-17T05:19:35.067819257Z,static,scaled,edge-files,200,3.351823
2026-09-17T05:19:35.127382673Z,static,scaled,edge-files,200,2.825125
2026-09-17T05:19:35.186648662Z,static,scaled,edge-files,200,2.691413
2026-09-17T05:19:35.246850688Z,static,scaled,edge-files,200,2.371529
2026-09-17T05:19:35.30751819Z,static,scaled,edge-files,200,2.908863
2026-09-17T05:19:35.367811736Z,static,scaled,edge-files,200,3.500533
2026-09-17T05:19:35.426901078Z,static,scaled,edge-files,200,2.58181
2026-09-17T05:19:35.487141081Z,static,scaled,edge-files,200,2.682161
2026-09-17T05:19:35.546935712Z,static,scaled,edge-files,200,3.110476
2026-09-17T05:19:35.606539231Z,static,scaled,edge-files,200,3.049202
2026-09-17T05:19:35.667151333Z,static,scaled,edge-files,200,3.107779
2026-09-17T05:19:35.726520933Z,static,scaled,edge-files,200,2.721242
2026-09-17T05:19:35.788094846Z,static,scaled,edge-files,200,3.979218
2026-09-17T05:19:35.846449513Z,static,scaled,edge-files,200,2.782465
2026-09-17T05:19:35.907331648Z,static,scaled,edge-files,200,3.026442
2026-09-17T05:19:35.967153901Z,static,scaled,edge-files,200,3.163012
2026-09-17T05:19:36.026511239Z,static,scaled,edge-files,200,2.741762
2026-09-17T05:19:36.087026801Z,static,scaled,edge-files,200,2.840149
2026-09-17T05:19:36.14652458Z,static,scaled,edge-files,200,2.757015
2026-09-17T05:19:36.207109835Z,static,scaled,edge-files,200,2.948108
2026-09-17T05:19:36.266763465Z,static,scaled,edge-files,200,2.918415
2026-09-17T05:19:36.32713239Z,static,scaled,edge-files,200,2.771749
2026-09-17T05:19:36.386927695Z,static,scaled,edge-files,200,3.005615
2026-09-17T05:19:36.446719713Z,static,scaled,edge-files,200,2.78874
2026-09-17T05:19:36.506772321Z,static,scaled,edge-files,200,3.034972
2026-09-17T05:19:36.566569777Z,static,scaled,edge-files,200,3.095592
2026-09-17T05:19:36.627014787Z,static,scaled,edge-files,200,2.833159
2026-09-17T05:19:36.686287905Z,static,scaled,edge-files,200,2.725947
2026-09-17T05:19:36.746904247Z,static,scaled,edge-files,200,2.864006
2026-09-17T05:19:36.806733798Z,static,scaled,edge-files,200,3.152561
2026-09-17T05:19:36.867447372Z,static,scaled,edge-files,200,3.050809
2026-09-17T05:19:36.926819281Z,static,scaled,edge-files,200,2.799327
2026-09-17T05:19:36.987360903Z,static,scaled,edge-files,200,3.016762
2026-09-17T05:19:37.047180609Z,static,scaled,edge-files,200,2.950392
2026-09-17T05:19:37.106462318Z,static,scaled,edge-files,200,2.829459
2026-09-17T05:19:37.166843579Z,static,scaled,edge-files,200,2.791517
2026-09-17T05:19:37.226002215Z,static,scaled,edge-files,200,2.470183
2026-09-17T05:19:37.286537717Z,static,scaled,edge-files,200,2.899653
2026-09-17T05:19:37.347016375Z,static,scaled,edge-files,200,2.720541
2026-09-17T05:19:37.406782732Z,static,scaled,edge-files,200,2.911895
2026-09-17T05:19:37.467465205Z,static,scaled,edge-files,200,3.059355
2026-09-17T05:19:37.526889947Z,static,scaled,edge-files,200,2.866031
2026-09-17T05:19:37.586419889Z,static,scaled,edge-files,200,2.835515
2026-09-17T05:19:37.646911877Z,static,scaled,edge-files,200,2.687308
2026-09-17T05:19:37.707616629Z,static,scaled,edge-files,200,3.106458
2026-09-17T05:19:37.767581926Z,static,scaled,edge-files,200,3.042519
2026-09-17T05:19:37.826485626Z,static,scaled,edge-files,200,2.41064
2026-09-17T05:19:37.886854108Z,static,scaled,edge-files,200,2.681058
2026-09-17T05:19:37.946661559Z,static,scaled,edge-files,200,2.838379
2026-09-17T05:19:38.007334394Z,static,scaled,edge-files,200,3.126104
2026-09-17T05:19:38.067071395Z,static,scaled,edge-files,200,3.134301
2026-09-17T05:19:38.126166655Z,static,scaled,edge-files,200,2.496485
2026-09-17T05:19:38.186451799Z,static,scaled,edge-files,200,2.669808
2026-09-17T05:19:38.247107749Z,static,scaled,edge-files,200,2.622174
2026-09-17T05:19:38.306618438Z,static,scaled,edge-files,200,2.803707
2026-09-17T05:19:38.367489629Z,static,scaled,edge-files,200,3.226697
2026-09-17T05:19:38.426827022Z,static,scaled,edge-files,200,2.733896
2026-09-17T05:19:38.487127467Z,static,scaled,edge-files,200,2.794777
2026-09-17T05:19:38.54655937Z,static,scaled,edge-files,200,2.677627
2026-09-17T05:19:38.606927145Z,static,scaled,edge-files,200,2.656771
2026-09-17T05:19:38.666381445Z,static,scaled,edge-files,200,2.629884
2026-09-17T05:19:38.726498606Z,static,scaled,edge-files,200,2.592752
2026-09-17T05:19:38.786708705Z,static,scaled,edge-files,200,2.726902
2026-09-17T05:19:38.846283164Z,static,scaled,edge-files,200,2.650882
2026-09-17T05:19:38.906772998Z,static,scaled,edge-files,200,3.012943
2026-09-17T05:19:38.967025269Z,static,scaled,edge-files,200,2.69899
2026-09-17T05:19:39.02624032Z,static,scaled,edge-files,200,2.537587
2026-09-17T05:19:39.086607859Z,static,scaled,edge-files,200,2.748912
2026-09-17T05:19:39.146357045Z,static,scaled,edge-files,200,2.741582
2026-09-17T05:19:39.206469128Z,static,scaled,edge-files,200,2.55708
2026-09-17T05:19:39.266724171Z,static,scaled,edge-files,200,2.620104
2026-09-17T05:19:39.32709072Z,static,scaled,edge-files,200,2.878283
2026-09-17T05:19:39.386229014Z,static,scaled,edge-files,200,2.738382
2026-09-17T05:19:39.447347496Z,static,scaled,edge-files,200,3.117849
2026-09-17T05:19:39.506294911Z,static,scaled,edge-files,200,2.518052
2026-09-17T05:19:39.566595392Z,static,scaled,edge-files,200,2.642816
2026-09-17T05:19:39.626618258Z,static,scaled,edge-files,200,2.442441
2026-09-17T05:19:39.687019552Z,static,scaled,edge-files,200,2.669892
2026-09-17T05:19:39.746692287Z,static,scaled,edge-files,200,2.956113
2026-09-17T05:19:39.80687938Z,static,scaled,edge-files,200,2.608753
2026-09-17T05:19:39.867061336Z,static,scaled,edge-files,200,2.623405
2026-09-17T05:19:39.92604015Z,static,scaled,edge-files,200,2.559689
2026-09-17T05:19:39.986264088Z,static,scaled,edge-files,200,2.602292
