timestamp,endpoint,deployment,instance,status,response_time_ms
2026-09-17T05:19:59.120323545Z,aggregation,scaled,660681595a5e,200,53.483957
2026-09-17T05:19:59.13789405Z,aggregation,scaled,a1cb37b7da6b,200,13.543629
2026-09-17T05:19:59.197775892Z,aggregation,scaled,348cd506525f,200,12.501042
2026-09-17T05:19:59.257774721Z,aggregation,scaled,a1cb37b7da6b,200,12.557894
2026-09-17T05:19:59.318020942Z,aggregation,scaled,348cd506525f,200,12.703909
2026-09-17T05:19:59.379098769Z,aggregation,scaled,660681595a5e,200,13.221278
2026-09-17T05:19:59.436299005Z,aggregation,scaled,348cd506525f,200,10.819046
2026-09-17T05:19:59.496097216Z,aggregation,scaled,660681595a5e,200,11.3491
2026-09-17T05:19:59.556956458Z,aggregation,scaled,a1cb37b7da6b,200,11.438191
2026-09-17T05:19:59.615248676Z,aggregation,scaled,660681595a5e,200,10.628187
2026-09-17T05:19:59.675725022Z,aggregation,scaled,a1cb37b7da6b,200,11.874344
2026-09-17T05:19:59.735707806Z,aggregation,scaled,348cd506525f,200,10.560034
2026-09-17T05:19:59.796682585Z,aggregation,scaled,a1cb37b7da6b,200,11.505687
2026-09-17T05:19:59.859209199Z,aggregation,scaled,348cd506525f,200,14.249976
2026-09-17T05:19:59.916161861Z,aggregation,scaled,660681595a5e,200,10.428565
2026-09-17T05:19:59.977035019Z,aggregation,scaled,348cd506525f,200,10.915548
2026-09-17T05:20:00.039607071Z,aggregation,scaled,660681595a5e,200,13.295867
2026-09-17T05:20:00.096244406Z,aggregation,scaled,a1cb37b7da6b,200,10.507841
2026-09-17T05:20:00.157696403Z,aggregation,scaled,660681595a5e,200,12.373518
2026-09-17T05:20:00.218264251Z,aggregation,scaled,a1cb37b7da6b,200,13.047559
2026-09-17T05:20:00.274098644Z,aggregation,scaled,348cd506525f,200,13.255364
2026-09-17T05:20:00.331564905Z,aggregation,scaled,a1cb37b7da6b,200,10.841773
2026-09-17T05:20:00.391614868Z,aggregation,scaled,348cd506525f,200,11.007574
2026-09-17T05:20:00.454258485Z,aggregation,scaled,660681595a5e,200,13.834923
2026-09-17T05:20:00.512276033Z,aggregation,scaled,348cd506525f,200,11.372429
2026-09-17T05:20:00.57103384Z,aggregation,scaled,660681595a5e,200,11.178225
2026-09-17T05:20:00.632708181Z,aggregation,scaled,a1cb37b7da6b,200,11.793335
2026-09-17T05:20:00.692048266Z,aggregation,scaled,660681595a5e,200,12.137199
2026-09-17T05:20:00.753180701Z,aggregation,scaled,a1cb37b7da6b,200,12.435619
2026-09-17T05:20:00.814681562Z,aggregation,scaled,348cd506525f,200,13.759818
2026-09-17T05:20:00.871990508Z,aggregation,scaled,a1cb37b7da6b,200,11.664054
2026-09-17T05:20:00.931939359Z,aggregation,scaled,348cd506525f,200,11.185676
2026-09-17T05:20:00.992925466Z,aggregation,scaled,660681595a5e,200,12.195363
2026-09-17T05:20:01.053406844Z,aggregation,scaled,348cd506525f,200,12.761637
2026-09-17T05:20:01.10997657Z,aggregation,scaled,660681595a5e,200,10.027589
2026-09-17T05:20:01.173310751Z,aggregation,scaled,a1cb37b7da6b,200,12.5943
2026-09-17T05:20:01.232628666Z,aggregation,scaled,660681595a5e,200,12.641013
2026-09-17T05:20:01.290629273Z,aggregation,scaled,a1cb37b7da6b,200,10.307706
2026-09-17T05:20:01.350642623Z,aggregation,scaled,348cd506525f,200,10.451666
2026-09-17T05:20:01.413077794Z,aggregation,scaled,a1cb37b7da6b,200,12.604669
2026-09-17T05:20:01.471986792Z,aggregation,scaled,348cd506525f,200,11.240288
2026-09-17T05:20:01.531602326Z,aggregation,scaled,660681595a5e,200,11.031174
2026-09-17T05:20:01.591647459Z,aggregation,scaled,348cd506525f,200,11.40816
2026-09-17T05:20:01.650047674Z,aggregation,scaled,660681595a5e,200,9.756432
2026-09-17T05:20:01.711791091Z,aggregation,scaled,a1cb37b7da6b,200,11.061217
2026-09-17T05:20:01.7720818Z,aggregation,scaled,660681595a5e,200,11.516928
2026-09-17T05:20:01.8331249Z,aggregation,scaled,a1cb37b7da6b,200,12.267728
2026-09-17T05:20:01.89147826Z,aggregation,scaled,348cd506525f,200,10.768667
2026-09-17T05:20:01.950712509Z,aggregation,scaled,a1cb37b7da6b,200,10.691103
2026-09-17T05:20:02.011450604Z,aggregation,scaled,348cd506525f,200,11.275158
2026-09-17T05:20:02.070864949Z,aggregation,scaled,660681595a5e,200,10.801921
2026-09-17T05:20:02.130703798Z,aggregation,scaled,348cd506525f,200,10.330269
2026-09-17T05:20:02.192121055Z,aggregation,scaled,660681595a5e,200,11.824255
2026-09-17T05:20:02.251869389Z,aggregation,scaled,a1cb37b7da6b,200,11.041129
2026-09-17T05:20:02.311739881Z,aggregation,scaled,660681595a5e,200,11.299885
2026-09-17T05:20:02.371800736Z,aggregation,scaled,a1cb37b7da6b,200,11.376889
2026-09-17T05:20:02.43021548Z,aggregation,scaled,348cd506525f,200,9.887629
2026-09-17T05:20:02.490277893Z,aggregation,scaled,a1cb37b7da6b,200,10.458237
2026-09-17T05:20:02.552179711Z,aggregation,scaled,348cd506525f,200,11.337356
2026-09-17T05:20:02.610343077Z,aggregation,scaled,660681595a5e,200,10.281861
2026-09-17T05:20:02.670095001Z,aggregation,scaled,348cd506525f,200,10.259513
2026-09-17T05:20:02.734672227Z,aggregation,scaled,660681595a5e,200,13.721586
2026-09-17T05:20:02.791053446Z,aggregation,scaled,a1cb37b7da6b,200,10.865775
2026-09-17T05:20:02.852111026Z,aggregation,scaled,660681595a5e,200,11.467515
2026-09-17T05:20:02.911029514Z,aggregation,scaled,a1cb37b7da6b,200,10.525552
2026-09-17T05:20:02.971825127Z,aggregation,scaled,348cd506525f,200,11.263112
2026-09-17T05:20:03.031836408Z,aggregation,scaled,a1cb37b7da6b,200,11.558671
2026-09-17T05:20:03.095244976Z,aggregation,scaled,348cd506525f,200,14.782236
2026-09-17T05:20:03.152327692Z,aggregation,scaled,660681595a5e,200,12.410786
2026-09-17T05:20:03.211499857Z,aggregation,scaled,348cd506525f,200,10.760177
2026-09-17T05:20:03.27004868Z,aggregation,scaled,660681595a5e,200,10.292796
2026-09-17T05:20:03.331558539Z,aggregation,scaled,a1cb37b7da6b,200,10.826931
2026-09-17T05:20:03.389675234Z,aggregation,scaled,660681595a5e,200,9.561416
2026-09-17T05:20:03.451273669Z,aggregation,scaled,a1cb37b7da6b,200,10.757346
2026-09-17T05:20:03.512154569Z,aggregation,scaled,348cd506525f,200,12.172812
2026-09-17T05:20:03.57000599Z,aggregation,scaled,a1cb37b7da6b,200,10.257629
2026-09-17T05:20:03.632107525Z,aggregation,scaled,348cd506525f,200,11.522068
2026-09-17T05:20:03.696941005Z,aggregation,scaled,660681595a5e,200,15.982579
2026-09-17T05:20:03.754945712Z,aggregation,scaled,348cd506525f,200,14.286498
2026-09-17T05:20:03.810296283Z,aggregation,scaled,660681595a5e,200,10.009107
2026-09-17T05:20:03.870064997Z,aggregation,scaled,a1cb37b7da6b,200,10.226301
2026-09-17T05:20:03.931629122Z,aggregation,scaled,660681595a5e,200,10.812581
2026-09-17T05:20:03.991720949Z,aggregation,scaled,a1cb37b7da6b,200,11.316736
2026-09-17T05:20:04.051512425Z,aggregation,scaled,348cd506525f,200,11.295696
2026-09-17T05:20:04.11158313Z,aggregation,scaled,a1cb37b7da6b,200,11.437613
2026-09-17T05:20:04.170889673Z,aggregation,scaled,348cd506525f,200,10.709149
2026-09-17T05:20:04.231691206Z,aggregation,scaled,660681595a5e,200,11.233849
2026-09-17T05:20:04.292446006Z,aggregation,scaled,348cd506525f,200,11.889373
2026-09-17T05:20:04.350947416Z,aggregation,scaled,660681595a5e,200,10.940249
2026-09-17T05:20:04.414089806Z,aggregation,scaled,a1cb37b7da6b,200,13.417965
2026-09-17T05:20:04.472669412Z,aggregation,scaled,660681595a5e,200,11.982779
2026-09-17T05:20:04.530515907Z,aggregation,scaled,a1cb37b7da6b,200,10.327388
2026-09-17T05:20:04.59101475Z,aggregation,scaled,348cd506525f,200,10.938977
2026-09-17T05:20:04.652255331Z,aggregation,scaled,a1cb37b7da6b,200,11.393251
2026-09-17T05:20:04.711477469Z,aggregation,scaled,348cd506525f,200,10.743707
2026-09-17T05:20:04.773900197Z,aggregation,scaled,660681595a5e,200,13.881752
2026-09-17T05:20:04.831222592Z,aggregation,scaled,348cd506525f,200,10.822762
2026-09-17T05:20:04.891137477Z,aggregation,scaled,660681595a5e,200,11.267962
2026-09-17T05:20:04.951247419Z,aggregation,scaled,a1cb37b7da6b,200,10.501376
2026-09-17T05:20:05.010920792Z,aggregation,scaled,660681595a5e,200,11.117272
2026-09-17T05:20:05.070472433Z,aggregation,scaled,a1cb37b7da6b,200,9.892009
2026-09-17T05:20:05.130636095Z,aggregation,scaled,348cd506525f,200,10.436545
2026-09-17T05:20:05.193685776Z,aggregation,scaled,a1cb37b7da6b,200,13.022137
2026-09-17T05:20:05.254748147Z,aggregation,scaled,348cd506525f,200,14.675608
2026-09-17T05:20:05.312080969Z,aggregation,scaled,660681595a5e,200,12.003743
2026-09-17T05:20:05.372616565Z,aggregation,scaled,348cd506525f,200,11.982448
2026-09-17T05:20:05.433034674Z,aggregation,scaled,660681595a5e,200,12.738919
2026-09-17T05:20:05.492708423Z,aggregation,scaled,a1cb37b7da6b,200,11.961298
2026-09-17T05:20:05.551242245Z,aggregation,scaled,660681595a5e,200,10.969681
2026-09-17T05:20:05.611350283Z,aggregation,scaled,a1cb37b7da6b,200,11.66161
2026-09-17T05:20:05.67056328Z,aggregation,scaled,348cd506525f,200,10.497289
2026-09-17T05:20:05.731276598Z,aggregation,scaled,a1cb37b7da6b,200,10.724877
2026-09-17T05:20:05.791444748Z,aggregation,scaled,348cd506525f,200,11.658797
2026-09-17T05:20:05.852159416Z,aggregation,scaled,660681595a5e,200,11.935036
2026-09-17T05:20:05.911595558Z,aggregation,scaled,348cd506525f,200,11.815248
2026-09-17T05:20:05.973087228Z,aggregation,scaled,660681595a5e,200,12.985976
2026-09-17T05:20:06.036436571Z,aggregation,scaled,a1cb37b7da6b,200,15.638977
2026-09-17T05:20:06.090509226Z,aggregation,scaled,660681595a5e,200,10.661261
2026-09-17T05:20:06.151010799Z,aggregation,scaled,a1cb37b7da6b,200,10.93574
2026-09-17T05:20:06.214119642Z,aggregation,scaled,348cd506525f,200,13.42403
2026-09-17T05:20:06.271254756Z,aggregation,scaled,a1cb37b7da6b,200,10.527302
2026-09-17T05:20:06.333393869Z,aggregation,scaled,348cd506525f,200,13.250484
2026-09-17T05:20:06.393130021Z,aggregation,scaled,660681595a5e,200,12.228996
2026-09-17T05:20:06.45371044Z,aggregation,scaled,348cd506525f,200,12.826056
2026-09-17T05:20:06.515188709Z,aggregation,scaled,660681595a5e,200,14.925225
2026-09-17T05:20:06.573225848Z,aggregation,scaled,a1cb37b7da6b,200,12.43981
2026-09-17T05:20:06.631748989Z,aggregation,scaled,660681595a5e,200,11.742023
2026-09-17T05:20:06.692272454Z,aggregation,scaled,a1cb37b7da6b,200,11.776896
2026-09-17T05:20:06.751321001Z,aggregation,scaled,348cd506525f,200,11.444394
2026-09-17T05:20:06.811737569Z,aggregation,scaled,a1cb37b7da6b,200,11.879692
2026-09-17T05:20:06.871034412Z,aggregation,scaled,348cd506525f,200,10.579195
2026-09-17T05:20:06.9316038Z,aggregation,scaled,660681595a5e,200,10.928667
2026-09-17T05:20:06.992558964Z,aggregation,scaled,348cd506525f,200,12.281857
2026-09-17T05:20:07.050608455Z,aggregation,scaled,660681595a5e,200,10.50114
2026-09-17T05:20:07.111375655Z,aggregation,scaled,a1cb37b7da6b,200,10.98354
2026-09-17T05:20:07.172583951Z,aggregation,scaled,660681595a5e,200,12.791206
2026-09-17T05:20:07.233004873Z,aggregation,scaled,a1cb37b7da6b,200,12.561246
2026-09-17T05:20:07.291340295Z,aggregation,scaled,348cd506525f,200,10.430286
2026-09-17T05:20:07.350694473Z,aggregation,scaled,a1cb37b7da6b,200,10.844095
2026-09-17T05:20:07.412179132Z,aggregation,scaled,348cd506525f,200,11.773945
2026-09-17T05:20:07.471016379Z,aggregation,scaled,660681595a5e,200,10.089388
2026-09-17T05:20:07.531744226Z,aggregation,scaled,348cd506525f,200,11.009829
2026-09-17T05:20:07.592657212Z,aggregation,scaled,660681595a5e,200,12.289039
2026-09-17T05:20:07.650605136Z,aggregation,scaled,a1cb37b7da6b,200,10.291196
2026-09-17T05:20:07.710853493Z,aggregation,scaled,660681595a5e,200,10.720231
2026-09-17T05:20:07.777666998Z,aggregation,scaled,a1cb37b7da6b,200,17.192755
2026-09-17T05:20:07.829832299Z,aggregation,scaled,348cd506525f,200,9.675491
2026-09-17T05:20:07.890713515Z,aggregation,scaled,a1cb37b7da6b,200,10.264651
2026-09-17T05:20:07.95188663Z,aggregation,scaled,348cd506525f,200,11.630713
2026-09-17T05:20:08.011101605Z,aggregation,scaled,660681595a5e,200,10.615715
2026-09-17T05:20:08.070662492Z,aggregation,scaled,348cd506525f,200,9.985292
2026-09-17T05:20:08.131572719Z,aggregation,scaled,660681595a5e,200,11.302231
2026-09-17T05:20:08.192285183Z,aggregation,scaled,a1cb37b7da6b,200,12.242312
2026-09-17T05:20:08.252044645Z,aggregation,scaled,660681595a5e,200,11.186843
2026-09-17T05:20:08.311202795Z,aggregation,scaled,a1cb37b7da6b,200,10.640606
2026-09-17T05:20:08.372594465Z,aggregation,scaled,348cd506525f,200,11.826246
2026-09-17T05:20:08.431145015Z,aggregation,scaled,a1cb37b7da6b,200,10.942847
2026-09-17T05:20:08.491599932Z,aggregation,scaled,348cd506525f,200,10.70694
2026-09-17T05:20:08.552341328Z,aggregation,scaled,660681595a5e,200,12.087564
2026-09-17T05:20:08.610344847Z,aggregation,scaled,348cd506525f,200,10.16862
2026-09-17T05:20:08.670146945Z,aggregation,scaled,660681595a5e,200,10.184025
2026-09-17T05:20:08.731134037Z,aggregation,scaled,a1cb37b7da6b,200,10.493157
2026-09-17T05:20:08.792103449Z,aggregation,scaled,660681595a5e,200,11.371596
2026-09-17T05:20:08.851669878Z,aggregation,scaled,a1cb37b7da6b,200,11.062935
2026-09-17T05:20:08.911601439Z,aggregation,scaled,348cd506525f,200,11.342313
2026-09-17T05:20:08.971558513Z,aggregation,scaled,a1cb37b7da6b,200,11.281829
2026-09-17T05:20:09.030362284Z,aggregation,scaled,348cd506525f,200,10.172489
2026-09-17T05:20:09.090779174Z,aggregation,scaled,660681595a5e,200,10.867452
2026-09-17T05:20:09.151619167Z,aggregation,scaled,348cd506525f,200,11.342527
2026-09-17T05:20:09.210899885Z,aggregation,scaled,660681595a5e,200,10.747263
2026-09-17T05:20:09.271272458Z,aggregation,scaled,a1cb37b7da6b,200,10.876882
2026-09-17T05:20:09.331089018Z,aggregation,scaled,660681595a5e,200,11.283155
2026-09-17T05:20:09.391519107Z,aggregation,scaled,a1cb37b7da6b,200,10.828589
2026-09-17T05:20:09.452823013Z,aggregation,scaled,348cd506525f,200,12.7877
2026-09-17T05:20:09.511779319Z,aggregation,scaled,a1cb37b7da6b,200,11.393177
2026-09-17T05:20:09.570472607Z,aggregation,scaled,348cd506525f,200,10.088068
2026-09-17T05:20:09.629993751Z,aggregation,scaled,660681595a5e,200,10.162782
2026-09-17T05:20:09.69163646Z,aggregation,scaled,348cd506525f,200,10.923675
2026-09-17T05:20:09.750404933Z,aggregation,scaled,660681595a5e,200,10.305104
2026-09-17T05:20:09.811394501Z,aggregation,scaled,a1cb37b7da6b,200,11.564153
2026-09-17T05:20:09.871498331Z,aggregation,scaled,660681595a5e,200,11.621042
2026-09-17T05:20:09.930751507Z,aggregation,scaled,a1cb37b7da6b,200,10.736422
2026-09-17T05:20:09.991524654Z,aggregation,scaled,348cd506525f,200,11.059339
2026-09-17T05:20:10.050096724Z,aggregation,scaled,a1cb37b7da6b,200,9.950367
2026-09-17T05:20:10.112277489Z,aggregation,scaled,348cd506525f,200,11.59605
2026-09-17T05:20:10.170032254Z,aggregation,scaled,660681595a5e,200,10.127141
2026-09-17T05:20:10.231070691Z,aggregation,scaled,348cd506525f,200,10.271002
2026-09-17T05:20:10.294585844Z,aggregation,scaled,660681595a5e,200,13.68375
2026-09-17T05:20:10.352454498Z,aggregation,scaled,a1cb37b7da6b,200,12.326309
2026-09-17T05:20:10.410681205Z,aggregation,scaled,660681595a5e,200,10.857221
2026-09-17T05:20:10.470347609Z,aggregation,scaled,a1cb37b7da6b,200,10.002501
2026-09-17T05:20:10.530812858Z,aggregation,scaled,348cd506525f,200,10.734142
2026-09-17T05:20:10.592208708Z,aggregation,scaled,a1cb37b7da6b,200,11.770373
2026-09-17T05:20:10.651902954Z,aggregation,scaled,348cd506525f,200,12.081083
2026-09-17T05:20:10.710887594Z,aggregation,scaled,660681595a5e,200,10.39568
2026-09-17T05:20:10.770821955Z,aggregation,scaled,348cd506525f,200,10.385679
2026-09-17T05:20:10.832778493Z,aggregation,scaled,660681595a5e,200,12.479599
2026-09-17T05:20:10.892321509Z,aggregation,scaled,a1cb37b7da6b,200,12.019588
2026-09-17T05:20:10.949797166Z,aggregation,scaled,660681595a5e,200,9.874115
2026-09-17T05:20:11.011184326Z,aggregation,scaled,a1cb37b7da6b,200,10.825609
2026-09-17T05:20:11.071621911Z,aggregation,scaled,348cd506525f,200,11.89215
2026-09-17T05:20:11.130732479Z,aggregation,scaled,a1cb37b7da6b,200,10.667388
2026-09-17T05:20:11.19109668Z,aggregation,scaled,348cd506525f,200,10.733312
2026-09-17T05:20:11.252325959Z,aggregation,scaled,660681595a5e,200,11.537376
2026-09-17T05:20:11.309679778Z,aggregation,scaled,348cd506525f,200,9.884615
2026-09-17T05:20:11.370331319Z,aggregation,scaled,660681595a5e,200,10.208177
2026-09-17T05:20:11.430153762Z,aggregation,scaled,a1cb37b7da6b,200,10.188606
2026-09-17T05:20:11.490186532Z,aggregation,scaled,660681595a5e,200,10.285312
2026-09-17T05:20:11.552378497Z,aggregation,scaled,a1cb37b7da6b,200,11.632863
2026-09-17T05:20:11.612848295Z,aggregation,scaled,348cd506525f,200,12.958532
2026-09-17T05:20:11.670504874Z,aggregation,scaled,a1cb37b7da6b,200,10.111661
2026-09-17T05:20:11.730372022Z,aggregation,scaled,348cd506525f,200,10.340885
2026-09-17T05:20:11.791861449Z,aggregation,scaled,660681595a5e,200,11.851767
2026-09-17T05:20:11.851986664Z,aggregation,scaled,348cd506525f,200,11.565758
2026-09-17T05:20:11.910995952Z,aggregation,scaled,660681595a5e,200,10.43903
2026-09-17T05:20:11.971803735Z,aggregation,scaled,a1cb37b7da6b,200,11.324082
2026-09-17T05:20:12.032436754Z,aggregation,scaled,660681595a5e,200,12.095954
2026-09-17T05:20:12.090842303Z,aggregation,scaled,a1cb37b7da6b,200,10.896853
2026-09-17T05:20:12.150511468Z,aggregation,scaled,348cd506525f,200,10.000622
2026-09-17T05:20:12.211994865Z,aggregation,scaled,a1cb37b7da6b,200,11.850137
2026-09-17T05:20:12.271480676Z,aggregation,scaled,348cd506525f,200,10.833809
2026-09-17T05:20:12.331359963Z,aggregation,scaled,660681595a5e,200,11.255786
2026-09-17T05:20:12.391611438Z,aggregation,scaled,348cd506525f,200,11.619372
2026-09-17T05:20:12.450905707Z,aggregation,scaled,660681595a5e,200,10.589282
2026-09-17T05:20:12.511038152Z,aggregation,scaled,a1cb37b7da6b,200,10.462494
2026-09-17T05:20:12.572297125Z,aggregation,scaled,660681595a5e,200,11.696987
2026-09-17T05:20:12.630026668Z,aggregation,scaled,a1cb37b7da6b,200,10.26096
2026-09-17T05:20:12.692136057Z,aggregation,scaled,348cd506525f,200,11.156461
2026-09-17T05:20:12.754647372Z,aggregation,scaled,a1cb37b7da6b,200,14.100538
2026-09-17T05:20:12.811413602Z,aggregation,scaled,348cd506525f,200,11.429459
2026-09-17T05:20:12.869419809Z,aggregation,scaled,660681595a5e,200,9.471333
2026-09-17T05:20:12.931976442Z,aggregation,scaled,348cd506525f,200,11.89298
2026-09-17T05:20:12.991394091Z,aggregation,scaled,660681595a5e,200,10.953487
2026-09-17T05:20:13.050326066Z,aggregation,scaled,a1cb37b7da6b,200,10.309284
2026-09-17T05:20:13.109829577Z,aggregation,scaled,660681595a5e,200,10.007243
2026-09-17T05:20:13.171652458Z,aggregation,scaled,a1cb37b7da6b,200,11.043164
2026-09-17T05:20:13.23053064Z,aggregation,scaled,348cd506525f,200,10.310034
2026-09-17T05:20:13.291196216Z,aggregation,scaled,a1cb37b7da6b,200,11.053939
2026-09-17T05:20:13.352188064Z,aggregation,scaled,348cd506525f,200,11.379436
2026-09-17T05:20:13.411195766Z,aggregation,scaled,660681595a5e,200,10.473585
2026-09-17T05:20:13.470690578Z,aggregation,scaled,348cd506525f,200,9.928748
2026-09-17T05:20:13.531265753Z,aggregation,scaled,660681595a5e,200,11.002625
2026-09-17T05:20:13.591309912Z,aggregation,scaled,a1cb37b7da6b,200,11.552176
2026-09-17T05:20:13.650292822Z,aggregation,scaled,660681595a5e,200,10.294523
2026-09-17T05:20:13.709949445Z,aggregation,scaled,a1cb37b7da6b,200,10.068088
2026-09-17T05:20:13.773310087Z,aggregation,scaled,348cd506525f,200,12.77924
2026-09-17T05:20:13.830680168Z,aggregation,scaled,a1cb37b7da6b,200,10.861561
2026-09-17T05:20:13.891588825Z,aggregation,scaled,348cd506525f,200,11.243766
2026-09-17T05:20:13.952365754Z,aggregation,scaled,660681595a5e,200,12.194421
2026-09-17T05:20:14.011505862Z,aggregation,scaled,348cd506525f,200,11.542959
2026-09-17T05:20:14.071233202Z,aggregation,scaled,660681595a5e,200,10.977288
2026-09-17T05:20:14.133586683Z,aggregation,scaled,a1cb37b7da6b,200,13.776423
2026-09-17T05:20:14.192018028Z,aggregation,scaled,660681595a5e,200,11.844827
2026-09-17T05:20:14.251479029Z,aggregation,scaled,a1cb37b7da6b,200,10.777385
2026-09-17T05:20:14.314562863Z,aggregation,scaled,348cd506525f,200,14.304993
2026-09-17T05:20:14.375422723Z,aggregation,scaled,a1cb37b7da6b,200,15.061999
2026-09-17T05:20:14.431318828Z,aggregation,scaled,348cd506525f,200,11.092375
2026-09-17T05:20:14.498654299Z,aggregation,scaled,660681595a5e,200,18.839958
2026-09-17T05:20:14.552589777Z,aggregation,scaled,348cd506525f,200,12.311629
2026-09-17T05:20:14.612213498Z,aggregation,scaled,660681595a5e,200,12.131226
2026-09-17T05:20:14.670899068Z,aggregation,scaled,a1cb37b7da6b,200,11.217145
2026-09-17T05:20:14.736557119Z,aggregation,scaled,660681595a5e,200,15.747304
2026-09-17T05:20:14.792155931Z,aggregation,scaled,a1cb37b7da6b,200,12.066528
2026-09-17T05:20:14.851218188Z,aggregation,scaled,348cd506525f,200,11.233685
2026-09-17T05:20:14.912602299Z,aggregation,scaled,a1cb37b7da6b,200,11.756351
2026-09-17T05:20:14.970425469Z,aggregation,scaled,348cd506525f,200,10.24894
2026-09-17T05:20:15.031135713Z,aggregation,scaled,660681595a5e,200,11.078436
2026-09-17T05:20:15.09194384Z,aggregation,scaled,348cd506525f,200,12.176854
2026-09-17T05:20:15.151709866Z,aggregation,scaled,660681595a5e,200,11.117264
2026-09-17T05:20:15.210674732Z,aggregation,scaled,a1cb37b7da6b,200,10.316765
2026-09-17T05:20:15.271348696Z,aggregation,scaled,660681595a5e,200,11.046974
2026-09-17T05:20:15.336793413Z,aggregation,scaled,a1cb37b7da6b,200,16.803586
2026-09-17T05:20:15.392425311Z,aggregation,scaled,348cd506525f,200,12.102074
2026-09-17T05:20:15.450736813Z,aggregation,scaled,a1cb37b7da6b,200,10.942265
2026-09-17T05:20:15.512249963Z,aggregation,scaled,348cd506525f,200,11.916772
2026-09-17T05:20:15.570871057Z,aggregation,scaled,660681595a5e,200,10.914394
2026-09-17T05:20:15.629776769Z,aggregation,scaled,348cd506525f,200,9.35497
2026-09-17T05:20:15.691908851Z,aggregation,scaled,660681595a5e,200,11.58744
2026-09-17T05:20:15.752657392Z,aggregation,scaled,a1cb37b7da6b,200,12.105555
2026-09-17T05:20:15.810507187Z,aggregation,scaled,660681595a5e,200,10.226896
2026-09-17T05:20:15.870541907Z,aggregation,scaled,a1cb37b7da6b,200,10.566464
2026-09-17T05:20:15.93064807Z,aggregation,scaled,348cd506525f,200,10.233882
2026-09-17T05:20:15.99143198Z,aggregation,scaled,a1cb37b7da6b,200,11.4049
2026-09-17T05:20:16.05148516Z,aggregation,scaled,348cd506525f,200,11.613813
2026-09-17T05:20:16.109933133Z,aggregation,scaled,660681595a5e,200,9.943782
2026-09-17T05:20:16.171387547Z,aggregation,scaled,348cd506525f,200,10.770647
2026-09-17T05:20:16.231001847Z,aggregation,scaled,660681595a5e,200,11.049714
2026-09-17T05:20:16.291203477Z,aggregation,scaled,a1cb37b7da6b,200,10.546103
2026-09-17T05:20:16.350119453Z,aggregation,scaled,660681595a5e,200,10.334211
2026-09-17T05:20:16.411337811Z,aggregation,scaled,a1cb37b7da6b,200,10.64923
2026-09-17T05:20:16.471884084Z,aggregation,scaled,348cd506525f,200,11.932754
2026-09-17T05:20:16.532974009Z,aggregation,scaled,a1cb37b7da6b,200,12.184327
2026-09-17T05:20:16.591672765Z,aggregation,scaled,348cd506525f,200,10.994283
2026-09-17T05:20:16.651556584Z,aggregation,scaled,660681595a5e,200,11.179746
2026-09-17T05:20:16.710152814Z,aggregation,scaled,348cd506525f,200,9.9712
2026-09-17T05:20:16.770712233Z,aggregation,scaled,660681595a5e,200,10.904667
2026-09-17T05:20:16.829843313Z,aggregation,scaled,a1cb37b7da6b,200,9.570089
2026-09-17T05:20:16.890925843Z,aggregation,scaled,660681595a5e,200,10.366352
2026-09-17T05:20:16.951898694Z,aggregation,scaled,a1cb37b7da6b,200,11.095698
2026-09-17T05:20:17.011971377Z,aggregation,scaled,348cd506525f,200,11.439143
2026-09-17T05:20:17.070887102Z,aggregation,scaled,a1cb37b7da6b,200,10.206279
2026-09-17T05:20:17.131549602Z,aggregation,scaled,348cd506525f,200,11.04592
2026-09-17T05:20:17.191891092Z,aggregation,scaled,660681595a5e,200,11.799386
2026-09-17T05:20:17.251512314Z,aggregation,scaled,348cd506525f,200,11.139091
2026-09-17T05:20:17.310981366Z,aggregation,scaled,660681595a5e,200,11.000184
2026-09-17T05:20:17.372155422Z,aggregation,scaled,a1cb37b7da6b,200,11.646265
2026-09-17T05:20:17.431775664Z,aggregation,scaled,660681595a5e,200,12.075664
2026-09-17T05:20:17.491162901Z,aggregation,scaled,a1cb37b7da6b,200,10.684797
2026-09-17T05:20:17.549714496Z,aggregation,scaled,348cd506525f,200,9.974765
2026-09-17T05:20:17.611134013Z,aggregation,scaled,a1cb37b7da6b,200,10.966041
2026-09-17T05:20:17.669874905Z,aggregation,scaled,348cd506525f,200,10.177546
2026-09-17T05:20:17.730515666Z,aggregation,scaled,660681595a5e,200,9.66837
2026-09-17T05:20:17.792060121Z,aggregation,scaled,348cd506525f,200,12.095111
2026-09-17T05:20:17.849915249Z,aggregation,scaled,660681595a5e,200,9.365233
2026-09-17T05:20:17.912600466Z,aggregation,scaled,a1cb37b7da6b,200,12.153961
2026-09-17T05:20:17.971356049Z,aggregation,scaled,660681595a5e,200,11.131602
2026-09-17T05:20:18.029854777Z,aggregation,scaled,a1cb37b7da6b,200,9.952225
2026-09-17T05:20:18.090869471Z,aggregation,scaled,348cd506525f,200,10.15232
2026-09-17T05:20:18.152000164Z,aggregation,scaled,a1cb37b7da6b,200,11.410609
2026-09-17T05:20:18.212321743Z,aggregation,scaled,348cd506525f,200,11.805848
2026-09-17T05:20:18.270781876Z,aggregation,scaled,660681595a5e,200,10.114194
2026-09-17T05:20:18.334014989Z,aggregation,scaled,348cd506525f,200,13.485787
2026-09-17T05:20:18.393330861Z,aggregation,scaled,660681595a5e,200,12.794463
2026-09-17T05:20:18.45019992Z,aggregation,scaled,a1cb37b7da6b,200,10.395643
2026-09-17T05:20:18.510943956Z,aggregation,scaled,660681595a5e,200,10.196729
2026-09-17T05:20:18.571504931Z,aggregation,scaled,a1cb37b7da6b,200,11.023105
2026-09-17T05:20:18.629684777Z,aggregation,scaled,348cd506525f,200,9.559057
2026-09-17T05:20:18.691007112Z,aggregation,scaled,a1cb37b7da6b,200,10.621808
2026-09-17T05:20:18.753284101Z,aggregation,scaled,348cd506525f,200,12.469406
2026-09-17T05:20:18.809651236Z,aggregation,scaled,660681595a5e,200,9.90317
2026-09-17T05:20:18.869891081Z,aggregation,scaled,348cd506525f,200,11.087849
2026-09-17T05:20:18.929889447Z,aggregation,scaled,660681595a5e,200,11.516477
2026-09-17T05:20:18.989999783Z,aggregation,scaled,a1cb37b7da6b,200,10.568615
2026-09-17T05:20:19.04886118Z,aggregation,scaled,660681595a5e,200,10.321193
2026-09-17T05:20:19.111128143Z,aggregation,scaled,a1cb37b7da6b,200,11.672458
2026-09-17T05:20:19.169321228Z,aggregation,scaled,348cd506525f,200,10.979401
2026-09-17T05:20:19.228870356Z,aggregation,scaled,a1cb37b7da6b,200,9.772891
2026-09-17T05:20:19.288585654Z,aggregation,scaled,348cd506525f,200,10.21132
2026-09-17T05:20:19.350745445Z,aggregation,scaled,660681595a5e,200,11.646985
2026-09-17T05:20:19.409899286Z,aggregation,scaled,348cd506525f,200,10.610018
2026-09-17T05:20:19.468983552Z,aggregation,scaled,660681595a5e,200,10.488609
2026-09-17T05:20:19.533003747Z,aggregation,scaled,a1cb37b7da6b,200,14.421582
2026-09-17T05:20:19.588670496Z,aggregation,scaled,660681595a5e,200,10.066821
2026-09-17T05:20:19.649613381Z,aggregation,scaled,a1cb37b7da6b,200,10.361025
2026-09-17T05:20:19.712161552Z,aggregation,scaled,348cd506525f,200,12.910419
2026-09-17T05:20:19.769741689Z,aggregation,scaled,a1cb37b7da6b,200,11.224418
2026-09-17T05:20:19.829670901Z,aggregation,scaled,348cd506525f,200,10.343733
2026-09-17T05:20:19.890644854Z,aggregation,scaled,660681595a5e,200,11.24474
2026-09-17T05:20:19.951117442Z,aggregation,scaled,348cd506525f,200,11.683348
2026-09-17T05:20:20.008468392Z,aggregation,scaled,660681595a5e,200,10.053619
2026-09-17T05:20:20.0707042Z,aggregation,scaled,a1cb37b7da6b,200,11.647867
2026-09-17T05:20:20.131405293Z,aggregation,scaled,660681595a5e,200,11.841228
2026-09-17T05:20:20.188883623Z,aggregation,scaled,a1cb37b7da6b,200,9.829905
2026-09-17T05:20:20.24865796Z,aggregation,scaled,348cd506525f,200,10.299051
2026-09-17T05:20:20.310692646Z,aggregation,scaled,a1cb37b7da6b,200,11.323543
2026-09-17T05:20:20.372167663Z,aggregation,scaled,348cd506525f,200,12.819575
2026-09-17T05:20:20.429803622Z,aggregation,scaled,660681595a5e,200,11.010953
2026-09-17T05:20:20.490461264Z,aggregation,scaled,348cd506525f,200,10.953746
2026-09-17T05:20:20.549340636Z,aggregation,scaled,660681595a5e,200,10.264463
2026-09-17T05:20:20.609233195Z,aggregation,scaled,a1cb37b7da6b,200,10.265684
2026-09-17T05:20:20.670337442Z,aggregation,scaled,660681595a5e,200,11.645192
2026-09-17T05:20:20.730486913Z,aggregation,scaled,a1cb37b7da6b,200,11.536098
2026-09-17T05:20:20.788904454Z,aggregation,scaled,348cd506525f,200,9.860825
2026-09-17T05:20:20.849192291Z,aggregation,scaled,a1cb37b7da6b,200,10.759969
2026-09-17T05:20:20.909757166Z,aggregation,scaled,348cd506525f,200,11.007504
2026-09-17T05:20:20.96896521Z,aggregation,scaled,660681595a5e,200,9.642273
2026-09-17T05:20:21.030618463Z,aggregation,scaled,348cd506525f,200,11.90231
2026-09-17T05:20:21.089987253Z,aggregation,scaled,660681595a5e,200,10.79982
2026-09-17T05:20:21.151047856Z,aggregation,scaled,a1cb37b7da6b,200,12.315316
2026-09-17T05:20:21.208725582Z,aggregation,scaled,660681595a5e,200,10.348289
2026-09-17T05:20:21.269695174Z,aggregation,scaled,a1cb37b7da6b,200,10.316858
2026-09-17T05:20:21.327841688Z,aggregation,scaled,348cd506525f,200,9.513515
2026-09-17T05:20:21.389011644Z,aggregation,scaled,a1cb37b7da6b,200,10.555943
2026-09-17T05:20:21.449458891Z,aggregation,scaled,348cd506525f,200,10.815389
2026-09-17T05:20:21.511646614Z,aggregation,scaled,660681595a5e,200,12.545565
2026-09-17T05:20:21.570316893Z,aggregation,scaled,348cd506525f,200,11.120771
2026-09-17T05:20:21.630201032Z,aggregation,scaled,660681595a5e,200,11.233679
2026-09-17T05:20:21.691482275Z,aggregation,scaled,a1cb37b7da6b,200,12.613402
2026-09-17T05:20:21.749998323Z,aggregation,scaled,660681595a5e,200,10.925989
2026-09-17T05:20:21.809910353Z,aggregation,scaled,a1cb37b7da6b,200,11.508256
2026-09-17T05:20:21.870864811Z,aggregation,scaled,348cd506525f,200,12.142655
2026-09-17T05:20:21.932611248Z,aggregation,scaled,a1cb37b7da6b,200,13.341348
2026-09-17T05:20:21.991631185Z,aggregation,scaled,348cd506525f,200,12.240891
2026-09-17T05:20:22.052499834Z,aggregation,scaled,660681595a5e,200,13.365951
2026-09-17T05:20:22.111072106Z,aggregation,scaled,348cd506525f,200,12.060902
2026-09-17T05:20:22.169754296Z,aggregation,scaled,660681595a5e,200,11.229319
2026-09-17T05:20:22.230652503Z,aggregation,scaled,a1cb37b7da6b,200,11.224497
2026-09-17T05:20:22.291977939Z,aggregation,scaled,660681595a5e,200,12.681445
2026-09-17T05:20:22.350683485Z,aggregation,scaled,a1cb37b7da6b,200,12.101112
2026-09-17T05:20:22.412462405Z,aggregation,scaled,348cd506525f,200,13.411473
2026-09-17T05:20:22.470126826Z,aggregation,scaled,a1cb37b7da6b,200,11.272652
2026-09-17T05:20:22.530179267Z,aggregation,scaled,348cd506525f,200,11.494315
2026-09-17T05:20:22.589425374Z,aggregation,scaled,660681595a5e,200,10.548173
2026-09-17T05:20:22.650793152Z,aggregation,scaled,348cd506525f,200,11.625016
2026-09-17T05:20:22.710950249Z,aggregation,scaled,660681595a5e,200,12.492071
2026-09-17T05:20:22.771670845Z,aggregation,scaled,a1cb37b7da6b,200,13.079482
2026-09-17T05:20:22.831613708Z,aggregation,scaled,660681595a5e,200,12.391335
2026-09-17T05:20:22.891632387Z,aggregation,scaled,a1cb37b7da6b,200,12.273828
2026-09-17T05:20:22.951078906Z,aggregation,scaled,348cd506525f,200,11.776085
2026-09-17T05:20:23.009118673Z,aggregation,scaled,a1cb37b7da6b,200,10.550823
2026-09-17T05:20:23.071419013Z,aggregation,scaled,348cd506525f,200,12.700497
2026-09-17T05:20:23.129708656Z,aggregation,scaled,660681595a5e,200,10.532261
2026-09-17T05:20:23.191256845Z,aggregation,scaled,348cd506525f,200,11.649776
2026-09-17T05:20:23.250876548Z,aggregation,scaled,660681595a5e,200,11.99298
2026-09-17T05:20:23.310667751Z,aggregation,scaled,a1cb37b7da6b,200,12.32235
2026-09-17T05:20:23.371219882Z,aggregation,scaled,660681595a5e,200,11.975575
2026-09-17T05:20:23.429045848Z,aggregation,scaled,a1cb37b7da6b,200,10.392261
2026-09-17T05:20:23.488329517Z,aggregation,scaled,348cd506525f,200,9.75734
2026-09-17T05:20:23.550245393Z,aggregation,scaled,a1cb37b7da6b,200,11.376898
2026-09-17T05:20:23.610351777Z,aggregation,scaled,348cd506525f,200,11.611243
2026-09-17T05:20:23.669496897Z,aggregation,scaled,660681595a5e,200,10.562925
2026-09-17T05:20:23.730121206Z,aggregation,scaled,348cd506525f,200,10.938528
2026-09-17T05:20:23.789709183Z,aggregation,scaled,660681595a5e,200,10.877234
2026-09-17T05:20:23.849422445Z,aggregation,scaled,a1cb37b7da6b,200,10.079158
2026-09-17T05:20:23.910644688Z,aggregation,scaled,660681595a5e,200,11.501237
2026-09-17T05:20:23.970264857Z,aggregation,scaled,a1cb37b7da6b,200,10.948709
2026-09-17T05:20:24.029401846Z,aggregation,scaled,348cd506525f,200,10.488189
2026-09-17T05:20:24.090637275Z,aggregation,scaled,a1cb37b7da6b,200,11.54089
2026-09-17T05:20:24.150315299Z,aggregation,scaled,348cd506525f,200,10.932319
2026-09-17T05:20:24.209894978Z,aggregation,scaled,660681595a5e,200,11.043327
2026-09-17T05:20:24.268060702Z,aggregation,scaled,348cd506525f,200,9.454599
2026-09-17T05:20:24.328407951Z,aggregation,scaled,660681595a5e,200,9.769281
2026-09-17T05:20:24.390204245Z,aggregation,scaled,a1cb37b7da6b,200,11.294583
2026-09-17T05:20:24.448554409Z,aggregation,scaled,660681595a5e,200,9.857714
2026-09-17T05:20:24.510321323Z,aggregation,scaled,a1cb37b7da6b,200,11.153782
2026-09-17T05:20:24.571673189Z,aggregation,scaled,348cd506525f,200,12.772622
2026-09-17T05:20:24.629640069Z,aggregation,scaled,a1cb37b7da6b,200,10.502469
2026-09-17T05:20:24.690595463Z,aggregation,scaled,348cd506525f,200,11.357912
2026-09-17T05:20:24.749913038Z,aggregation,scaled,660681595a5e,200,10.804469
2026-09-17T05:20:24.809160324Z,aggregation,scaled,348cd506525f,200,9.700156
2026-09-17T05:20:24.868693519Z,aggregation,scaled,660681595a5e,200,9.942433
2026-09-17T05:20:24.930401998Z,aggregation,scaled,a1cb37b7da6b,200,11.010432
2026-09-17T05:20:24.991215198Z,aggregation,scaled,660681595a5e,200,12.070443
2026-09-17T05:20:25.048735418Z,aggregation,scaled,a1cb37b7da6b,200,10.025628
2026-09-17T05:20:25.111432994Z,aggregation,scaled,348cd506525f,200,12.080939
2026-09-17T05:20:25.170175426Z,aggregation,scaled,a1cb37b7da6b,200,11.10614
2026-09-17T05:20:25.229128561Z,aggregation,scaled,348cd506525f,200,10.223606
2026-09-17T05:20:25.289084004Z,aggregation,scaled,660681595a5e,200,10.323627
2026-09-17T05:20:25.34995197Z,aggregation,scaled,348cd506525f,200,11.369418
2026-09-17T05:20:25.41168008Z,aggregation,scaled,660681595a5e,200,13.138105
2026-09-17T05:20:25.471151961Z,aggregation,scaled,a1cb37b7da6b,200,11.745814
2026-09-17T05:20:25.533179931Z,aggregation,scaled,660681595a5e,200,14.169393
2026-09-17T05:20:25.588843149Z,aggregation,scaled,a1cb37b7da6b,200,10.147806
2026-09-17T05:20:25.649437593Z,aggregation,scaled,348cd506525f,200,10.965491
2026-09-17T05:20:25.709994036Z,aggregation,scaled,a1cb37b7da6b,200,10.855853
2026-09-17T05:20:25.76847715Z,aggregation,scaled,348cd506525f,200,9.852675
2026-09-17T05:20:25.829040814Z,aggregation,scaled,660681595a5e,200,9.948271
2026-09-17T05:20:25.890595172Z,aggregation,scaled,348cd506525f,200,12.17027
2026-09-17T05:20:25.949894651Z,aggregation,scaled,660681595a5e,200,10.763808
2026-09-17T05:20:26.009105454Z,aggregation,scaled,a1cb37b7da6b,200,10.612407
2026-09-17T05:20:26.068268964Z,aggregation,scaled,660681595a5e,200,9.541356
2026-09-17T05:20:26.13128563Z,aggregation,scaled,a1cb37b7da6b,200,12.128821
2026-09-17T05:20:26.189533489Z,aggregation,scaled,348cd506525f,200,10.770177
2026-09-17T05:20:26.249417487Z,aggregation,scaled,a1cb37b7da6b,200,10.271723
2026-09-17T05:20:26.310244666Z,aggregation,scaled,348cd506525f,200,11.15362
2026-09-17T05:20:26.369362044Z,aggregation,scaled,660681595a5e,200,10.51438
2026-09-17T05:20:26.429535111Z,aggregation,scaled,348cd506525f,200,10.512601
2026-09-17T05:20:26.490527562Z,aggregation,scaled,660681595a5e,200,11.353266
2026-09-17T05:20:26.549521581Z,aggregation,scaled,a1cb37b7da6b,200,10.501568
2026-09-17T05:20:26.609316144Z,aggregation,scaled,660681595a5e,200,10.226852
2026-09-17T05:20:26.670527029Z,aggregation,scaled,a1cb37b7da6b,200,11.662146
2026-09-17T05:20:26.730837586Z,aggregation,scaled,348cd506525f,200,11.738993
2026-09-17T05:20:26.789504882Z,aggregation,scaled,a1cb37b7da6b,200,10.148045
2026-09-17T05:20:26.850490394Z,aggregation,scaled,348cd506525f,200,11.471744
2026-09-17T05:20:26.91004393Z,aggregation,scaled,660681595a5e,200,10.838063
2026-09-17T05:20:26.969427679Z,aggregation,scaled,348cd506525f,200,11.040359
2026-09-17T05:20:27.02957802Z,aggregation,scaled,660681595a5e,200,10.602345
2026-09-17T05:20:27.090402791Z,aggregation,scaled,a1cb37b7da6b,200,11.187445
2026-09-17T05:20:27.149316834Z,aggregation,scaled,660681595a5e,200,10.312906
2026-09-17T05:20:27.209440038Z,aggregation,scaled,a1cb37b7da6b,200,10.49405
2026-09-17T05:20:27.270682565Z,aggregation,scaled,348cd506525f,200,11.72591
2026-09-17T05:20:27.3300534Z,aggregation,scaled,a1cb37b7da6b,200,10.679721
2026-09-17T05:20:27.390364367Z,aggregation,scaled,348cd506525f,200,11.85387
2026-09-17T05:20:27.450018669Z,aggregation,scaled,660681595a5e,200,11.058287
2026-09-17T05:20:27.508204724Z,aggregation,scaled,348cd506525f,200,9.61893
2026-09-17T05:20:27.568950909Z,aggregation,scaled,660681595a5e,200,10.280234
2026-09-17T05:20:27.629629781Z,aggregation,scaled,a1cb37b7da6b,200,11.276451
2026-09-17T05:20:27.690712579Z,aggregation,scaled,660681595a5e,200,11.422191
2026-09-17T05:20:27.748987909Z,aggregation,scaled,a1cb37b7da6b,200,9.749868
2026-09-17T05:20:27.809463407Z,aggregation,scaled,348cd506525f,200,10.892075
2026-09-17T05:20:27.870897749Z,aggregation,scaled,a1cb37b7da6b,200,11.808728
2026-09-17T05:20:27.928569599Z,aggregation,scaled,348cd506525f,200,10.099182
2026-09-17T05:20:27.990121579Z,aggregation,scaled,660681595a5e,200,11.011945
2026-09-17T05:20:28.052557406Z,aggregation,scaled,348cd506525f,200,13.82069
2026-09-17T05:20:28.109599336Z,aggregation,scaled,660681595a5e,200,10.477287
2026-09-17T05:20:28.171207638Z,aggregation,scaled,a1cb37b7da6b,200,11.873392
2026-09-17T05:20:28.230594842Z,aggregation,scaled,660681595a5e,200,11.71508
2026-09-17T05:20:28.289886761Z,aggregation,scaled,a1cb37b7da6b,200,10.801109
2026-09-17T05:20:28.349428976Z,aggregation,scaled,348cd506525f,200,9.975636
2026-09-17T05:20:28.409992769Z,aggregation,scaled,a1cb37b7da6b,200,11.000032
2026-09-17T05:20:28.468605532Z,aggregation,scaled,348cd506525f,200,9.736693
2026-09-17T05:20:28.529515608Z,aggregation,scaled,660681595a5e,200,10.21252
2026-09-17T05:20:28.591533678Z,aggregation,scaled,348cd506525f,200,12.484801
2026-09-17T05:20:28.649836336Z,aggregation,scaled,660681595a5e,200,10.752902
2026-09-17T05:20:28.710564865Z,aggregation,scaled,a1cb37b7da6b,200,12.147068
2026-09-17T05:20:28.769769308Z,aggregation,scaled,660681595a5e,200,10.700932
2026-09-17T05:20:28.829652971Z,aggregation,scaled,a1cb37b7da6b,200,10.240918
2026-09-17T05:20:28.889569685Z,aggregation,scaled,348cd506525f,200,10.295266
2026-09-17T05:20:28.948790179Z,aggregation,scaled,a1cb37b7da6b,200,9.698896
2026-09-17T05:20:29.010812559Z,aggregation,scaled,348cd506525f,200,11.501335
2026-09-17T05:20:29.069693037Z,aggregation,scaled,660681595a5e,200,11.270406
2026-09-17T05:20:29.130022839Z,aggregation,scaled,348cd506525f,200,10.810771
2026-09-17T05:20:29.191542561Z,aggregation,scaled,660681595a5e,200,12.97108
2026-09-17T05:20:29.250894508Z,aggregation,scaled,a1cb37b7da6b,200,11.943456
2026-09-17T05:20:29.308558068Z,aggregation,scaled,660681595a5e,200,10.149646
2026-09-17T05:20:29.370486914Z,aggregation,scaled,a1cb37b7da6b,200,11.005752
2026-09-17T05:20:29.429842211Z,aggregation,scaled,348cd506525f,200,10.659786
2026-09-17T05:20:29.490696628Z,aggregation,scaled,a1cb37b7da6b,200,11.212896
2026-09-17T05:20:29.550411925Z,aggregation,scaled,348cd506525f,200,11.224226
2026-09-17T05:20:29.611777093Z,aggregation,scaled,660681595a5e,200,12.922412
2026-09-17T05:20:29.668982218Z,aggregation,scaled,348cd506525f,200,10.384477
2026-09-17T05:20:29.730282579Z,aggregation,scaled,660681595a5e,200,11.504477
2026-09-17T05:20:29.790331122Z,aggregation,scaled,a1cb37b7da6b,200,11.484334
2026-09-17T05:20:29.859652019Z,aggregation,scaled,660681595a5e,200,20.755862
2026-09-17T05:20:29.911345712Z,aggregation,scaled,a1cb37b7da6b,200,12.189523
2026-09-17T05:20:29.973095874Z,aggregation,scaled,348cd506525f,200,13.515249
2026-09-17T05:20:30.031034782Z,aggregation,scaled,a1cb37b7da6b,200,12.282327
2026-09-17T05:20:30.091184807Z,aggregation,scaled,348cd506525f,200,12.413246
2026-09-17T05:20:30.151651375Z,aggregation,scaled,660681595a5e,200,12.703206
2026-09-17T05:20:30.21149322Z,aggregation,scaled,348cd506525f,200,12.239537
2026-09-17T05:20:30.272674914Z,aggregation,scaled,660681595a5e,200,11.385554
2026-09-17T05:20:30.330386708Z,aggregation,scaled,a1cb37b7da6b,200,11.756232
2026-09-17T05:20:30.390960387Z,aggregation,scaled,660681595a5e,200,11.799362
2026-09-17T05:20:30.453087009Z,aggregation,scaled,a1cb37b7da6b,200,14.610463
2026-09-17T05:20:30.511269874Z,aggregation,scaled,348cd506525f,200,12.7424
2026-09-17T05:20:30.569502521Z,aggregation,scaled,a1cb37b7da6b,200,10.638338
2026-09-17T05:20:30.62983744Z,aggregation,scaled,348cd506525f,200,10.707423
2026-09-17T05:20:30.689346383Z,aggregation,scaled,660681595a5e,200,10.755177
2026-09-17T05:20:30.751278487Z,aggregation,scaled,348cd506525f,200,12.065123
2026-09-17T05:20:30.809773273Z,aggregation,scaled,660681595a5e,200,10.852972
2026-09-17T05:20:30.871076196Z,aggregation,scaled,a1cb37b7da6b,200,11.629745
2026-09-17T05:20:30.930710287Z,aggregation,scaled,660681595a5e,200,12.102676
2026-09-17T05:20:30.992871356Z,aggregation,scaled,a1cb37b7da6b,200,13.378752
2026-09-17T05:20:31.050957139Z,aggregation,scaled,348cd506525f,200,12.298453
2026-09-17T05:20:31.111137412Z,aggregation,scaled,a1cb37b7da6b,200,12.411206
2026-09-17T05:20:31.169092627Z,aggregation,scaled,348cd506525f,200,10.695878
2026-09-17T05:20:31.230264254Z,aggregation,scaled,660681595a5e,200,11.606943
2026-09-17T05:20:31.291023291Z,aggregation,scaled,348cd506525f,200,12.251665
2026-09-17T05:20:31.352501099Z,aggregation,scaled,660681595a5e,200,13.874359
2026-09-17T05:20:31.410202968Z,aggregation,scaled,a1cb37b7da6b,200,11.208666
2026-09-17T05:20:31.469529758Z,aggregation,scaled,660681595a5e,200,10.80616
2026-09-17T05:20:31.529988239Z,aggregation,scaled,a1cb37b7da6b,200,10.828686
2026-09-17T05:20:31.588864106Z,aggregation,scaled,348cd506525f,200,10.35988
2026-09-17T05:20:31.651178686Z,aggregation,scaled,a1cb37b7da6b,200,11.705329
2026-09-17T05:20:31.710413839Z,aggregation,scaled,348cd506525f,200,11.604282
2026-09-17T05:20:31.769434247Z,aggregation,scaled,660681595a5e,200,10.667196
2026-09-17T05:20:31.829029153Z,aggregation,scaled,348cd506525f,200,10.05162
2026-09-17T05:20:31.888886988Z,aggregation,scaled,660681595a5e,200,10.308312
2026-09-17T05:20:31.948918502Z,aggregation,scaled,a1cb37b7da6b,200,10.250933
2026-09-17T05:20:32.010069577Z,aggregation,scaled,660681595a5e,200,10.612208
2026-09-17T05:20:32.06938626Z,aggregation,scaled,a1cb37b7da6b,200,10.846152
2026-09-17T05:20:32.128927158Z,aggregation,scaled,348cd506525f,200,10.052099
2026-09-17T05:20:32.188442928Z,aggregation,scaled,a1cb37b7da6b,200,10.011712
2026-09-17T05:20:32.250352763Z,aggregation,scaled,348cd506525f,200,11.399133
2026-09-17T05:20:32.30979256Z,aggregation,scaled,660681595a5e,200,10.822812
2026-09-17T05:20:32.368900308Z,aggregation,scaled,348cd506525f,200,9.594339
2026-09-17T05:20:32.42969915Z,aggregation,scaled,660681595a5e,200,11.196416
2026-09-17T05:20:32.491302482Z,aggregation,scaled,a1cb37b7da6b,200,11.899189
2026-09-17T05:20:32.549574558Z,aggregation,scaled,660681595a5e,200,10.937949
2026-09-17T05:20:32.609405475Z,aggregation,scaled,a1cb37b7da6b,200,10.224612
2026-09-17T05:20:32.669712174Z,aggregation,scaled,348cd506525f,200,10.737086
2026-09-17T05:20:32.734554155Z,aggregation,scaled,a1cb37b7da6b,200,16.149626
2026-09-17T05:20:32.78926694Z,aggregation,scaled,348cd506525f,200,10.862753
2026-09-17T05:20:32.849683486Z,aggregation,scaled,660681595a5e,200,10.629698
2026-09-17T05:20:32.90886663Z,aggregation,scaled,348cd506525f,200,9.545666
2026-09-17T05:20:32.969896336Z,aggregation,scaled,660681595a5e,200,10.440065
2026-09-17T05:20:33.030245047Z,aggregation,scaled,a1cb37b7da6b,200,11.889361
2026-09-17T05:20:33.092084298Z,aggregation,scaled,660681595a5e,200,13.184529
2026-09-17T05:20:33.148682149Z,aggregation,scaled,a1cb37b7da6b,200,9.920861
2026-09-17T05:20:33.211668468Z,aggregation,scaled,348cd506525f,200,12.354384
2026-09-17T05:20:33.270878203Z,aggregation,scaled,a1cb37b7da6b,200,11.587683
2026-09-17T05:20:33.328417837Z,aggregation,scaled,348cd506525f,200,9.990455
2026-09-17T05:20:33.389832624Z,aggregation,scaled,660681595a5e,200,10.694902
2026-09-17T05:20:33.451945197Z,aggregation,scaled,348cd506525f,200,12.577502
2026-09-17T05:20:33.509259246Z,aggregation,scaled,660681595a5e,200,10.727285
2026-09-17T05:20:33.569421916Z,aggregation,scaled,a1cb37b7da6b,200,10.615056
2026-09-17T05:20:33.629569424Z,aggregation,scaled,660681595a5e,200,10.586385
2026-09-17T05:20:33.690782113Z,aggregation,scaled,a1cb37b7da6b,200,11.473885
2026-09-17T05:20:33.749433261Z,aggregation,scaled,348cd506525f,200,9.946093
2026-09-17T05:20:33.809249037Z,aggregation,scaled,a1cb37b7da6b,200,10.313777
2026-09-17T05:20:33.86886473Z,aggregation,scaled,348cd506525f,200,10.04895
2026-09-17T05:20:33.928410208Z,aggregation,scaled,660681595a5e,200,10.081752
2026-09-17T05:20:33.990903513Z,aggregation,scaled,348cd506525f,200,11.819838
2026-09-17T05:20:34.050700477Z,aggregation,scaled,660681595a5e,200,11.309824
2026-09-17T05:20:34.110434086Z,aggregation,scaled,a1cb37b7da6b,200,10.718244
2026-09-17T05:20:34.169570307Z,aggregation,scaled,660681595a5e,200,10.891105
2026-09-17T05:20:34.230290023Z,aggregation,scaled,a1cb37b7da6b,200,11.137421
2026-09-17T05:20:34.288891438Z,aggregation,scaled,348cd506525f,200,10.002766
2026-09-17T05:20:34.349259361Z,aggregation,scaled,a1cb37b7da6b,200,9.74722
2026-09-17T05:20:34.410136818Z,aggregation,scaled,348cd506525f,200,11.357437
2026-09-17T05:20:34.470764298Z,aggregation,scaled,660681595a5e,200,12.052504
2026-09-17T05:20:34.530886064Z,aggregation,scaled,348cd506525f,200,11.492975
2026-09-17T05:20:34.59004002Z,aggregation,scaled,660681595a5e,200,11.661282
2026-09-17T05:20:34.653474453Z,aggregation,scaled,a1cb37b7da6b,200,14.719161
2026-09-17T05:20:34.708892376Z,aggregation,scaled,660681595a5e,200,10.165008
2026-09-17T05:20:34.768357158Z,aggregation,scaled,a1cb37b7da6b,200,9.987866
2026-09-17T05:20:34.828353316Z,aggregation,scaled,348cd506525f,200,9.365604
2026-09-17T05:20:34.890696088Z,aggregation,scaled,a1cb37b7da6b,200,11.710859
2026-09-17T05:20:34.950485303Z,aggregation,scaled,348cd506525f,200,11.133681
2026-09-17T05:20:35.009762498Z,aggregation,scaled,660681595a5e,200,10.891299
2026-09-17T05:20:35.070175559Z,aggregation,scaled,348cd506525f,200,10.853314
2026-09-17T05:20:35.129128167Z,aggregation,scaled,660681595a5e,200,10.236102
2026-09-17T05:20:35.188846216Z,aggregation,scaled,a1cb37b7da6b,200,9.986766
2026-09-17T05:20:35.2516244Z,aggregation,scaled,660681595a5e,200,12.186142
2026-09-17T05:20:35.30910757Z,aggregation,scaled,a1cb37b7da6b,200,9.844356
2026-09-17T05:20:35.369942294Z,aggregation,scaled,348cd506525f,200,11.188456
2026-09-17T05:20:35.431162474Z,aggregation,scaled,a1cb37b7da6b,200,12.529351
2026-09-17T05:20:35.490818432Z,aggregation,scaled,348cd506525f,200,12.095305
2026-09-17T05:20:35.548908399Z,aggregation,scaled,660681595a5e,200,10.374236
2026-09-17T05:20:35.608944719Z,aggregation,scaled,348cd506525f,200,10.543972
2026-09-17T05:20:35.668437334Z,aggregation,scaled,660681595a5e,200,10.131885
2026-09-17T05:20:35.731152808Z,aggregation,scaled,a1cb37b7da6b,200,11.708406
2026-09-17T05:20:35.789564265Z,aggregation,scaled,660681595a5e,200,10.891871
2026-09-17T05:20:35.855401158Z,aggregation,scaled,a1cb37b7da6b,200,15.895275
2026-09-17T05:20:35.91088583Z,aggregation,scaled,348cd506525f,200,12.381645
2026-09-17T05:20:35.968766862Z,aggregation,scaled,a1cb37b7da6b,200,10.098969
2026-09-17T05:20:36.028781845Z,aggregation,scaled,348cd506525f,200,9.642491
2026-09-17T05:20:36.088396167Z,aggregation,scaled,660681595a5e,200,10.019688
2026-09-17T05:20:36.150543834Z,aggregation,scaled,348cd506525f,200,11.26363
2026-09-17T05:20:36.210200252Z,aggregation,scaled,660681595a5e,200,11.447172
2026-09-17T05:20:36.27079558Z,aggregation,scaled,a1cb37b7da6b,200,12.025061
2026-09-17T05:20:36.331542047Z,aggregation,scaled,660681595a5e,200,12.1699
2026-09-17T05:20:36.390080438Z,aggregation,scaled,a1cb37b7da6b,200,10.721124
2026-09-17T05:20:36.449690101Z,aggregation,scaled,348cd506525f,200,10.959621
2026-09-17T05:20:36.511749267Z,aggregation,scaled,a1cb37b7da6b,200,12.364554
2026-09-17T05:20:36.569659065Z,aggregation,scaled,348cd506525f,200,10.468538
2026-09-17T05:20:36.630249892Z,aggregation,scaled,660681595a5e,200,10.883423
2026-09-17T05:20:36.69053813Z,aggregation,scaled,348cd506525f,200,11.710861
2026-09-17T05:20:36.750450947Z,aggregation,scaled,660681595a5e,200,11.31856
2026-09-17T05:20:36.809811467Z,aggregation,scaled,a1cb37b7da6b,200,10.872655
2026-09-17T05:20:36.869355099Z,aggregation,scaled,660681595a5e,200,11.056442
2026-09-17T05:20:36.931137421Z,aggregation,scaled,a1cb37b7da6b,200,12.212953
2026-09-17T05:20:36.989696983Z,aggregation,scaled,348cd506525f,200,10.963395
2026-09-17T05:20:37.050088327Z,aggregation,scaled,a1cb37b7da6b,200,11.691668
2026-09-17T05:20:37.110538845Z,aggregation,scaled,348cd506525f,200,11.942226
2026-09-17T05:20:37.172781689Z,aggregation,scaled,660681595a5e,200,13.431552
2026-09-17T05:20:37.22991053Z,aggregation,scaled,348cd506525f,200,11.483295
2026-09-17T05:20:37.291187063Z,aggregation,scaled,660681595a5e,200,12.680575
2026-09-17T05:20:37.349793898Z,aggregation,scaled,a1cb37b7da6b,200,11.044782
2026-09-17T05:20:37.410745085Z,aggregation,scaled,660681595a5e,200,11.33651
2026-09-17T05:20:37.474708641Z,aggregation,scaled,a1cb37b7da6b,200,15.338352
2026-09-17T05:20:37.530924786Z,aggregation,scaled,348cd506525f,200,11.57359
2026-09-17T05:20:37.590757384Z,aggregation,scaled,a1cb37b7da6b,200,12.261416
2026-09-17T05:20:37.651792541Z,aggregation,scaled,348cd506525f,200,12.359323
2026-09-17T05:20:37.710781972Z,aggregation,scaled,660681595a5e,200,11.344395
2026-09-17T05:20:37.770240114Z,aggregation,scaled,348cd506525f,200,10.8164
2026-09-17T05:20:37.830420214Z,aggregation,scaled,660681595a5e,200,11.512518
2026-09-17T05:20:37.891513555Z,aggregation,scaled,a1cb37b7da6b,200,12.301881
2026-09-17T05:20:37.950803926Z,aggregation,scaled,660681595a5e,200,11.644576
2026-09-17T05:20:38.010869469Z,aggregation,scaled,a1cb37b7da6b,200,11.404701
2026-09-17T05:20:38.070459019Z,aggregation,scaled,348cd506525f,200,11.956747
2026-09-17T05:20:38.130896407Z,aggregation,scaled,a1cb37b7da6b,200,11.850541
2026-09-17T05:20:38.190197217Z,aggregation,scaled,348cd506525f,200,11.72188
2026-09-17T05:20:38.250145612Z,aggregation,scaled,660681595a5e,200,11.178265
2026-09-17T05:20:38.310478672Z,aggregation,scaled,348cd506525f,200,11.597272
2026-09-17T05:20:38.370838574Z,aggregation,scaled,660681595a5e,200,11.862389
2026-09-17T05:20:38.430539312Z,aggregation,scaled,a1cb37b7da6b,200,11.922864
2026-09-17T05:20:38.491564319Z,aggregation,scaled,660681595a5e,200,12.183543
2026-09-17T05:20:38.549498319Z,aggregation,scaled,a1cb37b7da6b,200,10.315797
2026-09-17T05:20:38.611676372Z,aggregation,scaled,348cd506525f,200,12.638033
2026-09-17T05:20:38.670954983Z,aggregation,scaled,a1cb37b7da6b,200,11.706181
2026-09-17T05:20:38.728455404Z,aggregation,scaled,348cd506525f,200,10.019507
2026-09-17T05:20:38.789739977Z,aggregation,scaled,660681595a5e,200,10.6547
2026-09-17T05:20:38.850446869Z,aggregation,scaled,348cd506525f,200,11.138038
2026-09-17T05:20:38.909764014Z,aggregation,scaled,660681595a5e,200,10.984431
2026-09-17T05:20:38.969362786Z,aggregation,scaled,a1cb37b7da6b,200,10.087462
2026-09-17T05:20:39.029421878Z,aggregation,scaled,660681595a5e,200,10.481398
2026-09-17T05:20:39.090287393Z,aggregation,scaled,a1cb37b7da6b,200,11.111339
2026-09-17T05:20:39.149775642Z,aggregation,scaled,348cd506525f,200,10.983627
2026-09-17T05:20:39.209516287Z,aggregation,scaled,a1cb37b7da6b,200,10.158265
2026-09-17T05:20:39.269493974Z,aggregation,scaled,348cd506525f,200,10.326288
2026-09-17T05:20:39.330544782Z,aggregation,scaled,660681595a5e,200,11.487046
2026-09-17T05:20:39.391472023Z,aggregation,scaled,348cd506525f,200,12.168505
2026-09-17T05:20:39.44995941Z,aggregation,scaled,660681595a5e,200,10.832733
2026-09-17T05:20:39.510488213Z,aggregation,scaled,a1cb37b7da6b,200,11.912565
2026-09-17T05:20:39.568871092Z,aggregation,scaled,660681595a5e,200,9.77602
2026-09-17T05:20:39.628535318Z,aggregation,scaled,a1cb37b7da6b,200,9.972634
2026-09-17T05:20:39.692065371Z,aggregation,scaled,348cd506525f,200,12.638901
2026-09-17T05:20:39.748510881Z,aggregation,scaled,a1cb37b7da6b,200,9.970814
2026-09-17T05:20:39.810163942Z,aggregation,scaled,348cd506525f,200,11.090438
2026-09-17T05:20:39.870462642Z,aggregation,scaled,660681595a5e,200,11.680458
2026-09-17T05:20:39.929720994Z,aggregation,scaled,348cd506525f,200,10.684612
2026-09-17T05:20:39.989376537Z,aggregation,scaled,660681595a5e,200,9.972539
2026-09-17T05:20:40.050574128Z,aggregation,scaled,a1cb37b7da6b,200,11.708324
2026-09-17T05:20:40.109996365Z,aggregation,scaled,660681595a5e,200,10.83006
2026-09-17T05:20:40.16839492Z,aggregation,scaled,a1cb37b7da6b,200,9.799162
2026-09-17T05:20:40.228773796Z,aggregation,scaled,348cd506525f,200,9.803472
2026-09-17T05:20:40.290887278Z,aggregation,scaled,a1cb37b7da6b,200,11.492664
2026-09-17T05:20:40.351714294Z,aggregation,scaled,348cd506525f,200,13.302545
2026-09-17T05:20:40.410071565Z,aggregation,scaled,660681595a5e,200,10.807409
2026-09-17T05:20:40.47028164Z,aggregation,scaled,348cd506525f,200,11.664296
2026-09-17T05:20:40.530905893Z,aggregation,scaled,660681595a5e,200,12.16994
2026-09-17T05:20:40.588645594Z,aggregation,scaled,a1cb37b7da6b,200,10.013516
2026-09-17T05:20:40.651372026Z,aggregation,scaled,660681595a5e,200,11.927823
2026-09-17T05:20:40.710030377Z,aggregation,scaled,a1cb37b7da6b,200,11.267789
2026-09-17T05:20:40.76961872Z,aggregation,scaled,348cd506525f,200,10.987141
2026-09-17T05:20:40.829557597Z,aggregation,scaled,a1cb37b7da6b,200,10.381301
2026-09-17T05:20:40.890401964Z,aggregation,scaled,348cd506525f,200,11.224447
2026-09-17T05:20:40.949124991Z,aggregation,scaled,660681595a5e,200,10.233232
2026-09-17T05:20:41.008963441Z,aggregation,scaled,348cd506525f,200,10.215119
2026-09-17T05:20:41.069452264Z,aggregation,scaled,660681595a5e,200,10.959709
2026-09-17T05:20:41.130289301Z,aggregation,scaled,a1cb37b7da6b,200,11.290161
2026-09-17T05:20:41.189477448Z,aggregation,scaled,660681595a5e,200,10.610765
2026-09-17T05:20:41.250306044Z,aggregation,scaled,a1cb37b7da6b,200,11.254508
2026-09-17T05:20:41.31081984Z,aggregation,scaled,348cd506525f,200,11.881841
2026-09-17T05:20:41.369963894Z,aggregation,scaled,a1cb37b7da6b,200,11.659016
2026-09-17T05:20:41.429111128Z,aggregation,scaled,348cd506525f,200,10.758786
2026-09-17T05:20:41.489636164Z,aggregation,scaled,660681595a5e,200,11.033704
2026-09-17T05:20:41.551582635Z,aggregation,scaled,348cd506525f,200,12.298669
2026-09-17T05:20:41.609875112Z,aggregation,scaled,660681595a5e,200,10.614656
2026-09-17T05:20:41.670009141Z,aggregation,scaled,a1cb37b7da6b,200,11.56875
2026-09-17T05:20:41.728825512Z,aggregation,scaled,660681595a5e,200,10.16206
2026-09-17T05:20:41.78833441Z,aggregation,scaled,a1cb37b7da6b,200,9.954842
2026-09-17T05:20:41.850476313Z,aggregation,scaled,348cd506525f,200,11.685946
2026-09-17T05:20:41.914648963Z,aggregation,scaled,a1cb37b7da6b,200,15.446467
2026-09-17T05:20:41.970496426Z,aggregation,scaled,348cd506525f,200,11.248457
2026-09-17T05:20:42.031692044Z,aggregation,scaled,660681595a5e,200,12.416955
2026-09-17T05:20:42.090408061Z,aggregation,scaled,348cd506525f,200,11.149741
2026-09-17T05:20:42.149918609Z,aggregation,scaled,660681595a5e,200,10.862521
2026-09-17T05:20:42.208331955Z,aggregation,scaled,a1cb37b7da6b,200,9.905928
2026-09-17T05:20:42.26972214Z,aggregation,scaled,660681595a5e,200,10.932126
2026-09-17T05:20:42.329818444Z,aggregation,scaled,a1cb37b7da6b,200,10.429422
2026-09-17T05:20:42.389756281Z,aggregation,scaled,348cd506525f,200,10.476937
2026-09-17T05:20:42.450402535Z,aggregation,scaled,a1cb37b7da6b,200,11.12233
2026-09-17T05:20:42.511441095Z,aggregation,scaled,348cd506525f,200,12.390314
2026-09-17T05:20:42.568906304Z,aggregation,scaled,660681595a5e,200,9.794999
2026-09-17T05:20:42.629643758Z,aggregation,scaled,348cd506525f,200,10.876663
2026-09-17T05:20:42.690027584Z,aggregation,scaled,660681595a5e,200,10.897075
2026-09-17T05:20:42.752271504Z,aggregation,scaled,a1cb37b7da6b,200,13.549272
2026-09-17T05:20:42.811149591Z,aggregation,scaled,660681595a5e,200,11.397989
2026-09-17T05:20:42.870671555Z,aggregation,scaled,a1cb37b7da6b,200,11.871535
2026-09-17T05:20:42.928155283Z,aggregation,scaled,348cd506525f,200,9.683675
2026-09-17T05:20:42.989084436Z,aggregation,scaled,a1cb37b7da6b,200,10.322653
2026-09-17T05:20:43.050200292Z,aggregation,scaled,348cd506525f,200,11.631684
2026-09-17T05:20:43.108889905Z,aggregation,scaled,660681595a5e,200,10.087922
2026-09-17T05:20:43.169123482Z,aggregation,scaled,348cd506525f,200,10.520531
2026-09-17T05:20:43.229891633Z,aggregation,scaled,660681595a5e,200,11.290562
2026-09-17T05:20:43.2893847Z,aggregation,scaled,a1cb37b7da6b,200,10.947379
2026-09-17T05:20:43.349620857Z,aggregation,scaled,660681595a5e,200,10.547952
2026-09-17T05:20:43.41025534Z,aggregation,scaled,a1cb37b7da6b,200,11.070267
2026-09-17T05:20:43.469528872Z,aggregation,scaled,348cd506525f,200,10.655509
2026-09-17T05:20:43.531672785Z,aggregation,scaled,a1cb37b7da6b,200,12.329156
2026-09-17T05:20:43.589741288Z,aggregation,scaled,348cd506525f,200,10.430295
2026-09-17T05:20:43.648809298Z,aggregation,scaled,660681595a5e,200,10.341819
2026-09-17T05:20:43.709517626Z,aggregation,scaled,348cd506525f,200,10.145375
2026-09-17T05:20:43.771013306Z,aggregation,scaled,660681595a5e,200,11.900252
2026-09-17T05:20:43.829920426Z,aggregation,scaled,a1cb37b7da6b,200,11.362306
2026-09-17T05:20:43.889252382Z,aggregation,scaled,660681595a5e,200,10.674141
2026-09-17T05:20:43.950782766Z,aggregation,scaled,a1cb37b7da6b,200,11.832437
2026-09-17T05:20:44.011326973Z,aggregation,scaled,348cd506525f,200,11.895652
2026-09-17T05:20:44.069028941Z,aggregation,scaled,a1cb37b7da6b,200,10.128163
2026-09-17T05:20:44.128395769Z,aggregation,scaled,348cd506525f,200,9.718846
2026-09-17T05:20:44.190714975Z,aggregation,scaled,660681595a5e,200,11.684707
2026-09-17T05:20:44.251603466Z,aggregation,scaled,348cd506525f,200,12.114516
2026-09-17T05:20:44.310273558Z,aggregation,scaled,660681595a5e,200,11.074366
2026-09-17T05:20:44.368889827Z,aggregation,scaled,a1cb37b7da6b,200,10.036337
2026-09-17T05:20:44.42847406Z,aggregation,scaled,660681595a5e,200,9.825903
2026-09-17T05:20:44.491438879Z,aggregation,scaled,a1cb37b7da6b,200,12.357923
2026-09-17T05:20:44.550574006Z,aggregation,scaled,348cd506525f,200,11.594826
2026-09-17T05:20:44.610483637Z,aggregation,scaled,a1cb37b7da6b,200,11.308072
2026-09-17T05:20:44.669153359Z,aggregation,scaled,348cd506525f,200,10.051868
2026-09-17T05:20:44.73068123Z,aggregation,scaled,660681595a5e,200,11.800733
2026-09-17T05:20:44.790938388Z,aggregation,scaled,348cd506525f,200,11.58501
2026-09-17T05:20:44.849002291Z,aggregation,scaled,660681595a5e,200,10.474865
2026-09-17T05:20:44.910404215Z,aggregation,scaled,a1cb37b7da6b,200,11.830996
2026-09-17T05:20:44.970438074Z,aggregation,scaled,660681595a5e,200,11.280564
2026-09-17T05:20:45.030259767Z,aggregation,scaled,a1cb37b7da6b,200,10.965758
2026-09-17T05:20:45.090965655Z,aggregation,scaled,348cd506525f,200,12.181729
2026-09-17T05:20:45.151763199Z,aggregation,scaled,a1cb37b7da6b,200,13.083789
2026-09-17T05:20:45.212593431Z,aggregation,scaled,348cd506525f,200,13.235574
2026-09-17T05:20:45.270617685Z,aggregation,scaled,660681595a5e,200,11.316952
2026-09-17T05:20:45.331194024Z,aggregation,scaled,348cd506525f,200,11.709969
2026-09-17T05:20:45.393356669Z,aggregation,scaled,660681595a5e,200,14.816656
2026-09-17T05:20:45.451304283Z,aggregation,scaled,a1cb37b7da6b,200,12.423786
2026-09-17T05:20:45.512049774Z,aggregation,scaled,660681595a5e,200,13.126883
2026-09-17T05:20:45.57228782Z,aggregation,scaled,a1cb37b7da6b,200,13.487792
2026-09-17T05:20:45.629262301Z,aggregation,scaled,348cd506525f,200,10.51843
2026-09-17T05:20:45.691935909Z,aggregation,scaled,a1cb37b7da6b,200,12.999395
2026-09-17T05:20:45.750910002Z,aggregation,scaled,348cd506525f,200,12.510712
2026-09-17T05:20:45.809177348Z,aggregation,scaled,660681595a5e,200,10.544152
2026-09-17T05:20:45.869781199Z,aggregation,scaled,348cd506525f,200,10.870214
2026-09-17T05:20:45.931633233Z,aggregation,scaled,660681595a5e,200,12.234349
2026-09-17T05:20:45.99007978Z,aggregation,scaled,a1cb37b7da6b,200,10.757166
2026-09-17T05:20:46.049880909Z,aggregation,scaled,660681595a5e,200,11.243949
2026-09-17T05:20:46.111669138Z,aggregation,scaled,a1cb37b7da6b,200,13.267193
2026-09-17T05:20:46.171637696Z,aggregation,scaled,348cd506525f,200,12.288368
2026-09-17T05:20:46.229555679Z,aggregation,scaled,a1cb37b7da6b,200,10.310226
2026-09-17T05:20:46.289218827Z,aggregation,scaled,348cd506525f,200,10.043639
2026-09-17T05:20:46.34901789Z,aggregation,scaled,660681595a5e,200,10.408318
2026-09-17T05:20:46.408854895Z,aggregation,scaled,348cd506525f,200,10.37555
2026-09-17T05:20:46.473021729Z,aggregation,scaled,660681595a5e,200,13.607051
2026-09-17T05:20:46.530840569Z,aggregation,scaled,a1cb37b7da6b,200,12.226974
2026-09-17T05:20:46.589845574Z,aggregation,scaled,660681595a5e,200,11.376197
2026-09-17T05:20:46.650083361Z,aggregation,scaled,a1cb37b7da6b,200,10.651119
2026-09-17T05:20:46.711492696Z,aggregation,scaled,348cd506525f,200,12.814307
2026-09-17T05:20:46.770036631Z,aggregation,scaled,a1cb37b7da6b,200,11.023214
2026-09-17T05:20:46.829715041Z,aggregation,scaled,348cd506525f,200,11.039594
2026-09-17T05:20:46.890481313Z,aggregation,scaled,660681595a5e,200,11.102399
2026-09-17T05:20:46.950711719Z,aggregation,scaled,348cd506525f,200,11.647665
2026-09-17T05:20:47.009575164Z,aggregation,scaled,660681595a5e,200,10.180857
2026-09-17T05:20:47.069618489Z,aggregation,scaled,a1cb37b7da6b,200,10.650998
2026-09-17T05:20:47.130398483Z,aggregation,scaled,660681595a5e,200,11.256199
2026-09-17T05:20:47.189288179Z,aggregation,scaled,a1cb37b7da6b,200,10.314115
2026-09-17T05:20:47.249988567Z,aggregation,scaled,348cd506525f,200,11.222756
2026-09-17T05:20:47.310139488Z,aggregation,scaled,a1cb37b7da6b,200,11.515026
2026-09-17T05:20:47.368967031Z,aggregation,scaled,348cd506525f,200,10.184566
2026-09-17T05:20:47.429328786Z,aggregation,scaled,660681595a5e,200,10.691041
2026-09-17T05:20:47.49056383Z,aggregation,scaled,348cd506525f,200,11.708148
2026-09-17T05:20:47.549924098Z,aggregation,scaled,660681595a5e,200,10.840951
2026-09-17T05:20:47.610196207Z,aggregation,scaled,a1cb37b7da6b,200,10.724493
2026-09-17T05:20:47.671580088Z,aggregation,scaled,660681595a5e,200,12.856134
2026-09-17T05:20:47.730142724Z,aggregation,scaled,a1cb37b7da6b,200,11.00291
2026-09-17T05:20:47.788867414Z,aggregation,scaled,348cd506525f,200,10.173108
2026-09-17T05:20:47.849117264Z,aggregation,scaled,a1cb37b7da6b,200,10.729023
2026-09-17T05:20:47.910024162Z,aggregation,scaled,348cd506525f,200,11.308636
2026-09-17T05:20:47.969103503Z,aggregation,scaled,660681595a5e,200,10.504319
2026-09-17T05:20:48.02894992Z,aggregation,scaled,348cd506525f,200,10.252543
2026-09-17T05:20:48.089576704Z,aggregation,scaled,660681595a5e,200,11.089836
2026-09-17T05:20:48.150426755Z,aggregation,scaled,a1cb37b7da6b,200,11.27679
2026-09-17T05:20:48.209223022Z,aggregation,scaled,660681595a5e,200,10.168007
2026-09-17T05:20:48.26879676Z,aggregation,scaled,a1cb37b7da6b,200,9.922322
2026-09-17T05:20:48.330319282Z,aggregation,scaled,348cd506525f,200,10.95874
2026-09-17T05:20:48.388773409Z,aggregation,scaled,a1cb37b7da6b,200,9.885861
2026-09-17T05:20:48.450817343Z,aggregation,scaled,348cd506525f,200,11.613975
2026-09-17T05:20:48.509656944Z,aggregation,scaled,660681595a5e,200,10.190609
2026-09-17T05:20:48.569848526Z,aggregation,scaled,348cd506525f,200,10.645328
2026-09-17T05:20:48.630325297Z,aggregation,scaled,660681595a5e,200,11.850875
2026-09-17T05:20:48.691347541Z,aggregation,scaled,a1cb37b7da6b,200,12.438707
2026-09-17T05:20:48.749717097Z,aggregation,scaled,660681595a5e,200,10.743954
2026-09-17T05:20:48.808759202Z,aggregation,scaled,a1cb37b7da6b,200,9.428161
2026-09-17T05:20:48.870677806Z,aggregation,scaled,348cd506525f,200,12.472236
2026-09-17T05:20:48.930616146Z,aggregation,scaled,a1cb37b7da6b,200,12.37115
2026-09-17T05:20:48.987555916Z,aggregation,scaled,348cd506525f,200,10.281095
2026-09-17T05:20:49.049532592Z,aggregation,scaled,660681595a5e,200,11.172407
2026-09-17T05:20:49.107470951Z,aggregation,scaled,348cd506525f,200,9.464294
2026-09-17T05:20:49.169460061Z,aggregation,scaled,660681595a5e,200,11.268669
2026-09-17T05:20:49.228484096Z,aggregation,scaled,a1cb37b7da6b,200,10.356969
2026-09-17T05:20:49.287979028Z,aggregation,scaled,660681595a5e,200,9.856478
2026-09-17T05:20:49.350320543Z,aggregation,scaled,a1cb37b7da6b,200,12.739201
2026-09-17T05:20:49.410324238Z,aggregation,scaled,348cd506525f,200,12.434752
2026-09-17T05:20:49.46855593Z,aggregation,scaled,a1cb37b7da6b,200,10.586024
2026-09-17T05:20:49.529054046Z,aggregation,scaled,348cd506525f,200,10.835101
2026-09-17T05:20:49.588895126Z,aggregation,scaled,660681595a5e,200,11.393542
2026-09-17T05:20:49.648263035Z,aggregation,scaled,348cd506525f,200,10.8404
2026-09-17T05:20:49.708336114Z,aggregation,scaled,660681595a5e,200,10.648898
2026-09-17T05:20:49.769740979Z,aggregation,scaled,a1cb37b7da6b,200,11.809873
2026-09-17T05:20:49.829270544Z,aggregation,scaled,660681595a5e,200,11.666084
2026-09-17T05:20:49.888927566Z,aggregation,scaled,a1cb37b7da6b,200,11.103156
2026-09-17T05:20:49.947937539Z,aggregation,scaled,348cd506525f,200,10.105604
2026-09-17T05:20:50.007598122Z,aggregation,scaled,a1cb37b7da6b,200,10.124205
2026-09-17T05:20:50.06734173Z,aggregation,scaled,348cd506525f,200,10.180868
2026-09-17T05:20:50.128665448Z,aggregation,scaled,660681595a5e,200,10.787166
2026-09-17T05:20:50.188177253Z,aggregation,scaled,348cd506525f,200,10.862383
2026-09-17T05:20:50.247710818Z,aggregation,scaled,660681595a5e,200,9.921754
2026-09-17T05:20:50.308432048Z,aggregation,scaled,a1cb37b7da6b,200,11.14925
2026-09-17T05:20:50.369550832Z,aggregation,scaled,660681595a5e,200,11.539691
2026-09-17T05:20:50.428713757Z,aggregation,scaled,a1cb37b7da6b,200,10.685963
2026-09-17T05:20:50.487729678Z,aggregation,scaled,348cd506525f,200,10.463527
2026-09-17T05:20:50.550822009Z,aggregation,scaled,a1cb37b7da6b,200,12.531657
2026-09-17T05:20:50.611746165Z,aggregation,scaled,348cd506525f,200,14.51017
2026-09-17T05:20:50.668142729Z,aggregation,scaled,660681595a5e,200,9.948795
2026-09-17T05:20:50.728023096Z,aggregation,scaled,348cd506525f,200,10.379531
2026-09-17T05:20:50.788697753Z,aggregation,scaled,660681595a5e,200,11.14429
2026-09-17T05:20:50.848338226Z,aggregation,scaled,a1cb37b7da6b,200,10.995721
2026-09-17T05:20:50.908499591Z,aggregation,scaled,660681595a5e,200,10.720474
2026-09-17T05:20:50.96919383Z,aggregation,scaled,a1cb37b7da6b,200,11.073985
2026-09-17T05:20:51.028135096Z,aggregation,scaled,348cd506525f,200,10.281215
2026-09-17T05:20:51.088344236Z,aggregation,scaled,a1cb37b7da6b,200,10.611048
2026-09-17T05:20:51.150323265Z,aggregation,scaled,348cd506525f,200,12.412465
2026-09-17T05:20:51.208032593Z,aggregation,scaled,660681595a5e,200,10.168788
2026-09-17T05:20:51.268310692Z,aggregation,scaled,348cd506525f,200,10.752501
2026-09-17T05:20:51.32967989Z,aggregation,scaled,660681595a5e,200,11.491053
2026-09-17T05:20:51.389697906Z,aggregation,scaled,a1cb37b7da6b,200,11.471751
2026-09-17T05:20:51.447626398Z,aggregation,scaled,660681595a5e,200,10.037039
2026-09-17T05:20:51.508440876Z,aggregation,scaled,a1cb37b7da6b,200,10.231873
2026-09-17T05:20:51.571942714Z,aggregation,scaled,348cd506525f,200,13.775999
2026-09-17T05:20:51.628591465Z,aggregation,scaled,a1cb37b7da6b,200,11.073895
2026-09-17T05:20:51.688411917Z,aggregation,scaled,348cd506525f,200,10.292345
2026-09-17T05:20:51.751017349Z,aggregation,scaled,660681595a5e,200,12.980608
2026-09-17T05:20:51.808164322Z,aggregation,scaled,348cd506525f,200,10.690241
2026-09-17T05:20:51.868027328Z,aggregation,scaled,660681595a5e,200,10.424703
2026-09-17T05:20:51.930070833Z,aggregation,scaled,a1cb37b7da6b,200,12.310986
2026-09-17T05:20:51.988476455Z,aggregation,scaled,660681595a5e,200,10.726774
2026-09-17T05:20:52.048211603Z,aggregation,scaled,a1cb37b7da6b,200,10.06346
2026-09-17T05:20:52.110314601Z,aggregation,scaled,348cd506525f,200,12.464974
2026-09-17T05:20:52.169430121Z,aggregation,scaled,a1cb37b7da6b,200,11.564058
2026-09-17T05:20:52.228840887Z,aggregation,scaled,348cd506525f,200,10.862263
2026-09-17T05:20:52.287511997Z,aggregation,scaled,660681595a5e,200,10.290716
2026-09-17T05:20:52.349270802Z,aggregation,scaled,348cd506525f,200,11.123018
2026-09-17T05:20:52.409249646Z,aggregation,scaled,660681595a5e,200,11.001242
2026-09-17T05:20:52.469006975Z,aggregation,scaled,a1cb37b7da6b,200,11.233536
2026-09-17T05:20:52.529413745Z,aggregation,scaled,660681595a5e,200,11.771189
2026-09-17T05:20:52.589221139Z,aggregation,scaled,a1cb37b7da6b,200,11.28844
2026-09-17T05:20:52.648807297Z,aggregation,scaled,348cd506525f,200,10.709174
2026-09-17T05:20:52.709086999Z,aggregation,scaled,a1cb37b7da6b,200,11.836334
2026-09-17T05:20:52.769612157Z,aggregation,scaled,348cd506525f,200,11.914704
2026-09-17T05:20:52.829218798Z,aggregation,scaled,660681595a5e,200,11.004033
2026-09-17T05:20:52.891587308Z,aggregation,scaled,348cd506525f,200,13.73516
2026-09-17T05:20:52.951692104Z,aggregation,scaled,660681595a5e,200,13.369252
2026-09-17T05:20:53.009113025Z,aggregation,scaled,a1cb37b7da6b,200,10.900156
2026-09-17T05:20:53.071732687Z,aggregation,scaled,660681595a5e,200,14.177754
2026-09-17T05:20:53.133459131Z,aggregation,scaled,a1cb37b7da6b,200,15.574851
2026-09-17T05:20:53.189383316Z,aggregation,scaled,348cd506525f,200,11.121838
2026-09-17T05:20:53.250190363Z,aggregation,scaled,a1cb37b7da6b,200,12.07053
2026-09-17T05:20:53.312877589Z,aggregation,scaled,348cd506525f,200,15.127815
2026-09-17T05:20:53.374043727Z,aggregation,scaled,660681595a5e,200,16.609468
2026-09-17T05:20:53.430475554Z,aggregation,scaled,348cd506525f,200,12.859429
2026-09-17T05:20:53.490615009Z,aggregation,scaled,660681595a5e,200,12.263853
2026-09-17T05:20:53.551304588Z,aggregation,scaled,a1cb37b7da6b,200,12.901552
2026-09-17T05:20:53.610687242Z,aggregation,scaled,660681595a5e,200,12.645335
2026-09-17T05:20:53.668809048Z,aggregation,scaled,a1cb37b7da6b,200,10.843851
2026-09-17T05:20:53.72798459Z,aggregation,scaled,348cd506525f,200,10.547094
2026-09-17T05:20:53.789664212Z,aggregation,scaled,a1cb37b7da6b,200,12.059208
2026-09-17T05:20:53.850597726Z,aggregation,scaled,348cd506525f,200,12.24334
2026-09-17T05:20:53.910920902Z,aggregation,scaled,660681595a5e,200,12.636966
2026-09-17T05:20:53.968216434Z,aggregation,scaled,348cd506525f,200,10.737425
2026-09-17T05:20:54.029807319Z,aggregation,scaled,660681595a5e,200,11.959302
2026-09-17T05:20:54.088754415Z,aggregation,scaled,a1cb37b7da6b,200,11.126214
2026-09-17T05:20:54.150057156Z,aggregation,scaled,660681595a5e,200,11.788063
2026-09-17T05:20:54.20988385Z,aggregation,scaled,a1cb37b7da6b,200,12.24758
2026-09-17T05:20:54.269055793Z,aggregation,scaled,348cd506525f,200,11.69991
2026-09-17T05:20:54.328738417Z,aggregation,scaled,a1cb37b7da6b,200,11.179903
2026-09-17T05:20:54.388261241Z,aggregation,scaled,348cd506525f,200,10.82948
2026-09-17T05:20:54.450102413Z,aggregation,scaled,660681595a5e,200,12.173246
2026-09-17T05:20:54.508149873Z,aggregation,scaled,348cd506525f,200,10.536641
2026-09-17T05:20:54.567867571Z,aggregation,scaled,660681595a5e,200,10.089844
2026-09-17T05:20:54.628457403Z,aggregation,scaled,a1cb37b7da6b,200,11.084668
2026-09-17T05:20:54.689559757Z,aggregation,scaled,660681595a5e,200,11.522514
2026-09-17T05:20:54.749003046Z,aggregation,scaled,a1cb37b7da6b,200,10.913196
2026-09-17T05:20:54.809268989Z,aggregation,scaled,348cd506525f,200,11.632471
2026-09-17T05:20:54.868080898Z,aggregation,scaled,a1cb37b7da6b,200,10.274865
2026-09-17T05:20:54.927777853Z,aggregation,scaled,348cd506525f,200,10.017168
2026-09-17T05:20:54.987770567Z,aggregation,scaled,660681595a5e,200,9.517747
2026-09-17T05:20:55.048950718Z,aggregation,scaled,348cd506525f,200,11.690247
2026-09-17T05:20:55.107609007Z,aggregation,scaled,660681595a5e,200,10.135396
2026-09-17T05:20:55.169672922Z,aggregation,scaled,a1cb37b7da6b,200,11.442869
2026-09-17T05:20:55.229684637Z,aggregation,scaled,660681595a5e,200,11.463982
2026-09-17T05:20:55.287875726Z,aggregation,scaled,a1cb37b7da6b,200,10.678822
2026-09-17T05:20:55.347435763Z,aggregation,scaled,348cd506525f,200,9.982026
2026-09-17T05:20:55.409638539Z,aggregation,scaled,a1cb37b7da6b,200,11.651382
2026-09-17T05:20:55.468815041Z,aggregation,scaled,348cd506525f,200,10.626138
2026-09-17T05:20:55.527231594Z,aggregation,scaled,660681595a5e,200,9.857298
2026-09-17T05:20:55.59290305Z,aggregation,scaled,348cd506525f,200,15.041758
2026-09-17T05:20:55.650590209Z,aggregation,scaled,660681595a5e,200,12.985278
2026-09-17T05:20:55.708392053Z,aggregation,scaled,a1cb37b7da6b,200,10.197531
2026-09-17T05:20:55.768618914Z,aggregation,scaled,660681595a5e,200,10.741538
2026-09-17T05:20:55.827594103Z,aggregation,scaled,a1cb37b7da6b,200,10.359883
2026-09-17T05:20:55.889142521Z,aggregation,scaled,348cd506525f,200,10.966043
2026-09-17T05:20:55.94933679Z,aggregation,scaled,a1cb37b7da6b,200,11.650648
2026-09-17T05:20:56.009352068Z,aggregation,scaled,348cd506525f,200,11.53293
2026-09-17T05:20:56.068556342Z,aggregation,scaled,660681595a5e,200,10.401215
2026-09-17T05:20:56.128060519Z,aggregation,scaled,348cd506525f,200,9.751523
2026-09-17T05:20:56.188927363Z,aggregation,scaled,660681595a5e,200,11.390421
2026-09-17T05:20:56.247163523Z,aggregation,scaled,a1cb37b7da6b,200,9.924324
2026-09-17T05:20:56.308150675Z,aggregation,scaled,660681595a5e,200,10.361994
2026-09-17T05:20:56.369016999Z,aggregation,scaled,a1cb37b7da6b,200,11.391861
2026-09-17T05:20:56.427854303Z,aggregation,scaled,348cd506525f,200,10.289574
2026-09-17T05:20:56.488248941Z,aggregation,scaled,a1cb37b7da6b,200,10.879687
2026-09-17T05:20:56.550308443Z,aggregation,scaled,348cd506525f,200,12.29342
2026-09-17T05:20:56.609910659Z,aggregation,scaled,660681595a5e,200,12.05575
2026-09-17T05:20:56.668017415Z,aggregation,scaled,348cd506525f,200,10.578017
2026-09-17T05:20:56.727747004Z,aggregation,scaled,660681595a5e,200,10.248006
2026-09-17T05:20:56.788414995Z,aggregation,scaled,a1cb37b7da6b,200,11.145815
2026-09-17T05:20:56.848987129Z,aggregation,scaled,660681595a5e,200,11.053688
2026-09-17T05:20:56.908236166Z,aggregation,scaled,a1cb37b7da6b,200,10.552796
2026-09-17T05:20:56.968749666Z,aggregation,scaled,348cd506525f,200,10.913139
2026-09-17T05:20:57.029647602Z,aggregation,scaled,a1cb37b7da6b,200,11.368419
2026-09-17T05:20:57.088488392Z,aggregation,scaled,348cd506525f,200,10.221983
2026-09-17T05:20:57.149227477Z,aggregation,scaled,660681595a5e,200,11.291934
2026-09-17T05:20:57.207713194Z,aggregation,scaled,348cd506525f,200,9.86431
2026-09-17T05:20:57.271006468Z,aggregation,scaled,660681595a5e,200,13.738836
2026-09-17T05:20:57.328790928Z,aggregation,scaled,a1cb37b7da6b,200,11.193008
2026-09-17T05:20:57.38826069Z,aggregation,scaled,660681595a5e,200,11.042358
2026-09-17T05:20:57.448337942Z,aggregation,scaled,a1cb37b7da6b,200,10.552896
2026-09-17T05:20:57.509389237Z,aggregation,scaled,348cd506525f,200,11.496049
2026-09-17T05:20:57.570063378Z,aggregation,scaled,a1cb37b7da6b,200,12.024272
2026-09-17T05:20:57.628912689Z,aggregation,scaled,348cd506525f,200,11.270843
2026-09-17T05:20:57.687330721Z,aggregation,scaled,660681595a5e,200,9.957277
2026-09-17T05:20:57.749401584Z,aggregation,scaled,348cd506525f,200,11.406032
2026-09-17T05:20:57.808294578Z,aggregation,scaled,660681595a5e,200,10.294619
2026-09-17T05:20:57.868264952Z,aggregation,scaled,a1cb37b7da6b,200,10.437258
2026-09-17T05:20:57.928041594Z,aggregation,scaled,660681595a5e,200,10.138168
2026-09-17T05:20:57.988730906Z,aggregation,scaled,a1cb37b7da6b,200,11.014106
2026-09-17T05:20:58.048810918Z,aggregation,scaled,348cd506525f,200,11.51697
2026-09-17T05:20:58.107558962Z,aggregation,scaled,a1cb37b7da6b,200,10.281478
2026-09-17T05:20:58.169629735Z,aggregation,scaled,348cd506525f,200,11.407733
2026-09-17T05:20:58.227586587Z,aggregation,scaled,660681595a5e,200,10.325831
2026-09-17T05:20:58.290139682Z,aggregation,scaled,348cd506525f,200,11.876353
2026-09-17T05:20:58.350058203Z,aggregation,scaled,660681595a5e,200,12.262869
2026-09-17T05:20:58.408603023Z,aggregation,scaled,a1cb37b7da6b,200,10.883517
2026-09-17T05:20:58.468463551Z,aggregation,scaled,660681595a5e,200,10.30362
2026-09-17T05:20:58.532991706Z,aggregation,scaled,a1cb37b7da6b,200,14.611174
2026-09-17T05:20:58.588568501Z,aggregation,scaled,348cd506525f,200,10.945882
2026-09-17T05:20:58.648823834Z,aggregation,scaled,a1cb37b7da6b,200,10.593779
2026-09-17T05:20:58.708687232Z,aggregation,scaled,348cd506525f,200,11.435324
2026-09-17T05:20:58.769134438Z,aggregation,scaled,660681595a5e,200,10.894668
2026-09-17T05:20:58.828492162Z,aggregation,scaled,348cd506525f,200,10.595318
2026-09-17T05:20:58.888491768Z,aggregation,scaled,660681595a5e,200,10.414887
2026-09-17T05:20:58.949690644Z,aggregation,scaled,a1cb37b7da6b,200,11.538091
2026-09-17T05:20:59.008462449Z,aggregation,scaled,660681595a5e,200,10.236175
2026-09-17T05:20:59.067516164Z,aggregation,scaled,a1cb37b7da6b,200,9.587723
2026-09-17T05:20:59.12842008Z,aggregation,scaled,348cd506525f,200,10.195762
2026-09-17T05:20:59.18950618Z,aggregation,scaled,a1cb37b7da6b,200,11.549512
2026-09-17T05:20:59.250812362Z,aggregation,scaled,348cd506525f,200,12.715559
2026-09-17T05:20:59.309436098Z,aggregation,scaled,660681595a5e,200,12.055225
2026-09-17T05:20:59.367594543Z,aggregation,scaled,348cd506525f,200,9.617584
2026-09-17T05:20:59.429106979Z,aggregation,scaled,660681595a5e,200,10.803492
2026-09-17T05:20:59.487442286Z,aggregation,scaled,a1cb37b7da6b,200,9.873751
2026-09-17T05:20:59.549321927Z,aggregation,scaled,660681595a5e,200,11.37848
2026-09-17T05:20:59.609246098Z,aggregation,scaled,a1cb37b7da6b,200,11.38095
2026-09-17T05:20:59.669854715Z,aggregation,scaled,348cd506525f,200,12.024213
2026-09-17T05:20:59.728211718Z,aggregation,scaled,a1cb37b7da6b,200,10.732213
2026-09-17T05:20:59.788529711Z,aggregation,scaled,348cd506525f,200,10.794362
2026-09-17T05:20:59.848410639Z,aggregation,scaled,660681595a5e,200,10.358473
2026-09-17T05:20:59.907856169Z,aggregation,scaled,348cd506525f,200,9.964526
2026-09-17T05:20:59.966987499Z,aggregation,scaled,660681595a5e,200,9.768165
2026-09-17T05:21:00.029062112Z,aggregation,scaled,a1cb37b7da6b,200,11.36299
2026-09-17T05:21:00.091882025Z,aggregation,scaled,660681595a5e,200,14.278902
2026-09-17T05:21:00.147975074Z,aggregation,scaled,a1cb37b7da6b,200,10.286838
2026-09-17T05:21:00.208986066Z,aggregation,scaled,348cd506525f,200,11.358879
2026-09-17T05:21:00.267490149Z,aggregation,scaled,a1cb37b7da6b,200,9.950466
2026-09-17T05:21:00.328360008Z,aggregation,scaled,348cd506525f,200,10.338482
2026-09-17T05:21:00.387861372Z,aggregation,scaled,660681595a5e,200,9.99929
2026-09-17T05:21:00.448359901Z,aggregation,scaled,348cd506525f,200,10.961233
2026-09-17T05:21:00.509140609Z,aggregation,scaled,660681595a5e,200,11.127394
2026-09-17T05:21:00.570452898Z,aggregation,scaled,a1cb37b7da6b,200,12.751617
2026-09-17T05:21:00.631600365Z,aggregation,scaled,660681595a5e,200,13.34385
2026-09-17T05:21:00.693759504Z,aggregation,scaled,a1cb37b7da6b,200,15.590368
2026-09-17T05:21:00.749639013Z,aggregation,scaled,348cd506525f,200,12.080161
2026-09-17T05:21:00.810537204Z,aggregation,scaled,a1cb37b7da6b,200,12.261399
2026-09-17T05:21:00.870276158Z,aggregation,scaled,348cd506525f,200,11.998166
2026-09-17T05:21:00.929624017Z,aggregation,scaled,660681595a5e,200,11.753125
2026-09-17T05:21:00.991475966Z,aggregation,scaled,348cd506525f,200,12.857051
2026-09-17T05:21:01.05083037Z,aggregation,scaled,660681595a5e,200,13.075122
2026-09-17T05:21:01.110690087Z,aggregation,scaled,a1cb37b7da6b,200,13.210291
2026-09-17T05:21:01.171378904Z,aggregation,scaled,660681595a5e,200,13.969226
2026-09-17T05:21:01.231796343Z,aggregation,scaled,a1cb37b7da6b,200,13.570925
2026-09-17T05:21:01.288757189Z,aggregation,scaled,348cd506525f,200,11.396702
2026-09-17T05:21:01.348389841Z,aggregation,scaled,a1cb37b7da6b,200,11.177987
2026-09-17T05:21:01.410105421Z,aggregation,scaled,348cd506525f,200,11.808199
2026-09-17T05:21:01.469970039Z,aggregation,scaled,660681595a5e,200,12.256358
2026-09-17T05:21:01.529850952Z,aggregation,scaled,348cd506525f,200,12.315707
2026-09-17T05:21:01.588600741Z,aggregation,scaled,660681595a5e,200,11.145555
2026-09-17T05:21:01.64917107Z,aggregation,scaled,a1cb37b7da6b,200,11.962874
2026-09-17T05:21:01.711022234Z,aggregation,scaled,660681595a5e,200,13.094344
2026-09-17T05:21:01.768324458Z,aggregation,scaled,a1cb37b7da6b,200,10.569072
2026-09-17T05:21:01.829459584Z,aggregation,scaled,348cd506525f,200,11.317186
2026-09-17T05:21:01.890276565Z,aggregation,scaled,a1cb37b7da6b,200,12.101138
2026-09-17T05:21:01.951588188Z,aggregation,scaled,348cd506525f,200,13.703333
2026-09-17T05:21:02.010130388Z,aggregation,scaled,660681595a5e,200,12.013662
2026-09-17T05:21:02.068838644Z,aggregation,scaled,348cd506525f,200,10.954357
2026-09-17T05:21:02.127816658Z,aggregation,scaled,660681595a5e,200,10.437688
2026-09-17T05:21:02.190175622Z,aggregation,scaled,a1cb37b7da6b,200,12.73325
2026-09-17T05:21:02.249388377Z,aggregation,scaled,660681595a5e,200,11.614926
2026-09-17T05:21:02.309850444Z,aggregation,scaled,a1cb37b7da6b,200,11.593124
2026-09-17T05:21:02.369978909Z,aggregation,scaled,348cd506525f,200,11.753095
2026-09-17T05:21:02.429637993Z,aggregation,scaled,a1cb37b7da6b,200,12.219155
2026-09-17T05:21:02.488850518Z,aggregation,scaled,348cd506525f,200,11.319256
2026-09-17T05:21:02.548777529Z,aggregation,scaled,660681595a5e,200,11.450435
2026-09-17T05:21:02.608716822Z,aggregation,scaled,348cd506525f,200,11.134754
2026-09-17T05:21:02.669133466Z,aggregation,scaled,660681595a5e,200,11.812749
2026-09-17T05:21:02.730340512Z,aggregation,scaled,a1cb37b7da6b,200,12.304791
2026-09-17T05:21:02.789692216Z,aggregation,scaled,660681595a5e,200,11.52287
2026-09-17T05:21:02.848079306Z,aggregation,scaled,a1cb37b7da6b,200,10.807203
2026-09-17T05:21:02.909519572Z,aggregation,scaled,348cd506525f,200,11.684259
2026-09-17T05:21:02.968579972Z,aggregation,scaled,a1cb37b7da6b,200,10.38399
2026-09-17T05:21:03.029045289Z,aggregation,scaled,348cd506525f,200,10.876217
2026-09-17T05:21:03.087662605Z,aggregation,scaled,660681595a5e,200,9.988459
2026-09-17T05:21:03.148611964Z,aggregation,scaled,348cd506525f,200,11.198079
2026-09-17T05:21:03.209457486Z,aggregation,scaled,660681595a5e,200,11.265643
2026-09-17T05:21:03.268580835Z,aggregation,scaled,a1cb37b7da6b,200,10.484571
2026-09-17T05:21:03.327586526Z,aggregation,scaled,660681595a5e,200,10.293678
2026-09-17T05:21:03.389642508Z,aggregation,scaled,a1cb37b7da6b,200,11.613116
2026-09-17T05:21:03.447763461Z,aggregation,scaled,348cd506525f,200,10.521164
2026-09-17T05:21:03.507696273Z,aggregation,scaled,a1cb37b7da6b,200,10.388425
2026-09-17T05:21:03.568340202Z,aggregation,scaled,348cd506525f,200,10.050772
2026-09-17T05:21:03.629442041Z,aggregation,scaled,660681595a5e,200,11.665469
2026-09-17T05:21:03.690251031Z,aggregation,scaled,348cd506525f,200,12.111828
2026-09-17T05:21:03.748913339Z,aggregation,scaled,660681595a5e,200,11.103717
2026-09-17T05:21:03.809333372Z,aggregation,scaled,a1cb37b7da6b,200,12.009368
2026-09-17T05:21:03.868386388Z,aggregation,scaled,660681595a5e,200,10.506275
2026-09-17T05:21:03.928015402Z,aggregation,scaled,a1cb37b7da6b,200,9.873492
2026-09-17T05:21:03.987476245Z,aggregation,scaled,348cd506525f,200,9.81831
2026-09-17T05:21:04.048690144Z,aggregation,scaled,a1cb37b7da6b,200,10.528947
2026-09-17T05:21:04.108985172Z,aggregation,scaled,348cd506525f,200,10.731389
2026-09-17T05:21:04.168667608Z,aggregation,scaled,660681595a5e,200,11.183059
2026-09-17T05:21:04.230044309Z,aggregation,scaled,348cd506525f,200,11.707535
2026-09-17T05:21:04.287789008Z,aggregation,scaled,660681595a5e,200,10.070587
2026-09-17T05:21:04.347275483Z,aggregation,scaled,a1cb37b7da6b,200,9.997572
2026-09-17T05:21:04.410764972Z,aggregation,scaled,660681595a5e,200,13.0117
2026-09-17T05:21:04.468554584Z,aggregation,scaled,a1cb37b7da6b,200,11.363501
2026-09-17T05:21:04.528226241Z,aggregation,scaled,348cd506525f,200,9.987071
2026-09-17T05:21:04.587893217Z,aggregation,scaled,a1cb37b7da6b,200,10.073835
2026-09-17T05:21:04.648975027Z,aggregation,scaled,348cd506525f,200,11.429646
2026-09-17T05:21:04.70814269Z,aggregation,scaled,660681595a5e,200,10.642214
2026-09-17T05:21:04.767959855Z,aggregation,scaled,348cd506525f,200,10.200274
2026-09-17T05:21:04.827819636Z,aggregation,scaled,660681595a5e,200,10.308001
2026-09-17T05:21:04.889160328Z,aggregation,scaled,a1cb37b7da6b,200,11.865341
2026-09-17T05:21:04.950314377Z,aggregation,scaled,660681595a5e,200,12.47082
2026-09-17T05:21:05.008978168Z,aggregation,scaled,a1cb37b7da6b,200,11.002019
2026-09-17T05:21:05.068507634Z,aggregation,scaled,348cd506525f,200,10.990327
2026-09-17T05:21:05.129803429Z,aggregation,scaled,a1cb37b7da6b,200,11.787079
2026-09-17T05:21:05.187609173Z,aggregation,scaled,348cd506525f,200,10.123871
2026-09-17T05:21:05.248495119Z,aggregation,scaled,660681595a5e,200,10.259098
2026-09-17T05:21:05.308558362Z,aggregation,scaled,348cd506525f,200,10.41452
2026-09-17T05:21:05.369573207Z,aggregation,scaled,660681595a5e,200,11.563074
2026-09-17T05:21:05.429499377Z,aggregation,scaled,a1cb37b7da6b,200,11.348796
2026-09-17T05:21:05.488007373Z,aggregation,scaled,660681595a5e,200,9.80258
2026-09-17T05:21:05.547085082Z,aggregation,scaled,a1cb37b7da6b,200,9.503301
2026-09-17T05:21:05.610052282Z,aggregation,scaled,348cd506525f,200,12.317001
2026-09-17T05:21:05.669496248Z,aggregation,scaled,a1cb37b7da6b,200,11.944359
2026-09-17T05:21:05.729784786Z,aggregation,scaled,348cd506525f,200,11.591481
2026-09-17T05:21:05.788720305Z,aggregation,scaled,660681595a5e,200,10.448877
2026-09-17T05:21:05.85034585Z,aggregation,scaled,348cd506525f,200,12.053977
2026-09-17T05:21:05.908644366Z,aggregation,scaled,660681595a5e,200,10.72219
2026-09-17T05:21:05.968947609Z,aggregation,scaled,a1cb37b7da6b,200,10.695372
2026-09-17T05:21:06.029599961Z,aggregation,scaled,660681595a5e,200,11.991517
2026-09-17T05:21:06.090444167Z,aggregation,scaled,a1cb37b7da6b,200,12.210825
2026-09-17T05:21:06.149730316Z,aggregation,scaled,348cd506525f,200,11.706489
2026-09-17T05:21:06.208453476Z,aggregation,scaled,a1cb37b7da6b,200,11.241264
2026-09-17T05:21:06.268585012Z,aggregation,scaled,348cd506525f,200,10.426689
2026-09-17T05:21:06.329648472Z,aggregation,scaled,660681595a5e,200,11.65255
2026-09-17T05:21:06.38962314Z,aggregation,scaled,348cd506525f,200,11.365551
2026-09-17T05:21:06.449761387Z,aggregation,scaled,660681595a5e,200,11.529313
2026-09-17T05:21:06.508737039Z,aggregation,scaled,a1cb37b7da6b,200,11.48467
2026-09-17T05:21:06.570136944Z,aggregation,scaled,660681595a5e,200,12.838043
2026-09-17T05:21:06.629445612Z,aggregation,scaled,a1cb37b7da6b,200,11.897256
2026-09-17T05:21:06.688675799Z,aggregation,scaled,348cd506525f,200,10.561919
2026-09-17T05:21:06.749386426Z,aggregation,scaled,a1cb37b7da6b,200,11.090375
2026-09-17T05:21:06.810236407Z,aggregation,scaled,348cd506525f,200,12.324142
2026-09-17T05:21:06.867975918Z,aggregation,scaled,660681595a5e,200,10.200165
2026-09-17T05:21:06.928509803Z,aggregation,scaled,348cd506525f,200,11.003453
2026-09-17T05:21:06.987767122Z,aggregation,scaled,660681595a5e,200,9.765486
2026-09-17T05:21:07.048870984Z,aggregation,scaled,a1cb37b7da6b,200,11.387464
2026-09-17T05:21:07.109163742Z,aggregation,scaled,660681595a5e,200,11.738917
2026-09-17T05:21:07.169922628Z,aggregation,scaled,a1cb37b7da6b,200,12.054717
2026-09-17T05:21:07.228257852Z,aggregation,scaled,348cd506525f,200,10.153666
2026-09-17T05:21:07.289518639Z,aggregation,scaled,a1cb37b7da6b,200,11.334299
2026-09-17T05:21:07.349418512Z,aggregation,scaled,348cd506525f,200,11.330139
2026-09-17T05:21:07.409011124Z,aggregation,scaled,660681595a5e,200,10.998748
2026-09-17T05:21:07.467027721Z,aggregation,scaled,348cd506525f,200,9.385531
2026-09-17T05:21:07.529515555Z,aggregation,scaled,660681595a5e,200,11.784769
2026-09-17T05:21:07.588664786Z,aggregation,scaled,a1cb37b7da6b,200,10.566928
2026-09-17T05:21:07.64952329Z,aggregation,scaled,660681595a5e,200,11.202156
2026-09-17T05:21:07.709198388Z,aggregation,scaled,a1cb37b7da6b,200,10.981747
2026-09-17T05:21:07.769094659Z,aggregation,scaled,348cd506525f,200,11.230073
2026-09-17T05:21:07.829496435Z,aggregation,scaled,a1cb37b7da6b,200,11.760379
2026-09-17T05:21:07.888359908Z,aggregation,scaled,348cd506525f,200,10.392887
2026-09-17T05:21:07.948120081Z,aggregation,scaled,660681595a5e,200,10.154031
2026-09-17T05:21:08.008213647Z,aggregation,scaled,348cd506525f,200,10.511176
2026-09-17T05:21:08.068742239Z,aggregation,scaled,660681595a5e,200,10.829096
2026-09-17T05:21:08.128562563Z,aggregation,scaled,a1cb37b7da6b,200,10.166859
2026-09-17T05:21:08.188712944Z,aggregation,scaled,660681595a5e,200,10.706288
2026-09-17T05:21:08.248425779Z,aggregation,scaled,a1cb37b7da6b,200,11.11879
2026-09-17T05:21:08.310624829Z,aggregation,scaled,348cd506525f,200,12.544561
2026-09-17T05:21:08.368485445Z,aggregation,scaled,a1cb37b7da6b,200,10.388127
2026-09-17T05:21:08.428202225Z,aggregation,scaled,348cd506525f,200,10.123501
2026-09-17T05:21:08.489692501Z,aggregation,scaled,660681595a5e,200,11.921548
2026-09-17T05:21:08.551181669Z,aggregation,scaled,348cd506525f,200,12.915214
2026-09-17T05:21:08.609026285Z,aggregation,scaled,660681595a5e,200,11.495901
2026-09-17T05:21:08.669344904Z,aggregation,scaled,a1cb37b7da6b,200,11.767348
2026-09-17T05:21:08.728659677Z,aggregation,scaled,660681595a5e,200,10.541878
2026-09-17T05:21:08.789317779Z,aggregation,scaled,a1cb37b7da6b,200,11.056202
2026-09-17T05:21:08.849623984Z,aggregation,scaled,348cd506525f,200,11.670858
2026-09-17T05:21:08.913713282Z,aggregation,scaled,a1cb37b7da6b,200,15.700744
2026-09-17T05:21:08.969973038Z,aggregation,scaled,348cd506525f,200,11.731731
2026-09-17T05:21:09.030739088Z,aggregation,scaled,660681595a5e,200,13.099777
2026-09-17T05:21:09.089004511Z,aggregation,scaled,348cd506525f,200,11.733355
2026-09-17T05:21:09.148667322Z,aggregation,scaled,660681595a5e,200,10.948778
2026-09-17T05:21:09.209501862Z,aggregation,scaled,a1cb37b7da6b,200,11.237644
2026-09-17T05:21:09.271214553Z,aggregation,scaled,660681595a5e,200,13.178096
2026-09-17T05:21:09.327998408Z,aggregation,scaled,a1cb37b7da6b,200,10.2604
2026-09-17T05:21:09.388220181Z,aggregation,scaled,348cd506525f,200,10.556291
2026-09-17T05:21:09.450211802Z,aggregation,scaled,a1cb37b7da6b,200,12.346126
2026-09-17T05:21:09.509252217Z,aggregation,scaled,348cd506525f,200,11.641741
2026-09-17T05:21:09.568899535Z,aggregation,scaled,660681595a5e,200,10.984801
2026-09-17T05:21:09.629818019Z,aggregation,scaled,348cd506525f,200,12.396431
2026-09-17T05:21:09.68825886Z,aggregation,scaled,660681595a5e,200,10.65158
2026-09-17T05:21:09.748900344Z,aggregation,scaled,a1cb37b7da6b,200,11.222741
2026-09-17T05:21:09.810584253Z,aggregation,scaled,660681595a5e,200,13.105266
2026-09-17T05:21:09.871854026Z,aggregation,scaled,a1cb37b7da6b,200,13.540445
2026-09-17T05:21:09.929163557Z,aggregation,scaled,348cd506525f,200,11.912879
2026-09-17T05:21:09.989278332Z,aggregation,scaled,a1cb37b7da6b,200,11.473689
2026-09-17T05:21:10.049443032Z,aggregation,scaled,348cd506525f,200,11.072442
2026-09-17T05:21:10.107821048Z,aggregation,scaled,660681595a5e,200,9.996146
2026-09-17T05:21:10.169348983Z,aggregation,scaled,348cd506525f,200,12.142492
2026-09-17T05:21:10.230358549Z,aggregation,scaled,660681595a5e,200,12.510989
2026-09-17T05:21:10.289114154Z,aggregation,scaled,a1cb37b7da6b,200,11.180819
2026-09-17T05:21:10.348258996Z,aggregation,scaled,660681595a5e,200,10.636343
2026-09-17T05:21:10.408123685Z,aggregation,scaled,a1cb37b7da6b,200,10.286605
2026-09-17T05:21:10.469162668Z,aggregation,scaled,348cd506525f,200,11.450782
2026-09-17T05:21:10.528712602Z,aggregation,scaled,a1cb37b7da6b,200,10.917403
2026-09-17T05:21:10.588575532Z,aggregation,scaled,348cd506525f,200,11.271318
2026-09-17T05:21:10.648003262Z,aggregation,scaled,660681595a5e,200,9.988849
2026-09-17T05:21:10.70982323Z,aggregation,scaled,348cd506525f,200,12.268441
2026-09-17T05:21:10.769104442Z,aggregation,scaled,660681595a5e,200,11.834913
2026-09-17T05:21:10.829009365Z,aggregation,scaled,a1cb37b7da6b,200,11.418195
2026-09-17T05:21:10.887417777Z,aggregation,scaled,660681595a5e,200,9.67441
2026-09-17T05:21:10.948074789Z,aggregation,scaled,a1cb37b7da6b,200,10.154531
2026-09-17T05:21:11.009483951Z,aggregation,scaled,348cd506525f,200,11.569205
2026-09-17T05:21:11.073069416Z,aggregation,scaled,a1cb37b7da6b,200,15.042963
2026-09-17T05:21:11.12829832Z,aggregation,scaled,348cd506525f,200,10.673126
2026-09-17T05:21:11.18953737Z,aggregation,scaled,660681595a5e,200,11.702616
2026-09-17T05:21:11.24938232Z,aggregation,scaled,348cd506525f,200,11.246235
2026-09-17T05:21:11.308099573Z,aggregation,scaled,660681595a5e,200,10.248878
2026-09-17T05:21:11.368865252Z,aggregation,scaled,a1cb37b7da6b,200,11.118955
2026-09-17T05:21:11.427655959Z,aggregation,scaled,660681595a5e,200,10.244195
2026-09-17T05:21:11.489346734Z,aggregation,scaled,a1cb37b7da6b,200,11.184414
2026-09-17T05:21:11.548987545Z,aggregation,scaled,348cd506525f,200,11.114766
2026-09-17T05:21:11.608609197Z,aggregation,scaled,a1cb37b7da6b,200,11.006317
2026-09-17T05:21:11.667765011Z,aggregation,scaled,348cd506525f,200,9.639227
2026-09-17T05:21:11.728111151Z,aggregation,scaled,660681595a5e,200,10.789324
2026-09-17T05:21:11.790340307Z,aggregation,scaled,348cd506525f,200,12.771908
2026-09-17T05:21:11.848522858Z,aggregation,scaled,660681595a5e,200,10.6268
2026-09-17T05:21:11.911090624Z,aggregation,scaled,a1cb37b7da6b,200,12.834153
2026-09-17T05:21:11.96873212Z,aggregation,scaled,660681595a5e,200,11.499996
2026-09-17T05:21:12.028498715Z,aggregation,scaled,a1cb37b7da6b,200,10.491441
2026-09-17T05:21:12.088907321Z,aggregation,scaled,348cd506525f,200,10.599068
2026-09-17T05:21:12.148317512Z,aggregation,scaled,a1cb37b7da6b,200,10.893127
2026-09-17T05:21:12.208868458Z,aggregation,scaled,348cd506525f,200,11.017734
2026-09-17T05:21:12.26859378Z,aggregation,scaled,660681595a5e,200,11.133422
2026-09-17T05:21:12.328180174Z,aggregation,scaled,348cd506525f,200,9.944517
2026-09-17T05:21:12.389180104Z,aggregation,scaled,660681595a5e,200,11.223863
2026-09-17T05:21:12.448791708Z,aggregation,scaled,a1cb37b7da6b,200,11.453068
2026-09-17T05:21:12.507553762Z,aggregation,scaled,660681595a5e,200,10.135368
2026-09-17T05:21:12.568583318Z,aggregation,scaled,a1cb37b7da6b,200,10.417666
2026-09-17T05:21:12.628668523Z,aggregation,scaled,348cd506525f,200,10.438255
2026-09-17T05:21:12.689278822Z,aggregation,scaled,a1cb37b7da6b,200,10.910779
2026-09-17T05:21:12.753334383Z,aggregation,scaled,348cd506525f,200,15.549428
2026-09-17T05:21:12.80820247Z,aggregation,scaled,660681595a5e,200,10.423196
2026-09-17T05:21:12.867878189Z,aggregation,scaled,348cd506525f,200,10.094665
2026-09-17T05:21:12.92883062Z,aggregation,scaled,660681595a5e,200,11.289362
2026-09-17T05:21:12.98729083Z,aggregation,scaled,a1cb37b7da6b,200,10.018409
2026-09-17T05:21:13.048423752Z,aggregation,scaled,660681595a5e,200,10.48755
2026-09-17T05:21:13.109370363Z,aggregation,scaled,a1cb37b7da6b,200,11.349787
2026-09-17T05:21:13.168975097Z,aggregation,scaled,348cd506525f,200,11.078039
2026-09-17T05:21:13.228901197Z,aggregation,scaled,a1cb37b7da6b,200,11.391345
2026-09-17T05:21:13.288429639Z,aggregation,scaled,348cd506525f,200,11.097649
2026-09-17T05:21:13.349580269Z,aggregation,scaled,660681595a5e,200,11.576746
2026-09-17T05:21:13.409193728Z,aggregation,scaled,348cd506525f,200,10.970602
2026-09-17T05:21:13.467413852Z,aggregation,scaled,660681595a5e,200,9.701809
2026-09-17T05:21:13.52922178Z,aggregation,scaled,a1cb37b7da6b,200,11.084719
2026-09-17T05:21:13.587919989Z,aggregation,scaled,660681595a5e,200,10.178143
2026-09-17T05:21:13.648324563Z,aggregation,scaled,a1cb37b7da6b,200,10.791343
2026-09-17T05:21:13.709995716Z,aggregation,scaled,348cd506525f,200,12.116785
2026-09-17T05:21:13.768714472Z,aggregation,scaled,a1cb37b7da6b,200,11.113791
2026-09-17T05:21:13.827713157Z,aggregation,scaled,348cd506525f,200,10.219192
2026-09-17T05:21:13.889525485Z,aggregation,scaled,660681595a5e,200,11.979717
2026-09-17T05:21:13.949025662Z,aggregation,scaled,348cd506525f,200,10.815691
2026-09-17T05:21:14.007587548Z,aggregation,scaled,660681595a5e,200,9.981707
2026-09-17T05:21:14.068664903Z,aggregation,scaled,a1cb37b7da6b,200,11.502011
2026-09-17T05:21:14.129167321Z,aggregation,scaled,660681595a5e,200,10.998734
2026-09-17T05:21:14.188017245Z,aggregation,scaled,a1cb37b7da6b,200,10.356409
2026-09-17T05:21:14.24809568Z,aggregation,scaled,348cd506525f,200,10.459188
2026-09-17T05:21:14.308168853Z,aggregation,scaled,a1cb37b7da6b,200,10.476137
2026-09-17T05:21:14.37120286Z,aggregation,scaled,348cd506525f,200,13.331255
2026-09-17T05:21:14.428410008Z,aggregation,scaled,660681595a5e,200,10.349951
2026-09-17T05:21:14.489039778Z,aggregation,scaled,348cd506525f,200,11.104651
2026-09-17T05:21:14.547494116Z,aggregation,scaled,660681595a5e,200,9.946042
2026-09-17T05:21:14.608977804Z,aggregation,scaled,a1cb37b7da6b,200,10.834933
2026-09-17T05:21:14.669132613Z,aggregation,scaled,660681595a5e,200,11.477194
2026-09-17T05:21:14.729536699Z,aggregation,scaled,a1cb37b7da6b,200,11.818646
2026-09-17T05:21:14.789049846Z,aggregation,scaled,348cd506525f,200,11.029885
2026-09-17T05:21:14.848543382Z,aggregation,scaled,a1cb37b7da6b,200,10.79502
2026-09-17T05:21:14.909753401Z,aggregation,scaled,348cd506525f,200,11.557109
2026-09-17T05:21:14.968527629Z,aggregation,scaled,660681595a5e,200,11.287732
2026-09-17T05:21:15.028065759Z,aggregation,scaled,348cd506525f,200,9.86924
2026-09-17T05:21:15.088483845Z,aggregation,scaled,660681595a5e,200,10.933879
2026-09-17T05:21:15.14841978Z,aggregation,scaled,a1cb37b7da6b,200,10.377253
2026-09-17T05:21:15.209592695Z,aggregation,scaled,660681595a5e,200,11.615181
2026-09-17T05:21:15.269961999Z,aggregation,scaled,a1cb37b7da6b,200,11.840398
2026-09-17T05:21:15.32774452Z,aggregation,scaled,348cd506525f,200,9.976273
2026-09-17T05:21:15.388262757Z,aggregation,scaled,a1cb37b7da6b,200,10.037061
2026-09-17T05:21:15.4500837Z,aggregation,scaled,348cd506525f,200,12.155462
2026-09-17T05:21:15.508201732Z,aggregation,scaled,660681595a5e,200,10.544104
2026-09-17T05:21:15.567742372Z,aggregation,scaled,348cd506525f,200,9.983017
2026-09-17T05:21:15.628715315Z,aggregation,scaled,660681595a5e,200,11.548539
2026-09-17T05:21:15.690227893Z,aggregation,scaled,a1cb37b7da6b,200,11.927314
2026-09-17T05:21:15.74788932Z,aggregation,scaled,660681595a5e,200,10.159329
2026-09-17T05:21:15.810600486Z,aggregation,scaled,a1cb37b7da6b,200,13.187345
2026-09-17T05:21:15.870994621Z,aggregation,scaled,348cd506525f,200,12.772138
2026-09-17T05:21:15.929566738Z,aggregation,scaled,a1cb37b7da6b,200,11.884371
2026-09-17T05:21:15.990298465Z,aggregation,scaled,348cd506525f,200,12.171069
2026-09-17T05:21:16.051337588Z,aggregation,scaled,660681595a5e,200,13.056664
2026-09-17T05:21:16.110753804Z,aggregation,scaled,348cd506525f,200,13.09814
2026-09-17T05:21:16.170115582Z,aggregation,scaled,660681595a5e,200,12.578196
2026-09-17T05:21:16.228647011Z,aggregation,scaled,a1cb37b7da6b,200,10.917833
2026-09-17T05:21:16.28840693Z,aggregation,scaled,660681595a5e,200,11.176405
2026-09-17T05:21:16.350280441Z,aggregation,scaled,a1cb37b7da6b,200,12.041191
2026-09-17T05:21:16.410082348Z,aggregation,scaled,348cd506525f,200,12.105085
2026-09-17T05:21:16.472055905Z,aggregation,scaled,a1cb37b7da6b,200,14.421546
2026-09-17T05:21:16.530524205Z,aggregation,scaled,348cd506525f,200,12.781499
2026-09-17T05:21:16.591291825Z,aggregation,scaled,660681595a5e,200,13.112382
2026-09-17T05:21:16.650377715Z,aggregation,scaled,348cd506525f,200,13.004134
2026-09-17T05:21:16.710077671Z,aggregation,scaled,660681595a5e,200,12.004704
2026-09-17T05:21:16.769536265Z,aggregation,scaled,a1cb37b7da6b,200,11.913139
2026-09-17T05:21:16.830842879Z,aggregation,scaled,660681595a5e,200,12.55628
2026-09-17T05:21:16.891086599Z,aggregation,scaled,a1cb37b7da6b,200,13.585441
2026-09-17T05:21:16.948631979Z,aggregation,scaled,348cd506525f,200,10.959741
2026-09-17T05:21:17.009835258Z,aggregation,scaled,a1cb37b7da6b,200,11.476205
2026-09-17T05:21:17.068285567Z,aggregation,scaled,348cd506525f,200,10.543264
2026-09-17T05:21:17.128440067Z,aggregation,scaled,660681595a5e,200,10.502762
2026-09-17T05:21:17.19073536Z,aggregation,scaled,348cd506525f,200,12.613711
2026-09-17T05:21:17.250449076Z,aggregation,scaled,660681595a5e,200,12.134676
2026-09-17T05:21:17.31128425Z,aggregation,scaled,a1cb37b7da6b,200,13.181793
2026-09-17T05:21:17.369563762Z,aggregation,scaled,660681595a5e,200,11.605076
2026-09-17T05:21:17.428890343Z,aggregation,scaled,a1cb37b7da6b,200,10.747276
2026-09-17T05:21:17.488108373Z,aggregation,scaled,348cd506525f,200,10.63666
2026-09-17T05:21:17.549466031Z,aggregation,scaled,a1cb37b7da6b,200,11.554558
2026-09-17T05:21:17.61054706Z,aggregation,scaled,348cd506525f,200,12.375532
2026-09-17T05:21:17.66838622Z,aggregation,scaled,660681595a5e,200,10.122545
2026-09-17T05:21:17.729050232Z,aggregation,scaled,348cd506525f,200,10.994482
2026-09-17T05:21:17.789250292Z,aggregation,scaled,660681595a5e,200,11.487604
2026-09-17T05:21:17.848599489Z,aggregation,scaled,a1cb37b7da6b,200,10.766497
2026-09-17T05:21:17.908396755Z,aggregation,scaled,660681595a5e,200,10.173919
2026-09-17T05:21:17.968133908Z,aggregation,scaled,a1cb37b7da6b,200,10.090954
2026-09-17T05:21:18.027610974Z,aggregation,scaled,348cd506525f,200,9.925843
2026-09-17T05:21:18.089356096Z,aggregation,scaled,a1cb37b7da6b,200,11.069827
2026-09-17T05:21:18.149780513Z,aggregation,scaled,348cd506525f,200,11.89588
2026-09-17T05:21:18.208561074Z,aggregation,scaled,660681595a5e,200,11.326873
2026-09-17T05:21:18.268073611Z,aggregation,scaled,348cd506525f,200,10.852043
2026-09-17T05:21:18.327934351Z,aggregation,scaled,660681595a5e,200,10.368721
2026-09-17T05:21:18.387090955Z,aggregation,scaled,a1cb37b7da6b,200,9.503495
2026-09-17T05:21:18.449509206Z,aggregation,scaled,660681595a5e,200,11.908827
2026-09-17T05:21:18.509320018Z,aggregation,scaled,a1cb37b7da6b,200,11.190774
2026-09-17T05:21:18.568464372Z,aggregation,scaled,348cd506525f,200,10.569365
2026-09-17T05:21:18.628178093Z,aggregation,scaled,a1cb37b7da6b,200,10.139117
2026-09-17T05:21:18.68830922Z,aggregation,scaled,348cd506525f,200,10.556393
2026-09-17T05:21:18.749586491Z,aggregation,scaled,660681595a5e,200,11.536817
2026-09-17T05:21:18.808791519Z,aggregation,scaled,348cd506525f,200,10.65406
2026-09-17T05:21:18.866441383Z,aggregation,scaled,660681595a5e,200,10.764258
2026-09-17T05:21:18.927954731Z,aggregation,scaled,a1cb37b7da6b,200,12.007379
2026-09-17T05:21:18.987139466Z,aggregation,scaled,660681595a5e,200,11.608413
2026-09-17T05:21:19.045836692Z,aggregation,scaled,a1cb37b7da6b,200,10.275876
2026-09-17T05:21:19.107463847Z,aggregation,scaled,348cd506525f,200,11.051756
2026-09-17T05:21:19.168049815Z,aggregation,scaled,a1cb37b7da6b,200,12.083714
2026-09-17T05:21:19.225765626Z,aggregation,scaled,348cd506525f,200,10.268956
2026-09-17T05:21:19.287222121Z,aggregation,scaled,660681595a5e,200,10.823042
2026-09-17T05:21:19.347005545Z,aggregation,scaled,348cd506525f,200,11.245288
2026-09-17T05:21:19.406328951Z,aggregation,scaled,660681595a5e,200,9.745052
2026-09-17T05:21:19.46679289Z,aggregation,scaled,a1cb37b7da6b,200,10.965131
2026-09-17T05:21:19.527891121Z,aggregation,scaled,660681595a5e,200,11.509717
2026-09-17T05:21:19.586573555Z,aggregation,scaled,a1cb37b7da6b,200,10.151756
2026-09-17T05:21:19.645694987Z,aggregation,scaled,348cd506525f,200,9.606853
2026-09-17T05:21:19.70728634Z,aggregation,scaled,a1cb37b7da6b,200,11.062647
2026-09-17T05:21:19.765928381Z,aggregation,scaled,348cd506525f,200,10.141657
2026-09-17T05:21:19.825835178Z,aggregation,scaled,660681595a5e,200,10.319826
2026-09-17T05:21:19.888327639Z,aggregation,scaled,348cd506525f,200,11.919138
2026-09-17T05:21:19.947563339Z,aggregation,scaled,660681595a5e,200,11.569898
2026-09-17T05:21:20.008423886Z,aggregation,scaled,a1cb37b7da6b,200,12.370734
2026-09-17T05:21:20.066822821Z,aggregation,scaled,660681595a5e,200,10.88168
2026-09-17T05:21:20.128055291Z,aggregation,scaled,a1cb37b7da6b,200,11.672148
2026-09-17T05:21:20.18608674Z,aggregation,scaled,348cd506525f,200,10.500088
2026-09-17T05:21:20.248196641Z,aggregation,scaled,a1cb37b7da6b,200,12.528849
2026-09-17T05:21:20.30691183Z,aggregation,scaled,348cd506525f,200,10.682578
2026-09-17T05:21:20.366492861Z,aggregation,scaled,660681595a5e,200,10.200059
2026-09-17T05:21:20.427290374Z,aggregation,scaled,348cd506525f,200,11.216171
2026-09-17T05:21:20.486020954Z,aggregation,scaled,660681595a5e,200,10.231081
2026-09-17T05:21:20.546888031Z,aggregation,scaled,a1cb37b7da6b,200,11.107012
2026-09-17T05:21:20.606715967Z,aggregation,scaled,660681595a5e,200,10.323036
2026-09-17T05:21:20.666604166Z,aggregation,scaled,a1cb37b7da6b,200,10.349608
2026-09-17T05:21:20.726527537Z,aggregation,scaled,348cd506525f,200,10.348838
2026-09-17T05:21:20.787842282Z,aggregation,scaled,a1cb37b7da6b,200,11.790655
2026-09-17T05:21:20.850807934Z,aggregation,scaled,348cd506525f,200,14.40409
2026-09-17T05:21:20.908609669Z,aggregation,scaled,660681595a5e,200,12.401511
2026-09-17T05:21:20.965929246Z,aggregation,scaled,348cd506525f,200,9.858339
2026-09-17T05:21:21.026292627Z,aggregation,scaled,660681595a5e,200,10.755067
2026-09-17T05:21:21.087102707Z,aggregation,scaled,a1cb37b7da6b,200,11.160106
2026-09-17T05:21:21.14722405Z,aggregation,scaled,660681595a5e,200,11.581942
2026-09-17T05:21:21.206522173Z,aggregation,scaled,a1cb37b7da6b,200,10.665467
2026-09-17T05:21:21.267908823Z,aggregation,scaled,348cd506525f,200,11.791985
2026-09-17T05:21:21.327289061Z,aggregation,scaled,a1cb37b7da6b,200,11.686727
2026-09-17T05:21:21.386652319Z,aggregation,scaled,348cd506525f,200,10.782924
2026-09-17T05:21:21.446820185Z,aggregation,scaled,660681595a5e,200,10.239092
2026-09-17T05:21:21.506255967Z,aggregation,scaled,348cd506525f,200,9.791995
2026-09-17T05:21:21.56620599Z,aggregation,scaled,660681595a5e,200,10.448204
2026-09-17T05:21:21.627270409Z,aggregation,scaled,a1cb37b7da6b,200,11.297983
2026-09-17T05:21:21.686993337Z,aggregation,scaled,660681595a5e,200,11.240232
2026-09-17T05:21:21.747229208Z,aggregation,scaled,a1cb37b7da6b,200,11.629758
2026-09-17T05:21:21.807322949Z,aggregation,scaled,348cd506525f,200,11.442444
2026-09-17T05:21:21.866943323Z,aggregation,scaled,a1cb37b7da6b,200,11.105215
2026-09-17T05:21:21.925471361Z,aggregation,scaled,348cd506525f,200,9.955608
2026-09-17T05:21:21.986787285Z,aggregation,scaled,660681595a5e,200,10.691959
2026-09-17T05:21:22.048945751Z,aggregation,scaled,348cd506525f,200,12.618104
2026-09-17T05:21:22.107977278Z,aggregation,scaled,660681595a5e,200,11.268943
2026-09-17T05:21:22.167433101Z,aggregation,scaled,a1cb37b7da6b,200,10.843908
2026-09-17T05:21:22.226093037Z,aggregation,scaled,660681595a5e,200,10.04825
2026-09-17T05:21:22.2858654Z,aggregation,scaled,a1cb37b7da6b,200,10.097044
2026-09-17T05:21:22.3461187Z,aggregation,scaled,348cd506525f,200,9.68482
2026-09-17T05:21:22.405795786Z,aggregation,scaled,a1cb37b7da6b,200,10.141856
2026-09-17T05:21:22.466494294Z,aggregation,scaled,348cd506525f,200,10.088803
2026-09-17T05:21:22.526568654Z,aggregation,scaled,660681595a5e,200,10.537139
2026-09-17T05:21:22.587388828Z,aggregation,scaled,348cd506525f,200,11.21101
2026-09-17T05:21:22.647708483Z,aggregation,scaled,660681595a5e,200,11.796115
2026-09-17T05:21:22.70870787Z,aggregation,scaled,a1cb37b7da6b,200,12.142093
2026-09-17T05:21:22.770692084Z,aggregation,scaled,660681595a5e,200,14.469506
2026-09-17T05:21:22.826488809Z,aggregation,scaled,a1cb37b7da6b,200,10.284606
2026-09-17T05:21:22.887163925Z,aggregation,scaled,348cd506525f,200,11.05809
2026-09-17T05:21:22.946407075Z,aggregation,scaled,a1cb37b7da6b,200,10.71007
2026-09-17T05:21:23.007296044Z,aggregation,scaled,348cd506525f,200,11.352968
2026-09-17T05:21:23.06695142Z,aggregation,scaled,660681595a5e,200,11.082102
2026-09-17T05:21:23.126435644Z,aggregation,scaled,348cd506525f,200,9.962885
2026-09-17T05:21:23.186104131Z,aggregation,scaled,660681595a5e,200,10.133815
2026-09-17T05:21:23.246184061Z,aggregation,scaled,a1cb37b7da6b,200,10.390929
2026-09-17T05:21:23.305676226Z,aggregation,scaled,660681595a5e,200,10.160596
2026-09-17T05:21:23.368274498Z,aggregation,scaled,a1cb37b7da6b,200,11.973895
2026-09-17T05:21:23.42704104Z,aggregation,scaled,348cd506525f,200,11.20688
2026-09-17T05:21:23.486459622Z,aggregation,scaled,a1cb37b7da6b,200,10.698869
2026-09-17T05:21:23.547942706Z,aggregation,scaled,348cd506525f,200,11.852868
2026-09-17T05:21:23.608402119Z,aggregation,scaled,660681595a5e,200,11.833132
2026-09-17T05:21:23.665982411Z,aggregation,scaled,348cd506525f,200,10.143235
2026-09-17T05:21:23.726723461Z,aggregation,scaled,660681595a5e,200,10.217231
2026-09-17T05:21:23.788753529Z,aggregation,scaled,a1cb37b7da6b,200,12.324732
2026-09-17T05:21:23.84868449Z,aggregation,scaled,660681595a5e,200,12.307586
2026-09-17T05:21:23.909582766Z,aggregation,scaled,a1cb37b7da6b,200,13.247223
2026-09-17T05:21:23.969220394Z,aggregation,scaled,348cd506525f,200,13.076786
2026-09-17T05:21:24.028799909Z,aggregation,scaled,a1cb37b7da6b,200,13.259337
2026-09-17T05:21:24.09187728Z,aggregation,scaled,348cd506525f,200,15.274908
2026-09-17T05:21:24.149085598Z,aggregation,scaled,660681595a5e,200,12.597848
2026-09-17T05:21:24.206075629Z,aggregation,scaled,348cd506525f,200,10.55021
2026-09-17T05:21:24.267566875Z,aggregation,scaled,660681595a5e,200,11.032509
2026-09-17T05:21:24.330550834Z,aggregation,scaled,a1cb37b7da6b,200,14.30336
2026-09-17T05:21:24.390205963Z,aggregation,scaled,660681595a5e,200,14.165106
2026-09-17T05:21:24.44637084Z,aggregation,scaled,a1cb37b7da6b,200,10.646666
2026-09-17T05:21:24.509752998Z,aggregation,scaled,348cd506525f,200,13.812315
2026-09-17T05:21:24.567582543Z,aggregation,scaled,a1cb37b7da6b,200,11.309786
2026-09-17T05:21:24.627221319Z,aggregation,scaled,348cd506525f,200,11.05285
2026-09-17T05:21:24.686614043Z,aggregation,scaled,660681595a5e,200,10.758717
2026-09-17T05:21:24.748352579Z,aggregation,scaled,348cd506525f,200,12.000779
2026-09-17T05:21:24.808256678Z,aggregation,scaled,660681595a5e,200,12.446354
2026-09-17T05:21:24.867539961Z,aggregation,scaled,a1cb37b7da6b,200,11.777264
2026-09-17T05:21:24.928142233Z,aggregation,scaled,660681595a5e,200,11.859659
2026-09-17T05:21:24.987891242Z,aggregation,scaled,a1cb37b7da6b,200,12.32429
2026-09-17T05:21:25.048505162Z,aggregation,scaled,348cd506525f,200,11.636773
2026-09-17T05:21:25.106250972Z,aggregation,scaled,a1cb37b7da6b,200,10.548306
2026-09-17T05:21:25.166500633Z,aggregation,scaled,348cd506525f,200,10.714497
2026-09-17T05:21:25.23314862Z,aggregation,scaled,660681595a5e,200,16.970275
2026-09-17T05:21:25.28938621Z,aggregation,scaled,348cd506525f,200,13.709954
2026-09-17T05:21:25.347091678Z,aggregation,scaled,660681595a5e,200,10.920182
2026-09-17T05:21:25.406265505Z,aggregation,scaled,a1cb37b7da6b,200,10.791715
2026-09-17T05:21:25.466313564Z,aggregation,scaled,660681595a5e,200,10.463315
2026-09-17T05:21:25.528605178Z,aggregation,scaled,a1cb37b7da6b,200,12.747534
2026-09-17T05:21:25.587802314Z,aggregation,scaled,348cd506525f,200,11.599723
2026-09-17T05:21:25.647840372Z,aggregation,scaled,a1cb37b7da6b,200,11.337458
2026-09-17T05:21:25.708506359Z,aggregation,scaled,348cd506525f,200,12.061362
2026-09-17T05:21:25.771232067Z,aggregation,scaled,660681595a5e,200,14.913201
2026-09-17T05:21:25.828272745Z,aggregation,scaled,348cd506525f,200,12.449804
2026-09-17T05:21:25.889288913Z,aggregation,scaled,660681595a5e,200,13.515537
2026-09-17T05:21:25.947401875Z,aggregation,scaled,a1cb37b7da6b,200,11.488326
2026-09-17T05:21:26.007422943Z,aggregation,scaled,660681595a5e,200,11.60111
2026-09-17T05:21:26.066367996Z,aggregation,scaled,a1cb37b7da6b,200,10.332888
2026-09-17T05:21:26.127224142Z,aggregation,scaled,348cd506525f,200,11.307896
2026-09-17T05:21:26.187953122Z,aggregation,scaled,a1cb37b7da6b,200,11.923763
2026-09-17T05:21:26.24815424Z,aggregation,scaled,348cd506525f,200,11.890371
2026-09-17T05:21:26.306454593Z,aggregation,scaled,660681595a5e,200,10.87142
2026-09-17T05:21:26.366852253Z,aggregation,scaled,348cd506525f,200,10.744751
2026-09-17T05:21:26.426882931Z,aggregation,scaled,660681595a5e,200,10.56293
2026-09-17T05:21:26.486756969Z,aggregation,scaled,a1cb37b7da6b,200,10.097014
2026-09-17T05:21:26.547684611Z,aggregation,scaled,660681595a5e,200,11.22021
2026-09-17T05:21:26.607440251Z,aggregation,scaled,a1cb37b7da6b,200,10.972576
2026-09-17T05:21:26.668002472Z,aggregation,scaled,348cd506525f,200,11.913902
2026-09-17T05:21:26.726713011Z,aggregation,scaled,a1cb37b7da6b,200,10.150126
2026-09-17T05:21:26.787683454Z,aggregation,scaled,348cd506525f,200,11.404796
2026-09-17T05:21:26.846889534Z,aggregation,scaled,660681595a5e,200,10.605945
2026-09-17T05:21:26.907493366Z,aggregation,scaled,348cd506525f,200,10.972606
2026-09-17T05:21:26.967939379Z,aggregation,scaled,660681595a5e,200,11.564651
2026-09-17T05:21:27.027567806Z,aggregation,scaled,a1cb37b7da6b,200,10.977719
2026-09-17T05:21:27.085557136Z,aggregation,scaled,660681595a5e,200,9.45581
2026-09-17T05:21:27.147478393Z,aggregation,scaled,a1cb37b7da6b,200,11.2984
2026-09-17T05:21:27.208139668Z,aggregation,scaled,348cd506525f,200,12.004171
2026-09-17T05:21:27.266125057Z,aggregation,scaled,a1cb37b7da6b,200,10.349118
2026-09-17T05:21:27.3257466Z,aggregation,scaled,348cd506525f,200,10.120674
2026-09-17T05:21:27.386044894Z,aggregation,scaled,660681595a5e,200,9.656358
2026-09-17T05:21:27.446902162Z,aggregation,scaled,348cd506525f,200,11.367539
2026-09-17T05:21:27.508486452Z,aggregation,scaled,660681595a5e,200,12.021628
2026-09-17T05:21:27.566421099Z,aggregation,scaled,a1cb37b7da6b,200,10.465111
2026-09-17T05:21:27.626603472Z,aggregation,scaled,660681595a5e,200,10.504239
2026-09-17T05:21:27.686567356Z,aggregation,scaled,a1cb37b7da6b,200,10.244206
2026-09-17T05:21:27.746550861Z,aggregation,scaled,348cd506525f,200,10.470326
2026-09-17T05:21:27.80743691Z,aggregation,scaled,a1cb37b7da6b,200,11.311754
2026-09-17T05:21:27.865979986Z,aggregation,scaled,348cd506525f,200,10.001386
2026-09-17T05:21:27.927258877Z,aggregation,scaled,660681595a5e,200,11.617146
2026-09-17T05:21:27.986678832Z,aggregation,scaled,348cd506525f,200,10.755757
2026-09-17T05:21:28.046390067Z,aggregation,scaled,660681595a5e,200,10.112693
2026-09-17T05:21:28.106464717Z,aggregation,scaled,a1cb37b7da6b,200,10.568404
2026-09-17T05:21:28.167371622Z,aggregation,scaled,660681595a5e,200,11.421062
2026-09-17T05:21:28.225964902Z,aggregation,scaled,a1cb37b7da6b,200,10.092332
2026-09-17T05:21:28.286829505Z,aggregation,scaled,348cd506525f,200,10.246643
2026-09-17T05:21:28.348637111Z,aggregation,scaled,a1cb37b7da6b,200,12.141861
2026-09-17T05:21:28.408357827Z,aggregation,scaled,348cd506525f,200,12.133248
2026-09-17T05:21:28.468095506Z,aggregation,scaled,660681595a5e,200,12.154182
2026-09-17T05:21:28.527678892Z,aggregation,scaled,348cd506525f,200,11.09884
2026-09-17T05:21:28.586903574Z,aggregation,scaled,660681595a5e,200,10.627528
2026-09-17T05:21:28.646548914Z,aggregation,scaled,a1cb37b7da6b,200,10.127424
2026-09-17T05:21:28.707082865Z,aggregation,scaled,660681595a5e,200,10.874406
2026-09-17T05:21:28.766675347Z,aggregation,scaled,a1cb37b7da6b,200,10.902382
2026-09-17T05:21:28.825952663Z,aggregation,scaled,348cd506525f,200,9.398769
2026-09-17T05:21:28.886769808Z,aggregation,scaled,a1cb37b7da6b,200,10.169747
2026-09-17T05:21:28.947805972Z,aggregation,scaled,348cd506525f,200,11.481286
2026-09-17T05:21:29.008192453Z,aggregation,scaled,660681595a5e,200,11.844162
2026-09-17T05:21:29.065540218Z,aggregation,scaled,348cd506525f,200,9.860975
2026-09-17T05:21:29.126767987Z,aggregation,scaled,660681595a5e,200,10.671172
2026-09-17T05:21:29.187812732Z,aggregation,scaled,a1cb37b7da6b,200,11.471628
2026-09-17T05:21:29.247182245Z,aggregation,scaled,660681595a5e,200,10.739876
2026-09-17T05:21:29.306807514Z,aggregation,scaled,a1cb37b7da6b,200,11.206407
2026-09-17T05:21:29.367852669Z,aggregation,scaled,348cd506525f,200,11.488047
2026-09-17T05:21:29.428648168Z,aggregation,scaled,a1cb37b7da6b,200,12.195484
2026-09-17T05:21:29.486970804Z,aggregation,scaled,348cd506525f,200,10.372211
2026-09-17T05:21:29.546767479Z,aggregation,scaled,660681595a5e,200,11.259741
2026-09-17T05:21:29.606845649Z,aggregation,scaled,348cd506525f,200,10.480498
2026-09-17T05:21:29.667554412Z,aggregation,scaled,660681595a5e,200,11.089999
2026-09-17T05:21:29.726558529Z,aggregation,scaled,a1cb37b7da6b,200,10.479858
2026-09-17T05:21:29.78651113Z,aggregation,scaled,660681595a5e,200,10.395743
2026-09-17T05:21:29.846755841Z,aggregation,scaled,a1cb37b7da6b,200,10.65607
2026-09-17T05:21:29.908501853Z,aggregation,scaled,348cd506525f,200,12.260739
2026-09-17T05:21:29.967744481Z,aggregation,scaled,a1cb37b7da6b,200,11.564677
2026-09-17T05:21:30.027025062Z,aggregation,scaled,348cd506525f,200,10.68481
2026-09-17T05:21:30.086507923Z,aggregation,scaled,660681595a5e,200,10.937253
2026-09-17T05:21:30.147211375Z,aggregation,scaled,348cd506525f,200,11.057227
2026-09-17T05:21:30.207680047Z,aggregation,scaled,660681595a5e,200,11.883599
2026-09-17T05:21:30.266741892Z,aggregation,scaled,a1cb37b7da6b,200,10.491959
2026-09-17T05:21:30.328366856Z,aggregation,scaled,660681595a5e,200,12.003792
2026-09-17T05:21:30.387251405Z,aggregation,scaled,a1cb37b7da6b,200,11.354796
2026-09-17T05:21:30.446978732Z,aggregation,scaled,348cd506525f,200,11.159994
2026-09-17T05:21:30.506051505Z,aggregation,scaled,a1cb37b7da6b,200,10.47877
2026-09-17T05:21:30.565767484Z,aggregation,scaled,348cd506525f,200,9.966528
2026-09-17T05:21:30.62823453Z,aggregation,scaled,660681595a5e,200,11.895172
2026-09-17T05:21:30.688944852Z,aggregation,scaled,348cd506525f,200,13.258166
2026-09-17T05:21:30.747222705Z,aggregation,scaled,660681595a5e,200,10.752292
2026-09-17T05:21:30.808321749Z,aggregation,scaled,a1cb37b7da6b,200,12.396536
2026-09-17T05:21:30.867535362Z,aggregation,scaled,660681595a5e,200,11.633756
2026-09-17T05:21:30.928395944Z,aggregation,scaled,a1cb37b7da6b,200,12.306412
2026-09-17T05:21:30.987482587Z,aggregation,scaled,348cd506525f,200,11.551951
2026-09-17T05:21:31.046502725Z,aggregation,scaled,a1cb37b7da6b,200,10.851623
2026-09-17T05:21:31.10842888Z,aggregation,scaled,348cd506525f,200,12.324649
2026-09-17T05:21:31.167220214Z,aggregation,scaled,660681595a5e,200,11.106089
2026-09-17T05:21:31.226922708Z,aggregation,scaled,348cd506525f,200,11.12338
2026-09-17T05:21:31.28671792Z,aggregation,scaled,660681595a5e,200,10.122915
2026-09-17T05:21:31.346792139Z,aggregation,scaled,a1cb37b7da6b,200,10.544524
2026-09-17T05:21:31.407621129Z,aggregation,scaled,660681595a5e,200,11.313445
2026-09-17T05:21:31.466826229Z,aggregation,scaled,a1cb37b7da6b,200,10.608517
2026-09-17T05:21:31.526155649Z,aggregation,scaled,348cd506525f,200,9.715018
2026-09-17T05:21:31.587627413Z,aggregation,scaled,a1cb37b7da6b,200,11.941907
2026-09-17T05:21:31.648439319Z,aggregation,scaled,348cd506525f,200,12.232173
2026-09-17T05:21:31.706551449Z,aggregation,scaled,660681595a5e,200,10.445166
2026-09-17T05:21:31.767074249Z,aggregation,scaled,348cd506525f,200,10.889006
2026-09-17T05:21:31.829148454Z,aggregation,scaled,660681595a5e,200,13.46875
2026-09-17T05:21:31.887754344Z,aggregation,scaled,a1cb37b7da6b,200,11.937857
2026-09-17T05:21:31.949992615Z,aggregation,scaled,660681595a5e,200,13.598465
2026-09-17T05:21:32.01052678Z,aggregation,scaled,a1cb37b7da6b,200,14.871183
2026-09-17T05:21:32.067853295Z,aggregation,scaled,348cd506525f,200,11.69197
2026-09-17T05:21:32.127830628Z,aggregation,scaled,a1cb37b7da6b,200,11.08936
2026-09-17T05:21:32.188053508Z,aggregation,scaled,348cd506525f,200,11.868717
2026-09-17T05:21:32.25083289Z,aggregation,scaled,660681595a5e,200,15.079124
2026-09-17T05:21:32.30944281Z,aggregation,scaled,348cd506525f,200,13.198022
2026-09-17T05:21:32.367853027Z,aggregation,scaled,660681595a5e,200,11.835189
2026-09-17T05:21:32.427886316Z,aggregation,scaled,a1cb37b7da6b,200,11.422557
2026-09-17T05:21:32.487533886Z,aggregation,scaled,660681595a5e,200,11.021695
2026-09-17T05:21:32.549059564Z,aggregation,scaled,a1cb37b7da6b,200,12.599282
2026-09-17T05:21:32.608462963Z,aggregation,scaled,348cd506525f,200,12.736105
2026-09-17T05:21:32.665994781Z,aggregation,scaled,a1cb37b7da6b,200,9.97241
2026-09-17T05:21:32.72648222Z,aggregation,scaled,348cd506525f,200,11.02138
2026-09-17T05:21:32.793300901Z,aggregation,scaled,660681595a5e,200,17.104635
2026-09-17T05:21:32.848916825Z,aggregation,scaled,348cd506525f,200,12.922879
2026-09-17T05:21:32.906972442Z,aggregation,scaled,660681595a5e,200,10.493779
2026-09-17T05:21:32.969168015Z,aggregation,scaled,a1cb37b7da6b,200,13.436618
2026-09-17T05:21:33.027090829Z,aggregation,scaled,660681595a5e,200,11.365448
2026-09-17T05:21:33.086280929Z,aggregation,scaled,a1cb37b7da6b,200,10.387903
2026-09-17T05:21:33.147000592Z,aggregation,scaled,348cd506525f,200,11.224979
2026-09-17T05:21:33.208897869Z,aggregation,scaled,a1cb37b7da6b,200,12.293534
2026-09-17T05:21:33.267802927Z,aggregation,scaled,348cd506525f,200,11.24015
2026-09-17T05:21:33.328935808Z,aggregation,scaled,660681595a5e,200,12.444893
2026-09-17T05:21:33.389062272Z,aggregation,scaled,348cd506525f,200,12.498205
2026-09-17T05:21:33.446477201Z,aggregation,scaled,660681595a5e,200,10.930968
2026-09-17T05:21:33.506542171Z,aggregation,scaled,a1cb37b7da6b,200,10.475729
2026-09-17T05:21:33.567422114Z,aggregation,scaled,660681595a5e,200,11.193605
2026-09-17T05:21:33.627475583Z,aggregation,scaled,a1cb37b7da6b,200,11.514538
2026-09-17T05:21:33.68649669Z,aggregation,scaled,348cd506525f,200,10.451796
2026-09-17T05:21:33.746090622Z,aggregation,scaled,a1cb37b7da6b,200,10.057565
2026-09-17T05:21:33.808410619Z,aggregation,scaled,348cd506525f,200,12.846228
2026-09-17T05:21:33.866186314Z,aggregation,scaled,660681595a5e,200,10.070671
2026-09-17T05:21:33.928754786Z,aggregation,scaled,348cd506525f,200,12.788359
2026-09-17T05:21:33.987258534Z,aggregation,scaled,660681595a5e,200,11.113409
2026-09-17T05:21:34.047228173Z,aggregation,scaled,a1cb37b7da6b,200,11.402245
2026-09-17T05:21:34.105376397Z,aggregation,scaled,660681595a5e,200,9.706115
2026-09-17T05:21:34.166057877Z,aggregation,scaled,a1cb37b7da6b,200,9.98781
2026-09-17T05:21:34.225827755Z,aggregation,scaled,348cd506525f,200,10.307294
2026-09-17T05:21:34.286509781Z,aggregation,scaled,a1cb37b7da6b,200,10.093133
2026-09-17T05:21:34.347193036Z,aggregation,scaled,348cd506525f,200,11.11455
2026-09-17T05:21:34.405519748Z,aggregation,scaled,660681595a5e,200,9.800412
2026-09-17T05:21:34.465937591Z,aggregation,scaled,348cd506525f,200,9.776731
2026-09-17T05:21:34.527326729Z,aggregation,scaled,660681595a5e,200,10.874515
2026-09-17T05:21:34.587199464Z,aggregation,scaled,a1cb37b7da6b,200,11.189474
2026-09-17T05:21:34.645780103Z,aggregation,scaled,660681595a5e,200,10.043118
2026-09-17T05:21:34.705914067Z,aggregation,scaled,a1cb37b7da6b,200,9.511503
2026-09-17T05:21:34.76708294Z,aggregation,scaled,348cd506525f,200,10.544712
2026-09-17T05:21:34.829731584Z,aggregation,scaled,a1cb37b7da6b,200,14.196355
2026-09-17T05:21:34.887182597Z,aggregation,scaled,348cd506525f,200,10.871905
2026-09-17T05:21:34.946796264Z,aggregation,scaled,660681595a5e,200,11.106376
2026-09-17T05:21:35.006638939Z,aggregation,scaled,348cd506525f,200,10.269414
2026-09-17T05:21:35.066346914Z,aggregation,scaled,660681595a5e,200,10.115804
2026-09-17T05:21:35.125673488Z,aggregation,scaled,a1cb37b7da6b,200,9.623626
2026-09-17T05:21:35.187030709Z,aggregation,scaled,660681595a5e,200,10.835251
2026-09-17T05:21:35.246654199Z,aggregation,scaled,a1cb37b7da6b,200,11.115891
2026-09-17T05:21:35.307771339Z,aggregation,scaled,348cd506525f,200,11.447489
2026-09-17T05:21:35.368250556Z,aggregation,scaled,a1cb37b7da6b,200,11.580993
2026-09-17T05:21:35.426392914Z,aggregation,scaled,348cd506525f,200,10.667051
2026-09-17T05:21:35.488368512Z,aggregation,scaled,660681595a5e,200,12.42717
2026-09-17T05:21:35.547784287Z,aggregation,scaled,348cd506525f,200,11.813066
2026-09-17T05:21:35.60647241Z,aggregation,scaled,660681595a5e,200,9.927062
2026-09-17T05:21:35.666381742Z,aggregation,scaled,a1cb37b7da6b,200,10.341496
2026-09-17T05:21:35.728680872Z,aggregation,scaled,660681595a5e,200,12.520876
2026-09-17T05:21:35.787921976Z,aggregation,scaled,a1cb37b7da6b,200,11.794607
2026-09-17T05:21:35.847315448Z,aggregation,scaled,348cd506525f,200,10.539718
2026-09-17T05:21:35.907441322Z,aggregation,scaled,a1cb37b7da6b,200,10.731413
2026-09-17T05:21:35.966288534Z,aggregation,scaled,348cd506525f,200,10.554761
2026-09-17T05:21:36.026736378Z,aggregation,scaled,660681595a5e,200,10.894109
2026-09-17T05:21:36.088668794Z,aggregation,scaled,348cd506525f,200,12.354933
2026-09-17T05:21:36.148644501Z,aggregation,scaled,660681595a5e,200,12.28042
2026-09-17T05:21:36.207971151Z,aggregation,scaled,a1cb37b7da6b,200,11.741631
2026-09-17T05:21:36.266131533Z,aggregation,scaled,660681595a5e,200,10.580471
2026-09-17T05:21:36.326050794Z,aggregation,scaled,a1cb37b7da6b,200,10.314132
2026-09-17T05:21:36.385696923Z,aggregation,scaled,348cd506525f,200,10.115865
2026-09-17T05:21:36.448220711Z,aggregation,scaled,a1cb37b7da6b,200,12.022951
2026-09-17T05:21:36.507756136Z,aggregation,scaled,348cd506525f,200,11.835818
2026-09-17T05:21:36.567267101Z,aggregation,scaled,660681595a5e,200,10.778145
2026-09-17T05:21:36.626767014Z,aggregation,scaled,348cd506525f,200,11.026592
2026-09-17T05:21:36.687821913Z,aggregation,scaled,660681595a5e,200,11.2831
2026-09-17T05:21:36.74762066Z,aggregation,scaled,a1cb37b7da6b,200,11.155311
2026-09-17T05:21:36.806522231Z,aggregation,scaled,660681595a5e,200,10.180684
2026-09-17T05:21:36.867446921Z,aggregation,scaled,a1cb37b7da6b,200,11.372516
2026-09-17T05:21:36.926044924Z,aggregation,scaled,348cd506525f,200,9.921896
2026-09-17T05:21:36.987381713Z,aggregation,scaled,a1cb37b7da6b,200,11.417889
2026-09-17T05:21:37.046889838Z,aggregation,scaled,348cd506525f,200,10.881092
2026-09-17T05:21:37.107867774Z,aggregation,scaled,660681595a5e,200,11.391127
2026-09-17T05:21:37.166473994Z,aggregation,scaled,348cd506525f,200,9.923996
2026-09-17T05:21:37.226490957Z,aggregation,scaled,660681595a5e,200,10.489455
2026-09-17T05:21:37.286383146Z,aggregation,scaled,a1cb37b7da6b,200,10.277501
2026-09-17T05:21:37.346852925Z,aggregation,scaled,660681595a5e,200,10.934255
2026-09-17T05:21:37.40788087Z,aggregation,scaled,a1cb37b7da6b,200,11.447207
2026-09-17T05:21:37.46695933Z,aggregation,scaled,348cd506525f,200,11.433322
2026-09-17T05:21:37.527042422Z,aggregation,scaled,a1cb37b7da6b,200,10.498776
2026-09-17T05:21:37.586202503Z,aggregation,scaled,348cd506525f,200,10.691659
2026-09-17T05:21:37.646996356Z,aggregation,scaled,660681595a5e,200,11.322444
2026-09-17T05:21:37.705772458Z,aggregation,scaled,348cd506525f,200,10.241748
2026-09-17T05:21:37.766947488Z,aggregation,scaled,660681595a5e,200,10.629225
2026-09-17T05:21:37.828237284Z,aggregation,scaled,a1cb37b7da6b,200,11.765923
2026-09-17T05:21:37.887685365Z,aggregation,scaled,660681595a5e,200,11.762733
2026-09-17T05:21:37.946937052Z,aggregation,scaled,a1cb37b7da6b,200,10.732452
2026-09-17T05:21:38.008291162Z,aggregation,scaled,348cd506525f,200,11.629004
2026-09-17T05:21:38.066490966Z,aggregation,scaled,a1cb37b7da6b,200,10.828129
2026-09-17T05:21:38.126184364Z,aggregation,scaled,348cd506525f,200,10.126851
2026-09-17T05:21:38.185626272Z,aggregation,scaled,660681595a5e,200,9.950388
2026-09-17T05:21:38.247926526Z,aggregation,scaled,348cd506525f,200,11.686923
2026-09-17T05:21:38.306938865Z,aggregation,scaled,660681595a5e,200,10.364402
2026-09-17T05:21:38.366089078Z,aggregation,scaled,a1cb37b7da6b,200,10.636075
2026-09-17T05:21:38.42836866Z,aggregation,scaled,660681595a5e,200,12.564774
2026-09-17T05:21:38.48560304Z,aggregation,scaled,a1cb37b7da6b,200,9.666588
2026-09-17T05:21:38.546139195Z,aggregation,scaled,348cd506525f,200,9.913205
2026-09-17T05:21:38.60638151Z,aggregation,scaled,a1cb37b7da6b,200,10.840669
2026-09-17T05:21:38.666022793Z,aggregation,scaled,348cd506525f,200,10.217666
2026-09-17T05:21:38.72687522Z,aggregation,scaled,660681595a5e,200,10.316883
2026-09-17T05:21:38.788098173Z,aggregation,scaled,348cd506525f,200,11.636484
2026-09-17T05:21:38.847193627Z,aggregation,scaled,660681595a5e,200,11.523247
2026-09-17T05:21:38.90617206Z,aggregation,scaled,a1cb37b7da6b,200,10.49056
2026-09-17T05:21:38.966498636Z,aggregation,scaled,660681595a5e,200,10.819538
2026-09-17T05:21:39.02774629Z,aggregation,scaled,a1cb37b7da6b,200,11.608992
2026-09-17T05:21:39.086024989Z,aggregation,scaled,348cd506525f,200,9.69685
2026-09-17T05:21:39.145897739Z,aggregation,scaled,a1cb37b7da6b,200,10.296454
2026-09-17T05:21:39.207519278Z,aggregation,scaled,348cd506525f,200,10.922044
2026-09-17T05:21:39.265439199Z,aggregation,scaled,660681595a5e,200,9.534564
2026-09-17T05:21:39.326049513Z,aggregation,scaled,348cd506525f,200,10.155382
2026-09-17T05:21:39.386495531Z,aggregation,scaled,660681595a5e,200,10.99481
2026-09-17T05:21:39.447748306Z,aggregation,scaled,a1cb37b7da6b,200,11.675277
2026-09-17T05:21:39.506773016Z,aggregation,scaled,660681595a5e,200,10.526697
2026-09-17T05:21:39.566460783Z,aggregation,scaled,a1cb37b7da6b,200,10.145612
2026-09-17T05:21:39.627852047Z,aggregation,scaled,348cd506525f,200,11.295151
2026-09-17T05:21:39.687665811Z,aggregation,scaled,a1cb37b7da6b,200,11.214805
2026-09-17T05:21:39.751055334Z,aggregation,scaled,348cd506525f,200,14.592139
2026-09-17T05:21:39.809269189Z,aggregation,scaled,660681595a5e,200,12.909764
2026-09-17T05:21:39.866320242Z,aggregation,scaled,348cd506525f,200,10.525283
2026-09-17T05:21:39.927020395Z,aggregation,scaled,660681595a5e,200,10.9852
2026-09-17T05:21:39.987771429Z,aggregation,scaled,a1cb37b7da6b,200,11.172384
2026-09-17T05:21:40.049311019Z,aggregation,scaled,660681595a5e,200,12.815671
2026-09-17T05:21:40.106614215Z,aggregation,scaled,a1cb37b7da6b,200,10.897218
2026-09-17T05:21:40.168819044Z,aggregation,scaled,348cd506525f,200,12.628368
2026-09-17T05:21:40.230967156Z,aggregation,scaled,a1cb37b7da6b,200,14.383909
2026-09-17T05:21:40.287819598Z,aggregation,scaled,348cd506525f,200,11.235012
2026-09-17T05:21:40.349606242Z,aggregation,scaled,660681595a5e,200,13.304419
2026-09-17T05:21:40.407795746Z,aggregation,scaled,348cd506525f,200,11.665777
2026-09-17T05:21:40.467613932Z,aggregation,scaled,660681595a5e,200,11.318483
2026-09-17T05:21:40.526991765Z,aggregation,scaled,a1cb37b7da6b,200,10.876632
2026-09-17T05:21:40.589343826Z,aggregation,scaled,660681595a5e,200,12.797064
2026-09-17T05:21:40.649119335Z,aggregation,scaled,a1cb37b7da6b,200,12.650796
2026-09-17T05:21:40.709618651Z,aggregation,scaled,348cd506525f,200,13.339617
2026-09-17T05:21:40.767497495Z,aggregation,scaled,a1cb37b7da6b,200,11.14174
2026-09-17T05:21:40.827106264Z,aggregation,scaled,348cd506525f,200,10.9946
2026-09-17T05:21:40.88752614Z,aggregation,scaled,660681595a5e,200,11.785114
2026-09-17T05:21:40.949239167Z,aggregation,scaled,348cd506525f,200,13.01914
2026-09-17T05:21:41.010185159Z,aggregation,scaled,660681595a5e,200,14.450324
2026-09-17T05:21:41.067813634Z,aggregation,scaled,a1cb37b7da6b,200,12.143269
2026-09-17T05:21:41.128307987Z,aggregation,scaled,660681595a5e,200,11.634254
2026-09-17T05:21:41.187571643Z,aggregation,scaled,a1cb37b7da6b,200,11.599761
2026-09-17T05:21:41.24720081Z,aggregation,scaled,348cd506525f,200,10.959572
2026-09-17T05:21:41.3083012Z,aggregation,scaled,a1cb37b7da6b,200,12.653814
2026-09-17T05:21:41.36617437Z,aggregation,scaled,348cd506525f,200,10.344835
2026-09-17T05:21:41.426668213Z,aggregation,scaled,660681595a5e,200,10.927915
2026-09-17T05:21:41.487347818Z,aggregation,scaled,348cd506525f,200,11.052126
2026-09-17T05:21:41.547325233Z,aggregation,scaled,660681595a5e,200,11.28673
2026-09-17T05:21:41.606475623Z,aggregation,scaled,a1cb37b7da6b,200,10.731241
2026-09-17T05:21:41.666748879Z,aggregation,scaled,660681595a5e,200,10.601253
2026-09-17T05:21:41.727047078Z,aggregation,scaled,a1cb37b7da6b,200,10.795546
2026-09-17T05:21:41.785984918Z,aggregation,scaled,348cd506525f,200,10.220021
2026-09-17T05:21:41.846623644Z,aggregation,scaled,a1cb37b7da6b,200,10.949477
2026-09-17T05:21:41.910360067Z,aggregation,scaled,348cd506525f,200,13.715534
2026-09-17T05:21:41.967289717Z,aggregation,scaled,660681595a5e,200,11.57921
2026-09-17T05:21:42.026694563Z,aggregation,scaled,348cd506525f,200,10.730221
2026-09-17T05:21:42.086128692Z,aggregation,scaled,660681595a5e,200,9.69786
2026-09-17T05:21:42.146062006Z,aggregation,scaled,a1cb37b7da6b,200,10.38785
2026-09-17T05:21:42.205363384Z,aggregation,scaled,660681595a5e,200,9.83566
2026-09-17T05:21:42.26648624Z,aggregation,scaled,a1cb37b7da6b,200,10.638665
2026-09-17T05:21:42.326164326Z,aggregation,scaled,348cd506525f,200,10.151793
2026-09-17T05:21:42.387778015Z,aggregation,scaled,a1cb37b7da6b,200,12.130399
2026-09-17T05:21:42.448495113Z,aggregation,scaled,348cd506525f,200,11.995519
2026-09-17T05:21:42.507422916Z,aggregation,scaled,660681595a5e,200,11.491645
2026-09-17T05:21:42.56591354Z,aggregation,scaled,348cd506525f,200,10.017362
2026-09-17T05:21:42.626502899Z,aggregation,scaled,660681595a5e,200,9.966279
2026-09-17T05:21:42.687072395Z,aggregation,scaled,a1cb37b7da6b,200,10.915855
2026-09-17T05:21:42.746994354Z,aggregation,scaled,660681595a5e,200,11.441145
2026-09-17T05:21:42.808269835Z,aggregation,scaled,a1cb37b7da6b,200,12.731051
2026-09-17T05:21:42.866815321Z,aggregation,scaled,348cd506525f,200,11.008411
2026-09-17T05:21:42.927047516Z,aggregation,scaled,a1cb37b7da6b,200,10.583492
2026-09-17T05:21:42.985991572Z,aggregation,scaled,348cd506525f,200,10.23313
2026-09-17T05:21:43.047017389Z,aggregation,scaled,660681595a5e,200,10.446902
2026-09-17T05:21:43.107762349Z,aggregation,scaled,348cd506525f,200,11.215485
2026-09-17T05:21:43.166173817Z,aggregation,scaled,660681595a5e,200,9.763796
2026-09-17T05:21:43.2273993Z,aggregation,scaled,a1cb37b7da6b,200,11.86036
2026-09-17T05:21:43.287685588Z,aggregation,scaled,660681595a5e,200,11.679658
2026-09-17T05:21:43.346823885Z,aggregation,scaled,a1cb37b7da6b,200,10.515387
2026-09-17T05:21:43.407949132Z,aggregation,scaled,348cd506525f,200,11.549408
2026-09-17T05:21:43.46757837Z,aggregation,scaled,a1cb37b7da6b,200,11.07417
2026-09-17T05:21:43.52654407Z,aggregation,scaled,348cd506525f,200,10.482565
2026-09-17T05:21:43.586518037Z,aggregation,scaled,660681595a5e,200,10.408949
2026-09-17T05:21:43.64716932Z,aggregation,scaled,348cd506525f,200,11.100827
2026-09-17T05:21:43.706939651Z,aggregation,scaled,660681595a5e,200,11.241517
2026-09-17T05:21:43.766252034Z,aggregation,scaled,a1cb37b7da6b,200,9.762425
2026-09-17T05:21:43.825788152Z,aggregation,scaled,660681595a5e,200,10.046605
2026-09-17T05:21:43.887195448Z,aggregation,scaled,a1cb37b7da6b,200,10.703728
2026-09-17T05:21:43.94582011Z,aggregation,scaled,348cd506525f,200,10.294752
2026-09-17T05:21:44.007414899Z,aggregation,scaled,a1cb37b7da6b,200,11.153349
2026-09-17T05:21:44.066661291Z,aggregation,scaled,348cd506525f,200,10.817997
2026-09-17T05:21:44.127403583Z,aggregation,scaled,660681595a5e,200,11.144079
2026-09-17T05:21:44.188026728Z,aggregation,scaled,348cd506525f,200,11.917409
2026-09-17T05:21:44.247472344Z,aggregation,scaled,660681595a5e,200,10.913273
2026-09-17T05:21:44.306858876Z,aggregation,scaled,a1cb37b7da6b,200,10.854798
2026-09-17T05:21:44.36657909Z,aggregation,scaled,660681595a5e,200,10.283281
2026-09-17T05:21:44.42698531Z,aggregation,scaled,a1cb37b7da6b,200,10.65304
2026-09-17T05:21:44.487101467Z,aggregation,scaled,348cd506525f,200,10.500161
2026-09-17T05:21:44.545336326Z,aggregation,scaled,a1cb37b7da6b,200,9.779578
2026-09-17T05:21:44.607109166Z,aggregation,scaled,348cd506525f,200,11.185641
2026-09-17T05:21:44.667244754Z,aggregation,scaled,660681595a5e,200,11.311975
2026-09-17T05:21:44.726101335Z,aggregation,scaled,348cd506525f,200,10.56446
2026-09-17T05:21:44.786217716Z,aggregation,scaled,660681595a5e,200,10.644715
2026-09-17T05:21:44.848083833Z,aggregation,scaled,a1cb37b7da6b,200,12.199908
2026-09-17T05:21:44.906392654Z,aggregation,scaled,660681595a5e,200,10.854289
2026-09-17T05:21:44.966794553Z,aggregation,scaled,a1cb37b7da6b,200,10.7221
2026-09-17T05:21:45.02790986Z,aggregation,scaled,348cd506525f,200,11.460269
2026-09-17T05:21:45.087282142Z,aggregation,scaled,a1cb37b7da6b,200,10.616983
2026-09-17T05:21:45.147106911Z,aggregation,scaled,348cd506525f,200,11.231973
2026-09-17T05:21:45.206415108Z,aggregation,scaled,660681595a5e,200,10.739681
2026-09-17T05:21:45.265966401Z,aggregation,scaled,348cd506525f,200,9.98322
2026-09-17T05:21:45.32666366Z,aggregation,scaled,660681595a5e,200,10.14478
2026-09-17T05:21:45.385808456Z,aggregation,scaled,a1cb37b7da6b,200,9.638007
2026-09-17T05:21:45.454275919Z,aggregation,scaled,660681595a5e,200,17.758997
2026-09-17T05:21:45.509013053Z,aggregation,scaled,a1cb37b7da6b,200,12.049129
2026-09-17T05:21:45.567456153Z,aggregation,scaled,348cd506525f,200,10.827643
2026-09-17T05:21:45.62599506Z,aggregation,scaled,a1cb37b7da6b,200,10.012874
2026-09-17T05:21:45.686304843Z,aggregation,scaled,348cd506525f,200,10.747362
2026-09-17T05:21:45.746600244Z,aggregation,scaled,660681595a5e,200,10.618233
2026-09-17T05:21:45.806471999Z,aggregation,scaled,348cd506525f,200,10.225947
2026-09-17T05:21:45.866718398Z,aggregation,scaled,660681595a5e,200,10.807976
2026-09-17T05:21:45.926536659Z,aggregation,scaled,a1cb37b7da6b,200,10.099889
2026-09-17T05:21:45.986118414Z,aggregation,scaled,660681595a5e,200,10.057456
2026-09-17T05:21:46.049038621Z,aggregation,scaled,a1cb37b7da6b,200,13.458501
2026-09-17T05:21:46.106563724Z,aggregation,scaled,348cd506525f,200,10.958871
2026-09-17T05:21:46.166437224Z,aggregation,scaled,a1cb37b7da6b,200,10.309623
2026-09-17T05:21:46.226019808Z,aggregation,scaled,348cd506525f,200,9.934977
2026-09-17T05:21:46.285916455Z,aggregation,scaled,660681595a5e,200,10.147461
2026-09-17T05:21:46.347597359Z,aggregation,scaled,348cd506525f,200,11.000549
2026-09-17T05:21:46.407897272Z,aggregation,scaled,660681595a5e,200,11.711666
2026-09-17T05:21:46.468885011Z,aggregation,scaled,a1cb37b7da6b,200,12.30733
2026-09-17T05:21:46.526314294Z,aggregation,scaled,660681595a5e,200,9.832211
2026-09-17T05:21:46.585549762Z,aggregation,scaled,a1cb37b7da6b,200,9.825806
2026-09-17T05:21:46.647035937Z,aggregation,scaled,348cd506525f,200,10.901363
2026-09-17T05:21:46.707173278Z,aggregation,scaled,a1cb37b7da6b,200,11.611937
2026-09-17T05:21:46.766115411Z,aggregation,scaled,348cd506525f,200,10.313802
2026-09-17T05:21:46.826129563Z,aggregation,scaled,660681595a5e,200,10.59213
2026-09-17T05:21:46.887736112Z,aggregation,scaled,348cd506525f,200,11.983482
2026-09-17T05:21:46.948433651Z,aggregation,scaled,660681595a5e,200,11.843972
2026-09-17T05:21:47.009141831Z,aggregation,scaled,a1cb37b7da6b,200,13.117212
2026-09-17T05:21:47.067747306Z,aggregation,scaled,660681595a5e,200,12.224565
2026-09-17T05:21:47.131399672Z,aggregation,scaled,a1cb37b7da6b,200,15.056919
2026-09-17T05:21:47.18968456Z,aggregation,scaled,348cd506525f,200,13.599216
2026-09-17T05:21:47.247812334Z,aggregation,scaled,a1cb37b7da6b,200,11.511708
2026-09-17T05:21:47.308757399Z,aggregation,scaled,348cd506525f,200,12.410397
2026-09-17T05:21:47.368745911Z,aggregation,scaled,660681595a5e,200,12.001639
2026-09-17T05:21:47.430133206Z,aggregation,scaled,348cd506525f,200,13.808024
2026-09-17T05:21:47.48909565Z,aggregation,scaled,660681595a5e,200,13.447131
2026-09-17T05:21:47.549367771Z,aggregation,scaled,a1cb37b7da6b,200,13.770502
2026-09-17T05:21:47.609593348Z,aggregation,scaled,660681595a5e,200,13.786308
2026-09-17T05:21:47.667547186Z,aggregation,scaled,a1cb37b7da6b,200,11.348341
2026-09-17T05:21:47.726571144Z,aggregation,scaled,348cd506525f,200,10.306253
2026-09-17T05:21:47.786742398Z,aggregation,scaled,a1cb37b7da6b,200,10.634534
2026-09-17T05:21:47.848638576Z,aggregation,scaled,348cd506525f,200,12.23539
2026-09-17T05:21:47.907348264Z,aggregation,scaled,660681595a5e,200,11.131652
2026-09-17T05:21:47.966685032Z,aggregation,scaled,348cd506525f,200,10.713674
2026-09-17T05:21:48.028645063Z,aggregation,scaled,660681595a5e,200,12.278323
2026-09-17T05:21:48.088911683Z,aggregation,scaled,a1cb37b7da6b,200,12.635382
2026-09-17T05:21:48.147213484Z,aggregation,scaled,660681595a5e,200,10.87243
2026-09-17T05:21:48.206815065Z,aggregation,scaled,a1cb37b7da6b,200,10.996337
2026-09-17T05:21:48.267408671Z,aggregation,scaled,348cd506525f,200,11.572075
2026-09-17T05:21:48.328728041Z,aggregation,scaled,a1cb37b7da6b,200,12.783005
2026-09-17T05:21:48.388015097Z,aggregation,scaled,348cd506525f,200,11.672572
2026-09-17T05:21:48.446435956Z,aggregation,scaled,660681595a5e,200,10.898871
2026-09-17T05:21:48.507616216Z,aggregation,scaled,348cd506525f,200,11.448757
2026-09-17T05:21:48.568972709Z,aggregation,scaled,660681595a5e,200,12.497228
2026-09-17T05:21:48.626831411Z,aggregation,scaled,a1cb37b7da6b,200,11.333241
2026-09-17T05:21:48.686530193Z,aggregation,scaled,660681595a5e,200,9.967111
2026-09-17T05:21:48.746845057Z,aggregation,scaled,a1cb37b7da6b,200,10.882521
2026-09-17T05:21:48.807079376Z,aggregation,scaled,348cd506525f,200,11.494732
2026-09-17T05:21:48.865293008Z,aggregation,scaled,a1cb37b7da6b,200,10.152342
2026-09-17T05:21:48.924653043Z,aggregation,scaled,348cd506525f,200,9.767352
2026-09-17T05:21:48.98539005Z,aggregation,scaled,660681595a5e,200,11.311149
2026-09-17T05:21:49.046573381Z,aggregation,scaled,348cd506525f,200,11.572856
2026-09-17T05:21:49.105463581Z,aggregation,scaled,660681595a5e,200,10.350686
2026-09-17T05:21:49.164845374Z,aggregation,scaled,a1cb37b7da6b,200,9.775488
2026-09-17T05:21:49.22439067Z,aggregation,scaled,660681595a5e,200,10.029375
2026-09-17T05:21:49.285970606Z,aggregation,scaled,a1cb37b7da6b,200,10.965887
2026-09-17T05:21:49.344975762Z,aggregation,scaled,348cd506525f,200,10.533258
2026-09-17T05:21:49.405454726Z,aggregation,scaled,a1cb37b7da6b,200,10.782134
2026-09-17T05:21:49.465223374Z,aggregation,scaled,348cd506525f,200,10.287231
2026-09-17T05:21:49.528558059Z,aggregation,scaled,660681595a5e,200,13.796064
2026-09-17T05:21:49.586623169Z,aggregation,scaled,348cd506525f,200,11.480115
2026-09-17T05:21:49.644455229Z,aggregation,scaled,660681595a5e,200,10.377293
2026-09-17T05:21:49.706100854Z,aggregation,scaled,a1cb37b7da6b,200,11.081734
2026-09-17T05:21:49.765726491Z,aggregation,scaled,660681595a5e,200,10.987278
2026-09-17T05:21:49.82493089Z,aggregation,scaled,a1cb37b7da6b,200,10.665225
2026-09-17T05:21:49.885557224Z,aggregation,scaled,348cd506525f,200,11.0388
2026-09-17T05:21:49.945025182Z,aggregation,scaled,a1cb37b7da6b,200,10.894701
2026-09-17T05:21:50.00604633Z,aggregation,scaled,348cd506525f,200,11.406934
2026-09-17T05:21:50.06554275Z,aggregation,scaled,660681595a5e,200,10.571743
2026-09-17T05:21:50.125291747Z,aggregation,scaled,348cd506525f,200,10.133762
2026-09-17T05:21:50.185068804Z,aggregation,scaled,660681595a5e,200,10.129591
2026-09-17T05:21:50.244450646Z,aggregation,scaled,a1cb37b7da6b,200,9.727625
2026-09-17T05:21:50.306217325Z,aggregation,scaled,660681595a5e,200,11.315889
2026-09-17T05:21:50.365358472Z,aggregation,scaled,a1cb37b7da6b,200,10.534298
2026-09-17T05:21:50.425175632Z,aggregation,scaled,348cd506525f,200,10.316483
2026-09-17T05:21:50.488079887Z,aggregation,scaled,a1cb37b7da6b,200,13.121479
2026-09-17T05:21:50.548057579Z,aggregation,scaled,348cd506525f,200,13.252978
2026-09-17T05:21:50.604437362Z,aggregation,scaled,660681595a5e,200,9.81384
2026-09-17T05:21:50.666116116Z,aggregation,scaled,348cd506525f,200,11.057553
2026-09-17T05:21:50.725674069Z,aggregation,scaled,660681595a5e,200,10.919063
2026-09-17T05:21:50.784472582Z,aggregation,scaled,a1cb37b7da6b,200,10.212436
2026-09-17T05:21:50.84530001Z,aggregation,scaled,660681595a5e,200,10.11187
2026-09-17T05:21:50.906516862Z,aggregation,scaled,a1cb37b7da6b,200,11.499031
2026-09-17T05:21:50.966502295Z,aggregation,scaled,348cd506525f,200,11.288328
2026-09-17T05:21:51.025182659Z,aggregation,scaled,a1cb37b7da6b,200,10.163033
2026-09-17T05:21:51.087391219Z,aggregation,scaled,348cd506525f,200,12.315935
2026-09-17T05:21:51.146860907Z,aggregation,scaled,660681595a5e,200,11.961093
2026-09-17T05:21:51.204127968Z,aggregation,scaled,348cd506525f,200,9.761296
2026-09-17T05:21:51.26486179Z,aggregation,scaled,660681595a5e,200,10.284511
2026-09-17T05:21:51.325022993Z,aggregation,scaled,a1cb37b7da6b,200,10.681727
2026-09-17T05:21:51.384468939Z,aggregation,scaled,660681595a5e,200,9.945427
2026-09-17T05:21:51.445856464Z,aggregation,scaled,a1cb37b7da6b,200,10.747926
2026-09-17T05:21:51.506592071Z,aggregation,scaled,348cd506525f,200,12.018021
2026-09-17T05:21:51.566798421Z,aggregation,scaled,a1cb37b7da6b,200,11.586676
2026-09-17T05:21:51.624623606Z,aggregation,scaled,348cd506525f,200,10.277365
2026-09-17T05:21:51.685369633Z,aggregation,scaled,660681595a5e,200,11.254206
2026-09-17T05:21:51.746590597Z,aggregation,scaled,348cd506525f,200,11.459839
2026-09-17T05:21:51.804349141Z,aggregation,scaled,660681595a5e,200,10.190695
2026-09-17T05:21:51.86538053Z,aggregation,scaled,a1cb37b7da6b,200,10.311482
2026-09-17T05:21:51.926297494Z,aggregation,scaled,660681595a5e,200,11.296317
2026-09-17T05:21:51.984529601Z,aggregation,scaled,a1cb37b7da6b,200,9.707274
2026-09-17T05:21:52.045505986Z,aggregation,scaled,348cd506525f,200,10.396178
2026-09-17T05:21:52.10598968Z,aggregation,scaled,a1cb37b7da6b,200,11.755347
2026-09-17T05:21:52.16472118Z,aggregation,scaled,348cd506525f,200,10.151293
2026-09-17T05:21:52.224498083Z,aggregation,scaled,660681595a5e,200,10.159867
2026-09-17T05:21:52.286370355Z,aggregation,scaled,348cd506525f,200,11.388318
2026-09-17T05:21:52.345141044Z,aggregation,scaled,660681595a5e,200,10.035624
2026-09-17T05:21:52.404023333Z,aggregation,scaled,a1cb37b7da6b,200,9.265055
2026-09-17T05:21:52.465615399Z,aggregation,scaled,660681595a5e,200,10.853358
2026-09-17T05:21:52.526171017Z,aggregation,scaled,a1cb37b7da6b,200,11.902166
2026-09-17T05:21:52.585215892Z,aggregation,scaled,348cd506525f,200,10.515661
2026-09-17T05:21:52.645328227Z,aggregation,scaled,a1cb37b7da6b,200,10.578481
2026-09-17T05:21:52.707130726Z,aggregation,scaled,348cd506525f,200,12.182744
2026-09-17T05:21:52.768544011Z,aggregation,scaled,660681595a5e,200,13.630679
2026-09-17T05:21:52.825566813Z,aggregation,scaled,348cd506525f,200,10.485799
2026-09-17T05:21:52.885728161Z,aggregation,scaled,660681595a5e,200,11.259064
2026-09-17T05:21:52.945475107Z,aggregation,scaled,a1cb37b7da6b,200,11.179749
2026-09-17T05:21:53.004871211Z,aggregation,scaled,660681595a5e,200,9.664624
2026-09-17T05:21:53.064245963Z,aggregation,scaled,a1cb37b7da6b,200,9.895715
2026-09-17T05:21:53.125414251Z,aggregation,scaled,348cd506525f,200,10.660265
2026-09-17T05:21:53.185449855Z,aggregation,scaled,a1cb37b7da6b,200,10.417265
2026-09-17T05:21:53.246001442Z,aggregation,scaled,348cd506525f,200,10.952534
2026-09-17T05:21:53.304492817Z,aggregation,scaled,660681595a5e,200,9.860854
2026-09-17T05:21:53.364904014Z,aggregation,scaled,348cd506525f,200,9.832861
2026-09-17T05:21:53.425785098Z,aggregation,scaled,660681595a5e,200,11.190335
2026-09-17T05:21:53.486000619Z,aggregation,scaled,a1cb37b7da6b,200,11.65174
2026-09-17T05:21:53.545501949Z,aggregation,scaled,660681595a5e,200,10.957514
2026-09-17T05:21:53.606745852Z,aggregation,scaled,a1cb37b7da6b,200,11.592361
2026-09-17T05:21:53.665336612Z,aggregation,scaled,348cd506525f,200,11.153178
2026-09-17T05:21:53.727014693Z,aggregation,scaled,a1cb37b7da6b,200,12.006473
2026-09-17T05:21:53.785061168Z,aggregation,scaled,348cd506525f,200,10.486723
2026-09-17T05:21:53.845413775Z,aggregation,scaled,660681595a5e,200,10.785474
2026-09-17T05:21:53.904537706Z,aggregation,scaled,348cd506525f,200,9.393409
2026-09-17T05:21:53.964778893Z,aggregation,scaled,660681595a5e,200,10.638319
2026-09-17T05:21:54.02477574Z,aggregation,scaled,a1cb37b7da6b,200,10.645094
2026-09-17T05:21:54.085216702Z,aggregation,scaled,660681595a5e,200,10.909996
2026-09-17T05:21:54.146547961Z,aggregation,scaled,a1cb37b7da6b,200,11.707783
2026-09-17T05:21:54.207547447Z,aggregation,scaled,348cd506525f,200,12.462022
2026-09-17T05:21:54.264300517Z,aggregation,scaled,a1cb37b7da6b,200,10.257729
2026-09-17T05:21:54.324790572Z,aggregation,scaled,348cd506525f,200,9.988181
2026-09-17T05:21:54.385264473Z,aggregation,scaled,660681595a5e,200,10.907751
2026-09-17T05:21:54.445677892Z,aggregation,scaled,348cd506525f,200,10.790974
2026-09-17T05:21:54.504286243Z,aggregation,scaled,660681595a5e,200,10.031665
2026-09-17T05:21:54.56526257Z,aggregation,scaled,a1cb37b7da6b,200,10.370956
2026-09-17T05:21:54.625949928Z,aggregation,scaled,660681595a5e,200,11.112795
2026-09-17T05:21:54.684607362Z,aggregation,scaled,a1cb37b7da6b,200,9.987811
2026-09-17T05:21:54.744007704Z,aggregation,scaled,348cd506525f,200,9.883584
2026-09-17T05:21:54.804736364Z,aggregation,scaled,a1cb37b7da6b,200,10.239327
2026-09-17T05:21:54.864721117Z,aggregation,scaled,348cd506525f,200,10.479604
2026-09-17T05:21:54.924669724Z,aggregation,scaled,660681595a5e,200,10.27409
2026-09-17T05:21:54.986916173Z,aggregation,scaled,348cd506525f,200,12.394268
2026-09-17T05:21:55.045582829Z,aggregation,scaled,660681595a5e,200,11.09532
2026-09-17T05:21:55.107851899Z,aggregation,scaled,a1cb37b7da6b,200,13.640558
2026-09-17T05:21:55.166357264Z,aggregation,scaled,660681595a5e,200,11.852242
2026-09-17T05:21:55.227059011Z,aggregation,scaled,a1cb37b7da6b,200,12.10789
2026-09-17T05:21:55.285571887Z,aggregation,scaled,348cd506525f,200,10.797504
2026-09-17T05:21:55.350218333Z,aggregation,scaled,a1cb37b7da6b,200,16.070749
2026-09-17T05:21:55.409083965Z,aggregation,scaled,348cd506525f,200,14.435476
2026-09-17T05:21:55.465439359Z,aggregation,scaled,660681595a5e,200,10.669321
2026-09-17T05:21:55.53009183Z,aggregation,scaled,348cd506525f,200,14.780559
2026-09-17T05:21:55.587361744Z,aggregation,scaled,660681595a5e,200,13.072512
2026-09-17T05:21:55.646668048Z,aggregation,scaled,a1cb37b7da6b,200,11.556719
2026-09-17T05:21:55.705105822Z,aggregation,scaled,660681595a5e,200,10.893912
2026-09-17T05:21:55.767049471Z,aggregation,scaled,a1cb37b7da6b,200,12.352555
2026-09-17T05:21:55.825386705Z,aggregation,scaled,348cd506525f,200,10.29182
2026-09-17T05:21:55.886586321Z,aggregation,scaled,a1cb37b7da6b,200,11.415759
2026-09-17T05:21:55.948075096Z,aggregation,scaled,348cd506525f,200,13.572605
2026-09-17T05:21:56.006005082Z,aggregation,scaled,660681595a5e,200,11.520591
2026-09-17T05:21:56.06532265Z,aggregation,scaled,348cd506525f,200,10.711378
2026-09-17T05:21:56.129492805Z,aggregation,scaled,660681595a5e,200,14.576321
2026-09-17T05:21:56.185107401Z,aggregation,scaled,a1cb37b7da6b,200,10.070007
2026-09-17T05:21:56.245511986Z,aggregation,scaled,660681595a5e,200,10.62001
2026-09-17T05:21:56.306507616Z,aggregation,scaled,a1cb37b7da6b,200,11.472428
2026-09-17T05:21:56.366047359Z,aggregation,scaled,348cd506525f,200,11.104629
2026-09-17T05:21:56.425097329Z,aggregation,scaled,a1cb37b7da6b,200,10.634054
2026-09-17T05:21:56.485797297Z,aggregation,scaled,348cd506525f,200,11.074411
2026-09-17T05:21:56.545434875Z,aggregation,scaled,660681595a5e,200,11.097473
2026-09-17T05:21:56.605537595Z,aggregation,scaled,348cd506525f,200,10.505744
2026-09-17T05:21:56.665200069Z,aggregation,scaled,660681595a5e,200,10.119865
2026-09-17T05:21:56.726849405Z,aggregation,scaled,a1cb37b7da6b,200,11.999042
2026-09-17T05:21:56.785380041Z,aggregation,scaled,660681595a5e,200,10.818655
2026-09-17T05:21:56.845260427Z,aggregation,scaled,a1cb37b7da6b,200,10.233057
2026-09-17T05:21:56.906860149Z,aggregation,scaled,348cd506525f,200,11.665537
2026-09-17T05:21:56.96540322Z,aggregation,scaled,a1cb37b7da6b,200,10.994677
2026-09-17T05:21:57.025032608Z,aggregation,scaled,348cd506525f,200,10.168592
2026-09-17T05:21:57.084018199Z,aggregation,scaled,660681595a5e,200,9.373787
2026-09-17T05:21:57.14773663Z,aggregation,scaled,348cd506525f,200,13.162918
2026-09-17T05:21:57.205159013Z,aggregation,scaled,660681595a5e,200,10.841538
2026-09-17T05:21:57.265855444Z,aggregation,scaled,a1cb37b7da6b,200,11.090142
2026-09-17T05:21:57.325851354Z,aggregation,scaled,660681595a5e,200,11.369722
2026-09-17T05:21:57.386399089Z,aggregation,scaled,a1cb37b7da6b,200,11.912623
2026-09-17T05:21:57.444295569Z,aggregation,scaled,348cd506525f,200,10.192655
2026-09-17T05:21:57.505879596Z,aggregation,scaled,a1cb37b7da6b,200,10.928734
2026-09-17T05:21:57.56362956Z,aggregation,scaled,348cd506525f,200,9.398808
2026-09-17T05:21:57.625249205Z,aggregation,scaled,660681595a5e,200,10.968975
2026-09-17T05:21:57.686121716Z,aggregation,scaled,348cd506525f,200,11.244918
2026-09-17T05:21:57.745941365Z,aggregation,scaled,660681595a5e,200,11.129417
2026-09-17T05:21:57.805018557Z,aggregation,scaled,a1cb37b7da6b,200,10.592511
2026-09-17T05:21:57.865325629Z,aggregation,scaled,660681595a5e,200,10.681896
2026-09-17T05:21:57.926871834Z,aggregation,scaled,a1cb37b7da6b,200,11.974695
2026-09-17T05:21:57.984234764Z,aggregation,scaled,348cd506525f,200,9.934982
2026-09-17T05:21:58.044696143Z,aggregation,scaled,a1cb37b7da6b,200,9.929137
2026-09-17T05:21:58.104976653Z,aggregation,scaled,348cd506525f,200,10.87646
2026-09-17T05:21:58.164585959Z,aggregation,scaled,660681595a5e,200,10.033974
2026-09-17T05:21:58.225830264Z,aggregation,scaled,348cd506525f,200,10.711916
2026-09-17T05:21:58.285689115Z,aggregation,scaled,660681595a5e,200,11.222672
2026-09-17T05:21:58.345345706Z,aggregation,scaled,a1cb37b7da6b,200,11.04748
2026-09-17T05:21:58.405227951Z,aggregation,scaled,660681595a5e,200,10.27785
2026-09-17T05:21:58.464960676Z,aggregation,scaled,a1cb37b7da6b,200,10.253888
2026-09-17T05:21:58.52467719Z,aggregation,scaled,348cd506525f,200,10.212964
2026-09-17T05:21:58.586552181Z,aggregation,scaled,a1cb37b7da6b,200,12.435207
2026-09-17T05:21:58.64773452Z,aggregation,scaled,348cd506525f,200,12.543293
2026-09-17T05:21:58.70593319Z,aggregation,scaled,660681595a5e,200,11.690832
2026-09-17T05:21:58.764712552Z,aggregation,scaled,348cd506525f,200,10.151312
2026-09-17T05:21:58.825526018Z,aggregation,scaled,660681595a5e,200,11.126865
2026-09-17T05:21:58.885689459Z,aggregation,scaled,a1cb37b7da6b,200,11.49235
2026-09-17T05:21:58.945988801Z,aggregation,scaled,660681595a5e,200,11.516381
2026-09-17T05:21:59.006466634Z,aggregation,scaled,a1cb37b7da6b,200,11.950429
2026-09-17T05:21:59.066720943Z,aggregation,scaled,348cd506525f,200,11.596845
2026-09-17T05:21:59.125810047Z,aggregation,scaled,a1cb37b7da6b,200,11.412045
2026-09-17T05:21:59.184763705Z,aggregation,scaled,348cd506525f,200,10.441366
2026-09-17T05:21:59.244824806Z,aggregation,scaled,660681595a5e,200,10.416029
2026-09-17T05:21:59.30391718Z,aggregation,scaled,348cd506525f,200,9.643759
2026-09-17T05:21:59.365082468Z,aggregation,scaled,660681595a5e,200,10.690577
2026-09-17T05:21:59.424841033Z,aggregation,scaled,a1cb37b7da6b,200,10.169041
2026-09-17T05:21:59.486535247Z,aggregation,scaled,660681595a5e,200,12.133591
2026-09-17T05:21:59.546934314Z,aggregation,scaled,a1cb37b7da6b,200,11.755792
2026-09-17T05:21:59.605848946Z,aggregation,scaled,348cd506525f,200,11.457877
2026-09-17T05:21:59.664607036Z,aggregation,scaled,a1cb37b7da6b,200,10.19473
2026-09-17T05:21:59.724588218Z,aggregation,scaled,348cd506525f,200,10.226727
2026-09-17T05:21:59.786194155Z,aggregation,scaled,660681595a5e,200,11.109856
2026-09-17T05:21:59.846237106Z,aggregation,scaled,348cd506525f,200,12.04974
2026-09-17T05:21:59.906407871Z,aggregation,scaled,660681595a5e,200,11.533636
2026-09-17T05:21:59.966421727Z,aggregation,scaled,a1cb37b7da6b,200,11.461891
2026-09-17T05:22:00.026475464Z,aggregation,scaled,660681595a5e,200,11.338558
2026-09-17T05:22:00.084624487Z,aggregation,scaled,a1cb37b7da6b,200,9.514111
2026-09-17T05:22:00.145342463Z,aggregation,scaled,348cd506525f,200,10.809303
2026-09-17T05:22:00.206664542Z,aggregation,scaled,a1cb37b7da6b,200,11.699587
2026-09-17T05:22:00.264953842Z,aggregation,scaled,348cd506525f,200,10.802097
2026-09-17T05:22:00.324168315Z,aggregation,scaled,660681595a5e,200,9.663301
2026-09-17T05:22:00.385736505Z,aggregation,scaled,348cd506525f,200,10.801119
2026-09-17T05:22:00.445634228Z,aggregation,scaled,660681595a5e,200,11.488389
2026-09-17T05:22:00.50431396Z,aggregation,scaled,a1cb37b7da6b,200,10.125044
2026-09-17T05:22:00.568038911Z,aggregation,scaled,660681595a5e,200,12.929018
2026-09-17T05:22:00.6256904Z,aggregation,scaled,a1cb37b7da6b,200,10.964348
2026-09-17T05:22:00.687858718Z,aggregation,scaled,348cd506525f,200,13.632815
2026-09-17T05:22:00.74531506Z,aggregation,scaled,a1cb37b7da6b,200,10.889948
2026-09-17T05:22:00.806597904Z,aggregation,scaled,348cd506525f,200,11.623291
2026-09-17T05:22:00.864704453Z,aggregation,scaled,660681595a5e,200,10.586692
2026-09-17T05:22:00.924725083Z,aggregation,scaled,348cd506525f,200,10.331131
2026-09-17T05:22:00.986395175Z,aggregation,scaled,660681595a5e,200,12.206735
2026-09-17T05:22:01.044992035Z,aggregation,scaled,a1cb37b7da6b,200,10.079799
2026-09-17T05:22:01.1052768Z,aggregation,scaled,660681595a5e,200,10.747833
2026-09-17T05:22:01.168479472Z,aggregation,scaled,a1cb37b7da6b,200,13.551166
2026-09-17T05:22:01.226803656Z,aggregation,scaled,348cd506525f,200,12.581545
2026-09-17T05:22:01.284569406Z,aggregation,scaled,a1cb37b7da6b,200,10.458954
2026-09-17T05:22:01.346080982Z,aggregation,scaled,348cd506525f,200,10.965568
2026-09-17T05:22:01.407836734Z,aggregation,scaled,660681595a5e,200,13.208139
2026-09-17T05:22:01.464915514Z,aggregation,scaled,348cd506525f,200,10.53819
2026-09-17T05:22:01.524584097Z,aggregation,scaled,660681595a5e,200,9.992465
2026-09-17T05:22:01.58577574Z,aggregation,scaled,a1cb37b7da6b,200,11.606761
2026-09-17T05:22:01.645300754Z,aggregation,scaled,660681595a5e,200,10.866111
2026-09-17T05:22:01.70541003Z,aggregation,scaled,a1cb37b7da6b,200,10.372823
2026-09-17T05:22:01.766736583Z,aggregation,scaled,348cd506525f,200,11.846462
2026-09-17T05:22:01.825385972Z,aggregation,scaled,a1cb37b7da6b,200,10.949891
2026-09-17T05:22:01.886698521Z,aggregation,scaled,348cd506525f,200,11.752216
2026-09-17T05:22:01.946123696Z,aggregation,scaled,660681595a5e,200,11.062509
2026-09-17T05:22:02.00429776Z,aggregation,scaled,348cd506525f,200,9.547229
2026-09-17T05:22:02.065265663Z,aggregation,scaled,660681595a5e,200,10.312415
2026-09-17T05:22:02.125605676Z,aggregation,scaled,a1cb37b7da6b,200,10.563661
2026-09-17T05:22:02.186340474Z,aggregation,scaled,660681595a5e,200,11.14619
2026-09-17T05:22:02.244789712Z,aggregation,scaled,a1cb37b7da6b,200,9.940076
2026-09-17T05:22:02.30659172Z,aggregation,scaled,348cd506525f,200,12.454727
2026-09-17T05:22:02.365225404Z,aggregation,scaled,a1cb37b7da6b,200,11.14583
2026-09-17T05:22:02.426177363Z,aggregation,scaled,348cd506525f,200,11.301442
2026-09-17T05:22:02.4851036Z,aggregation,scaled,660681595a5e,200,10.427267
2026-09-17T05:22:02.546278799Z,aggregation,scaled,348cd506525f,200,11.641835
2026-09-17T05:22:02.60564265Z,aggregation,scaled,660681595a5e,200,10.779856
2026-09-17T05:22:02.665131622Z,aggregation,scaled,a1cb37b7da6b,200,11.026182
2026-09-17T05:22:02.727684475Z,aggregation,scaled,660681595a5e,200,12.823191
2026-09-17T05:22:02.794279694Z,aggregation,scaled,a1cb37b7da6b,200,19.963281
2026-09-17T05:22:02.846004003Z,aggregation,scaled,348cd506525f,200,11.638262
2026-09-17T05:22:02.905555829Z,aggregation,scaled,a1cb37b7da6b,200,10.872342
2026-09-17T05:22:02.967363062Z,aggregation,scaled,348cd506525f,200,12.271455
2026-09-17T05:22:03.027337866Z,aggregation,scaled,660681595a5e,200,12.263684
2026-09-17T05:22:03.089659284Z,aggregation,scaled,348cd506525f,200,14.390419
2026-09-17T05:22:03.147306153Z,aggregation,scaled,660681595a5e,200,12.95776
2026-09-17T05:22:03.207491399Z,aggregation,scaled,a1cb37b7da6b,200,12.718335
2026-09-17T05:22:03.265942702Z,aggregation,scaled,660681595a5e,200,10.831094
2026-09-17T05:22:03.327076471Z,aggregation,scaled,a1cb37b7da6b,200,12.310277
2026-09-17T05:22:03.385935041Z,aggregation,scaled,348cd506525f,200,11.336723
2026-09-17T05:22:03.446556777Z,aggregation,scaled,a1cb37b7da6b,200,12.118441
2026-09-17T05:22:03.507231216Z,aggregation,scaled,348cd506525f,200,12.04712
2026-09-17T05:22:03.569691855Z,aggregation,scaled,660681595a5e,200,14.873429
2026-09-17T05:22:03.625032129Z,aggregation,scaled,348cd506525f,200,10.641617
2026-09-17T05:22:03.685763079Z,aggregation,scaled,660681595a5e,200,11.012273
2026-09-17T05:22:03.746985168Z,aggregation,scaled,a1cb37b7da6b,200,12.595356
2026-09-17T05:22:03.806204612Z,aggregation,scaled,660681595a5e,200,11.723728
2026-09-17T05:22:03.864862966Z,aggregation,scaled,a1cb37b7da6b,200,10.103011
2026-09-17T05:22:03.925792579Z,aggregation,scaled,348cd506525f,200,11.451635
2026-09-17T05:22:03.986849077Z,aggregation,scaled,a1cb37b7da6b,200,12.64604
2026-09-17T05:22:04.046749246Z,aggregation,scaled,348cd506525f,200,12.234862
2026-09-17T05:22:04.10524872Z,aggregation,scaled,660681595a5e,200,10.889623
2026-09-17T05:22:04.166787428Z,aggregation,scaled,348cd506525f,200,11.919067
2026-09-17T05:22:04.225887856Z,aggregation,scaled,660681595a5e,200,11.574498
2026-09-17T05:22:04.285091376Z,aggregation,scaled,a1cb37b7da6b,200,10.681439
2026-09-17T05:22:04.34674711Z,aggregation,scaled,660681595a5e,200,11.999886
2026-09-17T05:22:04.406152219Z,aggregation,scaled,a1cb37b7da6b,200,11.860702
2026-09-17T05:22:04.466359084Z,aggregation,scaled,348cd506525f,200,11.671427
2026-09-17T05:22:04.526203977Z,aggregation,scaled,a1cb37b7da6b,200,10.969549
2026-09-17T05:22:04.585572566Z,aggregation,scaled,348cd506525f,200,10.894861
2026-09-17T05:22:04.643945587Z,aggregation,scaled,660681595a5e,200,9.677372
2026-09-17T05:22:04.704418194Z,aggregation,scaled,348cd506525f,200,9.796065
2026-09-17T05:22:04.766408076Z,aggregation,scaled,660681595a5e,200,11.331498
2026-09-17T05:22:04.82646987Z,aggregation,scaled,a1cb37b7da6b,200,11.342883
2026-09-17T05:22:04.885902126Z,aggregation,scaled,660681595a5e,200,10.8406
2026-09-17T05:22:04.945353625Z,aggregation,scaled,a1cb37b7da6b,200,10.968268
2026-09-17T05:22:05.005826185Z,aggregation,scaled,348cd506525f,200,11.627127
2026-09-17T05:22:05.064149172Z,aggregation,scaled,a1cb37b7da6b,200,9.607637
2026-09-17T05:22:05.124907991Z,aggregation,scaled,348cd506525f,200,10.206223
2026-09-17T05:22:05.186615613Z,aggregation,scaled,660681595a5e,200,11.909767
2026-09-17T05:22:05.246802213Z,aggregation,scaled,348cd506525f,200,11.624802
2026-09-17T05:22:05.306008425Z,aggregation,scaled,660681595a5e,200,11.677596
2026-09-17T05:22:05.365946485Z,aggregation,scaled,a1cb37b7da6b,200,11.315771
2026-09-17T05:22:05.424725769Z,aggregation,scaled,660681595a5e,200,10.272372
2026-09-17T05:22:05.484969641Z,aggregation,scaled,a1cb37b7da6b,200,10.686751
2026-09-17T05:22:05.54504164Z,aggregation,scaled,348cd506525f,200,10.422682
2026-09-17T05:22:05.607269433Z,aggregation,scaled,a1cb37b7da6b,200,12.488089
2026-09-17T05:22:05.665468987Z,aggregation,scaled,348cd506525f,200,10.611918
2026-09-17T05:22:05.72693436Z,aggregation,scaled,660681595a5e,200,11.755311
2026-09-17T05:22:05.785915536Z,aggregation,scaled,348cd506525f,200,11.482602
2026-09-17T05:22:05.844410604Z,aggregation,scaled,660681595a5e,200,9.848874
2026-09-17T05:22:05.905335389Z,aggregation,scaled,a1cb37b7da6b,200,10.267602
2026-09-17T05:22:05.966267249Z,aggregation,scaled,660681595a5e,200,11.267973
2026-09-17T05:22:06.025515938Z,aggregation,scaled,a1cb37b7da6b,200,10.682859
2026-09-17T05:22:06.085742709Z,aggregation,scaled,348cd506525f,200,10.578303
2026-09-17T05:22:06.144977732Z,aggregation,scaled,a1cb37b7da6b,200,10.615695
2026-09-17T05:22:06.208158189Z,aggregation,scaled,348cd506525f,200,13.574551
2026-09-17T05:22:06.26542202Z,aggregation,scaled,660681595a5e,200,10.606194
2026-09-17T05:22:06.325391194Z,aggregation,scaled,348cd506525f,200,10.521198
2026-09-17T05:22:06.38452182Z,aggregation,scaled,660681595a5e,200,9.660602
2026-09-17T05:22:06.445784839Z,aggregation,scaled,a1cb37b7da6b,200,10.650397
2026-09-17T05:22:06.505910523Z,aggregation,scaled,660681595a5e,200,11.627234
2026-09-17T05:22:06.565900806Z,aggregation,scaled,a1cb37b7da6b,200,11.360654
2026-09-17T05:22:06.62479894Z,aggregation,scaled,348cd506525f,200,10.385061
2026-09-17T05:22:06.68513552Z,aggregation,scaled,a1cb37b7da6b,200,10.730057
2026-09-17T05:22:06.747274563Z,aggregation,scaled,348cd506525f,200,12.487759
2026-09-17T05:22:06.805783998Z,aggregation,scaled,660681595a5e,200,10.9219
2026-09-17T05:22:06.864694041Z,aggregation,scaled,348cd506525f,200,10.38854
2026-09-17T05:22:06.925778897Z,aggregation,scaled,660681595a5e,200,11.510074
2026-09-17T05:22:06.985279109Z,aggregation,scaled,a1cb37b7da6b,200,10.952357
2026-09-17T05:22:07.045074159Z,aggregation,scaled,660681595a5e,200,10.047837
2026-09-17T05:22:07.105051728Z,aggregation,scaled,a1cb37b7da6b,200,10.287458
2026-09-17T05:22:07.166258747Z,aggregation,scaled,348cd506525f,200,11.667445
2026-09-17T05:22:07.226717993Z,aggregation,scaled,a1cb37b7da6b,200,11.856617
2026-09-17T05:22:07.285237638Z,aggregation,scaled,348cd506525f,200,10.962058
2026-09-17T05:22:07.344452292Z,aggregation,scaled,660681595a5e,200,9.513861
2026-09-17T05:22:07.405316633Z,aggregation,scaled,348cd506525f,200,10.262541
2026-09-17T05:22:07.466315045Z,aggregation,scaled,660681595a5e,200,11.341943
2026-09-17T05:22:07.525193416Z,aggregation,scaled,a1cb37b7da6b,200,10.278255
2026-09-17T05:22:07.585136306Z,aggregation,scaled,660681595a5e,200,10.339797
2026-09-17T05:22:07.645624529Z,aggregation,scaled,a1cb37b7da6b,200,10.964864
2026-09-17T05:22:07.705156417Z,aggregation,scaled,348cd506525f,200,11.032282
2026-09-17T05:22:07.765141992Z,aggregation,scaled,a1cb37b7da6b,200,10.39551
2026-09-17T05:22:07.824860113Z,aggregation,scaled,348cd506525f,200,9.933355
2026-09-17T05:22:07.886395843Z,aggregation,scaled,660681595a5e,200,12.095264
2026-09-17T05:22:07.945844994Z,aggregation,scaled,348cd506525f,200,10.824138
2026-09-17T05:22:08.005161556Z,aggregation,scaled,660681595a5e,200,10.649397
2026-09-17T05:22:08.064719194Z,aggregation,scaled,a1cb37b7da6b,200,9.847323
2026-09-17T05:22:08.124063488Z,aggregation,scaled,660681595a5e,200,9.825801
2026-09-17T05:22:08.185595967Z,aggregation,scaled,a1cb37b7da6b,200,10.894403
2026-09-17T05:22:08.24581631Z,aggregation,scaled,348cd506525f,200,10.664453
2026-09-17T05:22:08.306104186Z,aggregation,scaled,a1cb37b7da6b,200,11.769913
2026-09-17T05:22:08.364753133Z,aggregation,scaled,348cd506525f,200,10.087358
2026-09-17T05:22:08.428878947Z,aggregation,scaled,660681595a5e,200,14.323274
2026-09-17T05:22:08.485618846Z,aggregation,scaled,348cd506525f,200,11.325072
2026-09-17T05:22:08.545556844Z,aggregation,scaled,660681595a5e,200,11.229742
2026-09-17T05:22:08.60897002Z,aggregation,scaled,a1cb37b7da6b,200,14.676836
2026-09-17T05:22:08.665591635Z,aggregation,scaled,660681595a5e,200,10.947296
2026-09-17T05:22:08.724402892Z,aggregation,scaled,a1cb37b7da6b,200,10.343496
2026-09-17T05:22:08.785247876Z,aggregation,scaled,348cd506525f,200,10.201377
2026-09-17T05:22:08.847204861Z,aggregation,scaled,a1cb37b7da6b,200,12.200117
2026-09-17T05:22:08.906245527Z,aggregation,scaled,348cd506525f,200,11.382526
2026-09-17T05:22:08.965093946Z,aggregation,scaled,660681595a5e,200,10.205494
2026-09-17T05:22:09.025544144Z,aggregation,scaled,348cd506525f,200,10.758504
2026-09-17T05:22:09.085788542Z,aggregation,scaled,660681595a5e,200,10.695573
2026-09-17T05:22:09.144997042Z,aggregation,scaled,a1cb37b7da6b,200,10.68892
2026-09-17T05:22:09.204758351Z,aggregation,scaled,660681595a5e,200,10.070772
2026-09-17T05:22:09.265995357Z,aggregation,scaled,a1cb37b7da6b,200,11.777828
2026-09-17T05:22:09.324371009Z,aggregation,scaled,348cd506525f,200,9.671061
2026-09-17T05:22:09.385191422Z,aggregation,scaled,a1cb37b7da6b,200,10.235159
2026-09-17T05:22:09.446181455Z,aggregation,scaled,348cd506525f,200,11.552278
2026-09-17T05:22:09.505219098Z,aggregation,scaled,660681595a5e,200,10.278787
2026-09-17T05:22:09.565806324Z,aggregation,scaled,348cd506525f,200,10.99707
2026-09-17T05:22:09.625528663Z,aggregation,scaled,660681595a5e,200,11.00248
2026-09-17T05:22:09.684961871Z,aggregation,scaled,a1cb37b7da6b,200,9.81249
2026-09-17T05:22:09.744487367Z,aggregation,scaled,660681595a5e,200,9.646269
2026-09-17T05:22:09.80619273Z,aggregation,scaled,a1cb37b7da6b,200,10.982799
2026-09-17T05:22:09.866251372Z,aggregation,scaled,348cd506525f,200,11.42415
2026-09-17T05:22:09.924989213Z,aggregation,scaled,a1cb37b7da6b,200,10.205387
2026-09-17T05:22:09.984793487Z,aggregation,scaled,348cd506525f,200,10.220757
2026-09-17T05:22:10.046660736Z,aggregation,scaled,660681595a5e,200,12.314355
2026-09-17T05:22:10.105168786Z,aggregation,scaled,348cd506525f,200,10.045474
2026-09-17T05:22:10.165061756Z,aggregation,scaled,660681595a5e,200,10.310464
2026-09-17T05:22:10.225932946Z,aggregation,scaled,a1cb37b7da6b,200,11.193398
2026-09-17T05:22:10.28504808Z,aggregation,scaled,660681595a5e,200,10.634666
2026-09-17T05:22:10.345957787Z,aggregation,scaled,a1cb37b7da6b,200,11.252308
2026-09-17T05:22:10.406336797Z,aggregation,scaled,348cd506525f,200,11.739416
2026-09-17T05:22:10.466094026Z,aggregation,scaled,a1cb37b7da6b,200,11.197829
2026-09-17T05:22:10.525016856Z,aggregation,scaled,348cd506525f,200,10.390959
2026-09-17T05:22:10.585478726Z,aggregation,scaled,660681595a5e,200,10.816943
2026-09-17T05:22:10.647695458Z,aggregation,scaled,348cd506525f,200,12.462849
2026-09-17T05:22:10.705262129Z,aggregation,scaled,660681595a5e,200,11.136496
2026-09-17T05:22:10.766045663Z,aggregation,scaled,a1cb37b7da6b,200,11.187293
2026-09-17T05:22:10.826537498Z,aggregation,scaled,660681595a5e,200,11.849732
2026-09-17T05:22:10.887981728Z,aggregation,scaled,a1cb37b7da6b,200,13.856813
2026-09-17T05:22:10.946498405Z,aggregation,scaled,348cd506525f,200,11.597725
2026-09-17T05:22:11.007850043Z,aggregation,scaled,a1cb37b7da6b,200,12.696794
2026-09-17T05:22:11.068275758Z,aggregation,scaled,348cd506525f,200,13.698232
2026-09-17T05:22:11.126104048Z,aggregation,scaled,660681595a5e,200,11.234828
2026-09-17T05:22:11.190369493Z,aggregation,scaled,348cd506525f,200,15.689886
2026-09-17T05:22:11.25052242Z,aggregation,scaled,660681595a5e,200,15.347191
2026-09-17T05:22:11.307472613Z,aggregation,scaled,a1cb37b7da6b,200,12.655812
2026-09-17T05:22:11.368676816Z,aggregation,scaled,660681595a5e,200,13.43144
2026-09-17T05:22:11.426415406Z,aggregation,scaled,a1cb37b7da6b,200,12.227178
2026-09-17T05:22:11.486472296Z,aggregation,scaled,348cd506525f,200,11.44071
2026-09-17T05:22:11.54671745Z,aggregation,scaled,a1cb37b7da6b,200,11.668435
2026-09-17T05:22:11.606991605Z,aggregation,scaled,348cd506525f,200,12.681857
2026-09-17T05:22:11.666170488Z,aggregation,scaled,660681595a5e,200,11.685007
2026-09-17T05:22:11.725382981Z,aggregation,scaled,348cd506525f,200,10.418291
2026-09-17T05:22:11.787094725Z,aggregation,scaled,660681595a5e,200,12.127397
2026-09-17T05:22:11.847186617Z,aggregation,scaled,a1cb37b7da6b,200,12.358282
2026-09-17T05:22:11.909409515Z,aggregation,scaled,660681595a5e,200,14.676768
2026-09-17T05:22:11.965961379Z,aggregation,scaled,a1cb37b7da6b,200,10.84754
2026-09-17T05:22:12.025407046Z,aggregation,scaled,348cd506525f,200,10.896599
2026-09-17T05:22:12.088137918Z,aggregation,scaled,a1cb37b7da6b,200,12.972888
2026-09-17T05:22:12.148160721Z,aggregation,scaled,348cd506525f,200,13.372177
2026-09-17T05:22:12.205336174Z,aggregation,scaled,660681595a5e,200,10.585083
2026-09-17T05:22:12.266417323Z,aggregation,scaled,348cd506525f,200,11.555086
2026-09-17T05:22:12.326451868Z,aggregation,scaled,660681595a5e,200,11.455466
2026-09-17T05:22:12.387218971Z,aggregation,scaled,a1cb37b7da6b,200,12.129516
2026-09-17T05:22:12.445049913Z,aggregation,scaled,660681595a5e,200,10.209977
2026-09-17T05:22:12.50439617Z,aggregation,scaled,a1cb37b7da6b,200,9.852308
2026-09-17T05:22:12.565483402Z,aggregation,scaled,348cd506525f,200,10.584559
2026-09-17T05:22:12.627689342Z,aggregation,scaled,a1cb37b7da6b,200,12.743968
2026-09-17T05:22:12.68426883Z,aggregation,scaled,348cd506525f,200,10.11166
2026-09-17T05:22:12.747248565Z,aggregation,scaled,660681595a5e,200,12.222372
2026-09-17T05:22:12.807761838Z,aggregation,scaled,348cd506525f,200,12.945252
2026-09-17T05:22:12.8638112Z,aggregation,scaled,660681595a5e,200,9.602566
2026-09-17T05:22:12.925640311Z,aggregation,scaled,a1cb37b7da6b,200,11.363775
2026-09-17T05:22:12.984916519Z,aggregation,scaled,660681595a5e,200,10.769876
2026-09-17T05:22:13.04511461Z,aggregation,scaled,a1cb37b7da6b,200,10.6925
2026-09-17T05:22:13.105938882Z,aggregation,scaled,348cd506525f,200,11.301791
2026-09-17T05:22:13.164320851Z,aggregation,scaled,a1cb37b7da6b,200,9.877925
2026-09-17T05:22:13.225198191Z,aggregation,scaled,348cd506525f,200,10.319065
2026-09-17T05:22:13.285775471Z,aggregation,scaled,660681595a5e,200,11.046042
2026-09-17T05:22:13.345254925Z,aggregation,scaled,348cd506525f,200,10.99021
2026-09-17T05:22:13.404759828Z,aggregation,scaled,660681595a5e,200,9.98743
2026-09-17T05:22:13.466786852Z,aggregation,scaled,a1cb37b7da6b,200,12.313929
2026-09-17T05:22:13.527242209Z,aggregation,scaled,660681595a5e,200,12.945587
2026-09-17T05:22:13.586522988Z,aggregation,scaled,a1cb37b7da6b,200,11.549217
2026-09-17T05:22:13.645000512Z,aggregation,scaled,348cd506525f,200,9.961121
2026-09-17T05:22:13.705822671Z,aggregation,scaled,a1cb37b7da6b,200,11.254622
2026-09-17T05:22:13.763930219Z,aggregation,scaled,348cd506525f,200,9.642144
2026-09-17T05:22:13.825162485Z,aggregation,scaled,660681595a5e,200,10.565921
2026-09-17T05:22:13.886036191Z,aggregation,scaled,348cd506525f,200,11.371135
2026-09-17T05:22:13.945731748Z,aggregation,scaled,660681595a5e,200,11.142269
2026-09-17T05:22:14.004649651Z,aggregation,scaled,a1cb37b7da6b,200,10.368507
2026-09-17T05:22:14.064167053Z,aggregation,scaled,660681595a5e,200,9.968897
2026-09-17T05:22:14.125411315Z,aggregation,scaled,a1cb37b7da6b,200,10.574891
2026-09-17T05:22:14.185423654Z,aggregation,scaled,348cd506525f,200,10.029385
2026-09-17T05:22:14.246106758Z,aggregation,scaled,a1cb37b7da6b,200,11.305326
2026-09-17T05:22:14.305976706Z,aggregation,scaled,348cd506525f,200,11.254406
2026-09-17T05:22:14.36487537Z,aggregation,scaled,660681595a5e,200,10.289062
2026-09-17T05:22:14.425149274Z,aggregation,scaled,348cd506525f,200,10.595811
2026-09-17T05:22:14.486328482Z,aggregation,scaled,660681595a5e,200,11.58641
2026-09-17T05:22:14.545283607Z,aggregation,scaled,a1cb37b7da6b,200,10.334864
2026-09-17T05:22:14.605355325Z,aggregation,scaled,660681595a5e,200,10.48395
2026-09-17T05:22:14.666391536Z,aggregation,scaled,a1cb37b7da6b,200,11.511345
2026-09-17T05:22:14.725079601Z,aggregation,scaled,348cd506525f,200,9.899493
2026-09-17T05:22:14.784382414Z,aggregation,scaled,a1cb37b7da6b,200,9.941659
2026-09-17T05:22:14.848943274Z,aggregation,scaled,348cd506525f,200,14.069267
2026-09-17T05:22:14.904876612Z,aggregation,scaled,660681595a5e,200,10.538249
2026-09-17T05:22:14.96413105Z,aggregation,scaled,348cd506525f,200,9.400393
2026-09-17T05:22:15.02522597Z,aggregation,scaled,660681595a5e,200,10.477335
2026-09-17T05:22:15.08630605Z,aggregation,scaled,a1cb37b7da6b,200,11.475442
2026-09-17T05:22:15.145220864Z,aggregation,scaled,660681595a5e,200,10.306194
2026-09-17T05:22:15.205654361Z,aggregation,scaled,a1cb37b7da6b,200,10.881433
2026-09-17T05:22:15.265201057Z,aggregation,scaled,348cd506525f,200,10.960367
2026-09-17T05:22:15.325833047Z,aggregation,scaled,a1cb37b7da6b,200,10.978069
2026-09-17T05:22:15.386389061Z,aggregation,scaled,348cd506525f,200,11.897871
2026-09-17T05:22:15.445801418Z,aggregation,scaled,660681595a5e,200,10.987648
2026-09-17T05:22:15.504090531Z,aggregation,scaled,348cd506525f,200,9.823231
2026-09-17T05:22:15.564187734Z,aggregation,scaled,660681595a5e,200,9.66287
2026-09-17T05:22:15.626526499Z,aggregation,scaled,a1cb37b7da6b,200,11.794244
2026-09-17T05:22:15.687442637Z,aggregation,scaled,660681595a5e,200,12.292697
2026-09-17T05:22:15.745531491Z,aggregation,scaled,a1cb37b7da6b,200,10.537114
2026-09-17T05:22:15.806052907Z,aggregation,scaled,348cd506525f,200,11.946713
2026-09-17T05:22:15.865578565Z,aggregation,scaled,a1cb37b7da6b,200,11.019601
2026-09-17T05:22:15.92422025Z,aggregation,scaled,348cd506525f,200,10.056111
2026-09-17T05:22:15.984660025Z,aggregation,scaled,660681595a5e,200,9.978932
2026-09-17T05:22:16.045492529Z,aggregation,scaled,348cd506525f,200,11.282794
2026-09-17T05:22:16.105273442Z,aggregation,scaled,660681595a5e,200,10.134113
2026-09-17T05:22:16.165142414Z,aggregation,scaled,a1cb37b7da6b,200,10.39226
2026-09-17T05:22:16.225326257Z,aggregation,scaled,660681595a5e,200,10.452964
2026-09-17T05:22:16.288037254Z,aggregation,scaled,a1cb37b7da6b,200,13.117936
2026-09-17T05:22:16.346196874Z,aggregation,scaled,348cd506525f,200,11.636728
2026-09-17T05:22:16.40572489Z,aggregation,scaled,a1cb37b7da6b,200,11.038492
2026-09-17T05:22:16.466660808Z,aggregation,scaled,348cd506525f,200,12.37836
2026-09-17T05:22:16.527891585Z,aggregation,scaled,660681595a5e,200,13.798407
2026-09-17T05:22:16.585096981Z,aggregation,scaled,348cd506525f,200,10.54931
2026-09-17T05:22:16.645118825Z,aggregation,scaled,660681595a5e,200,10.589313
2026-09-17T05:22:16.706946346Z,aggregation,scaled,a1cb37b7da6b,200,12.028632
2026-09-17T05:22:16.765439348Z,aggregation,scaled,660681595a5e,200,10.828899
2026-09-17T05:22:16.826111184Z,aggregation,scaled,a1cb37b7da6b,200,11.131809
2026-09-17T05:22:16.885147502Z,aggregation,scaled,348cd506525f,200,10.353233
2026-09-17T05:22:16.945186685Z,aggregation,scaled,a1cb37b7da6b,200,10.434121
2026-09-17T05:22:17.00628872Z,aggregation,scaled,348cd506525f,200,11.280889
2026-09-17T05:22:17.066529438Z,aggregation,scaled,660681595a5e,200,11.715618
2026-09-17T05:22:17.125585987Z,aggregation,scaled,348cd506525f,200,11.480822
2026-09-17T05:22:17.185159439Z,aggregation,scaled,660681595a5e,200,10.991279
2026-09-17T05:22:17.24605828Z,aggregation,scaled,a1cb37b7da6b,200,11.325441
2026-09-17T05:22:17.305015783Z,aggregation,scaled,660681595a5e,200,10.303944
2026-09-17T05:22:17.364659331Z,aggregation,scaled,a1cb37b7da6b,200,10.066839
2026-09-17T05:22:17.423786194Z,aggregation,scaled,348cd506525f,200,9.701155
2026-09-17T05:22:17.485444914Z,aggregation,scaled,a1cb37b7da6b,200,11.059024
2026-09-17T05:22:17.547904099Z,aggregation,scaled,348cd506525f,200,12.706904
2026-09-17T05:22:17.606559032Z,aggregation,scaled,660681595a5e,200,11.963584
2026-09-17T05:22:17.664853921Z,aggregation,scaled,348cd506525f,200,9.702655
2026-09-17T05:22:17.725187743Z,aggregation,scaled,660681595a5e,200,10.906618
2026-09-17T05:22:17.785218957Z,aggregation,scaled,a1cb37b7da6b,200,10.508926
2026-09-17T05:22:17.845977379Z,aggregation,scaled,660681595a5e,200,11.252658
2026-09-17T05:22:17.906482755Z,aggregation,scaled,a1cb37b7da6b,200,11.981611
2026-09-17T05:22:17.966151174Z,aggregation,scaled,348cd506525f,200,11.091096
2026-09-17T05:22:18.024868429Z,aggregation,scaled,a1cb37b7da6b,200,10.185055
2026-09-17T05:22:18.085092511Z,aggregation,scaled,348cd506525f,200,10.441228
2026-09-17T05:22:18.14573741Z,aggregation,scaled,660681595a5e,200,11.076605
2026-09-17T05:22:18.204276212Z,aggregation,scaled,348cd506525f,200,10.168045
2026-09-17T05:22:18.264591486Z,aggregation,scaled,660681595a5e,200,9.783078
2026-09-17T05:22:18.325993Z,aggregation,scaled,a1cb37b7da6b,200,11.578672
2026-09-17T05:22:18.385242662Z,aggregation,scaled,660681595a5e,200,10.745333
2026-09-17T05:22:18.444832597Z,aggregation,scaled,a1cb37b7da6b,200,9.980282
2026-09-17T05:22:18.505491402Z,aggregation,scaled,348cd506525f,200,11.092467
2026-09-17T05:22:18.566631908Z,aggregation,scaled,a1cb37b7da6b,200,11.477971
2026-09-17T05:22:18.624516329Z,aggregation,scaled,348cd506525f,200,10.367488
2026-09-17T05:22:18.686445965Z,aggregation,scaled,660681595a5e,200,11.036493
2026-09-17T05:22:18.746593051Z,aggregation,scaled,348cd506525f,200,11.676916
2026-09-17T05:22:18.807858145Z,aggregation,scaled,660681595a5e,200,12.726053
2026-09-17T05:22:18.865421429Z,aggregation,scaled,a1cb37b7da6b,200,12.473433
2026-09-17T05:22:18.926898214Z,aggregation,scaled,660681595a5e,200,12.303997
2026-09-17T05:22:18.986413584Z,aggregation,scaled,a1cb37b7da6b,200,12.619653
2026-09-17T05:22:19.043763463Z,aggregation,scaled,348cd506525f,200,10.609691
2026-09-17T05:22:19.105656702Z,aggregation,scaled,a1cb37b7da6b,200,12.274286
2026-09-17T05:22:19.164510907Z,aggregation,scaled,348cd506525f,200,11.081591
2026-09-17T05:22:19.225298526Z,aggregation,scaled,660681595a5e,200,12.041099
2026-09-17T05:22:19.286957296Z,aggregation,scaled,348cd506525f,200,14.116035
2026-09-17T05:22:19.345087194Z,aggregation,scaled,660681595a5e,200,11.348652
2026-09-17T05:22:19.404166344Z,aggregation,scaled,a1cb37b7da6b,200,10.532299
2026-09-17T05:22:19.463342642Z,aggregation,scaled,660681595a5e,200,10.649012
2026-09-17T05:22:19.525061298Z,aggregation,scaled,a1cb37b7da6b,200,11.90734
2026-09-17T05:22:19.583476123Z,aggregation,scaled,348cd506525f,200,10.839498
2026-09-17T05:22:19.643998614Z,aggregation,scaled,a1cb37b7da6b,200,10.935302
2026-09-17T05:22:19.706282031Z,aggregation,scaled,348cd506525f,200,12.704944
2026-09-17T05:22:19.765079332Z,aggregation,scaled,660681595a5e,200,12.237683
2026-09-17T05:22:19.823342539Z,aggregation,scaled,348cd506525f,200,10.727892
2026-09-17T05:22:19.883734486Z,aggregation,scaled,660681595a5e,200,10.780965
2026-09-17T05:22:19.944808347Z,aggregation,scaled,a1cb37b7da6b,200,11.417788
2026-09-17T05:22:20.005207758Z,aggregation,scaled,660681595a5e,200,11.715418
2026-09-17T05:22:20.064229575Z,aggregation,scaled,a1cb37b7da6b,200,11.206995
2026-09-17T05:22:20.123230778Z,aggregation,scaled,348cd506525f,200,10.427091
2026-09-17T05:22:20.183522299Z,aggregation,scaled,a1cb37b7da6b,200,10.574152
2026-09-17T05:22:20.245738242Z,aggregation,scaled,348cd506525f,200,12.712989
2026-09-17T05:22:20.30497865Z,aggregation,scaled,660681595a5e,200,11.632062
2026-09-17T05:22:20.365003392Z,aggregation,scaled,348cd506525f,200,11.515293
2026-09-17T05:22:20.423094587Z,aggregation,scaled,660681595a5e,200,10.424162
2026-09-17T05:22:20.484450929Z,aggregation,scaled,a1cb37b7da6b,200,11.825706
2026-09-17T05:22:20.54413213Z,aggregation,scaled,660681595a5e,200,11.13493
2026-09-17T05:22:20.602690755Z,aggregation,scaled,a1cb37b7da6b,200,10.005484
2026-09-17T05:22:20.664887802Z,aggregation,scaled,348cd506525f,200,11.589719
2026-09-17T05:22:20.725992467Z,aggregation,scaled,a1cb37b7da6b,200,12.456937
2026-09-17T05:22:20.783797289Z,aggregation,scaled,348cd506525f,200,10.29448
2026-09-17T05:22:20.843551049Z,aggregation,scaled,660681595a5e,200,10.229789
2026-09-17T05:22:20.904009309Z,aggregation,scaled,348cd506525f,200,10.938304
2026-09-17T05:22:20.96476164Z,aggregation,scaled,660681595a5e,200,11.227716
2026-09-17T05:22:21.02442864Z,aggregation,scaled,a1cb37b7da6b,200,10.968159
2026-09-17T05:22:21.083817341Z,aggregation,scaled,660681595a5e,200,10.675298
2026-09-17T05:22:21.144345706Z,aggregation,scaled,a1cb37b7da6b,200,10.858919
2026-09-17T05:22:21.204547851Z,aggregation,scaled,348cd506525f,200,11.662714
2026-09-17T05:22:21.263076585Z,aggregation,scaled,a1cb37b7da6b,200,10.019786
2026-09-17T05:22:21.324037582Z,aggregation,scaled,348cd506525f,200,11.403457
2026-09-17T05:22:21.383328222Z,aggregation,scaled,660681595a5e,200,9.685158
2026-09-17T05:22:21.44623232Z,aggregation,scaled,348cd506525f,200,13.489333
2026-09-17T05:22:21.504852911Z,aggregation,scaled,660681595a5e,200,12.05374
2026-09-17T05:22:21.563477941Z,aggregation,scaled,a1cb37b7da6b,200,10.01891
2026-09-17T05:22:21.623335803Z,aggregation,scaled,660681595a5e,200,10.480346
2026-09-17T05:22:21.684559225Z,aggregation,scaled,a1cb37b7da6b,200,11.593698
2026-09-17T05:22:21.743931314Z,aggregation,scaled,348cd506525f,200,10.732252
2026-09-17T05:22:21.80306471Z,aggregation,scaled,a1cb37b7da6b,200,10.454404
2026-09-17T05:22:21.863719685Z,aggregation,scaled,348cd506525f,200,10.01767
2026-09-17T05:22:21.923866721Z,aggregation,scaled,660681595a5e,200,10.700264
2026-09-17T05:22:21.985088838Z,aggregation,scaled,348cd506525f,200,11.602798
2026-09-17T05:22:22.044286376Z,aggregation,scaled,660681595a5e,200,10.669709
2026-09-17T05:22:22.104174221Z,aggregation,scaled,a1cb37b7da6b,200,11.395556
2026-09-17T05:22:22.163475946Z,aggregation,scaled,660681595a5e,200,10.886553
2026-09-17T05:22:22.226076709Z,aggregation,scaled,a1cb37b7da6b,200,12.850841
2026-09-17T05:22:22.282350833Z,aggregation,scaled,348cd506525f,200,9.764338
2026-09-17T05:22:22.34482742Z,aggregation,scaled,a1cb37b7da6b,200,11.911251
2026-09-17T05:22:22.404275383Z,aggregation,scaled,348cd506525f,200,10.972213
2026-09-17T05:22:22.462725302Z,aggregation,scaled,660681595a5e,200,9.95821
2026-09-17T05:22:22.52313083Z,aggregation,scaled,348cd506525f,200,9.907668
2026-09-17T05:22:22.582610704Z,aggregation,scaled,660681595a5e,200,9.794645
2026-09-17T05:22:22.644337036Z,aggregation,scaled,a1cb37b7da6b,200,11.209705
2026-09-17T05:22:22.704647562Z,aggregation,scaled,660681595a5e,200,11.671229
2026-09-17T05:22:22.764725373Z,aggregation,scaled,a1cb37b7da6b,200,11.384863
2026-09-17T05:22:22.825051737Z,aggregation,scaled,348cd506525f,200,11.6676
2026-09-17T05:22:22.883491375Z,aggregation,scaled,a1cb37b7da6b,200,10.861812
2026-09-17T05:22:22.944333753Z,aggregation,scaled,348cd506525f,200,11.204754
2026-09-17T05:22:23.003268502Z,aggregation,scaled,660681595a5e,200,10.26629
2026-09-17T05:22:23.06530557Z,aggregation,scaled,348cd506525f,200,12.523347
2026-09-17T05:22:23.123818183Z,aggregation,scaled,660681595a5e,200,11.096396
2026-09-17T05:22:23.183407378Z,aggregation,scaled,a1cb37b7da6b,200,10.063659
2026-09-17T05:22:23.24334336Z,aggregation,scaled,660681595a5e,200,10.32412
2026-09-17T05:22:23.30432006Z,aggregation,scaled,a1cb37b7da6b,200,11.526045
2026-09-17T05:22:23.364608631Z,aggregation,scaled,348cd506525f,200,11.765622
2026-09-17T05:22:23.423849743Z,aggregation,scaled,a1cb37b7da6b,200,10.53054
2026-09-17T05:22:23.483843403Z,aggregation,scaled,348cd506525f,200,10.451564
2026-09-17T05:22:23.543184699Z,aggregation,scaled,660681595a5e,200,9.780398
2026-09-17T05:22:23.603521453Z,aggregation,scaled,348cd506525f,200,10.765915
2026-09-17T05:22:23.664489128Z,aggregation,scaled,660681595a5e,200,10.893903
2026-09-17T05:22:23.724253446Z,aggregation,scaled,a1cb37b7da6b,200,11.333312
2026-09-17T05:22:23.782519646Z,aggregation,scaled,660681595a5e,200,9.726279
2026-09-17T05:22:23.844126569Z,aggregation,scaled,a1cb37b7da6b,200,10.869807
2026-09-17T05:22:23.903745786Z,aggregation,scaled,348cd506525f,200,11.038053
2026-09-17T05:22:23.965117627Z,aggregation,scaled,a1cb37b7da6b,200,11.559798
2026-09-17T05:22:24.022621938Z,aggregation,scaled,348cd506525f,200,9.887369
2026-09-17T05:22:24.084769148Z,aggregation,scaled,660681595a5e,200,11.461731
2026-09-17T05:22:24.144368572Z,aggregation,scaled,348cd506525f,200,10.807528
2026-09-17T05:22:24.203964237Z,aggregation,scaled,660681595a5e,200,11.025862
2026-09-17T05:22:24.263457548Z,aggregation,scaled,a1cb37b7da6b,200,9.879066
2026-09-17T05:22:24.323741111Z,aggregation,scaled,660681595a5e,200,10.594003
2026-09-17T05:22:24.38924297Z,aggregation,scaled,a1cb37b7da6b,200,15.609027
2026-09-17T05:22:24.444443Z,aggregation,scaled,348cd506525f,200,11.656098
2026-09-17T05:22:24.504776967Z,aggregation,scaled,a1cb37b7da6b,200,11.707605
2026-09-17T05:22:24.563178293Z,aggregation,scaled,348cd506525f,200,9.813812
2026-09-17T05:22:24.624213288Z,aggregation,scaled,660681595a5e,200,11.281315
2026-09-17T05:22:24.683842535Z,aggregation,scaled,348cd506525f,200,10.992684
2026-09-17T05:22:24.744060255Z,aggregation,scaled,660681595a5e,200,10.690058
2026-09-17T05:22:24.802600368Z,aggregation,scaled,a1cb37b7da6b,200,9.903588
2026-09-17T05:22:24.865971366Z,aggregation,scaled,660681595a5e,200,12.763247
2026-09-17T05:22:24.926235785Z,aggregation,scaled,a1cb37b7da6b,200,12.593726
2026-09-17T05:22:24.982981115Z,aggregation,scaled,348cd506525f,200,10.18857
2026-09-17T05:22:25.042852153Z,aggregation,scaled,a1cb37b7da6b,200,10.232209
2026-09-17T05:22:25.104995317Z,aggregation,scaled,348cd506525f,200,11.496213
2026-09-17T05:22:25.164076358Z,aggregation,scaled,660681595a5e,200,10.498237
2026-09-17T05:22:25.225070894Z,aggregation,scaled,348cd506525f,200,11.383864
2026-09-17T05:22:25.284292884Z,aggregation,scaled,660681595a5e,200,10.640407
2026-09-17T05:22:25.344268512Z,aggregation,scaled,a1cb37b7da6b,200,11.385496
2026-09-17T05:22:25.403904272Z,aggregation,scaled,660681595a5e,200,10.984539
2026-09-17T05:22:25.463347455Z,aggregation,scaled,a1cb37b7da6b,200,9.792918
2026-09-17T05:22:25.522681383Z,aggregation,scaled,348cd506525f,200,9.713155
2026-09-17T05:22:25.584230788Z,aggregation,scaled,a1cb37b7da6b,200,11.112657
2026-09-17T05:22:25.644050947Z,aggregation,scaled,348cd506525f,200,11.394976
2026-09-17T05:22:25.704633206Z,aggregation,scaled,660681595a5e,200,10.989848
2026-09-17T05:22:25.765381873Z,aggregation,scaled,348cd506525f,200,12.023359
2026-09-17T05:22:25.824000147Z,aggregation,scaled,660681595a5e,200,11.105017
2026-09-17T05:22:25.88310598Z,aggregation,scaled,a1cb37b7da6b,200,10.514528
2026-09-17T05:22:25.942848933Z,aggregation,scaled,660681595a5e,200,9.924957
2026-09-17T05:22:26.004479483Z,aggregation,scaled,a1cb37b7da6b,200,11.099517
2026-09-17T05:22:26.065474941Z,aggregation,scaled,348cd506525f,200,12.36213
2026-09-17T05:22:26.125982135Z,aggregation,scaled,a1cb37b7da6b,200,13.020462
2026-09-17T05:22:26.18385099Z,aggregation,scaled,348cd506525f,200,11.145655
2026-09-17T05:22:26.247219481Z,aggregation,scaled,660681595a5e,200,13.789351
2026-09-17T05:22:26.307141348Z,aggregation,scaled,348cd506525f,200,13.478705
2026-09-17T05:22:26.368626226Z,aggregation,scaled,660681595a5e,200,15.820179
2026-09-17T05:22:26.424304091Z,aggregation,scaled,a1cb37b7da6b,200,11.177762
2026-09-17T05:22:26.486699572Z,aggregation,scaled,660681595a5e,200,13.750823
2026-09-17T05:22:26.54708407Z,aggregation,scaled,a1cb37b7da6b,200,13.573712
2026-09-17T05:22:26.609234282Z,aggregation,scaled,348cd506525f,200,15.603944
2026-09-17T05:22:26.663380681Z,aggregation,scaled,a1cb37b7da6b,200,10.62284
2026-09-17T05:22:26.723685228Z,aggregation,scaled,348cd506525f,200,10.877793
2026-09-17T05:22:26.785096694Z,aggregation,scaled,660681595a5e,200,11.698947
2026-09-17T05:22:26.844557159Z,aggregation,scaled,348cd506525f,200,11.846265
2026-09-17T05:22:26.904080157Z,aggregation,scaled,660681595a5e,200,10.989878
2026-09-17T05:22:26.964712211Z,aggregation,scaled,a1cb37b7da6b,200,12.112105
2026-09-17T05:22:27.025358855Z,aggregation,scaled,660681595a5e,200,12.151837
2026-09-17T05:22:27.083784713Z,aggregation,scaled,a1cb37b7da6b,200,10.85934
2026-09-17T05:22:27.144876206Z,aggregation,scaled,348cd506525f,200,11.332742
2026-09-17T05:22:27.207368754Z,aggregation,scaled,a1cb37b7da6b,200,13.806156
2026-09-17T05:22:27.263846237Z,aggregation,scaled,348cd506525f,200,10.872547
2026-09-17T05:22:27.324015254Z,aggregation,scaled,660681595a5e,200,10.617794
2026-09-17T05:22:27.386356921Z,aggregation,scaled,348cd506525f,200,12.670921
2026-09-17T05:22:27.443554166Z,aggregation,scaled,660681595a5e,200,10.527209
2026-09-17T05:22:27.504253235Z,aggregation,scaled,a1cb37b7da6b,200,11.100937
2026-09-17T05:22:27.565245881Z,aggregation,scaled,660681595a5e,200,12.451725
2026-09-17T05:22:27.623441203Z,aggregation,scaled,a1cb37b7da6b,200,10.792772
2026-09-17T05:22:27.684074947Z,aggregation,scaled,348cd506525f,200,11.026222
2026-09-17T05:22:27.744706869Z,aggregation,scaled,a1cb37b7da6b,200,12.015468
2026-09-17T05:22:27.804171975Z,aggregation,scaled,348cd506525f,200,10.940374
2026-09-17T05:22:27.862457368Z,aggregation,scaled,660681595a5e,200,9.841598
2026-09-17T05:22:27.923108298Z,aggregation,scaled,348cd506525f,200,10.081499
2026-09-17T05:22:27.983876031Z,aggregation,scaled,660681595a5e,200,10.331516
2026-09-17T05:22:28.043409071Z,aggregation,scaled,a1cb37b7da6b,200,9.990233
2026-09-17T05:22:28.103434614Z,aggregation,scaled,660681595a5e,200,10.465665
2026-09-17T05:22:28.164021511Z,aggregation,scaled,a1cb37b7da6b,200,11.022907
2026-09-17T05:22:28.223074444Z,aggregation,scaled,348cd506525f,200,10.287433
2026-09-17T05:22:28.284005146Z,aggregation,scaled,a1cb37b7da6b,200,10.365187
2026-09-17T05:22:28.34463931Z,aggregation,scaled,348cd506525f,200,10.942366
2026-09-17T05:22:28.404787517Z,aggregation,scaled,660681595a5e,200,11.614246
2026-09-17T05:22:28.464018113Z,aggregation,scaled,348cd506525f,200,10.714962
2026-09-17T05:22:28.523718043Z,aggregation,scaled,660681595a5e,200,10.083067
2026-09-17T05:22:28.584339616Z,aggregation,scaled,a1cb37b7da6b,200,10.965868
2026-09-17T05:22:28.642945855Z,aggregation,scaled,660681595a5e,200,9.920909
2026-09-17T05:22:28.704690784Z,aggregation,scaled,a1cb37b7da6b,200,10.964438
2026-09-17T05:22:28.764533703Z,aggregation,scaled,348cd506525f,200,11.17761
2026-09-17T05:22:28.82512926Z,aggregation,scaled,a1cb37b7da6b,200,12.035775
2026-09-17T05:22:28.884062206Z,aggregation,scaled,348cd506525f,200,10.407302
2026-09-17T05:22:28.943978232Z,aggregation,scaled,660681595a5e,200,11.265788
2026-09-17T05:22:29.003267645Z,aggregation,scaled,348cd506525f,200,9.689191
2026-09-17T05:22:29.06240533Z,aggregation,scaled,660681595a5e,200,9.650201
2026-09-17T05:22:29.123255577Z,aggregation,scaled,a1cb37b7da6b,200,10.187252
2026-09-17T05:22:29.183752868Z,aggregation,scaled,660681595a5e,200,10.863456
2026-09-17T05:22:29.243212492Z,aggregation,scaled,a1cb37b7da6b,200,9.929362
2026-09-17T05:22:29.304141501Z,aggregation,scaled,348cd506525f,200,11.340713
2026-09-17T05:22:29.364009973Z,aggregation,scaled,a1cb37b7da6b,200,11.336973
2026-09-17T05:22:29.424407231Z,aggregation,scaled,348cd506525f,200,10.666238
2026-09-17T05:22:29.48272732Z,aggregation,scaled,660681595a5e,200,9.666539
2026-09-17T05:22:29.545205526Z,aggregation,scaled,348cd506525f,200,11.943122
2026-09-17T05:22:29.603036183Z,aggregation,scaled,660681595a5e,200,10.322525
2026-09-17T05:22:29.664159861Z,aggregation,scaled,a1cb37b7da6b,200,10.552231
2026-09-17T05:22:29.723626895Z,aggregation,scaled,660681595a5e,200,11.037041
2026-09-17T05:22:29.784037154Z,aggregation,scaled,a1cb37b7da6b,200,10.718752
2026-09-17T05:22:29.844461483Z,aggregation,scaled,348cd506525f,200,10.860501
2026-09-17T05:22:29.903718006Z,aggregation,scaled,a1cb37b7da6b,200,10.793415
2026-09-17T05:22:29.963450455Z,aggregation,scaled,348cd506525f,200,10.125019
2026-09-17T05:22:30.023096557Z,aggregation,scaled,660681595a5e,200,10.135053
2026-09-17T05:22:30.083277682Z,aggregation,scaled,348cd506525f,200,10.653557
2026-09-17T05:22:30.144260328Z,aggregation,scaled,660681595a5e,200,11.582358
2026-09-17T05:22:30.203648248Z,aggregation,scaled,a1cb37b7da6b,200,10.866491
2026-09-17T05:22:30.262891938Z,aggregation,scaled,660681595a5e,200,9.768388
2026-09-17T05:22:30.324058744Z,aggregation,scaled,a1cb37b7da6b,200,10.46453
2026-09-17T05:22:30.383625132Z,aggregation,scaled,348cd506525f,200,10.076878
2026-09-17T05:22:30.443858587Z,aggregation,scaled,a1cb37b7da6b,200,10.799215
2026-09-17T05:22:30.505859662Z,aggregation,scaled,348cd506525f,200,12.464907
2026-09-17T05:22:30.563784466Z,aggregation,scaled,660681595a5e,200,10.475085
2026-09-17T05:22:30.623621266Z,aggregation,scaled,348cd506525f,200,10.133882
2026-09-17T05:22:30.684193935Z,aggregation,scaled,660681595a5e,200,10.99555
2026-09-17T05:22:30.743794381Z,aggregation,scaled,a1cb37b7da6b,200,11.258318
2026-09-17T05:22:30.805408635Z,aggregation,scaled,660681595a5e,200,11.799389
2026-09-17T05:22:30.862716613Z,aggregation,scaled,a1cb37b7da6b,200,9.80066
2026-09-17T05:22:30.922979771Z,aggregation,scaled,348cd506525f,200,9.762218
2026-09-17T05:22:30.984760611Z,aggregation,scaled,a1cb37b7da6b,200,11.220185
2026-09-17T05:22:31.046353189Z,aggregation,scaled,348cd506525f,200,13.039591
2026-09-17T05:22:31.104419451Z,aggregation,scaled,660681595a5e,200,11.494252
2026-09-17T05:22:31.164323226Z,aggregation,scaled,348cd506525f,200,11.429039
2026-09-17T05:22:31.224934418Z,aggregation,scaled,660681595a5e,200,11.939468
2026-09-17T05:22:31.283445662Z,aggregation,scaled,a1cb37b7da6b,200,10.24129
2026-09-17T05:22:31.343054236Z,aggregation,scaled,660681595a5e,200,10.165753
2026-09-17T05:22:31.405991373Z,aggregation,scaled,a1cb37b7da6b,200,12.277936
2026-09-17T05:22:31.465059498Z,aggregation,scaled,348cd506525f,200,11.607247
2026-09-17T05:22:31.523903217Z,aggregation,scaled,a1cb37b7da6b,200,10.174015
2026-09-17T05:22:31.583896407Z,aggregation,scaled,348cd506525f,200,10.437181
2026-09-17T05:22:31.644714483Z,aggregation,scaled,660681595a5e,200,11.238086
2026-09-17T05:22:31.706828466Z,aggregation,scaled,348cd506525f,200,13.520667
2026-09-17T05:22:31.765000092Z,aggregation,scaled,660681595a5e,200,11.476698
2026-09-17T05:22:31.824193353Z,aggregation,scaled,a1cb37b7da6b,200,10.57163
2026-09-17T05:22:31.885796048Z,aggregation,scaled,660681595a5e,200,12.925762
2026-09-17T05:22:31.944060106Z,aggregation,scaled,a1cb37b7da6b,200,10.680022
2026-09-17T05:22:32.006115582Z,aggregation,scaled,348cd506525f,200,12.355399
2026-09-17T05:22:32.063720891Z,aggregation,scaled,a1cb37b7da6b,200,10.256604
2026-09-17T05:22:32.123012962Z,aggregation,scaled,348cd506525f,200,9.721435
2026-09-17T05:22:32.182987638Z,aggregation,scaled,660681595a5e,200,10.388884
2026-09-17T05:22:32.245494138Z,aggregation,scaled,348cd506525f,200,11.895374
2026-09-17T05:22:32.304047304Z,aggregation,scaled,660681595a5e,200,11.058728
2026-09-17T05:22:32.363541394Z,aggregation,scaled,a1cb37b7da6b,200,10.962103
2026-09-17T05:22:32.423841018Z,aggregation,scaled,660681595a5e,200,10.684944
2026-09-17T05:22:32.483165832Z,aggregation,scaled,a1cb37b7da6b,200,9.683932
2026-09-17T05:22:32.543717585Z,aggregation,scaled,348cd506525f,200,10.120815
2026-09-17T05:22:32.604899817Z,aggregation,scaled,a1cb37b7da6b,200,11.53714
2026-09-17T05:22:32.66324393Z,aggregation,scaled,348cd506525f,200,9.813414
2026-09-17T05:22:32.723034889Z,aggregation,scaled,660681595a5e,200,10.031571
2026-09-17T05:22:32.788940276Z,aggregation,scaled,348cd506525f,200,15.291242
2026-09-17T05:22:32.843764193Z,aggregation,scaled,660681595a5e,200,11.184806
2026-09-17T05:22:32.904165529Z,aggregation,scaled,a1cb37b7da6b,200,10.794835
2026-09-17T05:22:32.963870058Z,aggregation,scaled,660681595a5e,200,11.201237
2026-09-17T05:22:33.024410168Z,aggregation,scaled,a1cb37b7da6b,200,10.980004
2026-09-17T05:22:33.083249433Z,aggregation,scaled,348cd506525f,200,10.087993
2026-09-17T05:22:33.143611509Z,aggregation,scaled,a1cb37b7da6b,200,10.855523
2026-09-17T05:22:33.20512771Z,aggregation,scaled,348cd506525f,200,11.764103
2026-09-17T05:22:33.266348799Z,aggregation,scaled,660681595a5e,200,12.732299
2026-09-17T05:22:33.324672031Z,aggregation,scaled,348cd506525f,200,11.429979
2026-09-17T05:22:33.383901061Z,aggregation,scaled,660681595a5e,200,10.396244
2026-09-17T05:22:33.445459049Z,aggregation,scaled,a1cb37b7da6b,200,11.983749
2026-09-17T05:22:33.503106195Z,aggregation,scaled,660681595a5e,200,10.115565
2026-09-17T05:22:33.56319984Z,aggregation,scaled,a1cb37b7da6b,200,10.515626
2026-09-17T05:22:33.623185918Z,aggregation,scaled,348cd506525f,200,9.459252
2026-09-17T05:22:33.683954842Z,aggregation,scaled,a1cb37b7da6b,200,10.249094
2026-09-17T05:22:33.745480157Z,aggregation,scaled,348cd506525f,200,11.798729
2026-09-17T05:22:33.805272687Z,aggregation,scaled,660681595a5e,200,12.301861
2026-09-17T05:22:33.863821704Z,aggregation,scaled,348cd506525f,200,10.974832
2026-09-17T05:22:33.924095996Z,aggregation,scaled,660681595a5e,200,10.440898
2026-09-17T05:22:33.985206402Z,aggregation,scaled,a1cb37b7da6b,200,11.516568
2026-09-17T05:22:34.046422607Z,aggregation,scaled,660681595a5e,200,12.660625
2026-09-17T05:22:34.104275537Z,aggregation,scaled,a1cb37b7da6b,200,11.253834
2026-09-17T05:22:34.165264207Z,aggregation,scaled,348cd506525f,200,12.356314
2026-09-17T05:22:34.225740592Z,aggregation,scaled,a1cb37b7da6b,200,12.618543
2026-09-17T05:22:34.284901238Z,aggregation,scaled,348cd506525f,200,11.485656
2026-09-17T05:22:34.345878523Z,aggregation,scaled,660681595a5e,200,11.906404
2026-09-17T05:22:34.405448272Z,aggregation,scaled,348cd506525f,200,12.360245
2026-09-17T05:22:34.466682308Z,aggregation,scaled,660681595a5e,200,13.713249
2026-09-17T05:22:34.52561689Z,aggregation,scaled,a1cb37b7da6b,200,12.177538
2026-09-17T05:22:34.586054172Z,aggregation,scaled,660681595a5e,200,12.604141
2026-09-17T05:22:34.645182517Z,aggregation,scaled,a1cb37b7da6b,200,11.457164
2026-09-17T05:22:34.705757649Z,aggregation,scaled,348cd506525f,200,13.061032
2026-09-17T05:22:34.764376091Z,aggregation,scaled,a1cb37b7da6b,200,10.888356
2026-09-17T05:22:34.824780242Z,aggregation,scaled,348cd506525f,200,11.595045
2026-09-17T05:22:34.883707282Z,aggregation,scaled,660681595a5e,200,10.286427
2026-09-17T05:22:34.94542501Z,aggregation,scaled,348cd506525f,200,11.933206
2026-09-17T05:22:35.004858615Z,aggregation,scaled,660681595a5e,200,11.909934
2026-09-17T05:22:35.063060255Z,aggregation,scaled,a1cb37b7da6b,200,10.372643
2026-09-17T05:22:35.125098318Z,aggregation,scaled,660681595a5e,200,11.474375
2026-09-17T05:22:35.184293737Z,aggregation,scaled,a1cb37b7da6b,200,11.692881
2026-09-17T05:22:35.2438606Z,aggregation,scaled,348cd506525f,200,10.996354
2026-09-17T05:22:35.303709023Z,aggregation,scaled,a1cb37b7da6b,200,10.144857
2026-09-17T05:22:35.363570648Z,aggregation,scaled,348cd506525f,200,10.320178
2026-09-17T05:22:35.42593749Z,aggregation,scaled,660681595a5e,200,12.770484
2026-09-17T05:22:35.487001239Z,aggregation,scaled,348cd506525f,200,13.375648
2026-09-17T05:22:35.546939672Z,aggregation,scaled,660681595a5e,200,13.467364
2026-09-17T05:22:35.604967819Z,aggregation,scaled,a1cb37b7da6b,200,11.636552
2026-09-17T05:22:35.664442923Z,aggregation,scaled,660681595a5e,200,10.960921
2026-09-17T05:22:35.723161141Z,aggregation,scaled,a1cb37b7da6b,200,10.094105
2026-09-17T05:22:35.783554276Z,aggregation,scaled,348cd506525f,200,10.907895
2026-09-17T05:22:35.845413057Z,aggregation,scaled,a1cb37b7da6b,200,12.226845
2026-09-17T05:22:35.904203899Z,aggregation,scaled,348cd506525f,200,11.267361
2026-09-17T05:22:35.964550387Z,aggregation,scaled,660681595a5e,200,11.809468
2026-09-17T05:22:36.02410334Z,aggregation,scaled,348cd506525f,200,10.945811
2026-09-17T05:22:36.083860463Z,aggregation,scaled,660681595a5e,200,10.189946
2026-09-17T05:22:36.143950516Z,aggregation,scaled,a1cb37b7da6b,200,10.379184
2026-09-17T05:22:36.205046843Z,aggregation,scaled,660681595a5e,200,11.568241
2026-09-17T05:22:36.264961435Z,aggregation,scaled,a1cb37b7da6b,200,11.32018
2026-09-17T05:22:36.324349863Z,aggregation,scaled,348cd506525f,200,10.690354
2026-09-17T05:22:36.3832833Z,aggregation,scaled,a1cb37b7da6b,200,10.240908
2026-09-17T05:22:36.446968439Z,aggregation,scaled,348cd506525f,200,14.32542
2026-09-17T05:22:36.504230325Z,aggregation,scaled,660681595a5e,200,10.818541
2026-09-17T05:22:36.564666518Z,aggregation,scaled,348cd506525f,200,11.882022
2026-09-17T05:22:36.623803974Z,aggregation,scaled,660681595a5e,200,10.63009
2026-09-17T05:22:36.683691519Z,aggregation,scaled,a1cb37b7da6b,200,10.268195
2026-09-17T05:22:36.744818157Z,aggregation,scaled,660681595a5e,200,11.549611
2026-09-17T05:22:36.804973591Z,aggregation,scaled,a1cb37b7da6b,200,11.640991
2026-09-17T05:22:36.865450173Z,aggregation,scaled,348cd506525f,200,11.876548
2026-09-17T05:22:36.922939822Z,aggregation,scaled,a1cb37b7da6b,200,9.88927
2026-09-17T05:22:36.984254522Z,aggregation,scaled,348cd506525f,200,10.854614
2026-09-17T05:22:37.042856092Z,aggregation,scaled,660681595a5e,200,10.027398
2026-09-17T05:22:37.103735094Z,aggregation,scaled,348cd506525f,200,10.292436
2026-09-17T05:22:37.164107703Z,aggregation,scaled,660681595a5e,200,10.786089
2026-09-17T05:22:37.224427608Z,aggregation,scaled,a1cb37b7da6b,200,10.672054
2026-09-17T05:22:37.282912228Z,aggregation,scaled,660681595a5e,200,9.960846
2026-09-17T05:22:37.34334816Z,aggregation,scaled,a1cb37b7da6b,200,9.798434
2026-09-17T05:22:37.403849547Z,aggregation,scaled,348cd506525f,200,10.910288
2026-09-17T05:22:37.464389747Z,aggregation,scaled,a1cb37b7da6b,200,10.9438
2026-09-17T05:22:37.523863096Z,aggregation,scaled,348cd506525f,200,11.006505
2026-09-17T05:22:37.583299871Z,aggregation,scaled,660681595a5e,200,9.74799
2026-09-17T05:22:37.643752034Z,aggregation,scaled,348cd506525f,200,10.94317
2026-09-17T05:22:37.704202767Z,aggregation,scaled,660681595a5e,200,10.860815
2026-09-17T05:22:37.763750011Z,aggregation,scaled,a1cb37b7da6b,200,10.863154
2026-09-17T05:22:37.823498898Z,aggregation,scaled,660681595a5e,200,10.232694
2026-09-17T05:22:37.885285429Z,aggregation,scaled,a1cb37b7da6b,200,11.662643
2026-09-17T05:22:37.942975348Z,aggregation,scaled,348cd506525f,200,10.151066
2026-09-17T05:22:38.005190299Z,aggregation,scaled,a1cb37b7da6b,200,11.496077
2026-09-17T05:22:38.063169098Z,aggregation,scaled,348cd506525f,200,10.499929
2026-09-17T05:22:38.124542923Z,aggregation,scaled,660681595a5e,200,11.588985
2026-09-17T05:22:38.184452059Z,aggregation,scaled,348cd506525f,200,11.341787
2026-09-17T05:22:38.243314485Z,aggregation,scaled,660681595a5e,200,10.270104
2026-09-17T05:22:38.302497675Z,aggregation,scaled,a1cb37b7da6b,200,9.776741
2026-09-17T05:22:38.363771978Z,aggregation,scaled,660681595a5e,200,10.657776
2026-09-17T05:22:38.42487801Z,aggregation,scaled,a1cb37b7da6b,200,11.388252
2026-09-17T05:22:38.484223619Z,aggregation,scaled,348cd506525f,200,10.803531
2026-09-17T05:22:38.54239959Z,aggregation,scaled,a1cb37b7da6b,200,9.523845
2026-09-17T05:22:38.604457371Z,aggregation,scaled,348cd506525f,200,11.55498
2026-09-17T05:22:38.663607928Z,aggregation,scaled,660681595a5e,200,10.524412
2026-09-17T05:22:38.72342634Z,aggregation,scaled,348cd506525f,200,10.230704
2026-09-17T05:22:38.783277642Z,aggregation,scaled,660681595a5e,200,10.096214
2026-09-17T05:22:38.843632779Z,aggregation,scaled,a1cb37b7da6b,200,10.609687
2026-09-17T05:22:38.904575665Z,aggregation,scaled,660681595a5e,200,11.272375
2026-09-17T05:22:38.963521209Z,aggregation,scaled,a1cb37b7da6b,200,10.282417
2026-09-17T05:22:39.023293788Z,aggregation,scaled,348cd506525f,200,10.31011
2026-09-17T05:22:39.084189845Z,aggregation,scaled,a1cb37b7da6b,200,11.31232
2026-09-17T05:22:39.145015425Z,aggregation,scaled,348cd506525f,200,12.145297
2026-09-17T05:22:39.203651606Z,aggregation,scaled,660681595a5e,200,10.067606
2026-09-17T05:22:39.263117459Z,aggregation,scaled,348cd506525f,200,9.861498
2026-09-17T05:22:39.324070177Z,aggregation,scaled,660681595a5e,200,10.465619
2026-09-17T05:22:39.382612382Z,aggregation,scaled,a1cb37b7da6b,200,10.02804
2026-09-17T05:22:39.444396184Z,aggregation,scaled,660681595a5e,200,11.163054
2026-09-17T05:22:39.503398801Z,aggregation,scaled,a1cb37b7da6b,200,10.49622
2026-09-17T05:22:39.563892628Z,aggregation,scaled,348cd506525f,200,10.687022
2026-09-17T05:22:39.625297083Z,aggregation,scaled,a1cb37b7da6b,200,11.793717
2026-09-17T05:22:39.683162675Z,aggregation,scaled,348cd506525f,200,10.348871
2026-09-17T05:22:39.743434126Z,aggregation,scaled,660681595a5e,200,10.772368
2026-09-17T05:22:39.802533899Z,aggregation,scaled,348cd506525f,200,9.530845
2026-09-17T05:22:39.863651388Z,aggregation,scaled,660681595a5e,200,10.711984
2026-09-17T05:22:39.923718178Z,aggregation,scaled,a1cb37b7da6b,200,10.454367
2026-09-17T05:22:39.982782523Z,aggregation,scaled,660681595a5e,200,9.469162
2026-09-17T05:22:40.043811269Z,aggregation,scaled,a1cb37b7da6b,200,10.547213
2026-09-17T05:22:40.105951979Z,aggregation,scaled,348cd506525f,200,12.425248
2026-09-17T05:22:40.163981754Z,aggregation,scaled,a1cb37b7da6b,200,10.308959
2026-09-17T05:22:40.223876765Z,aggregation,scaled,348cd506525f,200,10.357622
2026-09-17T05:22:40.285591467Z,aggregation,scaled,660681595a5e,200,12.037685
2026-09-17T05:22:40.344722576Z,aggregation,scaled,348cd506525f,200,11.591474
2026-09-17T05:22:40.403258166Z,aggregation,scaled,660681595a5e,200,9.789394
2026-09-17T05:22:40.46320423Z,aggregation,scaled,a1cb37b7da6b,200,10.46992
2026-09-17T05:22:40.523407931Z,aggregation,scaled,660681595a5e,200,10.776181
2026-09-17T05:22:40.584395614Z,aggregation,scaled,a1cb37b7da6b,200,11.204749
2026-09-17T05:22:40.643291828Z,aggregation,scaled,348cd506525f,200,10.534584
2026-09-17T05:22:40.703353779Z,aggregation,scaled,a1cb37b7da6b,200,10.63481
2026-09-17T05:22:40.762930018Z,aggregation,scaled,348cd506525f,200,10.148549
2026-09-17T05:22:40.825520788Z,aggregation,scaled,660681595a5e,200,11.954859
2026-09-17T05:22:40.884954368Z,aggregation,scaled,348cd506525f,200,11.82646
2026-09-17T05:22:40.943426983Z,aggregation,scaled,660681595a5e,200,9.940214
2026-09-17T05:22:41.003540448Z,aggregation,scaled,a1cb37b7da6b,200,10.573737
2026-09-17T05:22:41.064149284Z,aggregation,scaled,660681595a5e,200,10.992814
2026-09-17T05:22:41.12338272Z,aggregation,scaled,a1cb37b7da6b,200,10.386633
2026-09-17T05:22:41.182835836Z,aggregation,scaled,348cd506525f,200,9.885725
2026-09-17T05:22:41.24451085Z,aggregation,scaled,a1cb37b7da6b,200,11.111922
2026-09-17T05:22:41.304814037Z,aggregation,scaled,348cd506525f,200,11.682859
2026-09-17T05:22:41.363606494Z,aggregation,scaled,660681595a5e,200,10.278886
2026-09-17T05:22:41.423843322Z,aggregation,scaled,348cd506525f,200,10.657176
2026-09-17T05:22:41.486271666Z,aggregation,scaled,660681595a5e,200,12.761561
2026-09-17T05:22:41.544545508Z,aggregation,scaled,a1cb37b7da6b,200,11.759079
2026-09-17T05:22:41.603457013Z,aggregation,scaled,660681595a5e,200,10.276305
2026-09-17T05:22:41.665925255Z,aggregation,scaled,a1cb37b7da6b,200,12.890089
2026-09-17T05:22:41.725649424Z,aggregation,scaled,348cd506525f,200,12.137762
2026-09-17T05:22:41.783486467Z,aggregation,scaled,a1cb37b7da6b,200,10.15754
2026-09-17T05:22:41.846340204Z,aggregation,scaled,348cd506525f,200,13.322256
2026-09-17T05:22:41.908655556Z,aggregation,scaled,660681595a5e,200,15.959196
2026-09-17T05:22:41.968248527Z,aggregation,scaled,348cd506525f,200,14.916953
2026-09-17T05:22:42.02610012Z,aggregation,scaled,660681595a5e,200,13.377145
2026-09-17T05:22:42.086295691Z,aggregation,scaled,a1cb37b7da6b,200,12.607269
2026-09-17T05:22:42.144597284Z,aggregation,scaled,660681595a5e,200,11.934748
2026-09-17T05:22:42.206056069Z,aggregation,scaled,a1cb37b7da6b,200,12.841899
2026-09-17T05:22:42.268038479Z,aggregation,scaled,348cd506525f,200,14.395753
2026-09-17T05:22:42.325605254Z,aggregation,scaled,a1cb37b7da6b,200,12.938635
2026-09-17T05:22:42.38678628Z,aggregation,scaled,348cd506525f,200,13.357903
2026-09-17T05:22:42.446363248Z,aggregation,scaled,660681595a5e,200,12.788384
2026-09-17T05:22:42.506207645Z,aggregation,scaled,348cd506525f,200,13.295949
2026-09-17T05:22:42.563690254Z,aggregation,scaled,660681595a5e,200,11.113513
2026-09-17T05:22:42.624954895Z,aggregation,scaled,a1cb37b7da6b,200,11.613994
2026-09-17T05:22:42.683533257Z,aggregation,scaled,660681595a5e,200,10.599158
2026-09-17T05:22:42.744609336Z,aggregation,scaled,a1cb37b7da6b,200,11.6983
2026-09-17T05:22:42.810819889Z,aggregation,scaled,348cd506525f,200,17.552008
2026-09-17T05:22:42.866219734Z,aggregation,scaled,a1cb37b7da6b,200,12.771366
2026-09-17T05:22:42.923836086Z,aggregation,scaled,348cd506525f,200,11.129702
2026-09-17T05:22:42.985225817Z,aggregation,scaled,660681595a5e,200,11.604344
2026-09-17T05:22:43.044552805Z,aggregation,scaled,348cd506525f,200,11.832694
2026-09-17T05:22:43.104804964Z,aggregation,scaled,660681595a5e,200,11.54126
2026-09-17T05:22:43.163927221Z,aggregation,scaled,a1cb37b7da6b,200,10.414024
2026-09-17T05:22:43.225586059Z,aggregation,scaled,660681595a5e,200,11.922125
2026-09-17T05:22:43.285114855Z,aggregation,scaled,a1cb37b7da6b,200,11.892825
2026-09-17T05:22:43.344615789Z,aggregation,scaled,348cd506525f,200,11.691031
2026-09-17T05:22:43.406017308Z,aggregation,scaled,a1cb37b7da6b,200,12.802136
2026-09-17T05:22:43.46500657Z,aggregation,scaled,348cd506525f,200,11.365789
2026-09-17T05:22:43.525424455Z,aggregation,scaled,660681595a5e,200,11.712872
2026-09-17T05:22:43.58614054Z,aggregation,scaled,348cd506525f,200,13.051922
2026-09-17T05:22:43.642360735Z,aggregation,scaled,660681595a5e,200,9.636924
2026-09-17T05:22:43.704966676Z,aggregation,scaled,a1cb37b7da6b,200,11.901786
2026-09-17T05:22:43.764965403Z,aggregation,scaled,660681595a5e,200,11.485698
2026-09-17T05:22:43.823828134Z,aggregation,scaled,a1cb37b7da6b,200,10.198547
2026-09-17T05:22:43.883336079Z,aggregation,scaled,348cd506525f,200,9.970247
2026-09-17T05:22:43.94353746Z,aggregation,scaled,a1cb37b7da6b,200,10.646596
2026-09-17T05:22:44.005048134Z,aggregation,scaled,348cd506525f,200,11.924033
2026-09-17T05:22:44.064205478Z,aggregation,scaled,660681595a5e,200,10.851625
2026-09-17T05:22:44.123058189Z,aggregation,scaled,348cd506525f,200,10.421987
2026-09-17T05:22:44.183746391Z,aggregation,scaled,660681595a5e,200,11.139604
2026-09-17T05:22:44.24347075Z,aggregation,scaled,a1cb37b7da6b,200,10.160839
2026-09-17T05:22:44.303641659Z,aggregation,scaled,660681595a5e,200,10.695913
2026-09-17T05:22:44.363466544Z,aggregation,scaled,a1cb37b7da6b,200,10.154218
2026-09-17T05:22:44.423261107Z,aggregation,scaled,348cd506525f,200,10.20788
2026-09-17T05:22:44.484057598Z,aggregation,scaled,a1cb37b7da6b,200,11.0889
2026-09-17T05:22:44.546294184Z,aggregation,scaled,348cd506525f,200,12.60239
2026-09-17T05:22:44.604189972Z,aggregation,scaled,660681595a5e,200,11.377554
2026-09-17T05:22:44.663567238Z,aggregation,scaled,348cd506525f,200,10.765138
2026-09-17T05:22:44.724331576Z,aggregation,scaled,660681595a5e,200,11.179381
2026-09-17T05:22:44.783286224Z,aggregation,scaled,a1cb37b7da6b,200,10.284796
2026-09-17T05:22:44.842838312Z,aggregation,scaled,660681595a5e,200,9.997368
2026-09-17T05:22:44.905086049Z,aggregation,scaled,a1cb37b7da6b,200,11.648659
2026-09-17T05:22:44.964830795Z,aggregation,scaled,348cd506525f,200,11.192534
2026-09-17T05:22:45.023534767Z,aggregation,scaled,a1cb37b7da6b,200,10.001269
2026-09-17T05:22:45.083549107Z,aggregation,scaled,348cd506525f,200,10.358852
2026-09-17T05:22:45.144102922Z,aggregation,scaled,660681595a5e,200,10.689989
2026-09-17T05:22:45.203345045Z,aggregation,scaled,348cd506525f,200,10.105176
2026-09-17T05:22:45.262616177Z,aggregation,scaled,660681595a5e,200,9.669707
2026-09-17T05:22:45.324376362Z,aggregation,scaled,a1cb37b7da6b,200,11.195584
2026-09-17T05:22:45.384073429Z,aggregation,scaled,660681595a5e,200,11.076811
2026-09-17T05:22:45.44442337Z,aggregation,scaled,a1cb37b7da6b,200,10.747078
2026-09-17T05:22:45.504733017Z,aggregation,scaled,348cd506525f,200,11.906846
2026-09-17T05:22:45.564277894Z,aggregation,scaled,a1cb37b7da6b,200,11.06003
2026-09-17T05:22:45.625853917Z,aggregation,scaled,348cd506525f,200,13.035356
2026-09-17T05:22:45.683971438Z,aggregation,scaled,660681595a5e,200,10.555996
2026-09-17T05:22:45.746057083Z,aggregation,scaled,348cd506525f,200,12.409337
2026-09-17T05:22:45.803422765Z,aggregation,scaled,660681595a5e,200,9.883769
2026-09-17T05:22:45.864030083Z,aggregation,scaled,a1cb37b7da6b,200,11.076629
2026-09-17T05:22:45.925058199Z,aggregation,scaled,660681595a5e,200,11.394372
2026-09-17T05:22:45.983426626Z,aggregation,scaled,a1cb37b7da6b,200,9.775832
2026-09-17T05:22:46.043497268Z,aggregation,scaled,348cd506525f,200,10.567895
2026-09-17T05:22:46.104679615Z,aggregation,scaled,a1cb37b7da6b,200,11.631685
2026-09-17T05:22:46.163385266Z,aggregation,scaled,348cd506525f,200,10.168078
2026-09-17T05:22:46.223291006Z,aggregation,scaled,660681595a5e,200,10.373871
2026-09-17T05:22:46.285486071Z,aggregation,scaled,348cd506525f,200,12.656275
2026-09-17T05:22:46.344891229Z,aggregation,scaled,660681595a5e,200,11.709403
2026-09-17T05:22:46.403899236Z,aggregation,scaled,a1cb37b7da6b,200,10.488657
2026-09-17T05:22:46.464304134Z,aggregation,scaled,660681595a5e,200,10.821833
2026-09-17T05:22:46.52593393Z,aggregation,scaled,a1cb37b7da6b,200,13.294148
2026-09-17T05:22:46.584984394Z,aggregation,scaled,348cd506525f,200,11.502188
2026-09-17T05:22:46.643448828Z,aggregation,scaled,a1cb37b7da6b,200,9.839457
2026-09-17T05:22:46.705287319Z,aggregation,scaled,348cd506525f,200,12.212036
2026-09-17T05:22:46.764804659Z,aggregation,scaled,660681595a5e,200,11.983606
2026-09-17T05:22:46.824446477Z,aggregation,scaled,348cd506525f,200,11.058039
2026-09-17T05:22:46.884112767Z,aggregation,scaled,660681595a5e,200,11.052464
2026-09-17T05:22:46.945231944Z,aggregation,scaled,a1cb37b7da6b,200,11.470847
2026-09-17T05:22:47.002620102Z,aggregation,scaled,660681595a5e,200,10.037406
2026-09-17T05:22:47.063095804Z,aggregation,scaled,a1cb37b7da6b,200,9.933464
2026-09-17T05:22:47.122971445Z,aggregation,scaled,348cd506525f,200,10.179081
2026-09-17T05:22:47.183784156Z,aggregation,scaled,a1cb37b7da6b,200,10.02435
2026-09-17T05:22:47.245171026Z,aggregation,scaled,348cd506525f,200,11.741915
2026-09-17T05:22:47.305251807Z,aggregation,scaled,660681595a5e,200,12.484513
2026-09-17T05:22:47.364009791Z,aggregation,scaled,348cd506525f,200,11.169235
2026-09-17T05:22:47.424050266Z,aggregation,scaled,660681595a5e,200,10.439752
2026-09-17T05:22:47.48438419Z,aggregation,scaled,a1cb37b7da6b,200,11.6968
2026-09-17T05:22:47.545290448Z,aggregation,scaled,660681595a5e,200,12.320662
2026-09-17T05:22:47.603372957Z,aggregation,scaled,a1cb37b7da6b,200,10.431826
2026-09-17T05:22:47.664692382Z,aggregation,scaled,348cd506525f,200,12.099427
2026-09-17T05:22:47.724509647Z,aggregation,scaled,a1cb37b7da6b,200,11.118202
2026-09-17T05:22:47.783485096Z,aggregation,scaled,348cd506525f,200,10.299587
2026-09-17T05:22:47.843756581Z,aggregation,scaled,660681595a5e,200,10.665293
2026-09-17T05:22:47.903587129Z,aggregation,scaled,348cd506525f,200,10.204117
2026-09-17T05:22:47.963761413Z,aggregation,scaled,660681595a5e,200,10.571811
2026-09-17T05:22:48.024633241Z,aggregation,scaled,a1cb37b7da6b,200,11.1508
2026-09-17T05:22:48.084845844Z,aggregation,scaled,660681595a5e,200,11.500768
2026-09-17T05:22:48.145491934Z,aggregation,scaled,a1cb37b7da6b,200,12.665471
2026-09-17T05:22:48.205999786Z,aggregation,scaled,348cd506525f,200,12.927494
2026-09-17T05:22:48.264388225Z,aggregation,scaled,a1cb37b7da6b,200,10.836749
2026-09-17T05:22:48.322794181Z,aggregation,scaled,348cd506525f,200,9.818942
2026-09-17T05:22:48.38365465Z,aggregation,scaled,660681595a5e,200,10.227588
2026-09-17T05:22:48.444202878Z,aggregation,scaled,348cd506525f,200,10.99808
2026-09-17T05:22:48.504621218Z,aggregation,scaled,660681595a5e,200,11.812274
2026-09-17T05:22:48.564891247Z,aggregation,scaled,a1cb37b7da6b,200,11.682496
2026-09-17T05:22:48.623708341Z,aggregation,scaled,660681595a5e,200,10.024856
2026-09-17T05:22:48.683403332Z,aggregation,scaled,a1cb37b7da6b,200,10.106661
2026-09-17T05:22:48.744616124Z,aggregation,scaled,348cd506525f,200,11.568168
2026-09-17T05:22:48.80377513Z,aggregation,scaled,a1cb37b7da6b,200,10.675989
2026-09-17T05:22:48.8619702Z,aggregation,scaled,348cd506525f,200,10.135633
2026-09-17T05:22:48.921793791Z,aggregation,scaled,660681595a5e,200,10.09811
2026-09-17T05:22:48.983192535Z,aggregation,scaled,348cd506525f,200,11.674835
2026-09-17T05:22:49.043211063Z,aggregation,scaled,660681595a5e,200,11.452433
2026-09-17T05:22:49.103095533Z,aggregation,scaled,a1cb37b7da6b,200,11.291158
2026-09-17T05:22:49.162553439Z,aggregation,scaled,660681595a5e,200,10.927834
2026-09-17T05:22:49.221037452Z,aggregation,scaled,a1cb37b7da6b,200,10.060158
2026-09-17T05:22:49.282089382Z,aggregation,scaled,348cd506525f,200,10.387745
2026-09-17T05:22:49.343051035Z,aggregation,scaled,a1cb37b7da6b,200,11.010781
2026-09-17T05:22:49.403473487Z,aggregation,scaled,348cd506525f,200,11.958624
2026-09-17T05:22:49.46279848Z,aggregation,scaled,660681595a5e,200,11.793558
2026-09-17T05:22:49.522275743Z,aggregation,scaled,348cd506525f,200,10.845584
2026-09-17T05:22:49.582440546Z,aggregation,scaled,660681595a5e,200,10.743603
2026-09-17T05:22:49.641800025Z,aggregation,scaled,a1cb37b7da6b,200,10.658728
2026-09-17T05:22:49.70280801Z,aggregation,scaled,660681595a5e,200,11.303047
2026-09-17T05:22:49.764773906Z,aggregation,scaled,a1cb37b7da6b,200,13.474065
2026-09-17T05:22:49.82374471Z,aggregation,scaled,348cd506525f,200,12.314968
2026-09-17T05:22:49.883902292Z,aggregation,scaled,a1cb37b7da6b,200,12.678612
2026-09-17T05:22:49.945127146Z,aggregation,scaled,348cd506525f,200,13.596597
2026-09-17T05:22:50.004471334Z,aggregation,scaled,660681595a5e,200,12.898426
2026-09-17T05:22:50.062180833Z,aggregation,scaled,348cd506525f,200,11.021912
2026-09-17T05:22:50.124395342Z,aggregation,scaled,660681595a5e,200,12.638559
2026-09-17T05:22:50.182794818Z,aggregation,scaled,a1cb37b7da6b,200,11.590808
2026-09-17T05:22:50.24369365Z,aggregation,scaled,660681595a5e,200,12.275349
2026-09-17T05:22:50.306319506Z,aggregation,scaled,a1cb37b7da6b,200,15.047068
2026-09-17T05:22:50.373345354Z,aggregation,scaled,348cd506525f,200,21.327754
2026-09-17T05:22:50.425883082Z,aggregation,scaled,a1cb37b7da6b,200,13.823912
2026-09-17T05:22:50.482536172Z,aggregation,scaled,348cd506525f,200,11.039773
2026-09-17T05:22:50.542249065Z,aggregation,scaled,660681595a5e,200,10.962807
2026-09-17T05:22:50.603489327Z,aggregation,scaled,348cd506525f,200,11.571569
2026-09-17T05:22:50.664182446Z,aggregation,scaled,660681595a5e,200,13.194726
2026-09-17T05:22:50.724319617Z,aggregation,scaled,a1cb37b7da6b,200,12.346959
2026-09-17T05:22:50.784248715Z,aggregation,scaled,660681595a5e,200,12.03985
2026-09-17T05:22:50.842933357Z,aggregation,scaled,a1cb37b7da6b,200,11.097667
2026-09-17T05:22:50.904918773Z,aggregation,scaled,348cd506525f,200,13.435802
2026-09-17T05:22:50.965706937Z,aggregation,scaled,a1cb37b7da6b,200,14.255087
2026-09-17T05:22:51.023222554Z,aggregation,scaled,348cd506525f,200,12.163688
2026-09-17T05:22:51.083295831Z,aggregation,scaled,660681595a5e,200,11.236376
2026-09-17T05:22:51.145246412Z,aggregation,scaled,348cd506525f,200,13.25435
2026-09-17T05:22:51.203247411Z,aggregation,scaled,660681595a5e,200,11.520795
2026-09-17T05:22:51.2632031Z,aggregation,scaled,a1cb37b7da6b,200,11.379113
2026-09-17T05:22:51.322482129Z,aggregation,scaled,660681595a5e,200,10.498981
2026-09-17T05:22:51.385144173Z,aggregation,scaled,a1cb37b7da6b,200,13.095778
2026-09-17T05:22:51.443306373Z,aggregation,scaled,348cd506525f,200,11.508373
2026-09-17T05:22:51.503687682Z,aggregation,scaled,a1cb37b7da6b,200,11.946618
2026-09-17T05:22:51.563215182Z,aggregation,scaled,348cd506525f,200,11.878058
2026-09-17T05:22:51.624478838Z,aggregation,scaled,660681595a5e,200,12.608577
2026-09-17T05:22:51.684198721Z,aggregation,scaled,348cd506525f,200,12.037699
2026-09-17T05:22:51.742267475Z,aggregation,scaled,660681595a5e,200,10.574927
2026-09-17T05:22:51.802443839Z,aggregation,scaled,a1cb37b7da6b,200,10.494217
2026-09-17T05:22:51.863618219Z,aggregation,scaled,660681595a5e,200,11.619521
2026-09-17T05:22:51.922794956Z,aggregation,scaled,a1cb37b7da6b,200,11.731228
2026-09-17T05:22:51.982430804Z,aggregation,scaled,348cd506525f,200,11.099397
2026-09-17T05:22:52.041288128Z,aggregation,scaled,a1cb37b7da6b,200,10.263952
2026-09-17T05:22:52.102824868Z,aggregation,scaled,348cd506525f,200,11.017827
2026-09-17T05:22:52.161713442Z,aggregation,scaled,660681595a5e,200,10.134273
2026-09-17T05:22:52.221563634Z,aggregation,scaled,348cd506525f,200,10.372059
2026-09-17T05:22:52.281603163Z,aggregation,scaled,660681595a5e,200,10.374464
2026-09-17T05:22:52.342637019Z,aggregation,scaled,a1cb37b7da6b,200,11.403956
2026-09-17T05:22:52.402086544Z,aggregation,scaled,660681595a5e,200,11.038401
2026-09-17T05:22:52.462455831Z,aggregation,scaled,a1cb37b7da6b,200,10.812316
2026-09-17T05:22:52.521377216Z,aggregation,scaled,348cd506525f,200,10.272515
2026-09-17T05:22:52.583821285Z,aggregation,scaled,a1cb37b7da6b,200,11.785801
2026-09-17T05:22:52.643478246Z,aggregation,scaled,348cd506525f,200,12.014527
2026-09-17T05:22:52.701385259Z,aggregation,scaled,660681595a5e,200,10.138443
2026-09-17T05:22:52.762795527Z,aggregation,scaled,348cd506525f,200,10.6873
2026-09-17T05:22:52.827440939Z,aggregation,scaled,660681595a5e,200,16.024455
2026-09-17T05:22:52.88152845Z,aggregation,scaled,a1cb37b7da6b,200,10.374549
2026-09-17T05:22:52.94251742Z,aggregation,scaled,660681595a5e,200,10.346671
2026-09-17T05:22:53.002962013Z,aggregation,scaled,a1cb37b7da6b,200,10.931586
2026-09-17T05:22:53.063308638Z,aggregation,scaled,348cd506525f,200,11.712647
2026-09-17T05:22:53.12286065Z,aggregation,scaled,a1cb37b7da6b,200,10.901474
2026-09-17T05:22:53.181800522Z,aggregation,scaled,348cd506525f,200,10.404801
2026-09-17T05:22:53.24213367Z,aggregation,scaled,660681595a5e,200,10.402866
2026-09-17T05:22:53.303792198Z,aggregation,scaled,348cd506525f,200,11.987046
2026-09-17T05:22:53.362998417Z,aggregation,scaled,660681595a5e,200,11.44663
2026-09-17T05:22:53.421269534Z,aggregation,scaled,a1cb37b7da6b,200,9.819953
2026-09-17T05:22:53.48223376Z,aggregation,scaled,660681595a5e,200,10.228889
2026-09-17T05:22:53.544507923Z,aggregation,scaled,a1cb37b7da6b,200,12.714513
2026-09-17T05:22:53.605429126Z,aggregation,scaled,348cd506525f,200,14.386704
2026-09-17T05:22:53.662489253Z,aggregation,scaled,a1cb37b7da6b,200,10.400879
2026-09-17T05:22:53.721948564Z,aggregation,scaled,348cd506525f,200,10.980643
2026-09-17T05:22:53.783399658Z,aggregation,scaled,660681595a5e,200,11.783072
2026-09-17T05:22:53.843350537Z,aggregation,scaled,348cd506525f,200,11.329792
2026-09-17T05:22:53.902711807Z,aggregation,scaled,660681595a5e,200,10.769255
2026-09-17T05:22:53.962178804Z,aggregation,scaled,a1cb37b7da6b,200,10.758879
2026-09-17T05:22:54.02229278Z,aggregation,scaled,660681595a5e,200,10.39253
2026-09-17T05:22:54.082856581Z,aggregation,scaled,a1cb37b7da6b,200,10.876413
2026-09-17T05:22:54.142000333Z,aggregation,scaled,348cd506525f,200,10.581088
2026-09-17T05:22:54.203518119Z,aggregation,scaled,a1cb37b7da6b,200,11.928552
2026-09-17T05:22:54.26137154Z,aggregation,scaled,348cd506525f,200,10.171196
2026-09-17T05:22:54.323515534Z,aggregation,scaled,660681595a5e,200,11.43719
2026-09-17T05:22:54.383803165Z,aggregation,scaled,348cd506525f,200,11.761561
2026-09-17T05:22:54.442167059Z,aggregation,scaled,660681595a5e,200,10.863691
2026-09-17T05:22:54.50233524Z,aggregation,scaled,a1cb37b7da6b,200,10.61739
2026-09-17T05:22:54.563236292Z,aggregation,scaled,660681595a5e,200,11.329983
2026-09-17T05:22:54.622505756Z,aggregation,scaled,a1cb37b7da6b,200,10.587003
2026-09-17T05:22:54.681009954Z,aggregation,scaled,348cd506525f,200,9.797434
2026-09-17T05:22:54.742840752Z,aggregation,scaled,a1cb37b7da6b,200,11.384284
2026-09-17T05:22:54.802684484Z,aggregation,scaled,348cd506525f,200,11.223364
2026-09-17T05:22:54.861246096Z,aggregation,scaled,660681595a5e,200,9.996099
2026-09-17T05:22:54.922380448Z,aggregation,scaled,348cd506525f,200,10.54124
2026-09-17T05:22:54.982683935Z,aggregation,scaled,660681595a5e,200,10.731822
2026-09-17T05:22:55.04133635Z,aggregation,scaled,a1cb37b7da6b,200,10.038121
2026-09-17T05:22:55.102271315Z,aggregation,scaled,660681595a5e,200,10.488096
2026-09-17T05:22:55.162917532Z,aggregation,scaled,a1cb37b7da6b,200,10.99102
2026-09-17T05:22:55.222006193Z,aggregation,scaled,348cd506525f,200,10.523429
2026-09-17T05:22:55.281872457Z,aggregation,scaled,a1cb37b7da6b,200,10.289873
2026-09-17T05:22:55.343116081Z,aggregation,scaled,348cd506525f,200,11.614871
2026-09-17T05:22:55.402468618Z,aggregation,scaled,660681595a5e,200,10.868111
2026-09-17T05:22:55.461589874Z,aggregation,scaled,348cd506525f,200,10.421822
2026-09-17T05:22:55.526204562Z,aggregation,scaled,660681595a5e,200,14.871217
2026-09-17T05:22:55.583653119Z,aggregation,scaled,a1cb37b7da6b,200,11.886438
2026-09-17T05:22:55.642988732Z,aggregation,scaled,660681595a5e,200,11.962154
2026-09-17T05:22:55.702460239Z,aggregation,scaled,a1cb37b7da6b,200,10.804777
2026-09-17T05:22:55.762769246Z,aggregation,scaled,348cd506525f,200,10.797112
2026-09-17T05:22:55.822332034Z,aggregation,scaled,a1cb37b7da6b,200,11.130707
2026-09-17T05:22:55.883491848Z,aggregation,scaled,348cd506525f,200,11.519248
2026-09-17T05:22:55.943738526Z,aggregation,scaled,660681595a5e,200,11.644759
2026-09-17T05:22:56.003346756Z,aggregation,scaled,348cd506525f,200,11.95066
2026-09-17T05:22:56.062031934Z,aggregation,scaled,660681595a5e,200,10.211792
2026-09-17T05:22:56.122289954Z,aggregation,scaled,a1cb37b7da6b,200,10.53135
2026-09-17T05:22:56.181677358Z,aggregation,scaled,660681595a5e,200,9.721443
2026-09-17T05:22:56.241496057Z,aggregation,scaled,a1cb37b7da6b,200,10.326869
2026-09-17T05:22:56.302548801Z,aggregation,scaled,348cd506525f,200,11.539847
2026-09-17T05:22:56.362662707Z,aggregation,scaled,a1cb37b7da6b,200,10.633587
2026-09-17T05:22:56.422893393Z,aggregation,scaled,348cd506525f,200,11.452726
2026-09-17T05:22:56.483113815Z,aggregation,scaled,660681595a5e,200,11.51767
2026-09-17T05:22:56.544007203Z,aggregation,scaled,348cd506525f,200,12.064367
2026-09-17T05:22:56.603581051Z,aggregation,scaled,660681595a5e,200,11.986262
2026-09-17T05:22:56.662470283Z,aggregation,scaled,a1cb37b7da6b,200,11.368692
2026-09-17T05:22:56.72309672Z,aggregation,scaled,660681595a5e,200,12.043056
2026-09-17T05:22:56.782764225Z,aggregation,scaled,a1cb37b7da6b,200,11.810761
2026-09-17T05:22:56.843385034Z,aggregation,scaled,348cd506525f,200,12.040606
2026-09-17T05:22:56.904316334Z,aggregation,scaled,a1cb37b7da6b,200,12.369858
2026-09-17T05:22:56.96370139Z,aggregation,scaled,348cd506525f,200,11.735415
2026-09-17T05:22:57.023079019Z,aggregation,scaled,660681595a5e,200,11.571704
2026-09-17T05:22:57.087371032Z,aggregation,scaled,348cd506525f,200,15.557384
2026-09-17T05:22:57.145880728Z,aggregation,scaled,660681595a5e,200,13.904344
2026-09-17T05:22:57.20387211Z,aggregation,scaled,a1cb37b7da6b,200,12.595945
2026-09-17T05:22:57.263113973Z,aggregation,scaled,660681595a5e,200,11.648069
2026-09-17T05:22:57.324110488Z,aggregation,scaled,a1cb37b7da6b,200,12.165054
2026-09-17T05:22:57.382012833Z,aggregation,scaled,348cd506525f,200,10.066892
2026-09-17T05:22:57.445715691Z,aggregation,scaled,a1cb37b7da6b,200,14.280938
2026-09-17T05:22:57.503379064Z,aggregation,scaled,348cd506525f,200,12.221583
2026-09-17T05:22:57.563385797Z,aggregation,scaled,660681595a5e,200,11.133965
2026-09-17T05:22:57.624538178Z,aggregation,scaled,348cd506525f,200,12.495163
2026-09-17T05:22:57.683987242Z,aggregation,scaled,660681595a5e,200,12.933468
2026-09-17T05:22:57.742469735Z,aggregation,scaled,a1cb37b7da6b,200,10.863677
2026-09-17T05:22:57.802757651Z,aggregation,scaled,660681595a5e,200,10.653102
2026-09-17T05:22:57.862729371Z,aggregation,scaled,a1cb37b7da6b,200,11.429719
2026-09-17T05:22:57.921838152Z,aggregation,scaled,348cd506525f,200,10.599548
2026-09-17T05:22:57.98338654Z,aggregation,scaled,a1cb37b7da6b,200,11.906023
2026-09-17T05:22:58.044899584Z,aggregation,scaled,348cd506525f,200,12.888983
2026-09-17T05:22:58.104437809Z,aggregation,scaled,660681595a5e,200,12.895454
2026-09-17T05:22:58.162562529Z,aggregation,scaled,348cd506525f,200,11.284234
2026-09-17T05:22:58.221990568Z,aggregation,scaled,660681595a5e,200,10.680685
2026-09-17T05:22:58.283344385Z,aggregation,scaled,a1cb37b7da6b,200,11.611111
2026-09-17T05:22:58.342908762Z,aggregation,scaled,660681595a5e,200,10.77904
2026-09-17T05:22:58.403338082Z,aggregation,scaled,a1cb37b7da6b,200,11.635678
2026-09-17T05:22:58.464283751Z,aggregation,scaled,348cd506525f,200,12.373919
2026-09-17T05:22:58.52253429Z,aggregation,scaled,a1cb37b7da6b,200,10.63445
2026-09-17T05:22:58.581789946Z,aggregation,scaled,348cd506525f,200,10.678104
2026-09-17T05:22:58.645019377Z,aggregation,scaled,660681595a5e,200,13.543507
2026-09-17T05:22:58.702299645Z,aggregation,scaled,348cd506525f,200,10.653552
2026-09-17T05:22:58.763178702Z,aggregation,scaled,660681595a5e,200,11.378943
2026-09-17T05:22:58.823914007Z,aggregation,scaled,a1cb37b7da6b,200,12.078658
2026-09-17T05:22:58.88267648Z,aggregation,scaled,660681595a5e,200,11.256872
2026-09-17T05:22:58.942300731Z,aggregation,scaled,a1cb37b7da6b,200,11.089141
2026-09-17T05:22:59.003241342Z,aggregation,scaled,348cd506525f,200,11.474307
2026-09-17T05:22:59.062833526Z,aggregation,scaled,a1cb37b7da6b,200,11.018862
2026-09-17T05:22:59.122285311Z,aggregation,scaled,348cd506525f,200,10.879417
2026-09-17T05:22:59.182122837Z,aggregation,scaled,660681595a5e,200,10.238484
2026-09-17T05:22:59.242710273Z,aggregation,scaled,348cd506525f,200,11.06246
2026-09-17T05:22:59.301432804Z,aggregation,scaled,660681595a5e,200,10.372135
2026-09-17T05:22:59.364112171Z,aggregation,scaled,a1cb37b7da6b,200,12.071888
2026-09-17T05:22:59.42340678Z,aggregation,scaled,660681595a5e,200,11.827681
2026-09-17T05:22:59.482015093Z,aggregation,scaled,a1cb37b7da6b,200,10.02805
2026-09-17T05:22:59.542177542Z,aggregation,scaled,348cd506525f,200,10.533854
2026-09-17T05:22:59.603453634Z,aggregation,scaled,a1cb37b7da6b,200,11.708294
2026-09-17T05:22:59.662294963Z,aggregation,scaled,348cd506525f,200,10.364912
2026-09-17T05:22:59.721491015Z,aggregation,scaled,660681595a5e,200,9.571839
2026-09-17T05:22:59.78301236Z,aggregation,scaled,348cd506525f,200,11.975098
2026-09-17T05:22:59.843392828Z,aggregation,scaled,660681595a5e,200,11.878966
2026-09-17T05:22:59.903663587Z,aggregation,scaled,a1cb37b7da6b,200,11.557008
2026-09-17T05:22:59.961848466Z,aggregation,scaled,660681595a5e,200,10.754619
2026-09-17T05:23:00.023602382Z,aggregation,scaled,a1cb37b7da6b,200,12.059467
2026-09-17T05:23:00.081890502Z,aggregation,scaled,348cd506525f,200,10.601158
2026-09-17T05:23:00.142122485Z,aggregation,scaled,a1cb37b7da6b,200,10.63149
2026-09-17T05:23:00.204245988Z,aggregation,scaled,348cd506525f,200,12.493316
2026-09-17T05:23:00.262731751Z,aggregation,scaled,660681595a5e,200,10.957123
2026-09-17T05:23:00.321337103Z,aggregation,scaled,348cd506525f,200,10.093466
2026-09-17T05:23:00.382770457Z,aggregation,scaled,660681595a5e,200,10.920731
2026-09-17T05:23:00.442405763Z,aggregation,scaled,a1cb37b7da6b,200,11.048433
2026-09-17T05:23:00.501914832Z,aggregation,scaled,660681595a5e,200,9.776252
2026-09-17T05:23:00.561905328Z,aggregation,scaled,a1cb37b7da6b,200,10.381938
2026-09-17T05:23:00.621865713Z,aggregation,scaled,348cd506525f,200,10.220493
2026-09-17T05:23:00.68231458Z,aggregation,scaled,a1cb37b7da6b,200,10.853255
2026-09-17T05:23:00.743958539Z,aggregation,scaled,348cd506525f,200,12.126171
2026-09-17T05:23:00.803356401Z,aggregation,scaled,660681595a5e,200,11.775643
2026-09-17T05:23:00.862680096Z,aggregation,scaled,348cd506525f,200,10.867918
2026-09-17T05:23:00.922552714Z,aggregation,scaled,660681595a5e,200,11.35412
2026-09-17T05:23:00.983055429Z,aggregation,scaled,a1cb37b7da6b,200,12.027739
2026-09-17T05:23:01.044751245Z,aggregation,scaled,660681595a5e,200,13.173742
2026-09-17T05:23:01.102016017Z,aggregation,scaled,a1cb37b7da6b,200,10.78108
2026-09-17T05:23:01.162411491Z,aggregation,scaled,348cd506525f,200,10.862935
2026-09-17T05:23:01.223013799Z,aggregation,scaled,a1cb37b7da6b,200,11.093972
2026-09-17T05:23:01.282123086Z,aggregation,scaled,348cd506525f,200,10.421266
2026-09-17T05:23:01.343602882Z,aggregation,scaled,660681595a5e,200,11.824516
2026-09-17T05:23:01.401138012Z,aggregation,scaled,348cd506525f,200,9.989789
2026-09-17T05:23:01.462540462Z,aggregation,scaled,660681595a5e,200,10.854515
2026-09-17T05:23:01.52121845Z,aggregation,scaled,a1cb37b7da6b,200,10.287028
2026-09-17T05:23:01.584486734Z,aggregation,scaled,660681595a5e,200,12.446339
2026-09-17T05:23:01.643907686Z,aggregation,scaled,a1cb37b7da6b,200,11.833071
2026-09-17T05:23:01.70445289Z,aggregation,scaled,348cd506525f,200,12.930586
2026-09-17T05:23:01.761657187Z,aggregation,scaled,a1cb37b7da6b,200,10.666083
2026-09-17T05:23:01.8214378Z,aggregation,scaled,348cd506525f,200,10.32154
2026-09-17T05:23:01.883500637Z,aggregation,scaled,660681595a5e,200,11.428387
2026-09-17T05:23:01.94318688Z,aggregation,scaled,348cd506525f,200,11.136414
2026-09-17T05:23:02.003509408Z,aggregation,scaled,660681595a5e,200,11.458596
2026-09-17T05:23:02.061987562Z,aggregation,scaled,a1cb37b7da6b,200,11.045829
2026-09-17T05:23:02.121751893Z,aggregation,scaled,660681595a5e,200,10.015249
2026-09-17T05:23:02.182319488Z,aggregation,scaled,a1cb37b7da6b,200,10.899228
2026-09-17T05:23:02.24268369Z,aggregation,scaled,348cd506525f,200,10.733597
2026-09-17T05:23:02.30184383Z,aggregation,scaled,a1cb37b7da6b,200,10.828213
2026-09-17T05:23:02.361606796Z,aggregation,scaled,348cd506525f,200,10.145933
2026-09-17T05:23:02.422566333Z,aggregation,scaled,660681595a5e,200,10.796644
2026-09-17T05:23:02.482473682Z,aggregation,scaled,348cd506525f,200,11.21837
2026-09-17T05:23:02.542765799Z,aggregation,scaled,660681595a5e,200,10.505547
2026-09-17T05:23:02.60297708Z,aggregation,scaled,a1cb37b7da6b,200,11.80198
2026-09-17T05:23:02.662788167Z,aggregation,scaled,660681595a5e,200,11.22003
2026-09-17T05:23:02.723124604Z,aggregation,scaled,a1cb37b7da6b,200,11.501189
2026-09-17T05:23:02.783048396Z,aggregation,scaled,348cd506525f,200,11.074175
2026-09-17T05:23:02.847873335Z,aggregation,scaled,a1cb37b7da6b,200,16.216743
2026-09-17T05:23:02.902712598Z,aggregation,scaled,348cd506525f,200,11.601536
2026-09-17T05:23:02.962189999Z,aggregation,scaled,660681595a5e,200,11.03927
2026-09-17T05:23:03.021525909Z,aggregation,scaled,348cd506525f,200,10.302208
2026-09-17T05:23:03.081064611Z,aggregation,scaled,660681595a5e,200,10.029999
2026-09-17T05:23:03.141698919Z,aggregation,scaled,a1cb37b7da6b,200,9.906131
2026-09-17T05:23:03.202696802Z,aggregation,scaled,660681595a5e,200,11.51481
2026-09-17T05:23:03.263600098Z,aggregation,scaled,a1cb37b7da6b,200,12.210757
2026-09-17T05:23:03.32189804Z,aggregation,scaled,348cd506525f,200,10.671463
2026-09-17T05:23:03.382405122Z,aggregation,scaled,a1cb37b7da6b,200,10.955782
2026-09-17T05:23:03.443250096Z,aggregation,scaled,348cd506525f,200,11.065171
2026-09-17T05:23:03.501717258Z,aggregation,scaled,660681595a5e,200,9.958185
2026-09-17T05:23:03.562258621Z,aggregation,scaled,348cd506525f,200,11.250973
2026-09-17T05:23:03.621775555Z,aggregation,scaled,660681595a5e,200,9.974926
2026-09-17T05:23:03.68305105Z,aggregation,scaled,a1cb37b7da6b,200,11.611257
2026-09-17T05:23:03.743004296Z,aggregation,scaled,660681595a5e,200,11.302796
2026-09-17T05:23:03.802768705Z,aggregation,scaled,a1cb37b7da6b,200,11.165336
2026-09-17T05:23:03.862762792Z,aggregation,scaled,348cd506525f,200,11.467987
2026-09-17T05:23:03.922006781Z,aggregation,scaled,a1cb37b7da6b,200,10.621369
2026-09-17T05:23:03.981589934Z,aggregation,scaled,348cd506525f,200,10.026936
2026-09-17T05:23:04.04129475Z,aggregation,scaled,660681595a5e,200,10.27756
2026-09-17T05:23:04.102102553Z,aggregation,scaled,348cd506525f,200,10.229427
2026-09-17T05:23:04.162944509Z,aggregation,scaled,660681595a5e,200,11.250459
2026-09-17T05:23:04.222896133Z,aggregation,scaled,a1cb37b7da6b,200,11.265473
2026-09-17T05:23:04.281081875Z,aggregation,scaled,660681595a5e,200,9.541441
2026-09-17T05:23:04.342188779Z,aggregation,scaled,a1cb37b7da6b,200,10.528529
2026-09-17T05:23:04.403286483Z,aggregation,scaled,348cd506525f,200,11.432222
2026-09-17T05:23:04.463274768Z,aggregation,scaled,a1cb37b7da6b,200,11.341946
2026-09-17T05:23:04.52190796Z,aggregation,scaled,348cd506525f,200,10.073317
2026-09-17T05:23:04.581192387Z,aggregation,scaled,660681595a5e,200,9.538771
2026-09-17T05:23:04.642300092Z,aggregation,scaled,348cd506525f,200,10.572813
2026-09-17T05:23:04.703624682Z,aggregation,scaled,660681595a5e,200,11.70132
2026-09-17T05:23:04.761922902Z,aggregation,scaled,a1cb37b7da6b,200,10.800609
2026-09-17T05:23:04.82421293Z,aggregation,scaled,660681595a5e,200,12.630057
2026-09-17T05:23:04.885496294Z,aggregation,scaled,a1cb37b7da6b,200,13.682018
2026-09-17T05:23:04.942272639Z,aggregation,scaled,348cd506525f,200,11.042594
2026-09-17T05:23:05.002595947Z,aggregation,scaled,a1cb37b7da6b,200,10.779457
2026-09-17T05:23:05.062195427Z,aggregation,scaled,348cd506525f,200,10.991911
2026-09-17T05:23:05.123057433Z,aggregation,scaled,660681595a5e,200,11.345186
2026-09-17T05:23:05.186730634Z,aggregation,scaled,348cd506525f,200,14.842638
2026-09-17T05:23:05.245628386Z,aggregation,scaled,660681595a5e,200,14.552189
2026-09-17T05:23:05.302219176Z,aggregation,scaled,a1cb37b7da6b,200,11.225317
2026-09-17T05:23:05.365824293Z,aggregation,scaled,660681595a5e,200,13.954157
2026-09-17T05:23:05.423496988Z,aggregation,scaled,a1cb37b7da6b,200,12.014042
2026-09-17T05:23:05.484960257Z,aggregation,scaled,348cd506525f,200,13.884942
2026-09-17T05:23:05.543134316Z,aggregation,scaled,a1cb37b7da6b,200,11.344666
2026-09-17T05:23:05.603493069Z,aggregation,scaled,348cd506525f,200,11.778946
2026-09-17T05:23:05.664459013Z,aggregation,scaled,660681595a5e,200,12.422422
2026-09-17T05:23:05.723516934Z,aggregation,scaled,348cd506525f,200,12.430081
2026-09-17T05:23:05.785826391Z,aggregation,scaled,660681595a5e,200,14.626583
2026-09-17T05:23:05.844431421Z,aggregation,scaled,a1cb37b7da6b,200,13.024253
2026-09-17T05:23:05.904514224Z,aggregation,scaled,660681595a5e,200,12.462583
2026-09-17T05:23:05.962037067Z,aggregation,scaled,a1cb37b7da6b,200,11.023224
2026-09-17T05:23:06.022767805Z,aggregation,scaled,348cd506525f,200,11.097769
2026-09-17T05:23:06.084148927Z,aggregation,scaled,a1cb37b7da6b,200,12.753353
2026-09-17T05:23:06.144355004Z,aggregation,scaled,348cd506525f,200,12.506501
2026-09-17T05:23:06.20252926Z,aggregation,scaled,660681595a5e,200,10.634936
2026-09-17T05:23:06.261876062Z,aggregation,scaled,348cd506525f,200,10.733224
2026-09-17T05:23:06.323551906Z,aggregation,scaled,660681595a5e,200,11.941977
2026-09-17T05:23:06.383282949Z,aggregation,scaled,a1cb37b7da6b,200,12.134246
2026-09-17T05:23:06.442408171Z,aggregation,scaled,660681595a5e,200,10.440934
2026-09-17T05:23:06.504350861Z,aggregation,scaled,a1cb37b7da6b,200,12.366687
2026-09-17T05:23:06.564139854Z,aggregation,scaled,348cd506525f,200,12.210926
2026-09-17T05:23:06.6231121Z,aggregation,scaled,a1cb37b7da6b,200,11.291694
2026-09-17T05:23:06.683829592Z,aggregation,scaled,348cd506525f,200,11.972594
2026-09-17T05:23:06.742434318Z,aggregation,scaled,660681595a5e,200,11.001772
2026-09-17T05:23:06.801692713Z,aggregation,scaled,348cd506525f,200,9.733364
2026-09-17T05:23:06.862815498Z,aggregation,scaled,660681595a5e,200,11.526058
2026-09-17T05:23:06.924257234Z,aggregation,scaled,a1cb37b7da6b,200,12.803507
2026-09-17T05:23:06.983671671Z,aggregation,scaled,660681595a5e,200,11.759825
2026-09-17T05:23:07.042800578Z,aggregation,scaled,a1cb37b7da6b,200,11.521269
2026-09-17T05:23:07.103343708Z,aggregation,scaled,348cd506525f,200,11.873339
2026-09-17T05:23:07.16234165Z,aggregation,scaled,a1cb37b7da6b,200,10.453474
2026-09-17T05:23:07.222058808Z,aggregation,scaled,348cd506525f,200,10.063397
2026-09-17T05:23:07.282886529Z,aggregation,scaled,660681595a5e,200,10.925756
2026-09-17T05:23:07.342346483Z,aggregation,scaled,348cd506525f,200,11.26346
2026-09-17T05:23:07.401832745Z,aggregation,scaled,660681595a5e,200,9.878675
2026-09-17T05:23:07.463517633Z,aggregation,scaled,a1cb37b7da6b,200,12.017477
2026-09-17T05:23:07.52098714Z,aggregation,scaled,660681595a5e,200,9.906127
2026-09-17T05:23:07.581900259Z,aggregation,scaled,a1cb37b7da6b,200,10.230228
2026-09-17T05:23:07.642291562Z,aggregation,scaled,348cd506525f,200,10.796238
2026-09-17T05:23:07.703485572Z,aggregation,scaled,a1cb37b7da6b,200,11.448803
2026-09-17T05:23:07.760595098Z,aggregation,scaled,348cd506525f,200,9.564973
2026-09-17T05:23:07.824842188Z,aggregation,scaled,660681595a5e,200,13.496378
2026-09-17T05:23:07.882759191Z,aggregation,scaled,348cd506525f,200,11.205108
2026-09-17T05:23:07.942464987Z,aggregation,scaled,660681595a5e,200,11.092689
2026-09-17T05:23:08.003104229Z,aggregation,scaled,a1cb37b7da6b,200,11.083447
2026-09-17T05:23:08.062926203Z,aggregation,scaled,660681595a5e,200,11.194051
2026-09-17T05:23:08.122720065Z,aggregation,scaled,a1cb37b7da6b,200,11.033164
2026-09-17T05:23:08.181336246Z,aggregation,scaled,348cd506525f,200,10.172255
2026-09-17T05:23:08.243121647Z,aggregation,scaled,a1cb37b7da6b,200,11.079108
2026-09-17T05:23:08.303126765Z,aggregation,scaled,348cd506525f,200,11.39221
2026-09-17T05:23:08.362601601Z,aggregation,scaled,660681595a5e,200,10.908752
2026-09-17T05:23:08.421492275Z,aggregation,scaled,348cd506525f,200,10.39888
2026-09-17T05:23:08.481876907Z,aggregation,scaled,660681595a5e,200,10.798698
2026-09-17T05:23:08.541354116Z,aggregation,scaled,a1cb37b7da6b,200,10.009653
2026-09-17T05:23:08.601867889Z,aggregation,scaled,660681595a5e,200,10.806589
2026-09-17T05:23:08.662445961Z,aggregation,scaled,a1cb37b7da6b,200,10.964064
2026-09-17T05:23:08.72225224Z,aggregation,scaled,348cd506525f,200,10.181937
2026-09-17T05:23:08.782149864Z,aggregation,scaled,a1cb37b7da6b,200,10.436869
2026-09-17T05:23:08.843679631Z,aggregation,scaled,348cd506525f,200,11.899865
2026-09-17T05:23:08.901456503Z,aggregation,scaled,660681595a5e,200,10.211237
2026-09-17T05:23:08.962827566Z,aggregation,scaled,348cd506525f,200,10.850151
2026-09-17T05:23:09.023412773Z,aggregation,scaled,660681595a5e,200,11.879663
2026-09-17T05:23:09.082930938Z,aggregation,scaled,a1cb37b7da6b,200,10.929767
2026-09-17T05:23:09.14227642Z,aggregation,scaled,660681595a5e,200,10.726264
2026-09-17T05:23:09.202916601Z,aggregation,scaled,a1cb37b7da6b,200,11.121291
2026-09-17T05:23:09.262206904Z,aggregation,scaled,348cd506525f,200,10.61746
2026-09-17T05:23:09.324277765Z,aggregation,scaled,a1cb37b7da6b,200,12.489174
2026-09-17T05:23:09.382643819Z,aggregation,scaled,348cd506525f,200,10.863057
2026-09-17T05:23:09.442238131Z,aggregation,scaled,660681595a5e,200,11.064314
2026-09-17T05:23:09.502128511Z,aggregation,scaled,348cd506525f,200,10.341987
2026-09-17T05:23:09.563088664Z,aggregation,scaled,660681595a5e,200,11.302303
2026-09-17T05:23:09.622357662Z,aggregation,scaled,a1cb37b7da6b,200,10.591224
2026-09-17T05:23:09.681775178Z,aggregation,scaled,660681595a5e,200,9.822859
2026-09-17T05:23:09.741732668Z,aggregation,scaled,a1cb37b7da6b,200,10.384874
2026-09-17T05:23:09.802988529Z,aggregation,scaled,348cd506525f,200,11.625927
2026-09-17T05:23:09.864221662Z,aggregation,scaled,a1cb37b7da6b,200,12.482955
2026-09-17T05:23:09.92220571Z,aggregation,scaled,348cd506525f,200,10.291173
2026-09-17T05:23:09.983159192Z,aggregation,scaled,660681595a5e,200,11.236418
2026-09-17T05:23:10.043538495Z,aggregation,scaled,348cd506525f,200,11.902733
2026-09-17T05:23:10.100640561Z,aggregation,scaled,660681595a5e,200,9.585875
2026-09-17T05:23:10.161380551Z,aggregation,scaled,a1cb37b7da6b,200,10.203407
2026-09-17T05:23:10.223875201Z,aggregation,scaled,660681595a5e,200,11.731927
2026-09-17T05:23:10.282539715Z,aggregation,scaled,a1cb37b7da6b,200,11.084158
2026-09-17T05:23:10.342627659Z,aggregation,scaled,348cd506525f,200,11.633637
2026-09-17T05:23:10.401712181Z,aggregation,scaled,a1cb37b7da6b,200,10.514998
2026-09-17T05:23:10.460765669Z,aggregation,scaled,348cd506525f,200,9.5984
2026-09-17T05:23:10.5216871Z,aggregation,scaled,660681595a5e,200,10.372944
2026-09-17T05:23:10.583461715Z,aggregation,scaled,348cd506525f,200,12.394727
2026-09-17T05:23:10.641960088Z,aggregation,scaled,660681595a5e,200,10.934117
2026-09-17T05:23:10.703804862Z,aggregation,scaled,a1cb37b7da6b,200,12.167358
2026-09-17T05:23:10.764293084Z,aggregation,scaled,660681595a5e,200,12.937506
2026-09-17T05:23:10.821865532Z,aggregation,scaled,a1cb37b7da6b,200,10.046206
2026-09-17T05:23:10.882339912Z,aggregation,scaled,348cd506525f,200,10.986211
2026-09-17T05:23:10.942765329Z,aggregation,scaled,a1cb37b7da6b,200,10.798059
2026-09-17T05:23:11.002020294Z,aggregation,scaled,348cd506525f,200,10.819999
2026-09-17T05:23:11.061249248Z,aggregation,scaled,660681595a5e,200,9.735814
2026-09-17T05:23:11.122568964Z,aggregation,scaled,348cd506525f,200,10.727063
2026-09-17T05:23:11.182751144Z,aggregation,scaled,660681595a5e,200,11.748743
2026-09-17T05:23:11.242472861Z,aggregation,scaled,a1cb37b7da6b,200,11.012823
2026-09-17T05:23:11.30148095Z,aggregation,scaled,660681595a5e,200,10.407741
2026-09-17T05:23:11.360993283Z,aggregation,scaled,a1cb37b7da6b,200,10.034796
2026-09-17T05:23:11.422657136Z,aggregation,scaled,348cd506525f,200,10.912626
2026-09-17T05:23:11.482051617Z,aggregation,scaled,a1cb37b7da6b,200,10.866339
2026-09-17T05:23:11.542900486Z,aggregation,scaled,348cd506525f,200,11.327044
2026-09-17T05:23:11.603013322Z,aggregation,scaled,660681595a5e,200,11.486871
2026-09-17T05:23:11.661574308Z,aggregation,scaled,348cd506525f,200,9.991803
2026-09-17T05:23:11.724836151Z,aggregation,scaled,660681595a5e,200,13.494525
2026-09-17T05:23:11.781669829Z,aggregation,scaled,a1cb37b7da6b,200,10.326657
2026-09-17T05:23:11.841269158Z,aggregation,scaled,660681595a5e,200,10.244089
2026-09-17T05:23:11.904390122Z,aggregation,scaled,a1cb37b7da6b,200,12.446572
2026-09-17T05:23:11.966643717Z,aggregation,scaled,348cd506525f,200,14.547788
2026-09-17T05:23:12.022316416Z,aggregation,scaled,a1cb37b7da6b,200,11.135955
2026-09-17T05:23:12.082231772Z,aggregation,scaled,348cd506525f,200,10.300128
2026-09-17T05:23:12.143977022Z,aggregation,scaled,660681595a5e,200,12.220088
2026-09-17T05:23:12.201886853Z,aggregation,scaled,348cd506525f,200,10.410696
2026-09-17T05:23:12.26120959Z,aggregation,scaled,660681595a5e,200,10.169081
2026-09-17T05:23:12.323242405Z,aggregation,scaled,a1cb37b7da6b,200,11.320424
2026-09-17T05:23:12.382910601Z,aggregation,scaled,660681595a5e,200,11.080963
2026-09-17T05:23:12.44272238Z,aggregation,scaled,a1cb37b7da6b,200,11.18862
2026-09-17T05:23:12.503949235Z,aggregation,scaled,348cd506525f,200,12.484807
2026-09-17T05:23:12.562832352Z,aggregation,scaled,a1cb37b7da6b,200,11.022288
2026-09-17T05:23:12.622058812Z,aggregation,scaled,348cd506525f,200,10.579667
2026-09-17T05:23:12.682786173Z,aggregation,scaled,660681595a5e,200,10.958882
2026-09-17T05:23:12.747328634Z,aggregation,scaled,348cd506525f,200,15.489492
2026-09-17T05:23:12.805973405Z,aggregation,scaled,660681595a5e,200,14.230086
2026-09-17T05:23:12.870275219Z,aggregation,scaled,a1cb37b7da6b,200,18.330878
2026-09-17T05:23:12.926524757Z,aggregation,scaled,660681595a5e,200,14.441
2026-09-17T05:23:12.982390165Z,aggregation,scaled,a1cb37b7da6b,200,11.293488
2026-09-17T05:23:13.045860277Z,aggregation,scaled,348cd506525f,200,13.750463
2026-09-17T05:23:13.105983857Z,aggregation,scaled,a1cb37b7da6b,200,14.638448
2026-09-17T05:23:13.162715442Z,aggregation,scaled,348cd506525f,200,11.124271
2026-09-17T05:23:13.22316575Z,aggregation,scaled,660681595a5e,200,11.746058
2026-09-17T05:23:13.284929602Z,aggregation,scaled,348cd506525f,200,12.954649
2026-09-17T05:23:13.344868601Z,aggregation,scaled,660681595a5e,200,13.223047
2026-09-17T05:23:13.403478179Z,aggregation,scaled,a1cb37b7da6b,200,12.000895
2026-09-17T05:23:13.462151746Z,aggregation,scaled,660681595a5e,200,11.199265
2026-09-17T05:23:13.525745247Z,aggregation,scaled,a1cb37b7da6b,200,14.065914
2026-09-17T05:23:13.582163536Z,aggregation,scaled,348cd506525f,200,10.873437
2026-09-17T05:23:13.642677983Z,aggregation,scaled,a1cb37b7da6b,200,10.653913
2026-09-17T05:23:13.702779032Z,aggregation,scaled,348cd506525f,200,11.445677
2026-09-17T05:23:13.764767836Z,aggregation,scaled,660681595a5e,200,13.228623
2026-09-17T05:23:13.82352191Z,aggregation,scaled,348cd506525f,200,11.991254
2026-09-17T05:23:13.883534523Z,aggregation,scaled,660681595a5e,200,12.23663
2026-09-17T05:23:13.943251187Z,aggregation,scaled,a1cb37b7da6b,200,12.204968
2026-09-17T05:23:14.003389557Z,aggregation,scaled,660681595a5e,200,11.554902
2026-09-17T05:23:14.062210159Z,aggregation,scaled,a1cb37b7da6b,200,11.297235
2026-09-17T05:23:14.123265688Z,aggregation,scaled,348cd506525f,200,11.257759
2026-09-17T05:23:14.183604379Z,aggregation,scaled,a1cb37b7da6b,200,11.679853
2026-09-17T05:23:14.243614942Z,aggregation,scaled,348cd506525f,200,12.36174
2026-09-17T05:23:14.303419422Z,aggregation,scaled,660681595a5e,200,12.088071
2026-09-17T05:23:14.36233681Z,aggregation,scaled,348cd506525f,200,11.367851
2026-09-17T05:23:14.421594342Z,aggregation,scaled,660681595a5e,200,10.523904
2026-09-17T05:23:14.483957404Z,aggregation,scaled,a1cb37b7da6b,200,12.523799
2026-09-17T05:23:14.543003371Z,aggregation,scaled,660681595a5e,200,11.380432
2026-09-17T05:23:14.601537336Z,aggregation,scaled,a1cb37b7da6b,200,9.926725
2026-09-17T05:23:14.661976309Z,aggregation,scaled,348cd506525f,200,10.874876
2026-09-17T05:23:14.723224295Z,aggregation,scaled,a1cb37b7da6b,200,11.397244
2026-09-17T05:23:14.7831185Z,aggregation,scaled,348cd506525f,200,11.191239
2026-09-17T05:23:14.843336587Z,aggregation,scaled,660681595a5e,200,11.433036
2026-09-17T05:23:14.901953699Z,aggregation,scaled,348cd506525f,200,9.989967
2026-09-17T05:23:14.961545819Z,aggregation,scaled,660681595a5e,200,9.971976
2026-09-17T05:23:15.021505799Z,aggregation,scaled,a1cb37b7da6b,200,10.2894
2026-09-17T05:23:15.082926918Z,aggregation,scaled,660681595a5e,200,11.894728
2026-09-17T05:23:15.14365701Z,aggregation,scaled,a1cb37b7da6b,200,11.951142
2026-09-17T05:23:15.203373353Z,aggregation,scaled,348cd506525f,200,12.175016
2026-09-17T05:23:15.262966227Z,aggregation,scaled,a1cb37b7da6b,200,11.05332
2026-09-17T05:23:15.322222659Z,aggregation,scaled,348cd506525f,200,10.731718
2026-09-17T05:23:15.381929161Z,aggregation,scaled,660681595a5e,200,10.215432
2026-09-17T05:23:15.44276802Z,aggregation,scaled,348cd506525f,200,11.033157
2026-09-17T05:23:15.503367953Z,aggregation,scaled,660681595a5e,200,11.994963
2026-09-17T05:23:15.563488113Z,aggregation,scaled,a1cb37b7da6b,200,11.654151
2026-09-17T05:23:15.622603586Z,aggregation,scaled,660681595a5e,200,10.547046
2026-09-17T05:23:15.682549243Z,aggregation,scaled,a1cb37b7da6b,200,11.309158
2026-09-17T05:23:15.742215553Z,aggregation,scaled,348cd506525f,200,10.974605
2026-09-17T05:23:15.803681184Z,aggregation,scaled,a1cb37b7da6b,200,11.887876
2026-09-17T05:23:15.861837181Z,aggregation,scaled,348cd506525f,200,10.826244
2026-09-17T05:23:15.922515219Z,aggregation,scaled,660681595a5e,200,11.105194
2026-09-17T05:23:15.983519429Z,aggregation,scaled,348cd506525f,200,12.493839
2026-09-17T05:23:16.042582978Z,aggregation,scaled,660681595a5e,200,11.530233
2026-09-17T05:23:16.103374144Z,aggregation,scaled,a1cb37b7da6b,200,12.268903
2026-09-17T05:23:16.163299681Z,aggregation,scaled,660681595a5e,200,11.423426
2026-09-17T05:23:16.222404893Z,aggregation,scaled,a1cb37b7da6b,200,10.47185
2026-09-17T05:23:16.283501418Z,aggregation,scaled,348cd506525f,200,11.402323
2026-09-17T05:23:16.342746065Z,aggregation,scaled,a1cb37b7da6b,200,11.623484
2026-09-17T05:23:16.40274629Z,aggregation,scaled,348cd506525f,200,11.417231
2026-09-17T05:23:16.464028033Z,aggregation,scaled,660681595a5e,200,13.001043
2026-09-17T05:23:16.521626693Z,aggregation,scaled,348cd506525f,200,10.192733
2026-09-17T05:23:16.581860521Z,aggregation,scaled,660681595a5e,200,10.848377
2026-09-17T05:23:16.643034638Z,aggregation,scaled,a1cb37b7da6b,200,11.692688
2026-09-17T05:23:16.703863117Z,aggregation,scaled,660681595a5e,200,12.139939
2026-09-17T05:23:16.763604805Z,aggregation,scaled,a1cb37b7da6b,200,12.287573
2026-09-17T05:23:16.821244018Z,aggregation,scaled,348cd506525f,200,10.192712
2026-09-17T05:23:16.881868512Z,aggregation,scaled,a1cb37b7da6b,200,10.053438
2026-09-17T05:23:16.942421488Z,aggregation,scaled,348cd506525f,200,11.076548
2026-09-17T05:23:17.002662537Z,aggregation,scaled,660681595a5e,200,10.672281
2026-09-17T05:23:17.061637223Z,aggregation,scaled,348cd506525f,200,10.416656
2026-09-17T05:23:17.121091459Z,aggregation,scaled,660681595a5e,200,9.79899
2026-09-17T05:23:17.182188456Z,aggregation,scaled,a1cb37b7da6b,200,10.907861
2026-09-17T05:23:17.243270552Z,aggregation,scaled,660681595a5e,200,11.551763
2026-09-17T05:23:17.301780633Z,aggregation,scaled,a1cb37b7da6b,200,9.787074
2026-09-17T05:23:17.362963547Z,aggregation,scaled,348cd506525f,200,11.658933
2026-09-17T05:23:17.422066709Z,aggregation,scaled,a1cb37b7da6b,200,10.378625
2026-09-17T05:23:17.482768559Z,aggregation,scaled,348cd506525f,200,10.908981
2026-09-17T05:23:17.541825407Z,aggregation,scaled,660681595a5e,200,10.367144
2026-09-17T05:23:17.601755425Z,aggregation,scaled,348cd506525f,200,10.121956
2026-09-17T05:23:17.662638996Z,aggregation,scaled,660681595a5e,200,11.302526
2026-09-17T05:23:17.721914195Z,aggregation,scaled,a1cb37b7da6b,200,10.84433
2026-09-17T05:23:17.782348534Z,aggregation,scaled,660681595a5e,200,10.789323
2026-09-17T05:23:17.843231956Z,aggregation,scaled,a1cb37b7da6b,200,11.161898
2026-09-17T05:23:17.903331775Z,aggregation,scaled,348cd506525f,200,11.479019
2026-09-17T05:23:17.96336619Z,aggregation,scaled,a1cb37b7da6b,200,11.559284
2026-09-17T05:23:18.022552647Z,aggregation,scaled,348cd506525f,200,10.556936
2026-09-17T05:23:18.081806749Z,aggregation,scaled,660681595a5e,200,9.722029
2026-09-17T05:23:18.142562752Z,aggregation,scaled,348cd506525f,200,11.053561
2026-09-17T05:23:18.203863658Z,aggregation,scaled,660681595a5e,200,11.692767
2026-09-17T05:23:18.26157624Z,aggregation,scaled,a1cb37b7da6b,200,10.151765
2026-09-17T05:23:18.324472399Z,aggregation,scaled,660681595a5e,200,13.396754
2026-09-17T05:23:18.38371316Z,aggregation,scaled,a1cb37b7da6b,200,11.608153
2026-09-17T05:23:18.441194961Z,aggregation,scaled,348cd506525f,200,9.977787
2026-09-17T05:23:18.501921303Z,aggregation,scaled,a1cb37b7da6b,200,10.220042
2026-09-17T05:23:18.561487884Z,aggregation,scaled,348cd506525f,200,9.96094
2026-09-17T05:23:18.623620501Z,aggregation,scaled,660681595a5e,200,11.583695
2026-09-17T05:23:18.682203994Z,aggregation,scaled,348cd506525f,200,10.983782
2026-09-17T05:23:18.742451097Z,aggregation,scaled,660681595a5e,200,10.687116
2026-09-17T05:23:18.803221622Z,aggregation,scaled,a1cb37b7da6b,200,11.306767
2026-09-17T05:23:18.861771285Z,aggregation,scaled,660681595a5e,200,11.295681
2026-09-17T05:23:18.920632614Z,aggregation,scaled,a1cb37b7da6b,200,10.279297
2026-09-17T05:23:18.98032246Z,aggregation,scaled,348cd506525f,200,10.001144
2026-09-17T05:23:19.040058701Z,aggregation,scaled,a1cb37b7da6b,200,10.198843
2026-09-17T05:23:19.101951062Z,aggregation,scaled,348cd506525f,200,11.267956
2026-09-17T05:23:19.161910191Z,aggregation,scaled,660681595a5e,200,11.440067
2026-09-17T05:23:19.220934648Z,aggregation,scaled,348cd506525f,200,10.32963
2026-09-17T05:23:19.283053434Z,aggregation,scaled,660681595a5e,200,12.558513
2026-09-17T05:23:19.342381219Z,aggregation,scaled,a1cb37b7da6b,200,11.616007
2026-09-17T05:23:19.400751212Z,aggregation,scaled,660681595a5e,200,11.024098
2026-09-17T05:23:19.461191035Z,aggregation,scaled,a1cb37b7da6b,200,10.842316
2026-09-17T05:23:19.519832566Z,aggregation,scaled,348cd506525f,200,10.093436
2026-09-17T05:23:19.581205162Z,aggregation,scaled,a1cb37b7da6b,200,10.7468
2026-09-17T05:23:19.640267322Z,aggregation,scaled,348cd506525f,200,10.501083
2026-09-17T05:23:19.699820163Z,aggregation,scaled,660681595a5e,200,9.982196
2026-09-17T05:23:19.760584937Z,aggregation,scaled,348cd506525f,200,10.106336
2026-09-17T05:23:19.821535924Z,aggregation,scaled,660681595a5e,200,11.243852
2026-09-17T05:23:19.881132409Z,aggregation,scaled,a1cb37b7da6b,200,11.004166
2026-09-17T05:23:19.941083432Z,aggregation,scaled,660681595a5e,200,10.365718
2026-09-17T05:23:20.001731836Z,aggregation,scaled,a1cb37b7da6b,200,11.085117
2026-09-17T05:23:20.060790572Z,aggregation,scaled,348cd506525f,200,10.539011
2026-09-17T05:23:20.120717835Z,aggregation,scaled,a1cb37b7da6b,200,10.38824
2026-09-17T05:23:20.180032219Z,aggregation,scaled,348cd506525f,200,9.726366
2026-09-17T05:23:20.240881484Z,aggregation,scaled,660681595a5e,200,10.228849
2026-09-17T05:23:20.300565763Z,aggregation,scaled,348cd506525f,200,10.093341
2026-09-17T05:23:20.361811005Z,aggregation,scaled,660681595a5e,200,11.622713
2026-09-17T05:23:20.421892589Z,aggregation,scaled,a1cb37b7da6b,200,11.547658
2026-09-17T05:23:20.480570428Z,aggregation,scaled,660681595a5e,200,10.077919
2026-09-17T05:23:20.541145166Z,aggregation,scaled,a1cb37b7da6b,200,10.976789
2026-09-17T05:23:20.601379239Z,aggregation,scaled,348cd506525f,200,11.698167
2026-09-17T05:23:20.660103063Z,aggregation,scaled,a1cb37b7da6b,200,10.323045
2026-09-17T05:23:20.720648538Z,aggregation,scaled,348cd506525f,200,10.82339
2026-09-17T05:23:20.78203824Z,aggregation,scaled,660681595a5e,200,11.841868
2026-09-17T05:23:20.845686761Z,aggregation,scaled,348cd506525f,200,14.737705
2026-09-17T05:23:20.901186401Z,aggregation,scaled,660681595a5e,200,11.27578
2026-09-17T05:23:20.964077912Z,aggregation,scaled,a1cb37b7da6b,200,14.399116
2026-09-17T05:23:21.022334484Z,aggregation,scaled,660681595a5e,200,12.622754
2026-09-17T05:23:21.080814483Z,aggregation,scaled,a1cb37b7da6b,200,10.818229
2026-09-17T05:23:21.143854633Z,aggregation,scaled,348cd506525f,200,13.476796
2026-09-17T05:23:21.204630674Z,aggregation,scaled,a1cb37b7da6b,200,14.208615
2026-09-17T05:23:21.263208519Z,aggregation,scaled,348cd506525f,200,13.004955
2026-09-17T05:23:21.327800918Z,aggregation,scaled,660681595a5e,200,18.102879
2026-09-17T05:23:21.383162023Z,aggregation,scaled,348cd506525f,200,12.725035
2026-09-17T05:23:21.441286917Z,aggregation,scaled,660681595a5e,200,11.592655
2026-09-17T05:23:21.500284369Z,aggregation,scaled,a1cb37b7da6b,200,10.385542
2026-09-17T05:23:21.56151473Z,aggregation,scaled,660681595a5e,200,11.820457
2026-09-17T05:23:21.621445245Z,aggregation,scaled,a1cb37b7da6b,200,11.310663
2026-09-17T05:23:21.681015795Z,aggregation,scaled,348cd506525f,200,10.859552
2026-09-17T05:23:21.741104189Z,aggregation,scaled,a1cb37b7da6b,200,10.39916
2026-09-17T05:23:21.803348757Z,aggregation,scaled,348cd506525f,200,12.544418
2026-09-17T05:23:21.861068685Z,aggregation,scaled,660681595a5e,200,11.406358
2026-09-17T05:23:21.921906139Z,aggregation,scaled,348cd506525f,200,11.13292
2026-09-17T05:23:21.982659409Z,aggregation,scaled,660681595a5e,200,11.997168
2026-09-17T05:23:22.043265988Z,aggregation,scaled,a1cb37b7da6b,200,12.886327
2026-09-17T05:23:22.102822138Z,aggregation,scaled,660681595a5e,200,12.141698
2026-09-17T05:23:22.161787076Z,aggregation,scaled,a1cb37b7da6b,200,11.318021
2026-09-17T05:23:22.220677282Z,aggregation,scaled,348cd506525f,200,10.205668
2026-09-17T05:23:22.281219637Z,aggregation,scaled,a1cb37b7da6b,200,10.795517
2026-09-17T05:23:22.342196851Z,aggregation,scaled,348cd506525f,200,12.31607
2026-09-17T05:23:22.400257381Z,aggregation,scaled,660681595a5e,200,10.463655
2026-09-17T05:23:22.460216837Z,aggregation,scaled,348cd506525f,200,10.320336
2026-09-17T05:23:22.521678813Z,aggregation,scaled,660681595a5e,200,11.691998
2026-09-17T05:23:22.581911766Z,aggregation,scaled,a1cb37b7da6b,200,11.492983
2026-09-17T05:23:22.640429427Z,aggregation,scaled,660681595a5e,200,9.949181
2026-09-17T05:23:22.700363152Z,aggregation,scaled,a1cb37b7da6b,200,10.24291
2026-09-17T05:23:22.761241649Z,aggregation,scaled,348cd506525f,200,11.370864
2026-09-17T05:23:22.82188474Z,aggregation,scaled,a1cb37b7da6b,200,11.858609
2026-09-17T05:23:22.882205131Z,aggregation,scaled,348cd506525f,200,12.309819
2026-09-17T05:23:22.941541614Z,aggregation,scaled,660681595a5e,200,10.742038
2026-09-17T05:23:23.000184274Z,aggregation,scaled,348cd506525f,200,10.110602
2026-09-17T05:23:23.061048649Z,aggregation,scaled,660681595a5e,200,11.209764
2026-09-17T05:23:23.121130573Z,aggregation,scaled,a1cb37b7da6b,200,10.482886
2026-09-17T05:23:23.180568095Z,aggregation,scaled,660681595a5e,200,10.861494
2026-09-17T05:23:23.241158474Z,aggregation,scaled,a1cb37b7da6b,200,10.929748
2026-09-17T05:23:23.300983261Z,aggregation,scaled,348cd506525f,200,11.102508
2026-09-17T05:23:23.360711301Z,aggregation,scaled,a1cb37b7da6b,200,10.236129
2026-09-17T05:23:23.419878375Z,aggregation,scaled,348cd506525f,200,9.701354
2026-09-17T05:23:23.481711636Z,aggregation,scaled,660681595a5e,200,11.093477
2026-09-17T05:23:23.541977983Z,aggregation,scaled,348cd506525f,200,11.746572
2026-09-17T05:23:23.600479382Z,aggregation,scaled,660681595a5e,200,9.974464
2026-09-17T05:23:23.661485589Z,aggregation,scaled,a1cb37b7da6b,200,11.472774
2026-09-17T05:23:23.721623856Z,aggregation,scaled,660681595a5e,200,11.587291
2026-09-17T05:23:23.781006854Z,aggregation,scaled,a1cb37b7da6b,200,10.911794
2026-09-17T05:23:23.841391886Z,aggregation,scaled,348cd506525f,200,10.768844
2026-09-17T05:23:23.899684292Z,aggregation,scaled,a1cb37b7da6b,200,9.703124
2026-09-17T05:23:23.960449562Z,aggregation,scaled,348cd506525f,200,10.20221
2026-09-17T05:23:24.020372256Z,aggregation,scaled,660681595a5e,200,10.301694
2026-09-17T05:23:24.081903537Z,aggregation,scaled,348cd506525f,200,12.012549
2026-09-17T05:23:24.140523613Z,aggregation,scaled,660681595a5e,200,9.996624
2026-09-17T05:23:24.201929005Z,aggregation,scaled,a1cb37b7da6b,200,11.90946
2026-09-17T05:23:24.261479805Z,aggregation,scaled,660681595a5e,200,11.041053
2026-09-17T05:23:24.320312156Z,aggregation,scaled,a1cb37b7da6b,200,10.428612
2026-09-17T05:23:24.380274453Z,aggregation,scaled,348cd506525f,200,10.550712
2026-09-17T05:23:24.440961028Z,aggregation,scaled,a1cb37b7da6b,200,11.116729
2026-09-17T05:23:24.501444609Z,aggregation,scaled,348cd506525f,200,10.762386
2026-09-17T05:23:24.560241716Z,aggregation,scaled,660681595a5e,200,10.184386
2026-09-17T05:23:24.619648576Z,aggregation,scaled,348cd506525f,200,9.985853
2026-09-17T05:23:24.681012868Z,aggregation,scaled,660681595a5e,200,10.788576
2026-09-17T05:23:24.74047541Z,aggregation,scaled,a1cb37b7da6b,200,9.893768
2026-09-17T05:23:24.800848715Z,aggregation,scaled,660681595a5e,200,10.826172
2026-09-17T05:23:24.862071275Z,aggregation,scaled,a1cb37b7da6b,200,11.677817
2026-09-17T05:23:24.920463886Z,aggregation,scaled,348cd506525f,200,9.688339
2026-09-17T05:23:24.979840923Z,aggregation,scaled,a1cb37b7da6b,200,9.994484
2026-09-17T05:23:25.04206525Z,aggregation,scaled,348cd506525f,200,11.646733
2026-09-17T05:23:25.102068849Z,aggregation,scaled,660681595a5e,200,11.387386
2026-09-17T05:23:25.162208888Z,aggregation,scaled,348cd506525f,200,11.559259
2026-09-17T05:23:25.220514254Z,aggregation,scaled,660681595a5e,200,10.681756
2026-09-17T05:23:25.280041732Z,aggregation,scaled,a1cb37b7da6b,200,9.90513
2026-09-17T05:23:25.341363829Z,aggregation,scaled,660681595a5e,200,10.696461
2026-09-17T05:23:25.402044292Z,aggregation,scaled,a1cb37b7da6b,200,12.171078
2026-09-17T05:23:25.462055552Z,aggregation,scaled,348cd506525f,200,11.374265
2026-09-17T05:23:25.520850251Z,aggregation,scaled,a1cb37b7da6b,200,10.177106
2026-09-17T05:23:25.581313085Z,aggregation,scaled,348cd506525f,200,10.606801
2026-09-17T05:23:25.642340298Z,aggregation,scaled,660681595a5e,200,12.374824
2026-09-17T05:23:25.699778636Z,aggregation,scaled,348cd506525f,200,10.012145
2026-09-17T05:23:25.759743483Z,aggregation,scaled,660681595a5e,200,9.520722
2026-09-17T05:23:25.823876376Z,aggregation,scaled,a1cb37b7da6b,200,13.255711
2026-09-17T05:23:25.88487028Z,aggregation,scaled,660681595a5e,200,14.15293
2026-09-17T05:23:25.941209726Z,aggregation,scaled,a1cb37b7da6b,200,10.784276
2026-09-17T05:23:26.00142724Z,aggregation,scaled,348cd506525f,200,11.752313
2026-09-17T05:23:26.061324092Z,aggregation,scaled,a1cb37b7da6b,200,11.367277
2026-09-17T05:23:26.123224567Z,aggregation,scaled,348cd506525f,200,13.52495
2026-09-17T05:23:26.180271568Z,aggregation,scaled,660681595a5e,200,10.590513
2026-09-17T05:23:26.242885942Z,aggregation,scaled,348cd506525f,200,13.138163
2026-09-17T05:23:26.299947045Z,aggregation,scaled,660681595a5e,200,9.504161
2026-09-17T05:23:26.360821532Z,aggregation,scaled,a1cb37b7da6b,200,10.21168
2026-09-17T05:23:26.421153945Z,aggregation,scaled,660681595a5e,200,10.84904
2026-09-17T05:23:26.480523981Z,aggregation,scaled,a1cb37b7da6b,200,10.875334
2026-09-17T05:23:26.546197437Z,aggregation,scaled,348cd506525f,200,15.832293
2026-09-17T05:23:26.600846379Z,aggregation,scaled,a1cb37b7da6b,200,11.087887
2026-09-17T05:23:26.66012634Z,aggregation,scaled,348cd506525f,200,9.884181
2026-09-17T05:23:26.721573895Z,aggregation,scaled,660681595a5e,200,10.801787
2026-09-17T05:23:26.781218411Z,aggregation,scaled,348cd506525f,200,11.056646
2026-09-17T05:23:26.841358529Z,aggregation,scaled,660681595a5e,200,11.542204
2026-09-17T05:23:26.900828103Z,aggregation,scaled,a1cb37b7da6b,200,11.030174
2026-09-17T05:23:26.961353547Z,aggregation,scaled,660681595a5e,200,11.000711
2026-09-17T05:23:27.021523201Z,aggregation,scaled,a1cb37b7da6b,200,11.492598
2026-09-17T05:23:27.081023856Z,aggregation,scaled,348cd506525f,200,10.697336
2026-09-17T05:23:27.140885852Z,aggregation,scaled,a1cb37b7da6b,200,10.122192
2026-09-17T05:23:27.201194011Z,aggregation,scaled,348cd506525f,200,10.772582
2026-09-17T05:23:27.261529303Z,aggregation,scaled,660681595a5e,200,11.783544
2026-09-17T05:23:27.320290439Z,aggregation,scaled,348cd506525f,200,10.185727
2026-09-17T05:23:27.380494882Z,aggregation,scaled,660681595a5e,200,10.602845
2026-09-17T05:23:27.442478613Z,aggregation,scaled,a1cb37b7da6b,200,12.35408
2026-09-17T05:23:27.499755479Z,aggregation,scaled,660681595a5e,200,9.63946
2026-09-17T05:23:27.560292574Z,aggregation,scaled,a1cb37b7da6b,200,9.886706
2026-09-17T05:23:27.621028786Z,aggregation,scaled,348cd506525f,200,11.061451
2026-09-17T05:23:27.681213543Z,aggregation,scaled,a1cb37b7da6b,200,10.573004
2026-09-17T05:23:27.741315418Z,aggregation,scaled,348cd506525f,200,11.525847
2026-09-17T05:23:27.801536892Z,aggregation,scaled,660681595a5e,200,11.666425
2026-09-17T05:23:27.861495201Z,aggregation,scaled,348cd506525f,200,11.305806
2026-09-17T05:23:27.921550769Z,aggregation,scaled,660681595a5e,200,11.537236
2026-09-17T05:23:27.980223417Z,aggregation,scaled,a1cb37b7da6b,200,10.123255
2026-09-17T05:23:28.040837969Z,aggregation,scaled,660681595a5e,200,11.100568
2026-09-17T05:23:28.101477523Z,aggregation,scaled,a1cb37b7da6b,200,11.074226
2026-09-17T05:23:28.16324653Z,aggregation,scaled,348cd506525f,200,13.131617
2026-09-17T05:23:28.220622264Z,aggregation,scaled,a1cb37b7da6b,200,10.952267
2026-09-17T05:23:28.280525143Z,aggregation,scaled,348cd506525f,200,10.343221
2026-09-17T05:23:28.340553812Z,aggregation,scaled,660681595a5e,200,10.326201
2026-09-17T05:23:28.400585531Z,aggregation,scaled,348cd506525f,200,10.415497
2026-09-17T05:23:28.460283726Z,aggregation,scaled,660681595a5e,200,10.070442
2026-09-17T05:23:28.520857334Z,aggregation,scaled,a1cb37b7da6b,200,10.985398
2026-09-17T05:23:28.581728145Z,aggregation,scaled,660681595a5e,200,11.294541
2026-09-17T05:23:28.642137927Z,aggregation,scaled,a1cb37b7da6b,200,11.771032
2026-09-17T05:23:28.702181912Z,aggregation,scaled,348cd506525f,200,11.444022
2026-09-17T05:23:28.760803348Z,aggregation,scaled,a1cb37b7da6b,200,10.85593
2026-09-17T05:23:28.821666164Z,aggregation,scaled,348cd506525f,200,11.283897
2026-09-17T05:23:28.882371401Z,aggregation,scaled,660681595a5e,200,11.994428
2026-09-17T05:23:28.94300508Z,aggregation,scaled,348cd506525f,200,12.998637
2026-09-17T05:23:29.004946804Z,aggregation,scaled,660681595a5e,200,14.280387
2026-09-17T05:23:29.063683863Z,aggregation,scaled,a1cb37b7da6b,200,13.123986
2026-09-17T05:23:29.12110137Z,aggregation,scaled,660681595a5e,200,10.824207
2026-09-17T05:23:29.181441581Z,aggregation,scaled,a1cb37b7da6b,200,10.758681
2026-09-17T05:23:29.241073721Z,aggregation,scaled,348cd506525f,200,11.114697
2026-09-17T05:23:29.302495163Z,aggregation,scaled,a1cb37b7da6b,200,11.675538
2026-09-17T05:23:29.362583156Z,aggregation,scaled,348cd506525f,200,12.562503
2026-09-17T05:23:29.421358872Z,aggregation,scaled,660681595a5e,200,11.178511
2026-09-17T05:23:29.481585706Z,aggregation,scaled,348cd506525f,200,11.722051
2026-09-17T05:23:29.542522761Z,aggregation,scaled,660681595a5e,200,12.254771
2026-09-17T05:23:29.60133015Z,aggregation,scaled,a1cb37b7da6b,200,11.279299
2026-09-17T05:23:29.660470494Z,aggregation,scaled,660681595a5e,200,10.660214
2026-09-17T05:23:29.72250985Z,aggregation,scaled,a1cb37b7da6b,200,12.37879
2026-09-17T05:23:29.781210678Z,aggregation,scaled,348cd506525f,200,11.206679
2026-09-17T05:23:29.842080672Z,aggregation,scaled,a1cb37b7da6b,200,12.266525
2026-09-17T05:23:29.902712057Z,aggregation,scaled,348cd506525f,200,12.225741
2026-09-17T05:23:29.963191175Z,aggregation,scaled,660681595a5e,200,12.937548
2026-09-17T05:23:30.021898997Z,aggregation,scaled,348cd506525f,200,11.143937
2026-09-17T05:23:30.081159783Z,aggregation,scaled,660681595a5e,200,10.678096
2026-09-17T05:23:30.14102743Z,aggregation,scaled,a1cb37b7da6b,200,11.359387
2026-09-17T05:23:30.203292634Z,aggregation,scaled,660681595a5e,200,12.617399
2026-09-17T05:23:30.261642459Z,aggregation,scaled,a1cb37b7da6b,200,11.853563
2026-09-17T05:23:30.322202873Z,aggregation,scaled,348cd506525f,200,11.634192
2026-09-17T05:23:30.380492488Z,aggregation,scaled,a1cb37b7da6b,200,10.740131
2026-09-17T05:23:30.442391794Z,aggregation,scaled,348cd506525f,200,12.335558
2026-09-17T05:23:30.500493291Z,aggregation,scaled,660681595a5e,200,10.443729
2026-09-17T05:23:30.561076851Z,aggregation,scaled,348cd506525f,200,10.980579
2026-09-17T05:23:30.621011803Z,aggregation,scaled,660681595a5e,200,10.295968
2026-09-17T05:23:30.682174781Z,aggregation,scaled,a1cb37b7da6b,200,11.504984
2026-09-17T05:23:30.742821944Z,aggregation,scaled,660681595a5e,200,12.15063
2026-09-17T05:23:30.80057284Z,aggregation,scaled,a1cb37b7da6b,200,10.145758
2026-09-17T05:23:30.861633316Z,aggregation,scaled,348cd506525f,200,11.494521
2026-09-17T05:23:30.924536296Z,aggregation,scaled,a1cb37b7da6b,200,14.308634
2026-09-17T05:23:30.980788607Z,aggregation,scaled,348cd506525f,200,10.805855
2026-09-17T05:23:31.04141341Z,aggregation,scaled,660681595a5e,200,11.062315
2026-09-17T05:23:31.099569561Z,aggregation,scaled,348cd506525f,200,9.733336
2026-09-17T05:23:31.161142453Z,aggregation,scaled,660681595a5e,200,11.050164
2026-09-17T05:23:31.221481345Z,aggregation,scaled,a1cb37b7da6b,200,10.777283
2026-09-17T05:23:31.281587236Z,aggregation,scaled,660681595a5e,200,11.541071
2026-09-17T05:23:31.340621926Z,aggregation,scaled,a1cb37b7da6b,200,10.580169
2026-09-17T05:23:31.402516362Z,aggregation,scaled,348cd506525f,200,12.329258
2026-09-17T05:23:31.462347586Z,aggregation,scaled,a1cb37b7da6b,200,12.281544
2026-09-17T05:23:31.521422885Z,aggregation,scaled,348cd506525f,200,11.539575
2026-09-17T05:23:31.579933982Z,aggregation,scaled,660681595a5e,200,10.035648
2026-09-17T05:23:31.641391376Z,aggregation,scaled,348cd506525f,200,10.907994
2026-09-17T05:23:31.701315717Z,aggregation,scaled,660681595a5e,200,10.86671
2026-09-17T05:23:31.759920111Z,aggregation,scaled,a1cb37b7da6b,200,10.225092
2026-09-17T05:23:31.820802107Z,aggregation,scaled,660681595a5e,200,10.250229
2026-09-17T05:23:31.883188105Z,aggregation,scaled,a1cb37b7da6b,200,12.804383
2026-09-17T05:23:31.941851903Z,aggregation,scaled,348cd506525f,200,11.077936
2026-09-17T05:23:32.000187957Z,aggregation,scaled,a1cb37b7da6b,200,9.682763
2026-09-17T05:23:32.060614235Z,aggregation,scaled,348cd506525f,200,9.939752
2026-09-17T05:23:32.121642248Z,aggregation,scaled,660681595a5e,200,11.487136
2026-09-17T05:23:32.181864101Z,aggregation,scaled,348cd506525f,200,11.578273
2026-09-17T05:23:32.241874058Z,aggregation,scaled,660681595a5e,200,11.362387
2026-09-17T05:23:32.301183214Z,aggregation,scaled,a1cb37b7da6b,200,10.73334
2026-09-17T05:23:32.360243502Z,aggregation,scaled,660681595a5e,200,10.526575
2026-09-17T05:23:32.419771773Z,aggregation,scaled,a1cb37b7da6b,200,10.04632
2026-09-17T05:23:32.480747247Z,aggregation,scaled,348cd506525f,200,10.131951
2026-09-17T05:23:32.541733591Z,aggregation,scaled,a1cb37b7da6b,200,11.388199
2026-09-17T05:23:32.601477068Z,aggregation,scaled,348cd506525f,200,11.141471
2026-09-17T05:23:32.66062737Z,aggregation,scaled,660681595a5e,200,10.588586
2026-09-17T05:23:32.720014976Z,aggregation,scaled,348cd506525f,200,9.761769
2026-09-17T05:23:32.780555412Z,aggregation,scaled,660681595a5e,200,10.038139
2026-09-17T05:23:32.843301651Z,aggregation,scaled,a1cb37b7da6b,200,13.121526
2026-09-17T05:23:32.901521457Z,aggregation,scaled,660681595a5e,200,11.758944
2026-09-17T05:23:32.961260204Z,aggregation,scaled,a1cb37b7da6b,200,11.225115
2026-09-17T05:23:33.019981797Z,aggregation,scaled,348cd506525f,200,10.114593
2026-09-17T05:23:33.081711151Z,aggregation,scaled,a1cb37b7da6b,200,11.02229
2026-09-17T05:23:33.144619912Z,aggregation,scaled,348cd506525f,200,14.381287
2026-09-17T05:23:33.200037201Z,aggregation,scaled,660681595a5e,200,10.083771
2026-09-17T05:23:33.260484781Z,aggregation,scaled,348cd506525f,200,9.855284
2026-09-17T05:23:33.321179739Z,aggregation,scaled,660681595a5e,200,11.15962
2026-09-17T05:23:33.379211852Z,aggregation,scaled,a1cb37b7da6b,200,9.519121
2026-09-17T05:23:33.440133516Z,aggregation,scaled,660681595a5e,200,10.183329
2026-09-17T05:23:33.501364433Z,aggregation,scaled,a1cb37b7da6b,200,10.693596
2026-09-17T05:23:33.561076904Z,aggregation,scaled,348cd506525f,200,11.118164
2026-09-17T05:23:33.6204438Z,aggregation,scaled,a1cb37b7da6b,200,9.810193
2026-09-17T05:23:33.6803095Z,aggregation,scaled,348cd506525f,200,10.158073
2026-09-17T05:23:33.739923845Z,aggregation,scaled,660681595a5e,200,10.150317
2026-09-17T05:23:33.80056966Z,aggregation,scaled,348cd506525f,200,10.056881
2026-09-17T05:23:33.86156989Z,aggregation,scaled,660681595a5e,200,11.481976
2026-09-17T05:23:33.921842027Z,aggregation,scaled,a1cb37b7da6b,200,11.754316
2026-09-17T05:23:33.980664146Z,aggregation,scaled,660681595a5e,200,10.249755
2026-09-17T05:23:34.040063344Z,aggregation,scaled,a1cb37b7da6b,200,9.783816
2026-09-17T05:23:34.101805224Z,aggregation,scaled,348cd506525f,200,11.180224
2026-09-17T05:23:34.161687232Z,aggregation,scaled,a1cb37b7da6b,200,11.245178
2026-09-17T05:23:34.220408079Z,aggregation,scaled,348cd506525f,200,10.105429
2026-09-17T05:23:34.281709286Z,aggregation,scaled,660681595a5e,200,11.576228
2026-09-17T05:23:34.340992Z,aggregation,scaled,348cd506525f,200,10.661025
2026-09-17T05:23:34.400565196Z,aggregation,scaled,660681595a5e,200,9.91631
2026-09-17T05:23:34.46327916Z,aggregation,scaled,a1cb37b7da6b,200,13.212899
2026-09-17T05:23:34.520156309Z,aggregation,scaled,660681595a5e,200,10.188741
2026-09-17T05:23:34.581225844Z,aggregation,scaled,a1cb37b7da6b,200,10.530885
2026-09-17T05:23:34.640112879Z,aggregation,scaled,348cd506525f,200,10.350042
2026-09-17T05:23:34.701885646Z,aggregation,scaled,a1cb37b7da6b,200,11.214046
2026-09-17T05:23:34.760527673Z,aggregation,scaled,348cd506525f,200,10.125146
2026-09-17T05:23:34.821470598Z,aggregation,scaled,660681595a5e,200,11.308713
2026-09-17T05:23:34.881281832Z,aggregation,scaled,348cd506525f,200,11.284161
2026-09-17T05:23:34.940409085Z,aggregation,scaled,660681595a5e,200,10.72867
2026-09-17T05:23:34.999825024Z,aggregation,scaled,a1cb37b7da6b,200,9.758934
2026-09-17T05:23:35.061529666Z,aggregation,scaled,660681595a5e,200,11.222591
2026-09-17T05:23:35.121285438Z,aggregation,scaled,a1cb37b7da6b,200,10.944296
2026-09-17T05:23:35.179391978Z,aggregation,scaled,348cd506525f,200,9.544258
2026-09-17T05:23:35.240522356Z,aggregation,scaled,a1cb37b7da6b,200,10.526765
2026-09-17T05:23:35.30155076Z,aggregation,scaled,348cd506525f,200,11.469664
2026-09-17T05:23:35.360684213Z,aggregation,scaled,660681595a5e,200,10.586059
2026-09-17T05:23:35.420366017Z,aggregation,scaled,348cd506525f,200,10.132401
2026-09-17T05:23:35.479842835Z,aggregation,scaled,660681595a5e,200,10.135797
2026-09-17T05:23:35.541725441Z,aggregation,scaled,a1cb37b7da6b,200,11.195554
2026-09-17T05:23:35.600461858Z,aggregation,scaled,660681595a5e,200,10.220448
2026-09-17T05:23:35.660140988Z,aggregation,scaled,a1cb37b7da6b,200,10.185181
2026-09-17T05:23:35.720031126Z,aggregation,scaled,348cd506525f,200,10.335642
2026-09-17T05:23:35.781496481Z,aggregation,scaled,a1cb37b7da6b,200,10.976608
2026-09-17T05:23:35.842218971Z,aggregation,scaled,348cd506525f,200,12.052867
2026-09-17T05:23:35.90143392Z,aggregation,scaled,660681595a5e,200,10.619802
2026-09-17T05:23:35.962477022Z,aggregation,scaled,348cd506525f,200,12.344672
2026-09-17T05:23:36.021056368Z,aggregation,scaled,660681595a5e,200,11.146804
2026-09-17T05:23:36.082764392Z,aggregation,scaled,a1cb37b7da6b,200,12.100386
2026-09-17T05:23:36.141164431Z,aggregation,scaled,660681595a5e,200,10.83505
2026-09-17T05:23:36.200168258Z,aggregation,scaled,a1cb37b7da6b,200,10.447273
2026-09-17T05:23:36.262541874Z,aggregation,scaled,348cd506525f,200,11.856763
2026-09-17T05:23:36.330025364Z,aggregation,scaled,a1cb37b7da6b,200,19.161528
2026-09-17T05:23:36.382996641Z,aggregation,scaled,348cd506525f,200,12.146504
2026-09-17T05:23:36.443377255Z,aggregation,scaled,660681595a5e,200,12.788059
2026-09-17T05:23:36.500354548Z,aggregation,scaled,348cd506525f,200,10.67244
2026-09-17T05:23:36.562972381Z,aggregation,scaled,660681595a5e,200,12.963021
2026-09-17T05:23:36.622660127Z,aggregation,scaled,a1cb37b7da6b,200,12.107701
2026-09-17T05:23:36.683330541Z,aggregation,scaled,660681595a5e,200,12.456265
2026-09-17T05:23:36.741517841Z,aggregation,scaled,a1cb37b7da6b,200,11.601526
2026-09-17T05:23:36.803541042Z,aggregation,scaled,348cd506525f,200,13.384678
2026-09-17T05:23:36.861033791Z,aggregation,scaled,a1cb37b7da6b,200,10.852572
2026-09-17T05:23:36.921994777Z,aggregation,scaled,348cd506525f,200,11.312449
2026-09-17T05:23:36.984795819Z,aggregation,scaled,660681595a5e,200,14.149193
2026-09-17T05:23:37.041842316Z,aggregation,scaled,348cd506525f,200,11.483431
2026-09-17T05:23:37.101668936Z,aggregation,scaled,660681595a5e,200,11.212578
2026-09-17T05:23:37.162477359Z,aggregation,scaled,a1cb37b7da6b,200,12.297774
2026-09-17T05:23:37.222202958Z,aggregation,scaled,660681595a5e,200,12.125333
2026-09-17T05:23:37.281588041Z,aggregation,scaled,a1cb37b7da6b,200,11.750576
2026-09-17T05:23:37.341389965Z,aggregation,scaled,348cd506525f,200,11.215647
2026-09-17T05:23:37.401962788Z,aggregation,scaled,a1cb37b7da6b,200,12.00025
2026-09-17T05:23:37.46112028Z,aggregation,scaled,348cd506525f,200,10.509297
2026-09-17T05:23:37.522775276Z,aggregation,scaled,660681595a5e,200,12.006445
2026-09-17T05:23:37.583202015Z,aggregation,scaled,348cd506525f,200,12.544513
2026-09-17T05:23:37.641752668Z,aggregation,scaled,660681595a5e,200,11.580763
2026-09-17T05:23:37.702048267Z,aggregation,scaled,a1cb37b7da6b,200,11.714835
2026-09-17T05:23:37.761040677Z,aggregation,scaled,660681595a5e,200,10.208386
2026-09-17T05:23:37.82132384Z,aggregation,scaled,a1cb37b7da6b,200,10.672319
2026-09-17T05:23:37.881685938Z,aggregation,scaled,348cd506525f,200,11.784004
2026-09-17T05:23:37.941982981Z,aggregation,scaled,a1cb37b7da6b,200,11.780047
2026-09-17T05:23:38.002567906Z,aggregation,scaled,348cd506525f,200,12.031292
2026-09-17T05:23:38.060363391Z,aggregation,scaled,660681595a5e,200,10.25171
2026-09-17T05:23:38.120576365Z,aggregation,scaled,348cd506525f,200,10.604795
2026-09-17T05:23:38.181035534Z,aggregation,scaled,660681595a5e,200,10.870972
2026-09-17T05:23:38.240686702Z,aggregation,scaled,a1cb37b7da6b,200,10.919283
2026-09-17T05:23:38.29965788Z,aggregation,scaled,660681595a5e,200,9.500156
2026-09-17T05:23:38.362471647Z,aggregation,scaled,a1cb37b7da6b,200,12.295543
2026-09-17T05:23:38.41986329Z,aggregation,scaled,348cd506525f,200,9.894584
2026-09-17T05:23:38.480257255Z,aggregation,scaled,a1cb37b7da6b,200,9.739904
2026-09-17T05:23:38.541277079Z,aggregation,scaled,348cd506525f,200,11.546088
2026-09-17T05:23:38.600999682Z,aggregation,scaled,660681595a5e,200,11.131241
2026-09-17T05:23:38.660675155Z,aggregation,scaled,348cd506525f,200,9.99684
2026-09-17T05:23:38.7206163Z,aggregation,scaled,660681595a5e,200,10.177343
2026-09-17T05:23:38.781029106Z,aggregation,scaled,a1cb37b7da6b,200,10.924497
2026-09-17T05:23:38.840599773Z,aggregation,scaled,660681595a5e,200,10.207176
2026-09-17T05:23:38.900750676Z,aggregation,scaled,a1cb37b7da6b,200,10.335449
2026-09-17T05:23:38.964351864Z,aggregation,scaled,348cd506525f,200,14.144366
2026-09-17T05:23:39.020890036Z,aggregation,scaled,a1cb37b7da6b,200,11.018654
2026-09-17T05:23:39.080863212Z,aggregation,scaled,348cd506525f,200,10.40062
2026-09-17T05:23:39.142306491Z,aggregation,scaled,660681595a5e,200,11.873002
2026-09-17T05:23:39.199996423Z,aggregation,scaled,348cd506525f,200,10.038823
2026-09-17T05:23:39.261344687Z,aggregation,scaled,660681595a5e,200,10.762796
2026-09-17T05:23:39.320032431Z,aggregation,scaled,a1cb37b7da6b,200,10.295822
2026-09-17T05:23:39.381706887Z,aggregation,scaled,660681595a5e,200,10.879245
2026-09-17T05:23:39.441549041Z,aggregation,scaled,a1cb37b7da6b,200,11.383937
2026-09-17T05:23:39.501170121Z,aggregation,scaled,348cd506525f,200,11.113009
2026-09-17T05:23:39.560363142Z,aggregation,scaled,a1cb37b7da6b,200,10.683011
2026-09-17T05:23:39.619631127Z,aggregation,scaled,348cd506525f,200,9.821819
2026-09-17T05:23:39.679935005Z,aggregation,scaled,660681595a5e,200,9.665998
2026-09-17T05:23:39.742278388Z,aggregation,scaled,348cd506525f,200,11.796877
2026-09-17T05:23:39.800190218Z,aggregation,scaled,660681595a5e,200,10.502957
2026-09-17T05:23:39.85955424Z,aggregation,scaled,a1cb37b7da6b,200,9.917556
2026-09-17T05:23:39.922566372Z,aggregation,scaled,660681595a5e,200,12.150624
2026-09-17T05:23:39.981842468Z,aggregation,scaled,a1cb37b7da6b,200,11.758887
2026-09-17T05:23:40.040459326Z,aggregation,scaled,348cd506525f,200,10.073105
2026-09-17T05:23:40.100267801Z,aggregation,scaled,a1cb37b7da6b,200,10.12201
2026-09-17T05:23:40.159765502Z,aggregation,scaled,348cd506525f,200,9.888684
2026-09-17T05:23:40.219877618Z,aggregation,scaled,660681595a5e,200,9.478776
2026-09-17T05:23:40.282718808Z,aggregation,scaled,348cd506525f,200,12.224711
2026-09-17T05:23:40.341973761Z,aggregation,scaled,660681595a5e,200,11.82499
2026-09-17T05:23:40.40367781Z,aggregation,scaled,a1cb37b7da6b,200,13.204238
2026-09-17T05:23:40.460902715Z,aggregation,scaled,660681595a5e,200,10.626092
2026-09-17T05:23:40.520434984Z,aggregation,scaled,a1cb37b7da6b,200,9.960078
2026-09-17T05:23:40.580124084Z,aggregation,scaled,348cd506525f,200,10.259324
2026-09-17T05:23:40.641301588Z,aggregation,scaled,a1cb37b7da6b,200,10.630826
2026-09-17T05:23:40.700483058Z,aggregation,scaled,348cd506525f,200,10.607694
2026-09-17T05:23:40.759100731Z,aggregation,scaled,660681595a5e,200,9.125194
2026-09-17T05:23:40.820531746Z,aggregation,scaled,348cd506525f,200,9.891225
2026-09-17T05:23:40.880871027Z,aggregation,scaled,660681595a5e,200,10.717371
2026-09-17T05:23:40.941761047Z,aggregation,scaled,a1cb37b7da6b,200,11.385727
2026-09-17T05:23:41.003500178Z,aggregation,scaled,660681595a5e,200,13.118632
2026-09-17T05:23:41.059751029Z,aggregation,scaled,a1cb37b7da6b,200,9.697941
2026-09-17T05:23:41.120055468Z,aggregation,scaled,348cd506525f,200,9.739782
2026-09-17T05:23:41.18165625Z,aggregation,scaled,a1cb37b7da6b,200,11.045855
2026-09-17T05:23:41.241363855Z,aggregation,scaled,348cd506525f,200,11.150292
2026-09-17T05:23:41.301055981Z,aggregation,scaled,660681595a5e,200,11.187946
2026-09-17T05:23:41.361433735Z,aggregation,scaled,348cd506525f,200,10.829931
2026-09-17T05:23:41.419672897Z,aggregation,scaled,660681595a5e,200,9.870772
2026-09-17T05:23:41.483043994Z,aggregation,scaled,a1cb37b7da6b,200,12.878655
2026-09-17T05:23:41.540564286Z,aggregation,scaled,660681595a5e,200,10.792638
2026-09-17T05:23:41.602791381Z,aggregation,scaled,a1cb37b7da6b,200,12.50852
2026-09-17T05:23:41.663108928Z,aggregation,scaled,348cd506525f,200,12.640696
2026-09-17T05:23:41.720326181Z,aggregation,scaled,a1cb37b7da6b,200,9.70439
2026-09-17T05:23:41.78196938Z,aggregation,scaled,348cd506525f,200,12.125772
2026-09-17T05:23:41.841516141Z,aggregation,scaled,660681595a5e,200,10.795719
2026-09-17T05:23:41.904070279Z,aggregation,scaled,348cd506525f,200,13.936926
2026-09-17T05:23:41.961457111Z,aggregation,scaled,660681595a5e,200,10.789369
2026-09-17T05:23:42.021632291Z,aggregation,scaled,a1cb37b7da6b,200,11.581963
2026-09-17T05:23:42.081206699Z,aggregation,scaled,660681595a5e,200,11.09687
2026-09-17T05:23:42.140724072Z,aggregation,scaled,a1cb37b7da6b,200,11.014094
2026-09-17T05:23:42.202931726Z,aggregation,scaled,348cd506525f,200,12.625348
2026-09-17T05:23:42.261389234Z,aggregation,scaled,a1cb37b7da6b,200,10.847282
2026-09-17T05:23:42.321216318Z,aggregation,scaled,348cd506525f,200,11.056227
2026-09-17T05:23:42.381158562Z,aggregation,scaled,660681595a5e,200,10.429152
2026-09-17T05:23:42.441651375Z,aggregation,scaled,348cd506525f,200,10.936939
2026-09-17T05:23:42.501705705Z,aggregation,scaled,660681595a5e,200,11.407751
2026-09-17T05:23:42.56165464Z,aggregation,scaled,a1cb37b7da6b,200,11.282764
2026-09-17T05:23:42.620550638Z,aggregation,scaled,660681595a5e,200,10.358637
2026-09-17T05:23:42.68088159Z,aggregation,scaled,a1cb37b7da6b,200,10.749034
2026-09-17T05:23:42.741420241Z,aggregation,scaled,348cd506525f,200,10.685317
2026-09-17T05:23:42.800737178Z,aggregation,scaled,a1cb37b7da6b,200,10.957135
2026-09-17T05:23:42.864890596Z,aggregation,scaled,348cd506525f,200,14.619972
2026-09-17T05:23:42.921313224Z,aggregation,scaled,660681595a5e,200,10.642856
2026-09-17T05:23:42.982530233Z,aggregation,scaled,348cd506525f,200,12.566553
2026-09-17T05:23:43.043907199Z,aggregation,scaled,660681595a5e,200,13.791432
2026-09-17T05:23:43.10101059Z,aggregation,scaled,a1cb37b7da6b,200,10.486845
2026-09-17T05:23:43.16133173Z,aggregation,scaled,660681595a5e,200,10.679059
2026-09-17T05:23:43.22177964Z,aggregation,scaled,a1cb37b7da6b,200,11.872324
2026-09-17T05:23:43.280928518Z,aggregation,scaled,348cd506525f,200,10.484835
2026-09-17T05:23:43.340758243Z,aggregation,scaled,a1cb37b7da6b,200,10.299031
2026-09-17T05:23:43.401795704Z,aggregation,scaled,348cd506525f,200,11.329065
2026-09-17T05:23:43.461980965Z,aggregation,scaled,660681595a5e,200,11.562371
2026-09-17T05:23:43.52116399Z,aggregation,scaled,348cd506525f,200,10.537385
2026-09-17T05:23:43.580113068Z,aggregation,scaled,660681595a5e,200,10.388079
2026-09-17T05:23:43.641369609Z,aggregation,scaled,a1cb37b7da6b,200,11.430179
2026-09-17T05:23:43.700880927Z,aggregation,scaled,660681595a5e,200,10.613524
2026-09-17T05:23:43.761620947Z,aggregation,scaled,a1cb37b7da6b,200,10.888474
2026-09-17T05:23:43.820671283Z,aggregation,scaled,348cd506525f,200,10.440658
2026-09-17T05:23:43.881986318Z,aggregation,scaled,a1cb37b7da6b,200,11.556121
2026-09-17T05:23:43.942313349Z,aggregation,scaled,348cd506525f,200,11.6595
2026-09-17T05:23:44.003586616Z,aggregation,scaled,660681595a5e,200,13.56121
2026-09-17T05:23:44.060572511Z,aggregation,scaled,348cd506525f,200,10.366398
2026-09-17T05:23:44.121178328Z,aggregation,scaled,660681595a5e,200,11.079953
2026-09-17T05:23:44.184115261Z,aggregation,scaled,a1cb37b7da6b,200,14.180562
2026-09-17T05:23:44.242586372Z,aggregation,scaled,660681595a5e,200,12.751409
2026-09-17T05:23:44.30391961Z,aggregation,scaled,a1cb37b7da6b,200,13.831568
2026-09-17T05:23:44.364930775Z,aggregation,scaled,348cd506525f,200,14.268805
2026-09-17T05:23:44.426210636Z,aggregation,scaled,a1cb37b7da6b,200,15.622653
2026-09-17T05:23:44.482535338Z,aggregation,scaled,348cd506525f,200,12.329632
2026-09-17T05:23:44.541799866Z,aggregation,scaled,660681595a5e,200,11.66696
2026-09-17T05:23:44.605597275Z,aggregation,scaled,348cd506525f,200,14.808928
2026-09-17T05:23:44.662249389Z,aggregation,scaled,660681595a5e,200,11.776551
2026-09-17T05:23:44.720553479Z,aggregation,scaled,a1cb37b7da6b,200,10.827189
2026-09-17T05:23:44.781127267Z,aggregation,scaled,660681595a5e,200,11.034246
2026-09-17T05:23:44.840986564Z,aggregation,scaled,a1cb37b7da6b,200,11.229218
2026-09-17T05:23:44.905010259Z,aggregation,scaled,348cd506525f,200,14.171226
2026-09-17T05:23:44.962008775Z,aggregation,scaled,a1cb37b7da6b,200,11.37994
2026-09-17T05:23:45.021470616Z,aggregation,scaled,348cd506525f,200,10.832094
2026-09-17T05:23:45.081082077Z,aggregation,scaled,660681595a5e,200,10.964463
2026-09-17T05:23:45.142183757Z,aggregation,scaled,348cd506525f,200,11.503162
2026-09-17T05:23:45.202828147Z,aggregation,scaled,660681595a5e,200,12.993129
2026-09-17T05:23:45.262302127Z,aggregation,scaled,a1cb37b7da6b,200,11.763567
2026-09-17T05:23:45.321008518Z,aggregation,scaled,660681595a5e,200,10.973322
2026-09-17T05:23:45.381394232Z,aggregation,scaled,a1cb37b7da6b,200,10.831693
2026-09-17T05:23:45.441404239Z,aggregation,scaled,348cd506525f,200,11.684984
2026-09-17T05:23:45.499681502Z,aggregation,scaled,a1cb37b7da6b,200,9.819616
2026-09-17T05:23:45.559535109Z,aggregation,scaled,348cd506525f,200,9.335494
2026-09-17T05:23:45.62170056Z,aggregation,scaled,660681595a5e,200,11.339446
2026-09-17T05:23:45.682872045Z,aggregation,scaled,348cd506525f,200,12.48574
2026-09-17T05:23:45.741012227Z,aggregation,scaled,660681595a5e,200,10.524283
2026-09-17T05:23:45.803039659Z,aggregation,scaled,a1cb37b7da6b,200,12.297561
2026-09-17T05:23:45.860135452Z,aggregation,scaled,660681595a5e,200,10.47144
2026-09-17T05:23:45.921240751Z,aggregation,scaled,a1cb37b7da6b,200,11.54638
2026-09-17T05:23:45.980032048Z,aggregation,scaled,348cd506525f,200,10.340479
2026-09-17T05:23:46.042764958Z,aggregation,scaled,a1cb37b7da6b,200,12.054965
2026-09-17T05:23:46.102573155Z,aggregation,scaled,348cd506525f,200,12.22308
2026-09-17T05:23:46.162393621Z,aggregation,scaled,660681595a5e,200,12.183069
2026-09-17T05:23:46.220968676Z,aggregation,scaled,348cd506525f,200,11.105291
2026-09-17T05:23:46.281055525Z,aggregation,scaled,660681595a5e,200,10.289402
2026-09-17T05:23:46.340077405Z,aggregation,scaled,a1cb37b7da6b,200,10.311544
2026-09-17T05:23:46.403403248Z,aggregation,scaled,660681595a5e,200,12.708058
2026-09-17T05:23:46.464496398Z,aggregation,scaled,a1cb37b7da6b,200,14.565658
2026-09-17T05:23:46.520883694Z,aggregation,scaled,348cd506525f,200,10.894038
2026-09-17T05:23:46.581398344Z,aggregation,scaled,a1cb37b7da6b,200,10.874575
2026-09-17T05:23:46.641688881Z,aggregation,scaled,348cd506525f,200,11.096242
2026-09-17T05:23:46.701909509Z,aggregation,scaled,660681595a5e,200,11.234607
2026-09-17T05:23:46.760662245Z,aggregation,scaled,348cd506525f,200,10.443907
2026-09-17T05:23:46.822834862Z,aggregation,scaled,660681595a5e,200,12.631369
2026-09-17T05:23:46.883645647Z,aggregation,scaled,a1cb37b7da6b,200,13.028399
2026-09-17T05:23:46.941485294Z,aggregation,scaled,660681595a5e,200,11.170642
2026-09-17T05:23:47.003500941Z,aggregation,scaled,a1cb37b7da6b,200,13.382404
2026-09-17T05:23:47.063174145Z,aggregation,scaled,348cd506525f,200,13.006368
2026-09-17T05:23:47.12134352Z,aggregation,scaled,a1cb37b7da6b,200,10.63174
2026-09-17T05:23:47.180300888Z,aggregation,scaled,348cd506525f,200,10.399871
2026-09-17T05:23:47.241993586Z,aggregation,scaled,660681595a5e,200,12.005371
2026-09-17T05:23:47.305926967Z,aggregation,scaled,348cd506525f,200,15.355766
2026-09-17T05:23:47.363141926Z,aggregation,scaled,660681595a5e,200,13.18331
2026-09-17T05:23:47.422789749Z,aggregation,scaled,a1cb37b7da6b,200,11.981179
2026-09-17T05:23:47.48097311Z,aggregation,scaled,660681595a5e,200,10.655032
2026-09-17T05:23:47.540728475Z,aggregation,scaled,a1cb37b7da6b,200,10.079303
2026-09-17T05:23:47.602635054Z,aggregation,scaled,348cd506525f,200,12.3503
2026-09-17T05:23:47.662068819Z,aggregation,scaled,a1cb37b7da6b,200,11.865933
2026-09-17T05:23:47.721435016Z,aggregation,scaled,348cd506525f,200,10.625073
2026-09-17T05:23:47.781366613Z,aggregation,scaled,660681595a5e,200,11.219419
2026-09-17T05:23:47.843148208Z,aggregation,scaled,348cd506525f,200,13.132398
2026-09-17T05:23:47.90156832Z,aggregation,scaled,660681595a5e,200,10.768828
2026-09-17T05:23:47.961070373Z,aggregation,scaled,a1cb37b7da6b,200,10.932881
2026-09-17T05:23:48.01956892Z,aggregation,scaled,660681595a5e,200,9.923233
2026-09-17T05:23:48.08217807Z,aggregation,scaled,a1cb37b7da6b,200,11.99548
2026-09-17T05:23:48.139863332Z,aggregation,scaled,348cd506525f,200,10.151229
2026-09-17T05:23:48.199995177Z,aggregation,scaled,a1cb37b7da6b,200,10.286213
2026-09-17T05:23:48.260422862Z,aggregation,scaled,348cd506525f,200,9.903192
2026-09-17T05:23:48.322352408Z,aggregation,scaled,660681595a5e,200,12.49026
2026-09-17T05:23:48.381521598Z,aggregation,scaled,348cd506525f,200,11.598614
2026-09-17T05:23:48.440934406Z,aggregation,scaled,660681595a5e,200,10.867066
2026-09-17T05:23:48.50285725Z,aggregation,scaled,a1cb37b7da6b,200,12.344863
2026-09-17T05:23:48.562683576Z,aggregation,scaled,660681595a5e,200,12.368795
2026-09-17T05:23:48.62159193Z,aggregation,scaled,a1cb37b7da6b,200,11.346053
2026-09-17T05:23:48.680417287Z,aggregation,scaled,348cd506525f,200,10.129595
2026-09-17T05:23:48.739879928Z,aggregation,scaled,a1cb37b7da6b,200,9.790954
2026-09-17T05:23:48.801833387Z,aggregation,scaled,348cd506525f,200,11.352759
2026-09-17T05:23:48.860439012Z,aggregation,scaled,660681595a5e,200,11.214679
2026-09-17T05:23:48.920985014Z,aggregation,scaled,348cd506525f,200,11.908474
2026-09-17T05:23:48.980200109Z,aggregation,scaled,660681595a5e,200,10.578917
2026-09-17T05:23:49.041381605Z,aggregation,scaled,a1cb37b7da6b,200,12.531278
2026-09-17T05:23:49.10061477Z,aggregation,scaled,660681595a5e,200,11.877513
2026-09-17T05:23:49.1606655Z,aggregation,scaled,a1cb37b7da6b,200,11.439925
2026-09-17T05:23:49.219648457Z,aggregation,scaled,348cd506525f,200,10.437027
2026-09-17T05:23:49.280712211Z,aggregation,scaled,a1cb37b7da6b,200,11.47332
2026-09-17T05:23:49.341941815Z,aggregation,scaled,348cd506525f,200,12.782175
2026-09-17T05:23:49.399847452Z,aggregation,scaled,660681595a5e,200,10.284447
2026-09-17T05:23:49.459606032Z,aggregation,scaled,348cd506525f,200,9.979302
2026-09-17T05:23:49.520850452Z,aggregation,scaled,660681595a5e,200,11.506479
2026-09-17T05:23:49.579969019Z,aggregation,scaled,a1cb37b7da6b,200,10.421876
2026-09-17T05:23:49.640092434Z,aggregation,scaled,660681595a5e,200,10.619578
2026-09-17T05:23:49.701387398Z,aggregation,scaled,a1cb37b7da6b,200,12.646966
2026-09-17T05:23:49.760186663Z,aggregation,scaled,348cd506525f,200,11.536159
2026-09-17T05:23:49.819528826Z,aggregation,scaled,a1cb37b7da6b,200,10.845174
2026-09-17T05:23:49.878972247Z,aggregation,scaled,348cd506525f,200,9.904252
2026-09-17T05:23:49.940401416Z,aggregation,scaled,660681595a5e,200,10.739196
2026-09-17T05:23:49.998599282Z,aggregation,scaled,348cd506525f,200,9.901897
2026-09-17T05:23:50.061041732Z,aggregation,scaled,660681595a5e,200,11.744694
2026-09-17T05:23:50.12000618Z,aggregation,scaled,a1cb37b7da6b,200,10.34134
2026-09-17T05:23:50.179642233Z,aggregation,scaled,660681595a5e,200,10.01463
2026-09-17T05:23:50.241799152Z,aggregation,scaled,a1cb37b7da6b,200,12.456361
2026-09-17T05:23:50.301322427Z,aggregation,scaled,348cd506525f,200,11.98438
2026-09-17T05:23:50.359513183Z,aggregation,scaled,a1cb37b7da6b,200,10.643841
2026-09-17T05:23:50.418891437Z,aggregation,scaled,348cd506525f,200,9.781512
2026-09-17T05:23:50.480712026Z,aggregation,scaled,660681595a5e,200,11.119004
2026-09-17T05:23:50.540730394Z,aggregation,scaled,348cd506525f,200,11.290765
2026-09-17T05:23:50.59954112Z,aggregation,scaled,660681595a5e,200,10.240803
2026-09-17T05:23:50.659818326Z,aggregation,scaled,a1cb37b7da6b,200,10.733208
2026-09-17T05:23:50.720622125Z,aggregation,scaled,660681595a5e,200,11.279733
2026-09-17T05:23:50.780787503Z,aggregation,scaled,a1cb37b7da6b,200,11.462425
2026-09-17T05:23:50.839698958Z,aggregation,scaled,348cd506525f,200,10.270907
2026-09-17T05:23:50.900967883Z,aggregation,scaled,a1cb37b7da6b,200,11.691065
2026-09-17T05:23:50.960165922Z,aggregation,scaled,348cd506525f,200,10.62033
2026-09-17T05:23:51.019203715Z,aggregation,scaled,660681595a5e,200,10.445458
2026-09-17T05:23:51.08070253Z,aggregation,scaled,348cd506525f,200,11.818488
2026-09-17T05:23:51.139645377Z,aggregation,scaled,660681595a5e,200,10.246399
2026-09-17T05:23:51.199338979Z,aggregation,scaled,a1cb37b7da6b,200,10.161115
2026-09-17T05:23:51.260967548Z,aggregation,scaled,660681595a5e,200,12.181104
2026-09-17T05:23:51.320975491Z,aggregation,scaled,a1cb37b7da6b,200,11.381976
2026-09-17T05:23:51.380278017Z,aggregation,scaled,348cd506525f,200,10.723275
2026-09-17T05:23:51.440542491Z,aggregation,scaled,a1cb37b7da6b,200,11.724323
2026-09-17T05:23:51.502118283Z,aggregation,scaled,348cd506525f,200,13.02753
2026-09-17T05:23:51.560022149Z,aggregation,scaled,660681595a5e,200,11.253631
2026-09-17T05:23:51.620436003Z,aggregation,scaled,348cd506525f,200,10.756389
2026-09-17T05:23:51.682057392Z,aggregation,scaled,660681595a5e,200,12.95853
2026-09-17T05:23:51.740965941Z,aggregation,scaled,a1cb37b7da6b,200,11.256752
2026-09-17T05:23:51.803635536Z,aggregation,scaled,660681595a5e,200,14.128455
2026-09-17T05:23:51.8636099Z,aggregation,scaled,a1cb37b7da6b,200,14.151313
2026-09-17T05:23:51.918908473Z,aggregation,scaled,348cd506525f,200,9.756182
2026-09-17T05:23:51.981493571Z,aggregation,scaled,a1cb37b7da6b,200,12.001325
2026-09-17T05:23:52.044829846Z,aggregation,scaled,348cd506525f,200,15.761957
2026-09-17T05:23:52.101616967Z,aggregation,scaled,660681595a5e,200,12.443714
2026-09-17T05:23:52.161789273Z,aggregation,scaled,348cd506525f,200,12.68435
2026-09-17T05:23:52.22348717Z,aggregation,scaled,660681595a5e,200,14.042219
2026-09-17T05:23:52.283231837Z,aggregation,scaled,a1cb37b7da6b,200,14.057936
2026-09-17T05:23:52.341225614Z,aggregation,scaled,660681595a5e,200,12.030053
2026-09-17T05:23:52.403029272Z,aggregation,scaled,a1cb37b7da6b,200,13.340614
2026-09-17T05:23:52.463878734Z,aggregation,scaled,348cd506525f,200,15.181676
2026-09-17T05:23:52.525147161Z,aggregation,scaled,a1cb37b7da6b,200,15.627125
2026-09-17T05:23:52.582343699Z,aggregation,scaled,348cd506525f,200,12.554742
2026-09-17T05:23:52.641447939Z,aggregation,scaled,660681595a5e,200,12.417207
2026-09-17T05:23:52.699832362Z,aggregation,scaled,348cd506525f,200,11.074573
2026-09-17T05:23:52.761159454Z,aggregation,scaled,660681595a5e,200,11.723737
2026-09-17T05:23:52.820737709Z,aggregation,scaled,a1cb37b7da6b,200,12.026735
2026-09-17T05:23:52.889639025Z,aggregation,scaled,660681595a5e,200,20.108443
2026-09-17T05:23:52.940653204Z,aggregation,scaled,a1cb37b7da6b,200,11.500932
2026-09-17T05:23:53.00098301Z,aggregation,scaled,348cd506525f,200,11.653842
2026-09-17T05:23:53.060505369Z,aggregation,scaled,a1cb37b7da6b,200,11.020045
2026-09-17T05:23:53.119646039Z,aggregation,scaled,348cd506525f,200,10.512652
2026-09-17T05:23:53.180431486Z,aggregation,scaled,660681595a5e,200,11.071513
2026-09-17T05:23:53.242313085Z,aggregation,scaled,348cd506525f,200,13.324773
2026-09-17T05:23:53.299402257Z,aggregation,scaled,660681595a5e,200,10.72546
2026-09-17T05:23:53.359603554Z,aggregation,scaled,a1cb37b7da6b,200,10.571341
2026-09-17T05:23:53.420321246Z,aggregation,scaled,660681595a5e,200,11.042025
2026-09-17T05:23:53.480295089Z,aggregation,scaled,a1cb37b7da6b,200,11.392554
2026-09-17T05:23:53.539103255Z,aggregation,scaled,348cd506525f,200,10.525527
2026-09-17T05:23:53.598825021Z,aggregation,scaled,a1cb37b7da6b,200,10.169674
2026-09-17T05:23:53.660667591Z,aggregation,scaled,348cd506525f,200,11.181275
2026-09-17T05:23:53.720502795Z,aggregation,scaled,660681595a5e,200,11.118991
2026-09-17T05:23:53.781290946Z,aggregation,scaled,348cd506525f,200,12.153705
2026-09-17T05:23:53.839990851Z,aggregation,scaled,660681595a5e,200,11.095421
2026-09-17T05:23:53.900868537Z,aggregation,scaled,a1cb37b7da6b,200,11.408296
2026-09-17T05:23:53.960969208Z,aggregation,scaled,660681595a5e,200,11.612869
2026-09-17T05:23:54.019901582Z,aggregation,scaled,a1cb37b7da6b,200,10.236718
2026-09-17T05:23:54.080649637Z,aggregation,scaled,348cd506525f,200,11.071643
2026-09-17T05:23:54.140684572Z,aggregation,scaled,a1cb37b7da6b,200,11.516214
2026-09-17T05:23:54.201161399Z,aggregation,scaled,348cd506525f,200,11.855806
2026-09-17T05:23:54.259071265Z,aggregation,scaled,660681595a5e,200,10.508836
2026-09-17T05:23:54.320442802Z,aggregation,scaled,348cd506525f,200,10.828577
2026-09-17T05:23:54.380254875Z,aggregation,scaled,660681595a5e,200,11.287347
2026-09-17T05:23:54.439351333Z,aggregation,scaled,a1cb37b7da6b,200,10.694854
2026-09-17T05:23:54.498473743Z,aggregation,scaled,660681595a5e,200,9.795769
2026-09-17T05:23:54.560375734Z,aggregation,scaled,a1cb37b7da6b,200,11.382604
2026-09-17T05:23:54.621290728Z,aggregation,scaled,348cd506525f,200,12.407282
2026-09-17T05:23:54.679429638Z,aggregation,scaled,a1cb37b7da6b,200,10.584812
2026-09-17T05:23:54.740799868Z,aggregation,scaled,348cd506525f,200,11.833459
2026-09-17T05:23:54.801505435Z,aggregation,scaled,660681595a5e,200,12.085286
2026-09-17T05:23:54.860235836Z,aggregation,scaled,348cd506525f,200,11.114152
2026-09-17T05:23:54.919820312Z,aggregation,scaled,660681595a5e,200,11.057001
2026-09-17T05:23:54.97941845Z,aggregation,scaled,a1cb37b7da6b,200,10.023015
2026-09-17T05:23:55.039517961Z,aggregation,scaled,660681595a5e,200,10.597491
2026-09-17T05:23:55.100816842Z,aggregation,scaled,a1cb37b7da6b,200,11.834914
2026-09-17T05:23:55.161632561Z,aggregation,scaled,348cd506525f,200,12.240461
2026-09-17T05:23:55.218934037Z,aggregation,scaled,a1cb37b7da6b,200,9.789389
2026-09-17T05:23:55.280032764Z,aggregation,scaled,348cd506525f,200,10.530598
2026-09-17T05:23:55.341151792Z,aggregation,scaled,660681595a5e,200,11.560156
2026-09-17T05:23:55.399492056Z,aggregation,scaled,348cd506525f,200,10.8681
2026-09-17T05:23:55.459779795Z,aggregation,scaled,660681595a5e,200,10.662872
2026-09-17T05:23:55.520328915Z,aggregation,scaled,a1cb37b7da6b,200,10.911609
2026-09-17T05:23:55.58028066Z,aggregation,scaled,660681595a5e,200,11.454048
2026-09-17T05:23:55.638942391Z,aggregation,scaled,a1cb37b7da6b,200,10.271486
2026-09-17T05:23:55.70159954Z,aggregation,scaled,348cd506525f,200,12.021509
2026-09-17T05:23:55.760496757Z,aggregation,scaled,a1cb37b7da6b,200,11.307929
2026-09-17T05:23:55.819191755Z,aggregation,scaled,348cd506525f,200,9.947458
2026-09-17T05:23:55.879026698Z,aggregation,scaled,660681595a5e,200,10.209466
2026-09-17T05:23:55.941085859Z,aggregation,scaled,348cd506525f,200,11.475346
2026-09-17T05:23:55.999748904Z,aggregation,scaled,660681595a5e,200,11.130237
2026-09-17T05:23:56.059963613Z,aggregation,scaled,a1cb37b7da6b,200,10.632694
2026-09-17T05:23:56.127210343Z,aggregation,scaled,660681595a5e,200,17.66696
2026-09-17T05:23:56.178703789Z,aggregation,scaled,a1cb37b7da6b,200,10.055456
2026-09-17T05:23:56.240091725Z,aggregation,scaled,348cd506525f,200,10.793386
2026-09-17T05:23:56.300297288Z,aggregation,scaled,a1cb37b7da6b,200,11.674558
2026-09-17T05:23:56.360688919Z,aggregation,scaled,348cd506525f,200,11.651128
2026-09-17T05:23:56.419362894Z,aggregation,scaled,660681595a5e,200,10.193485
2026-09-17T05:23:56.484094178Z,aggregation,scaled,348cd506525f,200,15.010244
2026-09-17T05:23:56.541024133Z,aggregation,scaled,660681595a5e,200,11.99893
2026-09-17T05:23:56.599455138Z,aggregation,scaled,a1cb37b7da6b,200,10.136041
2026-09-17T05:23:56.659642025Z,aggregation,scaled,660681595a5e,200,10.515937
2026-09-17T05:23:56.720280668Z,aggregation,scaled,a1cb37b7da6b,200,11.013876
2026-09-17T05:23:56.778911765Z,aggregation,scaled,348cd506525f,200,10.171704
2026-09-17T05:23:56.843521015Z,aggregation,scaled,a1cb37b7da6b,200,13.866773
2026-09-17T05:23:56.901772714Z,aggregation,scaled,348cd506525f,200,12.856652
2026-09-17T05:23:56.961311663Z,aggregation,scaled,660681595a5e,200,11.630846
2026-09-17T05:23:57.019584485Z,aggregation,scaled,348cd506525f,200,10.720484
2026-09-17T05:23:57.082284818Z,aggregation,scaled,660681595a5e,200,13.141215
2026-09-17T05:23:57.140643664Z,aggregation,scaled,a1cb37b7da6b,200,11.816428
2026-09-17T05:23:57.200481318Z,aggregation,scaled,660681595a5e,200,11.24095
2026-09-17T05:23:57.260914731Z,aggregation,scaled,a1cb37b7da6b,200,11.880117
2026-09-17T05:23:57.321126168Z,aggregation,scaled,348cd506525f,200,11.280427
2026-09-17T05:23:57.380731976Z,aggregation,scaled,a1cb37b7da6b,200,11.201502
2026-09-17T05:23:57.440952056Z,aggregation,scaled,348cd506525f,200,11.452079
2026-09-17T05:23:57.500629189Z,aggregation,scaled,660681595a5e,200,11.02739
2026-09-17T05:23:57.559287953Z,aggregation,scaled,348cd506525f,200,9.967241
2026-09-17T05:23:57.622142287Z,aggregation,scaled,660681595a5e,200,13.220156
2026-09-17T05:23:57.679399144Z,aggregation,scaled,a1cb37b7da6b,200,10.733846
2026-09-17T05:23:57.740208798Z,aggregation,scaled,660681595a5e,200,11.275177
2026-09-17T05:23:57.798957739Z,aggregation,scaled,a1cb37b7da6b,200,10.239097
2026-09-17T05:23:57.860948068Z,aggregation,scaled,348cd506525f,200,11.487456
2026-09-17T05:23:57.921070796Z,aggregation,scaled,a1cb37b7da6b,200,11.408926
2026-09-17T05:23:57.980791512Z,aggregation,scaled,348cd506525f,200,11.209013
2026-09-17T05:23:58.039850035Z,aggregation,scaled,660681595a5e,200,10.468593
2026-09-17T05:23:58.101030216Z,aggregation,scaled,348cd506525f,200,11.521503
2026-09-17T05:23:58.160303652Z,aggregation,scaled,660681595a5e,200,11.635311
2026-09-17T05:23:58.219052515Z,aggregation,scaled,a1cb37b7da6b,200,10.277161
2026-09-17T05:23:58.278678997Z,aggregation,scaled,660681595a5e,200,9.907366
2026-09-17T05:23:58.340195701Z,aggregation,scaled,a1cb37b7da6b,200,10.789275
2026-09-17T05:23:58.401099266Z,aggregation,scaled,348cd506525f,200,12.263113
2026-09-17T05:23:58.460412855Z,aggregation,scaled,a1cb37b7da6b,200,10.804591
2026-09-17T05:23:58.519613418Z,aggregation,scaled,348cd506525f,200,10.689853
2026-09-17T05:23:58.579780063Z,aggregation,scaled,660681595a5e,200,10.481694
2026-09-17T05:23:58.64180207Z,aggregation,scaled,348cd506525f,200,12.391556
2026-09-17T05:23:58.703413461Z,aggregation,scaled,660681595a5e,200,13.859249
2026-09-17T05:23:58.760524194Z,aggregation,scaled,a1cb37b7da6b,200,11.604643
2026-09-17T05:23:58.819764538Z,aggregation,scaled,660681595a5e,200,10.620793
2026-09-17T05:23:58.879548488Z,aggregation,scaled,a1cb37b7da6b,200,10.25647
2026-09-17T05:23:58.939472806Z,aggregation,scaled,348cd506525f,200,10.152632
2026-09-17T05:23:59.004737865Z,aggregation,scaled,a1cb37b7da6b,200,15.024955
2026-09-17T05:23:59.06044696Z,aggregation,scaled,348cd506525f,200,10.805746
2026-09-17T05:23:59.122315937Z,aggregation,scaled,660681595a5e,200,13.176923
2026-09-17T05:23:59.181625101Z,aggregation,scaled,348cd506525f,200,12.814464
2026-09-17T05:23:59.238909655Z,aggregation,scaled,660681595a5e,200,9.708397
2026-09-17T05:23:59.300608828Z,aggregation,scaled,a1cb37b7da6b,200,11.688875
2026-09-17T05:23:59.35951228Z,aggregation,scaled,660681595a5e,200,10.321704
2026-09-17T05:23:59.419357272Z,aggregation,scaled,a1cb37b7da6b,200,10.12974
2026-09-17T05:23:59.479125691Z,aggregation,scaled,348cd506525f,200,10.170502
2026-09-17T05:23:59.54131293Z,aggregation,scaled,a1cb37b7da6b,200,11.686984
2026-09-17T05:23:59.599985029Z,aggregation,scaled,348cd506525f,200,11.283917
2026-09-17T05:23:59.661194687Z,aggregation,scaled,660681595a5e,200,11.719382
2026-09-17T05:23:59.721234688Z,aggregation,scaled,348cd506525f,200,12.503849
2026-09-17T05:23:59.779226347Z,aggregation,scaled,660681595a5e,200,10.338685
2026-09-17T05:23:59.839911654Z,aggregation,scaled,a1cb37b7da6b,200,11.123201
2026-09-17T05:23:59.902014713Z,aggregation,scaled,660681595a5e,200,12.644112
2026-09-17T05:23:59.962313659Z,aggregation,scaled,a1cb37b7da6b,200,12.700041
2026-09-17T05:24:00.021096883Z,aggregation,scaled,348cd506525f,200,12.360448
2026-09-17T05:24:00.083093979Z,aggregation,scaled,a1cb37b7da6b,200,13.314223
2026-09-17T05:24:00.145689024Z,aggregation,scaled,348cd506525f,200,16.111819
2026-09-17T05:24:00.200387371Z,aggregation,scaled,660681595a5e,200,11.375198
2026-09-17T05:24:00.261169965Z,aggregation,scaled,348cd506525f,200,12.318346
2026-09-17T05:24:00.321478786Z,aggregation,scaled,660681595a5e,200,11.716758
2026-09-17T05:24:00.381445652Z,aggregation,scaled,a1cb37b7da6b,200,12.541545
2026-09-17T05:24:00.440462623Z,aggregation,scaled,660681595a5e,200,11.526322
2026-09-17T05:24:00.499858236Z,aggregation,scaled,a1cb37b7da6b,200,10.834746
2026-09-17T05:24:00.561021656Z,aggregation,scaled,348cd506525f,200,11.586356
2026-09-17T05:24:00.621855111Z,aggregation,scaled,a1cb37b7da6b,200,12.204074
2026-09-17T05:24:00.680348176Z,aggregation,scaled,348cd506525f,200,10.785953
2026-09-17T05:24:00.741062457Z,aggregation,scaled,660681595a5e,200,12.214439
2026-09-17T05:24:00.799824887Z,aggregation,scaled,348cd506525f,200,11.112185
2026-09-17T05:24:00.861426727Z,aggregation,scaled,660681595a5e,200,11.946532
2026-09-17T05:24:00.92116015Z,aggregation,scaled,a1cb37b7da6b,200,12.161965
2026-09-17T05:24:00.980737287Z,aggregation,scaled,660681595a5e,200,11.040391
2026-09-17T05:24:01.040399287Z,aggregation,scaled,a1cb37b7da6b,200,10.991148
2026-09-17T05:24:01.101338223Z,aggregation,scaled,348cd506525f,200,12.279635
2026-09-17T05:24:01.16065207Z,aggregation,scaled,a1cb37b7da6b,200,11.841728
2026-09-17T05:24:01.219642736Z,aggregation,scaled,348cd506525f,200,10.661965
2026-09-17T05:24:01.281770741Z,aggregation,scaled,660681595a5e,200,12.446294
2026-09-17T05:24:01.341914624Z,aggregation,scaled,348cd506525f,200,12.493534
2026-09-17T05:24:01.400924059Z,aggregation,scaled,660681595a5e,200,11.429496
2026-09-17T05:24:01.461431157Z,aggregation,scaled,a1cb37b7da6b,200,11.337626
2026-09-17T05:24:01.522274065Z,aggregation,scaled,660681595a5e,200,12.614925
2026-09-17T05:24:01.581304634Z,aggregation,scaled,a1cb37b7da6b,200,12.576764
2026-09-17T05:24:01.640276437Z,aggregation,scaled,348cd506525f,200,11.537283
2026-09-17T05:24:01.700205965Z,aggregation,scaled,a1cb37b7da6b,200,11.17353
2026-09-17T05:24:01.759976262Z,aggregation,scaled,348cd506525f,200,10.217395
2026-09-17T05:24:01.820608017Z,aggregation,scaled,660681595a5e,200,11.075904
2026-09-17T05:24:01.88047802Z,aggregation,scaled,348cd506525f,200,11.159028
2026-09-17T05:24:01.939899393Z,aggregation,scaled,660681595a5e,200,10.848307
2026-09-17T05:24:02.00067087Z,aggregation,scaled,a1cb37b7da6b,200,11.300354
2026-09-17T05:24:02.06094545Z,aggregation,scaled,660681595a5e,200,11.774169
2026-09-17T05:24:02.12148502Z,aggregation,scaled,a1cb37b7da6b,200,11.702089
2026-09-17T05:24:02.179552092Z,aggregation,scaled,348cd506525f,200,10.585849
2026-09-17T05:24:02.240743535Z,aggregation,scaled,a1cb37b7da6b,200,11.726896
2026-09-17T05:24:02.300578385Z,aggregation,scaled,348cd506525f,200,11.255432
2026-09-17T05:24:02.360173232Z,aggregation,scaled,660681595a5e,200,11.101244
2026-09-17T05:24:02.419004026Z,aggregation,scaled,348cd506525f,200,10.344279
2026-09-17T05:24:02.480464047Z,aggregation,scaled,660681595a5e,200,10.852057
2026-09-17T05:24:02.541903377Z,aggregation,scaled,a1cb37b7da6b,200,12.789442
2026-09-17T05:24:02.600223788Z,aggregation,scaled,660681595a5e,200,10.747739
2026-09-17T05:24:02.658862379Z,aggregation,scaled,a1cb37b7da6b,200,10.237976
2026-09-17T05:24:02.72010853Z,aggregation,scaled,348cd506525f,200,10.440496
2026-09-17T05:24:02.781826463Z,aggregation,scaled,a1cb37b7da6b,200,12.144944
2026-09-17T05:24:02.840941707Z,aggregation,scaled,348cd506525f,200,11.543045
2026-09-17T05:24:02.903719016Z,aggregation,scaled,660681595a5e,200,14.220393
2026-09-17T05:24:02.959765273Z,aggregation,scaled,348cd506525f,200,10.481283
2026-09-17T05:24:03.021250245Z,aggregation,scaled,660681595a5e,200,11.91274
2026-09-17T05:24:03.078986411Z,aggregation,scaled,a1cb37b7da6b,200,10.156502
2026-09-17T05:24:03.139674574Z,aggregation,scaled,660681595a5e,200,10.069116
2026-09-17T05:24:03.200894219Z,aggregation,scaled,a1cb37b7da6b,200,11.671164
2026-09-17T05:24:03.261867485Z,aggregation,scaled,348cd506525f,200,12.572383
2026-09-17T05:24:03.320762894Z,aggregation,scaled,a1cb37b7da6b,200,11.353463
2026-09-17T05:24:03.37901646Z,aggregation,scaled,348cd506525f,200,9.723512
2026-09-17T05:24:03.44046935Z,aggregation,scaled,660681595a5e,200,10.864715
2026-09-17T05:24:03.498877757Z,aggregation,scaled,348cd506525f,200,9.840072
2026-09-17T05:24:03.560332467Z,aggregation,scaled,660681595a5e,200,10.769063
2026-09-17T05:24:03.620213297Z,aggregation,scaled,a1cb37b7da6b,200,11.447934
2026-09-17T05:24:03.68045657Z,aggregation,scaled,660681595a5e,200,11.563486
2026-09-17T05:24:03.73906664Z,aggregation,scaled,a1cb37b7da6b,200,10.097197
2026-09-17T05:24:03.801249238Z,aggregation,scaled,348cd506525f,200,11.724625
2026-09-17T05:24:03.860830142Z,aggregation,scaled,a1cb37b7da6b,200,11.834683
2026-09-17T05:24:03.921128741Z,aggregation,scaled,348cd506525f,200,11.547869
2026-09-17T05:24:03.981319012Z,aggregation,scaled,660681595a5e,200,12.367559
2026-09-17T05:24:04.040530047Z,aggregation,scaled,348cd506525f,200,11.667418
2026-09-17T05:24:04.099993969Z,aggregation,scaled,660681595a5e,200,11.174519
2026-09-17T05:24:04.159828831Z,aggregation,scaled,a1cb37b7da6b,200,11.259785
2026-09-17T05:24:04.221174009Z,aggregation,scaled,660681595a5e,200,11.784628
2026-09-17T05:24:04.279199523Z,aggregation,scaled,a1cb37b7da6b,200,10.350214
2026-09-17T05:24:04.339243943Z,aggregation,scaled,348cd506525f,200,10.549091
2026-09-17T05:24:04.401256244Z,aggregation,scaled,a1cb37b7da6b,200,12.559491
2026-09-17T05:24:04.459148396Z,aggregation,scaled,348cd506525f,200,10.357193
2026-09-17T05:24:04.518564735Z,aggregation,scaled,660681595a5e,200,9.79952
2026-09-17T05:24:04.581153787Z,aggregation,scaled,348cd506525f,200,12.128902
2026-09-17T05:24:04.63924958Z,aggregation,scaled,660681595a5e,200,10.267938
2026-09-17T05:24:04.699528132Z,aggregation,scaled,a1cb37b7da6b,200,10.671279
2026-09-17T05:24:04.760175464Z,aggregation,scaled,660681595a5e,200,10.862404
2026-09-17T05:24:04.82078567Z,aggregation,scaled,a1cb37b7da6b,200,11.196691
2026-09-17T05:24:04.879654697Z,aggregation,scaled,348cd506525f,200,10.406218
2026-09-17T05:24:04.942085963Z,aggregation,scaled,a1cb37b7da6b,200,12.853242
2026-09-17T05:24:05.001474629Z,aggregation,scaled,348cd506525f,200,11.729751
2026-09-17T05:24:05.060670763Z,aggregation,scaled,660681595a5e,200,11.656972
2026-09-17T05:24:05.119825061Z,aggregation,scaled,348cd506525f,200,10.580841
2026-09-17T05:24:05.182271229Z,aggregation,scaled,660681595a5e,200,12.994452
2026-09-17T05:24:05.240569537Z,aggregation,scaled,a1cb37b7da6b,200,11.802541
2026-09-17T05:24:05.300165493Z,aggregation,scaled,660681595a5e,200,11.082712
2026-09-17T05:24:05.358951504Z,aggregation,scaled,a1cb37b7da6b,200,10.371666
2026-09-17T05:24:05.420108894Z,aggregation,scaled,348cd506525f,200,10.531917
2026-09-17T05:24:05.479367828Z,aggregation,scaled,a1cb37b7da6b,200,10.697947
2026-09-17T05:24:05.543773477Z,aggregation,scaled,348cd506525f,200,14.815504
2026-09-17T05:24:05.600772318Z,aggregation,scaled,660681595a5e,200,11.618709
2026-09-17T05:24:05.659579001Z,aggregation,scaled,348cd506525f,200,10.401898
2026-09-17T05:24:05.719444485Z,aggregation,scaled,660681595a5e,200,10.311033
2026-09-17T05:24:05.780824581Z,aggregation,scaled,a1cb37b7da6b,200,11.951878
2026-09-17T05:24:05.840755618Z,aggregation,scaled,660681595a5e,200,11.287336
2026-09-17T05:24:05.900254028Z,aggregation,scaled,a1cb37b7da6b,200,10.805235
2026-09-17T05:24:05.960491946Z,aggregation,scaled,348cd506525f,200,11.864996
2026-09-17T05:24:06.019962283Z,aggregation,scaled,a1cb37b7da6b,200,10.971005
2026-09-17T05:24:06.080994836Z,aggregation,scaled,348cd506525f,200,11.446537
2026-09-17T05:24:06.141237564Z,aggregation,scaled,660681595a5e,200,11.650761
2026-09-17T05:24:06.1993326Z,aggregation,scaled,348cd506525f,200,10.671395
2026-09-17T05:24:06.258755063Z,aggregation,scaled,660681595a5e,200,9.944386
2026-09-17T05:24:06.319757893Z,aggregation,scaled,a1cb37b7da6b,200,10.507204
2026-09-17T05:24:06.380960527Z,aggregation,scaled,660681595a5e,200,11.710144
2026-09-17T05:24:06.441264682Z,aggregation,scaled,a1cb37b7da6b,200,11.730387
2026-09-17T05:24:06.501688172Z,aggregation,scaled,348cd506525f,200,12.98362
2026-09-17T05:24:06.56130239Z,aggregation,scaled,a1cb37b7da6b,200,11.501271
2026-09-17T05:24:06.621066751Z,aggregation,scaled,348cd506525f,200,11.319463
2026-09-17T05:24:06.680514712Z,aggregation,scaled,660681595a5e,200,10.75386
2026-09-17T05:24:06.742180256Z,aggregation,scaled,348cd506525f,200,12.966259
2026-09-17T05:24:06.799563824Z,aggregation,scaled,660681595a5e,200,9.868482
2026-09-17T05:24:06.860056609Z,aggregation,scaled,a1cb37b7da6b,200,10.934253
2026-09-17T05:24:06.921261663Z,aggregation,scaled,660681595a5e,200,11.569496
2026-09-17T05:24:06.97975028Z,aggregation,scaled,a1cb37b7da6b,200,10.869255
2026-09-17T05:24:07.041101318Z,aggregation,scaled,348cd506525f,200,11.586408
2026-09-17T05:24:07.100759367Z,aggregation,scaled,a1cb37b7da6b,200,11.107225
2026-09-17T05:24:07.163929012Z,aggregation,scaled,348cd506525f,200,14.270817
2026-09-17T05:24:07.222445135Z,aggregation,scaled,660681595a5e,200,12.811948
2026-09-17T05:24:07.283399262Z,aggregation,scaled,348cd506525f,200,14.15961
2026-09-17T05:24:07.344376465Z,aggregation,scaled,660681595a5e,200,15.184849
2026-09-17T05:24:07.404859045Z,aggregation,scaled,a1cb37b7da6b,200,16.107945
2026-09-17T05:24:07.461012989Z,aggregation,scaled,660681595a5e,200,11.433746
2026-09-17T05:24:07.523270734Z,aggregation,scaled,a1cb37b7da6b,200,13.526898
2026-09-17T05:24:07.5819861Z,aggregation,scaled,348cd506525f,200,13.018777
2026-09-17T05:24:07.643353275Z,aggregation,scaled,a1cb37b7da6b,200,13.486489
2026-09-17T05:24:07.70137625Z,aggregation,scaled,348cd506525f,200,12.522695
2026-09-17T05:24:07.76365362Z,aggregation,scaled,660681595a5e,200,14.790593
2026-09-17T05:24:07.819925068Z,aggregation,scaled,348cd506525f,200,10.739815
2026-09-17T05:24:07.88013363Z,aggregation,scaled,660681595a5e,200,10.410379
2026-09-17T05:24:07.939232652Z,aggregation,scaled,a1cb37b7da6b,200,10.568559
2026-09-17T05:24:08.001753776Z,aggregation,scaled,660681595a5e,200,12.017652
2026-09-17T05:24:08.061849858Z,aggregation,scaled,a1cb37b7da6b,200,12.42736
2026-09-17T05:24:08.120222605Z,aggregation,scaled,348cd506525f,200,10.849194
2026-09-17T05:24:08.180520481Z,aggregation,scaled,a1cb37b7da6b,200,11.604187
2026-09-17T05:24:08.241483762Z,aggregation,scaled,348cd506525f,200,12.387588
2026-09-17T05:24:08.301710174Z,aggregation,scaled,660681595a5e,200,12.007571
2026-09-17T05:24:08.360867763Z,aggregation,scaled,348cd506525f,200,11.564012
2026-09-17T05:24:08.419807618Z,aggregation,scaled,660681595a5e,200,10.375307
2026-09-17T05:24:08.481529269Z,aggregation,scaled,a1cb37b7da6b,200,12.169428
2026-09-17T05:24:08.541875378Z,aggregation,scaled,660681595a5e,200,12.772213
2026-09-17T05:24:08.600730141Z,aggregation,scaled,a1cb37b7da6b,200,11.153569
2026-09-17T05:24:08.66151508Z,aggregation,scaled,348cd506525f,200,12.172498
2026-09-17T05:24:08.720615787Z,aggregation,scaled,a1cb37b7da6b,200,11.344643
2026-09-17T05:24:08.780627887Z,aggregation,scaled,348cd506525f,200,11.348665
2026-09-17T05:24:08.840281269Z,aggregation,scaled,660681595a5e,200,10.976771
2026-09-17T05:24:08.899575658Z,aggregation,scaled,348cd506525f,200,10.766168
2026-09-17T05:24:08.960396739Z,aggregation,scaled,660681595a5e,200,11.174176
2026-09-17T05:24:09.020376514Z,aggregation,scaled,a1cb37b7da6b,200,11.419532
2026-09-17T05:24:09.080000205Z,aggregation,scaled,660681595a5e,200,10.800121
2026-09-17T05:24:09.139360074Z,aggregation,scaled,a1cb37b7da6b,200,9.573454
2026-09-17T05:24:09.201328102Z,aggregation,scaled,348cd506525f,200,12.507051
2026-09-17T05:24:09.263115905Z,aggregation,scaled,a1cb37b7da6b,200,14.243678
2026-09-17T05:24:09.318827357Z,aggregation,scaled,348cd506525f,200,10.156882
2026-09-17T05:24:09.37944093Z,aggregation,scaled,660681595a5e,200,10.118154
2026-09-17T05:24:09.440793837Z,aggregation,scaled,348cd506525f,200,11.497367
2026-09-17T05:24:09.501005778Z,aggregation,scaled,660681595a5e,200,11.706762
2026-09-17T05:24:09.559403236Z,aggregation,scaled,a1cb37b7da6b,200,10.705024
2026-09-17T05:24:09.619968929Z,aggregation,scaled,660681595a5e,200,10.93315
2026-09-17T05:24:09.681318672Z,aggregation,scaled,a1cb37b7da6b,200,11.646548
2026-09-17T05:24:09.740508058Z,aggregation,scaled,348cd506525f,200,10.779289
2026-09-17T05:24:09.799195491Z,aggregation,scaled,a1cb37b7da6b,200,10.116198
2026-09-17T05:24:09.860595546Z,aggregation,scaled,348cd506525f,200,10.981763
2026-09-17T05:24:09.91951603Z,aggregation,scaled,660681595a5e,200,10.366291
2026-09-17T05:24:09.982034046Z,aggregation,scaled,348cd506525f,200,12.894191
2026-09-17T05:24:10.042367084Z,aggregation,scaled,660681595a5e,200,12.775203
2026-09-17T05:24:10.101302838Z,aggregation,scaled,a1cb37b7da6b,200,12.469623
2026-09-17T05:24:10.15915775Z,aggregation,scaled,660681595a5e,200,10.333339
2026-09-17T05:24:10.2205599Z,aggregation,scaled,a1cb37b7da6b,200,10.869475
2026-09-17T05:24:10.281067109Z,aggregation,scaled,348cd506525f,200,11.806618
2026-09-17T05:24:10.339793518Z,aggregation,scaled,a1cb37b7da6b,200,11.069878
2026-09-17T05:24:10.400996226Z,aggregation,scaled,348cd506525f,200,11.587133
2026-09-17T05:24:10.46081564Z,aggregation,scaled,660681595a5e,200,11.401411
2026-09-17T05:24:10.51953453Z,aggregation,scaled,348cd506525f,200,10.087912
2026-09-17T05:24:10.579426548Z,aggregation,scaled,660681595a5e,200,10.280096
2026-09-17T05:24:10.6416008Z,aggregation,scaled,a1cb37b7da6b,200,12.671186
2026-09-17T05:24:10.699413879Z,aggregation,scaled,660681595a5e,200,10.398724
2026-09-17T05:24:10.758527895Z,aggregation,scaled,a1cb37b7da6b,200,9.636582
2026-09-17T05:24:10.819583882Z,aggregation,scaled,348cd506525f,200,10.583456
2026-09-17T05:24:10.883296268Z,aggregation,scaled,a1cb37b7da6b,200,14.049961
2026-09-17T05:24:10.940619233Z,aggregation,scaled,348cd506525f,200,11.803128
2026-09-17T05:24:10.999720769Z,aggregation,scaled,660681595a5e,200,10.548123
2026-09-17T05:24:11.059629599Z,aggregation,scaled,348cd506525f,200,10.318002
2026-09-17T05:24:11.119771904Z,aggregation,scaled,660681595a5e,200,10.447326
2026-09-17T05:24:11.181053478Z,aggregation,scaled,a1cb37b7da6b,200,11.589315
2026-09-17T05:24:11.241504795Z,aggregation,scaled,660681595a5e,200,11.928477
2026-09-17T05:24:11.300501199Z,aggregation,scaled,a1cb37b7da6b,200,11.487723
2026-09-17T05:24:11.360404433Z,aggregation,scaled,348cd506525f,200,11.448324
2026-09-17T05:24:11.420246894Z,aggregation,scaled,a1cb37b7da6b,200,11.321631
2026-09-17T05:24:11.480607017Z,aggregation,scaled,348cd506525f,200,10.671406
2026-09-17T05:24:11.539972856Z,aggregation,scaled,660681595a5e,200,10.86584
2026-09-17T05:24:11.599897741Z,aggregation,scaled,348cd506525f,200,10.418714
2026-09-17T05:24:11.660176117Z,aggregation,scaled,660681595a5e,200,11.253461
2026-09-17T05:24:11.720385667Z,aggregation,scaled,a1cb37b7da6b,200,11.565452
2026-09-17T05:24:11.779724174Z,aggregation,scaled,660681595a5e,200,10.885051
2026-09-17T05:24:11.840427682Z,aggregation,scaled,a1cb37b7da6b,200,11.154914
2026-09-17T05:24:11.901539583Z,aggregation,scaled,348cd506525f,200,12.474163
2026-09-17T05:24:11.959865486Z,aggregation,scaled,a1cb37b7da6b,200,10.598556
2026-09-17T05:24:12.01981136Z,aggregation,scaled,348cd506525f,200,10.375663
2026-09-17T05:24:12.079906337Z,aggregation,scaled,660681595a5e,200,10.314092
2026-09-17T05:24:12.140479483Z,aggregation,scaled,348cd506525f,200,10.819047
2026-09-17T05:24:12.201691067Z,aggregation,scaled,660681595a5e,200,12.797568
2026-09-17T05:24:12.26179511Z,aggregation,scaled,a1cb37b7da6b,200,12.629123
2026-09-17T05:24:12.319619759Z,aggregation,scaled,660681595a5e,200,10.234691
2026-09-17T05:24:12.379874032Z,aggregation,scaled,a1cb37b7da6b,200,10.603416
2026-09-17T05:24:12.440691494Z,aggregation,scaled,348cd506525f,200,11.120877
2026-09-17T05:24:12.500514088Z,aggregation,scaled,a1cb37b7da6b,200,11.334941
2026-09-17T05:24:12.558966989Z,aggregation,scaled,348cd506525f,200,9.901989
2026-09-17T05:24:12.622169863Z,aggregation,scaled,660681595a5e,200,12.703939
2026-09-17T05:24:12.681138559Z,aggregation,scaled,348cd506525f,200,12.242198
2026-09-17T05:24:12.740858311Z,aggregation,scaled,660681595a5e,200,11.234704
2026-09-17T05:24:12.800645498Z,aggregation,scaled,a1cb37b7da6b,200,11.099402
2026-09-17T05:24:12.861826294Z,aggregation,scaled,660681595a5e,200,12.643975
2026-09-17T05:24:12.928505312Z,aggregation,scaled,a1cb37b7da6b,200,18.982618
2026-09-17T05:24:12.979717064Z,aggregation,scaled,348cd506525f,200,10.637329
2026-09-17T05:24:13.04015446Z,aggregation,scaled,a1cb37b7da6b,200,10.624898
2026-09-17T05:24:13.100338638Z,aggregation,scaled,348cd506525f,200,11.524484
2026-09-17T05:24:13.159559253Z,aggregation,scaled,660681595a5e,200,10.688712
2026-09-17T05:24:13.219126209Z,aggregation,scaled,348cd506525f,200,10.176017
2026-09-17T05:24:13.281006942Z,aggregation,scaled,660681595a5e,200,11.286663
2026-09-17T05:24:13.340385356Z,aggregation,scaled,a1cb37b7da6b,200,10.931569
2026-09-17T05:24:13.40035475Z,aggregation,scaled,660681595a5e,200,11.328248
2026-09-17T05:24:13.459729914Z,aggregation,scaled,a1cb37b7da6b,200,10.708788
2026-09-17T05:24:13.520050083Z,aggregation,scaled,348cd506525f,200,10.683974
2026-09-17T05:24:13.579758508Z,aggregation,scaled,a1cb37b7da6b,200,10.107333
2026-09-17T05:24:13.6407179Z,aggregation,scaled,348cd506525f,200,11.347107
2026-09-17T05:24:13.699795494Z,aggregation,scaled,660681595a5e,200,10.528721
2026-09-17T05:24:13.759332728Z,aggregation,scaled,348cd506525f,200,9.968654
2026-09-17T05:24:13.821269376Z,aggregation,scaled,660681595a5e,200,12.336464
2026-09-17T05:24:13.880221861Z,aggregation,scaled,a1cb37b7da6b,200,11.362158
2026-09-17T05:24:13.939776777Z,aggregation,scaled,660681595a5e,200,11.072719
2026-09-17T05:24:13.999702928Z,aggregation,scaled,a1cb37b7da6b,200,10.301297
2026-09-17T05:24:14.061016284Z,aggregation,scaled,348cd506525f,200,11.83088
2026-09-17T05:24:14.11988352Z,aggregation,scaled,a1cb37b7da6b,200,11.094447
2026-09-17T05:24:14.180088836Z,aggregation,scaled,348cd506525f,200,10.630388
2026-09-17T05:24:14.239125006Z,aggregation,scaled,660681595a5e,200,10.43873
2026-09-17T05:24:14.299766516Z,aggregation,scaled,348cd506525f,200,11.091061
2026-09-17T05:24:14.361460377Z,aggregation,scaled,660681595a5e,200,12.014363
2026-09-17T05:24:14.41949533Z,aggregation,scaled,a1cb37b7da6b,200,10.50552
2026-09-17T05:24:14.480144961Z,aggregation,scaled,660681595a5e,200,11.127152
2026-09-17T05:24:14.540573295Z,aggregation,scaled,a1cb37b7da6b,200,11.897736
2026-09-17T05:24:14.600712731Z,aggregation,scaled,348cd506525f,200,11.371908
2026-09-17T05:24:14.660153189Z,aggregation,scaled,a1cb37b7da6b,200,10.918833
2026-09-17T05:24:14.719707835Z,aggregation,scaled,348cd506525f,200,9.946382
2026-09-17T05:24:14.781373066Z,aggregation,scaled,660681595a5e,200,12.070286
2026-09-17T05:24:14.840976155Z,aggregation,scaled,348cd506525f,200,12.058455
2026-09-17T05:24:14.899883113Z,aggregation,scaled,660681595a5e,200,10.387258
2026-09-17T05:24:14.963455885Z,aggregation,scaled,a1cb37b7da6b,200,14.04653
2026-09-17T05:24:15.020218692Z,aggregation,scaled,660681595a5e,200,11.298554
2026-09-17T05:24:15.082581988Z,aggregation,scaled,a1cb37b7da6b,200,13.823465
2026-09-17T05:24:15.141506321Z,aggregation,scaled,348cd506525f,200,12.27289
2026-09-17T05:24:15.200017337Z,aggregation,scaled,a1cb37b7da6b,200,11.036526
2026-09-17T05:24:15.261204508Z,aggregation,scaled,348cd506525f,200,11.218198
2026-09-17T05:24:15.320853476Z,aggregation,scaled,660681595a5e,200,12.019953
2026-09-17T05:24:15.381822398Z,aggregation,scaled,348cd506525f,200,12.257423
2026-09-17T05:24:15.440615712Z,aggregation,scaled,660681595a5e,200,11.328981
2026-09-17T05:24:15.503721188Z,aggregation,scaled,a1cb37b7da6b,200,14.570205
2026-09-17T05:24:15.56440359Z,aggregation,scaled,660681595a5e,200,14.919903
2026-09-17T05:24:15.619639985Z,aggregation,scaled,a1cb37b7da6b,200,10.558343
2026-09-17T05:24:15.68057358Z,aggregation,scaled,348cd506525f,200,11.217864
2026-09-17T05:24:15.741297739Z,aggregation,scaled,a1cb37b7da6b,200,11.624546
2026-09-17T05:24:15.800950877Z,aggregation,scaled,348cd506525f,200,11.964274
2026-09-17T05:24:15.860996321Z,aggregation,scaled,660681595a5e,200,11.407731
2026-09-17T05:24:15.920396056Z,aggregation,scaled,348cd506525f,200,10.724875
2026-09-17T05:24:15.980354354Z,aggregation,scaled,660681595a5e,200,11.378754
2026-09-17T05:24:16.039495585Z,aggregation,scaled,a1cb37b7da6b,200,10.48301
2026-09-17T05:24:16.100051712Z,aggregation,scaled,660681595a5e,200,10.919873
2026-09-17T05:24:16.160843465Z,aggregation,scaled,a1cb37b7da6b,200,11.927369
2026-09-17T05:24:16.220647619Z,aggregation,scaled,348cd506525f,200,10.965162
2026-09-17T05:24:16.283277829Z,aggregation,scaled,a1cb37b7da6b,200,13.985551
2026-09-17T05:24:16.341234349Z,aggregation,scaled,348cd506525f,200,12.238644
2026-09-17T05:24:16.399107081Z,aggregation,scaled,660681595a5e,200,10.068907
2026-09-17T05:24:16.460630228Z,aggregation,scaled,348cd506525f,200,11.031012
2026-09-17T05:24:16.523377539Z,aggregation,scaled,660681595a5e,200,14.213871
2026-09-17T05:24:16.582756623Z,aggregation,scaled,a1cb37b7da6b,200,13.765854
2026-09-17T05:24:16.641780266Z,aggregation,scaled,660681595a5e,200,12.3075
2026-09-17T05:24:16.701500083Z,aggregation,scaled,a1cb37b7da6b,200,12.025581
2026-09-17T05:24:16.761075201Z,aggregation,scaled,348cd506525f,200,12.29975
2026-09-17T05:24:16.821422084Z,aggregation,scaled,a1cb37b7da6b,200,11.73391
2026-09-17T05:24:16.880401786Z,aggregation,scaled,348cd506525f,200,11.450809
2026-09-17T05:24:16.941060089Z,aggregation,scaled,660681595a5e,200,11.983858
2026-09-17T05:24:17.003410719Z,aggregation,scaled,348cd506525f,200,13.750145
2026-09-17T05:24:17.059400671Z,aggregation,scaled,660681595a5e,200,10.427925
2026-09-17T05:24:17.121809387Z,aggregation,scaled,a1cb37b7da6b,200,12.806992
2026-09-17T05:24:17.180721871Z,aggregation,scaled,660681595a5e,200,11.411781
2026-09-17T05:24:17.240243165Z,aggregation,scaled,a1cb37b7da6b,200,10.93174
2026-09-17T05:24:17.302316857Z,aggregation,scaled,348cd506525f,200,13.500867
2026-09-17T05:24:17.360025749Z,aggregation,scaled,a1cb37b7da6b,200,11.215803
2026-09-17T05:24:17.421067099Z,aggregation,scaled,348cd506525f,200,11.3983
2026-09-17T05:24:17.482843901Z,aggregation,scaled,660681595a5e,200,13.165786
2026-09-17T05:24:17.540727938Z,aggregation,scaled,348cd506525f,200,12.049701
2026-09-17T05:24:17.600000177Z,aggregation,scaled,660681595a5e,200,10.557774
2026-09-17T05:24:17.661085254Z,aggregation,scaled,a1cb37b7da6b,200,11.422446
2026-09-17T05:24:17.722557787Z,aggregation,scaled,660681595a5e,200,12.769204
2026-09-17T05:24:17.781201723Z,aggregation,scaled,a1cb37b7da6b,200,11.931103
2026-09-17T05:24:17.839348629Z,aggregation,scaled,348cd506525f,200,10.692814
2026-09-17T05:24:17.900387633Z,aggregation,scaled,a1cb37b7da6b,200,11.376959
2026-09-17T05:24:17.959443967Z,aggregation,scaled,348cd506525f,200,10.503151
2026-09-17T05:24:18.019561188Z,aggregation,scaled,660681595a5e,200,10.632549
2026-09-17T05:24:18.082074719Z,aggregation,scaled,348cd506525f,200,12.934491
2026-09-17T05:24:18.140278266Z,aggregation,scaled,660681595a5e,200,11.357328
2026-09-17T05:24:18.200744323Z,aggregation,scaled,a1cb37b7da6b,200,11.956736
2026-09-17T05:24:18.259973718Z,aggregation,scaled,660681595a5e,200,10.765747
2026-09-17T05:24:18.320889146Z,aggregation,scaled,a1cb37b7da6b,200,11.317985
2026-09-17T05:24:18.380436192Z,aggregation,scaled,348cd506525f,200,10.91642
2026-09-17T05:24:18.439551872Z,aggregation,scaled,a1cb37b7da6b,200,10.598088
2026-09-17T05:24:18.500702873Z,aggregation,scaled,348cd506525f,200,11.675507
2026-09-17T05:24:18.560341126Z,aggregation,scaled,660681595a5e,200,10.900918
2026-09-17T05:24:18.620371574Z,aggregation,scaled,348cd506525f,200,11.576324
2026-09-17T05:24:18.680709893Z,aggregation,scaled,660681595a5e,200,11.673878
2026-09-17T05:24:18.740596361Z,aggregation,scaled,a1cb37b7da6b,200,11.253909
2026-09-17T05:24:18.799919933Z,aggregation,scaled,660681595a5e,200,10.529973
2026-09-17T05:24:18.857931558Z,aggregation,scaled,a1cb37b7da6b,200,9.994713
2026-09-17T05:24:18.918818803Z,aggregation,scaled,348cd506525f,200,11.269962
2026-09-17T05:24:18.979778961Z,aggregation,scaled,a1cb37b7da6b,200,12.574617
2026-09-17T05:24:19.040014282Z,aggregation,scaled,348cd506525f,200,12.518109
2026-09-17T05:24:19.100468037Z,aggregation,scaled,660681595a5e,200,12.558409
2026-09-17T05:24:19.158951825Z,aggregation,scaled,348cd506525f,200,10.94163
2026-09-17T05:24:19.218653781Z,aggregation,scaled,660681595a5e,200,11.122682
2026-09-17T05:24:19.277913667Z,aggregation,scaled,a1cb37b7da6b,200,10.612118
2026-09-17T05:24:19.337990717Z,aggregation,scaled,660681595a5e,200,10.606652
2026-09-17T05:24:19.399840892Z,aggregation,scaled,a1cb37b7da6b,200,12.168167
2026-09-17T05:24:19.459372041Z,aggregation,scaled,348cd506525f,200,11.299943
2026-09-17T05:24:19.518747995Z,aggregation,scaled,a1cb37b7da6b,200,10.888794
2026-09-17T05:24:19.578261009Z,aggregation,scaled,348cd506525f,200,10.850762
2026-09-17T05:24:19.640499199Z,aggregation,scaled,660681595a5e,200,12.51671
2026-09-17T05:24:19.698217848Z,aggregation,scaled,348cd506525f,200,10.221482
2026-09-17T05:24:19.75876995Z,aggregation,scaled,660681595a5e,200,11.137012
2026-09-17T05:24:19.818869402Z,aggregation,scaled,a1cb37b7da6b,200,11.457812
2026-09-17T05:24:19.879098524Z,aggregation,scaled,660681595a5e,200,11.726131
2026-09-17T05:24:19.938250044Z,aggregation,scaled,a1cb37b7da6b,200,10.454437
2026-09-17T05:24:20.000221291Z,aggregation,scaled,348cd506525f,200,12.304375
2026-09-17T05:24:20.057856441Z,aggregation,scaled,a1cb37b7da6b,200,10.073142
2026-09-17T05:24:20.118407655Z,aggregation,scaled,348cd506525f,200,11.034602
2026-09-17T05:24:20.178668322Z,aggregation,scaled,660681595a5e,200,10.5588
2026-09-17T05:24:20.239470216Z,aggregation,scaled,348cd506525f,200,12.151769
2026-09-17T05:24:20.299180112Z,aggregation,scaled,660681595a5e,200,10.928507
2026-09-17T05:24:20.359391464Z,aggregation,scaled,a1cb37b7da6b,200,11.662348
2026-09-17T05:24:20.42016524Z,aggregation,scaled,660681595a5e,200,12.219714
2026-09-17T05:24:20.477863675Z,aggregation,scaled,a1cb37b7da6b,200,10.038331
2026-09-17T05:24:20.538039098Z,aggregation,scaled,348cd506525f,200,10.508257
2026-09-17T05:24:20.599819747Z,aggregation,scaled,a1cb37b7da6b,200,12.266879
2026-09-17T05:24:20.65750282Z,aggregation,scaled,348cd506525f,200,10.177365
2026-09-17T05:24:20.718420946Z,aggregation,scaled,660681595a5e,200,10.341329
2026-09-17T05:24:20.782825171Z,aggregation,scaled,348cd506525f,200,14.786941
2026-09-17T05:24:20.839034328Z,aggregation,scaled,660681595a5e,200,11.578951
2026-09-17T05:24:20.897548111Z,aggregation,scaled,a1cb37b7da6b,200,9.96907
2026-09-17T05:24:20.958392358Z,aggregation,scaled,660681595a5e,200,10.293518
2026-09-17T05:24:21.019043656Z,aggregation,scaled,a1cb37b7da6b,200,11.200385
2026-09-17T05:24:21.077960412Z,aggregation,scaled,348cd506525f,200,10.279166
2026-09-17T05:24:21.137367549Z,aggregation,scaled,a1cb37b7da6b,200,10.091464
2026-09-17T05:24:21.19979126Z,aggregation,scaled,348cd506525f,200,11.871437
2026-09-17T05:24:21.259247624Z,aggregation,scaled,660681595a5e,200,12.048092
2026-09-17T05:24:21.318745168Z,aggregation,scaled,348cd506525f,200,10.991403
2026-09-17T05:24:21.378295085Z,aggregation,scaled,660681595a5e,200,10.923038
2026-09-17T05:24:21.439634519Z,aggregation,scaled,a1cb37b7da6b,200,11.762034
2026-09-17T05:24:21.498542673Z,aggregation,scaled,660681595a5e,200,10.340808
2026-09-17T05:24:21.559118582Z,aggregation,scaled,a1cb37b7da6b,200,10.992478
2026-09-17T05:24:21.618357873Z,aggregation,scaled,348cd506525f,200,10.64125
2026-09-17T05:24:21.679391917Z,aggregation,scaled,a1cb37b7da6b,200,11.374679
2026-09-17T05:24:21.739620813Z,aggregation,scaled,348cd506525f,200,11.589237
2026-09-17T05:24:21.800332281Z,aggregation,scaled,660681595a5e,200,12.31782
2026-09-17T05:24:21.85901331Z,aggregation,scaled,348cd506525f,200,11.187615
2026-09-17T05:24:21.918819339Z,aggregation,scaled,660681595a5e,200,11.196362
2026-09-17T05:24:21.978879893Z,aggregation,scaled,a1cb37b7da6b,200,11.594461
2026-09-17T05:24:22.039305458Z,aggregation,scaled,660681595a5e,200,11.677108
2026-09-17T05:24:22.097935833Z,aggregation,scaled,a1cb37b7da6b,200,9.972035
2026-09-17T05:24:22.159811542Z,aggregation,scaled,348cd506525f,200,12.199712
2026-09-17T05:24:22.219854781Z,aggregation,scaled,a1cb37b7da6b,200,12.368772
2026-09-17T05:24:22.280263056Z,aggregation,scaled,348cd506525f,200,12.841805
2026-09-17T05:24:22.338617794Z,aggregation,scaled,660681595a5e,200,10.394124
2026-09-17T05:24:22.398534074Z,aggregation,scaled,348cd506525f,200,10.421226
2026-09-17T05:24:22.458409662Z,aggregation,scaled,660681595a5e,200,10.2133
2026-09-17T05:24:22.518610412Z,aggregation,scaled,a1cb37b7da6b,200,10.548924
2026-09-17T05:24:22.579124831Z,aggregation,scaled,660681595a5e,200,11.778935
2026-09-17T05:24:22.639794701Z,aggregation,scaled,a1cb37b7da6b,200,12.067684
2026-09-17T05:24:22.699720922Z,aggregation,scaled,348cd506525f,200,12.252904
2026-09-17T05:24:22.760356661Z,aggregation,scaled,a1cb37b7da6b,200,12.055193
2026-09-17T05:24:22.818555788Z,aggregation,scaled,348cd506525f,200,10.531993
2026-09-17T05:24:22.879471454Z,aggregation,scaled,660681595a5e,200,11.16103
2026-09-17T05:24:22.943294332Z,aggregation,scaled,348cd506525f,200,15.011607
2026-09-17T05:24:23.00012445Z,aggregation,scaled,660681595a5e,200,12.542675
2026-09-17T05:24:23.059860388Z,aggregation,scaled,a1cb37b7da6b,200,12.16023
2026-09-17T05:24:23.120092269Z,aggregation,scaled,660681595a5e,200,12.819128
2026-09-17T05:24:23.179198266Z,aggregation,scaled,a1cb37b7da6b,200,11.34175
2026-09-17T05:24:23.241234183Z,aggregation,scaled,348cd506525f,200,13.249657
2026-09-17T05:24:23.299218381Z,aggregation,scaled,a1cb37b7da6b,200,11.588303
2026-09-17T05:24:23.358841822Z,aggregation,scaled,348cd506525f,200,10.964542
2026-09-17T05:24:23.419697048Z,aggregation,scaled,660681595a5e,200,12.437047
2026-09-17T05:24:23.47944615Z,aggregation,scaled,348cd506525f,200,12.125328
2026-09-17T05:24:23.540993032Z,aggregation,scaled,660681595a5e,200,13.018547
2026-09-17T05:24:23.606034139Z,aggregation,scaled,a1cb37b7da6b,200,18.250575
2026-09-17T05:24:23.657981126Z,aggregation,scaled,660681595a5e,200,10.403254
2026-09-17T05:24:23.717550394Z,aggregation,scaled,a1cb37b7da6b,200,10.020129
2026-09-17T05:24:23.780031634Z,aggregation,scaled,348cd506525f,200,11.748504
2026-09-17T05:24:23.841148703Z,aggregation,scaled,a1cb37b7da6b,200,13.411022
2026-09-17T05:24:23.902773056Z,aggregation,scaled,348cd506525f,200,15.100527
2026-09-17T05:24:23.959245371Z,aggregation,scaled,660681595a5e,200,11.930385
2026-09-17T05:24:24.018525907Z,aggregation,scaled,348cd506525f,200,10.687812
2026-09-17T05:24:24.078805661Z,aggregation,scaled,660681595a5e,200,10.486953
2026-09-17T05:24:24.137593688Z,aggregation,scaled,a1cb37b7da6b,200,10.329104
2026-09-17T05:24:24.199683832Z,aggregation,scaled,660681595a5e,200,11.423136
2026-09-17T05:24:24.258570035Z,aggregation,scaled,a1cb37b7da6b,200,11.371731
2026-09-17T05:24:24.318951922Z,aggregation,scaled,348cd506525f,200,10.750045
2026-09-17T05:24:24.379322595Z,aggregation,scaled,a1cb37b7da6b,200,11.618044
2026-09-17T05:24:24.441067275Z,aggregation,scaled,348cd506525f,200,13.030885
2026-09-17T05:24:24.499528606Z,aggregation,scaled,660681595a5e,200,12.025175
2026-09-17T05:24:24.55897229Z,aggregation,scaled,348cd506525f,200,10.893535
2026-09-17T05:24:24.618544099Z,aggregation,scaled,660681595a5e,200,11.016894
2026-09-17T05:24:24.679681255Z,aggregation,scaled,a1cb37b7da6b,200,12.368877
2026-09-17T05:24:24.739666061Z,aggregation,scaled,660681595a5e,200,12.429621
2026-09-17T05:24:24.799491175Z,aggregation,scaled,a1cb37b7da6b,200,11.318029
2026-09-17T05:24:24.859041693Z,aggregation,scaled,348cd506525f,200,11.109996
2026-09-17T05:24:24.917950696Z,aggregation,scaled,a1cb37b7da6b,200,10.248293
2026-09-17T05:24:24.977512189Z,aggregation,scaled,348cd506525f,200,9.935012
2026-09-17T05:24:25.038783324Z,aggregation,scaled,660681595a5e,200,10.61752
2026-09-17T05:24:25.098170209Z,aggregation,scaled,348cd506525f,200,10.715718
2026-09-17T05:24:25.159867458Z,aggregation,scaled,660681595a5e,200,12.138997
2026-09-17T05:24:25.218659729Z,aggregation,scaled,a1cb37b7da6b,200,11.100468
2026-09-17T05:24:25.278129736Z,aggregation,scaled,660681595a5e,200,9.893604
2026-09-17T05:24:25.340936828Z,aggregation,scaled,a1cb37b7da6b,200,13.256497
2026-09-17T05:24:25.398866869Z,aggregation,scaled,348cd506525f,200,11.380437
2026-09-17T05:24:25.45832863Z,aggregation,scaled,a1cb37b7da6b,200,11.160858
2026-09-17T05:24:25.519052885Z,aggregation,scaled,348cd506525f,200,11.070982
2026-09-17T05:24:25.578082997Z,aggregation,scaled,660681595a5e,200,10.415648
2026-09-17T05:24:25.640181933Z,aggregation,scaled,348cd506525f,200,12.471379
2026-09-17T05:24:25.699666595Z,aggregation,scaled,660681595a5e,200,11.95928
2026-09-17T05:24:25.758042229Z,aggregation,scaled,a1cb37b7da6b,200,10.843191
2026-09-17T05:24:25.817360695Z,aggregation,scaled,660681595a5e,200,9.771115
2026-09-17T05:24:25.878900858Z,aggregation,scaled,a1cb37b7da6b,200,10.898286
2026-09-17T05:24:25.937484446Z,aggregation,scaled,348cd506525f,200,10.295981
2026-09-17T05:24:25.999652666Z,aggregation,scaled,a1cb37b7da6b,200,11.437766
2026-09-17T05:24:26.059112086Z,aggregation,scaled,348cd506525f,200,10.798504
2026-09-17T05:24:26.119999043Z,aggregation,scaled,660681595a5e,200,12.113483
2026-09-17T05:24:26.179535149Z,aggregation,scaled,348cd506525f,200,11.896357
2026-09-17T05:24:26.239358764Z,aggregation,scaled,660681595a5e,200,11.252595
2026-09-17T05:24:26.299538528Z,aggregation,scaled,a1cb37b7da6b,200,11.495736
2026-09-17T05:24:26.361183756Z,aggregation,scaled,660681595a5e,200,13.346292
2026-09-17T05:24:26.418117101Z,aggregation,scaled,a1cb37b7da6b,200,10.373206
2026-09-17T05:24:26.477951496Z,aggregation,scaled,348cd506525f,200,10.254368
2026-09-17T05:24:26.539093989Z,aggregation,scaled,a1cb37b7da6b,200,11.448827
2026-09-17T05:24:26.598986712Z,aggregation,scaled,348cd506525f,200,11.325374
2026-09-17T05:24:26.658570752Z,aggregation,scaled,660681595a5e,200,11.238888
2026-09-17T05:24:26.719366336Z,aggregation,scaled,348cd506525f,200,11.163567
2026-09-17T05:24:26.777976391Z,aggregation,scaled,660681595a5e,200,10.064379
2026-09-17T05:24:26.838612099Z,aggregation,scaled,a1cb37b7da6b,200,11.257864
2026-09-17T05:24:26.899534487Z,aggregation,scaled,660681595a5e,200,12.360427
2026-09-17T05:24:26.958008372Z,aggregation,scaled,a1cb37b7da6b,200,10.221505
2026-09-17T05:24:27.0178682Z,aggregation,scaled,348cd506525f,200,10.396026
2026-09-17T05:24:27.07914169Z,aggregation,scaled,a1cb37b7da6b,200,11.669131
2026-09-17T05:24:27.139323909Z,aggregation,scaled,348cd506525f,200,11.664261
2026-09-17T05:24:27.1996981Z,aggregation,scaled,660681595a5e,200,11.760717
2026-09-17T05:24:27.258555451Z,aggregation,scaled,348cd506525f,200,11.093423
2026-09-17T05:24:27.320594722Z,aggregation,scaled,660681595a5e,200,12.313754
2026-09-17T05:24:27.378309858Z,aggregation,scaled,a1cb37b7da6b,200,10.011163
2026-09-17T05:24:27.438915054Z,aggregation,scaled,660681595a5e,200,11.125765
2026-09-17T05:24:27.499016108Z,aggregation,scaled,a1cb37b7da6b,200,11.446208
2026-09-17T05:24:27.56048617Z,aggregation,scaled,348cd506525f,200,12.941465
2026-09-17T05:24:27.618521676Z,aggregation,scaled,a1cb37b7da6b,200,10.386542
2026-09-17T05:24:27.679940477Z,aggregation,scaled,348cd506525f,200,11.774962
2026-09-17T05:24:27.738927276Z,aggregation,scaled,660681595a5e,200,11.361611
2026-09-17T05:24:27.799364752Z,aggregation,scaled,348cd506525f,200,12.128377
2026-09-17T05:24:27.859757643Z,aggregation,scaled,660681595a5e,200,11.843982
2026-09-17T05:24:27.919070895Z,aggregation,scaled,a1cb37b7da6b,200,11.454426
2026-09-17T05:24:27.977629577Z,aggregation,scaled,660681595a5e,200,10.028604
2026-09-17T05:24:28.03848317Z,aggregation,scaled,a1cb37b7da6b,200,11.284156
2026-09-17T05:24:28.099426318Z,aggregation,scaled,348cd506525f,200,11.279339
2026-09-17T05:24:28.157189588Z,aggregation,scaled,a1cb37b7da6b,200,9.999911
2026-09-17T05:24:28.218364312Z,aggregation,scaled,348cd506525f,200,10.639537
2026-09-17T05:24:28.279193845Z,aggregation,scaled,660681595a5e,200,11.189535
2026-09-17T05:24:28.339570445Z,aggregation,scaled,348cd506525f,200,11.913947
2026-09-17T05:24:28.399419349Z,aggregation,scaled,660681595a5e,200,11.283461
2026-09-17T05:24:28.459537267Z,aggregation,scaled,a1cb37b7da6b,200,11.677162
2026-09-17T05:24:28.519575577Z,aggregation,scaled,660681595a5e,200,11.454497
2026-09-17T05:24:28.578842434Z,aggregation,scaled,a1cb37b7da6b,200,10.704013
2026-09-17T05:24:28.6375982Z,aggregation,scaled,348cd506525f,200,10.386343
2026-09-17T05:24:28.702375211Z,aggregation,scaled,a1cb37b7da6b,200,15.088077
2026-09-17T05:24:28.757936105Z,aggregation,scaled,348cd506525f,200,10.031949
2026-09-17T05:24:28.817972144Z,aggregation,scaled,660681595a5e,200,10.624632
2026-09-17T05:24:28.879291346Z,aggregation,scaled,348cd506525f,200,11.591021
2026-09-17T05:24:28.939269202Z,aggregation,scaled,660681595a5e,200,11.405954
2026-09-17T05:24:28.998436322Z,aggregation,scaled,a1cb37b7da6b,200,10.694967
2026-09-17T05:24:29.059386733Z,aggregation,scaled,660681595a5e,200,11.455277
2026-09-17T05:24:29.120425726Z,aggregation,scaled,a1cb37b7da6b,200,12.429232
2026-09-17T05:24:29.177971906Z,aggregation,scaled,348cd506525f,200,10.035648
2026-09-17T05:24:29.237281542Z,aggregation,scaled,a1cb37b7da6b,200,9.67123
2026-09-17T05:24:29.299384538Z,aggregation,scaled,348cd506525f,200,11.521842
2026-09-17T05:24:29.358655445Z,aggregation,scaled,660681595a5e,200,10.813805
2026-09-17T05:24:29.418977223Z,aggregation,scaled,348cd506525f,200,10.771032
2026-09-17T05:24:29.478841386Z,aggregation,scaled,660681595a5e,200,11.356596
2026-09-17T05:24:29.539153429Z,aggregation,scaled,a1cb37b7da6b,200,11.666693
2026-09-17T05:24:29.599093424Z,aggregation,scaled,660681595a5e,200,11.380506
2026-09-17T05:24:29.658836789Z,aggregation,scaled,a1cb37b7da6b,200,11.099784
2026-09-17T05:24:29.717662587Z,aggregation,scaled,348cd506525f,200,10.421962
2026-09-17T05:24:29.779150043Z,aggregation,scaled,a1cb37b7da6b,200,10.948208
2026-09-17T05:24:29.839121611Z,aggregation,scaled,348cd506525f,200,11.362364
2026-09-17T05:24:29.897928774Z,aggregation,scaled,660681595a5e,200,10.272601
2026-09-17T05:24:29.957600418Z,aggregation,scaled,348cd506525f,200,10.203615
2026-09-17T05:24:30.01933435Z,aggregation,scaled,660681595a5e,200,11.160609
2026-09-17T05:24:30.079764844Z,aggregation,scaled,a1cb37b7da6b,200,11.765118
2026-09-17T05:24:30.138843049Z,aggregation,scaled,660681595a5e,200,11.633289
2026-09-17T05:24:30.197816188Z,aggregation,scaled,a1cb37b7da6b,200,10.454051
2026-09-17T05:24:30.259282991Z,aggregation,scaled,348cd506525f,200,11.944163
2026-09-17T05:24:30.319868917Z,aggregation,scaled,a1cb37b7da6b,200,11.959841
2026-09-17T05:24:30.378869076Z,aggregation,scaled,348cd506525f,200,11.467928
2026-09-17T05:24:30.438655605Z,aggregation,scaled,660681595a5e,200,11.376058
2026-09-17T05:24:30.49888101Z,aggregation,scaled,348cd506525f,200,10.697687
2026-09-17T05:24:30.557596421Z,aggregation,scaled,660681595a5e,200,10.289434
2026-09-17T05:24:30.619222555Z,aggregation,scaled,a1cb37b7da6b,200,10.988027
2026-09-17T05:24:30.678183089Z,aggregation,scaled,660681595a5e,200,10.432625
2026-09-17T05:24:30.740576883Z,aggregation,scaled,a1cb37b7da6b,200,12.769603
2026-09-17T05:24:30.803294583Z,aggregation,scaled,348cd506525f,200,15.172823
2026-09-17T05:24:30.860551864Z,aggregation,scaled,a1cb37b7da6b,200,12.686704
2026-09-17T05:24:30.919586051Z,aggregation,scaled,348cd506525f,200,11.386442
2026-09-17T05:24:30.982910311Z,aggregation,scaled,660681595a5e,200,14.75727
2026-09-17T05:24:31.047537559Z,aggregation,scaled,348cd506525f,200,19.548892
2026-09-17T05:24:31.098782657Z,aggregation,scaled,660681595a5e,200,11.362837
2026-09-17T05:24:31.158389218Z,aggregation,scaled,a1cb37b7da6b,200,11.190521
2026-09-17T05:24:31.222176594Z,aggregation,scaled,660681595a5e,200,14.215205
2026-09-17T05:24:31.280559763Z,aggregation,scaled,a1cb37b7da6b,200,12.753167
2026-09-17T05:24:31.340356377Z,aggregation,scaled,348cd506525f,200,12.009439
2026-09-17T05:24:31.403088484Z,aggregation,scaled,a1cb37b7da6b,200,15.214667
2026-09-17T05:24:31.46005857Z,aggregation,scaled,348cd506525f,200,12.475605
2026-09-17T05:24:31.519792758Z,aggregation,scaled,660681595a5e,200,12.256045
2026-09-17T05:24:31.582719489Z,aggregation,scaled,348cd506525f,200,15.461042
2026-09-17T05:24:31.639696995Z,aggregation,scaled,660681595a5e,200,12.306404
2026-09-17T05:24:31.700025414Z,aggregation,scaled,a1cb37b7da6b,200,11.721714
2026-09-17T05:24:31.761004835Z,aggregation,scaled,660681595a5e,200,13.411137
2026-09-17T05:24:31.818903897Z,aggregation,scaled,a1cb37b7da6b,200,11.457551
2026-09-17T05:24:31.878582077Z,aggregation,scaled,348cd506525f,200,11.040429
2026-09-17T05:24:31.94018267Z,aggregation,scaled,a1cb37b7da6b,200,12.014744
2026-09-17T05:24:31.999043601Z,aggregation,scaled,348cd506525f,200,11.300897
2026-09-17T05:24:32.057693305Z,aggregation,scaled,660681595a5e,200,9.960638
2026-09-17T05:24:32.119655905Z,aggregation,scaled,348cd506525f,200,11.233418
2026-09-17T05:24:32.180515126Z,aggregation,scaled,660681595a5e,200,12.272727
2026-09-17T05:24:32.239127656Z,aggregation,scaled,a1cb37b7da6b,200,10.953159
2026-09-17T05:24:32.298634956Z,aggregation,scaled,660681595a5e,200,10.834282
2026-09-17T05:24:32.360049212Z,aggregation,scaled,a1cb37b7da6b,200,12.712396
2026-09-17T05:24:32.417643645Z,aggregation,scaled,348cd506525f,200,10.009126
2026-09-17T05:24:32.478222367Z,aggregation,scaled,a1cb37b7da6b,200,10.903975
2026-09-17T05:24:32.541269504Z,aggregation,scaled,348cd506525f,200,13.365901
2026-09-17T05:24:32.602918516Z,aggregation,scaled,660681595a5e,200,14.752011
2026-09-17T05:24:32.6583507Z,aggregation,scaled,348cd506525f,200,10.952394
2026-09-17T05:24:32.719331473Z,aggregation,scaled,660681595a5e,200,11.436881
2026-09-17T05:24:32.780223996Z,aggregation,scaled,a1cb37b7da6b,200,12.305904
2026-09-17T05:24:32.840858102Z,aggregation,scaled,660681595a5e,200,12.879467
2026-09-17T05:24:32.90589921Z,aggregation,scaled,a1cb37b7da6b,200,18.377372
2026-09-17T05:24:32.958905208Z,aggregation,scaled,348cd506525f,200,11.450992
2026-09-17T05:24:33.017428243Z,aggregation,scaled,a1cb37b7da6b,200,10.010116
2026-09-17T05:24:33.078495657Z,aggregation,scaled,348cd506525f,200,10.402103
2026-09-17T05:24:33.139356497Z,aggregation,scaled,660681595a5e,200,11.183284
2026-09-17T05:24:33.197827579Z,aggregation,scaled,348cd506525f,200,9.973613
2026-09-17T05:24:33.257452107Z,aggregation,scaled,660681595a5e,200,10.135805
2026-09-17T05:24:33.319249516Z,aggregation,scaled,a1cb37b7da6b,200,11.003328
2026-09-17T05:24:33.378879828Z,aggregation,scaled,660681595a5e,200,11.11812
2026-09-17T05:24:33.43817241Z,aggregation,scaled,a1cb37b7da6b,200,10.564209
2026-09-17T05:24:33.499188174Z,aggregation,scaled,348cd506525f,200,11.741955
2026-09-17T05:24:33.560151883Z,aggregation,scaled,a1cb37b7da6b,200,12.177426
2026-09-17T05:24:33.617907126Z,aggregation,scaled,348cd506525f,200,10.105102
2026-09-17T05:24:33.677945981Z,aggregation,scaled,660681595a5e,200,10.388911
2026-09-17T05:24:33.738457679Z,aggregation,scaled,348cd506525f,200,11.125991
2026-09-17T05:24:33.799415715Z,aggregation,scaled,660681595a5e,200,11.356086
2026-09-17T05:24:33.858735203Z,aggregation,scaled,a1cb37b7da6b,200,10.694532
2026-09-17T05:24:33.918126836Z,aggregation,scaled,660681595a5e,200,10.904806
2026-09-17T05:24:33.979345801Z,aggregation,scaled,a1cb37b7da6b,200,11.681678
2026-09-17T05:24:34.038404292Z,aggregation,scaled,348cd506525f,200,10.493131
2026-09-17T05:24:34.099149824Z,aggregation,scaled,a1cb37b7da6b,200,10.867882
2026-09-17T05:24:34.158352634Z,aggregation,scaled,348cd506525f,200,10.704533
2026-09-17T05:24:34.218745074Z,aggregation,scaled,660681595a5e,200,10.81462
2026-09-17T05:24:34.279234009Z,aggregation,scaled,348cd506525f,200,12.00778
2026-09-17T05:24:34.339950831Z,aggregation,scaled,660681595a5e,200,12.020352
2026-09-17T05:24:34.39884236Z,aggregation,scaled,a1cb37b7da6b,200,11.385358
2026-09-17T05:24:34.457816155Z,aggregation,scaled,660681595a5e,200,10.637358
2026-09-17T05:24:34.51860656Z,aggregation,scaled,a1cb37b7da6b,200,11.394238
2026-09-17T05:24:34.578754592Z,aggregation,scaled,348cd506525f,200,10.599366
2026-09-17T05:24:34.63866025Z,aggregation,scaled,a1cb37b7da6b,200,11.262116
2026-09-17T05:24:34.700505746Z,aggregation,scaled,348cd506525f,200,13.22607
2026-09-17T05:24:34.759072653Z,aggregation,scaled,660681595a5e,200,11.083518
2026-09-17T05:24:34.818010265Z,aggregation,scaled,348cd506525f,200,10.419503
2026-09-17T05:24:34.878119565Z,aggregation,scaled,660681595a5e,200,10.482917
2026-09-17T05:24:34.940493126Z,aggregation,scaled,a1cb37b7da6b,200,12.653382
2026-09-17T05:24:34.997890596Z,aggregation,scaled,660681595a5e,200,9.924731
2026-09-17T05:24:35.05782437Z,aggregation,scaled,a1cb37b7da6b,200,10.372925
2026-09-17T05:24:35.117518987Z,aggregation,scaled,348cd506525f,200,10.143125
2026-09-17T05:24:35.179499153Z,aggregation,scaled,a1cb37b7da6b,200,11.280271
2026-09-17T05:24:35.239970956Z,aggregation,scaled,348cd506525f,200,11.829185
2026-09-17T05:24:35.300652191Z,aggregation,scaled,660681595a5e,200,13.082077
2026-09-17T05:24:35.357760466Z,aggregation,scaled,348cd506525f,200,10.532662
2026-09-17T05:24:35.417986704Z,aggregation,scaled,660681595a5e,200,10.633287
2026-09-17T05:24:35.477950985Z,aggregation,scaled,a1cb37b7da6b,200,10.195738
2026-09-17T05:24:35.538910227Z,aggregation,scaled,660681595a5e,200,11.4751
2026-09-17T05:24:35.59855035Z,aggregation,scaled,a1cb37b7da6b,200,11.309152
2026-09-17T05:24:35.658981711Z,aggregation,scaled,348cd506525f,200,11.843688
2026-09-17T05:24:35.718068463Z,aggregation,scaled,a1cb37b7da6b,200,10.564394
2026-09-17T05:24:35.778341305Z,aggregation,scaled,348cd506525f,200,10.68013
2026-09-17T05:24:35.838784658Z,aggregation,scaled,660681595a5e,200,10.882224
2026-09-17T05:24:35.898289138Z,aggregation,scaled,348cd506525f,200,11.053126
2026-09-17T05:24:35.958113179Z,aggregation,scaled,660681595a5e,200,10.287194
2026-09-17T05:24:36.019102727Z,aggregation,scaled,a1cb37b7da6b,200,11.474114
2026-09-17T05:24:36.080081226Z,aggregation,scaled,660681595a5e,200,12.312119
2026-09-17T05:24:36.138149281Z,aggregation,scaled,a1cb37b7da6b,200,10.689351
2026-09-17T05:24:36.199257927Z,aggregation,scaled,348cd506525f,200,11.468023
2026-09-17T05:24:36.258073952Z,aggregation,scaled,a1cb37b7da6b,200,10.278674
2026-09-17T05:24:36.318197023Z,aggregation,scaled,348cd506525f,200,10.510389
2026-09-17T05:24:36.37796485Z,aggregation,scaled,660681595a5e,200,10.109534
2026-09-17T05:24:36.440613469Z,aggregation,scaled,348cd506525f,200,12.993165
2026-09-17T05:24:36.499883005Z,aggregation,scaled,660681595a5e,200,11.702228
2026-09-17T05:24:36.560735844Z,aggregation,scaled,a1cb37b7da6b,200,13.361569
2026-09-17T05:24:36.618151676Z,aggregation,scaled,660681595a5e,200,10.920002
2026-09-17T05:24:36.678509963Z,aggregation,scaled,a1cb37b7da6b,200,10.773897
2026-09-17T05:24:36.73948461Z,aggregation,scaled,348cd506525f,200,11.377547
2026-09-17T05:24:36.801469072Z,aggregation,scaled,a1cb37b7da6b,200,13.228416
2026-09-17T05:24:36.858848355Z,aggregation,scaled,348cd506525f,200,10.912096
2026-09-17T05:24:36.917842071Z,aggregation,scaled,660681595a5e,200,10.67039
2026-09-17T05:24:36.979095568Z,aggregation,scaled,348cd506525f,200,11.691028
2026-09-17T05:24:37.038452268Z,aggregation,scaled,660681595a5e,200,10.818351
2026-09-17T05:24:37.098811744Z,aggregation,scaled,a1cb37b7da6b,200,10.559903
2026-09-17T05:24:37.157608237Z,aggregation,scaled,660681595a5e,200,10.390561
2026-09-17T05:24:37.219650246Z,aggregation,scaled,a1cb37b7da6b,200,11.463082
2026-09-17T05:24:37.279570459Z,aggregation,scaled,348cd506525f,200,11.230063
2026-09-17T05:24:37.339458673Z,aggregation,scaled,a1cb37b7da6b,200,11.290024
2026-09-17T05:24:37.400587091Z,aggregation,scaled,348cd506525f,200,12.307404
2026-09-17T05:24:37.460725068Z,aggregation,scaled,660681595a5e,200,12.499612
2026-09-17T05:24:37.517910554Z,aggregation,scaled,348cd506525f,200,10.701862
2026-09-17T05:24:37.578242569Z,aggregation,scaled,660681595a5e,200,10.81472
2026-09-17T05:24:37.639665658Z,aggregation,scaled,a1cb37b7da6b,200,11.784014
2026-09-17T05:24:37.698550907Z,aggregation,scaled,660681595a5e,200,11.345694
2026-09-17T05:24:37.758787965Z,aggregation,scaled,a1cb37b7da6b,200,10.703513
2026-09-17T05:24:37.817571077Z,aggregation,scaled,348cd506525f,200,10.277964
2026-09-17T05:24:37.878872238Z,aggregation,scaled,a1cb37b7da6b,200,10.51587
2026-09-17T05:24:37.939857298Z,aggregation,scaled,348cd506525f,200,12.377314
2026-09-17T05:24:37.997886959Z,aggregation,scaled,660681595a5e,200,10.706753
2026-09-17T05:24:38.058175442Z,aggregation,scaled,348cd506525f,200,10.940048
2026-09-17T05:24:38.117917238Z,aggregation,scaled,660681595a5e,200,10.127394
2026-09-17T05:24:38.179203517Z,aggregation,scaled,a1cb37b7da6b,200,11.455273
2026-09-17T05:24:38.238929821Z,aggregation,scaled,660681595a5e,200,11.12614
2026-09-17T05:24:38.29795081Z,aggregation,scaled,a1cb37b7da6b,200,10.448064
2026-09-17T05:24:38.36014635Z,aggregation,scaled,348cd506525f,200,12.504353
2026-09-17T05:24:38.418922251Z,aggregation,scaled,a1cb37b7da6b,200,11.201675
2026-09-17T05:24:38.478742372Z,aggregation,scaled,348cd506525f,200,11.162172
2026-09-17T05:24:38.537233391Z,aggregation,scaled,660681595a5e,200,9.877964
2026-09-17T05:24:38.5981811Z,aggregation,scaled,348cd506525f,200,10.52319
2026-09-17T05:24:38.659252111Z,aggregation,scaled,660681595a5e,200,11.570916
2026-09-17T05:24:38.718253112Z,aggregation,scaled,a1cb37b7da6b,200,10.383862
2026-09-17T05:24:38.779065469Z,aggregation,scaled,660681595a5e,200,11.254059
2026-09-17T05:24:38.839149833Z,aggregation,scaled,a1cb37b7da6b,200,11.339061
2026-09-17T05:24:38.900114324Z,aggregation,scaled,348cd506525f,200,12.520534
2026-09-17T05:24:38.95955071Z,aggregation,scaled,a1cb37b7da6b,200,11.984028
2026-09-17T05:24:39.019162208Z,aggregation,scaled,348cd506525f,200,10.910391
2026-09-17T05:24:39.081448993Z,aggregation,scaled,660681595a5e,200,13.593165
2026-09-17T05:24:39.141871839Z,aggregation,scaled,348cd506525f,200,13.629591
2026-09-17T05:24:39.200434211Z,aggregation,scaled,660681595a5e,200,13.22185
2026-09-17T05:24:39.260036487Z,aggregation,scaled,a1cb37b7da6b,200,11.909772
2026-09-17T05:24:39.318542871Z,aggregation,scaled,660681595a5e,200,10.67515
2026-09-17T05:24:39.384368282Z,aggregation,scaled,a1cb37b7da6b,200,16.156614
2026-09-17T05:24:39.439242044Z,aggregation,scaled,348cd506525f,200,11.288821
2026-09-17T05:24:39.502227666Z,aggregation,scaled,a1cb37b7da6b,200,14.258478
2026-09-17T05:24:39.557804285Z,aggregation,scaled,348cd506525f,200,10.051929
2026-09-17T05:24:39.620284052Z,aggregation,scaled,660681595a5e,200,12.835604
2026-09-17T05:24:39.680462767Z,aggregation,scaled,348cd506525f,200,12.592368
2026-09-17T05:24:39.740553312Z,aggregation,scaled,660681595a5e,200,12.216202
2026-09-17T05:24:39.800159064Z,aggregation,scaled,a1cb37b7da6b,200,12.026231
2026-09-17T05:24:39.860142915Z,aggregation,scaled,660681595a5e,200,12.390655
2026-09-17T05:24:39.918594496Z,aggregation,scaled,a1cb37b7da6b,200,10.569424
2026-09-17T05:24:39.978502902Z,aggregation,scaled,348cd506525f,200,11.191325
2026-09-17T05:24:40.040181814Z,aggregation,scaled,a1cb37b7da6b,200,12.153022
2026-09-17T05:24:40.099314219Z,aggregation,scaled,348cd506525f,200,11.570955
2026-09-17T05:24:40.159550424Z,aggregation,scaled,660681595a5e,200,11.589976
2026-09-17T05:24:40.217315357Z,aggregation,scaled,348cd506525f,200,10.116698
2026-09-17T05:24:40.278304582Z,aggregation,scaled,660681595a5e,200,10.538514
2026-09-17T05:24:40.338254772Z,aggregation,scaled,a1cb37b7da6b,200,10.428034
2026-09-17T05:24:40.399951034Z,aggregation,scaled,660681595a5e,200,12.042026
2026-09-17T05:24:40.458727129Z,aggregation,scaled,a1cb37b7da6b,200,11.294321
2026-09-17T05:24:40.517195362Z,aggregation,scaled,348cd506525f,200,9.950186
2026-09-17T05:24:40.578173663Z,aggregation,scaled,a1cb37b7da6b,200,10.365933
2026-09-17T05:24:40.639570621Z,aggregation,scaled,348cd506525f,200,11.721713
2026-09-17T05:24:40.698794171Z,aggregation,scaled,660681595a5e,200,10.692105
2026-09-17T05:24:40.757133411Z,aggregation,scaled,348cd506525f,200,9.954757
2026-09-17T05:24:40.818664514Z,aggregation,scaled,660681595a5e,200,10.945234
2026-09-17T05:24:40.878819674Z,aggregation,scaled,a1cb37b7da6b,200,11.596147
2026-09-17T05:24:40.938074655Z,aggregation,scaled,660681595a5e,200,10.840525
2026-09-17T05:24:40.998828065Z,aggregation,scaled,a1cb37b7da6b,200,11.2296
2026-09-17T05:24:41.058559439Z,aggregation,scaled,348cd506525f,200,11.20642
2026-09-17T05:24:41.117964529Z,aggregation,scaled,a1cb37b7da6b,200,9.767746
2026-09-17T05:24:41.177967874Z,aggregation,scaled,348cd506525f,200,10.335296
2026-09-17T05:24:41.237961719Z,aggregation,scaled,660681595a5e,200,10.475501
2026-09-17T05:24:41.297924029Z,aggregation,scaled,348cd506525f,200,10.412449
2026-09-17T05:24:41.359536815Z,aggregation,scaled,660681595a5e,200,11.959359
2026-09-17T05:24:41.420080591Z,aggregation,scaled,a1cb37b7da6b,200,11.929987
2026-09-17T05:24:41.477894817Z,aggregation,scaled,660681595a5e,200,10.180971
2026-09-17T05:24:41.538233048Z,aggregation,scaled,a1cb37b7da6b,200,10.842253
2026-09-17T05:24:41.599805066Z,aggregation,scaled,348cd506525f,200,12.062466
2026-09-17T05:24:41.658880475Z,aggregation,scaled,a1cb37b7da6b,200,11.742574
2026-09-17T05:24:41.717722699Z,aggregation,scaled,348cd506525f,200,10.147859
2026-09-17T05:24:41.7789864Z,aggregation,scaled,660681595a5e,200,11.671875
2026-09-17T05:24:41.839001715Z,aggregation,scaled,348cd506525f,200,11.565882
2026-09-17T05:24:41.902785155Z,aggregation,scaled,660681595a5e,200,15.115307
2026-09-17T05:24:41.958580847Z,aggregation,scaled,a1cb37b7da6b,200,11.110842
2026-09-17T05:24:42.019515151Z,aggregation,scaled,660681595a5e,200,11.391323
2026-09-17T05:24:42.079090603Z,aggregation,scaled,a1cb37b7da6b,200,10.858125
2026-09-17T05:24:42.138035474Z,aggregation,scaled,348cd506525f,200,10.350003
2026-09-17T05:24:42.198249158Z,aggregation,scaled,a1cb37b7da6b,200,10.589798
2026-09-17T05:24:42.258538599Z,aggregation,scaled,348cd506525f,200,10.623531
2026-09-17T05:24:42.319523504Z,aggregation,scaled,660681595a5e,200,11.353939
2026-09-17T05:24:42.379345752Z,aggregation,scaled,348cd506525f,200,11.189831
2026-09-17T05:24:42.440443107Z,aggregation,scaled,660681595a5e,200,12.415611
2026-09-17T05:24:42.499566099Z,aggregation,scaled,a1cb37b7da6b,200,11.573305
2026-09-17T05:24:42.559708009Z,aggregation,scaled,660681595a5e,200,11.587304
2026-09-17T05:24:42.617826745Z,aggregation,scaled,a1cb37b7da6b,200,10.578227
2026-09-17T05:24:42.680130049Z,aggregation,scaled,348cd506525f,200,12.839728
2026-09-17T05:24:42.738923279Z,aggregation,scaled,a1cb37b7da6b,200,10.976945
2026-09-17T05:24:42.798969352Z,aggregation,scaled,348cd506525f,200,11.295765
2026-09-17T05:24:42.858759409Z,aggregation,scaled,660681595a5e,200,11.150755
2026-09-17T05:24:42.921887298Z,aggregation,scaled,348cd506525f,200,14.304785
2026-09-17T05:24:42.982241911Z,aggregation,scaled,660681595a5e,200,14.631427
2026-09-17T05:24:43.039262684Z,aggregation,scaled,a1cb37b7da6b,200,11.573283
2026-09-17T05:24:43.098394327Z,aggregation,scaled,660681595a5e,200,10.400156
2026-09-17T05:24:43.1587689Z,aggregation,scaled,a1cb37b7da6b,200,10.684971
2026-09-17T05:24:43.218168141Z,aggregation,scaled,348cd506525f,200,10.8061
2026-09-17T05:24:43.279291219Z,aggregation,scaled,a1cb37b7da6b,200,11.36938
2026-09-17T05:24:43.339366573Z,aggregation,scaled,348cd506525f,200,11.664099
2026-09-17T05:24:43.398673076Z,aggregation,scaled,660681595a5e,200,10.770176
2026-09-17T05:24:43.465632229Z,aggregation,scaled,348cd506525f,200,17.872119
2026-09-17T05:24:43.519774343Z,aggregation,scaled,660681595a5e,200,12.220466
2026-09-17T05:24:43.577663074Z,aggregation,scaled,a1cb37b7da6b,200,10.349062
2026-09-17T05:24:43.638922618Z,aggregation,scaled,660681595a5e,200,10.726329
2026-09-17T05:24:43.698405715Z,aggregation,scaled,a1cb37b7da6b,200,11.04554
2026-09-17T05:24:43.759025956Z,aggregation,scaled,348cd506525f,200,11.055849
2026-09-17T05:24:43.817597602Z,aggregation,scaled,a1cb37b7da6b,200,9.911899
2026-09-17T05:24:43.878539955Z,aggregation,scaled,348cd506525f,200,10.361535
2026-09-17T05:24:43.939272835Z,aggregation,scaled,660681595a5e,200,11.134116
2026-09-17T05:24:43.998549727Z,aggregation,scaled,348cd506525f,200,10.549475
2026-09-17T05:24:44.058416139Z,aggregation,scaled,660681595a5e,200,10.349172
2026-09-17T05:24:44.119403215Z,aggregation,scaled,a1cb37b7da6b,200,11.691112
2026-09-17T05:24:44.17931869Z,aggregation,scaled,660681595a5e,200,11.323526
2026-09-17T05:24:44.23950076Z,aggregation,scaled,a1cb37b7da6b,200,11.725743
2026-09-17T05:24:44.300415311Z,aggregation,scaled,348cd506525f,200,12.195734
2026-09-17T05:24:44.357921618Z,aggregation,scaled,a1cb37b7da6b,200,10.038773
2026-09-17T05:24:44.41763596Z,aggregation,scaled,348cd506525f,200,10.433358
2026-09-17T05:24:44.479162011Z,aggregation,scaled,660681595a5e,200,10.796332
2026-09-17T05:24:44.539272459Z,aggregation,scaled,348cd506525f,200,11.501768
2026-09-17T05:24:44.600730526Z,aggregation,scaled,660681595a5e,200,12.767064
2026-09-17T05:24:44.6587377Z,aggregation,scaled,a1cb37b7da6b,200,11.352346
2026-09-17T05:24:44.71836702Z,aggregation,scaled,660681595a5e,200,11.043208
2026-09-17T05:24:44.778136905Z,aggregation,scaled,a1cb37b7da6b,200,10.31823
2026-09-17T05:24:44.839279872Z,aggregation,scaled,348cd506525f,200,11.587916
2026-09-17T05:24:44.900118338Z,aggregation,scaled,a1cb37b7da6b,200,12.300973
2026-09-17T05:24:44.958159079Z,aggregation,scaled,348cd506525f,200,10.401937
2026-09-17T05:24:45.01838364Z,aggregation,scaled,660681595a5e,200,10.607185
2026-09-17T05:24:45.079741665Z,aggregation,scaled,348cd506525f,200,11.690797
2026-09-17T05:24:45.137995621Z,aggregation,scaled,660681595a5e,200,10.825686
2026-09-17T05:24:45.198053469Z,aggregation,scaled,a1cb37b7da6b,200,10.416771
2026-09-17T05:24:45.258343123Z,aggregation,scaled,660681595a5e,200,10.704535
2026-09-17T05:24:45.319621529Z,aggregation,scaled,a1cb37b7da6b,200,11.752686
2026-09-17T05:24:45.378073797Z,aggregation,scaled,348cd506525f,200,9.885573
2026-09-17T05:24:45.438044615Z,aggregation,scaled,a1cb37b7da6b,200,10.434988
2026-09-17T05:24:45.500052178Z,aggregation,scaled,348cd506525f,200,12.311682
2026-09-17T05:24:45.55756474Z,aggregation,scaled,660681595a5e,200,9.835025
2026-09-17T05:24:45.618969549Z,aggregation,scaled,348cd506525f,200,10.879053
2026-09-17T05:24:45.679727319Z,aggregation,scaled,660681595a5e,200,12.234277
2026-09-17T05:24:45.738066959Z,aggregation,scaled,a1cb37b7da6b,200,10.887218
2026-09-17T05:24:45.798333333Z,aggregation,scaled,660681595a5e,200,10.442944
2026-09-17T05:24:45.858377112Z,aggregation,scaled,a1cb37b7da6b,200,10.551767
2026-09-17T05:24:45.919004038Z,aggregation,scaled,348cd506525f,200,11.058684
2026-09-17T05:24:45.978724965Z,aggregation,scaled,a1cb37b7da6b,200,11.337152
2026-09-17T05:24:46.041038725Z,aggregation,scaled,348cd506525f,200,12.754267
2026-09-17T05:24:46.099835641Z,aggregation,scaled,660681595a5e,200,12.343596
2026-09-17T05:24:46.158521174Z,aggregation,scaled,348cd506525f,200,10.961958
2026-09-17T05:24:46.222349178Z,aggregation,scaled,660681595a5e,200,14.127203
2026-09-17T05:24:46.280230234Z,aggregation,scaled,a1cb37b7da6b,200,12.241119
2026-09-17T05:24:46.338903032Z,aggregation,scaled,660681595a5e,200,11.179799
2026-09-17T05:24:46.402391492Z,aggregation,scaled,a1cb37b7da6b,200,14.636299
2026-09-17T05:24:46.462911478Z,aggregation,scaled,348cd506525f,200,14.816188
2026-09-17T05:24:46.523011405Z,aggregation,scaled,a1cb37b7da6b,200,15.573378
2026-09-17T05:24:46.580528266Z,aggregation,scaled,348cd506525f,200,12.962322
2026-09-17T05:24:46.643141834Z,aggregation,scaled,660681595a5e,200,14.979943
2026-09-17T05:24:46.699283349Z,aggregation,scaled,348cd506525f,200,11.866013
2026-09-17T05:24:46.759563116Z,aggregation,scaled,660681595a5e,200,11.71514
2026-09-17T05:24:46.820828983Z,aggregation,scaled,a1cb37b7da6b,200,12.615693
2026-09-17T05:24:46.881024157Z,aggregation,scaled,660681595a5e,200,13.627829
2026-09-17T05:24:46.94016254Z,aggregation,scaled,a1cb37b7da6b,200,11.892534
2026-09-17T05:24:47.000849267Z,aggregation,scaled,348cd506525f,200,12.924324
2026-09-17T05:24:47.057624535Z,aggregation,scaled,a1cb37b7da6b,200,10.413118
2026-09-17T05:24:47.118839195Z,aggregation,scaled,348cd506525f,200,10.498172
2026-09-17T05:24:47.179728604Z,aggregation,scaled,660681595a5e,200,12.222516
2026-09-17T05:24:47.2397933Z,aggregation,scaled,348cd506525f,200,12.451377
2026-09-17T05:24:47.29918453Z,aggregation,scaled,660681595a5e,200,11.688601
2026-09-17T05:24:47.360011214Z,aggregation,scaled,a1cb37b7da6b,200,12.085756
2026-09-17T05:24:47.420096041Z,aggregation,scaled,660681595a5e,200,12.207445
2026-09-17T05:24:47.479085886Z,aggregation,scaled,a1cb37b7da6b,200,11.302547
2026-09-17T05:24:47.540149547Z,aggregation,scaled,348cd506525f,200,12.150401
2026-09-17T05:24:47.598550411Z,aggregation,scaled,a1cb37b7da6b,200,10.965233
2026-09-17T05:24:47.658544841Z,aggregation,scaled,348cd506525f,200,10.498472
2026-09-17T05:24:47.719093559Z,aggregation,scaled,660681595a5e,200,10.906441
2026-09-17T05:24:47.779821877Z,aggregation,scaled,348cd506525f,200,12.139591
2026-09-17T05:24:47.839340776Z,aggregation,scaled,660681595a5e,200,11.874893
2026-09-17T05:24:47.900120998Z,aggregation,scaled,a1cb37b7da6b,200,11.928056
2026-09-17T05:24:47.959262794Z,aggregation,scaled,660681595a5e,200,11.596746
2026-09-17T05:24:48.020441802Z,aggregation,scaled,a1cb37b7da6b,200,12.546777
2026-09-17T05:24:48.078382826Z,aggregation,scaled,348cd506525f,200,10.21287
2026-09-17T05:24:48.139621534Z,aggregation,scaled,a1cb37b7da6b,200,11.709801
2026-09-17T05:24:48.201071276Z,aggregation,scaled,348cd506525f,200,12.904216
2026-09-17T05:24:48.259024691Z,aggregation,scaled,660681595a5e,200,11.274956
2026-09-17T05:24:48.31768804Z,aggregation,scaled,348cd506525f,200,10.124145
2026-09-17T05:24:48.377629298Z,aggregation,scaled,660681595a5e,200,10.37414
2026-09-17T05:24:48.439208808Z,aggregation,scaled,a1cb37b7da6b,200,10.943765
2026-09-17T05:24:48.49759866Z,aggregation,scaled,660681595a5e,200,9.817037
2026-09-17T05:24:48.560050514Z,aggregation,scaled,a1cb37b7da6b,200,11.920766
2026-09-17T05:24:48.617959665Z,aggregation,scaled,348cd506525f,200,10.432474
2026-09-17T05:24:48.677935137Z,aggregation,scaled,a1cb37b7da6b,200,10.412002
2026-09-17T05:24:48.739976445Z,aggregation,scaled,348cd506525f,200,12.31882
2026-09-17T05:24:48.799616785Z,aggregation,scaled,660681595a5e,200,11.983358
2026-09-17T05:24:48.857231395Z,aggregation,scaled,348cd506525f,200,10.752099
2026-09-17T05:24:48.916928271Z,aggregation,scaled,660681595a5e,200,10.991238
2026-09-17T05:24:48.976261161Z,aggregation,scaled,a1cb37b7da6b,200,10.878421
2026-09-17T05:24:49.036710556Z,aggregation,scaled,660681595a5e,200,10.984132
2026-09-17T05:24:49.097603428Z,aggregation,scaled,a1cb37b7da6b,200,11.225153
2026-09-17T05:24:49.158063299Z,aggregation,scaled,348cd506525f,200,11.870123
2026-09-17T05:24:49.217157364Z,aggregation,scaled,a1cb37b7da6b,200,11.690401
2026-09-17T05:24:49.277549061Z,aggregation,scaled,348cd506525f,200,11.444106
2026-09-17T05:24:49.337681381Z,aggregation,scaled,660681595a5e,200,11.561384
2026-09-17T05:24:49.398687433Z,aggregation,scaled,348cd506525f,200,12.462713
2026-09-17T05:24:49.458913961Z,aggregation,scaled,660681595a5e,200,12.531428
2026-09-17T05:24:49.516556287Z,aggregation,scaled,a1cb37b7da6b,200,10.901733
2026-09-17T05:24:49.579302905Z,aggregation,scaled,660681595a5e,200,13.127386
2026-09-17T05:24:49.636843659Z,aggregation,scaled,a1cb37b7da6b,200,11.023091
2026-09-17T05:24:49.698732788Z,aggregation,scaled,348cd506525f,200,12.220005
2026-09-17T05:24:49.757705016Z,aggregation,scaled,a1cb37b7da6b,200,11.403104
2026-09-17T05:24:49.816586739Z,aggregation,scaled,348cd506525f,200,10.428613
2026-09-17T05:24:49.876346154Z,aggregation,scaled,660681595a5e,200,10.196498
2026-09-17T05:24:49.939082234Z,aggregation,scaled,348cd506525f,200,13.153722
2026-09-17T05:24:49.997545797Z,aggregation,scaled,660681595a5e,200,11.958134
2026-09-17T05:24:50.05636198Z,aggregation,scaled,a1cb37b7da6b,200,10.31109
2026-09-17T05:24:50.116433555Z,aggregation,scaled,660681595a5e,200,10.519548
2026-09-17T05:24:50.177219496Z,aggregation,scaled,a1cb37b7da6b,200,11.205442
2026-09-17T05:24:50.236918828Z,aggregation,scaled,348cd506525f,200,11.127927
2026-09-17T05:24:50.295768538Z,aggregation,scaled,a1cb37b7da6b,200,10.298696
2026-09-17T05:24:50.357566471Z,aggregation,scaled,348cd506525f,200,11.062273
2026-09-17T05:24:50.417910679Z,aggregation,scaled,660681595a5e,200,11.863837
2026-09-17T05:24:50.477764938Z,aggregation,scaled,348cd506525f,200,12.1437
2026-09-17T05:24:50.536550035Z,aggregation,scaled,660681595a5e,200,10.235421
2026-09-17T05:24:50.598217929Z,aggregation,scaled,a1cb37b7da6b,200,11.835043
2026-09-17T05:24:50.656528797Z,aggregation,scaled,660681595a5e,200,10.591503
2026-09-17T05:24:50.716434395Z,aggregation,scaled,a1cb37b7da6b,200,10.20692
2026-09-17T05:24:50.776846592Z,aggregation,scaled,348cd506525f,200,10.769834
2026-09-17T05:24:50.836695834Z,aggregation,scaled,a1cb37b7da6b,200,11.16847
2026-09-17T05:24:50.898689829Z,aggregation,scaled,348cd506525f,200,12.274558
2026-09-17T05:24:50.957939084Z,aggregation,scaled,660681595a5e,200,11.51155
2026-09-17T05:24:51.016209262Z,aggregation,scaled,348cd506525f,200,10.654587
2026-09-17T05:24:51.076492281Z,aggregation,scaled,660681595a5e,200,10.614135
2026-09-17T05:24:51.137982626Z,aggregation,scaled,a1cb37b7da6b,200,11.882443
2026-09-17T05:24:51.197497056Z,aggregation,scaled,660681595a5e,200,11.941552
2026-09-17T05:24:51.256884659Z,aggregation,scaled,a1cb37b7da6b,200,10.761043
2026-09-17T05:24:51.315736147Z,aggregation,scaled,348cd506525f,200,10.310412
2026-09-17T05:24:51.377756284Z,aggregation,scaled,a1cb37b7da6b,200,11.457712
2026-09-17T05:24:51.43938531Z,aggregation,scaled,348cd506525f,200,12.981511
2026-09-17T05:24:51.497359347Z,aggregation,scaled,660681595a5e,200,11.49454
2026-09-17T05:24:51.557328168Z,aggregation,scaled,348cd506525f,200,11.27239
2026-09-17T05:24:51.617725934Z,aggregation,scaled,660681595a5e,200,11.871143
2026-09-17T05:24:51.678026955Z,aggregation,scaled,a1cb37b7da6b,200,11.646429
2026-09-17T05:24:51.735917155Z,aggregation,scaled,660681595a5e,200,10.281704
2026-09-17T05:24:51.799104215Z,aggregation,scaled,a1cb37b7da6b,200,12.717634
2026-09-17T05:24:51.857744433Z,aggregation,scaled,348cd506525f,200,12.31475
2026-09-17T05:24:51.916532729Z,aggregation,scaled,a1cb37b7da6b,200,10.149186
2026-09-17T05:24:51.977583626Z,aggregation,scaled,348cd506525f,200,11.402393
2026-09-17T05:24:52.036020222Z,aggregation,scaled,660681595a5e,200,10.158517
2026-09-17T05:24:52.097003404Z,aggregation,scaled,348cd506525f,200,10.521489
2026-09-17T05:24:52.157318996Z,aggregation,scaled,660681595a5e,200,11.723564
2026-09-17T05:24:52.21750569Z,aggregation,scaled,a1cb37b7da6b,200,11.610756
2026-09-17T05:24:52.27683084Z,aggregation,scaled,660681595a5e,200,10.70356
2026-09-17T05:24:52.336891046Z,aggregation,scaled,a1cb37b7da6b,200,11.454797
2026-09-17T05:24:52.397235559Z,aggregation,scaled,348cd506525f,200,11.579844
2026-09-17T05:24:52.455778621Z,aggregation,scaled,a1cb37b7da6b,200,10.076776
2026-09-17T05:24:52.517007819Z,aggregation,scaled,348cd506525f,200,10.54506
2026-09-17T05:24:52.577080275Z,aggregation,scaled,660681595a5e,200,11.623327
2026-09-17T05:24:52.637130691Z,aggregation,scaled,348cd506525f,200,11.457977
2026-09-17T05:24:52.696386288Z,aggregation,scaled,660681595a5e,200,10.61767
2026-09-17T05:24:52.7584754Z,aggregation,scaled,a1cb37b7da6b,200,12.31303
2026-09-17T05:24:52.816714132Z,aggregation,scaled,660681595a5e,200,10.582444
2026-09-17T05:24:52.876685523Z,aggregation,scaled,a1cb37b7da6b,200,10.318687
2026-09-17T05:24:52.940984485Z,aggregation,scaled,348cd506525f,200,14.608688
2026-09-17T05:24:52.997967995Z,aggregation,scaled,a1cb37b7da6b,200,11.595335
2026-09-17T05:24:53.057290605Z,aggregation,scaled,348cd506525f,200,11.66266
2026-09-17T05:24:53.118703463Z,aggregation,scaled,660681595a5e,200,12.83051
2026-09-17T05:24:53.178479872Z,aggregation,scaled,348cd506525f,200,12.14847
2026-09-17T05:24:53.23663986Z,aggregation,scaled,660681595a5e,200,10.409043
2026-09-17T05:24:53.296403718Z,aggregation,scaled,a1cb37b7da6b,200,10.181648
2026-09-17T05:24:53.357402881Z,aggregation,scaled,660681595a5e,200,11.494549
2026-09-17T05:24:53.417288707Z,aggregation,scaled,a1cb37b7da6b,200,11.254745
2026-09-17T05:24:53.476356091Z,aggregation,scaled,348cd506525f,200,10.460036
2026-09-17T05:24:53.537038575Z,aggregation,scaled,a1cb37b7da6b,200,11.144588
2026-09-17T05:24:53.597816964Z,aggregation,scaled,348cd506525f,200,12.196193
2026-09-17T05:24:53.656923617Z,aggregation,scaled,660681595a5e,200,10.570347
2026-09-17T05:24:53.716022597Z,aggregation,scaled,348cd506525f,200,10.54782
2026-09-17T05:24:53.776918944Z,aggregation,scaled,660681595a5e,200,11.51848
2026-09-17T05:24:53.836354962Z,aggregation,scaled,a1cb37b7da6b,200,10.684489
2026-09-17T05:24:53.896332132Z,aggregation,scaled,660681595a5e,200,10.514839
2026-09-17T05:24:53.95675647Z,aggregation,scaled,a1cb37b7da6b,200,10.880231
2026-09-17T05:24:54.017970727Z,aggregation,scaled,348cd506525f,200,11.566713
2026-09-17T05:24:54.078251867Z,aggregation,scaled,a1cb37b7da6b,200,12.226395
2026-09-17T05:24:54.137664182Z,aggregation,scaled,348cd506525f,200,11.905014
2026-09-17T05:24:54.197350915Z,aggregation,scaled,660681595a5e,200,11.867443
2026-09-17T05:24:54.257221043Z,aggregation,scaled,348cd506525f,200,11.251779
2026-09-17T05:24:54.317746832Z,aggregation,scaled,660681595a5e,200,11.988848
2026-09-17T05:24:54.380501605Z,aggregation,scaled,a1cb37b7da6b,200,14.129792
2026-09-17T05:24:54.440181877Z,aggregation,scaled,660681595a5e,200,13.437896
2026-09-17T05:24:54.498896839Z,aggregation,scaled,a1cb37b7da6b,200,12.366803
2026-09-17T05:24:54.560888124Z,aggregation,scaled,348cd506525f,200,14.357846
2026-09-17T05:24:54.619071244Z,aggregation,scaled,a1cb37b7da6b,200,13.670793
2026-09-17T05:24:54.679234936Z,aggregation,scaled,348cd506525f,200,13.650422
2026-09-17T05:24:54.738233667Z,aggregation,scaled,660681595a5e,200,12.345572
2026-09-17T05:24:54.797066015Z,aggregation,scaled,348cd506525f,200,11.425185
2026-09-17T05:24:54.856640243Z,aggregation,scaled,660681595a5e,200,11.130687
2026-09-17T05:24:54.918506069Z,aggregation,scaled,a1cb37b7da6b,200,12.206063
2026-09-17T05:24:54.976420152Z,aggregation,scaled,660681595a5e,200,10.210858
2026-09-17T05:24:55.038630961Z,aggregation,scaled,a1cb37b7da6b,200,12.560195
2026-09-17T05:24:55.099400799Z,aggregation,scaled,348cd506525f,200,13.231036
2026-09-17T05:24:55.157988615Z,aggregation,scaled,a1cb37b7da6b,200,12.006371
2026-09-17T05:24:55.216871943Z,aggregation,scaled,348cd506525f,200,11.308744
2026-09-17T05:24:55.278226114Z,aggregation,scaled,660681595a5e,200,12.529843
2026-09-17T05:24:55.337854274Z,aggregation,scaled,348cd506525f,200,11.846401
2026-09-17T05:24:55.397354887Z,aggregation,scaled,660681595a5e,200,11.093534
2026-09-17T05:24:55.457899371Z,aggregation,scaled,a1cb37b7da6b,200,11.970709
2026-09-17T05:24:55.51834621Z,aggregation,scaled,660681595a5e,200,11.852079
2026-09-17T05:24:55.577187331Z,aggregation,scaled,a1cb37b7da6b,200,11.355261
2026-09-17T05:24:55.637005941Z,aggregation,scaled,348cd506525f,200,11.254944
2026-09-17T05:24:55.69792785Z,aggregation,scaled,a1cb37b7da6b,200,12.332431
2026-09-17T05:24:55.756743099Z,aggregation,scaled,348cd506525f,200,10.344559
2026-09-17T05:24:55.816883428Z,aggregation,scaled,660681595a5e,200,10.501778
2026-09-17T05:24:55.878339029Z,aggregation,scaled,348cd506525f,200,11.859952
2026-09-17T05:24:55.935790024Z,aggregation,scaled,660681595a5e,200,9.858452
2026-09-17T05:24:55.99811559Z,aggregation,scaled,a1cb37b7da6b,200,11.726934
2026-09-17T05:24:56.056321285Z,aggregation,scaled,660681595a5e,200,10.629418
2026-09-17T05:24:56.116433052Z,aggregation,scaled,a1cb37b7da6b,200,10.278095
2026-09-17T05:24:56.177048769Z,aggregation,scaled,348cd506525f,200,11.076027
2026-09-17T05:24:56.236761505Z,aggregation,scaled,a1cb37b7da6b,200,11.198936
2026-09-17T05:24:56.297537255Z,aggregation,scaled,348cd506525f,200,11.24621
2026-09-17T05:24:56.356173213Z,aggregation,scaled,660681595a5e,200,10.141636
2026-09-17T05:24:56.416192157Z,aggregation,scaled,348cd506525f,200,10.513726
2026-09-17T05:24:56.476983461Z,aggregation,scaled,660681595a5e,200,11.4176
2026-09-17T05:24:56.536317611Z,aggregation,scaled,a1cb37b7da6b,200,10.782264
2026-09-17T05:24:56.597073223Z,aggregation,scaled,660681595a5e,200,11.222458
2026-09-17T05:24:56.656937081Z,aggregation,scaled,a1cb37b7da6b,200,11.463843
2026-09-17T05:24:56.71679423Z,aggregation,scaled,348cd506525f,200,11.2701
2026-09-17T05:24:56.776903145Z,aggregation,scaled,a1cb37b7da6b,200,10.526182
2026-09-17T05:24:56.837472673Z,aggregation,scaled,348cd506525f,200,12.059114
2026-09-17T05:24:56.897933131Z,aggregation,scaled,660681595a5e,200,11.953206
2026-09-17T05:24:56.956603362Z,aggregation,scaled,348cd506525f,200,11.191035
2026-09-17T05:24:57.016292239Z,aggregation,scaled,660681595a5e,200,10.187869
2026-09-17T05:24:57.077321105Z,aggregation,scaled,a1cb37b7da6b,200,11.407911
2026-09-17T05:24:57.138572165Z,aggregation,scaled,660681595a5e,200,12.665283
2026-09-17T05:24:57.196374567Z,aggregation,scaled,a1cb37b7da6b,200,10.251284
2026-09-17T05:24:57.258978638Z,aggregation,scaled,348cd506525f,200,13.013187
2026-09-17T05:24:57.315873349Z,aggregation,scaled,a1cb37b7da6b,200,10.217081
2026-09-17T05:24:57.377610282Z,aggregation,scaled,348cd506525f,200,11.089608
2026-09-17T05:24:57.441904162Z,aggregation,scaled,660681595a5e,200,15.693422
2026-09-17T05:24:57.496831186Z,aggregation,scaled,348cd506525f,200,10.606327
2026-09-17T05:24:57.557718572Z,aggregation,scaled,660681595a5e,200,11.27451
2026-09-17T05:24:57.618202403Z,aggregation,scaled,a1cb37b7da6b,200,11.802236
2026-09-17T05:24:57.678724055Z,aggregation,scaled,660681595a5e,200,12.956743
2026-09-17T05:24:57.736768723Z,aggregation,scaled,a1cb37b7da6b,200,10.316378
2026-09-17T05:24:57.799458849Z,aggregation,scaled,348cd506525f,200,13.06652
2026-09-17T05:24:57.859319138Z,aggregation,scaled,a1cb37b7da6b,200,13.349329
2026-09-17T05:24:57.916293584Z,aggregation,scaled,348cd506525f,200,10.358051
2026-09-17T05:24:57.976067038Z,aggregation,scaled,660681595a5e,200,10.221042
2026-09-17T05:24:58.037769739Z,aggregation,scaled,348cd506525f,200,12.101645
2026-09-17T05:24:58.097624178Z,aggregation,scaled,660681595a5e,200,11.248309
2026-09-17T05:24:58.156716775Z,aggregation,scaled,a1cb37b7da6b,200,10.423906
2026-09-17T05:24:58.216991792Z,aggregation,scaled,660681595a5e,200,10.685783
2026-09-17T05:24:58.277542075Z,aggregation,scaled,a1cb37b7da6b,200,11.812976
2026-09-17T05:24:58.338249302Z,aggregation,scaled,348cd506525f,200,12.186983
2026-09-17T05:24:58.39576812Z,aggregation,scaled,a1cb37b7da6b,200,10.202059
2026-09-17T05:24:58.455604138Z,aggregation,scaled,348cd506525f,200,10.118674
2026-09-17T05:24:58.515917803Z,aggregation,scaled,660681595a5e,200,9.832515
2026-09-17T05:24:58.57724931Z,aggregation,scaled,348cd506525f,200,11.828169
2026-09-17T05:24:58.637477163Z,aggregation,scaled,660681595a5e,200,11.818746
2026-09-17T05:24:58.697247996Z,aggregation,scaled,a1cb37b7da6b,200,11.075839
2026-09-17T05:24:58.75718341Z,aggregation,scaled,660681595a5e,200,11.422741
2026-09-17T05:24:58.816962893Z,aggregation,scaled,a1cb37b7da6b,200,11.256681
2026-09-17T05:24:58.876991772Z,aggregation,scaled,348cd506525f,200,11.372617
2026-09-17T05:24:58.936745583Z,aggregation,scaled,a1cb37b7da6b,200,11.324373
2026-09-17T05:24:58.997712754Z,aggregation,scaled,348cd506525f,200,11.41868
