source_file,bytes,format,encoding,records,valid,fields_or_first_line,sha256
results/20260915-223228-full-aggregation-10/collector.log,0,empty,utf-8-sig,0,True,,e3b0c44298fc1c149afbf4c8996fb92427ae41e4649b934ca495991b7852b855
results/20260915-223228-full-aggregation-10/containers.jsonl,3177,JSONL,utf-8-sig,12,True,"stats, timestamp",848b6c3632ee76db9a9da6463943d8ea406d75c7fc3043470263debd232989b9
results/20260915-223228-full-aggregation-10/run.json,233,JSON,utf-8-sig,6,True,"durationSeconds, startedUtc, deployment, endpoint, requests, url",8ef4c1f42dd652b19fe34fb1b9b6b0c124ac6cd1f5e5c5c7bc9bbf0797ce8eab
results/20260915-223228-full-aggregation-10/samples.json,59038,JSONL,utf-8-sig,214,True,"data, metric, type",ff3fb3dddf05b82da62aaf299dc807800eb7b2d6628806c6ed25c1150c161559
results/20260915-223228-full-aggregation-10/stop,0,empty,utf-8-sig,0,True,,e3b0c44298fc1c149afbf4c8996fb92427ae41e4649b934ca495991b7852b855
results/20260915-223228-full-aggregation-10/summary.json,5620,JSON,utf-8-sig,4,True,"root_group, options, state, metrics",6eb2fbb650d7ea5534c4b7f2cd5d863ddd21d5e58aa2e091986bd67677c6f440
results/20260915-223228-full-aggregation-10/threads.jsonl,2956,JSONL,utf-8-sig,12,True,"container, processes, timestamp",150140d1dac319c20f141b17f4c19fb365e07fb93b6f7d2280c4818c37551dca
results/20260915-223228-full-aggregation-10/traefik.jsonl,130060,JSONL con prefijo Docker Compose,utf-16,69,True,"ClientAddr, ClientHost, ClientPort, ClientUsername, DownstreamContentSize, DownstreamStatus, Duration, OriginContentSize, OriginDuration, OriginStatus, Overhead, RequestAddr, RequestContentSize, RequestCount, RequestHost, RequestMethod, RequestPath, RequestPort, RequestProtocol, RequestScheme, RetryAttempts, RouterName, ServiceAddr, ServiceName, ServiceURL, StartLocal, StartUTC, TLSCipher, TLSVersion, downstream_X-App-Instance, entryPointName, level, msg, origin_X-App-Instance, time",3afa2c8e3475aabe598376030b20a4b24f57be03da1f2e62034377d6d770a698
results/20260915-223228-full-static-10/collector.log,0,empty,utf-8-sig,0,True,,e3b0c44298fc1c149afbf4c8996fb92427ae41e4649b934ca495991b7852b855
results/20260915-223228-full-static-10/containers.jsonl,3175,JSONL,utf-8-sig,12,True,"stats, timestamp",4affcd8142e04f345a92ce87556145db36a71bfabc7dfa41094dd0189449b54e
results/20260915-223228-full-static-10/run.json,243,JSON,utf-8-sig,6,True,"durationSeconds, startedUtc, deployment, endpoint, requests, url",5bbb3c3363b46d01d1046f6ad2b7e2e01a5c0fcdaab881898110d65e594a0659
results/20260915-223228-full-static-10/samples.json,56196,JSONL,utf-8-sig,198,True,"data, metric, type",4b0687d2361feb11a46c505b9b211e3777379fc089310834ce08c5e13f3c7e2a
results/20260915-223228-full-static-10/stop,0,empty,utf-8-sig,0,True,,e3b0c44298fc1c149afbf4c8996fb92427ae41e4649b934ca495991b7852b855
results/20260915-223228-full-static-10/summary.json,5736,JSON,utf-8-sig,4,True,"root_group, options, state, metrics",154edc0b9453f0c70c2b90b65fb840475015408b9e50f5df5eea7a948f212dfa
results/20260915-223228-full-static-10/threads.jsonl,2956,JSONL,utf-8-sig,12,True,"container, processes, timestamp",5d906d267516d7cd67e9c45eaf9a61098c9c848b7ae89d0de49451389f103bd9
results/20260915-223228-full-static-10/traefik.jsonl,108702,JSONL con prefijo Docker Compose,utf-16,58,True,"ClientAddr, ClientHost, ClientPort, ClientUsername, DownstreamContentSize, DownstreamStatus, Duration, OriginContentSize, OriginDuration, OriginStatus, Overhead, RequestAddr, RequestContentSize, RequestCount, RequestHost, RequestMethod, RequestPath, RequestPort, RequestProtocol, RequestScheme, RetryAttempts, RouterName, ServiceAddr, ServiceName, ServiceURL, StartLocal, StartUTC, TLSCipher, TLSVersion, downstream_X-App-Instance, entryPointName, level, msg, origin_X-App-Instance, time",faab885b177b8c7cf033c397a8f234d15a5e87a93a4b8639e37b9f4e6fa46efe
results/20260915-223353-full-aggregation-10/collector.log,0,empty,utf-8-sig,0,True,,e3b0c44298fc1c149afbf4c8996fb92427ae41e4649b934ca495991b7852b855
results/20260915-223353-full-aggregation-10/containers.jsonl,3182,JSONL,utf-8-sig,12,True,"stats, timestamp",cfa7eceada677e370d90c278cf586d960c4bf19d89635ebe7cd8b7cd13c72c78
results/20260915-223353-full-aggregation-10/run.json,233,JSON,utf-8-sig,6,True,"durationSeconds, startedUtc, deployment, endpoint, requests, url",ea61c35a434902a9a0498a121487d49f5a55f3e7e434aaf61ec36760828aae8c
results/20260915-223353-full-aggregation-10/samples.json,54704,JSONL,utf-8-sig,202,True,"data, metric, type",01dfe4df4b9d97fb78742901bd1995daad84148dedb76c9c71d6f85090a3f1e6
results/20260915-223353-full-aggregation-10/stop,0,empty,utf-8-sig,0,True,,e3b0c44298fc1c149afbf4c8996fb92427ae41e4649b934ca495991b7852b855
results/20260915-223353-full-aggregation-10/summary.json,5718,JSON,utf-8-sig,4,True,"root_group, options, state, metrics",a7b1765f574068a5064784bd4dbf9f19c8eb182c7c09ca379d0458ef2282b1b7
results/20260915-223353-full-aggregation-10/threads.jsonl,2956,JSONL,utf-8-sig,12,True,"container, processes, timestamp",6216954eb27b07b4e85b8bed7b3f748e2bb6af7b11e7c6854cab6d0b4a581fc0
results/20260915-223353-full-aggregation-10/traefik.jsonl,167500,JSONL con prefijo Docker Compose,utf-16,89,True,"ClientAddr, ClientHost, ClientPort, ClientUsername, DownstreamContentSize, DownstreamStatus, Duration, OriginContentSize, OriginDuration, OriginStatus, Overhead, RequestAddr, RequestContentSize, RequestCount, RequestHost, RequestMethod, RequestPath, RequestPort, RequestProtocol, RequestScheme, RetryAttempts, RouterName, ServiceAddr, ServiceName, ServiceURL, StartLocal, StartUTC, TLSCipher, TLSVersion, downstream_X-App-Instance, entryPointName, level, msg, origin_X-App-Instance, time",1bf5893b45b467ec0093b90fca7bec06b4de98cd7f4fda8c77acd69eb8dc96a5
results/20260915-223353-full-book-10/collector.log,0,empty,utf-8-sig,0,True,,e3b0c44298fc1c149afbf4c8996fb92427ae41e4649b934ca495991b7852b855
results/20260915-223353-full-book-10/containers.jsonl,3185,JSONL,utf-8-sig,12,True,"stats, timestamp",1065fe8fef93b627f033883149d86a67b46410cc668c1326f9521dd28e44304f
results/20260915-223353-full-book-10/run.json,210,JSON,utf-8-sig,6,True,"durationSeconds, startedUtc, deployment, endpoint, requests, url",eead80a5e0363c91ba5038af00fb5dfec6b0d1f487d14be83bce48436f0fe0e9
results/20260915-223353-full-book-10/samples.json,50474,JSONL,utf-8-sig,198,True,"data, metric, type",f2dec224db0b32e055ab14b5946fd13dd005c3d37cf3e9501abb9a1b82df8ced
results/20260915-223353-full-book-10/stop,0,empty,utf-8-sig,0,True,,e3b0c44298fc1c149afbf4c8996fb92427ae41e4649b934ca495991b7852b855
results/20260915-223353-full-book-10/summary.json,5737,JSON,utf-8-sig,4,True,"metrics, root_group, options, state",6b5c8f8771ad1bfc00e0764da39947ce405b03c1b17880cf0d63ed865e671181
results/20260915-223353-full-book-10/threads.jsonl,2956,JSONL,utf-8-sig,12,True,"container, processes, timestamp",413c2f5c5b48486ca28e2578b38f39aef2b5ac4696e964b9bfa5835066c156f7
results/20260915-223353-full-book-10/traefik.jsonl,205950,JSONL con prefijo Docker Compose,utf-16,109,True,"ClientAddr, ClientHost, ClientPort, ClientUsername, DownstreamContentSize, DownstreamStatus, Duration, OriginContentSize, OriginDuration, OriginStatus, Overhead, RequestAddr, RequestContentSize, RequestCount, RequestHost, RequestMethod, RequestPath, RequestPort, RequestProtocol, RequestScheme, RetryAttempts, RouterName, ServiceAddr, ServiceName, ServiceURL, StartLocal, StartUTC, TLSCipher, TLSVersion, downstream_X-App-Instance, entryPointName, level, msg, origin_X-App-Instance, time",3c76641e9c33841af88f4054704d6ed8b0ad3115763f63bdb6a9f1c0cfa7004d
results/20260915-223353-full-search-10/collector.log,0,empty,utf-8-sig,0,True,,e3b0c44298fc1c149afbf4c8996fb92427ae41e4649b934ca495991b7852b855
results/20260915-223353-full-search-10/containers.jsonl,3184,JSONL,utf-8-sig,12,True,"stats, timestamp",9751f109da85c7314921c8bfc18174153e3cd6edc2815454f1af8048dd229410
results/20260915-223353-full-search-10/run.json,229,JSON,utf-8-sig,6,True,"durationSeconds, startedUtc, deployment, endpoint, requests, url",8eb706d21b5e00d85a735af305f666bbf7d30cc361f63a4f2ff7b06dfde42d4a
results/20260915-223353-full-search-10/samples.json,55480,JSONL,utf-8-sig,208,True,"data, metric, type",add2248a9d7003aab9a34bda1fa4d1cd5119980584ab3921d578c31a5f65a897
results/20260915-223353-full-search-10/stop,0,empty,utf-8-sig,0,True,,e3b0c44298fc1c149afbf4c8996fb92427ae41e4649b934ca495991b7852b855
results/20260915-223353-full-search-10/summary.json,6020,JSON,utf-8-sig,4,True,"root_group, options, state, metrics",5e2e78fa87506c89ef1af9de0fe3c8187817dddb53e948778805741a40a2976b
results/20260915-223353-full-search-10/threads.jsonl,2956,JSONL,utf-8-sig,12,True,"container, processes, timestamp",5ab1009c938ec4fb33a5148fbd863221ecf7cdcdf3c92dcc9de855f5a8820345
results/20260915-223353-full-search-10/traefik.jsonl,186892,JSONL con prefijo Docker Compose,utf-16,99,True,"ClientAddr, ClientHost, ClientPort, ClientUsername, DownstreamContentSize, DownstreamStatus, Duration, OriginContentSize, OriginDuration, OriginStatus, Overhead, RequestAddr, RequestContentSize, RequestCount, RequestHost, RequestMethod, RequestPath, RequestPort, RequestProtocol, RequestScheme, RetryAttempts, RouterName, ServiceAddr, ServiceName, ServiceURL, StartLocal, StartUTC, TLSCipher, TLSVersion, downstream_X-App-Instance, entryPointName, level, msg, origin_X-App-Instance, time",45702b249dc950bcb758ad591936e668bd78c103584fc8f6a0fc5864d55714a9
results/20260915-223353-full-static-10/collector.log,0,empty,utf-8-sig,0,True,,e3b0c44298fc1c149afbf4c8996fb92427ae41e4649b934ca495991b7852b855
results/20260915-223353-full-static-10/containers.jsonl,3178,JSONL,utf-8-sig,12,True,"stats, timestamp",daa274bea878e93d9ce6225d8c22d54c25cf466c91601d0fbcaa44d3f402d47d
results/20260915-223353-full-static-10/run.json,243,JSON,utf-8-sig,6,True,"durationSeconds, startedUtc, deployment, endpoint, requests, url",17babda1eff338da66cc0741bf73da5e89e2c03d5533edc92ed3a7ecd25af7c8
results/20260915-223353-full-static-10/samples.json,56783,JSONL,utf-8-sig,202,True,"data, metric, type",c5069cd7e659c57dde6d333420ddfd0b344a13d6094d34124535a0639825a344
results/20260915-223353-full-static-10/stop,0,empty,utf-8-sig,0,True,,e3b0c44298fc1c149afbf4c8996fb92427ae41e4649b934ca495991b7852b855
results/20260915-223353-full-static-10/summary.json,5757,JSON,utf-8-sig,4,True,"root_group, options, state, metrics",1575d65ad1929a422bc47b2ef985e4dbbdafa52f739f66974df502adefea2da7
results/20260915-223353-full-static-10/threads.jsonl,2956,JSONL,utf-8-sig,12,True,"container, processes, timestamp",ebb00e4544f2d744881ecefd356b7527a1fbc6d9136aff264bfd71b327f3fa6d
results/20260915-223353-full-static-10/traefik.jsonl,148084,JSONL con prefijo Docker Compose,utf-16,79,True,"ClientAddr, ClientHost, ClientPort, ClientUsername, DownstreamContentSize, DownstreamStatus, Duration, OriginContentSize, OriginDuration, OriginStatus, Overhead, RequestAddr, RequestContentSize, RequestCount, RequestHost, RequestMethod, RequestPath, RequestPort, RequestProtocol, RequestScheme, RetryAttempts, RouterName, ServiceAddr, ServiceName, ServiceURL, StartLocal, StartUTC, TLSCipher, TLSVersion, downstream_X-App-Instance, entryPointName, level, msg, origin_X-App-Instance, time",df361b04318be7861996078540ec0125aa724607322dc78fa9236e7398a04b54
results/20260915-223605-full-book-5000/collector.log,0,empty,utf-8-sig,0,True,,e3b0c44298fc1c149afbf4c8996fb92427ae41e4649b934ca495991b7852b855
results/20260915-223605-full-book-5000/containers.jsonl,65510,JSONL,utf-8-sig,246,True,"stats, timestamp",c1f982c5d6b069999e79fdaafa3270d294dea2daa7c1d58af81768cd0984686f
results/20260915-223605-full-book-5000/run.json,213,JSON,utf-8-sig,6,True,"durationSeconds, startedUtc, deployment, endpoint, requests, url",031a434e1a9fd1e4fdbe978756b09a6e135ca8ee53c916b69337771a157e90b7
results/20260915-223605-full-book-5000/samples.json,22757035,JSONL,utf-8-sig,80622,True,"data, metric, type",3001d0638d1ee7c5cb3272e4c81d9b2ee1142954301a10e542c1e215095da845
results/20260915-223605-full-book-5000/stop,0,empty,utf-8-sig,0,True,,e3b0c44298fc1c149afbf4c8996fb92427ae41e4649b934ca495991b7852b855
results/20260915-223605-full-book-5000/summary.json,5662,JSON,utf-8-sig,4,True,"root_group, options, state, metrics",2c429622b65789c22308e54a3755afe2db90a93a134706898288d8ebd01392b2
results/20260915-223605-full-book-5000/threads.jsonl,62844,JSONL,utf-8-sig,246,True,"container, processes, timestamp",eb6940c622dcae35dc86035812b1f672753dd3ca38715ae5c929208291e5485b
results/20260915-223605-full-book-5000/traefik.jsonl,9728222,JSONL con prefijo Docker Compose,utf-16,5109,True,"ClientAddr, ClientHost, ClientPort, ClientUsername, DownstreamContentSize, DownstreamStatus, Duration, OriginContentSize, OriginDuration, OriginStatus, Overhead, RequestAddr, RequestContentSize, RequestCount, RequestHost, RequestMethod, RequestPath, RequestPort, RequestProtocol, RequestScheme, RetryAttempts, RouterName, ServiceAddr, ServiceName, ServiceURL, StartLocal, StartUTC, TLSCipher, TLSVersion, downstream_X-App-Instance, entryPointName, level, msg, origin_X-App-Instance, time",afe3ad9d2d28c55aeae5c9f39c8cedb70f77207ec06e76e877b42d067446180c
results/20260915-224344-scaled-book-5000/collector.log,0,empty,utf-8-sig,0,True,,e3b0c44298fc1c149afbf4c8996fb92427ae41e4649b934ca495991b7852b855
results/20260915-224344-scaled-book-5000/containers.jsonl,83346,JSONL,utf-8-sig,312,True,"stats, timestamp",994e5a6c0e1e1bb3341597345292b37133c9c582d8e8ecec3345090718896f71
results/20260915-224344-scaled-book-5000/run.json,215,JSON,utf-8-sig,6,True,"durationSeconds, startedUtc, deployment, endpoint, requests, url",d80cdbe8cece7fcf5c53b7610deea3dd12b7aa86c8cb5f07eee2ed4a1c54695b
results/20260915-224344-scaled-book-5000/samples.json,22868393,JSONL,utf-8-sig,80622,True,"data, metric, type",90d210088ba2ff7d3bb12957ffcc1626e5afa09c233fae4929648c9254bcb0cb
results/20260915-224344-scaled-book-5000/stop,0,empty,utf-8-sig,0,True,,e3b0c44298fc1c149afbf4c8996fb92427ae41e4649b934ca495991b7852b855
results/20260915-224344-scaled-book-5000/summary.json,5667,JSON,utf-8-sig,4,True,"metrics, root_group, options, state",2b2f09eb34060de8e2213abead662242f372e63067971e8d12594e177406c9bb
results/20260915-224344-scaled-book-5000/threads.jsonl,81635,JSONL,utf-8-sig,312,True,"container, processes, timestamp",39223f832d7d29e464df5451dca36f940e831edabd3b4ee050390bd31bc00bd9
results/20260915-224344-scaled-book-5000/traefik.jsonl,19514060,JSONL con prefijo Docker Compose,utf-16,10246,True,"ClientAddr, ClientHost, ClientPort, ClientUsername, DownstreamContentSize, DownstreamStatus, Duration, OriginContentSize, OriginDuration, OriginStatus, Overhead, RequestAddr, RequestContentSize, RequestCount, RequestHost, RequestMethod, RequestPath, RequestPort, RequestProtocol, RequestScheme, RetryAttempts, RouterName, ServiceAddr, ServiceName, ServiceURL, StartLocal, StartUTC, TLSCipher, TLSVersion, downstream_X-App-Instance, entryPointName, level, msg, origin_X-App-Instance, time",806c20b528c044a3377f87cae2e201c7f1e36617f1be52a892afd067de4c1adb
results/20260915-224651-scaled-aggregation-10/collector.log,0,empty,utf-8-sig,0,True,,e3b0c44298fc1c149afbf4c8996fb92427ae41e4649b934ca495991b7852b855
results/20260915-224651-scaled-aggregation-10/kubernetes-usage.jsonl,1296,JSONL,utf-8-sig,2,True,"timestamp, usage",0e4ed96870f7101c24dae78b673fcb3dd9b6f5f4d366e753bd28e3dc99d78f00
results/20260915-224651-scaled-aggregation-10/run.json,240,JSON,utf-8-sig,6,True,"durationSeconds, startedUtc, deployment, endpoint, requests, url",827a4f09aa859a1d0abadd74712e76bba5a91bd773a31b44e3e6e9dd6c257992
results/20260915-224651-scaled-aggregation-10/samples.json,56191,JSONL,utf-8-sig,202,True,"data, metric, type",8fe60f9b7d99ac7895327f831f99a2dc4c90df10235ec0a15639c7fde34b5f8c
results/20260915-224651-scaled-aggregation-10/stop,0,empty,utf-8-sig,0,True,,e3b0c44298fc1c149afbf4c8996fb92427ae41e4649b934ca495991b7852b855
results/20260915-224651-scaled-aggregation-10/summary.json,5748,JSON,utf-8-sig,4,True,"root_group, options, state, metrics",cccda94b5ea20121a8b52fed22b90e44c3c36ffc0b264cf30a5be2b146b6a8fc
results/20260915-224651-scaled-aggregation-10/threads.jsonl,4156,JSONL,utf-8-sig,16,True,"container, pod, processes, timestamp",2618fd759f9047c0bf4fa88d61973ea4ff3ef018d16b5d20c7d16d40e1cfe7e9
results/20260915-224651-scaled-book-10/collector.log,0,empty,utf-8-sig,0,True,,e3b0c44298fc1c149afbf4c8996fb92427ae41e4649b934ca495991b7852b855
results/20260915-224651-scaled-book-10/kubernetes-usage.jsonl,1280,JSONL,utf-8-sig,2,True,"timestamp, usage",43f5d0bc33c9beeb51a83ed35684192bdbe54c71e93def9ffb90449bafe2158a
results/20260915-224651-scaled-book-10/run.json,217,JSON,utf-8-sig,6,True,"durationSeconds, startedUtc, deployment, endpoint, requests, url",3d3b9eac9e844c2475e07ade6ceba603dd003f6fcaf79a52b3b9f0c866b138da
results/20260915-224651-scaled-book-10/samples.json,52597,JSONL,utf-8-sig,202,True,"data, metric, type",242647f775fe94ee6580675c534dd0fc6f3ef288d01e5da9dbcd0ebc5960b46c
results/20260915-224651-scaled-book-10/stop,0,empty,utf-8-sig,0,True,,e3b0c44298fc1c149afbf4c8996fb92427ae41e4649b934ca495991b7852b855
results/20260915-224651-scaled-book-10/summary.json,5721,JSON,utf-8-sig,4,True,"state, metrics, root_group, options",8be44007d3a2af6bc74ca05432392ff8d0405b568908b64322c80aaade20a1d4
results/20260915-224651-scaled-book-10/threads.jsonl,4161,JSONL,utf-8-sig,16,True,"container, pod, processes, timestamp",8b71f3442cb7c008dc4a8798159cbed7c628f92592752e9ab5a372acca4087bf
results/20260915-224651-scaled-search-10/collector.log,0,empty,utf-8-sig,0,True,,e3b0c44298fc1c149afbf4c8996fb92427ae41e4649b934ca495991b7852b855
results/20260915-224651-scaled-search-10/kubernetes-usage.jsonl,1296,JSONL,utf-8-sig,2,True,"timestamp, usage",4c62009b8a40521e577b97bc09bfa16e26253188cbfe93d570ac5fb85f532874
results/20260915-224651-scaled-search-10/run.json,236,JSON,utf-8-sig,6,True,"durationSeconds, startedUtc, deployment, endpoint, requests, url",ad4443cfce836c7e99b6b89cfb8958d9da0244fa932d49fd9192ca5bdc11a5eb
results/20260915-224651-scaled-search-10/samples.json,57014,JSONL,utf-8-sig,208,True,"data, metric, type",03209937fd5c43cc84ce3bf7286e408f2b13fe4cef216ec6e190857ce3deb3cf
results/20260915-224651-scaled-search-10/stop,0,empty,utf-8-sig,0,True,,e3b0c44298fc1c149afbf4c8996fb92427ae41e4649b934ca495991b7852b855
results/20260915-224651-scaled-search-10/summary.json,5983,JSON,utf-8-sig,4,True,"root_group, options, state, metrics",074585cf8af8002a24e7dc0d003484a9ce7981996c048de10cb000e6928ac289
results/20260915-224651-scaled-search-10/threads.jsonl,4159,JSONL,utf-8-sig,16,True,"container, pod, processes, timestamp",e6f561aaf6b403f1f7f4f1edd6833bc84f450db264924894acc3e6a5fd06cd85
results/20260915-224651-scaled-static-10/collector.log,0,empty,utf-8-sig,0,True,,e3b0c44298fc1c149afbf4c8996fb92427ae41e4649b934ca495991b7852b855
results/20260915-224651-scaled-static-10/kubernetes-usage.jsonl,1296,JSONL,utf-8-sig,2,True,"timestamp, usage",7c268cbd14b9748513e075435f1ea55c80068eafb7f220d2a270f16c584361f6
results/20260915-224651-scaled-static-10/run.json,250,JSON,utf-8-sig,6,True,"durationSeconds, startedUtc, deployment, endpoint, requests, url",bd4635fb1d9f0375707b0d96afbdec6e58d101570b9fd92cc486a13e17fde9e5
results/20260915-224651-scaled-static-10/samples.json,57319,JSONL,utf-8-sig,198,True,"data, metric, type",c09c3635b012e6e5be3349aa33159085b9dac2a08741e779b71a05593117d094
results/20260915-224651-scaled-static-10/stop,0,empty,utf-8-sig,0,True,,e3b0c44298fc1c149afbf4c8996fb92427ae41e4649b934ca495991b7852b855
results/20260915-224651-scaled-static-10/summary.json,5739,JSON,utf-8-sig,4,True,"root_group, options, state, metrics",c118e3f3b635c13dca8fface6613d397b1531938650854d975e5b0c5012f322c
results/20260915-224651-scaled-static-10/threads.jsonl,4156,JSONL,utf-8-sig,16,True,"container, pod, processes, timestamp",5c096b01051af8e6caaa65dc333b8a41e9c78781b309ef85c9a6a5cfb9326e68
results/20260915-225147-scaled-static-1/collector.log,0,empty,utf-8-sig,0,True,,e3b0c44298fc1c149afbf4c8996fb92427ae41e4649b934ca495991b7852b855
results/20260915-225147-scaled-static-1/containers.jsonl,2143,JSONL,utf-8-sig,8,True,"stats, timestamp",f5d441f5f2d75be49f7314c3a53abf37ebd12903e3707df874f3fbaef4d369f9
results/20260915-225147-scaled-static-1/run.json,243,JSON,utf-8-sig,6,True,"durationSeconds, startedUtc, deployment, endpoint, requests, url",cd99b5a1f739e820e67c47c845544ec6fb1e2a07b73a007746a9acabdd963541
results/20260915-225147-scaled-static-1/samples.json,9168,JSONL,utf-8-sig,44,True,"data, metric, type",28a5c89b1edf15c7655cd561d19f27baf25a498ad3f5e282b14dade6c5eee464
results/20260915-225147-scaled-static-1/stop,0,empty,utf-8-sig,0,True,,e3b0c44298fc1c149afbf4c8996fb92427ae41e4649b934ca495991b7852b855
results/20260915-225147-scaled-static-1/summary.json,5499,JSON,utf-8-sig,4,True,"metrics, root_group, options, state",c4e6da74c0c7330ffde699f01e2d5f93404d98ea3061438727a917658644dc4c
results/20260915-225147-scaled-static-1/threads.jsonl,2050,JSONL,utf-8-sig,8,True,"container, processes, timestamp",172d75bb0732dceeab63236cd01313f35485130d36885dadc294beee929ae1ee
results/20260915-225147-scaled-static-1/traefik.jsonl,19515870,JSONL con prefijo Docker Compose,utf-16,10247,True,"ClientAddr, ClientHost, ClientPort, ClientUsername, DownstreamContentSize, DownstreamStatus, Duration, OriginContentSize, OriginDuration, OriginStatus, Overhead, RequestAddr, RequestContentSize, RequestCount, RequestHost, RequestMethod, RequestPath, RequestPort, RequestProtocol, RequestScheme, RetryAttempts, RouterName, ServiceAddr, ServiceName, ServiceURL, StartLocal, StartUTC, TLSCipher, TLSVersion, downstream_X-App-Instance, entryPointName, level, msg, origin_X-App-Instance, time",363accb1f46674ce3984cd00f12ce77b4facbca47cfc9433f28ff0b9380d03e2
results/kubernetes-metrics/kubernetes-usage.jsonl,640,JSONL,utf-8-sig,1,True,"timestamp, usage",a4e2f72a005f064336069f1dbaf1daa832c016ed65427e1df3c9999948e49dcd
results/kubernetes-metrics/stop,0,empty,utf-8-sig,0,True,,e3b0c44298fc1c149afbf4c8996fb92427ae41e4649b934ca495991b7852b855
results/kubernetes-metrics/threads.jsonl,770,JSONL,utf-8-sig,2,True,"container, pod, processes, timestamp",c0978c3e807e898af741ac0d6f2b0c37ccba7ae8bce3c29e0b50cedcaa8bd3b6
results/kubernetes-metrics-2/kubernetes-usage.jsonl,1920,JSONL,utf-8-sig,3,True,"timestamp, usage",5a358e52c3bfea756018a83c2d43ea93794dd90e847fa77d3deeb0ba99ccd193
results/kubernetes-metrics-2/stop,0,empty,utf-8-sig,0,True,,e3b0c44298fc1c149afbf4c8996fb92427ae41e4649b934ca495991b7852b855
results/kubernetes-metrics-2/threads.jsonl,5958,JSONL,utf-8-sig,24,True,"container, pod, processes, timestamp",2741febba2b9ef49d4fbf375ba21b1685e23f4e02c9982acd6aa2408bb934be0
results/load-matrix.lock,0,empty,utf-8-sig,0,True,,e3b0c44298fc1c149afbf4c8996fb92427ae41e4649b934ca495991b7852b855
results/matrix-20260916-2305/comparison.csv,5437,CSV,utf-8-sig,40,True,"deployment, endpoint, requested, duration_seconds, observed, failed_rate, avg_ms, median_ms, p95_ms, min_ms, max_ms, directory",e6e8ceba7d9895f994ed96af4c4d9ed50be65a5c0f9ba7d42f86381d760ce385
results/matrix-20260916-2305/docker-resources.txt,19,text,utf-8-sig,1,True,12 16293437440,c94f7954baf1f80a80c31fb822e1be73361b47d4bcf8ffcfe3cc23875e10f828
results/matrix-20260916-2305/docker-version.json,1149,JSON,utf-8-sig,2,True,"Client, Server",f9a9d13615b03d189c82bb6090f634db323f61af369f0a057b4b0571b9a598fc
results/matrix-20260916-2305/full-aggregation-1/collector-ready,0,empty,utf-8-sig,0,True,,e3b0c44298fc1c149afbf4c8996fb92427ae41e4649b934ca495991b7852b855
results/matrix-20260916-2305/full-aggregation-1/collector.log,0,empty,utf-8-sig,0,True,,e3b0c44298fc1c149afbf4c8996fb92427ae41e4649b934ca495991b7852b855
results/matrix-20260916-2305/full-aggregation-1/completed.json,152,JSON,utf-8-sig,4,True,"baseUrl, durationSeconds, requests, completedUtc",d1b2207194e3cc44adfdb361dc454926abd960d36b7df93deaa3d555162d892d
results/matrix-20260916-2305/full-aggregation-1/container-identities.jsonl,1181,JSONL,utf-8-sig,6,True,"id, image, memory_limit_bytes, name, nano_cpus, service",224ffe5e2a377bfd10bd52bb2f7f73d2bb357f1f0a09fd53e42b037db3b03d7a
results/matrix-20260916-2305/full-aggregation-1/containers.csv,25231,CSV,utf-8-sig,246,True,"timestamp, container, name, cpu_percent, memory_usage, memory_percent, threads, pids",f8ff1e6974570cc17867cb743dc65bf84fb6506cff99aac3f2ff724d1675edb2
results/matrix-20260916-2305/full-aggregation-1/containers.jsonl,68834,JSONL,utf-8-sig,246,True,"stats, threads, timestamp",145557a7897e45e6b0b012a3ce869fe79fa6c3f6ee18a2e941bbf38cd5e3e90a
results/matrix-20260916-2305/full-aggregation-1/metrics-metadata.json,235,JSON,utf-8-sig,5,True,"cpu_percent_basis, page_bytes, interval_seconds, clock_ticks_per_second, process_memory",095889b1d031f3084bc2a1e3ba3678bc7a2b51b3579034802126c23d45f2b0ce
results/matrix-20260916-2305/full-aggregation-1/processes.csv,62313,CSV,utf-8-sig,497,True,"timestamp, container, name, pid, start_ticks, command, cpu_percent, cpu_interval_seconds, rss_bytes, virtual_bytes, threads",9e61bdeee58b2dffe30a1a94710ab35c43737d1f5e3d7da39d09b56d7015f08a
results/matrix-20260916-2305/full-aggregation-1/processes.jsonl,143699,JSONL,utf-8-sig,497,True,"command, container, cpu_interval_seconds, cpu_percent, cpu_ticks, name, pid, rss_bytes, start_ticks, threads, timestamp, virtual_bytes",72b76a77fc429857fe3b06a91828d28c38fcaa9b5b6ec7ff903d01ae86fc377c
results/matrix-20260916-2305/full-aggregation-1/requests.csv,141,CSV,utf-8-sig,1,True,"timestamp, endpoint, deployment, instance, status, response_time_ms",5fc39708aa00b0bd415184042b1a5167eda8ef6a3f25eb0cf816663395ca3905
results/matrix-20260916-2305/full-aggregation-1/run.json,329,JSON,utf-8-sig,9,True,"url, durationSeconds, startedUtc, project, kubernetesContext, requests, deployment, endpoint, expectedReplicas",bc418c2133be22347316653ffe94c49577b9f6b0b9e109d580ff060defae8a7f
results/matrix-20260916-2305/full-aggregation-1/samples.json,70923,JSONL,utf-8-sig,638,True,"data, metric, type",45eacd6c2a0fbd85bd13bdca9e7cacd4a5a129702e864fd04c2d9c1ad3592401
results/matrix-20260916-2305/full-aggregation-1/stop,0,empty,utf-8-sig,0,True,,e3b0c44298fc1c149afbf4c8996fb92427ae41e4649b934ca495991b7852b855
results/matrix-20260916-2305/full-aggregation-1/summary.json,5579,JSON,utf-8-sig,4,True,"state, metrics, root_group, options",e9a273740d886a5c42ea455d295281e99f68a7cb7aac0cd3632fbaae136c0d2a
results/matrix-20260916-2305/full-aggregation-1/threads.jsonl,21075,JSONL,utf-8-sig,246,True,"container, threads, timestamp",8d722255dc63b34fc5dca62ca51f0dbc605cc67e5495504b1ffadfd65f37b2b0
results/matrix-20260916-2305/full-aggregation-1/traefik.jsonl,1920,JSONL,utf-16,1,True,"ClientAddr, ClientHost, ClientPort, ClientUsername, DownstreamContentSize, DownstreamStatus, Duration, OriginContentSize, OriginDuration, OriginStatus, Overhead, RequestAddr, RequestContentSize, RequestCount, RequestHost, RequestMethod, RequestPath, RequestPort, RequestProtocol, RequestScheme, RetryAttempts, RouterName, ServiceAddr, ServiceName, ServiceURL, StartLocal, StartUTC, TLSCipher, TLSVersion, downstream_X-App-Instance, entryPointName, level, msg, origin_X-App-Instance, time",69f50800341067dc39a605881908237573b9d7b92237bdf91133048053461dc9
results/matrix-20260916-2305/full-aggregation-10/collector-ready,0,empty,utf-8-sig,0,True,,e3b0c44298fc1c149afbf4c8996fb92427ae41e4649b934ca495991b7852b855
results/matrix-20260916-2305/full-aggregation-10/collector.log,0,empty,utf-8-sig,0,True,,e3b0c44298fc1c149afbf4c8996fb92427ae41e4649b934ca495991b7852b855
results/matrix-20260916-2305/full-aggregation-10/completed.json,153,JSON,utf-8-sig,4,True,"baseUrl, durationSeconds, requests, completedUtc",09bb70d9e77d2559dc246703af69e4d9f5151e17b4edd97b83acaba67506247a
results/matrix-20260916-2305/full-aggregation-10/container-identities.jsonl,1181,JSONL,utf-8-sig,6,True,"id, image, memory_limit_bytes, name, nano_cpus, service",224ffe5e2a377bfd10bd52bb2f7f73d2bb357f1f0a09fd53e42b037db3b03d7a
results/matrix-20260916-2305/full-aggregation-10/containers.csv,25838,CSV,utf-8-sig,252,True,"timestamp, container, name, cpu_percent, memory_usage, memory_percent, threads, pids",b2501ac49c1f423371068f115e6f252218339e72f8f1f228ed26bfa2392b6919
results/matrix-20260916-2305/full-aggregation-10/containers.jsonl,70427,JSONL,utf-8-sig,252,True,"stats, threads, timestamp",8d87660febab6f4e6771b2fda85004a678652cacda31b231f6841cf183e4ee1e
results/matrix-20260916-2305/full-aggregation-10/metrics-metadata.json,235,JSON,utf-8-sig,5,True,"cpu_percent_basis, page_bytes, interval_seconds, clock_ticks_per_second, process_memory",095889b1d031f3084bc2a1e3ba3678bc7a2b51b3579034802126c23d45f2b0ce
results/matrix-20260916-2305/full-aggregation-10/processes.csv,63161,CSV,utf-8-sig,506,True,"timestamp, container, name, pid, start_ticks, command, cpu_percent, cpu_interval_seconds, rss_bytes, virtual_bytes, threads",654ef146f842a5cbce11d27e234683570574fe98bd3c5cd6f63de33a11a754fb
results/matrix-20260916-2305/full-aggregation-10/processes.jsonl,145917,JSONL,utf-8-sig,506,True,"command, container, cpu_interval_seconds, cpu_percent, cpu_ticks, name, pid, rss_bytes, start_ticks, threads, timestamp, virtual_bytes",ae38ee3f9abb084155ad1244f8652b4170b807314909a9d45c784bbca7f637f2
results/matrix-20260916-2305/full-aggregation-10/requests.csv,823,CSV,utf-8-sig,10,True,"timestamp, endpoint, deployment, instance, status, response_time_ms",c650611cb0c8977cdc0ad1f5b555123b6eef4117afef8d477f14ac2e785b3f59
results/matrix-20260916-2305/full-aggregation-10/run.json,330,JSON,utf-8-sig,9,True,"url, durationSeconds, startedUtc, project, kubernetesContext, requests, deployment, endpoint, expectedReplicas",417d7216d96ad476aaded6db335429c502163796cdd1885b06a8c4f592fea463
results/matrix-20260916-2305/full-aggregation-10/samples.json,114685,JSONL,utf-8-sig,778,True,"data, metric, type",7d991d9ac39232e21d6d9e0c5fc0d2e9f74abfd430db309d5302f42f45b792a5
results/matrix-20260916-2305/full-aggregation-10/stop,0,empty,utf-8-sig,0,True,,e3b0c44298fc1c149afbf4c8996fb92427ae41e4649b934ca495991b7852b855
results/matrix-20260916-2305/full-aggregation-10/summary.json,5697,JSON,utf-8-sig,4,True,"root_group, options, state, metrics",99d6691f7ba9b4a999970921ac9246d811293bdb6855c7145c2cac80b629cabd
results/matrix-20260916-2305/full-aggregation-10/threads.jsonl,21590,JSONL,utf-8-sig,252,True,"container, threads, timestamp",b2cc6be0e889d4687a325fa9ed455966b670181fdb36bcc886847ef891fd0dfa
results/matrix-20260916-2305/full-aggregation-10/traefik.jsonl,19144,JSONL,utf-16,10,True,"ClientAddr, ClientHost, ClientPort, ClientUsername, DownstreamContentSize, DownstreamStatus, Duration, OriginContentSize, OriginDuration, OriginStatus, Overhead, RequestAddr, RequestContentSize, RequestCount, RequestHost, RequestMethod, RequestPath, RequestPort, RequestProtocol, RequestScheme, RetryAttempts, RouterName, ServiceAddr, ServiceName, ServiceURL, StartLocal, StartUTC, TLSCipher, TLSVersion, downstream_X-App-Instance, entryPointName, level, msg, origin_X-App-Instance, time",bcce0cf3a9ad3262c58ddfc23adb15c3846dc9fb76f17ba1aed3829e6ace9705
results/matrix-20260916-2305/full-aggregation-100/collector-ready,0,empty,utf-8-sig,0,True,,e3b0c44298fc1c149afbf4c8996fb92427ae41e4649b934ca495991b7852b855
results/matrix-20260916-2305/full-aggregation-100/collector.log,0,empty,utf-8-sig,0,True,,e3b0c44298fc1c149afbf4c8996fb92427ae41e4649b934ca495991b7852b855
results/matrix-20260916-2305/full-aggregation-100/completed.json,154,JSON,utf-8-sig,4,True,"baseUrl, durationSeconds, requests, completedUtc",5fb6f479c4f61e10ba2b5638be3971473f093ee5c68d2a62a03ccd2978e1e301
results/matrix-20260916-2305/full-aggregation-100/container-identities.jsonl,1181,JSONL,utf-8-sig,6,True,"id, image, memory_limit_bytes, name, nano_cpus, service",224ffe5e2a377bfd10bd52bb2f7f73d2bb357f1f0a09fd53e42b037db3b03d7a
results/matrix-20260916-2305/full-aggregation-100/containers.csv,24575,CSV,utf-8-sig,240,True,"timestamp, container, name, cpu_percent, memory_usage, memory_percent, threads, pids",cd87f256df5d6eaee336205e87ffe739420f3fd0f06177f51ce918e40a9e4618
results/matrix-20260916-2305/full-aggregation-100/containers.jsonl,67125,JSONL,utf-8-sig,240,True,"stats, threads, timestamp",1edef35bc32f1879eaf06e99207e12e03bf8a8346f85d60fac1750bb9806102f
results/matrix-20260916-2305/full-aggregation-100/metrics-metadata.json,235,JSON,utf-8-sig,5,True,"cpu_percent_basis, page_bytes, interval_seconds, clock_ticks_per_second, process_memory",095889b1d031f3084bc2a1e3ba3678bc7a2b51b3579034802126c23d45f2b0ce
results/matrix-20260916-2305/full-aggregation-100/processes.csv,60316,CSV,utf-8-sig,481,True,"timestamp, container, name, pid, start_ticks, command, cpu_percent, cpu_interval_seconds, rss_bytes, virtual_bytes, threads",3312d4a65e5a4b57ee80a0c712ccfe68c7ea6ee5d75b44c8930bc10727f04b7c
results/matrix-20260916-2305/full-aggregation-100/processes.jsonl,139214,JSONL,utf-8-sig,481,True,"command, container, cpu_interval_seconds, cpu_percent, cpu_ticks, name, pid, rss_bytes, start_ticks, threads, timestamp, virtual_bytes",8dad9907164835fb65d3dac527bfa174e23f8bb0a5f7c1c3aa6a5925a33ef42f
results/matrix-20260916-2305/full-aggregation-100/requests.csv,7639,CSV,utf-8-sig,100,True,"timestamp, endpoint, deployment, instance, status, response_time_ms",0c30e2fdf5031223ca9175f6be50837c4a524367c875fa11724ab14fb5e3af57
results/matrix-20260916-2305/full-aggregation-100/run.json,331,JSON,utf-8-sig,9,True,"url, durationSeconds, startedUtc, project, kubernetesContext, requests, deployment, endpoint, expectedReplicas",0a191ede81c01650fc5bb76fb2479c240e8edd2c970cf1e2f6642ad93fa4ac63
results/matrix-20260916-2305/full-aggregation-100/samples.json,556968,JSONL,utf-8-sig,2222,True,"data, metric, type",747f2a7a9acf26ed08084213a7d4d0d67a813ed31aa75b7034fa8167131414b1
results/matrix-20260916-2305/full-aggregation-100/stop,0,empty,utf-8-sig,0,True,,e3b0c44298fc1c149afbf4c8996fb92427ae41e4649b934ca495991b7852b855
results/matrix-20260916-2305/full-aggregation-100/summary.json,5764,JSON,utf-8-sig,4,True,"root_group, options, state, metrics",9b009c17ea9cee56f5e3c6d3fb2094f28372ecd0d9b17c2370db6a2f8b17ecc2
results/matrix-20260916-2305/full-aggregation-100/threads.jsonl,20561,JSONL,utf-8-sig,240,True,"container, threads, timestamp",a45ba723a258c59b0d8e521742bf329d4d8ed3673f2b2db183f4e46ec1128ce2
results/matrix-20260916-2305/full-aggregation-100/traefik.jsonl,191682,JSONL,utf-16,100,True,"ClientAddr, ClientHost, ClientPort, ClientUsername, DownstreamContentSize, DownstreamStatus, Duration, OriginContentSize, OriginDuration, OriginStatus, Overhead, RequestAddr, RequestContentSize, RequestCount, RequestHost, RequestMethod, RequestPath, RequestPort, RequestProtocol, RequestScheme, RetryAttempts, RouterName, ServiceAddr, ServiceName, ServiceURL, StartLocal, StartUTC, TLSCipher, TLSVersion, downstream_X-App-Instance, entryPointName, level, msg, origin_X-App-Instance, time",37d37c4f08116476d7a1b5de8cfa23fc6ebcb38f0d15a658c4b9d5ba4b32da2b
results/matrix-20260916-2305/full-aggregation-1000/collector-ready,0,empty,utf-8-sig,0,True,,e3b0c44298fc1c149afbf4c8996fb92427ae41e4649b934ca495991b7852b855
results/matrix-20260916-2305/full-aggregation-1000/collector.log,0,empty,utf-8-sig,0,True,,e3b0c44298fc1c149afbf4c8996fb92427ae41e4649b934ca495991b7852b855
results/matrix-20260916-2305/full-aggregation-1000/completed.json,155,JSON,utf-8-sig,4,True,"baseUrl, durationSeconds, requests, completedUtc",9a6f4c21439861974b5d2972f96ddaec798c491c2fc9ec046f4c591f84a7130e
results/matrix-20260916-2305/full-aggregation-1000/container-identities.jsonl,1181,JSONL,utf-8-sig,6,True,"id, image, memory_limit_bytes, name, nano_cpus, service",224ffe5e2a377bfd10bd52bb2f7f73d2bb357f1f0a09fd53e42b037db3b03d7a
results/matrix-20260916-2305/full-aggregation-1000/containers.csv,24610,CSV,utf-8-sig,240,True,"timestamp, container, name, cpu_percent, memory_usage, memory_percent, threads, pids",28752b07b2aa8df42f8fd699aeed60c16bbb9c9c116a44c46d101d341f3669ff
results/matrix-20260916-2305/full-aggregation-1000/containers.jsonl,67184,JSONL,utf-8-sig,240,True,"stats, threads, timestamp",6d4a2127f8b92424d13e0e4d996843d7cfd84e757a419e08b7d9ecdb77a6dea6
results/matrix-20260916-2305/full-aggregation-1000/metrics-metadata.json,235,JSON,utf-8-sig,5,True,"cpu_percent_basis, page_bytes, interval_seconds, clock_ticks_per_second, process_memory",095889b1d031f3084bc2a1e3ba3678bc7a2b51b3579034802126c23d45f2b0ce
results/matrix-20260916-2305/full-aggregation-1000/processes.csv,63787,CSV,utf-8-sig,507,True,"timestamp, container, name, pid, start_ticks, command, cpu_percent, cpu_interval_seconds, rss_bytes, virtual_bytes, threads",db24c9fca652b2b517573f32e084d694eda44a211701f33fb08f8d2f8b72eb2a
results/matrix-20260916-2305/full-aggregation-1000/processes.jsonl,147041,JSONL,utf-8-sig,507,True,"command, container, cpu_interval_seconds, cpu_percent, cpu_ticks, name, pid, rss_bytes, start_ticks, threads, timestamp, virtual_bytes",b1c515f69bb67d19724841ee1c84379926c40ee043ec4736a3b5b1f57789da20
results/matrix-20260916-2305/full-aggregation-1000/requests.csv,75840,CSV,utf-8-sig,1000,True,"timestamp, endpoint, deployment, instance, status, response_time_ms",85b331457a52fbc67c644c9e4aa8b5039a9799203703161022e72c44768ce145
results/matrix-20260916-2305/full-aggregation-1000/run.json,332,JSON,utf-8-sig,9,True,"url, durationSeconds, startedUtc, project, kubernetesContext, requests, deployment, endpoint, expectedReplicas",b727e3f8d8bfa861b14dfb44723c6b9cf6129eba3d1002671252ae541b2b42db
results/matrix-20260916-2305/full-aggregation-1000/samples.json,4972124,JSONL,utf-8-sig,16618,True,"data, metric, type",d21934080079b017b28a2b0a390b1e8d91a2cf268a5112251e0650c641aa4f2b
results/matrix-20260916-2305/full-aggregation-1000/stop,0,empty,utf-8-sig,0,True,,e3b0c44298fc1c149afbf4c8996fb92427ae41e4649b934ca495991b7852b855
results/matrix-20260916-2305/full-aggregation-1000/summary.json,5638,JSON,utf-8-sig,4,True,"metrics, root_group, options, state",1e6221e3b4d5a4eabfd1c9662ef5a2c29cae758e44cac7a91c638868febb47a1
results/matrix-20260916-2305/full-aggregation-1000/threads.jsonl,20561,JSONL,utf-8-sig,240,True,"container, threads, timestamp",f3acfd642d63a1f0ff5e28dc9d57630f0858f58832ba6007ff391d7f573e3bc1
results/matrix-20260916-2305/full-aggregation-1000/traefik.jsonl,1919002,JSONL,utf-16,1000,True,"ClientAddr, ClientHost, ClientPort, ClientUsername, DownstreamContentSize, DownstreamStatus, Duration, OriginContentSize, OriginDuration, OriginStatus, Overhead, RequestAddr, RequestContentSize, RequestCount, RequestHost, RequestMethod, RequestPath, RequestPort, RequestProtocol, RequestScheme, RetryAttempts, RouterName, ServiceAddr, ServiceName, ServiceURL, StartLocal, StartUTC, TLSCipher, TLSVersion, downstream_X-App-Instance, entryPointName, level, msg, origin_X-App-Instance, time",48e89158f74fcc27306c59336350d77be6031d3e5d4e4104d0d77a3be5726f83
results/matrix-20260916-2305/full-aggregation-5000/collector-ready,0,empty,utf-8-sig,0,True,,e3b0c44298fc1c149afbf4c8996fb92427ae41e4649b934ca495991b7852b855
results/matrix-20260916-2305/full-aggregation-5000/collector.log,0,empty,utf-8-sig,0,True,,e3b0c44298fc1c149afbf4c8996fb92427ae41e4649b934ca495991b7852b855
results/matrix-20260916-2305/full-aggregation-5000/completed.json,155,JSON,utf-8-sig,4,True,"baseUrl, durationSeconds, requests, completedUtc",d4c8c49816f61e03175d98af325d6d5783363848bf7c8151565a409caefe46f4
results/matrix-20260916-2305/full-aggregation-5000/container-identities.jsonl,1181,JSONL,utf-8-sig,6,True,"id, image, memory_limit_bytes, name, nano_cpus, service",224ffe5e2a377bfd10bd52bb2f7f73d2bb357f1f0a09fd53e42b037db3b03d7a
results/matrix-20260916-2305/full-aggregation-5000/containers.csv,24651,CSV,utf-8-sig,240,True,"timestamp, container, name, cpu_percent, memory_usage, memory_percent, threads, pids",e1ea914905a5df1bc5408bef3c95932ab86902080a9e9f5f54a9148344ec290b
results/matrix-20260916-2305/full-aggregation-5000/containers.jsonl,67250,JSONL,utf-8-sig,240,True,"stats, threads, timestamp",76f5c83066ce732bbc5813cab5c4ad0ec96daed6a57998aa222b461da7b9d97d
results/matrix-20260916-2305/full-aggregation-5000/metrics-metadata.json,235,JSON,utf-8-sig,5,True,"cpu_percent_basis, page_bytes, interval_seconds, clock_ticks_per_second, process_memory",095889b1d031f3084bc2a1e3ba3678bc7a2b51b3579034802126c23d45f2b0ce
results/matrix-20260916-2305/full-aggregation-5000/processes.csv,65000,CSV,utf-8-sig,522,True,"timestamp, container, name, pid, start_ticks, command, cpu_percent, cpu_interval_seconds, rss_bytes, virtual_bytes, threads",6e50cce451370ad69fcaf9e55326f33d486b85508b6fc6fd3fd061c788602ade
results/matrix-20260916-2305/full-aggregation-5000/processes.jsonl,150807,JSONL,utf-8-sig,522,True,"command, container, cpu_interval_seconds, cpu_percent, cpu_ticks, name, pid, rss_bytes, start_ticks, threads, timestamp, virtual_bytes",e4d5e0a142141c0f75dc7bee0bf8fd6621ac1e11720636b175e096ca670ae191
results/matrix-20260916-2305/full-aggregation-5000/requests.csv,379019,CSV,utf-8-sig,5000,True,"timestamp, endpoint, deployment, instance, status, response_time_ms",be942f40d87697acf4a0b7cb57a5311a9375de6fe2fff6b61e85042c3b8d5d28
results/matrix-20260916-2305/full-aggregation-5000/run.json,332,JSON,utf-8-sig,9,True,"url, durationSeconds, startedUtc, project, kubernetesContext, requests, deployment, endpoint, expectedReplicas",f877880c7db0fccf0e1cff9b209535cf276196ddfab919693ae454294d45e957
results/matrix-20260916-2305/full-aggregation-5000/samples.json,24597812,JSONL,utf-8-sig,80618,True,"data, metric, type",63ae9b76538ebab80346893450b9b032feace9ecd3a2c4b28d6a52eddc147c2d
results/matrix-20260916-2305/full-aggregation-5000/stop,0,empty,utf-8-sig,0,True,,e3b0c44298fc1c149afbf4c8996fb92427ae41e4649b934ca495991b7852b855
results/matrix-20260916-2305/full-aggregation-5000/summary.json,5673,JSON,utf-8-sig,4,True,"metrics, root_group, options, state",4292d7f017c2294f5a089acbd0526a6ea7d0e1554b842aa2f71529ba38008b68
results/matrix-20260916-2305/full-aggregation-5000/threads.jsonl,20561,JSONL,utf-8-sig,240,True,"container, threads, timestamp",5ace26ad3ef9080a1f67b28580f6fbd2bc0988a2cdb15a261ddcf4b7693242ef
results/matrix-20260916-2305/full-aggregation-5000/traefik.jsonl,9601390,JSONL,utf-16,5000,True,"ClientAddr, ClientHost, ClientPort, ClientUsername, DownstreamContentSize, DownstreamStatus, Duration, OriginContentSize, OriginDuration, OriginStatus, Overhead, RequestAddr, RequestContentSize, RequestCount, RequestHost, RequestMethod, RequestPath, RequestPort, RequestProtocol, RequestScheme, RetryAttempts, RouterName, ServiceAddr, ServiceName, ServiceURL, StartLocal, StartUTC, TLSCipher, TLSVersion, downstream_X-App-Instance, entryPointName, level, msg, origin_X-App-Instance, time",d21fa703cca6b644833f95d745a985aa20305ed82e407e1a113c62a29126f153
results/matrix-20260916-2305/full-book-1/collector-ready,0,empty,utf-8-sig,0,True,,e3b0c44298fc1c149afbf4c8996fb92427ae41e4649b934ca495991b7852b855
results/matrix-20260916-2305/full-book-1/collector.log,0,empty,utf-8-sig,0,True,,e3b0c44298fc1c149afbf4c8996fb92427ae41e4649b934ca495991b7852b855
results/matrix-20260916-2305/full-book-1/completed.json,152,JSON,utf-8-sig,4,True,"baseUrl, durationSeconds, requests, completedUtc",1c00f0b0d7a157578d5c2c8c450aec1536e68e0e2f097543f427e29ef8a40041
results/matrix-20260916-2305/full-book-1/container-identities.jsonl,1181,JSONL,utf-8-sig,6,True,"id, image, memory_limit_bytes, name, nano_cpus, service",224ffe5e2a377bfd10bd52bb2f7f73d2bb357f1f0a09fd53e42b037db3b03d7a
results/matrix-20260916-2305/full-book-1/containers.csv,25189,CSV,utf-8-sig,246,True,"timestamp, container, name, cpu_percent, memory_usage, memory_percent, threads, pids",49d84c72b3fb307c21174378c77f65527b9842994200e92af129f4f0a5de33b3
results/matrix-20260916-2305/full-book-1/containers.jsonl,68720,JSONL,utf-8-sig,246,True,"stats, threads, timestamp",104598f57d433e589507d831f3c1bd85f8d2130b6bc9594c3ffca199f2e8a1e8
results/matrix-20260916-2305/full-book-1/metrics-metadata.json,235,JSON,utf-8-sig,5,True,"cpu_percent_basis, page_bytes, interval_seconds, clock_ticks_per_second, process_memory",095889b1d031f3084bc2a1e3ba3678bc7a2b51b3579034802126c23d45f2b0ce
results/matrix-20260916-2305/full-book-1/processes.csv,66979,CSV,utf-8-sig,534,True,"timestamp, container, name, pid, start_ticks, command, cpu_percent, cpu_interval_seconds, rss_bytes, virtual_bytes, threads",5c7ea51bcc41286fa9f9a541522552b96cb05f2f95a410afc472bff4359eb43e
results/matrix-20260916-2305/full-book-1/processes.jsonl,154420,JSONL,utf-8-sig,534,True,"command, container, cpu_interval_seconds, cpu_percent, cpu_ticks, name, pid, rss_bytes, start_ticks, threads, timestamp, virtual_bytes",79df9ddac81927b0f710643d77cededaa4f90970fa78036b9724c22ad368dc7e
results/matrix-20260916-2305/full-book-1/requests.csv,133,CSV,utf-8-sig,1,True,"timestamp, endpoint, deployment, instance, status, response_time_ms",6c62f29590acf4e71f66eefe92a7806e77cff4f6b4e94c4c3e991b1e942fb0e3
results/matrix-20260916-2305/full-book-1/run.json,306,JSON,utf-8-sig,9,True,"url, durationSeconds, startedUtc, project, kubernetesContext, requests, deployment, endpoint, expectedReplicas",bfed963f3967f87480a20e573433519e6d7fecbacfbe7a37f1bc4bed321e3370
results/matrix-20260916-2305/full-book-1/samples.json,70561,JSONL,utf-8-sig,638,True,"data, metric, type",7bbdd13e5a5d153399e6d1a581429eb5e75d9129e8e295688f0442c02479c4d3
results/matrix-20260916-2305/full-book-1/stop,0,empty,utf-8-sig,0,True,,e3b0c44298fc1c149afbf4c8996fb92427ae41e4649b934ca495991b7852b855
results/matrix-20260916-2305/full-book-1/summary.json,5558,JSON,utf-8-sig,4,True,"root_group, options, state, metrics",b0aab22843b6ca02d4b939d7087db055f28418dfe070a55c82dab6c84eca875c
results/matrix-20260916-2305/full-book-1/threads.jsonl,21076,JSONL,utf-8-sig,246,True,"container, threads, timestamp",d43d0eac59fea9c1fe71a05df211bf6a7d5775b6fb7ada91eefedb2d141f13ba
results/matrix-20260916-2305/full-book-1/traefik.jsonl,1884,JSONL,utf-16,1,True,"ClientAddr, ClientHost, ClientPort, ClientUsername, DownstreamContentSize, DownstreamStatus, Duration, OriginContentSize, OriginDuration, OriginStatus, Overhead, RequestAddr, RequestContentSize, RequestCount, RequestHost, RequestMethod, RequestPath, RequestPort, RequestProtocol, RequestScheme, RetryAttempts, RouterName, ServiceAddr, ServiceName, ServiceURL, StartLocal, StartUTC, TLSCipher, TLSVersion, downstream_X-App-Instance, entryPointName, level, msg, origin_X-App-Instance, time",30b5d1dfb7fa81fa66f7a13d86414ffd4a6e073ba9383460aa7dc5ad7701b832
results/matrix-20260916-2305/full-book-10/collector-ready,0,empty,utf-8-sig,0,True,,e3b0c44298fc1c149afbf4c8996fb92427ae41e4649b934ca495991b7852b855
results/matrix-20260916-2305/full-book-10/collector.log,0,empty,utf-8-sig,0,True,,e3b0c44298fc1c149afbf4c8996fb92427ae41e4649b934ca495991b7852b855
results/matrix-20260916-2305/full-book-10/completed.json,153,JSON,utf-8-sig,4,True,"baseUrl, durationSeconds, requests, completedUtc",f47f123ac2ca254359043938362ca0545e67f2746bc2c6970fc8b23439c564be
results/matrix-20260916-2305/full-book-10/container-identities.jsonl,1181,JSONL,utf-8-sig,6,True,"id, image, memory_limit_bytes, name, nano_cpus, service",224ffe5e2a377bfd10bd52bb2f7f73d2bb357f1f0a09fd53e42b037db3b03d7a
results/matrix-20260916-2305/full-book-10/containers.csv,25214,CSV,utf-8-sig,246,True,"timestamp, container, name, cpu_percent, memory_usage, memory_percent, threads, pids",5874886a265567f2d1367272e1f11d96f46a6a51d0ba073255a7a555631249b0
results/matrix-20260916-2305/full-book-10/containers.jsonl,68808,JSONL,utf-8-sig,246,True,"stats, threads, timestamp",84256a978affe0b52b87346bd538769305f666ec3f6a5ff4332594485774fadb
results/matrix-20260916-2305/full-book-10/metrics-metadata.json,235,JSON,utf-8-sig,5,True,"cpu_percent_basis, page_bytes, interval_seconds, clock_ticks_per_second, process_memory",095889b1d031f3084bc2a1e3ba3678bc7a2b51b3579034802126c23d45f2b0ce
results/matrix-20260916-2305/full-book-10/processes.csv,61423,CSV,utf-8-sig,492,True,"timestamp, container, name, pid, start_ticks, command, cpu_percent, cpu_interval_seconds, rss_bytes, virtual_bytes, threads",c299d8a4dfc2f76d61902c416088161a5d1666c37271dcd6ceab4df3956f1c12
results/matrix-20260916-2305/full-book-10/processes.jsonl,142015,JSONL,utf-8-sig,492,True,"command, container, cpu_interval_seconds, cpu_percent, cpu_ticks, name, pid, rss_bytes, start_ticks, threads, timestamp, virtual_bytes",056c6b105dad4a14d835bc2b715dce005928ea0a77d2063ef2e6c2db7db487e4
results/matrix-20260916-2305/full-book-10/requests.csv,750,CSV,utf-8-sig,10,True,"timestamp, endpoint, deployment, instance, status, response_time_ms",fee94b40a5d1ea97f1342a902dd0b0506178c55c1c08570f729b60ad6ee8afb6
results/matrix-20260916-2305/full-book-10/run.json,307,JSON,utf-8-sig,9,True,"url, durationSeconds, startedUtc, project, kubernetesContext, requests, deployment, endpoint, expectedReplicas",0410250c3b27fcefdf2eece6f39f00c3303e1ea7a265b9d2c1f3652b7d2d790e
results/matrix-20260916-2305/full-book-10/samples.json,111610,JSONL,utf-8-sig,782,True,"data, metric, type",eae1ef081c0ff8102768f1a6fdafc03f8d8f5672ae2e24d2afbca037988ca218
results/matrix-20260916-2305/full-book-10/stop,0,empty,utf-8-sig,0,True,,e3b0c44298fc1c149afbf4c8996fb92427ae41e4649b934ca495991b7852b855
results/matrix-20260916-2305/full-book-10/summary.json,5741,JSON,utf-8-sig,4,True,"root_group, options, state, metrics",8c5036d15d8d00f3b81d4f34a9bbaf35cdf9115335aefd21b16f43b7fc07848e
results/matrix-20260916-2305/full-book-10/threads.jsonl,21074,JSONL,utf-8-sig,246,True,"container, threads, timestamp",676125750a185a4fe68289b5979921d8ccd8beeda34d476b907a54232aa4c95e
results/matrix-20260916-2305/full-book-10/traefik.jsonl,18796,JSONL,utf-16,10,True,"ClientAddr, ClientHost, ClientPort, ClientUsername, DownstreamContentSize, DownstreamStatus, Duration, OriginContentSize, OriginDuration, OriginStatus, Overhead, RequestAddr, RequestContentSize, RequestCount, RequestHost, RequestMethod, RequestPath, RequestPort, RequestProtocol, RequestScheme, RetryAttempts, RouterName, ServiceAddr, ServiceName, ServiceURL, StartLocal, StartUTC, TLSCipher, TLSVersion, downstream_X-App-Instance, entryPointName, level, msg, origin_X-App-Instance, time",066f90c1150479df4643c631eb51ad10114468c6d8956f4d22fa346bf5658510
results/matrix-20260916-2305/full-book-100/collector-ready,0,empty,utf-8-sig,0,True,,e3b0c44298fc1c149afbf4c8996fb92427ae41e4649b934ca495991b7852b855
results/matrix-20260916-2305/full-book-100/collector.log,0,empty,utf-8-sig,0,True,,e3b0c44298fc1c149afbf4c8996fb92427ae41e4649b934ca495991b7852b855
results/matrix-20260916-2305/full-book-100/completed.json,154,JSON,utf-8-sig,4,True,"baseUrl, durationSeconds, requests, completedUtc",34f4f9f8a6f2f60c5ea2b93f9954392c978943b479742c5e0b679060823718c7
results/matrix-20260916-2305/full-book-100/container-identities.jsonl,1181,JSONL,utf-8-sig,6,True,"id, image, memory_limit_bytes, name, nano_cpus, service",224ffe5e2a377bfd10bd52bb2f7f73d2bb357f1f0a09fd53e42b037db3b03d7a
results/matrix-20260916-2305/full-book-100/containers.csv,24603,CSV,utf-8-sig,240,True,"timestamp, container, name, cpu_percent, memory_usage, memory_percent, threads, pids",1893ea05c66a1698fc9a7e20c591be97c7728b43dd176cbfa0d09d06990709d3
results/matrix-20260916-2305/full-book-100/containers.jsonl,67152,JSONL,utf-8-sig,240,True,"stats, threads, timestamp",fc30fe1819844eac10d1e9544b657db08df11f0e21c50e6386523c3ba8707e2e
results/matrix-20260916-2305/full-book-100/metrics-metadata.json,235,JSON,utf-8-sig,5,True,"cpu_percent_basis, page_bytes, interval_seconds, clock_ticks_per_second, process_memory",095889b1d031f3084bc2a1e3ba3678bc7a2b51b3579034802126c23d45f2b0ce
results/matrix-20260916-2305/full-book-100/processes.csv,59951,CSV,utf-8-sig,482,True,"timestamp, container, name, pid, start_ticks, command, cpu_percent, cpu_interval_seconds, rss_bytes, virtual_bytes, threads",3f1191a6ddb57b23a4f5f08735f6adeba744019edf0a3732fa36c29d05f04249
results/matrix-20260916-2305/full-book-100/processes.jsonl,139060,JSONL,utf-8-sig,482,True,"command, container, cpu_interval_seconds, cpu_percent, cpu_ticks, name, pid, rss_bytes, start_ticks, threads, timestamp, virtual_bytes",506791202729dcd73463f8ecf0fe7504c3e4066858bbd57bdc887ece17288c01
results/matrix-20260916-2305/full-book-100/requests.csv,6943,CSV,utf-8-sig,100,True,"timestamp, endpoint, deployment, instance, status, response_time_ms",e69661b05c68a447abacff13c3e78488e0909f22ade5c388899b466447ff9a2c
results/matrix-20260916-2305/full-book-100/run.json,308,JSON,utf-8-sig,9,True,"url, durationSeconds, startedUtc, project, kubernetesContext, requests, deployment, endpoint, expectedReplicas",f9c3a502127ab62af99b05a3a528f7bab942b47f04b3a64c6b31acb9d076cf02
results/matrix-20260916-2305/full-book-100/samples.json,519855,JSONL,utf-8-sig,2218,True,"data, metric, type",1d87d5112d2a55bc2b088808b337443e56a784c59b1e00a4371bb4c4649a9ca2
results/matrix-20260916-2305/full-book-100/stop,0,empty,utf-8-sig,0,True,,e3b0c44298fc1c149afbf4c8996fb92427ae41e4649b934ca495991b7852b855
results/matrix-20260916-2305/full-book-100/summary.json,5723,JSON,utf-8-sig,4,True,"options, state, metrics, root_group",83f775cd3a7600597727265590ef60aacd7456bdfc3de2fabe3c5d089d08b3e0
results/matrix-20260916-2305/full-book-100/threads.jsonl,20560,JSONL,utf-8-sig,240,True,"container, threads, timestamp",a744e866f550f5199a3ddfd8cced4e1617b2ab62bec30c96ac539fec9c1f3eaa
results/matrix-20260916-2305/full-book-100/traefik.jsonl,187962,JSONL,utf-16,100,True,"ClientAddr, ClientHost, ClientPort, ClientUsername, DownstreamContentSize, DownstreamStatus, Duration, OriginContentSize, OriginDuration, OriginStatus, Overhead, RequestAddr, RequestContentSize, RequestCount, RequestHost, RequestMethod, RequestPath, RequestPort, RequestProtocol, RequestScheme, RetryAttempts, RouterName, ServiceAddr, ServiceName, ServiceURL, StartLocal, StartUTC, TLSCipher, TLSVersion, downstream_X-App-Instance, entryPointName, level, msg, origin_X-App-Instance, time",dc506d2f933771f15e926481e5109dc258626a4e6d1fefd7c69aa06f35acbedc
results/matrix-20260916-2305/full-book-1000/collector-ready,0,empty,utf-8-sig,0,True,,e3b0c44298fc1c149afbf4c8996fb92427ae41e4649b934ca495991b7852b855
results/matrix-20260916-2305/full-book-1000/collector.log,0,empty,utf-8-sig,0,True,,e3b0c44298fc1c149afbf4c8996fb92427ae41e4649b934ca495991b7852b855
results/matrix-20260916-2305/full-book-1000/completed.json,155,JSON,utf-8-sig,4,True,"baseUrl, durationSeconds, requests, completedUtc",a997e6db41ec51f1998e8b0f97bfc51129a4c9d0e6b2448f735b6f60781c54d7
results/matrix-20260916-2305/full-book-1000/container-identities.jsonl,1181,JSONL,utf-8-sig,6,True,"id, image, memory_limit_bytes, name, nano_cpus, service",224ffe5e2a377bfd10bd52bb2f7f73d2bb357f1f0a09fd53e42b037db3b03d7a
results/matrix-20260916-2305/full-book-1000/containers.csv,24611,CSV,utf-8-sig,240,True,"timestamp, container, name, cpu_percent, memory_usage, memory_percent, threads, pids",15dbdadf29cf3868130563a66c3ac5d83c27512d4473d2f50e3e39648ff69de3
results/matrix-20260916-2305/full-book-1000/containers.jsonl,67165,JSONL,utf-8-sig,240,True,"stats, threads, timestamp",9fd160739c3dd723efb2c6c37b2b00ddbc9d76dfe26050fdc1e48e495b9382ac
results/matrix-20260916-2305/full-book-1000/metrics-metadata.json,235,JSON,utf-8-sig,5,True,"cpu_percent_basis, page_bytes, interval_seconds, clock_ticks_per_second, process_memory",095889b1d031f3084bc2a1e3ba3678bc7a2b51b3579034802126c23d45f2b0ce
results/matrix-20260916-2305/full-book-1000/processes.csv,65078,CSV,utf-8-sig,522,True,"timestamp, container, name, pid, start_ticks, command, cpu_percent, cpu_interval_seconds, rss_bytes, virtual_bytes, threads",405a9b7cfe6c4cceb61f566949271644aadfeb193c2f1d097cccf7715c438f31
results/matrix-20260916-2305/full-book-1000/processes.jsonl,150875,JSONL,utf-8-sig,522,True,"command, container, cpu_interval_seconds, cpu_percent, cpu_ticks, name, pid, rss_bytes, start_ticks, threads, timestamp, virtual_bytes",d2e1823462714f6baa6878ea53bdadca1a0b507c633c81d969333a3ad27e3c34
results/matrix-20260916-2305/full-book-1000/requests.csv,68684,CSV,utf-8-sig,1000,True,"timestamp, endpoint, deployment, instance, status, response_time_ms",3f984052855c3eb65331aab301fc5c22dd4230ffc21810dac2728ca219ca7f3a
results/matrix-20260916-2305/full-book-1000/run.json,309,JSON,utf-8-sig,9,True,"url, durationSeconds, startedUtc, project, kubernetesContext, requests, deployment, endpoint, expectedReplicas",583ea6caa20d164f9c3500e228368b3c25ed76ae9f54e7425d53420ca3ff56e9
results/matrix-20260916-2305/full-book-1000/samples.json,4605422,JSONL,utf-8-sig,16618,True,"data, metric, type",352938e3f8a06e34cc72da24134ed1191fa6ff1ae560353a1522dbc54e98e5f5
results/matrix-20260916-2305/full-book-1000/stop,0,empty,utf-8-sig,0,True,,e3b0c44298fc1c149afbf4c8996fb92427ae41e4649b934ca495991b7852b855
results/matrix-20260916-2305/full-book-1000/summary.json,5689,JSON,utf-8-sig,4,True,"root_group, options, state, metrics",982fd44668969dc7317aeb700469613dc95b91ff148f3c37121255604219f40a
results/matrix-20260916-2305/full-book-1000/threads.jsonl,20561,JSONL,utf-8-sig,240,True,"container, threads, timestamp",1972c38566c96390afd0c8a8426f05656fcc19919aadfa7f23a414f5c9c5e81e
results/matrix-20260916-2305/full-book-1000/traefik.jsonl,1879282,JSONL,utf-16,1000,True,"ClientAddr, ClientHost, ClientPort, ClientUsername, DownstreamContentSize, DownstreamStatus, Duration, OriginContentSize, OriginDuration, OriginStatus, Overhead, RequestAddr, RequestContentSize, RequestCount, RequestHost, RequestMethod, RequestPath, RequestPort, RequestProtocol, RequestScheme, RetryAttempts, RouterName, ServiceAddr, ServiceName, ServiceURL, StartLocal, StartUTC, TLSCipher, TLSVersion, downstream_X-App-Instance, entryPointName, level, msg, origin_X-App-Instance, time",dbd896346fc9024258496efdaa0505533da2cd6f27141a6b9745c30763ea8447
results/matrix-20260916-2305/full-book-5000/collector-ready,0,empty,utf-8-sig,0,True,,e3b0c44298fc1c149afbf4c8996fb92427ae41e4649b934ca495991b7852b855
results/matrix-20260916-2305/full-book-5000/collector.log,0,empty,utf-8-sig,0,True,,e3b0c44298fc1c149afbf4c8996fb92427ae41e4649b934ca495991b7852b855
results/matrix-20260916-2305/full-book-5000/completed.json,155,JSON,utf-8-sig,4,True,"baseUrl, durationSeconds, requests, completedUtc",be3c22ff06b0ae7eca7bfba755ec6be0b86cc3f788cf25e483fb489f241fc187
results/matrix-20260916-2305/full-book-5000/container-identities.jsonl,1181,JSONL,utf-8-sig,6,True,"id, image, memory_limit_bytes, name, nano_cpus, service",224ffe5e2a377bfd10bd52bb2f7f73d2bb357f1f0a09fd53e42b037db3b03d7a
results/matrix-20260916-2305/full-book-5000/containers.csv,24648,CSV,utf-8-sig,240,True,"timestamp, container, name, cpu_percent, memory_usage, memory_percent, threads, pids",72f4ca69d674cbf4950a5e5995775a092934a0356f7b33ce4667d21af6a6cbfa
results/matrix-20260916-2305/full-book-5000/containers.jsonl,66932,JSONL,utf-8-sig,240,True,"stats, threads, timestamp",e1c9dd998ddd9ec122dadf83b2b77453d0b3929fabc69371fb857f1c96c80f5b
results/matrix-20260916-2305/full-book-5000/metrics-metadata.json,235,JSON,utf-8-sig,5,True,"cpu_percent_basis, page_bytes, interval_seconds, clock_ticks_per_second, process_memory",095889b1d031f3084bc2a1e3ba3678bc7a2b51b3579034802126c23d45f2b0ce
results/matrix-20260916-2305/full-book-5000/processes.csv,65411,CSV,utf-8-sig,522,True,"timestamp, container, name, pid, start_ticks, command, cpu_percent, cpu_interval_seconds, rss_bytes, virtual_bytes, threads",808c0868c2eb533bcb3d2cebcab1c6b325853033d7e9bea3cb2389c74182f33b
results/matrix-20260916-2305/full-book-5000/processes.jsonl,151302,JSONL,utf-8-sig,522,True,"command, container, cpu_interval_seconds, cpu_percent, cpu_ticks, name, pid, rss_bytes, start_ticks, threads, timestamp, virtual_bytes",4b4ada6a9fb17fc0cc607218f0de4193976f32ddd397d5a421a99409d04e22ab
results/matrix-20260916-2305/full-book-5000/requests.csv,341976,CSV,utf-8-sig,5000,True,"timestamp, endpoint, deployment, instance, status, response_time_ms",74e0a4ffacd6ed9ae9974ca092720610ee923cd66aa99292dacb5981dcc276a4
results/matrix-20260916-2305/full-book-5000/run.json,309,JSON,utf-8-sig,9,True,"url, durationSeconds, startedUtc, project, kubernetesContext, requests, deployment, endpoint, expectedReplicas",5f8fb3698af7017e1f95bd41c6942156a8ba29f0d1903b1e7b875e61d48f0d1b
results/matrix-20260916-2305/full-book-5000/samples.json,22761252,JSONL,utf-8-sig,80622,True,"data, metric, type",6733dbb652b4658ad44b2a8e61e5799baa95f22732a84e4c05c9fbab22e0258e
results/matrix-20260916-2305/full-book-5000/stop,0,empty,utf-8-sig,0,True,,e3b0c44298fc1c149afbf4c8996fb92427ae41e4649b934ca495991b7852b855
results/matrix-20260916-2305/full-book-5000/summary.json,5698,JSON,utf-8-sig,4,True,"options, state, metrics, root_group",3fc8a39d5223c316cb076812d2df3c9bc151dde2e2350e403b5a04e99e169888
results/matrix-20260916-2305/full-book-5000/threads.jsonl,20561,JSONL,utf-8-sig,240,True,"container, threads, timestamp",a8694f024a74d4f24cd11878fcaafbc92b1828c13d3f5f45f0afb67c9e5e4f82
results/matrix-20260916-2305/full-book-5000/traefik.jsonl,9405214,JSONL,utf-16,5000,True,"ClientAddr, ClientHost, ClientPort, ClientUsername, DownstreamContentSize, DownstreamStatus, Duration, OriginContentSize, OriginDuration, OriginStatus, Overhead, RequestAddr, RequestContentSize, RequestCount, RequestHost, RequestMethod, RequestPath, RequestPort, RequestProtocol, RequestScheme, RetryAttempts, RouterName, ServiceAddr, ServiceName, ServiceURL, StartLocal, StartUTC, TLSCipher, TLSVersion, downstream_X-App-Instance, entryPointName, level, msg, origin_X-App-Instance, time",c52fd03764e06ddb6793e930cd49641a31cc075f670ca5ebb58f1b26bb686e9c
results/matrix-20260916-2305/full-search-1/collector-ready,0,empty,utf-8-sig,0,True,,e3b0c44298fc1c149afbf4c8996fb92427ae41e4649b934ca495991b7852b855
results/matrix-20260916-2305/full-search-1/collector.log,0,empty,utf-8-sig,0,True,,e3b0c44298fc1c149afbf4c8996fb92427ae41e4649b934ca495991b7852b855
results/matrix-20260916-2305/full-search-1/completed.json,152,JSON,utf-8-sig,4,True,"baseUrl, durationSeconds, requests, completedUtc",ec05013d4e0ca3b929febbd4a96ad6c65544d30815e81b453538e3af7877b9c9
results/matrix-20260916-2305/full-search-1/container-identities.jsonl,1181,JSONL,utf-8-sig,6,True,"id, image, memory_limit_bytes, name, nano_cpus, service",224ffe5e2a377bfd10bd52bb2f7f73d2bb357f1f0a09fd53e42b037db3b03d7a
results/matrix-20260916-2305/full-search-1/containers.csv,25208,CSV,utf-8-sig,246,True,"timestamp, container, name, cpu_percent, memory_usage, memory_percent, threads, pids",8626566d2691efce0349c8124f6acca4335e6bff0bf9dd2d6c2d8a31d4dcc50e
results/matrix-20260916-2305/full-search-1/containers.jsonl,68727,JSONL,utf-8-sig,246,True,"stats, threads, timestamp",746016cb80e7a94fb2b0eeb80664587de4b802885755a21ef3fbaa89ad6b678f
results/matrix-20260916-2305/full-search-1/metrics-metadata.json,235,JSON,utf-8-sig,5,True,"cpu_percent_basis, page_bytes, interval_seconds, clock_ticks_per_second, process_memory",095889b1d031f3084bc2a1e3ba3678bc7a2b51b3579034802126c23d45f2b0ce
results/matrix-20260916-2305/full-search-1/processes.csv,61818,CSV,utf-8-sig,492,True,"timestamp, container, name, pid, start_ticks, command, cpu_percent, cpu_interval_seconds, rss_bytes, virtual_bytes, threads",41cabcc23cf892098995e7b878aab122326b5a2a9fabd99a0ea54507d2d3cae3
results/matrix-20260916-2305/full-search-1/processes.jsonl,142342,JSONL,utf-8-sig,492,True,"command, container, cpu_interval_seconds, cpu_percent, cpu_ticks, name, pid, rss_bytes, start_ticks, threads, timestamp, virtual_bytes",dd45834c02c8231d2dfca5f743779a9eec943c1d9731bdc8f7c48b99b9844172
results/matrix-20260916-2305/full-search-1/requests.csv,134,CSV,utf-8-sig,1,True,"timestamp, endpoint, deployment, instance, status, response_time_ms",896f91fe801de56df941d1b886e40cd81ea199d01e4f08acf0f13e5cee38f558
results/matrix-20260916-2305/full-search-1/run.json,325,JSON,utf-8-sig,9,True,"url, durationSeconds, startedUtc, project, kubernetesContext, requests, deployment, endpoint, expectedReplicas",fdd30abbfc7bed97cb025c4a634772952ae36bf4684ef9ece4f0ad5c9435feff
results/matrix-20260916-2305/full-search-1/samples.json,71083,JSONL,utf-8-sig,639,True,"data, metric, type",12958511a36fc67c101e4964bf45f2a5e1372d05083624d9486cbf635bface79
results/matrix-20260916-2305/full-search-1/stop,0,empty,utf-8-sig,0,True,,e3b0c44298fc1c149afbf4c8996fb92427ae41e4649b934ca495991b7852b855
results/matrix-20260916-2305/full-search-1/summary.json,5781,JSON,utf-8-sig,4,True,"root_group, options, state, metrics",102efa7fd03773ee48b8fdf7798412ab49bc302aad82cb5da32f8e107bfe8473
results/matrix-20260916-2305/full-search-1/threads.jsonl,21074,JSONL,utf-8-sig,246,True,"container, threads, timestamp",f6e3d3ddc2e959c2b37c0ed343f7ad9dba144c3bb6fba336ab0958e15d9b501c
results/matrix-20260916-2305/full-search-1/traefik.jsonl,1920,JSONL,utf-16,1,True,"ClientAddr, ClientHost, ClientPort, ClientUsername, DownstreamContentSize, DownstreamStatus, Duration, OriginContentSize, OriginDuration, OriginStatus, Overhead, RequestAddr, RequestContentSize, RequestCount, RequestHost, RequestMethod, RequestPath, RequestPort, RequestProtocol, RequestScheme, RetryAttempts, RouterName, ServiceAddr, ServiceName, ServiceURL, StartLocal, StartUTC, TLSCipher, TLSVersion, downstream_X-App-Instance, entryPointName, level, msg, origin_X-App-Instance, time",c848718c59d4f552ecb65e82f86a099723c9ef3a4db08124481fcf99ff97a8f1
results/matrix-20260916-2305/full-search-10/collector-ready,0,empty,utf-8-sig,0,True,,e3b0c44298fc1c149afbf4c8996fb92427ae41e4649b934ca495991b7852b855
results/matrix-20260916-2305/full-search-10/collector.log,0,empty,utf-8-sig,0,True,,e3b0c44298fc1c149afbf4c8996fb92427ae41e4649b934ca495991b7852b855
results/matrix-20260916-2305/full-search-10/completed.json,153,JSON,utf-8-sig,4,True,"baseUrl, durationSeconds, requests, completedUtc",78f5d6f91b737cb6f9feadc18d0516e947bbd187cd1b501d5b384ba420b9b334
results/matrix-20260916-2305/full-search-10/container-identities.jsonl,1181,JSONL,utf-8-sig,6,True,"id, image, memory_limit_bytes, name, nano_cpus, service",224ffe5e2a377bfd10bd52bb2f7f73d2bb357f1f0a09fd53e42b037db3b03d7a
results/matrix-20260916-2305/full-search-10/containers.csv,25235,CSV,utf-8-sig,246,True,"timestamp, container, name, cpu_percent, memory_usage, memory_percent, threads, pids",db306fc4ab5a6b94008b00717f46d8b85e31cc5fe099742e91ca66fe03e4668e
results/matrix-20260916-2305/full-search-10/containers.jsonl,68869,JSONL,utf-8-sig,246,True,"stats, threads, timestamp",66e4783c3102ee023a46273f839ce69a07d1124fa8dd3eb49c07f3e87e357e60
results/matrix-20260916-2305/full-search-10/metrics-metadata.json,235,JSON,utf-8-sig,5,True,"cpu_percent_basis, page_bytes, interval_seconds, clock_ticks_per_second, process_memory",095889b1d031f3084bc2a1e3ba3678bc7a2b51b3579034802126c23d45f2b0ce
results/matrix-20260916-2305/full-search-10/processes.csv,61979,CSV,utf-8-sig,494,True,"timestamp, container, name, pid, start_ticks, command, cpu_percent, cpu_interval_seconds, rss_bytes, virtual_bytes, threads",4ae37dbd00da9408c5c1889eb0ded526cef1169699573326eb8258c8cf914613
results/matrix-20260916-2305/full-search-10/processes.jsonl,142905,JSONL,utf-8-sig,494,True,"command, container, cpu_interval_seconds, cpu_percent, cpu_ticks, name, pid, rss_bytes, start_ticks, threads, timestamp, virtual_bytes",78da76ef45c09af9caff3c2df139a4553b209c9ef48e3b4fa1d6548df28a0101
results/matrix-20260916-2305/full-search-10/requests.csv,772,CSV,utf-8-sig,10,True,"timestamp, endpoint, deployment, instance, status, response_time_ms",d987cf1460f1e02486bcfd76423384b2f977b976ab0d4bbb27c644d9990660c9
results/matrix-20260916-2305/full-search-10/run.json,326,JSON,utf-8-sig,9,True,"url, durationSeconds, startedUtc, project, kubernetesContext, requests, deployment, endpoint, expectedReplicas",6974044e8262db77586e04b3d60bf0562092cb296bfbc25ee179c6949b264405
results/matrix-20260916-2305/full-search-10/samples.json,116644,JSONL,utf-8-sig,792,True,"data, metric, type",003dbbd200755a4c79ef845630bd60d233073cc58849c378cc7cb9b8257807d1
results/matrix-20260916-2305/full-search-10/stop,0,empty,utf-8-sig,0,True,,e3b0c44298fc1c149afbf4c8996fb92427ae41e4649b934ca495991b7852b855
results/matrix-20260916-2305/full-search-10/summary.json,5953,JSON,utf-8-sig,4,True,"root_group, options, state, metrics",f3376b4ee75ea2e5b34972fd6a408df07e37310625abbbe9c28b2aa21e01e913
results/matrix-20260916-2305/full-search-10/threads.jsonl,21075,JSONL,utf-8-sig,246,True,"container, threads, timestamp",9da3cead5aba4242bdb77b3270e740cceda5a9ea4a06b03ecfdbf2ba22a92309
results/matrix-20260916-2305/full-search-10/traefik.jsonl,19134,JSONL,utf-16,10,True,"ClientAddr, ClientHost, ClientPort, ClientUsername, DownstreamContentSize, DownstreamStatus, Duration, OriginContentSize, OriginDuration, OriginStatus, Overhead, RequestAddr, RequestContentSize, RequestCount, RequestHost, RequestMethod, RequestPath, RequestPort, RequestProtocol, RequestScheme, RetryAttempts, RouterName, ServiceAddr, ServiceName, ServiceURL, StartLocal, StartUTC, TLSCipher, TLSVersion, downstream_X-App-Instance, entryPointName, level, msg, origin_X-App-Instance, time",ff43b4282ee351848c9ad3fec42170a6699043d510f50b30f1e065b510a688d6
results/matrix-20260916-2305/full-search-100/collector-ready,0,empty,utf-8-sig,0,True,,e3b0c44298fc1c149afbf4c8996fb92427ae41e4649b934ca495991b7852b855
results/matrix-20260916-2305/full-search-100/collector.log,0,empty,utf-8-sig,0,True,,e3b0c44298fc1c149afbf4c8996fb92427ae41e4649b934ca495991b7852b855
results/matrix-20260916-2305/full-search-100/completed.json,154,JSON,utf-8-sig,4,True,"baseUrl, durationSeconds, requests, completedUtc",372357b2aeacef01c46408d600caba1d0f674818c44df3b79f277117259511c0
results/matrix-20260916-2305/full-search-100/container-identities.jsonl,1181,JSONL,utf-8-sig,6,True,"id, image, memory_limit_bytes, name, nano_cpus, service",224ffe5e2a377bfd10bd52bb2f7f73d2bb357f1f0a09fd53e42b037db3b03d7a
results/matrix-20260916-2305/full-search-100/containers.csv,24601,CSV,utf-8-sig,240,True,"timestamp, container, name, cpu_percent, memory_usage, memory_percent, threads, pids",48f7e30690234a3b0484005ab972c6af93f63fee885f1d7f4585edaf64439e77
results/matrix-20260916-2305/full-search-100/containers.jsonl,67131,JSONL,utf-8-sig,240,True,"stats, threads, timestamp",fefd80d67eb7dd74521b5632685b7d84e0bfe653e7099d9dc1402cff5815f519
results/matrix-20260916-2305/full-search-100/metrics-metadata.json,235,JSON,utf-8-sig,5,True,"cpu_percent_basis, page_bytes, interval_seconds, clock_ticks_per_second, process_memory",095889b1d031f3084bc2a1e3ba3678bc7a2b51b3579034802126c23d45f2b0ce
results/matrix-20260916-2305/full-search-100/processes.csv,60460,CSV,utf-8-sig,481,True,"timestamp, container, name, pid, start_ticks, command, cpu_percent, cpu_interval_seconds, rss_bytes, virtual_bytes, threads",36501d2f8a56d119c5d77f5126f9b9b835c3016a597b7e633c0dd92612ea1542
results/matrix-20260916-2305/full-search-100/processes.jsonl,139363,JSONL,utf-8-sig,481,True,"command, container, cpu_interval_seconds, cpu_percent, cpu_ticks, name, pid, rss_bytes, start_ticks, threads, timestamp, virtual_bytes",81a7a8764c1399dbd8d93c66b3c70bac7c0b5e01155f6099bb3dd191ba303326
results/matrix-20260916-2305/full-search-100/requests.csv,7132,CSV,utf-8-sig,100,True,"timestamp, endpoint, deployment, instance, status, response_time_ms",a38049f91d453e91ab4eac83f8da3b6bc8649e019c31d9c01f16e01581fe7000
results/matrix-20260916-2305/full-search-100/run.json,327,JSON,utf-8-sig,9,True,"url, durationSeconds, startedUtc, project, kubernetesContext, requests, deployment, endpoint, expectedReplicas",b412777115b360a62fb4d19b7803aad4b8981137f4d2fa09c79fe1021a53373c
results/matrix-20260916-2305/full-search-100/samples.json,570488,JSONL,utf-8-sig,2322,True,"data, metric, type",120b4cbfd3f4af353a55650a5de4b1e3e5dccfb61c1943e72ab2ad19d1d799a8
results/matrix-20260916-2305/full-search-100/stop,0,empty,utf-8-sig,0,True,,e3b0c44298fc1c149afbf4c8996fb92427ae41e4649b934ca495991b7852b855
results/matrix-20260916-2305/full-search-100/summary.json,5902,JSON,utf-8-sig,4,True,"root_group, options, state, metrics",a278707eeb840c22b2e7f2978229d9d2e425cc9844dc158ed389db21aeca4ab3
results/matrix-20260916-2305/full-search-100/threads.jsonl,20560,JSONL,utf-8-sig,240,True,"container, threads, timestamp",34cdb1073f7a3e09b3d5db4f99d4a67db1f68c391bcbec2596864b576f236515
results/matrix-20260916-2305/full-search-100/traefik.jsonl,191522,JSONL,utf-16,100,True,"ClientAddr, ClientHost, ClientPort, ClientUsername, DownstreamContentSize, DownstreamStatus, Duration, OriginContentSize, OriginDuration, OriginStatus, Overhead, RequestAddr, RequestContentSize, RequestCount, RequestHost, RequestMethod, RequestPath, RequestPort, RequestProtocol, RequestScheme, RetryAttempts, RouterName, ServiceAddr, ServiceName, ServiceURL, StartLocal, StartUTC, TLSCipher, TLSVersion, downstream_X-App-Instance, entryPointName, level, msg, origin_X-App-Instance, time",209da96bb23661e85c3590f490aead909888b786ecd7ce7a982b3ea7b9378320
results/matrix-20260916-2305/full-search-1000/collector-ready,0,empty,utf-8-sig,0,True,,e3b0c44298fc1c149afbf4c8996fb92427ae41e4649b934ca495991b7852b855
results/matrix-20260916-2305/full-search-1000/collector.log,0,empty,utf-8-sig,0,True,,e3b0c44298fc1c149afbf4c8996fb92427ae41e4649b934ca495991b7852b855
results/matrix-20260916-2305/full-search-1000/completed.json,155,JSON,utf-8-sig,4,True,"baseUrl, durationSeconds, requests, completedUtc",8a828edda0ca74c51e6cd11694e5b9cb7830bb4eb2571e92303dc01a3e4580b7
results/matrix-20260916-2305/full-search-1000/container-identities.jsonl,1181,JSONL,utf-8-sig,6,True,"id, image, memory_limit_bytes, name, nano_cpus, service",224ffe5e2a377bfd10bd52bb2f7f73d2bb357f1f0a09fd53e42b037db3b03d7a
results/matrix-20260916-2305/full-search-1000/containers.csv,24620,CSV,utf-8-sig,240,True,"timestamp, container, name, cpu_percent, memory_usage, memory_percent, threads, pids",e24c7d85e4f7e2b57eeb959feda765ae8a30b2d27664dc6bc94fa58baf8dec5d
results/matrix-20260916-2305/full-search-1000/containers.jsonl,67217,JSONL,utf-8-sig,240,True,"stats, threads, timestamp",a06e6a6edc32661b89c34a2df5f52606fc5ddfacb49cdb3cfdf75ba4fb67636d
results/matrix-20260916-2305/full-search-1000/metrics-metadata.json,235,JSON,utf-8-sig,5,True,"cpu_percent_basis, page_bytes, interval_seconds, clock_ticks_per_second, process_memory",095889b1d031f3084bc2a1e3ba3678bc7a2b51b3579034802126c23d45f2b0ce
results/matrix-20260916-2305/full-search-1000/processes.csv,65205,CSV,utf-8-sig,522,True,"timestamp, container, name, pid, start_ticks, command, cpu_percent, cpu_interval_seconds, rss_bytes, virtual_bytes, threads",0dd6bb909a54b2e9144eedd3f58289f1806f229b2d61b01fddb325425be28a1c
results/matrix-20260916-2305/full-search-1000/processes.jsonl,150970,JSONL,utf-8-sig,522,True,"command, container, cpu_interval_seconds, cpu_percent, cpu_ticks, name, pid, rss_bytes, start_ticks, threads, timestamp, virtual_bytes",ad941d018aa7287e88466cecb5755d36fad0b2685b5ab756cc4e82059d5503fc
results/matrix-20260916-2305/full-search-1000/requests.csv,70876,CSV,utf-8-sig,1000,True,"timestamp, endpoint, deployment, instance, status, response_time_ms",2c3e8c99154e2709094f24eed04d2d36bcfade89926494cfc8628928aede334a
results/matrix-20260916-2305/full-search-1000/run.json,328,JSON,utf-8-sig,9,True,"url, durationSeconds, startedUtc, project, kubernetesContext, requests, deployment, endpoint, expectedReplicas",a5ead3d7ad1e5ad3eee6c4e646a39feff706fa2d26f350a2373301d03443db84
results/matrix-20260916-2305/full-search-1000/samples.json,5107791,JSONL,utf-8-sig,17622,True,"data, metric, type",4468d238d79673b7fed77c60dd6fa345327e7448e68f44822896dbe49c3b7ab7
results/matrix-20260916-2305/full-search-1000/stop,0,empty,utf-8-sig,0,True,,e3b0c44298fc1c149afbf4c8996fb92427ae41e4649b934ca495991b7852b855
results/matrix-20260916-2305/full-search-1000/summary.json,5863,JSON,utf-8-sig,4,True,"root_group, options, state, metrics",01e9f7e2bf8c8cc3052b5c344b69bc694bc0143df8920b5f0c8c85deb788dfc9
results/matrix-20260916-2305/full-search-1000/threads.jsonl,20561,JSONL,utf-8-sig,240,True,"container, threads, timestamp",edbd9988ad126e0c86d20bf5f3e8512b1014e7ef894a751a146d3e93336fe6c1
results/matrix-20260916-2305/full-search-1000/traefik.jsonl,1917148,JSONL,utf-16,1000,True,"ClientAddr, ClientHost, ClientPort, ClientUsername, DownstreamContentSize, DownstreamStatus, Duration, OriginContentSize, OriginDuration, OriginStatus, Overhead, RequestAddr, RequestContentSize, RequestCount, RequestHost, RequestMethod, RequestPath, RequestPort, RequestProtocol, RequestScheme, RetryAttempts, RouterName, ServiceAddr, ServiceName, ServiceURL, StartLocal, StartUTC, TLSCipher, TLSVersion, downstream_X-App-Instance, entryPointName, level, msg, origin_X-App-Instance, time",7c4576a84604989665b01cf79559485ce82fdbc8007c3f7ce9fbf3a29eb07282
results/matrix-20260916-2305/full-search-5000/collector-ready,0,empty,utf-8-sig,0,True,,e3b0c44298fc1c149afbf4c8996fb92427ae41e4649b934ca495991b7852b855
results/matrix-20260916-2305/full-search-5000/collector.log,0,empty,utf-8-sig,0,True,,e3b0c44298fc1c149afbf4c8996fb92427ae41e4649b934ca495991b7852b855
results/matrix-20260916-2305/full-search-5000/completed.json,155,JSON,utf-8-sig,4,True,"baseUrl, durationSeconds, requests, completedUtc",d1d1551896449fa5b2d3f9e10de3ea06231ea4ec79731803a094738f66312363
results/matrix-20260916-2305/full-search-5000/container-identities.jsonl,1181,JSONL,utf-8-sig,6,True,"id, image, memory_limit_bytes, name, nano_cpus, service",224ffe5e2a377bfd10bd52bb2f7f73d2bb357f1f0a09fd53e42b037db3b03d7a
results/matrix-20260916-2305/full-search-5000/containers.csv,24669,CSV,utf-8-sig,240,True,"timestamp, container, name, cpu_percent, memory_usage, memory_percent, threads, pids",4f2dcf2aaf4af48cba06ce3294e659e358efca4fa681544c3200f78138ae06c3
results/matrix-20260916-2305/full-search-5000/containers.jsonl,67145,JSONL,utf-8-sig,240,True,"stats, threads, timestamp",060cc80d066d999a23e72e288f010d717c571caa86581305558476d02991dfbe
results/matrix-20260916-2305/full-search-5000/metrics-metadata.json,235,JSON,utf-8-sig,5,True,"cpu_percent_basis, page_bytes, interval_seconds, clock_ticks_per_second, process_memory",095889b1d031f3084bc2a1e3ba3678bc7a2b51b3579034802126c23d45f2b0ce
results/matrix-20260916-2305/full-search-5000/processes.csv,65511,CSV,utf-8-sig,521,True,"timestamp, container, name, pid, start_ticks, command, cpu_percent, cpu_interval_seconds, rss_bytes, virtual_bytes, threads",80b3dea7ef7d788c48e4ae359d3c1714a6456176f964e7b57057f5a1f01db3e5
results/matrix-20260916-2305/full-search-5000/processes.jsonl,151183,JSONL,utf-8-sig,521,True,"command, container, cpu_interval_seconds, cpu_percent, cpu_ticks, name, pid, rss_bytes, start_ticks, threads, timestamp, virtual_bytes",f8af33d5b49037f858b95e554e39eb9a660bc2013d16d780d7ecd782fd0ad21e
results/matrix-20260916-2305/full-search-5000/requests.csv,353985,CSV,utf-8-sig,5000,True,"timestamp, endpoint, deployment, instance, status, response_time_ms",17aa581cb2cc1de7682f4fe61f1b33504db294ccca5c90ce8cdc85abc6f5573d
results/matrix-20260916-2305/full-search-5000/run.json,328,JSON,utf-8-sig,9,True,"url, durationSeconds, startedUtc, project, kubernetesContext, requests, deployment, endpoint, expectedReplicas",0aaa4b23287efb8b3446c6e6d14f8d4c1f8c4fe41c236485a1e31968e1d4579c
results/matrix-20260916-2305/full-search-5000/samples.json,25272043,JSONL,utf-8-sig,85618,True,"data, metric, type",4ad897385bcd7377da4ca38be7b836f351f35452f6829a80445a79c4823a755e
results/matrix-20260916-2305/full-search-5000/stop,0,empty,utf-8-sig,0,True,,e3b0c44298fc1c149afbf4c8996fb92427ae41e4649b934ca495991b7852b855
results/matrix-20260916-2305/full-search-5000/summary.json,5876,JSON,utf-8-sig,4,True,"metrics, root_group, options, state",2271e5a33932d8d277e61076489cd3bde5b077bfa5609e7974d5ade7c13ffee8
results/matrix-20260916-2305/full-search-5000/threads.jsonl,20561,JSONL,utf-8-sig,240,True,"container, threads, timestamp",0378aa7ccdae3990fff767b6ebd3bd0bbd59fd2c0c162a11c14c233a6e3e14a7
results/matrix-20260916-2305/full-search-5000/traefik.jsonl,9595330,JSONL,utf-16,5000,True,"ClientAddr, ClientHost, ClientPort, ClientUsername, DownstreamContentSize, DownstreamStatus, Duration, OriginContentSize, OriginDuration, OriginStatus, Overhead, RequestAddr, RequestContentSize, RequestCount, RequestHost, RequestMethod, RequestPath, RequestPort, RequestProtocol, RequestScheme, RetryAttempts, RouterName, ServiceAddr, ServiceName, ServiceURL, StartLocal, StartUTC, TLSCipher, TLSVersion, downstream_X-App-Instance, entryPointName, level, msg, origin_X-App-Instance, time",958b169a99d384b765c1cf7712315c7825a910cd4da0257323a203190173df24
results/matrix-20260916-2305/full-static-1/collector-ready,0,empty,utf-8-sig,0,True,,e3b0c44298fc1c149afbf4c8996fb92427ae41e4649b934ca495991b7852b855
results/matrix-20260916-2305/full-static-1/collector.log,0,empty,utf-8-sig,0,True,,e3b0c44298fc1c149afbf4c8996fb92427ae41e4649b934ca495991b7852b855
results/matrix-20260916-2305/full-static-1/completed.json,152,JSON,utf-8-sig,4,True,"baseUrl, durationSeconds, requests, completedUtc",b0beec70934e5fc53e97e96ec841bef182494c9327d2a6830ca10b79565aee49
results/matrix-20260916-2305/full-static-1/container-identities.jsonl,1181,JSONL,utf-8-sig,6,True,"id, image, memory_limit_bytes, name, nano_cpus, service",224ffe5e2a377bfd10bd52bb2f7f73d2bb357f1f0a09fd53e42b037db3b03d7a
results/matrix-20260916-2305/full-static-1/containers.csv,25831,CSV,utf-8-sig,252,True,"timestamp, container, name, cpu_percent, memory_usage, memory_percent, threads, pids",2c86f3ed583b60a8109ad21a08bd5c74aa9b24d7cdcb879474ffba0d9c17ee98
results/matrix-20260916-2305/full-static-1/containers.jsonl,70457,JSONL,utf-8-sig,252,True,"stats, threads, timestamp",e70ac5dc771eaed157058182720504bd9f2664af1c29927802279a7186ff05d7
results/matrix-20260916-2305/full-static-1/metrics-metadata.json,235,JSON,utf-8-sig,5,True,"cpu_percent_basis, page_bytes, interval_seconds, clock_ticks_per_second, process_memory",095889b1d031f3084bc2a1e3ba3678bc7a2b51b3579034802126c23d45f2b0ce
results/matrix-20260916-2305/full-static-1/processes.csv,62703,CSV,utf-8-sig,506,True,"timestamp, container, name, pid, start_ticks, command, cpu_percent, cpu_interval_seconds, rss_bytes, virtual_bytes, threads",62caed933280fc9c57ebac8c3b17afbed5997729b9e953aa8e405dccf523cf8c
results/matrix-20260916-2305/full-static-1/processes.jsonl,145508,JSONL,utf-8-sig,506,True,"command, container, cpu_interval_seconds, cpu_percent, cpu_ticks, name, pid, rss_bytes, start_ticks, threads, timestamp, virtual_bytes",66cea93735d139e895a1b0d423addbe742e95ab3b2eae20a6a2e1ffb323ca09d
results/matrix-20260916-2305/full-static-1/requests.csv,132,CSV,utf-8-sig,1,True,"timestamp, endpoint, deployment, instance, status, response_time_ms",620e87511598ebbe1c0f249af22fa17d04d75646c49d92d4980643eca1db3c5e
results/matrix-20260916-2305/full-static-1/run.json,339,JSON,utf-8-sig,9,True,"url, durationSeconds, startedUtc, project, kubernetesContext, requests, deployment, endpoint, expectedReplicas",e29b13f6f5595f57e35f07e7283dbf7199149258c05a36931da17c204d01b7fd
results/matrix-20260916-2305/full-static-1/samples.json,71148,JSONL,utf-8-sig,638,True,"data, metric, type",d4e6bf39a7ea7e8957f7c99ae63bac8fdcff57eec060ea4436a469c07f8b26cd
results/matrix-20260916-2305/full-static-1/stop,0,empty,utf-8-sig,0,True,,e3b0c44298fc1c149afbf4c8996fb92427ae41e4649b934ca495991b7852b855
results/matrix-20260916-2305/full-static-1/summary.json,5527,JSON,utf-8-sig,4,True,"metrics, root_group, options, state",0255097afd64c36a7966089bac65841cd12807c013c73a2c533ade618bfc82fa
results/matrix-20260916-2305/full-static-1/threads.jsonl,21589,JSONL,utf-8-sig,252,True,"container, threads, timestamp",ac55f6038e8bc93013c6bd0d565335ebfa52686f6d27e82a90b91e03ec2895f0
results/matrix-20260916-2305/full-static-1/traefik.jsonl,1778,JSONL,utf-16,1,True,"ClientAddr, ClientHost, ClientPort, ClientUsername, DownstreamContentSize, DownstreamStatus, Duration, OriginContentSize, OriginDuration, OriginStatus, Overhead, RequestAddr, RequestContentSize, RequestCount, RequestHost, RequestMethod, RequestPath, RequestPort, RequestProtocol, RequestScheme, RetryAttempts, RouterName, ServiceAddr, ServiceName, ServiceURL, StartLocal, StartUTC, TLSCipher, TLSVersion, entryPointName, level, msg, time",aacac5badfcf84bcbf5faaee3500f9eff4441137b503d4d80d73ccde21233429
results/matrix-20260916-2305/full-static-10/collector-ready,0,empty,utf-8-sig,0,True,,e3b0c44298fc1c149afbf4c8996fb92427ae41e4649b934ca495991b7852b855
results/matrix-20260916-2305/full-static-10/collector.log,0,empty,utf-8-sig,0,True,,e3b0c44298fc1c149afbf4c8996fb92427ae41e4649b934ca495991b7852b855
results/matrix-20260916-2305/full-static-10/completed.json,153,JSON,utf-8-sig,4,True,"baseUrl, durationSeconds, requests, completedUtc",da085fbcd54fe448b213570b0298216ffa4142296f69d5220459b222098bc209
results/matrix-20260916-2305/full-static-10/container-identities.jsonl,1181,JSONL,utf-8-sig,6,True,"id, image, memory_limit_bytes, name, nano_cpus, service",224ffe5e2a377bfd10bd52bb2f7f73d2bb357f1f0a09fd53e42b037db3b03d7a
results/matrix-20260916-2305/full-static-10/containers.csv,25227,CSV,utf-8-sig,246,True,"timestamp, container, name, cpu_percent, memory_usage, memory_percent, threads, pids",d1ac5dfeb81d0fca4e565195590166f8c9eaa0f6e1877c4d91069870937dc70e
results/matrix-20260916-2305/full-static-10/containers.jsonl,68741,JSONL,utf-8-sig,246,True,"stats, threads, timestamp",92bf0c6ded2d71350b7ba452095424841b9e26fb81dbc7606a136d98bb0c9c2b
results/matrix-20260916-2305/full-static-10/metrics-metadata.json,235,JSON,utf-8-sig,5,True,"cpu_percent_basis, page_bytes, interval_seconds, clock_ticks_per_second, process_memory",095889b1d031f3084bc2a1e3ba3678bc7a2b51b3579034802126c23d45f2b0ce
results/matrix-20260916-2305/full-static-10/processes.csv,62540,CSV,utf-8-sig,498,True,"timestamp, container, name, pid, start_ticks, command, cpu_percent, cpu_interval_seconds, rss_bytes, virtual_bytes, threads",b4f76538e99bd3914cb0109395215ecb62d88adf000fa1d86e33b720d068f2dd
results/matrix-20260916-2305/full-static-10/processes.jsonl,144047,JSONL,utf-8-sig,498,True,"command, container, cpu_interval_seconds, cpu_percent, cpu_ticks, name, pid, rss_bytes, start_ticks, threads, timestamp, virtual_bytes",cdf08fb88b8e286c0ae3f464189bfad20537bda3ad08283f2afd3bb046f9cce3
results/matrix-20260916-2305/full-static-10/requests.csv,740,CSV,utf-8-sig,10,True,"timestamp, endpoint, deployment, instance, status, response_time_ms",6da9678b0389e425c5053d7e5da12eac7217a5529d4205d8c30923bfe5a7480a
results/matrix-20260916-2305/full-static-10/run.json,340,JSON,utf-8-sig,9,True,"url, durationSeconds, startedUtc, project, kubernetesContext, requests, deployment, endpoint, expectedReplicas",8625305ac964f0a06f89ca2acd7d7f2e281c6bbf3de4ba708db655e622fb2b1f
results/matrix-20260916-2305/full-static-10/samples.json,117329,JSONL,utf-8-sig,782,True,"data, metric, type",ec3ccf2a473116899fea29623d38f3ebc251c6b160113ae94bd0310658e3b45f
results/matrix-20260916-2305/full-static-10/stop,0,empty,utf-8-sig,0,True,,e3b0c44298fc1c149afbf4c8996fb92427ae41e4649b934ca495991b7852b855
results/matrix-20260916-2305/full-static-10/summary.json,5690,JSON,utf-8-sig,4,True,"root_group, options, state, metrics",203edc2e27dd48329790294fcd48f7ba3baee76e2f8de92ff68024ba79e4b214
results/matrix-20260916-2305/full-static-10/threads.jsonl,21074,JSONL,utf-8-sig,246,True,"container, threads, timestamp",2267943bcbc91d4b52c091eb4a0324275edee5e605dd15222b0f48ec9847ec25
results/matrix-20260916-2305/full-static-10/traefik.jsonl,17762,JSONL,utf-16,10,True,"ClientAddr, ClientHost, ClientPort, ClientUsername, DownstreamContentSize, DownstreamStatus, Duration, OriginContentSize, OriginDuration, OriginStatus, Overhead, RequestAddr, RequestContentSize, RequestCount, RequestHost, RequestMethod, RequestPath, RequestPort, RequestProtocol, RequestScheme, RetryAttempts, RouterName, ServiceAddr, ServiceName, ServiceURL, StartLocal, StartUTC, TLSCipher, TLSVersion, entryPointName, level, msg, time",e1721d52d94a2991701b7f0dcf198c59bad5da5a8d174445d2ee2cb440a00844
results/matrix-20260916-2305/full-static-100/collector-ready,0,empty,utf-8-sig,0,True,,e3b0c44298fc1c149afbf4c8996fb92427ae41e4649b934ca495991b7852b855
results/matrix-20260916-2305/full-static-100/collector.log,0,empty,utf-8-sig,0,True,,e3b0c44298fc1c149afbf4c8996fb92427ae41e4649b934ca495991b7852b855
results/matrix-20260916-2305/full-static-100/completed.json,154,JSON,utf-8-sig,4,True,"baseUrl, durationSeconds, requests, completedUtc",e9fb5c38d04ccf648e1c73801a1ee4446b58cdbcec428bc866543f42f25001c8
results/matrix-20260916-2305/full-static-100/container-identities.jsonl,1181,JSONL,utf-8-sig,6,True,"id, image, memory_limit_bytes, name, nano_cpus, service",224ffe5e2a377bfd10bd52bb2f7f73d2bb357f1f0a09fd53e42b037db3b03d7a
results/matrix-20260916-2305/full-static-100/containers.csv,25842,CSV,utf-8-sig,252,True,"timestamp, container, name, cpu_percent, memory_usage, memory_percent, threads, pids",90636ed75b6c26943dc44666fe23689d12f02b38318d73910d968964ce3d1175
results/matrix-20260916-2305/full-static-100/containers.jsonl,70492,JSONL,utf-8-sig,252,True,"stats, threads, timestamp",f07fb357971ad86ae6798455ab17f1a8ba92896dd5bcace736d57ad70e239609
results/matrix-20260916-2305/full-static-100/metrics-metadata.json,235,JSON,utf-8-sig,5,True,"cpu_percent_basis, page_bytes, interval_seconds, clock_ticks_per_second, process_memory",095889b1d031f3084bc2a1e3ba3678bc7a2b51b3579034802126c23d45f2b0ce
results/matrix-20260916-2305/full-static-100/processes.csv,62882,CSV,utf-8-sig,504,True,"timestamp, container, name, pid, start_ticks, command, cpu_percent, cpu_interval_seconds, rss_bytes, virtual_bytes, threads",2d8cefbee3be8bdc2d7becf7cb7e6be4299d6244bdfecee7df77ecac1a2d9f3f
results/matrix-20260916-2305/full-static-100/processes.jsonl,145500,JSONL,utf-8-sig,504,True,"command, container, cpu_interval_seconds, cpu_percent, cpu_ticks, name, pid, rss_bytes, start_ticks, threads, timestamp, virtual_bytes",0a66ed4f19696ca43d5aa4391d967aab0fd18cfeda84a4ce00be20a6c07ad476
results/matrix-20260916-2305/full-static-100/requests.csv,6841,CSV,utf-8-sig,100,True,"timestamp, endpoint, deployment, instance, status, response_time_ms",2928b32de89f52493ed9562115e186b58322a149bf9c416969a36a977a34366f
results/matrix-20260916-2305/full-static-100/run.json,341,JSON,utf-8-sig,9,True,"url, durationSeconds, startedUtc, project, kubernetesContext, requests, deployment, endpoint, expectedReplicas",a69cba9e05e89e610dd4a8123598749a29f6873826e2813bf8b0a1cf833ebdec
results/matrix-20260916-2305/full-static-100/samples.json,577592,JSONL,utf-8-sig,2222,True,"data, metric, type",8d7f68527de3d13208e7bf3b1d7a4e6fce357f67398fa997a16a50de2733bcdf
results/matrix-20260916-2305/full-static-100/stop,0,empty,utf-8-sig,0,True,,e3b0c44298fc1c149afbf4c8996fb92427ae41e4649b934ca495991b7852b855
results/matrix-20260916-2305/full-static-100/summary.json,5708,JSON,utf-8-sig,4,True,"state, metrics, root_group, options",80c7dc9f900631fec5d49ad5073422089ad266c37ccecb934758bf848baf93f6
results/matrix-20260916-2305/full-static-100/threads.jsonl,21588,JSONL,utf-8-sig,252,True,"container, threads, timestamp",25dc989b62998787817588fa6f10d5897aec018efd430f7ee75df6e986fc163a
results/matrix-20260916-2305/full-static-100/traefik.jsonl,177538,JSONL,utf-16,100,True,"ClientAddr, ClientHost, ClientPort, ClientUsername, DownstreamContentSize, DownstreamStatus, Duration, OriginContentSize, OriginDuration, OriginStatus, Overhead, RequestAddr, RequestContentSize, RequestCount, RequestHost, RequestMethod, RequestPath, RequestPort, RequestProtocol, RequestScheme, RetryAttempts, RouterName, ServiceAddr, ServiceName, ServiceURL, StartLocal, StartUTC, TLSCipher, TLSVersion, entryPointName, level, msg, time",24e7e0c0afad618b18146e6e4bc2f594a4d65a0ef29db4b8faae1d6231cf9b80
results/matrix-20260916-2305/full-static-1000/collector-ready,0,empty,utf-8-sig,0,True,,e3b0c44298fc1c149afbf4c8996fb92427ae41e4649b934ca495991b7852b855
results/matrix-20260916-2305/full-static-1000/collector.log,0,empty,utf-8-sig,0,True,,e3b0c44298fc1c149afbf4c8996fb92427ae41e4649b934ca495991b7852b855
results/matrix-20260916-2305/full-static-1000/completed.json,155,JSON,utf-8-sig,4,True,"baseUrl, durationSeconds, requests, completedUtc",00bf08688a123b0dc4b1d709687222c2fb456b5ba688ed60a30945a9107f750a
results/matrix-20260916-2305/full-static-1000/container-identities.jsonl,1181,JSONL,utf-8-sig,6,True,"id, image, memory_limit_bytes, name, nano_cpus, service",224ffe5e2a377bfd10bd52bb2f7f73d2bb357f1f0a09fd53e42b037db3b03d7a
results/matrix-20260916-2305/full-static-1000/containers.csv,24618,CSV,utf-8-sig,240,True,"timestamp, container, name, cpu_percent, memory_usage, memory_percent, threads, pids",63815510ba1207bf1de779b1c589f0631ab3910fddc4acd6016a6f5c8ec2a034
results/matrix-20260916-2305/full-static-1000/containers.jsonl,67192,JSONL,utf-8-sig,240,True,"stats, threads, timestamp",1aba61366dea4b85ef2a7bcef2e3d3535eb30fb546676719f17f380f9fbdd20a
results/matrix-20260916-2305/full-static-1000/metrics-metadata.json,235,JSON,utf-8-sig,5,True,"cpu_percent_basis, page_bytes, interval_seconds, clock_ticks_per_second, process_memory",095889b1d031f3084bc2a1e3ba3678bc7a2b51b3579034802126c23d45f2b0ce
results/matrix-20260916-2305/full-static-1000/processes.csv,60007,CSV,utf-8-sig,480,True,"timestamp, container, name, pid, start_ticks, command, cpu_percent, cpu_interval_seconds, rss_bytes, virtual_bytes, threads",c5735a43874771eddebdc22a513c4d344bc609938c0079a294422ea52b00bf00
results/matrix-20260916-2305/full-static-1000/processes.jsonl,138815,JSONL,utf-8-sig,480,True,"command, container, cpu_interval_seconds, cpu_percent, cpu_ticks, name, pid, rss_bytes, start_ticks, threads, timestamp, virtual_bytes",d933bfce07d2722cefbd398462d1e4ada63833112590746ac85dccd8f7dfa5f2
results/matrix-20260916-2305/full-static-1000/requests.csv,67844,CSV,utf-8-sig,1000,True,"timestamp, endpoint, deployment, instance, status, response_time_ms",7721a4d6338a0969f5363ccaa0cc76cb8066b8bdeb8c9a22c975ad61105b7289
results/matrix-20260916-2305/full-static-1000/run.json,342,JSON,utf-8-sig,9,True,"url, durationSeconds, startedUtc, project, kubernetesContext, requests, deployment, endpoint, expectedReplicas",0e879dfc08cb65a5dab613ca3e08bf6c393c8ce494d8c82c0b97ab626fed63a7
results/matrix-20260916-2305/full-static-1000/samples.json,5178379,JSONL,utf-8-sig,16618,True,"data, metric, type",f52d85a6b32db2a091ddb904d1acaa9f031c1ccb71b0ab649f705fd3ad6ca3b0
results/matrix-20260916-2305/full-static-1000/stop,0,empty,utf-8-sig,0,True,,e3b0c44298fc1c149afbf4c8996fb92427ae41e4649b934ca495991b7852b855
results/matrix-20260916-2305/full-static-1000/summary.json,5724,JSON,utf-8-sig,4,True,"root_group, options, state, metrics",45d7c079cf90074bd4479361dd25ac6e7c8fd5dd8921417efda18867822dc024
results/matrix-20260916-2305/full-static-1000/threads.jsonl,20560,JSONL,utf-8-sig,240,True,"container, threads, timestamp",32810d448f04c69f6df66a440ae4a17b3e03d9f7343eaa5f251383486b95122e
results/matrix-20260916-2305/full-static-1000/traefik.jsonl,1778956,JSONL,utf-16,1000,True,"ClientAddr, ClientHost, ClientPort, ClientUsername, DownstreamContentSize, DownstreamStatus, Duration, OriginContentSize, OriginDuration, OriginStatus, Overhead, RequestAddr, RequestContentSize, RequestCount, RequestHost, RequestMethod, RequestPath, RequestPort, RequestProtocol, RequestScheme, RetryAttempts, RouterName, ServiceAddr, ServiceName, ServiceURL, StartLocal, StartUTC, TLSCipher, TLSVersion, entryPointName, level, msg, time",ae200257276855fc78593158e8c6bc8af00e9276c1b1bfa189f92c7486758730
results/matrix-20260916-2305/full-static-5000/collector-ready,0,empty,utf-8-sig,0,True,,e3b0c44298fc1c149afbf4c8996fb92427ae41e4649b934ca495991b7852b855
results/matrix-20260916-2305/full-static-5000/collector.log,0,empty,utf-8-sig,0,True,,e3b0c44298fc1c149afbf4c8996fb92427ae41e4649b934ca495991b7852b855
results/matrix-20260916-2305/full-static-5000/completed.json,155,JSON,utf-8-sig,4,True,"baseUrl, durationSeconds, requests, completedUtc",5b1b94eff896afbe838f5f4b7c7597ce77630824e366226bd08005f6b508d246
results/matrix-20260916-2305/full-static-5000/container-identities.jsonl,1181,JSONL,utf-8-sig,6,True,"id, image, memory_limit_bytes, name, nano_cpus, service",224ffe5e2a377bfd10bd52bb2f7f73d2bb357f1f0a09fd53e42b037db3b03d7a
results/matrix-20260916-2305/full-static-5000/containers.csv,24619,CSV,utf-8-sig,240,True,"timestamp, container, name, cpu_percent, memory_usage, memory_percent, threads, pids",3149f6b36eed233dcb4c0b1f24486b8c8b2556685619109f426d555bddfbcc54
results/matrix-20260916-2305/full-static-5000/containers.jsonl,67264,JSONL,utf-8-sig,240,True,"stats, threads, timestamp",e96e6504b9865e926a6c4c6bf4e99425719a2ef558255cd54de3fcf21c2c0438
results/matrix-20260916-2305/full-static-5000/metrics-metadata.json,235,JSON,utf-8-sig,5,True,"cpu_percent_basis, page_bytes, interval_seconds, clock_ticks_per_second, process_memory",095889b1d031f3084bc2a1e3ba3678bc7a2b51b3579034802126c23d45f2b0ce
results/matrix-20260916-2305/full-static-5000/processes.csv,60450,CSV,utf-8-sig,488,True,"timestamp, container, name, pid, start_ticks, command, cpu_percent, cpu_interval_seconds, rss_bytes, virtual_bytes, threads",4767e5534fcb8fc223640f63ae8590e07f4e972e86fcf33d3868921ff9627997
results/matrix-20260916-2305/full-static-5000/processes.jsonl,140632,JSONL,utf-8-sig,488,True,"command, container, cpu_interval_seconds, cpu_percent, cpu_ticks, name, pid, rss_bytes, start_ticks, threads, timestamp, virtual_bytes",91c35c165da0574eb5b328fcb8ffdd24a5434651a13c8f2cf9a88f66e5e85540
results/matrix-20260916-2305/full-static-5000/requests.csv,338962,CSV,utf-8-sig,5000,True,"timestamp, endpoint, deployment, instance, status, response_time_ms",cc40b46fe7430dc61c6df35d5320820f943ba0edeb1b3acb2a1673ab01865158
results/matrix-20260916-2305/full-static-5000/run.json,342,JSON,utf-8-sig,9,True,"url, durationSeconds, startedUtc, project, kubernetesContext, requests, deployment, endpoint, expectedReplicas",0e5e38368bf72025c17ac95a1e844ceff33742a1c1f5cbba3f4695bfa185fb49
results/matrix-20260916-2305/full-static-5000/samples.json,25628168,JSONL,utf-8-sig,80622,True,"data, metric, type",48132be61e1642bfb3c4c2369e97238412e6927f532d55fdeba3ecb8684b64ba
results/matrix-20260916-2305/full-static-5000/stop,0,empty,utf-8-sig,0,True,,e3b0c44298fc1c149afbf4c8996fb92427ae41e4649b934ca495991b7852b855
results/matrix-20260916-2305/full-static-5000/summary.json,5679,JSON,utf-8-sig,4,True,"root_group, options, state, metrics",5739467023cf77810e91f4e2602bd98c459bcfcdcff768d647cf7cae4a341e12
results/matrix-20260916-2305/full-static-5000/threads.jsonl,20561,JSONL,utf-8-sig,240,True,"container, threads, timestamp",57b7e92dc63dea33295c8ed01f9ce8a924bc3ec09e4f36bc9a8dcb96ee5967db
results/matrix-20260916-2305/full-static-5000/traefik.jsonl,8898622,JSONL,utf-16,5000,True,"ClientAddr, ClientHost, ClientPort, ClientUsername, DownstreamContentSize, DownstreamStatus, Duration, OriginContentSize, OriginDuration, OriginStatus, Overhead, RequestAddr, RequestContentSize, RequestCount, RequestHost, RequestMethod, RequestPath, RequestPort, RequestProtocol, RequestScheme, RetryAttempts, RouterName, ServiceAddr, ServiceName, ServiceURL, StartLocal, StartUTC, TLSCipher, TLSVersion, entryPointName, level, msg, time",4c13ad45a8402daf2ed8632ef3f4bc8159d2f0e48b998f181b0bf3f63ca96720
results/matrix-20260916-2305/images.txt,199,text,utf-8-sig,2,True,"sha256:a2371a1754945a05e5265ad0b0562d5523b18d485dc661b01f8b7c906cb0a4ec [""book-reviews:assignment4""]",07d0c03d3b479e466c27867e0554d47cb5651ca51b028f495c4db7e2dbfc0935
results/matrix-20260916-2305/matrix.json,874,JSON,utf-8-sig,14,True,"results, startedUtc, baseUrl, durationSeconds, pid, project, completedCases, completedUtc, clusterRestoreExitCode, deployment, status, endpoints, counts, totalCases",18917d8a091709ecae10429afe3332f92f9cfa3ae20ab5ad7bef5711c837b6b3
results/matrix-20260916-2305/runner-errors.log,4268,text,utf-8-sig,94,True, Container book-reviews-a4-static-1 Running ,f98eb541d897c297001f5f3e48e470e98ebcac49be08718a7f85545f5497b744
results/matrix-20260916-2305/runner.log,12166,text,utf-8-sig,137,True,[36mINFO[0m[0000] Stopping cluster 'book-reviews-a4'           ,c14e03d2a010ec136140a6671d326f2b8869a95a2e1df097b21c0bd4132f5530
results/matrix-20260916-2305/scaled-aggregation-1/collector-ready,0,empty,utf-8-sig,0,True,,e3b0c44298fc1c149afbf4c8996fb92427ae41e4649b934ca495991b7852b855
results/matrix-20260916-2305/scaled-aggregation-1/collector.log,0,empty,utf-8-sig,0,True,,e3b0c44298fc1c149afbf4c8996fb92427ae41e4649b934ca495991b7852b855
results/matrix-20260916-2305/scaled-aggregation-1/completed.json,152,JSON,utf-8-sig,4,True,"baseUrl, durationSeconds, requests, completedUtc",467680465b682c7385465c887085ddf9446f184c4aa0303466c682d8d106b01e
results/matrix-20260916-2305/scaled-aggregation-1/container-identities.jsonl,1559,JSONL,utf-8-sig,8,True,"id, image, memory_limit_bytes, name, nano_cpus, service",028501cf033e51472867524ae1a2d0e339dbdc9bd1b6cb7981947430b18e0c25
results/matrix-20260916-2305/scaled-aggregation-1/containers.csv,31854,CSV,utf-8-sig,312,True,"timestamp, container, name, cpu_percent, memory_usage, memory_percent, threads, pids",c60ebc179ea114c8545e349f3549931837aa6cb07d805af37e9494a58c3da30d
results/matrix-20260916-2305/scaled-aggregation-1/containers.jsonl,86816,JSONL,utf-8-sig,312,True,"stats, threads, timestamp",784e8a8667a8a460fb0c91e0046704aec543135f15b2e6d28c6b0e4bd2c05f85
results/matrix-20260916-2305/scaled-aggregation-1/metrics-metadata.json,235,JSON,utf-8-sig,5,True,"cpu_percent_basis, page_bytes, interval_seconds, clock_ticks_per_second, process_memory",095889b1d031f3084bc2a1e3ba3678bc7a2b51b3579034802126c23d45f2b0ce
results/matrix-20260916-2305/scaled-aggregation-1/processes.csv,78302,CSV,utf-8-sig,625,True,"timestamp, container, name, pid, start_ticks, command, cpu_percent, cpu_interval_seconds, rss_bytes, virtual_bytes, threads",948da752778b94272cfec32ac5bf8038a247b4376d4bf0a684a9f506e02a1929
results/matrix-20260916-2305/scaled-aggregation-1/processes.jsonl,180899,JSONL,utf-8-sig,625,True,"command, container, cpu_interval_seconds, cpu_percent, cpu_ticks, name, pid, rss_bytes, start_ticks, threads, timestamp, virtual_bytes",99e941b28ceb453b92a30b33eb9adbc9e43400527ca3136510818f79922f2b2c
results/matrix-20260916-2305/scaled-aggregation-1/requests.csv,143,CSV,utf-8-sig,1,True,"timestamp, endpoint, deployment, instance, status, response_time_ms",a3c13e782c343ba03c037a176d8174d611158ddb27a25a98e20eaa588bb14d4a
results/matrix-20260916-2305/scaled-aggregation-1/run.json,331,JSON,utf-8-sig,9,True,"url, durationSeconds, startedUtc, project, kubernetesContext, requests, deployment, endpoint, expectedReplicas",3730f3898144a9ecf881645b1c5e092b93ae6f9a171b20fda6309f412212737d
results/matrix-20260916-2305/scaled-aggregation-1/samples.json,70985,JSONL,utf-8-sig,638,True,"data, metric, type",c9202dea5388b4d20e8f76f1348f5ef963ff9954c04cb80d2f86ac57c4aa95ee
results/matrix-20260916-2305/scaled-aggregation-1/stop,0,empty,utf-8-sig,0,True,,e3b0c44298fc1c149afbf4c8996fb92427ae41e4649b934ca495991b7852b855
results/matrix-20260916-2305/scaled-aggregation-1/summary.json,5581,JSON,utf-8-sig,4,True,"root_group, options, state, metrics",44d1a94806cf0aeb968a5481668855b45ece150dfa248f35e26c2af167a7a38a
results/matrix-20260916-2305/scaled-aggregation-1/threads.jsonl,26754,JSONL,utf-8-sig,312,True,"container, threads, timestamp",fa0625b5ea40a7b8c13f1c4acc05de66b585488ea03925e7adb807a1a0f115f6
results/matrix-20260916-2305/scaled-aggregation-1/traefik.jsonl,1924,JSONL,utf-16,1,True,"ClientAddr, ClientHost, ClientPort, ClientUsername, DownstreamContentSize, DownstreamStatus, Duration, OriginContentSize, OriginDuration, OriginStatus, Overhead, RequestAddr, RequestContentSize, RequestCount, RequestHost, RequestMethod, RequestPath, RequestPort, RequestProtocol, RequestScheme, RetryAttempts, RouterName, ServiceAddr, ServiceName, ServiceURL, StartLocal, StartUTC, TLSCipher, TLSVersion, downstream_X-App-Instance, entryPointName, level, msg, origin_X-App-Instance, time",fe29a2ee03a0a3947a977b0001b7d73ec31dfba4da124bc2e549be50865859bc
results/matrix-20260916-2305/scaled-aggregation-10/collector-ready,0,empty,utf-8-sig,0,True,,e3b0c44298fc1c149afbf4c8996fb92427ae41e4649b934ca495991b7852b855
results/matrix-20260916-2305/scaled-aggregation-10/collector.log,0,empty,utf-8-sig,0,True,,e3b0c44298fc1c149afbf4c8996fb92427ae41e4649b934ca495991b7852b855
results/matrix-20260916-2305/scaled-aggregation-10/completed.json,153,JSON,utf-8-sig,4,True,"baseUrl, durationSeconds, requests, completedUtc",47e2e50237283784c4d52b3bb1650ff8a1c40b8a8d674779ecd15ab842946341
results/matrix-20260916-2305/scaled-aggregation-10/container-identities.jsonl,1559,JSONL,utf-8-sig,8,True,"id, image, memory_limit_bytes, name, nano_cpus, service",028501cf033e51472867524ae1a2d0e339dbdc9bd1b6cb7981947430b18e0c25
results/matrix-20260916-2305/scaled-aggregation-10/containers.csv,31873,CSV,utf-8-sig,312,True,"timestamp, container, name, cpu_percent, memory_usage, memory_percent, threads, pids",000a5ba0fc21b9303910863a02668caf0bae167c9444eeb3b9aa56dc9f1b1dd8
results/matrix-20260916-2305/scaled-aggregation-10/containers.jsonl,86814,JSONL,utf-8-sig,312,True,"stats, threads, timestamp",46455202f8ac793df2849721894eb1cee13891afc2e47ebdbbcb56804ebe0bac
results/matrix-20260916-2305/scaled-aggregation-10/metrics-metadata.json,235,JSON,utf-8-sig,5,True,"cpu_percent_basis, page_bytes, interval_seconds, clock_ticks_per_second, process_memory",095889b1d031f3084bc2a1e3ba3678bc7a2b51b3579034802126c23d45f2b0ce
results/matrix-20260916-2305/scaled-aggregation-10/processes.csv,77757,CSV,utf-8-sig,626,True,"timestamp, container, name, pid, start_ticks, command, cpu_percent, cpu_interval_seconds, rss_bytes, virtual_bytes, threads",a10053f257a4420c08421704d9d741b346fa07255a709347d9e05fb943dde993
results/matrix-20260916-2305/scaled-aggregation-10/processes.jsonl,180491,JSONL,utf-8-sig,626,True,"command, container, cpu_interval_seconds, cpu_percent, cpu_ticks, name, pid, rss_bytes, start_ticks, threads, timestamp, virtual_bytes",bde4407afcc67ed3707ec21738e24164b85b47e7a281b16aaa5b56476791ed82
results/matrix-20260916-2305/scaled-aggregation-10/requests.csv,845,CSV,utf-8-sig,10,True,"timestamp, endpoint, deployment, instance, status, response_time_ms",abeffa016f900fb25f343dbafeeeabde303b495821707dcb318cec9bbb6634c8
results/matrix-20260916-2305/scaled-aggregation-10/run.json,332,JSON,utf-8-sig,9,True,"url, durationSeconds, startedUtc, project, kubernetesContext, requests, deployment, endpoint, expectedReplicas",c906e6fa995cde49745106e221d467c3a155328d4a4bce1c1ed565c60b129716
results/matrix-20260916-2305/scaled-aggregation-10/samples.json,115483,JSONL,utf-8-sig,782,True,"data, metric, type",528704d081787e38c8825de09c10ba4b577d7e97ae4a4095741d38f99ea2c905
results/matrix-20260916-2305/scaled-aggregation-10/stop,0,empty,utf-8-sig,0,True,,e3b0c44298fc1c149afbf4c8996fb92427ae41e4649b934ca495991b7852b855
results/matrix-20260916-2305/scaled-aggregation-10/summary.json,5800,JSON,utf-8-sig,4,True,"root_group, options, state, metrics",7b68ed3d5b822d5911e49ec5186af3f75bdefb5077068d02791f54ed2e995a69
results/matrix-20260916-2305/scaled-aggregation-10/threads.jsonl,26756,JSONL,utf-8-sig,312,True,"container, threads, timestamp",a4a83de3d012435a23f445f4a637fcfa5fb4c78256d85bde768f482d9d87940e
results/matrix-20260916-2305/scaled-aggregation-10/traefik.jsonl,19214,JSONL,utf-16,10,True,"ClientAddr, ClientHost, ClientPort, ClientUsername, DownstreamContentSize, DownstreamStatus, Duration, OriginContentSize, OriginDuration, OriginStatus, Overhead, RequestAddr, RequestContentSize, RequestCount, RequestHost, RequestMethod, RequestPath, RequestPort, RequestProtocol, RequestScheme, RetryAttempts, RouterName, ServiceAddr, ServiceName, ServiceURL, StartLocal, StartUTC, TLSCipher, TLSVersion, downstream_X-App-Instance, entryPointName, level, msg, origin_X-App-Instance, time",d5ba9b3a9d1cfa480e0346fa211476d386869eda94314102ed5e2006ddf59801
results/matrix-20260916-2305/scaled-aggregation-100/collector-ready,0,empty,utf-8-sig,0,True,,e3b0c44298fc1c149afbf4c8996fb92427ae41e4649b934ca495991b7852b855
results/matrix-20260916-2305/scaled-aggregation-100/collector.log,0,empty,utf-8-sig,0,True,,e3b0c44298fc1c149afbf4c8996fb92427ae41e4649b934ca495991b7852b855
results/matrix-20260916-2305/scaled-aggregation-100/completed.json,154,JSON,utf-8-sig,4,True,"baseUrl, durationSeconds, requests, completedUtc",76375e29b09133b5af197ae98ee74638396bb681bbd39bc3bf87a51b6f99f79c
results/matrix-20260916-2305/scaled-aggregation-100/container-identities.jsonl,1559,JSONL,utf-8-sig,8,True,"id, image, memory_limit_bytes, name, nano_cpus, service",028501cf033e51472867524ae1a2d0e339dbdc9bd1b6cb7981947430b18e0c25
results/matrix-20260916-2305/scaled-aggregation-100/containers.csv,32697,CSV,utf-8-sig,320,True,"timestamp, container, name, cpu_percent, memory_usage, memory_percent, threads, pids",36843202b0f1d379f60883cd86d403ad2cb0dd7ce1d08c412e3fe452c892ea50
results/matrix-20260916-2305/scaled-aggregation-100/containers.jsonl,89162,JSONL,utf-8-sig,320,True,"stats, threads, timestamp",85b1019a0919a301b759980fc634a502ae97f18856479cf869999c4dd9706222
results/matrix-20260916-2305/scaled-aggregation-100/metrics-metadata.json,235,JSON,utf-8-sig,5,True,"cpu_percent_basis, page_bytes, interval_seconds, clock_ticks_per_second, process_memory",095889b1d031f3084bc2a1e3ba3678bc7a2b51b3579034802126c23d45f2b0ce
results/matrix-20260916-2305/scaled-aggregation-100/processes.csv,82497,CSV,utf-8-sig,658,True,"timestamp, container, name, pid, start_ticks, command, cpu_percent, cpu_interval_seconds, rss_bytes, virtual_bytes, threads",11bd118b5df7f0f888c9c545c3c4b6551b96daf350e5cc8ba48198e5f8647251
results/matrix-20260916-2305/scaled-aggregation-100/processes.jsonl,190519,JSONL,utf-8-sig,658,True,"command, container, cpu_interval_seconds, cpu_percent, cpu_ticks, name, pid, rss_bytes, start_ticks, threads, timestamp, virtual_bytes",475f3d99a48ae3cf79a632d1f5a58af3b2ed3c24b4df2d72c7a7f4517660e15e
results/matrix-20260916-2305/scaled-aggregation-100/requests.csv,7845,CSV,utf-8-sig,100,True,"timestamp, endpoint, deployment, instance, status, response_time_ms",8a29b4ab36c4d355dfb9b946972413e5a4a5b6b3d502efd34709d6472426a1ee
results/matrix-20260916-2305/scaled-aggregation-100/run.json,333,JSON,utf-8-sig,9,True,"url, durationSeconds, startedUtc, project, kubernetesContext, requests, deployment, endpoint, expectedReplicas",0fa806a96c09f0609110395b62f11d39d9363c30fd80edd68344e0867191ff68
results/matrix-20260916-2305/scaled-aggregation-100/samples.json,559172,JSONL,utf-8-sig,2222,True,"data, metric, type",38adcf04be743e26e1d3130b94aa427a86aa9e7c2a57e64428ad3352aaf07a9f
results/matrix-20260916-2305/scaled-aggregation-100/stop,0,empty,utf-8-sig,0,True,,e3b0c44298fc1c149afbf4c8996fb92427ae41e4649b934ca495991b7852b855
results/matrix-20260916-2305/scaled-aggregation-100/summary.json,5767,JSON,utf-8-sig,4,True,"root_group, options, state, metrics",a86077c8102ee519ee308f4c6d02c793f0f0ffbcf0c4caafe24279acbed7a5a5
results/matrix-20260916-2305/scaled-aggregation-100/threads.jsonl,27457,JSONL,utf-8-sig,320,True,"container, threads, timestamp",7db31f567f6eb2264d076afcf12ad7c3a4bb01f13b36c006f00cc3b89b1f035e
results/matrix-20260916-2305/scaled-aggregation-100/traefik.jsonl,192118,JSONL,utf-16,100,True,"ClientAddr, ClientHost, ClientPort, ClientUsername, DownstreamContentSize, DownstreamStatus, Duration, OriginContentSize, OriginDuration, OriginStatus, Overhead, RequestAddr, RequestContentSize, RequestCount, RequestHost, RequestMethod, RequestPath, RequestPort, RequestProtocol, RequestScheme, RetryAttempts, RouterName, ServiceAddr, ServiceName, ServiceURL, StartLocal, StartUTC, TLSCipher, TLSVersion, downstream_X-App-Instance, entryPointName, level, msg, origin_X-App-Instance, time",92cfa70f391c0cfe1d63a71c9afa6ed82fa7dce856220b3b5af20380579ab91d
results/matrix-20260916-2305/scaled-aggregation-1000/collector-ready,0,empty,utf-8-sig,0,True,,e3b0c44298fc1c149afbf4c8996fb92427ae41e4649b934ca495991b7852b855
results/matrix-20260916-2305/scaled-aggregation-1000/collector.log,0,empty,utf-8-sig,0,True,,e3b0c44298fc1c149afbf4c8996fb92427ae41e4649b934ca495991b7852b855
results/matrix-20260916-2305/scaled-aggregation-1000/completed.json,155,JSON,utf-8-sig,4,True,"baseUrl, durationSeconds, requests, completedUtc",8535e0a3dd7230b36aa155574c500bc6d39962a4e6b5e0c01e742c19fcf4522f
results/matrix-20260916-2305/scaled-aggregation-1000/container-identities.jsonl,1559,JSONL,utf-8-sig,8,True,"id, image, memory_limit_bytes, name, nano_cpus, service",028501cf033e51472867524ae1a2d0e339dbdc9bd1b6cb7981947430b18e0c25
results/matrix-20260916-2305/scaled-aggregation-1000/containers.csv,33535,CSV,utf-8-sig,328,True,"timestamp, container, name, cpu_percent, memory_usage, memory_percent, threads, pids",8547aa629e9f50134d45b54793ec689d6faff1daac0557cd50c8e4f444571ecf
results/matrix-20260916-2305/scaled-aggregation-1000/containers.jsonl,91443,JSONL,utf-8-sig,328,True,"stats, threads, timestamp",85bf3c142363cb413cb934166e650ee5696e58dfd5635d37ed07aedb7c461fbb
results/matrix-20260916-2305/scaled-aggregation-1000/metrics-metadata.json,235,JSON,utf-8-sig,5,True,"cpu_percent_basis, page_bytes, interval_seconds, clock_ticks_per_second, process_memory",095889b1d031f3084bc2a1e3ba3678bc7a2b51b3579034802126c23d45f2b0ce
results/matrix-20260916-2305/scaled-aggregation-1000/processes.csv,88918,CSV,utf-8-sig,705,True,"timestamp, container, name, pid, start_ticks, command, cpu_percent, cpu_interval_seconds, rss_bytes, virtual_bytes, threads",bcfdb7155f104695eef785f9818ae1c32ddf0d72428e2c0c5e4aeee1930e7d7e
results/matrix-20260916-2305/scaled-aggregation-1000/processes.jsonl,204818,JSONL,utf-8-sig,705,True,"command, container, cpu_interval_seconds, cpu_percent, cpu_ticks, name, pid, rss_bytes, start_ticks, threads, timestamp, virtual_bytes",fb2e7c489d09613982baaf4a057d32c6d8d777b25a9efd676c97c3d9dd613879
results/matrix-20260916-2305/scaled-aggregation-1000/requests.csv,77822,CSV,utf-8-sig,1000,True,"timestamp, endpoint, deployment, instance, status, response_time_ms",bad16922c30f8457a151734e836d0569a940c2e2b51eb5ef1796e6a4a3980180
results/matrix-20260916-2305/scaled-aggregation-1000/run.json,334,JSON,utf-8-sig,9,True,"url, durationSeconds, startedUtc, project, kubernetesContext, requests, deployment, endpoint, expectedReplicas",7d51c87ecd7e0371942bcb01186c5864325ef4cdeb79dd8504f02333b69bf2eb
results/matrix-20260916-2305/scaled-aggregation-1000/samples.json,4994431,JSONL,utf-8-sig,16622,True,"data, metric, type",7ac4b28da0b8dadcc473c99253dcaf3e974b6527c816d1c82c88025e7a79b46e
results/matrix-20260916-2305/scaled-aggregation-1000/stop,0,empty,utf-8-sig,0,True,,e3b0c44298fc1c149afbf4c8996fb92427ae41e4649b934ca495991b7852b855
results/matrix-20260916-2305/scaled-aggregation-1000/summary.json,5670,JSON,utf-8-sig,4,True,"root_group, options, state, metrics",9ce036deab8b8817abf438f831a14c678e4fee1b1a63f4ae6cfddbbb3f6057a1
results/matrix-20260916-2305/scaled-aggregation-1000/threads.jsonl,28153,JSONL,utf-8-sig,328,True,"container, threads, timestamp",b4c455dfd31d6736cfb6986f209e0c34c610eed8611bf0d6c7963de3d20ffc45
results/matrix-20260916-2305/scaled-aggregation-1000/traefik.jsonl,1917426,JSONL,utf-16,1000,True,"ClientAddr, ClientHost, ClientPort, ClientUsername, DownstreamContentSize, DownstreamStatus, Duration, OriginContentSize, OriginDuration, OriginStatus, Overhead, RequestAddr, RequestContentSize, RequestCount, RequestHost, RequestMethod, RequestPath, RequestPort, RequestProtocol, RequestScheme, RetryAttempts, RouterName, ServiceAddr, ServiceName, ServiceURL, StartLocal, StartUTC, TLSCipher, TLSVersion, downstream_X-App-Instance, entryPointName, level, msg, origin_X-App-Instance, time",fae304cfbda5585fe218ec502afcf04d92e52b177a06a7cbf2a5bad06b887260
results/matrix-20260916-2305/scaled-aggregation-5000/collector-ready,0,empty,utf-8-sig,0,True,,e3b0c44298fc1c149afbf4c8996fb92427ae41e4649b934ca495991b7852b855
results/matrix-20260916-2305/scaled-aggregation-5000/collector.log,0,empty,utf-8-sig,0,True,,e3b0c44298fc1c149afbf4c8996fb92427ae41e4649b934ca495991b7852b855
results/matrix-20260916-2305/scaled-aggregation-5000/completed.json,155,JSON,utf-8-sig,4,True,"baseUrl, durationSeconds, requests, completedUtc",b72074a7d5f8728d83ceddd79637ba518b80cb7920dadf7d06e4e2f9e43bfc9c
results/matrix-20260916-2305/scaled-aggregation-5000/container-identities.jsonl,1559,JSONL,utf-8-sig,8,True,"id, image, memory_limit_bytes, name, nano_cpus, service",028501cf033e51472867524ae1a2d0e339dbdc9bd1b6cb7981947430b18e0c25
results/matrix-20260916-2305/scaled-aggregation-5000/containers.csv,32747,CSV,utf-8-sig,320,True,"timestamp, container, name, cpu_percent, memory_usage, memory_percent, threads, pids",624c1f5ebad6d2a3a996ec683571aaeb1a0f230a90e568cbce687882ddc92d10
results/matrix-20260916-2305/scaled-aggregation-5000/containers.jsonl,89194,JSONL,utf-8-sig,320,True,"stats, threads, timestamp",2589c726d5830700d61f3f39315ba076efa00776a9011ac1394d5f8cad97b468
results/matrix-20260916-2305/scaled-aggregation-5000/metrics-metadata.json,235,JSON,utf-8-sig,5,True,"cpu_percent_basis, page_bytes, interval_seconds, clock_ticks_per_second, process_memory",095889b1d031f3084bc2a1e3ba3678bc7a2b51b3579034802126c23d45f2b0ce
results/matrix-20260916-2305/scaled-aggregation-5000/processes.csv,86047,CSV,utf-8-sig,678,True,"timestamp, container, name, pid, start_ticks, command, cpu_percent, cpu_interval_seconds, rss_bytes, virtual_bytes, threads",e0901ecec8115919718f39d98839528b545acf5c789f425ef8243402fc09f485
results/matrix-20260916-2305/scaled-aggregation-5000/processes.jsonl,197501,JSONL,utf-8-sig,678,True,"command, container, cpu_interval_seconds, cpu_percent, cpu_ticks, name, pid, rss_bytes, start_ticks, threads, timestamp, virtual_bytes",c2f11eae74089f3c78d40d940902c1d89e4b6e240efd6d1f1be01c3e0a92fb54
results/matrix-20260916-2305/scaled-aggregation-5000/requests.csv,388641,CSV,utf-8-sig,5000,True,"timestamp, endpoint, deployment, instance, status, response_time_ms",11c95841f9153fa3fc410d5150910109089fb4dba89e2b155bf489f313f3e2d9
results/matrix-20260916-2305/scaled-aggregation-5000/run.json,334,JSON,utf-8-sig,9,True,"url, durationSeconds, startedUtc, project, kubernetesContext, requests, deployment, endpoint, expectedReplicas",05ef6b5ca1b4123d79c7a7bfaf94bd975717ee42ca1896aec483b0e5e03d05f6
results/matrix-20260916-2305/scaled-aggregation-5000/samples.json,24706280,JSONL,utf-8-sig,80622,True,"data, metric, type",169d3308ad388eca270ab85beb21e2f033a10fe1219b9b89e0e43cc49c673bc2
results/matrix-20260916-2305/scaled-aggregation-5000/stop,0,empty,utf-8-sig,0,True,,e3b0c44298fc1c149afbf4c8996fb92427ae41e4649b934ca495991b7852b855
results/matrix-20260916-2305/scaled-aggregation-5000/summary.json,5692,JSON,utf-8-sig,4,True,"root_group, options, state, metrics",d4e8cb84f22dabf3809707d61138e0348f1473d93aadbb3eef002f4c79b8e344
results/matrix-20260916-2305/scaled-aggregation-5000/threads.jsonl,27476,JSONL,utf-8-sig,320,True,"container, threads, timestamp",8592f4c4136c2d7404217d8bd732b612bdd3abe194d49439cbe38f22758ddc58
results/matrix-20260916-2305/scaled-aggregation-5000/traefik.jsonl,9582492,JSONL,utf-16,5000,True,"ClientAddr, ClientHost, ClientPort, ClientUsername, DownstreamContentSize, DownstreamStatus, Duration, OriginContentSize, OriginDuration, OriginStatus, Overhead, RequestAddr, RequestContentSize, RequestCount, RequestHost, RequestMethod, RequestPath, RequestPort, RequestProtocol, RequestScheme, RetryAttempts, RouterName, ServiceAddr, ServiceName, ServiceURL, StartLocal, StartUTC, TLSCipher, TLSVersion, downstream_X-App-Instance, entryPointName, level, msg, origin_X-App-Instance, time",94ab4d3e079b3e560c8c63e95ffd40259c0934a8e5d96ba6c484391136d1c1d9
results/matrix-20260916-2305/scaled-book-1/collector-ready,0,empty,utf-8-sig,0,True,,e3b0c44298fc1c149afbf4c8996fb92427ae41e4649b934ca495991b7852b855
results/matrix-20260916-2305/scaled-book-1/collector.log,0,empty,utf-8-sig,0,True,,e3b0c44298fc1c149afbf4c8996fb92427ae41e4649b934ca495991b7852b855
results/matrix-20260916-2305/scaled-book-1/completed.json,152,JSON,utf-8-sig,4,True,"baseUrl, durationSeconds, requests, completedUtc",decc0750af806abe61c547a34de5312b4f29f9f4a8a98064b8e422ee645962ad
results/matrix-20260916-2305/scaled-book-1/container-identities.jsonl,1559,JSONL,utf-8-sig,8,True,"id, image, memory_limit_bytes, name, nano_cpus, service",028501cf033e51472867524ae1a2d0e339dbdc9bd1b6cb7981947430b18e0c25
results/matrix-20260916-2305/scaled-book-1/containers.csv,31878,CSV,utf-8-sig,312,True,"timestamp, container, name, cpu_percent, memory_usage, memory_percent, threads, pids",2b3ec9fbcb67619d8fb3593748b6de837b9d08fb6f12d19d1449a4b7b3d0fbde
results/matrix-20260916-2305/scaled-book-1/containers.jsonl,86894,JSONL,utf-8-sig,312,True,"stats, threads, timestamp",e9244bf0f32c66f4c12dedcc2694ff4f75adb8ccb13a5bd76130d215e3d66c62
results/matrix-20260916-2305/scaled-book-1/metrics-metadata.json,235,JSON,utf-8-sig,5,True,"cpu_percent_basis, page_bytes, interval_seconds, clock_ticks_per_second, process_memory",095889b1d031f3084bc2a1e3ba3678bc7a2b51b3579034802126c23d45f2b0ce
results/matrix-20260916-2305/scaled-book-1/processes.csv,79986,CSV,utf-8-sig,644,True,"timestamp, container, name, pid, start_ticks, command, cpu_percent, cpu_interval_seconds, rss_bytes, virtual_bytes, threads",860a6e5ab807516d3f6d31c8eb042bce23946956c9ef6b4eeb6f20d119ee78da
results/matrix-20260916-2305/scaled-book-1/processes.jsonl,185743,JSONL,utf-8-sig,644,True,"command, container, cpu_interval_seconds, cpu_percent, cpu_ticks, name, pid, rss_bytes, start_ticks, threads, timestamp, virtual_bytes",f974fd31ba6aa2e8765c638fac9b28cb2ddf3c76a734a965b6208c690afcc403
results/matrix-20260916-2305/scaled-book-1/requests.csv,135,CSV,utf-8-sig,1,True,"timestamp, endpoint, deployment, instance, status, response_time_ms",36abace44d79867f52b6b889d6aeb5f205357fab468e2291d28602df8f77e20b
results/matrix-20260916-2305/scaled-book-1/run.json,308,JSON,utf-8-sig,9,True,"url, durationSeconds, startedUtc, project, kubernetesContext, requests, deployment, endpoint, expectedReplicas",a9cd5e0a92c0e861707df2f7cf6a5bdd082e607fa810e4b4b893a5f7c81c8295
results/matrix-20260916-2305/scaled-book-1/samples.json,70620,JSONL,utf-8-sig,638,True,"data, metric, type",8b8cc47bfe0318ce6bb30c6c55a59c1857566618879e9752a5bdf6186061a366
results/matrix-20260916-2305/scaled-book-1/stop,0,empty,utf-8-sig,0,True,,e3b0c44298fc1c149afbf4c8996fb92427ae41e4649b934ca495991b7852b855
results/matrix-20260916-2305/scaled-book-1/summary.json,5560,JSON,utf-8-sig,4,True,"root_group, options, state, metrics",fc8dc4539482b1323515320451495b5fb80ff354d315027ddda8b1b27f6e0107
results/matrix-20260916-2305/scaled-book-1/threads.jsonl,26772,JSONL,utf-8-sig,312,True,"container, threads, timestamp",823c1cffd6c795c59cfb270a5d70fbf70346799c2187ea0a62a33d96e2c77ef7
results/matrix-20260916-2305/scaled-book-1/traefik.jsonl,1892,JSONL,utf-16,1,True,"ClientAddr, ClientHost, ClientPort, ClientUsername, DownstreamContentSize, DownstreamStatus, Duration, OriginContentSize, OriginDuration, OriginStatus, Overhead, RequestAddr, RequestContentSize, RequestCount, RequestHost, RequestMethod, RequestPath, RequestPort, RequestProtocol, RequestScheme, RetryAttempts, RouterName, ServiceAddr, ServiceName, ServiceURL, StartLocal, StartUTC, TLSCipher, TLSVersion, downstream_X-App-Instance, entryPointName, level, msg, origin_X-App-Instance, time",73eb74006adb08080236ca5dc045d94f456ebb7bc2a3d0b4eae40aa92ff6e953
results/matrix-20260916-2305/scaled-book-10/collector-ready,0,empty,utf-8-sig,0,True,,e3b0c44298fc1c149afbf4c8996fb92427ae41e4649b934ca495991b7852b855
results/matrix-20260916-2305/scaled-book-10/collector.log,0,empty,utf-8-sig,0,True,,e3b0c44298fc1c149afbf4c8996fb92427ae41e4649b934ca495991b7852b855
results/matrix-20260916-2305/scaled-book-10/completed.json,153,JSON,utf-8-sig,4,True,"baseUrl, durationSeconds, requests, completedUtc",ee8bb0cd0cdb30ff036e13f94663f72df7a91464434fbd6232ad0eb8fa41222d
results/matrix-20260916-2305/scaled-book-10/container-identities.jsonl,1559,JSONL,utf-8-sig,8,True,"id, image, memory_limit_bytes, name, nano_cpus, service",028501cf033e51472867524ae1a2d0e339dbdc9bd1b6cb7981947430b18e0c25
results/matrix-20260916-2305/scaled-book-10/containers.csv,31893,CSV,utf-8-sig,312,True,"timestamp, container, name, cpu_percent, memory_usage, memory_percent, threads, pids",1ad8d0d75823dd063929e5c6e9a690b20905f51d49ee0cde2b1ba2bceb60d623
results/matrix-20260916-2305/scaled-book-10/containers.jsonl,86935,JSONL,utf-8-sig,312,True,"stats, threads, timestamp",c80b315149eca14794e814486b11e3c8efabb17dfbfac398bcca3e6f41fa7709
results/matrix-20260916-2305/scaled-book-10/metrics-metadata.json,235,JSON,utf-8-sig,5,True,"cpu_percent_basis, page_bytes, interval_seconds, clock_ticks_per_second, process_memory",095889b1d031f3084bc2a1e3ba3678bc7a2b51b3579034802126c23d45f2b0ce
results/matrix-20260916-2305/scaled-book-10/processes.csv,82562,CSV,utf-8-sig,661,True,"timestamp, container, name, pid, start_ticks, command, cpu_percent, cpu_interval_seconds, rss_bytes, virtual_bytes, threads",b0283db5439279d0bc5b1406b80195e1815c63cd2a5ff75e742180d450c5020b
results/matrix-20260916-2305/scaled-book-10/processes.jsonl,191078,JSONL,utf-8-sig,661,True,"command, container, cpu_interval_seconds, cpu_percent, cpu_ticks, name, pid, rss_bytes, start_ticks, threads, timestamp, virtual_bytes",76585eb77ccbd93e4d89f132325f2e83e9dfbdf9a83eb613fc66436b5b0945fd
results/matrix-20260916-2305/scaled-book-10/requests.csv,773,CSV,utf-8-sig,10,True,"timestamp, endpoint, deployment, instance, status, response_time_ms",6d5db219495ce4aff3b8bf188d0e9a303cb64c13c314c775bb86449c8605b8b4
results/matrix-20260916-2305/scaled-book-10/run.json,309,JSON,utf-8-sig,9,True,"url, durationSeconds, startedUtc, project, kubernetesContext, requests, deployment, endpoint, expectedReplicas",a92e6815c52814a87fed79465896aa62172ac6e6e22613ecd6d2acb03302468e
results/matrix-20260916-2305/scaled-book-10/samples.json,111811,JSONL,utf-8-sig,782,True,"data, metric, type",f1a64c8e45c2ee27f038f20ee44ec1860d6e80bb55ccfbca7cced777002ec3a3
results/matrix-20260916-2305/scaled-book-10/stop,0,empty,utf-8-sig,0,True,,e3b0c44298fc1c149afbf4c8996fb92427ae41e4649b934ca495991b7852b855
results/matrix-20260916-2305/scaled-book-10/summary.json,5803,JSON,utf-8-sig,4,True,"root_group, options, state, metrics",2cd07f9a3408a26a8e66fe5f264c41e3791ece1fc778de1ec127709f38bfb4c2
results/matrix-20260916-2305/scaled-book-10/threads.jsonl,26790,JSONL,utf-8-sig,312,True,"container, threads, timestamp",f8e3cf91ddab3e80ba3bf511a74bd2116b23d0b88242748bd5cdce5e45d9493b
results/matrix-20260916-2305/scaled-book-10/traefik.jsonl,18860,JSONL,utf-16,10,True,"ClientAddr, ClientHost, ClientPort, ClientUsername, DownstreamContentSize, DownstreamStatus, Duration, OriginContentSize, OriginDuration, OriginStatus, Overhead, RequestAddr, RequestContentSize, RequestCount, RequestHost, RequestMethod, RequestPath, RequestPort, RequestProtocol, RequestScheme, RetryAttempts, RouterName, ServiceAddr, ServiceName, ServiceURL, StartLocal, StartUTC, TLSCipher, TLSVersion, downstream_X-App-Instance, entryPointName, level, msg, origin_X-App-Instance, time",c7e1451b597ba4896c99afa4f4ffc2e0579d8a4aa0bd04c93fa9255e6d50581a
results/matrix-20260916-2305/scaled-book-100/collector-ready,0,empty,utf-8-sig,0,True,,e3b0c44298fc1c149afbf4c8996fb92427ae41e4649b934ca495991b7852b855
results/matrix-20260916-2305/scaled-book-100/collector.log,0,empty,utf-8-sig,0,True,,e3b0c44298fc1c149afbf4c8996fb92427ae41e4649b934ca495991b7852b855
results/matrix-20260916-2305/scaled-book-100/completed.json,154,JSON,utf-8-sig,4,True,"baseUrl, durationSeconds, requests, completedUtc",e57b4eee4898da17c0843b77e52cabc8876e9978173416e630d65d88a12840dc
results/matrix-20260916-2305/scaled-book-100/container-identities.jsonl,1559,JSONL,utf-8-sig,8,True,"id, image, memory_limit_bytes, name, nano_cpus, service",028501cf033e51472867524ae1a2d0e339dbdc9bd1b6cb7981947430b18e0c25
results/matrix-20260916-2305/scaled-book-100/containers.csv,31914,CSV,utf-8-sig,312,True,"timestamp, container, name, cpu_percent, memory_usage, memory_percent, threads, pids",c36aa341f1d31de492c0934ca7867032ec8a837aa6b6ff030adda5769a37930f
results/matrix-20260916-2305/scaled-book-100/containers.jsonl,87069,JSONL,utf-8-sig,312,True,"stats, threads, timestamp",e2bedbc408c13ae2d07c5a3e622eb2fc81588b60b3c5803463d5f2bfd010af81
results/matrix-20260916-2305/scaled-book-100/metrics-metadata.json,235,JSON,utf-8-sig,5,True,"cpu_percent_basis, page_bytes, interval_seconds, clock_ticks_per_second, process_memory",095889b1d031f3084bc2a1e3ba3678bc7a2b51b3579034802126c23d45f2b0ce
results/matrix-20260916-2305/scaled-book-100/processes.csv,82534,CSV,utf-8-sig,660,True,"timestamp, container, name, pid, start_ticks, command, cpu_percent, cpu_interval_seconds, rss_bytes, virtual_bytes, threads",3d5a5c1a634d66a319c73aead5a1e126eb078f9c8e3f45c62ab02cdb90de9867
results/matrix-20260916-2305/scaled-book-100/processes.jsonl,190886,JSONL,utf-8-sig,660,True,"command, container, cpu_interval_seconds, cpu_percent, cpu_ticks, name, pid, rss_bytes, start_ticks, threads, timestamp, virtual_bytes",cbb7eb6c8499fe83c68f423f8b13a5a6e203e5b070016a1c3c8b9381d40c0f67
results/matrix-20260916-2305/scaled-book-100/requests.csv,7150,CSV,utf-8-sig,100,True,"timestamp, endpoint, deployment, instance, status, response_time_ms",a448e027810e4c1e2a87dabfd6054fdf0c309543d820691b6e8e80e1ec7dede8
results/matrix-20260916-2305/scaled-book-100/run.json,310,JSON,utf-8-sig,9,True,"url, durationSeconds, startedUtc, project, kubernetesContext, requests, deployment, endpoint, expectedReplicas",91834f593dbc5b2efdf3041ef26947a891b9ac9f282974a5c6e05a7572054283
results/matrix-20260916-2305/scaled-book-100/samples.json,522658,JSONL,utf-8-sig,2222,True,"data, metric, type",9d92ff76c249a60900fed5e5ac99e6a535d80f6717c1f26e723563e19bd03db7
results/matrix-20260916-2305/scaled-book-100/stop,0,empty,utf-8-sig,0,True,,e3b0c44298fc1c149afbf4c8996fb92427ae41e4649b934ca495991b7852b855
results/matrix-20260916-2305/scaled-book-100/summary.json,5727,JSON,utf-8-sig,4,True,"root_group, options, state, metrics",4fc02b43a0af71cc1b4d0a4c00d64f3e96c658f154823e6553bbec09290f3441
results/matrix-20260916-2305/scaled-book-100/threads.jsonl,26790,JSONL,utf-8-sig,312,True,"container, threads, timestamp",01b94bf24cbc136b010e1f8c6e1c5c77f9ccf6119af143a5845eb3fd80d7e00a
results/matrix-20260916-2305/scaled-book-100/traefik.jsonl,188416,JSONL,utf-16,100,True,"ClientAddr, ClientHost, ClientPort, ClientUsername, DownstreamContentSize, DownstreamStatus, Duration, OriginContentSize, OriginDuration, OriginStatus, Overhead, RequestAddr, RequestContentSize, RequestCount, RequestHost, RequestMethod, RequestPath, RequestPort, RequestProtocol, RequestScheme, RetryAttempts, RouterName, ServiceAddr, ServiceName, ServiceURL, StartLocal, StartUTC, TLSCipher, TLSVersion, downstream_X-App-Instance, entryPointName, level, msg, origin_X-App-Instance, time",48d14b233343a67de00329e83a1b3c23294891e621ea5b89c9de718649ca0169
results/matrix-20260916-2305/scaled-book-1000/collector-ready,0,empty,utf-8-sig,0,True,,e3b0c44298fc1c149afbf4c8996fb92427ae41e4649b934ca495991b7852b855
results/matrix-20260916-2305/scaled-book-1000/collector.log,0,empty,utf-8-sig,0,True,,e3b0c44298fc1c149afbf4c8996fb92427ae41e4649b934ca495991b7852b855
results/matrix-20260916-2305/scaled-book-1000/completed.json,155,JSON,utf-8-sig,4,True,"baseUrl, durationSeconds, requests, completedUtc",07af3633ed9db1651f8bdf8faaf6c481b35e7acfac67b98de116f869ded2f4e4
results/matrix-20260916-2305/scaled-book-1000/container-identities.jsonl,1559,JSONL,utf-8-sig,8,True,"id, image, memory_limit_bytes, name, nano_cpus, service",028501cf033e51472867524ae1a2d0e339dbdc9bd1b6cb7981947430b18e0c25
results/matrix-20260916-2305/scaled-book-1000/containers.csv,32710,CSV,utf-8-sig,320,True,"timestamp, container, name, cpu_percent, memory_usage, memory_percent, threads, pids",633fc5ad5479a9e5767a5e0248b9a26d8e792f6a0956d357e02b0de5a588562c
results/matrix-20260916-2305/scaled-book-1000/containers.jsonl,89091,JSONL,utf-8-sig,320,True,"stats, threads, timestamp",c2fe3e383a8f41bc291ebe5e00ccc4dcf539579dabeafd42d5940223e74b306e
results/matrix-20260916-2305/scaled-book-1000/metrics-metadata.json,235,JSON,utf-8-sig,5,True,"cpu_percent_basis, page_bytes, interval_seconds, clock_ticks_per_second, process_memory",095889b1d031f3084bc2a1e3ba3678bc7a2b51b3579034802126c23d45f2b0ce
results/matrix-20260916-2305/scaled-book-1000/processes.csv,84518,CSV,utf-8-sig,666,True,"timestamp, container, name, pid, start_ticks, command, cpu_percent, cpu_interval_seconds, rss_bytes, virtual_bytes, threads",f11fb42eeea50868fe874e033c1464b582a82f56a34baf3c86d1e37c0c8bfc57
results/matrix-20260916-2305/scaled-book-1000/processes.jsonl,194056,JSONL,utf-8-sig,666,True,"command, container, cpu_interval_seconds, cpu_percent, cpu_ticks, name, pid, rss_bytes, start_ticks, threads, timestamp, virtual_bytes",51f0959b22e9ac87cbf0099b5d77bba826a8ee2290f56d48dfad5662bacccf41
results/matrix-20260916-2305/scaled-book-1000/requests.csv,69914,CSV,utf-8-sig,1000,True,"timestamp, endpoint, deployment, instance, status, response_time_ms",7799dea3900e035e0ae85ef3e60322fc2b9c935ae4052f67edf935e31baedc65
results/matrix-20260916-2305/scaled-book-1000/run.json,311,JSON,utf-8-sig,9,True,"url, durationSeconds, startedUtc, project, kubernetesContext, requests, deployment, endpoint, expectedReplicas",3a77bb7fe309734a0afb3268c85f688310fec7df92ae19bd2b8ef8c1ee55b21f
results/matrix-20260916-2305/scaled-book-1000/samples.json,4625177,JSONL,utf-8-sig,16622,True,"data, metric, type",04c6b8f9dceb992ad9e4c1cd00bbc1751fe8c4caeed74c5470409e5710f20351
results/matrix-20260916-2305/scaled-book-1000/stop,0,empty,utf-8-sig,0,True,,e3b0c44298fc1c149afbf4c8996fb92427ae41e4649b934ca495991b7852b855
results/matrix-20260916-2305/scaled-book-1000/summary.json,5653,JSON,utf-8-sig,4,True,"metrics, root_group, options, state",9c58855f382b5878c9b9b1480c5c0dbf72aa7d531cfb3d5e106112ed72e7f617
results/matrix-20260916-2305/scaled-book-1000/threads.jsonl,27463,JSONL,utf-8-sig,320,True,"container, threads, timestamp",f9461a9f45ea6220cc3f2a313a029ed9122a5acc3c3c293c5755dd91d1233071
results/matrix-20260916-2305/scaled-book-1000/traefik.jsonl,1880004,JSONL,utf-16,1000,True,"ClientAddr, ClientHost, ClientPort, ClientUsername, DownstreamContentSize, DownstreamStatus, Duration, OriginContentSize, OriginDuration, OriginStatus, Overhead, RequestAddr, RequestContentSize, RequestCount, RequestHost, RequestMethod, RequestPath, RequestPort, RequestProtocol, RequestScheme, RetryAttempts, RouterName, ServiceAddr, ServiceName, ServiceURL, StartLocal, StartUTC, TLSCipher, TLSVersion, downstream_X-App-Instance, entryPointName, level, msg, origin_X-App-Instance, time",ed4058eedc7c9bdfe6bcfabb4ee534329d789db0a7ce406fc8716e80dc6b2d43
results/matrix-20260916-2305/scaled-book-5000/collector-ready,0,empty,utf-8-sig,0,True,,e3b0c44298fc1c149afbf4c8996fb92427ae41e4649b934ca495991b7852b855
results/matrix-20260916-2305/scaled-book-5000/collector.log,0,empty,utf-8-sig,0,True,,e3b0c44298fc1c149afbf4c8996fb92427ae41e4649b934ca495991b7852b855
results/matrix-20260916-2305/scaled-book-5000/completed.json,155,JSON,utf-8-sig,4,True,"baseUrl, durationSeconds, requests, completedUtc",9bfce3dde6a15eed62060c38b0ff3e167b3b575abb6f73db6214dc85749c71a9
results/matrix-20260916-2305/scaled-book-5000/container-identities.jsonl,1559,JSONL,utf-8-sig,8,True,"id, image, memory_limit_bytes, name, nano_cpus, service",028501cf033e51472867524ae1a2d0e339dbdc9bd1b6cb7981947430b18e0c25
results/matrix-20260916-2305/scaled-book-5000/containers.csv,33604,CSV,utf-8-sig,328,True,"timestamp, container, name, cpu_percent, memory_usage, memory_percent, threads, pids",d7989365eda23468d1aa1d1fae4f8e06a0c2733e831a4e09b1832bb85ef58f3c
results/matrix-20260916-2305/scaled-book-5000/containers.jsonl,91540,JSONL,utf-8-sig,328,True,"stats, threads, timestamp",d4204e8623b12b86465fbd25a1bc8282db3cbcd50c07410dc4f876216580d223
results/matrix-20260916-2305/scaled-book-5000/metrics-metadata.json,235,JSON,utf-8-sig,5,True,"cpu_percent_basis, page_bytes, interval_seconds, clock_ticks_per_second, process_memory",095889b1d031f3084bc2a1e3ba3678bc7a2b51b3579034802126c23d45f2b0ce
results/matrix-20260916-2305/scaled-book-5000/processes.csv,93743,CSV,utf-8-sig,747,True,"timestamp, container, name, pid, start_ticks, command, cpu_percent, cpu_interval_seconds, rss_bytes, virtual_bytes, threads",fc67e926058ee476620ee2d280402b40b6f6aa12b8064772c1e933daa83e5f6e
results/matrix-20260916-2305/scaled-book-5000/processes.jsonl,216741,JSONL,utf-8-sig,747,True,"command, container, cpu_interval_seconds, cpu_percent, cpu_ticks, name, pid, rss_bytes, start_ticks, threads, timestamp, virtual_bytes",a61bc433e188193325efa70aa78bd504e8b0476b3e4ffe2e8c00cf304b642579
results/matrix-20260916-2305/scaled-book-5000/requests.csv,349426,CSV,utf-8-sig,5000,True,"timestamp, endpoint, deployment, instance, status, response_time_ms",f39fcfb577a1c5185adb1970cd0a072b48a7e11c14a8cb553ef78852ab31fd6f
results/matrix-20260916-2305/scaled-book-5000/run.json,311,JSON,utf-8-sig,9,True,"url, durationSeconds, startedUtc, project, kubernetesContext, requests, deployment, endpoint, expectedReplicas",b4b0c4e423eca35fe27c8999716d4341cc31df5f35f8cb07b8aa70a16b1c2500
results/matrix-20260916-2305/scaled-book-5000/samples.json,22860591,JSONL,utf-8-sig,80618,True,"data, metric, type",8fa87056a363ed4edd3172dfc23a74af621ff8af419fe1194d89be8cfb907ced
results/matrix-20260916-2305/scaled-book-5000/stop,0,empty,utf-8-sig,0,True,,e3b0c44298fc1c149afbf4c8996fb92427ae41e4649b934ca495991b7852b855
results/matrix-20260916-2305/scaled-book-5000/summary.json,5693,JSON,utf-8-sig,4,True,"root_group, options, state, metrics",11e4aabb976ac136f50f6085ed48b373a2d2cc7b5925d8227d8e49cdce15b663
results/matrix-20260916-2305/scaled-book-5000/threads.jsonl,28165,JSONL,utf-8-sig,328,True,"container, threads, timestamp",4b79eecabe566af0785d8266afbfadc89e57683697d5950340a997736e042486
results/matrix-20260916-2305/scaled-book-5000/traefik.jsonl,9400568,JSONL,utf-16,5000,True,"ClientAddr, ClientHost, ClientPort, ClientUsername, DownstreamContentSize, DownstreamStatus, Duration, OriginContentSize, OriginDuration, OriginStatus, Overhead, RequestAddr, RequestContentSize, RequestCount, RequestHost, RequestMethod, RequestPath, RequestPort, RequestProtocol, RequestScheme, RetryAttempts, RouterName, ServiceAddr, ServiceName, ServiceURL, StartLocal, StartUTC, TLSCipher, TLSVersion, downstream_X-App-Instance, entryPointName, level, msg, origin_X-App-Instance, time",4c71cd82e4634ee577271a73e17e595704c427f3254948876baacd5d4c1cc97a
results/matrix-20260916-2305/scaled-search-1/collector-ready,0,empty,utf-8-sig,0,True,,e3b0c44298fc1c149afbf4c8996fb92427ae41e4649b934ca495991b7852b855
results/matrix-20260916-2305/scaled-search-1/collector.log,0,empty,utf-8-sig,0,True,,e3b0c44298fc1c149afbf4c8996fb92427ae41e4649b934ca495991b7852b855
results/matrix-20260916-2305/scaled-search-1/completed.json,152,JSON,utf-8-sig,4,True,"baseUrl, durationSeconds, requests, completedUtc",d86747b43bf73d0520a88d4235039075a9111499d893455d9f6128897fe9a658
results/matrix-20260916-2305/scaled-search-1/container-identities.jsonl,1559,JSONL,utf-8-sig,8,True,"id, image, memory_limit_bytes, name, nano_cpus, service",028501cf033e51472867524ae1a2d0e339dbdc9bd1b6cb7981947430b18e0c25
results/matrix-20260916-2305/scaled-search-1/containers.csv,31860,CSV,utf-8-sig,312,True,"timestamp, container, name, cpu_percent, memory_usage, memory_percent, threads, pids",44947b3d9402247606b154bf67902966d9c1e60bfd45f4d14dd154eeb8396bd7
results/matrix-20260916-2305/scaled-search-1/containers.jsonl,86876,JSONL,utf-8-sig,312,True,"stats, threads, timestamp",f5ee6eea5f81019cb0840414dc3ee7ad578a2eb7e11cff05252a2cb8978885a9
results/matrix-20260916-2305/scaled-search-1/metrics-metadata.json,235,JSON,utf-8-sig,5,True,"cpu_percent_basis, page_bytes, interval_seconds, clock_ticks_per_second, process_memory",095889b1d031f3084bc2a1e3ba3678bc7a2b51b3579034802126c23d45f2b0ce
results/matrix-20260916-2305/scaled-search-1/processes.csv,78476,CSV,utf-8-sig,627,True,"timestamp, container, name, pid, start_ticks, command, cpu_percent, cpu_interval_seconds, rss_bytes, virtual_bytes, threads",f77310e50c58fdb954ed85f27b8ef74515129baa7f2f02f45c1969616d5582da
results/matrix-20260916-2305/scaled-search-1/processes.jsonl,181348,JSONL,utf-8-sig,627,True,"command, container, cpu_interval_seconds, cpu_percent, cpu_ticks, name, pid, rss_bytes, start_ticks, threads, timestamp, virtual_bytes",fe4a729e01bc411081fc6be47c922f0efb725d5a59bcd27746cf38818b0d0c42
results/matrix-20260916-2305/scaled-search-1/requests.csv,138,CSV,utf-8-sig,1,True,"timestamp, endpoint, deployment, instance, status, response_time_ms",ac933645cb5a98005c690103d793af00b3e53b0ea9006eecceb7edc57c6372b5
results/matrix-20260916-2305/scaled-search-1/run.json,327,JSON,utf-8-sig,9,True,"url, durationSeconds, startedUtc, project, kubernetesContext, requests, deployment, endpoint, expectedReplicas",c9d78e7cfb4a5ae7fd634416d433d08cbb53151a5bc67b137a6993ef814e5e82
results/matrix-20260916-2305/scaled-search-1/samples.json,71119,JSONL,utf-8-sig,639,True,"data, metric, type",d03d708aed098693bc231bf7b513c4884fea84b9b3f2901f5714b81fadd078db
results/matrix-20260916-2305/scaled-search-1/stop,0,empty,utf-8-sig,0,True,,e3b0c44298fc1c149afbf4c8996fb92427ae41e4649b934ca495991b7852b855
results/matrix-20260916-2305/scaled-search-1/summary.json,5791,JSON,utf-8-sig,4,True,"root_group, options, state, metrics",d010eace26468d283de4a006a25753f362c6532235437fb246410c673958adf6
results/matrix-20260916-2305/scaled-search-1/threads.jsonl,26756,JSONL,utf-8-sig,312,True,"container, threads, timestamp",820661ddb43f8576f7f84355f8b7faa2bc8f288a393e4d5af4ee1ebc9671d3b8
results/matrix-20260916-2305/scaled-search-1/traefik.jsonl,1922,JSONL,utf-16,1,True,"ClientAddr, ClientHost, ClientPort, ClientUsername, DownstreamContentSize, DownstreamStatus, Duration, OriginContentSize, OriginDuration, OriginStatus, Overhead, RequestAddr, RequestContentSize, RequestCount, RequestHost, RequestMethod, RequestPath, RequestPort, RequestProtocol, RequestScheme, RetryAttempts, RouterName, ServiceAddr, ServiceName, ServiceURL, StartLocal, StartUTC, TLSCipher, TLSVersion, downstream_X-App-Instance, entryPointName, level, msg, origin_X-App-Instance, time",dd32b8a4293621de199eb0dc09144436b6420256287ef2b5e127997aa35995cb
results/matrix-20260916-2305/scaled-search-10/collector-ready,0,empty,utf-8-sig,0,True,,e3b0c44298fc1c149afbf4c8996fb92427ae41e4649b934ca495991b7852b855
results/matrix-20260916-2305/scaled-search-10/collector.log,0,empty,utf-8-sig,0,True,,e3b0c44298fc1c149afbf4c8996fb92427ae41e4649b934ca495991b7852b855
results/matrix-20260916-2305/scaled-search-10/completed.json,153,JSON,utf-8-sig,4,True,"baseUrl, durationSeconds, requests, completedUtc",b65d6ceeea8d0aa99afd5999fbc2f92eadc9c8446563d4e25fe492f5d77c62d6
results/matrix-20260916-2305/scaled-search-10/container-identities.jsonl,1559,JSONL,utf-8-sig,8,True,"id, image, memory_limit_bytes, name, nano_cpus, service",028501cf033e51472867524ae1a2d0e339dbdc9bd1b6cb7981947430b18e0c25
results/matrix-20260916-2305/scaled-search-10/containers.csv,31843,CSV,utf-8-sig,312,True,"timestamp, container, name, cpu_percent, memory_usage, memory_percent, threads, pids",80aceaa1f597f105de76d31e8f37b73708750e9238f2050f3b18c3b65c7b80f8
results/matrix-20260916-2305/scaled-search-10/containers.jsonl,86860,JSONL,utf-8-sig,312,True,"stats, threads, timestamp",ae072926b6df4e18fff6c3507f1c90bb0fabd70f3a8d9a6fbde55c53e1c88869
results/matrix-20260916-2305/scaled-search-10/metrics-metadata.json,235,JSON,utf-8-sig,5,True,"cpu_percent_basis, page_bytes, interval_seconds, clock_ticks_per_second, process_memory",095889b1d031f3084bc2a1e3ba3678bc7a2b51b3579034802126c23d45f2b0ce
results/matrix-20260916-2305/scaled-search-10/processes.csv,78453,CSV,utf-8-sig,632,True,"timestamp, container, name, pid, start_ticks, command, cpu_percent, cpu_interval_seconds, rss_bytes, virtual_bytes, threads",8fc2a6007f7ecb745f9d4ea3011cacc5de31319f8fbeae948d5c8f39344e8729
results/matrix-20260916-2305/scaled-search-10/processes.jsonl,182174,JSONL,utf-8-sig,632,True,"command, container, cpu_interval_seconds, cpu_percent, cpu_ticks, name, pid, rss_bytes, start_ticks, threads, timestamp, virtual_bytes",756b272ceed8fe88578a596400517500a1a497c2f7c5f8fe1f8b9aee60df110c
results/matrix-20260916-2305/scaled-search-10/requests.csv,792,CSV,utf-8-sig,10,True,"timestamp, endpoint, deployment, instance, status, response_time_ms",365fa0b62e2164ba5e728b0a5fc8b72393c6ba4b64bf8cc9d25db970bb2bccd3
results/matrix-20260916-2305/scaled-search-10/run.json,328,JSON,utf-8-sig,9,True,"url, durationSeconds, startedUtc, project, kubernetesContext, requests, deployment, endpoint, expectedReplicas",3da73afee8da634828e1b39bfa4181a37674c6cba15b39ab77d999e2586cb1b6
results/matrix-20260916-2305/scaled-search-10/samples.json,116238,JSONL,utf-8-sig,788,True,"data, metric, type",72e8c52a1c78d07481d21a9b765779d08f1122677836d578686ce533b9fe4c5e
results/matrix-20260916-2305/scaled-search-10/stop,0,empty,utf-8-sig,0,True,,e3b0c44298fc1c149afbf4c8996fb92427ae41e4649b934ca495991b7852b855
results/matrix-20260916-2305/scaled-search-10/summary.json,5978,JSON,utf-8-sig,4,True,"state, metrics, root_group, options",937cb249c2fb74e8f0ac64cf717eafebb54f2b11a6eb10fa73c165c92ec21075
results/matrix-20260916-2305/scaled-search-10/threads.jsonl,26760,JSONL,utf-8-sig,312,True,"container, threads, timestamp",52bfbef40b4cc834145e6a3f282403c4d20fc80426f26aa466fb482db72672c7
results/matrix-20260916-2305/scaled-search-10/traefik.jsonl,19180,JSONL,utf-16,10,True,"ClientAddr, ClientHost, ClientPort, ClientUsername, DownstreamContentSize, DownstreamStatus, Duration, OriginContentSize, OriginDuration, OriginStatus, Overhead, RequestAddr, RequestContentSize, RequestCount, RequestHost, RequestMethod, RequestPath, RequestPort, RequestProtocol, RequestScheme, RetryAttempts, RouterName, ServiceAddr, ServiceName, ServiceURL, StartLocal, StartUTC, TLSCipher, TLSVersion, downstream_X-App-Instance, entryPointName, level, msg, origin_X-App-Instance, time",73c16b9cc8fd9222e4141f4a13c2511db4909e23c2deabda6d9ecf398a07b022
results/matrix-20260916-2305/scaled-search-100/collector-ready,0,empty,utf-8-sig,0,True,,e3b0c44298fc1c149afbf4c8996fb92427ae41e4649b934ca495991b7852b855
results/matrix-20260916-2305/scaled-search-100/collector.log,0,empty,utf-8-sig,0,True,,e3b0c44298fc1c149afbf4c8996fb92427ae41e4649b934ca495991b7852b855
results/matrix-20260916-2305/scaled-search-100/completed.json,154,JSON,utf-8-sig,4,True,"baseUrl, durationSeconds, requests, completedUtc",9658e0770fcc9824058758c74658145d1cbf1d3f0545ac2d40e183037ac629b3
results/matrix-20260916-2305/scaled-search-100/container-identities.jsonl,1559,JSONL,utf-8-sig,8,True,"id, image, memory_limit_bytes, name, nano_cpus, service",028501cf033e51472867524ae1a2d0e339dbdc9bd1b6cb7981947430b18e0c25
results/matrix-20260916-2305/scaled-search-100/containers.csv,31861,CSV,utf-8-sig,312,True,"timestamp, container, name, cpu_percent, memory_usage, memory_percent, threads, pids",59d3a94a8e49ba75656c3da7712cf41a61c4cb12b90edbf5f31d4ae522d0af7a
results/matrix-20260916-2305/scaled-search-100/containers.jsonl,87009,JSONL,utf-8-sig,312,True,"stats, threads, timestamp",19a2f6165f13c5bb5cbc7359b7c1ac21b36f16d328af75e59b67ddc2bde95bab
results/matrix-20260916-2305/scaled-search-100/metrics-metadata.json,235,JSON,utf-8-sig,5,True,"cpu_percent_basis, page_bytes, interval_seconds, clock_ticks_per_second, process_memory",095889b1d031f3084bc2a1e3ba3678bc7a2b51b3579034802126c23d45f2b0ce
results/matrix-20260916-2305/scaled-search-100/processes.csv,79205,CSV,utf-8-sig,634,True,"timestamp, container, name, pid, start_ticks, command, cpu_percent, cpu_interval_seconds, rss_bytes, virtual_bytes, threads",8f8a2b97652910901f924a4ab6d1206a942ea4d25312e215e5160345fd7e24fa
results/matrix-20260916-2305/scaled-search-100/processes.jsonl,183365,JSONL,utf-8-sig,634,True,"command, container, cpu_interval_seconds, cpu_percent, cpu_ticks, name, pid, rss_bytes, start_ticks, threads, timestamp, virtual_bytes",a16aeaf4eaa984f0948cc4c6c9c59aa885968dad869624f6154b33b6a9fae3fb
results/matrix-20260916-2305/scaled-search-100/requests.csv,7347,CSV,utf-8-sig,100,True,"timestamp, endpoint, deployment, instance, status, response_time_ms",d9e6fa500808ebdcb491645b58b9bf0265954976c0cad94a9e3e263f3cc6d5de
results/matrix-20260916-2305/scaled-search-100/run.json,329,JSON,utf-8-sig,9,True,"url, durationSeconds, startedUtc, project, kubernetesContext, requests, deployment, endpoint, expectedReplicas",9a7e2b55a2c0bdbad570077b5c7365290c20875ebfe7ac9212764c770200e221
results/matrix-20260916-2305/scaled-search-100/samples.json,572733,JSONL,utf-8-sig,2322,True,"data, metric, type",73615823b9df28a06ccc89a27b39f5b2d672b4938b7c077f2e9c6ee601534312
results/matrix-20260916-2305/scaled-search-100/stop,0,empty,utf-8-sig,0,True,,e3b0c44298fc1c149afbf4c8996fb92427ae41e4649b934ca495991b7852b855
results/matrix-20260916-2305/scaled-search-100/summary.json,5879,JSON,utf-8-sig,4,True,"root_group, options, state, metrics",adadbeb63754f7562c96a6086ce2c4526bc41079fb3a9b85b58c670098e7d3c0
results/matrix-20260916-2305/scaled-search-100/threads.jsonl,26762,JSONL,utf-8-sig,312,True,"container, threads, timestamp",21b5a2f96c1cc147ed77bef94c027048b568719a8430f8b2d0f31e55cb5519b6
results/matrix-20260916-2305/scaled-search-100/traefik.jsonl,191924,JSONL,utf-16,100,True,"ClientAddr, ClientHost, ClientPort, ClientUsername, DownstreamContentSize, DownstreamStatus, Duration, OriginContentSize, OriginDuration, OriginStatus, Overhead, RequestAddr, RequestContentSize, RequestCount, RequestHost, RequestMethod, RequestPath, RequestPort, RequestProtocol, RequestScheme, RetryAttempts, RouterName, ServiceAddr, ServiceName, ServiceURL, StartLocal, StartUTC, TLSCipher, TLSVersion, downstream_X-App-Instance, entryPointName, level, msg, origin_X-App-Instance, time",a0daa875eeeb56537ea3e20b19858a7ac6711c139d7b4a1a3f42afff28741be2
results/matrix-20260916-2305/scaled-search-1000/collector-ready,0,empty,utf-8-sig,0,True,,e3b0c44298fc1c149afbf4c8996fb92427ae41e4649b934ca495991b7852b855
results/matrix-20260916-2305/scaled-search-1000/collector.log,0,empty,utf-8-sig,0,True,,e3b0c44298fc1c149afbf4c8996fb92427ae41e4649b934ca495991b7852b855
results/matrix-20260916-2305/scaled-search-1000/completed.json,155,JSON,utf-8-sig,4,True,"baseUrl, durationSeconds, requests, completedUtc",e51e89d19e0862693c7511731211d6e37d774446e7c969bab287fc6138ebf7b0
results/matrix-20260916-2305/scaled-search-1000/container-identities.jsonl,1559,JSONL,utf-8-sig,8,True,"id, image, memory_limit_bytes, name, nano_cpus, service",028501cf033e51472867524ae1a2d0e339dbdc9bd1b6cb7981947430b18e0c25
results/matrix-20260916-2305/scaled-search-1000/containers.csv,33530,CSV,utf-8-sig,328,True,"timestamp, container, name, cpu_percent, memory_usage, memory_percent, threads, pids",47506c11e8be74280dfba6104f9fa835e673b00c5cad7dee855f271aafecda11
results/matrix-20260916-2305/scaled-search-1000/containers.jsonl,91413,JSONL,utf-8-sig,328,True,"stats, threads, timestamp",dd9d281fd28125b0e774540d82b8cd07059b41a0918d6bbffe1d9d179844089c
results/matrix-20260916-2305/scaled-search-1000/metrics-metadata.json,235,JSON,utf-8-sig,5,True,"cpu_percent_basis, page_bytes, interval_seconds, clock_ticks_per_second, process_memory",095889b1d031f3084bc2a1e3ba3678bc7a2b51b3579034802126c23d45f2b0ce
results/matrix-20260916-2305/scaled-search-1000/processes.csv,87524,CSV,utf-8-sig,694,True,"timestamp, container, name, pid, start_ticks, command, cpu_percent, cpu_interval_seconds, rss_bytes, virtual_bytes, threads",e7494b99eb779a1791a23e4f7b091db61623d44baa168f62f6f99662ff2d3c51
results/matrix-20260916-2305/scaled-search-1000/processes.jsonl,201684,JSONL,utf-8-sig,694,True,"command, container, cpu_interval_seconds, cpu_percent, cpu_ticks, name, pid, rss_bytes, start_ticks, threads, timestamp, virtual_bytes",589676de3d652a6596dc0d8af3da58853f5e3f1428ea41d9ea1f8574c12b3973
results/matrix-20260916-2305/scaled-search-1000/requests.csv,72836,CSV,utf-8-sig,1000,True,"timestamp, endpoint, deployment, instance, status, response_time_ms",4f52212ebdd81b911b01f09d1eb30e324e5ebe6cc031b536334ddc52e4532258
results/matrix-20260916-2305/scaled-search-1000/run.json,330,JSON,utf-8-sig,9,True,"url, durationSeconds, startedUtc, project, kubernetesContext, requests, deployment, endpoint, expectedReplicas",42bd630a6d66a5fcfed86d31b993d7880f3f104e143702f7c3f1607409cf5810
results/matrix-20260916-2305/scaled-search-1000/samples.json,5129514,JSONL,utf-8-sig,17622,True,"data, metric, type",4390c6448974b3bc3286a41cc355f00a220dd26a69713347dd3c9fae4af96979
results/matrix-20260916-2305/scaled-search-1000/stop,0,empty,utf-8-sig,0,True,,e3b0c44298fc1c149afbf4c8996fb92427ae41e4649b934ca495991b7852b855
results/matrix-20260916-2305/scaled-search-1000/summary.json,5894,JSON,utf-8-sig,4,True,"root_group, options, state, metrics",25262e2b824bf2d2f0216b6079747daf1b39b783939176c8c4300535a68dcc56
results/matrix-20260916-2305/scaled-search-1000/threads.jsonl,28149,JSONL,utf-8-sig,328,True,"container, threads, timestamp",ff203c22f385e24d755edc1845bdb3d60313109f4cfc1b9470ac0e0bbac37ade
results/matrix-20260916-2305/scaled-search-1000/traefik.jsonl,1914934,JSONL,utf-16,1000,True,"ClientAddr, ClientHost, ClientPort, ClientUsername, DownstreamContentSize, DownstreamStatus, Duration, OriginContentSize, OriginDuration, OriginStatus, Overhead, RequestAddr, RequestContentSize, RequestCount, RequestHost, RequestMethod, RequestPath, RequestPort, RequestProtocol, RequestScheme, RetryAttempts, RouterName, ServiceAddr, ServiceName, ServiceURL, StartLocal, StartUTC, TLSCipher, TLSVersion, downstream_X-App-Instance, entryPointName, level, msg, origin_X-App-Instance, time",f9a161b2e20edcb1c9b4d602bb8ee8074c237b77ed66be7f69b200b71f7b3f37
results/matrix-20260916-2305/scaled-search-5000/collector-ready,0,empty,utf-8-sig,0,True,,e3b0c44298fc1c149afbf4c8996fb92427ae41e4649b934ca495991b7852b855
results/matrix-20260916-2305/scaled-search-5000/collector.log,0,empty,utf-8-sig,0,True,,e3b0c44298fc1c149afbf4c8996fb92427ae41e4649b934ca495991b7852b855
results/matrix-20260916-2305/scaled-search-5000/completed.json,155,JSON,utf-8-sig,4,True,"baseUrl, durationSeconds, requests, completedUtc",e5f22cbc7f457c245418159fdbc9e73d362b907f62052cf1b15fbce779728705
results/matrix-20260916-2305/scaled-search-5000/container-identities.jsonl,1559,JSONL,utf-8-sig,8,True,"id, image, memory_limit_bytes, name, nano_cpus, service",028501cf033e51472867524ae1a2d0e339dbdc9bd1b6cb7981947430b18e0c25
results/matrix-20260916-2305/scaled-search-5000/containers.csv,32683,CSV,utf-8-sig,320,True,"timestamp, container, name, cpu_percent, memory_usage, memory_percent, threads, pids",f0779e746172ce6041050555e4229544066eec1fd557ab506146cd403224d634
results/matrix-20260916-2305/scaled-search-5000/containers.jsonl,89174,JSONL,utf-8-sig,320,True,"stats, threads, timestamp",74f442590fba0d38a58e65cead7ba79cf0ed4c3a66d090291b91cfc12518ac9b
results/matrix-20260916-2305/scaled-search-5000/metrics-metadata.json,235,JSON,utf-8-sig,5,True,"cpu_percent_basis, page_bytes, interval_seconds, clock_ticks_per_second, process_memory",095889b1d031f3084bc2a1e3ba3678bc7a2b51b3579034802126c23d45f2b0ce
results/matrix-20260916-2305/scaled-search-5000/processes.csv,82228,CSV,utf-8-sig,650,True,"timestamp, container, name, pid, start_ticks, command, cpu_percent, cpu_interval_seconds, rss_bytes, virtual_bytes, threads",0b21054d595a7aa212601bb44175f9e51bdf13be7e8f3245fa74ddc0718e23de
results/matrix-20260916-2305/scaled-search-5000/processes.jsonl,189269,JSONL,utf-8-sig,650,True,"command, container, cpu_interval_seconds, cpu_percent, cpu_ticks, name, pid, rss_bytes, start_ticks, threads, timestamp, virtual_bytes",8784f464e38a406078dd5ef57479b2992f74f98ba963c22df4daa4050449eedc
results/matrix-20260916-2305/scaled-search-5000/requests.csv,363866,CSV,utf-8-sig,5000,True,"timestamp, endpoint, deployment, instance, status, response_time_ms",fa6ff0e49cb2cd36f2b62dc0293a1a6eb5ba488187c2e805756723eaaa6f81ba
results/matrix-20260916-2305/scaled-search-5000/run.json,330,JSON,utf-8-sig,9,True,"url, durationSeconds, startedUtc, project, kubernetesContext, requests, deployment, endpoint, expectedReplicas",fbeb9a986923d949964e8b26b376c698c8fd6631b3bb28ebb9425c695a6c49bf
results/matrix-20260916-2305/scaled-search-5000/samples.json,25382371,JSONL,utf-8-sig,85618,True,"data, metric, type",2416e871873d2c74767cf63f73f5aee9c1dd0aef3c91472953453488892ec484
results/matrix-20260916-2305/scaled-search-5000/stop,0,empty,utf-8-sig,0,True,,e3b0c44298fc1c149afbf4c8996fb92427ae41e4649b934ca495991b7852b855
results/matrix-20260916-2305/scaled-search-5000/summary.json,5897,JSON,utf-8-sig,4,True,"root_group, options, state, metrics",6641577d26341e4d9d54db8c804e03736a4f3e356a0a8325f0e41ab9c88d5a73
results/matrix-20260916-2305/scaled-search-5000/threads.jsonl,27447,JSONL,utf-8-sig,320,True,"container, threads, timestamp",f9c8b9938932b6343c31d638b3dfcb3ae27e7fb2295ac61767faebb48d65d6fa
results/matrix-20260916-2305/scaled-search-5000/traefik.jsonl,9572608,JSONL,utf-16,5000,True,"ClientAddr, ClientHost, ClientPort, ClientUsername, DownstreamContentSize, DownstreamStatus, Duration, OriginContentSize, OriginDuration, OriginStatus, Overhead, RequestAddr, RequestContentSize, RequestCount, RequestHost, RequestMethod, RequestPath, RequestPort, RequestProtocol, RequestScheme, RetryAttempts, RouterName, ServiceAddr, ServiceName, ServiceURL, StartLocal, StartUTC, TLSCipher, TLSVersion, downstream_X-App-Instance, entryPointName, level, msg, origin_X-App-Instance, time",0273a7a8fe6bd4570e88566d4eac9ac6f07085e15604eea27e27dd285f927012
results/matrix-20260916-2305/scaled-static-1/collector-ready,0,empty,utf-8-sig,0,True,,e3b0c44298fc1c149afbf4c8996fb92427ae41e4649b934ca495991b7852b855
results/matrix-20260916-2305/scaled-static-1/collector.log,0,empty,utf-8-sig,0,True,,e3b0c44298fc1c149afbf4c8996fb92427ae41e4649b934ca495991b7852b855
results/matrix-20260916-2305/scaled-static-1/completed.json,152,JSON,utf-8-sig,4,True,"baseUrl, durationSeconds, requests, completedUtc",db9d39302ee0a13b5f555a40a3c5750c228d09357d2926fff3c8b8f012099b94
results/matrix-20260916-2305/scaled-static-1/container-identities.jsonl,1559,JSONL,utf-8-sig,8,True,"id, image, memory_limit_bytes, name, nano_cpus, service",028501cf033e51472867524ae1a2d0e339dbdc9bd1b6cb7981947430b18e0c25
results/matrix-20260916-2305/scaled-static-1/containers.csv,31877,CSV,utf-8-sig,312,True,"timestamp, container, name, cpu_percent, memory_usage, memory_percent, threads, pids",02dc9ad5627ec41fec7253fcbd6237d6c63fa4e091aad91d1a6f67ffcb949ca1
results/matrix-20260916-2305/scaled-static-1/containers.jsonl,86895,JSONL,utf-8-sig,312,True,"stats, threads, timestamp",247a66936458f41605b7b99746d9d1f109b352921f653e4712060c5a5a997c65
results/matrix-20260916-2305/scaled-static-1/metrics-metadata.json,235,JSON,utf-8-sig,5,True,"cpu_percent_basis, page_bytes, interval_seconds, clock_ticks_per_second, process_memory",095889b1d031f3084bc2a1e3ba3678bc7a2b51b3579034802126c23d45f2b0ce
results/matrix-20260916-2305/scaled-static-1/processes.csv,77859,CSV,utf-8-sig,626,True,"timestamp, container, name, pid, start_ticks, command, cpu_percent, cpu_interval_seconds, rss_bytes, virtual_bytes, threads",1d2936bae6c14c69dbfc178a359f003387d6dab9021883b8205f2b2699cc44dd
results/matrix-20260916-2305/scaled-static-1/processes.jsonl,180521,JSONL,utf-8-sig,626,True,"command, container, cpu_interval_seconds, cpu_percent, cpu_ticks, name, pid, rss_bytes, start_ticks, threads, timestamp, virtual_bytes",5d1562c5e943eb37fbfa78573b8f2f1b77e4bfeb311a15d424cbe2701936d155
results/matrix-20260916-2305/scaled-static-1/requests.csv,134,CSV,utf-8-sig,1,True,"timestamp, endpoint, deployment, instance, status, response_time_ms",019fd9a117fb0a0900394894f1489bdee1890f6f0936f129f5821d4863f08a76
results/matrix-20260916-2305/scaled-static-1/run.json,341,JSON,utf-8-sig,9,True,"url, durationSeconds, startedUtc, project, kubernetesContext, requests, deployment, endpoint, expectedReplicas",ca463f5ba61f3c7243bceb94cda8bb0e7047ccb3e7a65a239230171579187965
results/matrix-20260916-2305/scaled-static-1/samples.json,71157,JSONL,utf-8-sig,638,True,"data, metric, type",e4f7dd471bebf1b6735caa457f6c6adac8d8f5382eb3341ca3220ea78375ed6f
results/matrix-20260916-2305/scaled-static-1/stop,0,empty,utf-8-sig,0,True,,e3b0c44298fc1c149afbf4c8996fb92427ae41e4649b934ca495991b7852b855
results/matrix-20260916-2305/scaled-static-1/summary.json,5507,JSON,utf-8-sig,4,True,"metrics, root_group, options, state",16145487aa0fa05a8b94b809231d874a68362faa2297ccc84c77c3f04562d776
results/matrix-20260916-2305/scaled-static-1/threads.jsonl,26754,JSONL,utf-8-sig,312,True,"container, threads, timestamp",79588921a242ad506fc79a9bfa0ca6cf209db7d6e437eb42fd5ad055662fb4a3
results/matrix-20260916-2305/scaled-static-1/traefik.jsonl,1786,JSONL,utf-16,1,True,"ClientAddr, ClientHost, ClientPort, ClientUsername, DownstreamContentSize, DownstreamStatus, Duration, OriginContentSize, OriginDuration, OriginStatus, Overhead, RequestAddr, RequestContentSize, RequestCount, RequestHost, RequestMethod, RequestPath, RequestPort, RequestProtocol, RequestScheme, RetryAttempts, RouterName, ServiceAddr, ServiceName, ServiceURL, StartLocal, StartUTC, TLSCipher, TLSVersion, entryPointName, level, msg, time",7d09c1f8e00df388481e83b66fe0c31963902cd0eefbe99c436df377bc41e56c
results/matrix-20260916-2305/scaled-static-10/collector-ready,0,empty,utf-8-sig,0,True,,e3b0c44298fc1c149afbf4c8996fb92427ae41e4649b934ca495991b7852b855
results/matrix-20260916-2305/scaled-static-10/collector.log,0,empty,utf-8-sig,0,True,,e3b0c44298fc1c149afbf4c8996fb92427ae41e4649b934ca495991b7852b855
results/matrix-20260916-2305/scaled-static-10/completed.json,153,JSON,utf-8-sig,4,True,"baseUrl, durationSeconds, requests, completedUtc",f7447760c0a723347fb56ca7acfb11501caa5eda89de7eb36f896629285e34a5
results/matrix-20260916-2305/scaled-static-10/container-identities.jsonl,1559,JSONL,utf-8-sig,8,True,"id, image, memory_limit_bytes, name, nano_cpus, service",028501cf033e51472867524ae1a2d0e339dbdc9bd1b6cb7981947430b18e0c25
results/matrix-20260916-2305/scaled-static-10/containers.csv,31910,CSV,utf-8-sig,312,True,"timestamp, container, name, cpu_percent, memory_usage, memory_percent, threads, pids",db12391d2dfbe87f9bdea6f9d6218931ee131ab775a40fb0b4e43e0965e2fb0c
results/matrix-20260916-2305/scaled-static-10/containers.jsonl,86917,JSONL,utf-8-sig,312,True,"stats, threads, timestamp",d5332e05fd49037a8f9353c1cb0317e3a0c91b9ed890148ce29da75705975a9f
results/matrix-20260916-2305/scaled-static-10/metrics-metadata.json,235,JSON,utf-8-sig,5,True,"cpu_percent_basis, page_bytes, interval_seconds, clock_ticks_per_second, process_memory",095889b1d031f3084bc2a1e3ba3678bc7a2b51b3579034802126c23d45f2b0ce
results/matrix-20260916-2305/scaled-static-10/processes.csv,81772,CSV,utf-8-sig,653,True,"timestamp, container, name, pid, start_ticks, command, cpu_percent, cpu_interval_seconds, rss_bytes, virtual_bytes, threads",7a6ba3160c608c24fd82935703398f0eb84a5199bcd44f91094e8c7a924857aa
results/matrix-20260916-2305/scaled-static-10/processes.jsonl,188975,JSONL,utf-8-sig,653,True,"command, container, cpu_interval_seconds, cpu_percent, cpu_ticks, name, pid, rss_bytes, start_ticks, threads, timestamp, virtual_bytes",4752f02433f1f1347853beac85cfe825c5844ca26e9ea479ae3fff9e631ec276
results/matrix-20260916-2305/scaled-static-10/requests.csv,760,CSV,utf-8-sig,10,True,"timestamp, endpoint, deployment, instance, status, response_time_ms",7068e9a23e1fe70dd15e77c463e707d8cda9fa3f46e7020d0cc758b6ed7b0d4e
results/matrix-20260916-2305/scaled-static-10/run.json,342,JSON,utf-8-sig,9,True,"url, durationSeconds, startedUtc, project, kubernetesContext, requests, deployment, endpoint, expectedReplicas",1285a14356a00d5014118e6b7ccd2b1085c7df07138feea04c01e21a885d8506
results/matrix-20260916-2305/scaled-static-10/samples.json,116960,JSONL,utf-8-sig,778,True,"data, metric, type",1368072390a4a72ad1602a70f9674fb1cecdcb9eddb51297f2f8742c9947d3d8
results/matrix-20260916-2305/scaled-static-10/stop,0,empty,utf-8-sig,0,True,,e3b0c44298fc1c149afbf4c8996fb92427ae41e4649b934ca495991b7852b855
results/matrix-20260916-2305/scaled-static-10/summary.json,5822,JSON,utf-8-sig,4,True,"options, state, metrics, root_group",3fcfeaf9f290e2ed1d26c28417865dd771611dc0ed25a02b4975604e32f18dbf
results/matrix-20260916-2305/scaled-static-10/threads.jsonl,26781,JSONL,utf-8-sig,312,True,"container, threads, timestamp",028c40f30d3228af2aec514e545cc5b24a12130760708ca446dd536edf7f6984
results/matrix-20260916-2305/scaled-static-10/traefik.jsonl,17828,JSONL,utf-16,10,True,"ClientAddr, ClientHost, ClientPort, ClientUsername, DownstreamContentSize, DownstreamStatus, Duration, OriginContentSize, OriginDuration, OriginStatus, Overhead, RequestAddr, RequestContentSize, RequestCount, RequestHost, RequestMethod, RequestPath, RequestPort, RequestProtocol, RequestScheme, RetryAttempts, RouterName, ServiceAddr, ServiceName, ServiceURL, StartLocal, StartUTC, TLSCipher, TLSVersion, entryPointName, level, msg, time",47b8668e14ad64ef8019b47b1c6c52a6956af5f1f8b5cef59c6fce55e7be8394
results/matrix-20260916-2305/scaled-static-100/collector-ready,0,empty,utf-8-sig,0,True,,e3b0c44298fc1c149afbf4c8996fb92427ae41e4649b934ca495991b7852b855
results/matrix-20260916-2305/scaled-static-100/collector.log,0,empty,utf-8-sig,0,True,,e3b0c44298fc1c149afbf4c8996fb92427ae41e4649b934ca495991b7852b855
results/matrix-20260916-2305/scaled-static-100/completed.json,154,JSON,utf-8-sig,4,True,"baseUrl, durationSeconds, requests, completedUtc",53d21e601d60c5ff3bf6ed350bd1e2e2e8b8d77a85b85602f2c63a93c4b39a4c
results/matrix-20260916-2305/scaled-static-100/container-identities.jsonl,1559,JSONL,utf-8-sig,8,True,"id, image, memory_limit_bytes, name, nano_cpus, service",028501cf033e51472867524ae1a2d0e339dbdc9bd1b6cb7981947430b18e0c25
results/matrix-20260916-2305/scaled-static-100/containers.csv,31901,CSV,utf-8-sig,312,True,"timestamp, container, name, cpu_percent, memory_usage, memory_percent, threads, pids",d3c7d42f51c91ddb12767e73cf549967e1aafb5d797188acffaadd105e089858
results/matrix-20260916-2305/scaled-static-100/containers.jsonl,86955,JSONL,utf-8-sig,312,True,"stats, threads, timestamp",935f03840b693232d4943693584c4284b31279c8a5033e19f921fdfbb3a01554
results/matrix-20260916-2305/scaled-static-100/metrics-metadata.json,235,JSON,utf-8-sig,5,True,"cpu_percent_basis, page_bytes, interval_seconds, clock_ticks_per_second, process_memory",095889b1d031f3084bc2a1e3ba3678bc7a2b51b3579034802126c23d45f2b0ce
results/matrix-20260916-2305/scaled-static-100/processes.csv,81087,CSV,utf-8-sig,647,True,"timestamp, container, name, pid, start_ticks, command, cpu_percent, cpu_interval_seconds, rss_bytes, virtual_bytes, threads",dcd74a9c9907d5cc5accb23520f650e04e7072438404cb9627d8a7d9d6db4367
results/matrix-20260916-2305/scaled-static-100/processes.jsonl,187301,JSONL,utf-8-sig,647,True,"command, container, cpu_interval_seconds, cpu_percent, cpu_ticks, name, pid, rss_bytes, start_ticks, threads, timestamp, virtual_bytes",e6caed0cc0b71431620ebd36fc6f94ed5aab940e84321d1a3d976740e814e20d
results/matrix-20260916-2305/scaled-static-100/requests.csv,7049,CSV,utf-8-sig,100,True,"timestamp, endpoint, deployment, instance, status, response_time_ms",f0c4f2e21a90c9204f5d2493af0f3cf44c58dd2d8fb3cda5fd2e639b78e77911
results/matrix-20260916-2305/scaled-static-100/run.json,343,JSON,utf-8-sig,9,True,"url, durationSeconds, startedUtc, project, kubernetesContext, requests, deployment, endpoint, expectedReplicas",20c3c2a886f16a1e9db48845bd4eb8e16c226cd4f6e1a07f0fea1946ac73eaaa
results/matrix-20260916-2305/scaled-static-100/samples.json,579881,JSONL,utf-8-sig,2222,True,"data, metric, type",5f49ddfffc790245c9c4363cf7d1c4ef89a3c1d274ed591b9e48ae9514da5790
results/matrix-20260916-2305/scaled-static-100/stop,0,empty,utf-8-sig,0,True,,e3b0c44298fc1c149afbf4c8996fb92427ae41e4649b934ca495991b7852b855
results/matrix-20260916-2305/scaled-static-100/summary.json,5675,JSON,utf-8-sig,4,True,"state, metrics, root_group, options",a1b5f45afc3be318519ef005519f65bdb1bea3fc743beb9373038a1f6f5e7a40
results/matrix-20260916-2305/scaled-static-100/threads.jsonl,26777,JSONL,utf-8-sig,312,True,"container, threads, timestamp",bb2d711e2c32a3974056f777d09319bf21cfdfef04a99157e0c1abf2e405003f
results/matrix-20260916-2305/scaled-static-100/traefik.jsonl,178212,JSONL,utf-16,100,True,"ClientAddr, ClientHost, ClientPort, ClientUsername, DownstreamContentSize, DownstreamStatus, Duration, OriginContentSize, OriginDuration, OriginStatus, Overhead, RequestAddr, RequestContentSize, RequestCount, RequestHost, RequestMethod, RequestPath, RequestPort, RequestProtocol, RequestScheme, RetryAttempts, RouterName, ServiceAddr, ServiceName, ServiceURL, StartLocal, StartUTC, TLSCipher, TLSVersion, entryPointName, level, msg, time",2565921edb9a26cd8750548f70ca5683401b6a918c4217056c2520dba8fc6401
results/matrix-20260916-2305/scaled-static-1000/collector-ready,0,empty,utf-8-sig,0,True,,e3b0c44298fc1c149afbf4c8996fb92427ae41e4649b934ca495991b7852b855
results/matrix-20260916-2305/scaled-static-1000/collector.log,0,empty,utf-8-sig,0,True,,e3b0c44298fc1c149afbf4c8996fb92427ae41e4649b934ca495991b7852b855
results/matrix-20260916-2305/scaled-static-1000/completed.json,155,JSON,utf-8-sig,4,True,"baseUrl, durationSeconds, requests, completedUtc",5aeea12587385b60fb91c7a224053dee442cbf6726d337396346de5bbac62197
results/matrix-20260916-2305/scaled-static-1000/container-identities.jsonl,1559,JSONL,utf-8-sig,8,True,"id, image, memory_limit_bytes, name, nano_cpus, service",028501cf033e51472867524ae1a2d0e339dbdc9bd1b6cb7981947430b18e0c25
results/matrix-20260916-2305/scaled-static-1000/containers.csv,32649,CSV,utf-8-sig,320,True,"timestamp, container, name, cpu_percent, memory_usage, memory_percent, threads, pids",d6f90898e64fb093b7c58d1ded30a72cdc7cbfd37e10e3716bcfcbaefac075e2
results/matrix-20260916-2305/scaled-static-1000/containers.jsonl,89243,JSONL,utf-8-sig,320,True,"stats, threads, timestamp",95365f16185e17786755b5f2f133b9ad4ecb6e713a9d56f676a31bda9068b086
results/matrix-20260916-2305/scaled-static-1000/metrics-metadata.json,235,JSON,utf-8-sig,5,True,"cpu_percent_basis, page_bytes, interval_seconds, clock_ticks_per_second, process_memory",095889b1d031f3084bc2a1e3ba3678bc7a2b51b3579034802126c23d45f2b0ce
results/matrix-20260916-2305/scaled-static-1000/processes.csv,81333,CSV,utf-8-sig,646,True,"timestamp, container, name, pid, start_ticks, command, cpu_percent, cpu_interval_seconds, rss_bytes, virtual_bytes, threads",73b97208c88ef245fc2abf58aacd33ad00363769388aba063a7721a5be67d217
results/matrix-20260916-2305/scaled-static-1000/processes.jsonl,187564,JSONL,utf-8-sig,646,True,"command, container, cpu_interval_seconds, cpu_percent, cpu_ticks, name, pid, rss_bytes, start_ticks, threads, timestamp, virtual_bytes",1f1ea6c481ad60d0c37a97e7e0fc5bb60fc321a84934bd946260fccd369e5efc
results/matrix-20260916-2305/scaled-static-1000/requests.csv,69837,CSV,utf-8-sig,1000,True,"timestamp, endpoint, deployment, instance, status, response_time_ms",f614252373fc37bf8dd0e6f8bec430aa79e3e7aba03d1a13f6130faa4819c33b
results/matrix-20260916-2305/scaled-static-1000/run.json,344,JSON,utf-8-sig,9,True,"url, durationSeconds, startedUtc, project, kubernetesContext, requests, deployment, endpoint, expectedReplicas",d905c8216f7a8fa8233114481eea8cd95c8941a96885f3f6475b588f3c64b623
results/matrix-20260916-2305/scaled-static-1000/samples.json,5200153,JSONL,utf-8-sig,16618,True,"data, metric, type",233bda735fa7d004f77b86e92e36abd7a38682725cbeded7424fadba90c473b8
results/matrix-20260916-2305/scaled-static-1000/stop,0,empty,utf-8-sig,0,True,,e3b0c44298fc1c149afbf4c8996fb92427ae41e4649b934ca495991b7852b855
results/matrix-20260916-2305/scaled-static-1000/summary.json,5690,JSON,utf-8-sig,4,True,"root_group, options, state, metrics",cd3aef58645db3f7559358766e46514fed5000c815bd75736874293c18e4ab44
results/matrix-20260916-2305/scaled-static-1000/threads.jsonl,27440,JSONL,utf-8-sig,320,True,"container, threads, timestamp",ba944b9a37a8a7864d382aec072db2ec8d88b145aa8808814bbdf3c9a7373f62
results/matrix-20260916-2305/scaled-static-1000/traefik.jsonl,1779914,JSONL,utf-16,1000,True,"ClientAddr, ClientHost, ClientPort, ClientUsername, DownstreamContentSize, DownstreamStatus, Duration, OriginContentSize, OriginDuration, OriginStatus, Overhead, RequestAddr, RequestContentSize, RequestCount, RequestHost, RequestMethod, RequestPath, RequestPort, RequestProtocol, RequestScheme, RetryAttempts, RouterName, ServiceAddr, ServiceName, ServiceURL, StartLocal, StartUTC, TLSCipher, TLSVersion, entryPointName, level, msg, time",579b50de72af73a947f826bfcf59531ac968b02e8cf0b1ae62493b15ac28537c
results/matrix-20260916-2305/scaled-static-5000/collector-ready,0,empty,utf-8-sig,0,True,,e3b0c44298fc1c149afbf4c8996fb92427ae41e4649b934ca495991b7852b855
results/matrix-20260916-2305/scaled-static-5000/collector.log,0,empty,utf-8-sig,0,True,,e3b0c44298fc1c149afbf4c8996fb92427ae41e4649b934ca495991b7852b855
results/matrix-20260916-2305/scaled-static-5000/completed.json,155,JSON,utf-8-sig,4,True,"baseUrl, durationSeconds, requests, completedUtc",3fcd1f32139b775d4ee39a064307dbd766aec3742453061ce8cf73ff9c099919
results/matrix-20260916-2305/scaled-static-5000/container-identities.jsonl,1559,JSONL,utf-8-sig,8,True,"id, image, memory_limit_bytes, name, nano_cpus, service",028501cf033e51472867524ae1a2d0e339dbdc9bd1b6cb7981947430b18e0c25
results/matrix-20260916-2305/scaled-static-5000/containers.csv,33571,CSV,utf-8-sig,328,True,"timestamp, container, name, cpu_percent, memory_usage, memory_percent, threads, pids",3b7b5f89682e5f82f171ec4561308d87ce4948cf195f3ee1a1b7c46e205cdac1
results/matrix-20260916-2305/scaled-static-5000/containers.jsonl,91478,JSONL,utf-8-sig,328,True,"stats, threads, timestamp",eeacb7e6d66d2d5bdcb7fffe73d0aa9a37aae70c0574714a9be8a89af9f03226
results/matrix-20260916-2305/scaled-static-5000/metrics-metadata.json,235,JSON,utf-8-sig,5,True,"cpu_percent_basis, page_bytes, interval_seconds, clock_ticks_per_second, process_memory",095889b1d031f3084bc2a1e3ba3678bc7a2b51b3579034802126c23d45f2b0ce
results/matrix-20260916-2305/scaled-static-5000/processes.csv,91512,CSV,utf-8-sig,724,True,"timestamp, container, name, pid, start_ticks, command, cpu_percent, cpu_interval_seconds, rss_bytes, virtual_bytes, threads",9f19e6614248c57fbc34c483fee9b5153c4580c8fa5dbb17f0c0e500ef3a6014
results/matrix-20260916-2305/scaled-static-5000/processes.jsonl,210529,JSONL,utf-8-sig,724,True,"command, container, cpu_interval_seconds, cpu_percent, cpu_ticks, name, pid, rss_bytes, start_ticks, threads, timestamp, virtual_bytes",1f587115875374d5bfae86353698d2607b15be9245cafda2ac6034309dec8ec4
results/matrix-20260916-2305/scaled-static-5000/requests.csv,348968,CSV,utf-8-sig,5000,True,"timestamp, endpoint, deployment, instance, status, response_time_ms",24e1e651dce22c0d6baa246a8497b04b2b05244d1235c742097d145eb231820e
results/matrix-20260916-2305/scaled-static-5000/run.json,344,JSON,utf-8-sig,9,True,"url, durationSeconds, startedUtc, project, kubernetesContext, requests, deployment, endpoint, expectedReplicas",a53a561ccae6a9aeec93c53b59d2a8eaef1027d7c119b3234eb46fe9e22fe22b
results/matrix-20260916-2305/scaled-static-5000/samples.json,25738906,JSONL,utf-8-sig,80622,True,"data, metric, type",415e70ad039fce9c5f091aa514a2183b1e7c66f7192a6958b077021ef05c1b0e
results/matrix-20260916-2305/scaled-static-5000/stop,0,empty,utf-8-sig,0,True,,e3b0c44298fc1c149afbf4c8996fb92427ae41e4649b934ca495991b7852b855
results/matrix-20260916-2305/scaled-static-5000/summary.json,5669,JSON,utf-8-sig,4,True,"state, metrics, root_group, options",3d02cd99ad8ae9f267236c1bdb2aa23c35796064573714777ba08126714098bd
results/matrix-20260916-2305/scaled-static-5000/threads.jsonl,28167,JSONL,utf-8-sig,328,True,"container, threads, timestamp",0b8aa6902b6d2ca6b6a7b47d490bc0a53de4438c9ad125c9aec6ca42938cf416
results/matrix-20260916-2305/scaled-static-5000/traefik.jsonl,8894942,JSONL,utf-16,5000,True,"ClientAddr, ClientHost, ClientPort, ClientUsername, DownstreamContentSize, DownstreamStatus, Duration, OriginContentSize, OriginDuration, OriginStatus, Overhead, RequestAddr, RequestContentSize, RequestCount, RequestHost, RequestMethod, RequestPath, RequestPort, RequestProtocol, RequestScheme, RetryAttempts, RouterName, ServiceAddr, ServiceName, ServiceURL, StartLocal, StartUTC, TLSCipher, TLSVersion, entryPointName, level, msg, time",5b22f4b90cdced7cd107f5d67dd244daba33e16bff6ed1fe2bfc749c51efc5a7
results/matrix-20260916-2305/script-hashes.json,733,JSON,utf-8-sig,3,True,list,ce96fed63a992768c252fd82fbfacc08b35f2399b84dbed5f6e75a18b8525fef
results/matrix-smoke-20260916/comparison.csv,1049,CSV,utf-8-sig,8,True,"deployment, endpoint, requested, duration_seconds, observed, failed_rate, avg_ms, median_ms, p95_ms, min_ms, max_ms, directory",7bccd748ba8bdc34560b710ab602d5ba5e5705a3d44e231086d8b1a0d8d594ec
results/matrix-smoke-20260916/docker-resources.txt,19,text,utf-8-sig,1,True,12 16293437440,c94f7954baf1f80a80c31fb822e1be73361b47d4bcf8ffcfe3cc23875e10f828
results/matrix-smoke-20260916/docker-version.json,1149,JSON,utf-8-sig,2,True,"Client, Server",f9a9d13615b03d189c82bb6090f634db323f61af369f0a057b4b0571b9a598fc
results/matrix-smoke-20260916/full-aggregation-1/collector-ready,0,empty,utf-8-sig,0,True,,e3b0c44298fc1c149afbf4c8996fb92427ae41e4649b934ca495991b7852b855
results/matrix-smoke-20260916/full-aggregation-1/collector.log,0,empty,utf-8-sig,0,True,,e3b0c44298fc1c149afbf4c8996fb92427ae41e4649b934ca495991b7852b855
results/matrix-smoke-20260916/full-aggregation-1/completed.json,150,JSON,utf-8-sig,4,True,"baseUrl, durationSeconds, requests, completedUtc",c986fefbcf5f31f84643e4668a36834ebcfe0abd2926b4a2d3612e4cf4c6ebb0
results/matrix-smoke-20260916/full-aggregation-1/container-identities.jsonl,1181,JSONL,utf-8-sig,6,True,"id, image, memory_limit_bytes, name, nano_cpus, service",09629a77bd509b0f0663d881cca19ed027bd6cea4b6940e0beefe3d37497e335
results/matrix-smoke-20260916/full-aggregation-1/containers.csv,1306,CSV,utf-8-sig,12,True,"timestamp, container, name, cpu_percent, memory_usage, memory_percent, threads, pids",ce148f8fc64a978bcb662929b26aefc7a38ccc12c6cf24df3692ee2636c8768c
results/matrix-smoke-20260916/full-aggregation-1/containers.jsonl,3354,JSONL,utf-8-sig,12,True,"stats, threads, timestamp",4de0f8a9d50ee6bfe20c4ce53f3ebcb682a142b67ea2ed2f41aefd623af7a19b
results/matrix-smoke-20260916/full-aggregation-1/metrics-metadata.json,235,JSON,utf-8-sig,5,True,"cpu_percent_basis, page_bytes, interval_seconds, clock_ticks_per_second, process_memory",095889b1d031f3084bc2a1e3ba3678bc7a2b51b3579034802126c23d45f2b0ce
results/matrix-smoke-20260916/full-aggregation-1/processes.csv,2907,CSV,utf-8-sig,24,True,"timestamp, container, name, pid, start_ticks, command, cpu_percent, cpu_interval_seconds, rss_bytes, virtual_bytes, threads",db04bb176f1e4a335f96aa59b2f18abae4216335e0746ee40f92f11b98fb2642
results/matrix-smoke-20260916/full-aggregation-1/processes.jsonl,6809,JSONL,utf-8-sig,24,True,"command, container, cpu_interval_seconds, cpu_percent, cpu_ticks, name, pid, rss_bytes, start_ticks, threads, timestamp, virtual_bytes",6d1168a2c81948e5956fa806b6ad55ca40d1d3a8154428e23791347d363794c0
results/matrix-smoke-20260916/full-aggregation-1/requests.csv,141,CSV,utf-8-sig,1,True,"timestamp, endpoint, deployment, instance, status, response_time_ms",622349b313a9799d3eb9a07930dab945bcb78baba5099e47f2d4ee0903d368c4
results/matrix-smoke-20260916/full-aggregation-1/run.json,327,JSON,utf-8-sig,9,True,"url, durationSeconds, startedUtc, project, kubernetesContext, requests, deployment, endpoint, expectedReplicas",90436aae3e9bc9b2baa16f1a18ef897c0339af53d41d7fe646ee45d22c0fba43
results/matrix-smoke-20260916/full-aggregation-1/samples.json,8943,JSONL,utf-8-sig,44,True,"data, metric, type",0215f822bdfa2301fe8fe90b4d8b2b7d865c287b15a79d0429fda3d3f6932713
results/matrix-smoke-20260916/full-aggregation-1/stop,0,empty,utf-8-sig,0,True,,e3b0c44298fc1c149afbf4c8996fb92427ae41e4649b934ca495991b7852b855
results/matrix-smoke-20260916/full-aggregation-1/summary.json,5572,JSON,utf-8-sig,4,True,"state, metrics, root_group, options",be7291d7055a8d3dff5ea3c0b3a37ac16f940ceeedb770cb5c6b35705765d1c5
results/matrix-smoke-20260916/full-aggregation-1/threads.jsonl,1028,JSONL,utf-8-sig,12,True,"container, threads, timestamp",3206533a26723ab778f05c5ada2ed6822c0d19df4cf1316e819a4d8c8e788e00
results/matrix-smoke-20260916/full-aggregation-1/traefik.jsonl,1918,JSONL,utf-16,1,True,"ClientAddr, ClientHost, ClientPort, ClientUsername, DownstreamContentSize, DownstreamStatus, Duration, OriginContentSize, OriginDuration, OriginStatus, Overhead, RequestAddr, RequestContentSize, RequestCount, RequestHost, RequestMethod, RequestPath, RequestPort, RequestProtocol, RequestScheme, RetryAttempts, RouterName, ServiceAddr, ServiceName, ServiceURL, StartLocal, StartUTC, TLSCipher, TLSVersion, downstream_X-App-Instance, entryPointName, level, msg, origin_X-App-Instance, time",0b15b8d2642663e8b2bb89d113d98e4d226e19d1ec8b6f31e42ec15642016c61
results/matrix-smoke-20260916/full-book-1/collector-ready,0,empty,utf-8-sig,0,True,,e3b0c44298fc1c149afbf4c8996fb92427ae41e4649b934ca495991b7852b855
results/matrix-smoke-20260916/full-book-1/collector.log,0,empty,utf-8-sig,0,True,,e3b0c44298fc1c149afbf4c8996fb92427ae41e4649b934ca495991b7852b855
results/matrix-smoke-20260916/full-book-1/completed.json,150,JSON,utf-8-sig,4,True,"baseUrl, durationSeconds, requests, completedUtc",0d0c30a4a2176541cb434963e831b6682657cbcd99748ea5939f2164d3c4a78e
results/matrix-smoke-20260916/full-book-1/container-identities.jsonl,1181,JSONL,utf-8-sig,6,True,"id, image, memory_limit_bytes, name, nano_cpus, service",09629a77bd509b0f0663d881cca19ed027bd6cea4b6940e0beefe3d37497e335
results/matrix-smoke-20260916/full-book-1/containers.csv,1307,CSV,utf-8-sig,12,True,"timestamp, container, name, cpu_percent, memory_usage, memory_percent, threads, pids",fd7c8cf34845c75f29c9c2636bf64b20714335e9705fb3ea2a65c0ed5246ad31
results/matrix-smoke-20260916/full-book-1/containers.jsonl,3361,JSONL,utf-8-sig,12,True,"stats, threads, timestamp",522f202ce20b66873c61050a8438e8034a20b852fb86e09071942d529f4b39b7
results/matrix-smoke-20260916/full-book-1/metrics-metadata.json,235,JSON,utf-8-sig,5,True,"cpu_percent_basis, page_bytes, interval_seconds, clock_ticks_per_second, process_memory",095889b1d031f3084bc2a1e3ba3678bc7a2b51b3579034802126c23d45f2b0ce
results/matrix-smoke-20260916/full-book-1/processes.csv,2903,CSV,utf-8-sig,24,True,"timestamp, container, name, pid, start_ticks, command, cpu_percent, cpu_interval_seconds, rss_bytes, virtual_bytes, threads",187d5369cccaeb2d0c93a5d3f0d98be4e93e7443cbf4eb0c6fd33af937da0ec7
results/matrix-smoke-20260916/full-book-1/processes.jsonl,6805,JSONL,utf-8-sig,24,True,"command, container, cpu_interval_seconds, cpu_percent, cpu_ticks, name, pid, rss_bytes, start_ticks, threads, timestamp, virtual_bytes",694ab17d1bea93d12647ed7a4638545db169e9908b752406d5238036ec7df495
results/matrix-smoke-20260916/full-book-1/requests.csv,132,CSV,utf-8-sig,1,True,"timestamp, endpoint, deployment, instance, status, response_time_ms",9203ef42663648fe1a1d4f7b24fd48697fb461728340517ce71648cb0e30c5e6
results/matrix-smoke-20260916/full-book-1/run.json,304,JSON,utf-8-sig,9,True,"url, durationSeconds, startedUtc, project, kubernetesContext, requests, deployment, endpoint, expectedReplicas",e8eb0e292eb88662f333fb652e3684c9ca4044762fad560d48c2cc6d3cb5ed58
results/matrix-smoke-20260916/full-book-1/samples.json,7994,JSONL,utf-8-sig,40,True,"data, metric, type",68aa1e580e590df917973ac149eed0bd889e859e964e85bf897d76117f29b72e
results/matrix-smoke-20260916/full-book-1/stop,0,empty,utf-8-sig,0,True,,e3b0c44298fc1c149afbf4c8996fb92427ae41e4649b934ca495991b7852b855
results/matrix-smoke-20260916/full-book-1/summary.json,5526,JSON,utf-8-sig,4,True,"root_group, options, state, metrics",3a1056921ddfdc7d6f6f95847fea04e94196882cfe893757fefe1703cdfadedd
results/matrix-smoke-20260916/full-book-1/threads.jsonl,1028,JSONL,utf-8-sig,12,True,"container, threads, timestamp",ced1b81d7ae9d43dc85d4038e9261179d990a8d022524246e74d12def762952e
results/matrix-smoke-20260916/full-book-1/traefik.jsonl,1884,JSONL,utf-16,1,True,"ClientAddr, ClientHost, ClientPort, ClientUsername, DownstreamContentSize, DownstreamStatus, Duration, OriginContentSize, OriginDuration, OriginStatus, Overhead, RequestAddr, RequestContentSize, RequestCount, RequestHost, RequestMethod, RequestPath, RequestPort, RequestProtocol, RequestScheme, RetryAttempts, RouterName, ServiceAddr, ServiceName, ServiceURL, StartLocal, StartUTC, TLSCipher, TLSVersion, downstream_X-App-Instance, entryPointName, level, msg, origin_X-App-Instance, time",c18c367d8af8f704b8088952f846255a7b4072db4999cd8d5f348323a82b4c05
results/matrix-smoke-20260916/full-search-1/collector-ready,0,empty,utf-8-sig,0,True,,e3b0c44298fc1c149afbf4c8996fb92427ae41e4649b934ca495991b7852b855
results/matrix-smoke-20260916/full-search-1/collector.log,0,empty,utf-8-sig,0,True,,e3b0c44298fc1c149afbf4c8996fb92427ae41e4649b934ca495991b7852b855
results/matrix-smoke-20260916/full-search-1/completed.json,150,JSON,utf-8-sig,4,True,"baseUrl, durationSeconds, requests, completedUtc",74d2aac844a825fece849debcf8f53ce487d82d76adafb5ce79abbddb0a33210
results/matrix-smoke-20260916/full-search-1/container-identities.jsonl,1181,JSONL,utf-8-sig,6,True,"id, image, memory_limit_bytes, name, nano_cpus, service",09629a77bd509b0f0663d881cca19ed027bd6cea4b6940e0beefe3d37497e335
results/matrix-smoke-20260916/full-search-1/containers.csv,1307,CSV,utf-8-sig,12,True,"timestamp, container, name, cpu_percent, memory_usage, memory_percent, threads, pids",7caf6f004b11e76e8d08b118e74951f7342f4a5fbb11137e2a861570c16c8a40
results/matrix-smoke-20260916/full-search-1/containers.jsonl,3360,JSONL,utf-8-sig,12,True,"stats, threads, timestamp",ef99d4da9f41c719419ce71e8dc6dca77c1f7b8e943b7cd4c06b32bee5f1909c
results/matrix-smoke-20260916/full-search-1/metrics-metadata.json,235,JSON,utf-8-sig,5,True,"cpu_percent_basis, page_bytes, interval_seconds, clock_ticks_per_second, process_memory",095889b1d031f3084bc2a1e3ba3678bc7a2b51b3579034802126c23d45f2b0ce
results/matrix-smoke-20260916/full-search-1/processes.csv,2901,CSV,utf-8-sig,24,True,"timestamp, container, name, pid, start_ticks, command, cpu_percent, cpu_interval_seconds, rss_bytes, virtual_bytes, threads",d748ce3b4c3fcae5901f27e31f46379c3b72f6cf59e58e79150818cd37d75221
results/matrix-smoke-20260916/full-search-1/processes.jsonl,6803,JSONL,utf-8-sig,24,True,"command, container, cpu_interval_seconds, cpu_percent, cpu_ticks, name, pid, rss_bytes, start_ticks, threads, timestamp, virtual_bytes",e30488708b01352c5906f2b6aca4b16cb9bce425a679db5ed982c555d56d66b0
results/matrix-smoke-20260916/full-search-1/requests.csv,134,CSV,utf-8-sig,1,True,"timestamp, endpoint, deployment, instance, status, response_time_ms",8e6acb064a4ad49fc13bd5513ddd5ae68916d87c6914c833a6673a0da9c1d3b3
results/matrix-smoke-20260916/full-search-1/run.json,323,JSON,utf-8-sig,9,True,"url, durationSeconds, startedUtc, project, kubernetesContext, requests, deployment, endpoint, expectedReplicas",dced8c422ed91c60daafa8feb48f8ae24795da12ab53ea750c8f5a050a99c6b0
results/matrix-smoke-20260916/full-search-1/samples.json,9071,JSONL,utf-8-sig,45,True,"data, metric, type",685950b0ee4152ba9ecdf44be81a576b3708abcb127df4ca846a55fbf68af9db
results/matrix-smoke-20260916/full-search-1/stop,0,empty,utf-8-sig,0,True,,e3b0c44298fc1c149afbf4c8996fb92427ae41e4649b934ca495991b7852b855
results/matrix-smoke-20260916/full-search-1/summary.json,5750,JSON,utf-8-sig,4,True,"root_group, options, state, metrics",962c6afa6fe85583371ea35cad5f6ccbf60245eb0a10d18c330e35629f749679
results/matrix-smoke-20260916/full-search-1/threads.jsonl,1028,JSONL,utf-8-sig,12,True,"container, threads, timestamp",e08019b097695599cb98c5fc45d808005ac8231e0bcabd37269c30093df0d7bf
results/matrix-smoke-20260916/full-search-1/traefik.jsonl,1918,JSONL,utf-16,1,True,"ClientAddr, ClientHost, ClientPort, ClientUsername, DownstreamContentSize, DownstreamStatus, Duration, OriginContentSize, OriginDuration, OriginStatus, Overhead, RequestAddr, RequestContentSize, RequestCount, RequestHost, RequestMethod, RequestPath, RequestPort, RequestProtocol, RequestScheme, RetryAttempts, RouterName, ServiceAddr, ServiceName, ServiceURL, StartLocal, StartUTC, TLSCipher, TLSVersion, downstream_X-App-Instance, entryPointName, level, msg, origin_X-App-Instance, time",dade705712b0ae47c3edbfd65d5f69716155e00881e6985536e33257709a000e
results/matrix-smoke-20260916/full-static-1/collector-ready,0,empty,utf-8-sig,0,True,,e3b0c44298fc1c149afbf4c8996fb92427ae41e4649b934ca495991b7852b855
results/matrix-smoke-20260916/full-static-1/collector.log,0,empty,utf-8-sig,0,True,,e3b0c44298fc1c149afbf4c8996fb92427ae41e4649b934ca495991b7852b855
results/matrix-smoke-20260916/full-static-1/completed.json,150,JSON,utf-8-sig,4,True,"baseUrl, durationSeconds, requests, completedUtc",78d0e1ab29597bf8473a1acb7ec5b184ab4ffb4381e7a8abf6240131292d1cb3
results/matrix-smoke-20260916/full-static-1/container-identities.jsonl,1181,JSONL,utf-8-sig,6,True,"id, image, memory_limit_bytes, name, nano_cpus, service",09629a77bd509b0f0663d881cca19ed027bd6cea4b6940e0beefe3d37497e335
results/matrix-smoke-20260916/full-static-1/containers.csv,1307,CSV,utf-8-sig,12,True,"timestamp, container, name, cpu_percent, memory_usage, memory_percent, threads, pids",23d84f7063ef2c3b9e059dd3d6d2d9a66c0b35a467d97d74182cc969d021ea76
results/matrix-smoke-20260916/full-static-1/containers.jsonl,3356,JSONL,utf-8-sig,12,True,"stats, threads, timestamp",c49aba5013c1737584e15def44afd03365bfb11bc2e2e9554edd03549f4881f7
results/matrix-smoke-20260916/full-static-1/metrics-metadata.json,235,JSON,utf-8-sig,5,True,"cpu_percent_basis, page_bytes, interval_seconds, clock_ticks_per_second, process_memory",095889b1d031f3084bc2a1e3ba3678bc7a2b51b3579034802126c23d45f2b0ce
results/matrix-smoke-20260916/full-static-1/processes.csv,2902,CSV,utf-8-sig,24,True,"timestamp, container, name, pid, start_ticks, command, cpu_percent, cpu_interval_seconds, rss_bytes, virtual_bytes, threads",d8ce6461a48ebe4c2ead6a5de37514a5567dd7764107054fbdf90091c2d7f892
results/matrix-smoke-20260916/full-static-1/processes.jsonl,6805,JSONL,utf-8-sig,24,True,"command, container, cpu_interval_seconds, cpu_percent, cpu_ticks, name, pid, rss_bytes, start_ticks, threads, timestamp, virtual_bytes",0575c429ccc2a496c17a14ea1fa92a283b1051d8ded4e188487332113564bd60
results/matrix-smoke-20260916/full-static-1/requests.csv,131,CSV,utf-8-sig,1,True,"timestamp, endpoint, deployment, instance, status, response_time_ms",c661bd5581569bef5cd03576b94ac9b8423498a4a21fccb5d08ec575acd325d6
results/matrix-smoke-20260916/full-static-1/run.json,337,JSON,utf-8-sig,9,True,"url, durationSeconds, startedUtc, project, kubernetesContext, requests, deployment, endpoint, expectedReplicas",510b6c4d1290f4b29dc2d4954913ce54fa87a1db8224c6dfde047f47c028f272
results/matrix-smoke-20260916/full-static-1/samples.json,8560,JSONL,utf-8-sig,40,True,"data, metric, type",b27a0469bebddfad25d81a9485652918fe2f118cbbebc0f029b30ef1f83e645d
results/matrix-smoke-20260916/full-static-1/stop,0,empty,utf-8-sig,0,True,,e3b0c44298fc1c149afbf4c8996fb92427ae41e4649b934ca495991b7852b855
results/matrix-smoke-20260916/full-static-1/summary.json,5451,JSON,utf-8-sig,4,True,"root_group, options, state, metrics",f5bfa206d24d358430f9eeebe95795a33565278259cd5c24dc79fcc9dea67947
results/matrix-smoke-20260916/full-static-1/threads.jsonl,1028,JSONL,utf-8-sig,12,True,"container, threads, timestamp",94dbf1e64f4ce06df745e8acc59a788ac5d4cb4ea653d4f70a3faa6446d67690
results/matrix-smoke-20260916/full-static-1/traefik.jsonl,1778,JSONL,utf-16,1,True,"ClientAddr, ClientHost, ClientPort, ClientUsername, DownstreamContentSize, DownstreamStatus, Duration, OriginContentSize, OriginDuration, OriginStatus, Overhead, RequestAddr, RequestContentSize, RequestCount, RequestHost, RequestMethod, RequestPath, RequestPort, RequestProtocol, RequestScheme, RetryAttempts, RouterName, ServiceAddr, ServiceName, ServiceURL, StartLocal, StartUTC, TLSCipher, TLSVersion, entryPointName, level, msg, time",b89f790cbc7facbf9c49ed0de677fd7be02584a010a6dc17306cb210e0808450
results/matrix-smoke-20260916/images.txt,199,text,utf-8-sig,2,True,"sha256:a2371a1754945a05e5265ad0b0562d5523b18d485dc661b01f8b7c906cb0a4ec [""book-reviews:assignment4""]",07d0c03d3b479e466c27867e0554d47cb5651ca51b028f495c4db7e2dbfc0935
results/matrix-smoke-20260916/matrix.json,770,JSON,utf-8-sig,14,True,"results, startedUtc, baseUrl, durationSeconds, pid, project, completedCases, completedUtc, clusterRestoreExitCode, deployment, status, endpoints, counts, totalCases",80e2ac76b964bc5cbb134d4eee003c3cedaae0f223f5239ea4f37bc9abff17b8
results/matrix-smoke-20260916/scaled-aggregation-1/collector-ready,0,empty,utf-8-sig,0,True,,e3b0c44298fc1c149afbf4c8996fb92427ae41e4649b934ca495991b7852b855
results/matrix-smoke-20260916/scaled-aggregation-1/collector.log,0,empty,utf-8-sig,0,True,,e3b0c44298fc1c149afbf4c8996fb92427ae41e4649b934ca495991b7852b855
results/matrix-smoke-20260916/scaled-aggregation-1/completed.json,150,JSON,utf-8-sig,4,True,"baseUrl, durationSeconds, requests, completedUtc",02efee74e69e14c467e662e82f2e2af7dc0a148cc51f985f837bdfb7f5979712
results/matrix-smoke-20260916/scaled-aggregation-1/container-identities.jsonl,1559,JSONL,utf-8-sig,8,True,"id, image, memory_limit_bytes, name, nano_cpus, service",f41833134514af149c6c04ccf2a12f5f68b7249da15b57f943d18edb48300ba4
results/matrix-smoke-20260916/scaled-aggregation-1/containers.csv,1707,CSV,utf-8-sig,16,True,"timestamp, container, name, cpu_percent, memory_usage, memory_percent, threads, pids",af8798aa9c5b905081826ac3b1189b0f3e360cefba94ff1b7a3614ac2d82a85f
results/matrix-smoke-20260916/scaled-aggregation-1/containers.jsonl,4458,JSONL,utf-8-sig,16,True,"stats, threads, timestamp",10ae3fd0bc5585fe9b3d92518576389c216ffce3ed4e31d552324193f495b129
results/matrix-smoke-20260916/scaled-aggregation-1/metrics-metadata.json,235,JSON,utf-8-sig,5,True,"cpu_percent_basis, page_bytes, interval_seconds, clock_ticks_per_second, process_memory",095889b1d031f3084bc2a1e3ba3678bc7a2b51b3579034802126c23d45f2b0ce
results/matrix-smoke-20260916/scaled-aggregation-1/processes.csv,3821,CSV,utf-8-sig,32,True,"timestamp, container, name, pid, start_ticks, command, cpu_percent, cpu_interval_seconds, rss_bytes, virtual_bytes, threads",006e0c525f100e01f8c85f352445b55e5659c9347572cdc8c90f8fad9ccce60f
results/matrix-smoke-20260916/scaled-aggregation-1/processes.jsonl,9063,JSONL,utf-8-sig,32,True,"command, container, cpu_interval_seconds, cpu_percent, cpu_ticks, name, pid, rss_bytes, start_ticks, threads, timestamp, virtual_bytes",cb5d7555f9618d20d4852ef0228c6a7465e268f8cb66f3bd2c98467ec2cceee4
results/matrix-smoke-20260916/scaled-aggregation-1/requests.csv,143,CSV,utf-8-sig,1,True,"timestamp, endpoint, deployment, instance, status, response_time_ms",c97c91cde788c69e2f6e61993b6fa604e0f3e49f515e2eed357e57fc7498579d
results/matrix-smoke-20260916/scaled-aggregation-1/run.json,329,JSON,utf-8-sig,9,True,"url, durationSeconds, startedUtc, project, kubernetesContext, requests, deployment, endpoint, expectedReplicas",97b0224e039d11c139f5a76dfe7c64775fdd9dad789aa0cf29cae6def89fe20b
results/matrix-smoke-20260916/scaled-aggregation-1/samples.json,8967,JSONL,utf-8-sig,44,True,"data, metric, type",caef6ccefddfc6bd376af3bb300fd395c71f972caf095667ad32628ec1d5d89a
results/matrix-smoke-20260916/scaled-aggregation-1/stop,0,empty,utf-8-sig,0,True,,e3b0c44298fc1c149afbf4c8996fb92427ae41e4649b934ca495991b7852b855
results/matrix-smoke-20260916/scaled-aggregation-1/summary.json,5561,JSON,utf-8-sig,4,True,"root_group, options, state, metrics",eb9c64a5fd299ad244070cafa9e4f77097d80d4cc1bd54aab70d5e87929cc129
results/matrix-smoke-20260916/scaled-aggregation-1/threads.jsonl,1372,JSONL,utf-8-sig,16,True,"container, threads, timestamp",06ce67234f031b62bfeef0e2754d30cc9eedb9f978965d51a9abbf3b22ba53fa
results/matrix-smoke-20260916/scaled-aggregation-1/traefik.jsonl,1920,JSONL,utf-16,1,True,"ClientAddr, ClientHost, ClientPort, ClientUsername, DownstreamContentSize, DownstreamStatus, Duration, OriginContentSize, OriginDuration, OriginStatus, Overhead, RequestAddr, RequestContentSize, RequestCount, RequestHost, RequestMethod, RequestPath, RequestPort, RequestProtocol, RequestScheme, RetryAttempts, RouterName, ServiceAddr, ServiceName, ServiceURL, StartLocal, StartUTC, TLSCipher, TLSVersion, downstream_X-App-Instance, entryPointName, level, msg, origin_X-App-Instance, time",594fa53f04468582a8d5ae279f0f347d574be9380c8dde6d325be3cbc5b80629
results/matrix-smoke-20260916/scaled-book-1/collector-ready,0,empty,utf-8-sig,0,True,,e3b0c44298fc1c149afbf4c8996fb92427ae41e4649b934ca495991b7852b855
results/matrix-smoke-20260916/scaled-book-1/collector.log,0,empty,utf-8-sig,0,True,,e3b0c44298fc1c149afbf4c8996fb92427ae41e4649b934ca495991b7852b855
results/matrix-smoke-20260916/scaled-book-1/completed.json,150,JSON,utf-8-sig,4,True,"baseUrl, durationSeconds, requests, completedUtc",f70f336e7144b621a4a915aeb0f58431d5d84f80452d2f6cd779b9d5ca1a158d
results/matrix-smoke-20260916/scaled-book-1/container-identities.jsonl,1559,JSONL,utf-8-sig,8,True,"id, image, memory_limit_bytes, name, nano_cpus, service",f41833134514af149c6c04ccf2a12f5f68b7249da15b57f943d18edb48300ba4
results/matrix-smoke-20260916/scaled-book-1/containers.csv,1706,CSV,utf-8-sig,16,True,"timestamp, container, name, cpu_percent, memory_usage, memory_percent, threads, pids",cd82aa631ae7fb4a502a305d2cbae6a951e9a71a566b57c9ebe7f5a2bcddb8f3
results/matrix-smoke-20260916/scaled-book-1/containers.jsonl,4463,JSONL,utf-8-sig,16,True,"stats, threads, timestamp",48db8cf37d1c218bc7ee00b1f4b86161fbaf43b3990ac613f5565c9820bf8842
results/matrix-smoke-20260916/scaled-book-1/metrics-metadata.json,235,JSON,utf-8-sig,5,True,"cpu_percent_basis, page_bytes, interval_seconds, clock_ticks_per_second, process_memory",095889b1d031f3084bc2a1e3ba3678bc7a2b51b3579034802126c23d45f2b0ce
results/matrix-smoke-20260916/scaled-book-1/processes.csv,3799,CSV,utf-8-sig,32,True,"timestamp, container, name, pid, start_ticks, command, cpu_percent, cpu_interval_seconds, rss_bytes, virtual_bytes, threads",eb6da7a01858f365aa86f1da826a299946d54372c7a6e249c8e6422da51e018c
results/matrix-smoke-20260916/scaled-book-1/processes.jsonl,9040,JSONL,utf-8-sig,32,True,"command, container, cpu_interval_seconds, cpu_percent, cpu_ticks, name, pid, rss_bytes, start_ticks, threads, timestamp, virtual_bytes",e7239f8f0343237910710737c0c4feb6de399cac25baf382261dbdd0153fdb1d
results/matrix-smoke-20260916/scaled-book-1/requests.csv,136,CSV,utf-8-sig,1,True,"timestamp, endpoint, deployment, instance, status, response_time_ms",935a2322941dee4ae90a23cff50eab4a8427cc5584f9181f55b9cc88d7c93218
results/matrix-smoke-20260916/scaled-book-1/run.json,306,JSON,utf-8-sig,9,True,"url, durationSeconds, startedUtc, project, kubernetesContext, requests, deployment, endpoint, expectedReplicas",bd1cdb1ec10a8a1b4a3e782c66f506119a6ddf4afe46db8b580450c88851a5ee
results/matrix-smoke-20260916/scaled-book-1/samples.json,8602,JSONL,utf-8-sig,44,True,"data, metric, type",024036e687dbb86bbf41f28740be9f22d8e84e5438bda935c0a19ce30580523d
results/matrix-smoke-20260916/scaled-book-1/stop,0,empty,utf-8-sig,0,True,,e3b0c44298fc1c149afbf4c8996fb92427ae41e4649b934ca495991b7852b855
results/matrix-smoke-20260916/scaled-book-1/summary.json,5586,JSON,utf-8-sig,4,True,"root_group, options, state, metrics",4bfa9635b4e3380dd39256469ffc1400eca69fab246a8c15556e66c5139a4c0a
results/matrix-smoke-20260916/scaled-book-1/threads.jsonl,1372,JSONL,utf-8-sig,16,True,"container, threads, timestamp",fcf387e260f96896d94007b0d95f7f21ed568ab8d210d8cb2b4e6cb167081aa3
results/matrix-smoke-20260916/scaled-book-1/traefik.jsonl,1882,JSONL,utf-16,1,True,"ClientAddr, ClientHost, ClientPort, ClientUsername, DownstreamContentSize, DownstreamStatus, Duration, OriginContentSize, OriginDuration, OriginStatus, Overhead, RequestAddr, RequestContentSize, RequestCount, RequestHost, RequestMethod, RequestPath, RequestPort, RequestProtocol, RequestScheme, RetryAttempts, RouterName, ServiceAddr, ServiceName, ServiceURL, StartLocal, StartUTC, TLSCipher, TLSVersion, downstream_X-App-Instance, entryPointName, level, msg, origin_X-App-Instance, time",2928d27b26949b11094e9d2c54262cd99ff244d0a91c61bd22d7cde7434c3f26
results/matrix-smoke-20260916/scaled-search-1/collector-ready,0,empty,utf-8-sig,0,True,,e3b0c44298fc1c149afbf4c8996fb92427ae41e4649b934ca495991b7852b855
results/matrix-smoke-20260916/scaled-search-1/collector.log,0,empty,utf-8-sig,0,True,,e3b0c44298fc1c149afbf4c8996fb92427ae41e4649b934ca495991b7852b855
results/matrix-smoke-20260916/scaled-search-1/completed.json,150,JSON,utf-8-sig,4,True,"baseUrl, durationSeconds, requests, completedUtc",3dfa8441fbcc4efc08ae22d80c39caebfc17321c8fd1b05bfdc5fa9f8a44009e
results/matrix-smoke-20260916/scaled-search-1/container-identities.jsonl,1559,JSONL,utf-8-sig,8,True,"id, image, memory_limit_bytes, name, nano_cpus, service",f41833134514af149c6c04ccf2a12f5f68b7249da15b57f943d18edb48300ba4
results/matrix-smoke-20260916/scaled-search-1/containers.csv,1709,CSV,utf-8-sig,16,True,"timestamp, container, name, cpu_percent, memory_usage, memory_percent, threads, pids",91a4816fa304e711d8b4bfae250907bdd52c6ba5a493366995632d406e894bd7
results/matrix-smoke-20260916/scaled-search-1/containers.jsonl,4462,JSONL,utf-8-sig,16,True,"stats, threads, timestamp",d2e779abfb3319c110f039d27f8ba4b0aa9a3e597ce87bfbb2735a7c44a3a2bc
results/matrix-smoke-20260916/scaled-search-1/metrics-metadata.json,235,JSON,utf-8-sig,5,True,"cpu_percent_basis, page_bytes, interval_seconds, clock_ticks_per_second, process_memory",095889b1d031f3084bc2a1e3ba3678bc7a2b51b3579034802126c23d45f2b0ce
results/matrix-smoke-20260916/scaled-search-1/processes.csv,3833,CSV,utf-8-sig,32,True,"timestamp, container, name, pid, start_ticks, command, cpu_percent, cpu_interval_seconds, rss_bytes, virtual_bytes, threads",f745e67da770511b4f910a39fcc087a81ab0f29f568723dd26d0e9b475a86e95
results/matrix-smoke-20260916/scaled-search-1/processes.jsonl,9065,JSONL,utf-8-sig,32,True,"command, container, cpu_interval_seconds, cpu_percent, cpu_ticks, name, pid, rss_bytes, start_ticks, threads, timestamp, virtual_bytes",b6528eacb3e794815b7d770eb13022eec65d94ea52237bd37b5bb739c24e06e9
results/matrix-smoke-20260916/scaled-search-1/requests.csv,138,CSV,utf-8-sig,1,True,"timestamp, endpoint, deployment, instance, status, response_time_ms",2b154c2c01a9bd2505b36eed7cf26fbf1b30046ce650fcb00889d2c409437f00
results/matrix-smoke-20260916/scaled-search-1/run.json,325,JSON,utf-8-sig,9,True,"url, durationSeconds, startedUtc, project, kubernetesContext, requests, deployment, endpoint, expectedReplicas",62a5d9fc680f534cd8efa13472e5ae5872235cbd0ec1374cfe1713498e98dfa1
results/matrix-smoke-20260916/scaled-search-1/samples.json,9094,JSONL,utf-8-sig,45,True,"data, metric, type",3c45fe303d17d5887abcfd410bdddb30ff1611b5b5a4bcac7d0a183ee8a2ef8e
results/matrix-smoke-20260916/scaled-search-1/stop,0,empty,utf-8-sig,0,True,,e3b0c44298fc1c149afbf4c8996fb92427ae41e4649b934ca495991b7852b855
results/matrix-smoke-20260916/scaled-search-1/summary.json,5789,JSON,utf-8-sig,4,True,"root_group, options, state, metrics",6a7bfeb9aca70713a2d59eac8203187e10165ac671475a7a4ab09e672db0bf91
results/matrix-smoke-20260916/scaled-search-1/threads.jsonl,1372,JSONL,utf-8-sig,16,True,"container, threads, timestamp",0e8c5dd0e611f87e337bfd2cfa9112e7c1175165dc665739a7bd7329bbdafa4b
results/matrix-smoke-20260916/scaled-search-1/traefik.jsonl,1916,JSONL,utf-16,1,True,"ClientAddr, ClientHost, ClientPort, ClientUsername, DownstreamContentSize, DownstreamStatus, Duration, OriginContentSize, OriginDuration, OriginStatus, Overhead, RequestAddr, RequestContentSize, RequestCount, RequestHost, RequestMethod, RequestPath, RequestPort, RequestProtocol, RequestScheme, RetryAttempts, RouterName, ServiceAddr, ServiceName, ServiceURL, StartLocal, StartUTC, TLSCipher, TLSVersion, downstream_X-App-Instance, entryPointName, level, msg, origin_X-App-Instance, time",247da9d4bf5689e79cb347509fb6c115e3cc6f0bc695be45776f07935d72eb35
results/matrix-smoke-20260916/scaled-static-1/collector-ready,0,empty,utf-8-sig,0,True,,e3b0c44298fc1c149afbf4c8996fb92427ae41e4649b934ca495991b7852b855
results/matrix-smoke-20260916/scaled-static-1/collector.log,0,empty,utf-8-sig,0,True,,e3b0c44298fc1c149afbf4c8996fb92427ae41e4649b934ca495991b7852b855
results/matrix-smoke-20260916/scaled-static-1/completed.json,150,JSON,utf-8-sig,4,True,"baseUrl, durationSeconds, requests, completedUtc",8909ecaa206877d581c8d5e06c66a0ef4c8225be2c1d02ce2a4c19b8c7a8576f
results/matrix-smoke-20260916/scaled-static-1/container-identities.jsonl,1559,JSONL,utf-8-sig,8,True,"id, image, memory_limit_bytes, name, nano_cpus, service",f41833134514af149c6c04ccf2a12f5f68b7249da15b57f943d18edb48300ba4
results/matrix-smoke-20260916/scaled-static-1/containers.csv,1707,CSV,utf-8-sig,16,True,"timestamp, container, name, cpu_percent, memory_usage, memory_percent, threads, pids",b318b5dbd039bd9fd08ebe42f2a4e828d482c7f87fd93097d573ae1be1147eaf
results/matrix-smoke-20260916/scaled-static-1/containers.jsonl,4455,JSONL,utf-8-sig,16,True,"stats, threads, timestamp",2f18a55bf35ce55ef695b2a8a6993794f476763d5fa6abf7a1d4eee7ba002294
results/matrix-smoke-20260916/scaled-static-1/metrics-metadata.json,235,JSON,utf-8-sig,5,True,"cpu_percent_basis, page_bytes, interval_seconds, clock_ticks_per_second, process_memory",095889b1d031f3084bc2a1e3ba3678bc7a2b51b3579034802126c23d45f2b0ce
results/matrix-smoke-20260916/scaled-static-1/processes.csv,3832,CSV,utf-8-sig,32,True,"timestamp, container, name, pid, start_ticks, command, cpu_percent, cpu_interval_seconds, rss_bytes, virtual_bytes, threads",7fc3c0c4f398dcae9e7cc81dd0b53fe8ad51f4d786a4b14ebb7832386bba0a5d
results/matrix-smoke-20260916/scaled-static-1/processes.jsonl,9074,JSONL,utf-8-sig,32,True,"command, container, cpu_interval_seconds, cpu_percent, cpu_ticks, name, pid, rss_bytes, start_ticks, threads, timestamp, virtual_bytes",81e80f1b60d40db622af78e10b4a1d404e93d3320101797b555aec8bc07e9a72
results/matrix-smoke-20260916/scaled-static-1/requests.csv,133,CSV,utf-8-sig,1,True,"timestamp, endpoint, deployment, instance, status, response_time_ms",7d505ed81f17401fb4f8338de244c14d069ad3794468446841fa5446cfcdb9a9
results/matrix-smoke-20260916/scaled-static-1/run.json,339,JSON,utf-8-sig,9,True,"url, durationSeconds, startedUtc, project, kubernetesContext, requests, deployment, endpoint, expectedReplicas",c1e4122f672f17f4f297efea5fdc08a8adf59d4842f3638f9b36618cfff040a1
results/matrix-smoke-20260916/scaled-static-1/samples.json,9169,JSONL,utf-8-sig,44,True,"data, metric, type",38101ff67ab2fe61acd27b01c7168a3446be41ddbcf058af1090115ef505602a
results/matrix-smoke-20260916/scaled-static-1/stop,0,empty,utf-8-sig,0,True,,e3b0c44298fc1c149afbf4c8996fb92427ae41e4649b934ca495991b7852b855
results/matrix-smoke-20260916/scaled-static-1/summary.json,5514,JSON,utf-8-sig,4,True,"metrics, root_group, options, state",500c58f433d95651fb6c092d5f6dd05da443b8d23a2107f40b483f94d8537c6b
results/matrix-smoke-20260916/scaled-static-1/threads.jsonl,1372,JSONL,utf-8-sig,16,True,"container, threads, timestamp",c8259ceb505d85e5fe7aec6181ab0c35fa3fa4adf77465b7a6bc1cd708a24d24
results/matrix-smoke-20260916/scaled-static-1/traefik.jsonl,1778,JSONL,utf-16,1,True,"ClientAddr, ClientHost, ClientPort, ClientUsername, DownstreamContentSize, DownstreamStatus, Duration, OriginContentSize, OriginDuration, OriginStatus, Overhead, RequestAddr, RequestContentSize, RequestCount, RequestHost, RequestMethod, RequestPath, RequestPort, RequestProtocol, RequestScheme, RetryAttempts, RouterName, ServiceAddr, ServiceName, ServiceURL, StartLocal, StartUTC, TLSCipher, TLSVersion, entryPointName, level, msg, time",a9a3cca702d8d7d915a932554575fb6177fe9ae19fe8366fe26b77a333078122
results/matrix-smoke-20260916/script-hashes.json,733,JSON,utf-8-sig,3,True,list,ce96fed63a992768c252fd82fbfacc08b35f2399b84dbed5f6e75a18b8525fef
results/process-sampler-check/metrics-metadata.json,235,JSON,utf-8-sig,5,True,"cpu_percent_basis, page_bytes, interval_seconds, clock_ticks_per_second, process_memory",662c0fd831a0aab0f4d0a27911fb6bba2848b60323746c6168207216f6f623a7
results/process-sampler-check/stop,0,empty,utf-8-sig,0,True,,e3b0c44298fc1c149afbf4c8996fb92427ae41e4649b934ca495991b7852b855
results/process-sampler-check-225952/collector-ready,0,empty,utf-8-sig,0,True,,e3b0c44298fc1c149afbf4c8996fb92427ae41e4649b934ca495991b7852b855
results/process-sampler-check-225952/container-identities.jsonl,1559,JSONL,utf-8-sig,8,True,"id, image, memory_limit_bytes, name, nano_cpus, service",076993c313fe677bcd32f60b72fae154d95fa8875cdea1daf3e66ea6a7c96bc7
results/process-sampler-check-225952/containers.jsonl,8872,JSONL,utf-8-sig,32,True,"stats, threads, timestamp",ef1ac89ae8a78e3361fc5ada215ce1755d41e008b65cd9612cef15c5434ca7b9
results/process-sampler-check-225952/metrics-metadata.json,235,JSON,utf-8-sig,5,True,"cpu_percent_basis, page_bytes, interval_seconds, clock_ticks_per_second, process_memory",662c0fd831a0aab0f4d0a27911fb6bba2848b60323746c6168207216f6f623a7
results/process-sampler-check-225952/processes.jsonl,18281,JSONL,utf-8-sig,64,True,"command, container, cpu_interval_seconds, cpu_percent, cpu_ticks, name, pid, rss_bytes, start_ticks, threads, timestamp, virtual_bytes",12aa05d2ec41d3bf8404e7f017afc09ca6aeeab12fe15ba478376e4a953b61ff
results/process-sampler-check-225952/stop,0,empty,utf-8-sig,0,True,,e3b0c44298fc1c149afbf4c8996fb92427ae41e4649b934ca495991b7852b855
results/process-sampler-check-225952/threads.jsonl,2744,JSONL,utf-8-sig,32,True,"container, threads, timestamp",7c0d433a641311b3fff1320661a1846cf17c62fdb1e30b7f5636329111778c22
results/verification/20260915-223148-full/http.log,5162,text,utf-8-sig,51,True,PASS: GET /up,10b5481a57bfc8407000d7f9c31a77014f34fa9cc99bc0f05cc80978ac99adb9
results/verification/20260915-223647-scaled/failover.json,35135,JSON,utf-8-sig,40,True,list,e22c481de5d7a27ce65dc19dde51eb4bd325d317b1d97e2897b73fefb99342a9
results/verification/20260915-223647-scaled/headers.tmp,810,text,utf-8-sig,19,True,HTTP/1.1 200 OK,2256b1dec9c93744abe14b648089e298b2766f4b800a3b98a7efc37450865997
results/verification/20260915-223647-scaled/http.log,6301,text,utf-8-sig,52,True,PASS: GET /up,e020f2888da87e906f5acf184203008eb2b77a7043bb6a63452db09a74bc3fd9
results/verification/20260915-224123-single/http.log,5076,text,utf-8-sig,49,True,PASS: GET /up,2998c96446ce53756a2e90806043f190c5b6ea457ea91b8263d6027b6e2d7095
results/verification/20260915-224145-scaled/http.log,5294,text,utf-8-sig,52,True,PASS: GET /up,d030860eeb72387b1a04298a0353372b17a22d5ebac7d22a684f44b095f4690f
results/verification/20260915-224309-scaled/failover.json,7215,JSON,utf-8-sig,40,True,list,aea4f23b05f258206ea2261ea766219aa9a65857c6c7ac21590a8507503e9800
results/verification/20260915-224309-scaled/headers.tmp,789,text,utf-8-sig,19,True,HTTP/1.1 200 OK,e554c3c573bce054ba17dad8db6d1aebb8f9c372ead51a77b4b07c1853f4ec9b
results/verification/20260915-224309-scaled/http.log,5294,text,utf-8-sig,52,True,PASS: GET /up,213a9afdb48aa2e713ff04834fceb23729069bdc90960254b308f67dd92a97bc
results/verification/20260915-224605-scaled/failover.json,8055,JSON,utf-8-sig,40,True,list,9bbabfa4ffd45d665d7c4f98ea1b9e531a0832d2167f7a3a5817894a3f36fab1
results/verification/20260915-224605-scaled/headers.tmp,810,text,utf-8-sig,19,True,HTTP/1.1 200 OK,14f6389b33be6a56c976fc2f8eff0045cf2e1596a9f611c7db9a9c6050841da9
results/verification/20260915-224605-scaled/http.log,6301,text,utf-8-sig,52,True,PASS: GET /up,afeb344a1684fe6dc8230e51fca02e11fe8af5eb31b9a4db5059b286accd6119
results/verification/proxy.log,10326,text,utf-16,51,True,PASS: GET /up,424401a8e728b7251f17f339f96aa55a18ebd83fc2e9b3dd026af55d2a535d75
results/verification/single.log,10154,text,utf-16,49,True,PASS: GET /up,bdd9063142c678499abb88a5e5df5072fff90d0ea40de879048f2e132f641c96
