deployment,endpoint,requests_target,container,container_id,process,pid,start_ticks,cpu_avg_pct,cpu_min_pct,cpu_max_pct,cpu_samples,memory_avg_mib,memory_min_mib,memory_max_mib,memory_samples,threads_avg,threads_min,threads_max,threads_samples,first_timestamp,last_timestamp,source_file
single,aggregation,1,book-reviews-a4-opensearch-1,48f7e9560c08,java,1,18849,0.913205,0.534,3.944,40,1414.2421875,1414.2421875,1414.2421875,41,125.0,125.0,125.0,41,2026-09-17T02:10:07.2313001Z,2026-09-17T02:15:17.3850970Z,results/matrix-20260916-2305/full-aggregation-1/processes.jsonl
single,aggregation,1,book-reviews-a4-static-1,69b93e454d61,bundle,1,70772,0.0383875,0.0,0.2642,40,30.734470274390244,30.58203125,30.83203125,41,9.0,9.0,9.0,41,2026-09-17T02:10:06.2854673Z,2026-09-17T02:15:16.8780568Z,results/matrix-20260916-2305/full-aggregation-1/processes.jsonl
single,aggregation,1,book-reviews-a4-redis-1,87235cf2e925,redis-server,1,18846,0.3057175,0.1276,0.5051,40,9.15234375,9.15234375,9.15234375,41,6.0,6.0,6.0,41,2026-09-17T02:10:06.7720544Z,2026-09-17T02:15:17.1340340Z,results/matrix-20260916-2305/full-aggregation-1/processes.jsonl
single,aggregation,1,book-reviews-a4-traefik-1,9848c97527b3,traefik,1,18847,0.1961925,0.0,0.3856,40,100.07631478658537,99.59765625,100.09765625,41,17.0,17.0,17.0,41,2026-09-17T02:10:07.0049572Z,2026-09-17T02:15:17.2693253Z,results/matrix-20260916-2305/full-aggregation-1/processes.jsonl
single,aggregation,1,book-reviews-a4-traefik-1,9848c97527b3,runc:[2:INIT],4195,127130,,,,0,11.5234375,11.5234375,11.5234375,1,6.0,6.0,6.0,1,2026-09-17T02:10:53.8791905Z,2026-09-17T02:10:53.8791905Z,results/matrix-20260916-2305/full-aggregation-1/processes.jsonl
single,aggregation,1,book-reviews-a4-traefik-1,9848c97527b3,traefik,4257,128650,,,,0,9.0546875,9.0546875,9.0546875,1,1.0,1.0,1.0,1,2026-09-17T02:11:09.0763874Z,2026-09-17T02:11:09.0763874Z,results/matrix-20260916-2305/full-aggregation-1/processes.jsonl
single,aggregation,1,book-reviews-a4-web-1,a42d74844cf7,ruby,1,89546,0.1738225,0.0,1.773,40,123.92197027439025,120.50390625,124.23046875,41,10.0,10.0,10.0,41,2026-09-17T02:10:06.0358513Z,2026-09-17T02:15:16.7586479Z,results/matrix-20260916-2305/full-aggregation-1/processes.jsonl
single,aggregation,1,book-reviews-a4-web-1,a42d74844cf7,runc:[2:INIT],1347,127878,,,,0,11.65625,11.65625,11.65625,1,6.0,6.0,6.0,1,2026-09-17T02:11:01.3772520Z,2026-09-17T02:11:01.3772520Z,results/matrix-20260916-2305/full-aggregation-1/processes.jsonl
single,aggregation,1,book-reviews-a4-web-1,a42d74844cf7,curl,1397,129395,,,,0,2.59765625,2.59765625,2.59765625,1,1.0,1.0,1.0,1,2026-09-17T02:11:16.5123214Z,2026-09-17T02:11:16.5123214Z,results/matrix-20260916-2305/full-aggregation-1/processes.jsonl
single,aggregation,1,book-reviews-a4-db-1,ca43277e8356,postgres,1,18849,0.0258225,0.0,0.1339,40,26.00390625,26.00390625,26.00390625,41,1.0,1.0,1.0,41,2026-09-17T02:10:06.5301373Z,2026-09-17T02:15:17.0002687Z,results/matrix-20260916-2305/full-aggregation-1/processes.jsonl
single,aggregation,1,book-reviews-a4-db-1,ca43277e8356,postgres,27,18905,0.0,0.0,0.0,40,6.875,6.875,6.875,41,1.0,1.0,1.0,41,2026-09-17T02:10:06.5301373Z,2026-09-17T02:15:17.0002687Z,results/matrix-20260916-2305/full-aggregation-1/processes.jsonl
single,aggregation,1,book-reviews-a4-db-1,ca43277e8356,postgres,28,18905,0.0,0.0,0.0,40,5.9296875,5.9296875,5.9296875,41,1.0,1.0,1.0,41,2026-09-17T02:10:06.5301373Z,2026-09-17T02:15:17.0002687Z,results/matrix-20260916-2305/full-aggregation-1/processes.jsonl
single,aggregation,1,book-reviews-a4-db-1,ca43277e8356,postgres,38,19205,0.0034625000000000003,0.0,0.1385,40,9.015625,9.015625,9.015625,41,1.0,1.0,1.0,41,2026-09-17T02:10:06.5301373Z,2026-09-17T02:15:17.0002687Z,results/matrix-20260916-2305/full-aggregation-1/processes.jsonl
single,aggregation,1,book-reviews-a4-db-1,ca43277e8356,postgres,39,19205,0.0031725000000000004,0.0,0.1269,40,7.63671875,7.63671875,7.63671875,41,1.0,1.0,1.0,41,2026-09-17T02:10:06.5301373Z,2026-09-17T02:15:17.0002687Z,results/matrix-20260916-2305/full-aggregation-1/processes.jsonl
single,aggregation,1,book-reviews-a4-db-1,ca43277e8356,postgres,40,19205,0.0,0.0,0.0,40,6.75390625,6.75390625,6.75390625,41,1.0,1.0,1.0,41,2026-09-17T02:10:06.5301373Z,2026-09-17T02:15:17.0002687Z,results/matrix-20260916-2305/full-aggregation-1/processes.jsonl
single,aggregation,1,book-reviews-a4-db-1,ca43277e8356,postgres,2840,90058,0.0155825,0.0,0.2451,40,16.820121951219512,14.0,16.890625,41,1.0,1.0,1.0,41,2026-09-17T02:10:06.5301373Z,2026-09-17T02:15:17.0002687Z,results/matrix-20260916-2305/full-aggregation-1/processes.jsonl
single,aggregation,1,book-reviews-a4-db-1,ca43277e8356,runc:[2:INIT],5558,141097,,,,0,11.2109375,11.2109375,11.2109375,1,6.0,6.0,6.0,1,2026-09-17T02:13:13.5288587Z,2026-09-17T02:13:13.5288587Z,results/matrix-20260916-2305/full-aggregation-1/processes.jsonl
single,aggregation,10,book-reviews-a4-opensearch-1,48f7e9560c08,java,1,18849,0.7345756097560976,0.428,3.8012,41,1422.8671875,1422.8671875,1422.8671875,42,127.0,127.0,127.0,42,2026-09-17T02:31:12.1623575Z,2026-09-17T02:36:19.4001844Z,results/matrix-20260916-2305/full-aggregation-10/processes.jsonl
single,aggregation,10,book-reviews-a4-static-1,69b93e454d61,bundle,1,70772,0.026026829268292685,0.0,0.1429,41,32.977864583333336,32.58203125,33.08203125,42,9.0,9.0,9.0,42,2026-09-17T02:31:11.2817960Z,2026-09-17T02:36:18.9425588Z,results/matrix-20260916-2305/full-aggregation-10/processes.jsonl
single,aggregation,10,book-reviews-a4-redis-1,87235cf2e925,redis-server,1,18846,0.28779756097560977,0.1295,0.4317,41,9.15234375,9.15234375,9.15234375,42,6.0,6.0,6.0,42,2026-09-17T02:31:11.7407070Z,2026-09-17T02:36:19.1734220Z,results/matrix-20260916-2305/full-aggregation-10/processes.jsonl
single,aggregation,10,book-reviews-a4-traefik-1,9848c97527b3,traefik,1,18847,0.20094634146341464,0.0,0.4255,41,100.25558035714286,100.1328125,100.6328125,42,17.0,17.0,17.0,42,2026-09-17T02:31:11.9522624Z,2026-09-17T02:36:19.2906107Z,results/matrix-20260916-2305/full-aggregation-10/processes.jsonl
single,aggregation,10,book-reviews-a4-web-1,a42d74844cf7,ruby,1,89546,0.1906780487804878,0.0,1.2857,41,129.6006324404762,127.79296875,130.296875,42,11.0,11.0,11.0,42,2026-09-17T02:31:11.0287694Z,2026-09-17T02:36:18.7800745Z,results/matrix-20260916-2305/full-aggregation-10/processes.jsonl
single,aggregation,10,book-reviews-a4-db-1,ca43277e8356,postgres,1,18849,0.02561219512195122,0.0,0.1385,41,26.00390625,26.00390625,26.00390625,42,1.0,1.0,1.0,42,2026-09-17T02:31:11.5095546Z,2026-09-17T02:36:19.0611623Z,results/matrix-20260916-2305/full-aggregation-10/processes.jsonl
single,aggregation,10,book-reviews-a4-db-1,ca43277e8356,postgres,27,18905,0.0,0.0,0.0,41,6.875,6.875,6.875,42,1.0,1.0,1.0,42,2026-09-17T02:31:11.5095546Z,2026-09-17T02:36:19.0611623Z,results/matrix-20260916-2305/full-aggregation-10/processes.jsonl
single,aggregation,10,book-reviews-a4-db-1,ca43277e8356,postgres,28,18905,0.0,0.0,0.0,41,5.9296875,5.9296875,5.9296875,42,1.0,1.0,1.0,42,2026-09-17T02:31:11.5095546Z,2026-09-17T02:36:19.0611623Z,results/matrix-20260916-2305/full-aggregation-10/processes.jsonl
single,aggregation,10,book-reviews-a4-db-1,ca43277e8356,postgres,38,19205,0.0,0.0,0.0,41,9.015625,9.015625,9.015625,42,1.0,1.0,1.0,42,2026-09-17T02:31:11.5095546Z,2026-09-17T02:36:19.0611623Z,results/matrix-20260916-2305/full-aggregation-10/processes.jsonl
single,aggregation,10,book-reviews-a4-db-1,ca43277e8356,postgres,39,19205,0.0,0.0,0.0,41,7.63671875,7.63671875,7.63671875,42,1.0,1.0,1.0,42,2026-09-17T02:31:11.5095546Z,2026-09-17T02:36:19.0611623Z,results/matrix-20260916-2305/full-aggregation-10/processes.jsonl
single,aggregation,10,book-reviews-a4-db-1,ca43277e8356,postgres,40,19205,0.0,0.0,0.0,41,6.75390625,6.75390625,6.75390625,42,1.0,1.0,1.0,42,2026-09-17T02:31:11.5095546Z,2026-09-17T02:36:19.0611623Z,results/matrix-20260916-2305/full-aggregation-10/processes.jsonl
single,aggregation,10,book-reviews-a4-db-1,ca43277e8356,postgres,7951,185899,0.01353170731707317,0.0,0.1447,41,15.755208333333334,14.046875,15.796875,42,1.0,1.0,1.0,42,2026-09-17T02:31:11.5095546Z,2026-09-17T02:36:19.0611623Z,results/matrix-20260916-2305/full-aggregation-10/processes.jsonl
single,aggregation,10,book-reviews-a4-db-1,ca43277e8356,runc:[2:INIT],11995,260921,,,,0,11.16015625,11.16015625,11.16015625,1,6.0,6.0,6.0,1,2026-09-17T02:33:11.7141535Z,2026-09-17T02:33:11.7141535Z,results/matrix-20260916-2305/full-aggregation-10/processes.jsonl
single,aggregation,10,book-reviews-a4-db-1,ca43277e8356,runc:[2:INIT],12238,265393,,,,0,11.3984375,11.3984375,11.3984375,1,6.0,6.0,6.0,1,2026-09-17T02:33:56.4384122Z,2026-09-17T02:33:56.4384122Z,results/matrix-20260916-2305/full-aggregation-10/processes.jsonl
single,aggregation,100,book-reviews-a4-opensearch-1,48f7e9560c08,java,1,18849,1.211430769230769,0.5188,17.9455,39,1429.7671875,1426.3671875,1430.6171875,40,128.6,127.0,129.0,40,2026-09-17T02:52:09.0801884Z,2026-09-17T02:57:13.2201664Z,results/matrix-20260916-2305/full-aggregation-100/processes.jsonl
single,aggregation,100,book-reviews-a4-static-1,69b93e454d61,bundle,1,70772,0.02693846153846154,0.0,0.1397,39,33.98046875,33.98046875,33.98046875,40,9.0,9.0,9.0,40,2026-09-17T02:52:07.9627471Z,2026-09-17T02:57:12.6997306Z,results/matrix-20260916-2305/full-aggregation-100/processes.jsonl
single,aggregation,100,book-reviews-a4-redis-1,87235cf2e925,redis-server,1,18846,0.3413948717948718,0.1346,0.5089,39,9.15234375,9.15234375,9.15234375,40,6.0,6.0,6.0,40,2026-09-17T02:52:08.4777506Z,2026-09-17T02:57:12.9777288Z,results/matrix-20260916-2305/full-aggregation-100/processes.jsonl
single,aggregation,100,book-reviews-a4-traefik-1,9848c97527b3,traefik,1,18847,0.2885384615384615,0.1263,0.7472,39,102.124609375,101.16796875,102.91796875,40,17.0,17.0,17.0,40,2026-09-17T02:52:08.7471667Z,2026-09-17T02:57:13.0989453Z,results/matrix-20260916-2305/full-aggregation-100/processes.jsonl
single,aggregation,100,book-reviews-a4-web-1,a42d74844cf7,ruby,1,89546,0.5445153846153846,0.2484,1.2723,39,133.21298828125,130.91796875,134.96484375,40,11.0,11.0,11.0,40,2026-09-17T02:52:07.6596535Z,2026-09-17T02:57:12.5548504Z,results/matrix-20260916-2305/full-aggregation-100/processes.jsonl
single,aggregation,100,book-reviews-a4-db-1,ca43277e8356,postgres,1,18849,0.03620512820512821,0.0,0.3745,39,26.00390625,26.00390625,26.00390625,40,1.0,1.0,1.0,40,2026-09-17T02:52:08.2144913Z,2026-09-17T02:57:12.8525561Z,results/matrix-20260916-2305/full-aggregation-100/processes.jsonl
single,aggregation,100,book-reviews-a4-db-1,ca43277e8356,postgres,27,18905,0.0,0.0,0.0,39,6.875,6.875,6.875,40,1.0,1.0,1.0,40,2026-09-17T02:52:08.2144913Z,2026-09-17T02:57:12.8525561Z,results/matrix-20260916-2305/full-aggregation-100/processes.jsonl
single,aggregation,100,book-reviews-a4-db-1,ca43277e8356,postgres,28,18905,0.0,0.0,0.0,39,5.9296875,5.9296875,5.9296875,40,1.0,1.0,1.0,40,2026-09-17T02:52:08.2144913Z,2026-09-17T02:57:12.8525561Z,results/matrix-20260916-2305/full-aggregation-100/processes.jsonl
single,aggregation,100,book-reviews-a4-db-1,ca43277e8356,postgres,38,19205,0.0,0.0,0.0,39,9.015625,9.015625,9.015625,40,1.0,1.0,1.0,40,2026-09-17T02:52:08.2144913Z,2026-09-17T02:57:12.8525561Z,results/matrix-20260916-2305/full-aggregation-100/processes.jsonl
single,aggregation,100,book-reviews-a4-db-1,ca43277e8356,postgres,39,19205,0.0,0.0,0.0,39,7.63671875,7.63671875,7.63671875,40,1.0,1.0,1.0,40,2026-09-17T02:52:08.2144913Z,2026-09-17T02:57:12.8525561Z,results/matrix-20260916-2305/full-aggregation-100/processes.jsonl
single,aggregation,100,book-reviews-a4-db-1,ca43277e8356,postgres,40,19205,0.0,0.0,0.0,39,6.75390625,6.75390625,6.75390625,40,1.0,1.0,1.0,40,2026-09-17T02:52:08.2144913Z,2026-09-17T02:57:12.8525561Z,results/matrix-20260916-2305/full-aggregation-100/processes.jsonl
single,aggregation,100,book-reviews-a4-db-1,ca43277e8356,postgres,7951,185899,0.04566666666666667,0.0,0.135,39,16.3515625,16.3515625,16.3515625,40,1.0,1.0,1.0,40,2026-09-17T02:52:08.2144913Z,2026-09-17T02:57:12.8525561Z,results/matrix-20260916-2305/full-aggregation-100/processes.jsonl
single,aggregation,100,book-reviews-a4-db-1,ca43277e8356,runc:[2:INIT],19207,395620,,,,0,11.18359375,11.18359375,11.18359375,1,6.0,6.0,6.0,1,2026-09-17T02:55:38.6567709Z,2026-09-17T02:55:38.6567709Z,results/matrix-20260916-2305/full-aggregation-100/processes.jsonl
single,aggregation,1000,book-reviews-a4-opensearch-1,48f7e9560c08,java,1,18849,0.790676923076923,0.5038,1.9608,39,1431.2421875,1431.2421875,1431.2421875,40,129.0,129.0,129.0,40,2026-09-17T03:13:01.1683342Z,2026-09-17T03:18:06.4496347Z,results/matrix-20260916-2305/full-aggregation-1000/processes.jsonl
single,aggregation,1000,book-reviews-a4-static-1,69b93e454d61,bundle,1,70772,0.03252051282051282,0.0,0.1391,39,35.12109375,35.12109375,35.12109375,40,9.0,9.0,9.0,40,2026-09-17T03:12:59.6255628Z,2026-09-17T03:18:05.8086985Z,results/matrix-20260916-2305/full-aggregation-1000/processes.jsonl
single,aggregation,1000,book-reviews-a4-redis-1,87235cf2e925,redis-server,1,18846,0.4511282051282051,0.2789,0.6266,39,9.17109375,9.15234375,9.27734375,40,6.0,6.0,6.0,40,2026-09-17T03:13:00.4026108Z,2026-09-17T03:18:06.1534957Z,results/matrix-20260916-2305/full-aggregation-1000/processes.jsonl
single,aggregation,1000,book-reviews-a4-traefik-1,9848c97527b3,traefik,1,18847,0.8093333333333333,0.6258,1.451,39,103.74912109375,102.328125,104.38671875,40,17.0,17.0,17.0,40,2026-09-17T03:13:00.7869847Z,2026-09-17T03:18:06.2907378Z,results/matrix-20260916-2305/full-aggregation-1000/processes.jsonl
single,aggregation,1000,book-reviews-a4-web-1,a42d74844cf7,ruby,1,89546,3.7906717948717947,2.1092,8.5535,39,141.26875,136.88671875,144.0625,40,11.0,11.0,11.0,40,2026-09-17T03:12:59.2550014Z,2026-09-17T03:18:05.6657146Z,results/matrix-20260916-2305/full-aggregation-1000/processes.jsonl
single,aggregation,1000,book-reviews-a4-db-1,ca43277e8356,postgres,1,18849,0.032933333333333335,0.0,0.1395,39,26.00390625,26.00390625,26.00390625,40,1.0,1.0,1.0,40,2026-09-17T03:13:00.0282945Z,2026-09-17T03:18:05.9890181Z,results/matrix-20260916-2305/full-aggregation-1000/processes.jsonl
single,aggregation,1000,book-reviews-a4-db-1,ca43277e8356,postgres,27,18905,0.0,0.0,0.0,39,6.875,6.875,6.875,40,1.0,1.0,1.0,40,2026-09-17T03:13:00.0282945Z,2026-09-17T03:18:05.9890181Z,results/matrix-20260916-2305/full-aggregation-1000/processes.jsonl
single,aggregation,1000,book-reviews-a4-db-1,ca43277e8356,postgres,28,18905,0.0,0.0,0.0,39,5.9296875,5.9296875,5.9296875,40,1.0,1.0,1.0,40,2026-09-17T03:13:00.0282945Z,2026-09-17T03:18:05.9890181Z,results/matrix-20260916-2305/full-aggregation-1000/processes.jsonl
single,aggregation,1000,book-reviews-a4-db-1,ca43277e8356,postgres,38,19205,0.0,0.0,0.0,39,9.015625,9.015625,9.015625,40,1.0,1.0,1.0,40,2026-09-17T03:13:00.0282945Z,2026-09-17T03:18:05.9890181Z,results/matrix-20260916-2305/full-aggregation-1000/processes.jsonl
single,aggregation,1000,book-reviews-a4-db-1,ca43277e8356,postgres,39,19205,0.0,0.0,0.0,39,7.63671875,7.63671875,7.63671875,40,1.0,1.0,1.0,40,2026-09-17T03:13:00.0282945Z,2026-09-17T03:18:05.9890181Z,results/matrix-20260916-2305/full-aggregation-1000/processes.jsonl
single,aggregation,1000,book-reviews-a4-db-1,ca43277e8356,postgres,40,19205,0.0,0.0,0.0,39,6.75390625,6.75390625,6.75390625,40,1.0,1.0,1.0,40,2026-09-17T03:13:00.0282945Z,2026-09-17T03:18:05.9890181Z,results/matrix-20260916-2305/full-aggregation-1000/processes.jsonl
single,aggregation,1000,book-reviews-a4-db-1,ca43277e8356,postgres,7951,185899,0.14044871794871797,0.0,0.6834,39,17.280859375,16.3515625,17.3046875,40,1.0,1.0,1.0,40,2026-09-17T03:13:00.0282945Z,2026-09-17T03:18:05.9890181Z,results/matrix-20260916-2305/full-aggregation-1000/processes.jsonl
single,aggregation,1000,book-reviews-a4-db-1,ca43277e8356,postgres,25281,510403,0.328756,0.0,0.5006,25,15.7578125,15.7578125,15.7578125,26,1.0,1.0,1.0,26,2026-09-17T03:14:50.6752104Z,2026-09-17T03:18:05.9890181Z,results/matrix-20260916-2305/full-aggregation-1000/processes.jsonl
single,aggregation,1000,book-reviews-a4-db-1,ca43277e8356,runc:[2:INIT],25891,521729,,,,0,11.9609375,11.9609375,11.9609375,1,6.0,6.0,6.0,1,2026-09-17T03:16:39.6945007Z,2026-09-17T03:16:39.6945007Z,results/matrix-20260916-2305/full-aggregation-1000/processes.jsonl
single,aggregation,5000,book-reviews-a4-opensearch-1,48f7e9560c08,java,1,18849,0.8413846153846154,0.6173,5.5069,39,1448.2421875,1448.2421875,1448.2421875,40,129.0,129.0,129.0,40,2026-09-17T03:34:03.3520746Z,2026-09-17T03:39:13.3382424Z,results/matrix-20260916-2305/full-aggregation-5000/processes.jsonl
single,aggregation,5000,book-reviews-a4-static-1,69b93e454d61,bundle,1,70772,0.03530769230769231,0.0,0.2497,39,35.75390625,35.75390625,35.75390625,40,9.0,9.0,9.0,40,2026-09-17T03:34:01.9845219Z,2026-09-17T03:39:12.7491360Z,results/matrix-20260916-2305/full-aggregation-5000/processes.jsonl
single,aggregation,5000,book-reviews-a4-static-1,69b93e454d61,runc:[2:INIT],13819,642731,,,,0,11.83984375,11.83984375,11.83984375,1,6.0,6.0,6.0,1,2026-09-17T03:36:49.6355703Z,2026-09-17T03:36:49.6355703Z,results/matrix-20260916-2305/full-aggregation-5000/processes.jsonl
single,aggregation,5000,book-reviews-a4-redis-1,87235cf2e925,redis-server,1,18846,0.7731743589743589,0.5135,0.8772,39,10.13671875,9.40234375,11.02734375,40,6.0,6.0,6.0,40,2026-09-17T03:34:02.6151846Z,2026-09-17T03:39:13.0584070Z,results/matrix-20260916-2305/full-aggregation-5000/processes.jsonl
single,aggregation,5000,book-reviews-a4-traefik-1,9848c97527b3,traefik,1,18847,2.9631666666666665,0.2561,3.6295,39,104.8892578125,103.515625,105.265625,40,17.0,17.0,17.0,40,2026-09-17T03:34:02.9487098Z,2026-09-17T03:39:13.1951355Z,results/matrix-20260916-2305/full-aggregation-5000/processes.jsonl
single,aggregation,5000,book-reviews-a4-traefik-1,9848c97527b3,traefik,26990,641961,,,,0,0.0,0.0,0.0,1,2.0,2.0,2.0,1,2026-09-17T03:36:42.0136964Z,2026-09-17T03:36:42.0136964Z,results/matrix-20260916-2305/full-aggregation-5000/processes.jsonl
single,aggregation,5000,book-reviews-a4-web-1,a42d74844cf7,ruby,1,89546,16.50769487179487,0.129,17.8484,39,147.5853515625,145.51171875,149.3984375,40,11.0,11.0,11.0,40,2026-09-17T03:34:01.6307194Z,2026-09-17T03:39:12.5691154Z,results/matrix-20260916-2305/full-aggregation-5000/processes.jsonl
single,aggregation,5000,book-reviews-a4-web-1,a42d74844cf7,curl,21417,649817,,,,0,10.4921875,10.4921875,10.4921875,1,1.0,1.0,1.0,1,2026-09-17T03:38:00.5215167Z,2026-09-17T03:38:00.5215167Z,results/matrix-20260916-2305/full-aggregation-5000/processes.jsonl
single,aggregation,5000,book-reviews-a4-db-1,ca43277e8356,postgres,1,18849,0.03860769230769231,0.0,0.1285,39,26.00390625,26.00390625,26.00390625,40,1.0,1.0,1.0,40,2026-09-17T03:34:02.2998764Z,2026-09-17T03:39:12.9090929Z,results/matrix-20260916-2305/full-aggregation-5000/processes.jsonl
single,aggregation,5000,book-reviews-a4-db-1,ca43277e8356,postgres,27,18905,0.0,0.0,0.0,39,6.875,6.875,6.875,40,1.0,1.0,1.0,40,2026-09-17T03:34:02.2998764Z,2026-09-17T03:39:12.9090929Z,results/matrix-20260916-2305/full-aggregation-5000/processes.jsonl
single,aggregation,5000,book-reviews-a4-db-1,ca43277e8356,postgres,28,18905,0.0,0.0,0.0,39,5.9296875,5.9296875,5.9296875,40,1.0,1.0,1.0,40,2026-09-17T03:34:02.2998764Z,2026-09-17T03:39:12.9090929Z,results/matrix-20260916-2305/full-aggregation-5000/processes.jsonl
single,aggregation,5000,book-reviews-a4-db-1,ca43277e8356,postgres,38,19205,0.0,0.0,0.0,39,9.015625,9.015625,9.015625,40,1.0,1.0,1.0,40,2026-09-17T03:34:02.2998764Z,2026-09-17T03:39:12.9090929Z,results/matrix-20260916-2305/full-aggregation-5000/processes.jsonl
single,aggregation,5000,book-reviews-a4-db-1,ca43277e8356,postgres,39,19205,0.0,0.0,0.0,39,7.63671875,7.63671875,7.63671875,40,1.0,1.0,1.0,40,2026-09-17T03:34:02.2998764Z,2026-09-17T03:39:12.9090929Z,results/matrix-20260916-2305/full-aggregation-5000/processes.jsonl
single,aggregation,5000,book-reviews-a4-db-1,ca43277e8356,postgres,40,19205,0.0,0.0,0.0,39,6.75390625,6.75390625,6.75390625,40,1.0,1.0,1.0,40,2026-09-17T03:34:02.2998764Z,2026-09-17T03:39:12.9090929Z,results/matrix-20260916-2305/full-aggregation-5000/processes.jsonl
single,aggregation,5000,book-reviews-a4-db-1,ca43277e8356,postgres,25281,510403,1.090697435897436,0.0,1.7677,39,16.3125,16.3125,16.3125,40,1.0,1.0,1.0,40,2026-09-17T03:34:02.2998764Z,2026-09-17T03:39:12.9090929Z,results/matrix-20260916-2305/full-aggregation-5000/processes.jsonl
single,aggregation,5000,book-reviews-a4-db-1,ca43277e8356,postgres,31567,627579,0.583945945945946,0.0,1.8773,37,15.477590460526315,15.44140625,15.56640625,38,1.0,1.0,1.0,38,2026-09-17T03:34:18.7027999Z,2026-09-17T03:39:12.9090929Z,results/matrix-20260916-2305/full-aggregation-5000/processes.jsonl
single,aggregation,5000,book-reviews-a4-db-1,ca43277e8356,pg_isready,31661,629235,,,,0,2.8125,2.8125,2.8125,1,1.0,1.0,1.0,1,2026-09-17T03:34:34.6894958Z,2026-09-17T03:34:34.6894958Z,results/matrix-20260916-2305/full-aggregation-5000/processes.jsonl
single,book,1,book-reviews-a4-opensearch-1,48f7e9560c08,java,1,18849,0.7993375,0.578,2.5469,40,1422.8671875,1422.8671875,1422.8671875,41,127.0,127.0,127.0,41,2026-09-17T02:20:40.7529115Z,2026-09-17T02:25:51.2957545Z,results/matrix-20260916-2305/full-book-1/processes.jsonl
single,book,1,book-reviews-a4-static-1,69b93e454d61,bundle,1,70772,0.02563,0.0,0.1346,40,31.10032393292683,30.95703125,31.33203125,41,9.0,9.0,9.0,41,2026-09-17T02:20:39.6664244Z,2026-09-17T02:25:50.8363366Z,results/matrix-20260916-2305/full-book-1/processes.jsonl
single,book,1,book-reviews-a4-static-1,69b93e454d61,runc:[2:INIT],2737,185713,,,,0,10.55859375,10.55859375,10.55859375,1,6.0,6.0,6.0,1,2026-09-17T02:20:39.6664244Z,2026-09-17T02:20:39.6664244Z,results/matrix-20260916-2305/full-book-1/processes.jsonl
single,book,1,book-reviews-a4-static-1,69b93e454d61,runc:[2:INIT],3190,204368,,,,0,11.45703125,11.45703125,11.45703125,1,6.0,6.0,6.0,1,2026-09-17T02:23:46.2140448Z,2026-09-17T02:23:46.2140448Z,results/matrix-20260916-2305/full-book-1/processes.jsonl
single,book,1,book-reviews-a4-redis-1,87235cf2e925,redis-server,1,18846,0.30244,0.1272,0.5096,40,9.15234375,9.15234375,9.15234375,41,6.0,6.0,6.0,41,2026-09-17T02:20:40.2216360Z,2026-09-17T02:25:51.0698931Z,results/matrix-20260916-2305/full-book-1/processes.jsonl
single,book,1,book-reviews-a4-traefik-1,9848c97527b3,traefik,1,18847,0.20421250000000002,0.0,0.5666,40,99.71598704268293,99.63671875,99.88671875,41,17.0,17.0,17.0,41,2026-09-17T02:20:40.4949135Z,2026-09-17T02:25:51.1795168Z,results/matrix-20260916-2305/full-book-1/processes.jsonl
single,book,1,book-reviews-a4-web-1,a42d74844cf7,ruby,1,89546,0.1899925,0.0,2.3196,40,127.49809451219512,125.296875,127.796875,41,11.0,11.0,11.0,41,2026-09-17T02:20:39.3727774Z,2026-09-17T02:25:50.7260801Z,results/matrix-20260916-2305/full-book-1/processes.jsonl
single,book,1,book-reviews-a4-db-1,ca43277e8356,postgres,1,18849,0.0287775,0.0,0.1325,40,26.00390625,26.00390625,26.00390625,41,1.0,1.0,1.0,41,2026-09-17T02:20:39.9369630Z,2026-09-17T02:25:50.9569669Z,results/matrix-20260916-2305/full-book-1/processes.jsonl
single,book,1,book-reviews-a4-db-1,ca43277e8356,postgres,27,18905,0.0,0.0,0.0,40,6.875,6.875,6.875,41,1.0,1.0,1.0,41,2026-09-17T02:20:39.9369630Z,2026-09-17T02:25:50.9569669Z,results/matrix-20260916-2305/full-book-1/processes.jsonl
single,book,1,book-reviews-a4-db-1,ca43277e8356,postgres,28,18905,0.0031850000000000003,0.0,0.1274,40,5.9296875,5.9296875,5.9296875,41,1.0,1.0,1.0,41,2026-09-17T02:20:39.9369630Z,2026-09-17T02:25:50.9569669Z,results/matrix-20260916-2305/full-book-1/processes.jsonl
single,book,1,book-reviews-a4-db-1,ca43277e8356,postgres,38,19205,0.0,0.0,0.0,40,9.015625,9.015625,9.015625,41,1.0,1.0,1.0,41,2026-09-17T02:20:39.9369630Z,2026-09-17T02:25:50.9569669Z,results/matrix-20260916-2305/full-book-1/processes.jsonl
single,book,1,book-reviews-a4-db-1,ca43277e8356,postgres,39,19205,0.0,0.0,0.0,40,7.63671875,7.63671875,7.63671875,41,1.0,1.0,1.0,41,2026-09-17T02:20:39.9369630Z,2026-09-17T02:25:50.9569669Z,results/matrix-20260916-2305/full-book-1/processes.jsonl
single,book,1,book-reviews-a4-db-1,ca43277e8356,postgres,40,19205,0.0,0.0,0.0,40,6.75390625,6.75390625,6.75390625,41,1.0,1.0,1.0,41,2026-09-17T02:20:39.9369630Z,2026-09-17T02:25:50.9569669Z,results/matrix-20260916-2305/full-book-1/processes.jsonl
single,book,1,book-reviews-a4-db-1,ca43277e8356,postgres,2840,90058,0.006765,0.0,0.2706,40,17.237423780487806,16.890625,17.24609375,41,1.0,1.0,1.0,41,2026-09-17T02:20:39.9369630Z,2026-09-17T02:25:50.9569669Z,results/matrix-20260916-2305/full-book-1/processes.jsonl
single,book,1,book-reviews-a4-db-1,ca43277e8356,postgres,7951,185899,0.0066897435897435905,0.0,0.1332,39,14.046875,14.046875,14.046875,40,1.0,1.0,1.0,40,2026-09-17T02:20:47.3371971Z,2026-09-17T02:25:50.9569669Z,results/matrix-20260916-2305/full-book-1/processes.jsonl
single,book,10,book-reviews-a4-opensearch-1,48f7e9560c08,java,1,18849,0.78562,0.5141,5.4264,40,1426.3153582317073,1426.2421875,1426.3671875,41,127.0,127.0,127.0,41,2026-09-17T02:41:40.5707978Z,2026-09-17T02:46:46.3865735Z,results/matrix-20260916-2305/full-book-10/processes.jsonl
single,book,10,book-reviews-a4-static-1,69b93e454d61,bundle,1,70772,0.032305,0.0,0.1337,40,33.45703125,33.45703125,33.45703125,41,9.0,9.0,9.0,41,2026-09-17T02:41:39.4896189Z,2026-09-17T02:46:45.9780314Z,results/matrix-20260916-2305/full-book-10/processes.jsonl
single,book,10,book-reviews-a4-redis-1,87235cf2e925,redis-server,1,18846,0.30438,0.1287,0.4854,40,9.15234375,9.15234375,9.15234375,41,6.0,6.0,6.0,41,2026-09-17T02:41:40.0384077Z,2026-09-17T02:46:46.1895839Z,results/matrix-20260916-2305/full-book-10/processes.jsonl
single,book,10,book-reviews-a4-traefik-1,9848c97527b3,traefik,1,18847,0.21228,0.0,0.4944,40,100.60670731707317,100.375,100.75,41,17.0,17.0,17.0,41,2026-09-17T02:41:40.3070456Z,2026-09-17T02:46:46.2828615Z,results/matrix-20260916-2305/full-book-10/processes.jsonl
single,book,10,book-reviews-a4-web-1,a42d74844cf7,ruby,1,89546,0.1883875,0.0,1.0309,40,130.2754382621951,129.5703125,130.66796875,41,11.0,11.0,11.0,41,2026-09-17T02:41:39.2122890Z,2026-09-17T02:46:45.8643554Z,results/matrix-20260916-2305/full-book-10/processes.jsonl
single,book,10,book-reviews-a4-db-1,ca43277e8356,postgres,1,18849,0.026605,0.0,0.1435,40,26.00390625,26.00390625,26.00390625,41,1.0,1.0,1.0,41,2026-09-17T02:41:39.7549439Z,2026-09-17T02:46:46.0917344Z,results/matrix-20260916-2305/full-book-10/processes.jsonl
single,book,10,book-reviews-a4-db-1,ca43277e8356,postgres,27,18905,0.0,0.0,0.0,40,6.875,6.875,6.875,41,1.0,1.0,1.0,41,2026-09-17T02:41:39.7549439Z,2026-09-17T02:46:46.0917344Z,results/matrix-20260916-2305/full-book-10/processes.jsonl
single,book,10,book-reviews-a4-db-1,ca43277e8356,postgres,28,18905,0.0,0.0,0.0,40,5.9296875,5.9296875,5.9296875,41,1.0,1.0,1.0,41,2026-09-17T02:41:39.7549439Z,2026-09-17T02:46:46.0917344Z,results/matrix-20260916-2305/full-book-10/processes.jsonl
single,book,10,book-reviews-a4-db-1,ca43277e8356,postgres,38,19205,0.0,0.0,0.0,40,9.015625,9.015625,9.015625,41,1.0,1.0,1.0,41,2026-09-17T02:41:39.7549439Z,2026-09-17T02:46:46.0917344Z,results/matrix-20260916-2305/full-book-10/processes.jsonl
single,book,10,book-reviews-a4-db-1,ca43277e8356,postgres,39,19205,0.0,0.0,0.0,40,7.63671875,7.63671875,7.63671875,41,1.0,1.0,1.0,41,2026-09-17T02:41:39.7549439Z,2026-09-17T02:46:46.0917344Z,results/matrix-20260916-2305/full-book-10/processes.jsonl
single,book,10,book-reviews-a4-db-1,ca43277e8356,postgres,40,19205,0.0,0.0,0.0,40,6.75390625,6.75390625,6.75390625,41,1.0,1.0,1.0,41,2026-09-17T02:41:39.7549439Z,2026-09-17T02:46:46.0917344Z,results/matrix-20260916-2305/full-book-10/processes.jsonl
single,book,10,book-reviews-a4-db-1,ca43277e8356,postgres,7951,185899,0.009655,0.0,0.1297,40,16.280106707317074,15.796875,16.3515625,41,1.0,1.0,1.0,41,2026-09-17T02:41:39.7549439Z,2026-09-17T02:46:46.0917344Z,results/matrix-20260916-2305/full-book-10/processes.jsonl
single,book,100,book-reviews-a4-opensearch-1,48f7e9560c08,java,1,18849,0.9854205128205128,0.6274,3.2717,39,1431.0640625,1430.8671875,1431.2421875,40,129.05,129.0,130.0,40,2026-09-17T03:02:35.0814693Z,2026-09-17T03:07:39.8019824Z,results/matrix-20260916-2305/full-book-100/processes.jsonl
single,book,100,book-reviews-a4-static-1,69b93e454d61,bundle,1,70772,0.03206410256410257,0.0,0.1274,39,34.28984375,34.10546875,34.60546875,40,9.0,9.0,9.0,40,2026-09-17T03:02:33.7944291Z,2026-09-17T03:07:39.2606682Z,results/matrix-20260916-2305/full-book-100/processes.jsonl
single,book,100,book-reviews-a4-redis-1,87235cf2e925,redis-server,1,18846,0.36404102564102564,0.25,0.5579,39,9.15234375,9.15234375,9.15234375,40,6.0,6.0,6.0,40,2026-09-17T03:02:34.4609157Z,2026-09-17T03:07:39.5351721Z,results/matrix-20260916-2305/full-book-100/processes.jsonl
single,book,100,book-reviews-a4-traefik-1,9848c97527b3,traefik,1,18847,0.3156871794871795,0.1256,0.6993,39,102.02998046875,101.8046875,102.07421875,40,17.0,17.0,17.0,40,2026-09-17T03:02:34.7814890Z,2026-09-17T03:07:39.6713176Z,results/matrix-20260916-2305/full-book-100/processes.jsonl
single,book,100,book-reviews-a4-traefik-1,9848c97527b3,runc:[2:INIT],18919,458301,,,,0,11.16796875,11.16796875,11.16796875,1,6.0,6.0,6.0,1,2026-09-17T03:06:05.4435018Z,2026-09-17T03:06:05.4435018Z,results/matrix-20260916-2305/full-book-100/processes.jsonl
single,book,100,book-reviews-a4-traefik-1,9848c97527b3,traefik,18982,459824,,,,0,34.19140625,34.19140625,34.19140625,1,5.0,5.0,5.0,1,2026-09-17T03:06:20.6860983Z,2026-09-17T03:06:20.6860983Z,results/matrix-20260916-2305/full-book-100/processes.jsonl
single,book,100,book-reviews-a4-web-1,a42d74844cf7,ruby,1,89546,0.4495948717948718,0.1248,1.0067,39,135.4205078125,135.26171875,135.51171875,40,11.0,11.0,11.0,40,2026-09-17T03:02:33.4686867Z,2026-09-17T03:07:39.1257121Z,results/matrix-20260916-2305/full-book-100/processes.jsonl
single,book,100,book-reviews-a4-db-1,ca43277e8356,postgres,1,18849,0.0388948717948718,0.0,0.1387,39,26.00390625,26.00390625,26.00390625,40,1.0,1.0,1.0,40,2026-09-17T03:02:34.1064602Z,2026-09-17T03:07:39.4012890Z,results/matrix-20260916-2305/full-book-100/processes.jsonl
single,book,100,book-reviews-a4-db-1,ca43277e8356,postgres,27,18905,0.0,0.0,0.0,39,6.875,6.875,6.875,40,1.0,1.0,1.0,40,2026-09-17T03:02:34.1064602Z,2026-09-17T03:07:39.4012890Z,results/matrix-20260916-2305/full-book-100/processes.jsonl
single,book,100,book-reviews-a4-db-1,ca43277e8356,postgres,28,18905,0.0,0.0,0.0,39,5.9296875,5.9296875,5.9296875,40,1.0,1.0,1.0,40,2026-09-17T03:02:34.1064602Z,2026-09-17T03:07:39.4012890Z,results/matrix-20260916-2305/full-book-100/processes.jsonl
single,book,100,book-reviews-a4-db-1,ca43277e8356,postgres,38,19205,0.003556410256410256,0.0,0.1387,39,9.015625,9.015625,9.015625,40,1.0,1.0,1.0,40,2026-09-17T03:02:34.1064602Z,2026-09-17T03:07:39.4012890Z,results/matrix-20260916-2305/full-book-100/processes.jsonl
single,book,100,book-reviews-a4-db-1,ca43277e8356,postgres,39,19205,0.003556410256410256,0.0,0.1387,39,7.63671875,7.63671875,7.63671875,40,1.0,1.0,1.0,40,2026-09-17T03:02:34.1064602Z,2026-09-17T03:07:39.4012890Z,results/matrix-20260916-2305/full-book-100/processes.jsonl
single,book,100,book-reviews-a4-db-1,ca43277e8356,postgres,40,19205,0.0,0.0,0.0,39,6.75390625,6.75390625,6.75390625,40,1.0,1.0,1.0,40,2026-09-17T03:02:34.1064602Z,2026-09-17T03:07:39.4012890Z,results/matrix-20260916-2305/full-book-100/processes.jsonl
single,book,100,book-reviews-a4-db-1,ca43277e8356,postgres,7951,185899,0.052351282051282054,0.0,0.1395,39,16.3515625,16.3515625,16.3515625,40,1.0,1.0,1.0,40,2026-09-17T03:02:34.1064602Z,2026-09-17T03:07:39.4012890Z,results/matrix-20260916-2305/full-book-100/processes.jsonl
single,book,1000,book-reviews-a4-opensearch-1,48f7e9560c08,java,1,18849,0.864625641025641,0.5571,4.2553,39,1448.0578125,1447.6171875,1448.2421875,40,129.025,129.0,130.0,40,2026-09-17T03:23:30.2748579Z,2026-09-17T03:28:39.8735184Z,results/matrix-20260916-2305/full-book-1000/processes.jsonl
single,book,1000,book-reviews-a4-static-1,69b93e454d61,bundle,1,70772,0.0350051282051282,0.0,0.2491,39,35.57421875,35.37109375,35.62109375,40,9.0,9.0,9.0,40,2026-09-17T03:23:28.7855780Z,2026-09-17T03:28:38.9674936Z,results/matrix-20260916-2305/full-book-1000/processes.jsonl
single,book,1000,book-reviews-a4-static-1,69b93e454d61,runc:[2:INIT],12409,584178,,,,0,11.1328125,11.1328125,11.1328125,1,6.0,6.0,6.0,1,2026-09-17T03:27:04.1342536Z,2026-09-17T03:27:04.1342536Z,results/matrix-20260916-2305/full-book-1000/processes.jsonl
single,book,1000,book-reviews-a4-redis-1,87235cf2e925,redis-server,1,18846,0.4217717948717949,0.2484,0.6242,39,9.40234375,9.40234375,9.40234375,40,6.0,6.0,6.0,40,2026-09-17T03:23:29.4493081Z,2026-09-17T03:28:39.2988631Z,results/matrix-20260916-2305/full-book-1000/processes.jsonl
single,book,1000,book-reviews-a4-traefik-1,9848c97527b3,traefik,1,18847,0.7599743589743589,0.4376,1.4184,39,104.009375,103.421875,104.421875,40,17.0,17.0,17.0,40,2026-09-17T03:23:29.9144844Z,2026-09-17T03:28:39.7315853Z,results/matrix-20260916-2305/full-book-1000/processes.jsonl
single,book,1000,book-reviews-a4-traefik-1,9848c97527b3,runc:[2:INIT],24395,582617,,,,0,11.6875,11.6875,11.6875,1,6.0,6.0,6.0,1,2026-09-17T03:26:48.5355736Z,2026-09-17T03:26:48.5355736Z,results/matrix-20260916-2305/full-book-1000/processes.jsonl
single,book,1000,book-reviews-a4-web-1,a42d74844cf7,ruby,1,89546,2.2608102564102563,0.2294,2.5094,39,142.89697265625,142.640625,143.12109375,40,11.0,11.0,11.0,40,2026-09-17T03:23:28.4460915Z,2026-09-17T03:28:38.7967714Z,results/matrix-20260916-2305/full-book-1000/processes.jsonl
single,book,1000,book-reviews-a4-db-1,ca43277e8356,postgres,1,18849,0.03812051282051282,0.0,0.1261,39,26.00390625,26.00390625,26.00390625,40,1.0,1.0,1.0,40,2026-09-17T03:23:29.1086391Z,2026-09-17T03:28:39.1395462Z,results/matrix-20260916-2305/full-book-1000/processes.jsonl
single,book,1000,book-reviews-a4-db-1,ca43277e8356,postgres,27,18905,0.0,0.0,0.0,39,6.875,6.875,6.875,40,1.0,1.0,1.0,40,2026-09-17T03:23:29.1086391Z,2026-09-17T03:28:39.1395462Z,results/matrix-20260916-2305/full-book-1000/processes.jsonl
single,book,1000,book-reviews-a4-db-1,ca43277e8356,postgres,28,18905,0.0031846153846153847,0.0,0.1242,39,5.9296875,5.9296875,5.9296875,40,1.0,1.0,1.0,40,2026-09-17T03:23:29.1086391Z,2026-09-17T03:28:39.1395462Z,results/matrix-20260916-2305/full-book-1000/processes.jsonl
single,book,1000,book-reviews-a4-db-1,ca43277e8356,postgres,38,19205,0.0,0.0,0.0,39,9.015625,9.015625,9.015625,40,1.0,1.0,1.0,40,2026-09-17T03:23:29.1086391Z,2026-09-17T03:28:39.1395462Z,results/matrix-20260916-2305/full-book-1000/processes.jsonl
single,book,1000,book-reviews-a4-db-1,ca43277e8356,postgres,39,19205,0.006425641025641025,0.0,0.1261,39,7.63671875,7.63671875,7.63671875,40,1.0,1.0,1.0,40,2026-09-17T03:23:29.1086391Z,2026-09-17T03:28:39.1395462Z,results/matrix-20260916-2305/full-book-1000/processes.jsonl
single,book,1000,book-reviews-a4-db-1,ca43277e8356,postgres,40,19205,0.0,0.0,0.0,39,6.75390625,6.75390625,6.75390625,40,1.0,1.0,1.0,40,2026-09-17T03:23:29.1086391Z,2026-09-17T03:28:39.1395462Z,results/matrix-20260916-2305/full-book-1000/processes.jsonl
single,book,1000,book-reviews-a4-db-1,ca43277e8356,postgres,7951,185899,0.0,0.0,0.0,39,17.3046875,17.3046875,17.3046875,40,1.0,1.0,1.0,40,2026-09-17T03:23:29.1086391Z,2026-09-17T03:28:39.1395462Z,results/matrix-20260916-2305/full-book-1000/processes.jsonl
single,book,1000,book-reviews-a4-db-1,ca43277e8356,postgres,25281,510403,0.35513076923076925,0.0,0.5038,39,16.2986328125,15.7578125,16.3125,40,1.0,1.0,1.0,40,2026-09-17T03:23:29.1086391Z,2026-09-17T03:28:39.1395462Z,results/matrix-20260916-2305/full-book-1000/processes.jsonl
single,book,5000,book-reviews-a4-opensearch-1,48f7e9560c08,java,1,18849,0.7402102564102564,0.5044,1.125,39,1501.0015625,1500.4921875,1501.2421875,40,129.0,129.0,129.0,40,2026-09-17T03:44:43.0730500Z,2026-09-17T03:49:50.7503737Z,results/matrix-20260916-2305/full-book-5000/processes.jsonl
single,book,5000,book-reviews-a4-static-1,69b93e454d61,bundle,1,70772,0.030017948717948717,0.0,0.1406,39,35.87890625,35.87890625,35.87890625,40,9.0,9.0,9.0,40,2026-09-17T03:44:41.6335791Z,2026-09-17T03:49:50.2261422Z,results/matrix-20260916-2305/full-book-5000/processes.jsonl
single,book,5000,book-reviews-a4-static-1,69b93e454d61,runc:[2:INIT],15159,698768,,,,0,11.09375,11.09375,11.09375,1,6.0,6.0,6.0,1,2026-09-17T03:46:09.9759740Z,2026-09-17T03:46:09.9759740Z,results/matrix-20260916-2305/full-book-5000/processes.jsonl
single,book,5000,book-reviews-a4-redis-1,87235cf2e925,redis-server,1,18846,0.5839820512820513,0.419,0.7557,39,13.08671875,12.27734375,14.02734375,40,6.0,6.0,6.0,40,2026-09-17T03:44:42.3216380Z,2026-09-17T03:49:50.4974178Z,results/matrix-20260916-2305/full-book-5000/processes.jsonl
single,book,5000,book-reviews-a4-traefik-1,9848c97527b3,traefik,1,18847,2.6690128205128207,1.1208,2.9814,39,105.11328125,103.67578125,105.30078125,40,17.025,17.0,18.0,40,2026-09-17T03:44:42.6530754Z,2026-09-17T03:49:50.6177690Z,results/matrix-20260916-2305/full-book-5000/processes.jsonl
single,book,5000,book-reviews-a4-traefik-1,9848c97527b3,runc:[2:INIT],29472,698809,,,,0,11.41015625,11.41015625,11.41015625,1,6.0,6.0,6.0,1,2026-09-17T03:46:10.3849448Z,2026-09-17T03:46:10.3849448Z,results/matrix-20260916-2305/full-book-5000/processes.jsonl
single,book,5000,book-reviews-a4-web-1,a42d74844cf7,ruby,1,89546,10.246620512820513,3.3792,10.875,39,144.7021484375,144.5,145.671875,40,11.0,11.0,11.0,40,2026-09-17T03:44:41.2576258Z,2026-09-17T03:49:50.0906263Z,results/matrix-20260916-2305/full-book-5000/processes.jsonl
single,book,5000,book-reviews-a4-db-1,ca43277e8356,postgres,1,18849,0.03578461538461539,0.0,0.2494,39,26.00390625,26.00390625,26.00390625,40,1.0,1.0,1.0,40,2026-09-17T03:44:41.9604605Z,2026-09-17T03:49:50.3680773Z,results/matrix-20260916-2305/full-book-5000/processes.jsonl
single,book,5000,book-reviews-a4-db-1,ca43277e8356,postgres,27,18905,0.0,0.0,0.0,39,6.875,6.875,6.875,40,1.0,1.0,1.0,40,2026-09-17T03:44:41.9604605Z,2026-09-17T03:49:50.3680773Z,results/matrix-20260916-2305/full-book-5000/processes.jsonl
single,book,5000,book-reviews-a4-db-1,ca43277e8356,postgres,28,18905,0.0,0.0,0.0,39,5.9296875,5.9296875,5.9296875,40,1.0,1.0,1.0,40,2026-09-17T03:44:41.9604605Z,2026-09-17T03:49:50.3680773Z,results/matrix-20260916-2305/full-book-5000/processes.jsonl
single,book,5000,book-reviews-a4-db-1,ca43277e8356,postgres,38,19205,0.0,0.0,0.0,39,9.015625,9.015625,9.015625,40,1.0,1.0,1.0,40,2026-09-17T03:44:41.9604605Z,2026-09-17T03:49:50.3680773Z,results/matrix-20260916-2305/full-book-5000/processes.jsonl
single,book,5000,book-reviews-a4-db-1,ca43277e8356,postgres,39,19205,0.0031692307692307692,0.0,0.1236,39,7.63671875,7.63671875,7.63671875,40,1.0,1.0,1.0,40,2026-09-17T03:44:41.9604605Z,2026-09-17T03:49:50.3680773Z,results/matrix-20260916-2305/full-book-5000/processes.jsonl
single,book,5000,book-reviews-a4-db-1,ca43277e8356,postgres,40,19205,0.0,0.0,0.0,39,6.75390625,6.75390625,6.75390625,40,1.0,1.0,1.0,40,2026-09-17T03:44:41.9604605Z,2026-09-17T03:49:50.3680773Z,results/matrix-20260916-2305/full-book-5000/processes.jsonl
single,book,5000,book-reviews-a4-db-1,ca43277e8356,postgres,25281,510403,0.9118333333333334,0.0,1.8797,39,16.3125,16.3125,16.3125,40,1.0,1.0,1.0,40,2026-09-17T03:44:41.9604605Z,2026-09-17T03:49:50.3680773Z,results/matrix-20260916-2305/full-book-5000/processes.jsonl
single,book,5000,book-reviews-a4-db-1,ca43277e8356,postgres,31567,627579,0.7396128205128205,0.0,1.8284,39,16.1072265625,15.56640625,16.12109375,40,1.0,1.0,1.0,40,2026-09-17T03:44:41.9604605Z,2026-09-17T03:49:50.3680773Z,results/matrix-20260916-2305/full-book-5000/processes.jsonl
single,search,1,book-reviews-a4-opensearch-1,48f7e9560c08,java,1,18849,0.9460175,0.5284,4.7315,40,1422.4373094512196,1414.2421875,1422.8671875,41,126.97560975609755,125.0,128.0,41,2026-09-17T02:15:23.5897816Z,2026-09-17T02:20:34.4062624Z,results/matrix-20260916-2305/full-search-1/processes.jsonl
single,search,1,book-reviews-a4-static-1,69b93e454d61,bundle,1,70772,0.0285825,0.0,0.1312,40,30.94483612804878,30.83203125,30.95703125,41,9.0,9.0,9.0,41,2026-09-17T02:15:22.5074256Z,2026-09-17T02:20:33.9424538Z,results/matrix-20260916-2305/full-search-1/processes.jsonl
single,search,1,book-reviews-a4-redis-1,87235cf2e925,redis-server,1,18846,0.2956725,0.2522,0.3968,40,9.15234375,9.15234375,9.15234375,41,6.0,6.0,6.0,41,2026-09-17T02:15:23.0511477Z,2026-09-17T02:20:34.1777802Z,results/matrix-20260916-2305/full-search-1/processes.jsonl
single,search,1,book-reviews-a4-traefik-1,9848c97527b3,traefik,1,18847,0.19935,0.1271,0.3778,40,99.93740472560975,99.76171875,100.13671875,41,17.0,17.0,17.0,41,2026-09-17T02:15:23.3195424Z,2026-09-17T02:20:34.2890913Z,results/matrix-20260916-2305/full-search-1/processes.jsonl
single,search,1,book-reviews-a4-web-1,a42d74844cf7,ruby,1,89546,0.1568425,0.0,1.2658,40,125.32802972560975,124.23046875,125.4765625,41,10.975609756097562,10.0,11.0,41,2026-09-17T02:15:22.2075585Z,2026-09-17T02:20:33.8380396Z,results/matrix-20260916-2305/full-search-1/processes.jsonl
single,search,1,book-reviews-a4-db-1,ca43277e8356,postgres,1,18849,0.025552500000000002,0.0,0.1282,40,26.00390625,26.00390625,26.00390625,41,1.0,1.0,1.0,41,2026-09-17T02:15:22.7771966Z,2026-09-17T02:20:34.0595909Z,results/matrix-20260916-2305/full-search-1/processes.jsonl
single,search,1,book-reviews-a4-db-1,ca43277e8356,postgres,27,18905,0.0,0.0,0.0,40,6.875,6.875,6.875,41,1.0,1.0,1.0,41,2026-09-17T02:15:22.7771966Z,2026-09-17T02:20:34.0595909Z,results/matrix-20260916-2305/full-search-1/processes.jsonl
single,search,1,book-reviews-a4-db-1,ca43277e8356,postgres,28,18905,0.0,0.0,0.0,40,5.9296875,5.9296875,5.9296875,41,1.0,1.0,1.0,41,2026-09-17T02:15:22.7771966Z,2026-09-17T02:20:34.0595909Z,results/matrix-20260916-2305/full-search-1/processes.jsonl
single,search,1,book-reviews-a4-db-1,ca43277e8356,postgres,38,19205,0.0,0.0,0.0,40,9.015625,9.015625,9.015625,41,1.0,1.0,1.0,41,2026-09-17T02:15:22.7771966Z,2026-09-17T02:20:34.0595909Z,results/matrix-20260916-2305/full-search-1/processes.jsonl
single,search,1,book-reviews-a4-db-1,ca43277e8356,postgres,39,19205,0.0,0.0,0.0,40,7.63671875,7.63671875,7.63671875,41,1.0,1.0,1.0,41,2026-09-17T02:15:22.7771966Z,2026-09-17T02:20:34.0595909Z,results/matrix-20260916-2305/full-search-1/processes.jsonl
single,search,1,book-reviews-a4-db-1,ca43277e8356,postgres,40,19205,0.0,0.0,0.0,40,6.75390625,6.75390625,6.75390625,41,1.0,1.0,1.0,41,2026-09-17T02:15:22.7771966Z,2026-09-17T02:20:34.0595909Z,results/matrix-20260916-2305/full-search-1/processes.jsonl
single,search,1,book-reviews-a4-db-1,ca43277e8356,postgres,2840,90058,0.0095825,0.0,0.1282,40,16.890625,16.890625,16.890625,41,1.0,1.0,1.0,41,2026-09-17T02:15:22.7771966Z,2026-09-17T02:20:34.0595909Z,results/matrix-20260916-2305/full-search-1/processes.jsonl
single,search,10,book-reviews-a4-opensearch-1,48f7e9560c08,java,1,18849,0.8965625,0.5155,2.551,40,1423.7482850609756,1422.8671875,1426.2421875,41,127.0,127.0,127.0,41,2026-09-17T02:36:25.1755826Z,2026-09-17T02:41:34.2316913Z,results/matrix-20260916-2305/full-search-10/processes.jsonl
single,search,10,book-reviews-a4-static-1,69b93e454d61,bundle,1,70772,0.0359875,0.0,0.1374,40,33.31373856707317,33.08203125,33.45703125,41,9.0,9.0,9.0,41,2026-09-17T02:36:24.1458399Z,2026-09-17T02:41:33.7493591Z,results/matrix-20260916-2305/full-search-10/processes.jsonl
single,search,10,book-reviews-a4-redis-1,87235cf2e925,redis-server,1,18846,0.32663,0.1277,0.5115,40,9.15234375,9.15234375,9.15234375,41,6.0,6.0,6.0,41,2026-09-17T02:36:24.6449206Z,2026-09-17T02:41:33.9935204Z,results/matrix-20260916-2305/full-search-10/processes.jsonl
single,search,10,book-reviews-a4-traefik-1,9848c97527b3,traefik,1,18847,0.2261775,0.0,0.5038,40,100.375,100.375,100.375,41,17.0,17.0,17.0,41,2026-09-17T02:36:24.9129416Z,2026-09-17T02:41:34.1140567Z,results/matrix-20260916-2305/full-search-10/processes.jsonl
single,search,10,book-reviews-a4-traefik-1,9848c97527b3,runc:[2:INIT],11385,288573,,,,0,9.8359375,9.8359375,9.8359375,1,6.0,6.0,6.0,1,2026-09-17T02:37:48.2090151Z,2026-09-17T02:37:48.2090151Z,results/matrix-20260916-2305/full-search-10/processes.jsonl
single,search,10,book-reviews-a4-web-1,a42d74844cf7,ruby,1,89546,0.182645,0.0,0.5161,40,129.47751524390245,129.1953125,129.84375,41,11.0,11.0,11.0,41,2026-09-17T02:36:23.8908087Z,2026-09-17T02:41:33.6265033Z,results/matrix-20260916-2305/full-search-10/processes.jsonl
single,search,10,book-reviews-a4-db-1,ca43277e8356,postgres,1,18849,0.0318625,0.0,0.1292,40,26.00390625,26.00390625,26.00390625,41,1.0,1.0,1.0,41,2026-09-17T02:36:24.3892232Z,2026-09-17T02:41:33.8779301Z,results/matrix-20260916-2305/full-search-10/processes.jsonl
single,search,10,book-reviews-a4-db-1,ca43277e8356,postgres,27,18905,0.0,0.0,0.0,40,6.875,6.875,6.875,41,1.0,1.0,1.0,41,2026-09-17T02:36:24.3892232Z,2026-09-17T02:41:33.8779301Z,results/matrix-20260916-2305/full-search-10/processes.jsonl
single,search,10,book-reviews-a4-db-1,ca43277e8356,postgres,28,18905,0.0,0.0,0.0,40,5.9296875,5.9296875,5.9296875,41,1.0,1.0,1.0,41,2026-09-17T02:36:24.3892232Z,2026-09-17T02:41:33.8779301Z,results/matrix-20260916-2305/full-search-10/processes.jsonl
single,search,10,book-reviews-a4-db-1,ca43277e8356,postgres,38,19205,0.0031725000000000004,0.0,0.1269,40,9.015625,9.015625,9.015625,41,1.0,1.0,1.0,41,2026-09-17T02:36:24.3892232Z,2026-09-17T02:41:33.8779301Z,results/matrix-20260916-2305/full-search-10/processes.jsonl
single,search,10,book-reviews-a4-db-1,ca43277e8356,postgres,39,19205,0.003225,0.0,0.129,40,7.63671875,7.63671875,7.63671875,41,1.0,1.0,1.0,41,2026-09-17T02:36:24.3892232Z,2026-09-17T02:41:33.8779301Z,results/matrix-20260916-2305/full-search-10/processes.jsonl
single,search,10,book-reviews-a4-db-1,ca43277e8356,postgres,40,19205,0.0,0.0,0.0,40,6.75390625,6.75390625,6.75390625,41,1.0,1.0,1.0,41,2026-09-17T02:36:24.3892232Z,2026-09-17T02:41:33.8779301Z,results/matrix-20260916-2305/full-search-10/processes.jsonl
single,search,10,book-reviews-a4-db-1,ca43277e8356,postgres,7951,185899,0.0163925,0.0,0.2532,40,15.796875,15.796875,15.796875,41,1.0,1.0,1.0,41,2026-09-17T02:36:24.3892232Z,2026-09-17T02:41:33.8779301Z,results/matrix-20260916-2305/full-search-10/processes.jsonl
single,search,10,book-reviews-a4-db-1,ca43277e8356,runc:[2:INIT],14108,300237,,,,0,10.15234375,10.15234375,10.15234375,1,6.0,6.0,6.0,1,2026-09-17T02:39:44.8552875Z,2026-09-17T02:39:44.8552875Z,results/matrix-20260916-2305/full-search-10/processes.jsonl
single,search,100,book-reviews-a4-opensearch-1,48f7e9560c08,java,1,18849,1.3621615384615384,0.8363,2.133,39,1430.7578125,1430.6171875,1430.8671875,40,129.0,129.0,129.0,40,2026-09-17T02:57:20.2410890Z,2026-09-17T03:02:27.8304461Z,results/matrix-20260916-2305/full-search-100/processes.jsonl
single,search,100,book-reviews-a4-static-1,69b93e454d61,bundle,1,70772,0.038779487179487176,0.0,0.1377,39,34.08046875,33.98046875,34.10546875,40,9.0,9.0,9.0,40,2026-09-17T02:57:19.0053623Z,2026-09-17T03:02:27.0520437Z,results/matrix-20260916-2305/full-search-100/processes.jsonl
single,search,100,book-reviews-a4-redis-1,87235cf2e925,redis-server,1,18846,0.3570692307692308,0.2494,0.5038,39,9.15234375,9.15234375,9.15234375,40,6.0,6.0,6.0,40,2026-09-17T02:57:19.6667222Z,2026-09-17T03:02:27.4048124Z,results/matrix-20260916-2305/full-search-100/processes.jsonl
single,search,100,book-reviews-a4-traefik-1,9848c97527b3,traefik,1,18847,0.31156410256410255,0.1252,0.5038,39,101.93046875,101.62109375,102.37109375,40,17.0,17.0,17.0,40,2026-09-17T02:57:19.9447964Z,2026-09-17T03:02:27.6052687Z,results/matrix-20260916-2305/full-search-100/processes.jsonl
single,search,100,book-reviews-a4-traefik-1,9848c97527b3,traefik,17639,429373,,,,0,51.65234375,51.65234375,51.65234375,1,9.0,9.0,9.0,1,2026-09-17T03:01:16.2055743Z,2026-09-17T03:01:16.2055743Z,results/matrix-20260916-2305/full-search-100/processes.jsonl
single,search,100,book-reviews-a4-web-1,a42d74844cf7,ruby,1,89546,0.502248717948718,0.25,1.105,39,134.7044921875,133.828125,135.19140625,40,11.0,11.0,11.0,40,2026-09-17T02:57:18.5972421Z,2026-09-17T03:02:26.8521262Z,results/matrix-20260916-2305/full-search-100/processes.jsonl
single,search,100,book-reviews-a4-db-1,ca43277e8356,postgres,1,18849,0.03208974358974359,0.0,0.1269,39,26.00390625,26.00390625,26.00390625,40,1.0,1.0,1.0,40,2026-09-17T02:57:19.3107733Z,2026-09-17T03:02:27.2301658Z,results/matrix-20260916-2305/full-search-100/processes.jsonl
single,search,100,book-reviews-a4-db-1,ca43277e8356,postgres,27,18905,0.0,0.0,0.0,39,6.875,6.875,6.875,40,1.0,1.0,1.0,40,2026-09-17T02:57:19.3107733Z,2026-09-17T03:02:27.2301658Z,results/matrix-20260916-2305/full-search-100/processes.jsonl
single,search,100,book-reviews-a4-db-1,ca43277e8356,postgres,28,18905,0.006474358974358974,0.0,0.2525,39,5.9296875,5.9296875,5.9296875,40,1.0,1.0,1.0,40,2026-09-17T02:57:19.3107733Z,2026-09-17T03:02:27.2301658Z,results/matrix-20260916-2305/full-search-100/processes.jsonl
single,search,100,book-reviews-a4-db-1,ca43277e8356,postgres,38,19205,0.0,0.0,0.0,39,9.015625,9.015625,9.015625,40,1.0,1.0,1.0,40,2026-09-17T02:57:19.3107733Z,2026-09-17T03:02:27.2301658Z,results/matrix-20260916-2305/full-search-100/processes.jsonl
single,search,100,book-reviews-a4-db-1,ca43277e8356,postgres,39,19205,0.0,0.0,0.0,39,7.63671875,7.63671875,7.63671875,40,1.0,1.0,1.0,40,2026-09-17T02:57:19.3107733Z,2026-09-17T03:02:27.2301658Z,results/matrix-20260916-2305/full-search-100/processes.jsonl
single,search,100,book-reviews-a4-db-1,ca43277e8356,postgres,40,19205,0.0,0.0,0.0,39,6.75390625,6.75390625,6.75390625,40,1.0,1.0,1.0,40,2026-09-17T02:57:19.3107733Z,2026-09-17T03:02:27.2301658Z,results/matrix-20260916-2305/full-search-100/processes.jsonl
single,search,100,book-reviews-a4-db-1,ca43277e8356,postgres,7951,185899,0.03209230769230769,0.0,0.1269,39,16.3515625,16.3515625,16.3515625,40,1.0,1.0,1.0,40,2026-09-17T02:57:19.3107733Z,2026-09-17T03:02:27.2301658Z,results/matrix-20260916-2305/full-search-100/processes.jsonl
single,search,1000,book-reviews-a4-opensearch-1,48f7e9560c08,java,1,18849,4.706446153846154,0.7528,12.625,39,1439.7828125,1431.2421875,1447.6171875,40,129.0,129.0,129.0,40,2026-09-17T03:18:13.7370572Z,2026-09-17T03:23:22.6202007Z,results/matrix-20260916-2305/full-search-1000/processes.jsonl
single,search,1000,book-reviews-a4-static-1,69b93e454d61,bundle,1,70772,0.03247692307692308,0.0,0.2484,39,35.24921875,35.12109375,35.37109375,40,9.0,9.0,9.0,40,2026-09-17T03:18:12.3684345Z,2026-09-17T03:23:22.0574488Z,results/matrix-20260916-2305/full-search-1000/processes.jsonl
single,search,1000,book-reviews-a4-redis-1,87235cf2e925,redis-server,1,18846,0.4208923076923077,0.2488,0.6211,39,9.31796875,9.27734375,9.40234375,40,6.0,6.0,6.0,40,2026-09-17T03:18:13.0128928Z,2026-09-17T03:23:22.3452838Z,results/matrix-20260916-2305/full-search-1000/processes.jsonl
single,search,1000,book-reviews-a4-traefik-1,9848c97527b3,traefik,1,18847,0.7888,0.5025,1.5345,39,103.6791015625,102.50390625,104.38671875,40,17.0,17.0,17.0,40,2026-09-17T03:18:13.3469478Z,2026-09-17T03:23:22.4742369Z,results/matrix-20260916-2305/full-search-1000/processes.jsonl
single,search,1000,book-reviews-a4-web-1,a42d74844cf7,ruby,1,89546,2.732125641025641,0.6281,3.0113,39,142.73447265625,142.18359375,143.65234375,40,11.0,11.0,11.0,40,2026-09-17T03:18:12.0127312Z,2026-09-17T03:23:21.9215225Z,results/matrix-20260916-2305/full-search-1000/processes.jsonl
single,search,1000,book-reviews-a4-web-1,a42d74844cf7,runc:[2:INIT],15538,532627,,,,0,11.30859375,11.30859375,11.30859375,1,6.0,6.0,6.0,1,2026-09-17T03:18:28.6440414Z,2026-09-17T03:18:28.6440414Z,results/matrix-20260916-2305/full-search-1000/processes.jsonl
single,search,1000,book-reviews-a4-db-1,ca43277e8356,postgres,1,18849,0.03912564102564103,0.0,0.1414,39,26.00390625,26.00390625,26.00390625,40,1.0,1.0,1.0,40,2026-09-17T03:18:12.6802149Z,2026-09-17T03:23:22.2069102Z,results/matrix-20260916-2305/full-search-1000/processes.jsonl
single,search,1000,book-reviews-a4-db-1,ca43277e8356,postgres,27,18905,0.0,0.0,0.0,39,6.875,6.875,6.875,40,1.0,1.0,1.0,40,2026-09-17T03:18:12.6802149Z,2026-09-17T03:23:22.2069102Z,results/matrix-20260916-2305/full-search-1000/processes.jsonl
single,search,1000,book-reviews-a4-db-1,ca43277e8356,postgres,28,18905,0.0,0.0,0.0,39,5.9296875,5.9296875,5.9296875,40,1.0,1.0,1.0,40,2026-09-17T03:18:12.6802149Z,2026-09-17T03:23:22.2069102Z,results/matrix-20260916-2305/full-search-1000/processes.jsonl
single,search,1000,book-reviews-a4-db-1,ca43277e8356,postgres,38,19205,0.0,0.0,0.0,39,9.015625,9.015625,9.015625,40,1.0,1.0,1.0,40,2026-09-17T03:18:12.6802149Z,2026-09-17T03:23:22.2069102Z,results/matrix-20260916-2305/full-search-1000/processes.jsonl
single,search,1000,book-reviews-a4-db-1,ca43277e8356,postgres,39,19205,0.0,0.0,0.0,39,7.63671875,7.63671875,7.63671875,40,1.0,1.0,1.0,40,2026-09-17T03:18:12.6802149Z,2026-09-17T03:23:22.2069102Z,results/matrix-20260916-2305/full-search-1000/processes.jsonl
single,search,1000,book-reviews-a4-db-1,ca43277e8356,postgres,40,19205,0.0,0.0,0.0,39,6.75390625,6.75390625,6.75390625,40,1.0,1.0,1.0,40,2026-09-17T03:18:12.6802149Z,2026-09-17T03:23:22.2069102Z,results/matrix-20260916-2305/full-search-1000/processes.jsonl
single,search,1000,book-reviews-a4-db-1,ca43277e8356,postgres,7951,185899,0.10576153846153846,0.0,0.3797,39,17.3046875,17.3046875,17.3046875,40,1.0,1.0,1.0,40,2026-09-17T03:18:12.6802149Z,2026-09-17T03:23:22.2069102Z,results/matrix-20260916-2305/full-search-1000/processes.jsonl
single,search,1000,book-reviews-a4-db-1,ca43277e8356,postgres,25281,510403,0.12415641025641025,0.0,0.3774,39,15.7578125,15.7578125,15.7578125,40,1.0,1.0,1.0,40,2026-09-17T03:18:12.6802149Z,2026-09-17T03:23:22.2069102Z,results/matrix-20260916-2305/full-search-1000/processes.jsonl
single,search,1000,book-reviews-a4-db-1,ca43277e8356,runc:[2:INIT],26700,536646,,,,0,11.0390625,11.0390625,11.0390625,1,6.0,6.0,6.0,1,2026-09-17T03:19:08.8553558Z,2026-09-17T03:19:08.8553558Z,results/matrix-20260916-2305/full-search-1000/processes.jsonl
single,search,5000,book-reviews-a4-opensearch-1,48f7e9560c08,java,1,18849,9.690084615384615,0.8685,17.7296,39,1470.7546875,1448.2421875,1502.2421875,40,129.125,129.0,131.0,40,2026-09-17T03:39:22.1865746Z,2026-09-17T03:44:34.7601078Z,results/matrix-20260916-2305/full-search-5000/processes.jsonl
single,search,5000,book-reviews-a4-static-1,69b93e454d61,bundle,1,70772,0.03227948717948718,0.0,0.1309,39,35.85703125,35.75390625,35.87890625,40,9.0,9.0,9.0,40,2026-09-17T03:39:20.8090639Z,2026-09-17T03:44:34.2363771Z,results/matrix-20260916-2305/full-search-5000/processes.jsonl
single,search,5000,book-reviews-a4-redis-1,87235cf2e925,redis-server,1,18846,0.5845871794871795,0.2466,0.7481,39,11.56796875,11.02734375,12.27734375,40,6.0,6.0,6.0,40,2026-09-17T03:39:21.4925679Z,2026-09-17T03:44:34.5040989Z,results/matrix-20260916-2305/full-search-5000/processes.jsonl
single,search,5000,book-reviews-a4-redis-1,87235cf2e925,runc:[2:INIT],14177,679591,,,,0,10.78515625,10.78515625,10.78515625,1,6.0,6.0,6.0,1,2026-09-17T03:42:58.2091465Z,2026-09-17T03:42:58.2091465Z,results/matrix-20260916-2305/full-search-5000/processes.jsonl
single,search,5000,book-reviews-a4-traefik-1,9848c97527b3,traefik,1,18847,2.896425641025641,0.2466,3.4965,39,104.61103515625,103.515625,105.25390625,40,17.0,17.0,17.0,40,2026-09-17T03:39:21.8074320Z,2026-09-17T03:44:34.6288715Z,results/matrix-20260916-2305/full-search-5000/processes.jsonl
single,search,5000,book-reviews-a4-web-1,a42d74844cf7,ruby,1,89546,12.557628205128205,0.1225,13.7546,39,145.6509765625,145.1328125,147.84765625,40,11.05,11.0,12.0,40,2026-09-17T03:39:20.4611695Z,2026-09-17T03:44:34.1012267Z,results/matrix-20260916-2305/full-search-5000/processes.jsonl
single,search,5000,book-reviews-a4-db-1,ca43277e8356,postgres,1,18849,0.041605128205128204,0.0,0.1302,39,26.00390625,26.00390625,26.00390625,40,1.0,1.0,1.0,40,2026-09-17T03:39:21.1373953Z,2026-09-17T03:44:34.3740024Z,results/matrix-20260916-2305/full-search-5000/processes.jsonl
single,search,5000,book-reviews-a4-db-1,ca43277e8356,postgres,27,18905,0.0,0.0,0.0,39,6.875,6.875,6.875,40,1.0,1.0,1.0,40,2026-09-17T03:39:21.1373953Z,2026-09-17T03:44:34.3740024Z,results/matrix-20260916-2305/full-search-5000/processes.jsonl
single,search,5000,book-reviews-a4-db-1,ca43277e8356,postgres,28,18905,0.0,0.0,0.0,39,5.9296875,5.9296875,5.9296875,40,1.0,1.0,1.0,40,2026-09-17T03:39:21.1373953Z,2026-09-17T03:44:34.3740024Z,results/matrix-20260916-2305/full-search-5000/processes.jsonl
single,search,5000,book-reviews-a4-db-1,ca43277e8356,postgres,38,19205,0.0,0.0,0.0,39,9.015625,9.015625,9.015625,40,1.0,1.0,1.0,40,2026-09-17T03:39:21.1373953Z,2026-09-17T03:44:34.3740024Z,results/matrix-20260916-2305/full-search-5000/processes.jsonl
single,search,5000,book-reviews-a4-db-1,ca43277e8356,postgres,39,19205,0.0,0.0,0.0,39,7.63671875,7.63671875,7.63671875,40,1.0,1.0,1.0,40,2026-09-17T03:39:21.1373953Z,2026-09-17T03:44:34.3740024Z,results/matrix-20260916-2305/full-search-5000/processes.jsonl
single,search,5000,book-reviews-a4-db-1,ca43277e8356,postgres,40,19205,0.0,0.0,0.0,39,6.75390625,6.75390625,6.75390625,40,1.0,1.0,1.0,40,2026-09-17T03:39:21.1373953Z,2026-09-17T03:44:34.3740024Z,results/matrix-20260916-2305/full-search-5000/processes.jsonl
single,search,5000,book-reviews-a4-db-1,ca43277e8356,postgres,25281,510403,0.5870641025641026,0.0,1.3733,39,16.3125,16.3125,16.3125,40,1.0,1.0,1.0,40,2026-09-17T03:39:21.1373953Z,2026-09-17T03:44:34.3740024Z,results/matrix-20260916-2305/full-search-5000/processes.jsonl
single,search,5000,book-reviews-a4-db-1,ca43277e8356,postgres,31567,627579,0.483874358974359,0.0,1.2392,39,15.56640625,15.56640625,15.56640625,40,1.0,1.0,1.0,40,2026-09-17T03:39:21.1373953Z,2026-09-17T03:44:34.3740024Z,results/matrix-20260916-2305/full-search-5000/processes.jsonl
single,static,1,book-reviews-a4-opensearch-1,48f7e9560c08,java,1,18849,0.9270317073170732,0.4323,6.3636,41,1416.8221726190477,1414.2421875,1417.8671875,42,125.0952380952381,125.0,128.0,42,2026-09-17T02:04:51.2243733Z,2026-09-17T02:10:01.4006940Z,results/matrix-20260916-2305/full-static-1/processes.jsonl
single,static,1,book-reviews-a4-static-1,69b93e454d61,bundle,1,70772,0.022426829268292685,0.0,0.2548,41,30.376674107142858,29.95703125,30.58203125,42,9.0,9.0,9.0,42,2026-09-17T02:04:50.3254938Z,2026-09-17T02:10:00.9688501Z,results/matrix-20260916-2305/full-static-1/processes.jsonl
single,static,1,book-reviews-a4-redis-1,87235cf2e925,redis-server,1,18846,0.28760243902439026,0.1285,0.4367,41,9.15234375,9.15234375,9.15234375,42,6.0,6.0,6.0,42,2026-09-17T02:04:50.7822072Z,2026-09-17T02:10:01.1887523Z,results/matrix-20260916-2305/full-static-1/processes.jsonl
single,static,1,book-reviews-a4-redis-1,87235cf2e925,runc:[2:INIT],1215,98382,,,,0,11.23828125,11.23828125,11.23828125,1,6.0,6.0,6.0,1,2026-09-17T02:06:06.3853449Z,2026-09-17T02:06:06.3853449Z,results/matrix-20260916-2305/full-static-1/processes.jsonl
single,static,1,book-reviews-a4-traefik-1,9848c97527b3,traefik,1,18847,0.18678536585365854,0.0,0.2937,41,99.24944196428571,99.09765625,99.47265625,42,17.0,17.0,17.0,42,2026-09-17T02:04:51.0005817Z,2026-09-17T02:10:01.2907878Z,results/matrix-20260916-2305/full-static-1/processes.jsonl
single,static,1,book-reviews-a4-traefik-1,9848c97527b3,runc:[2:INIT],3318,107396,,,,0,10.6875,10.6875,10.6875,1,6.0,6.0,6.0,1,2026-09-17T02:07:36.5219483Z,2026-09-17T02:07:36.5219483Z,results/matrix-20260916-2305/full-static-1/processes.jsonl
single,static,1,book-reviews-a4-web-1,a42d74844cf7,ruby,1,89546,0.22119268292682925,0.0,1.1598,41,116.17057291666667,112.50390625,120.37890625,42,10.0,10.0,10.0,42,2026-09-17T02:04:50.0737164Z,2026-09-17T02:10:00.8565019Z,results/matrix-20260916-2305/full-static-1/processes.jsonl
single,static,1,book-reviews-a4-db-1,ca43277e8356,postgres,1,18849,0.02917560975609756,0.0,0.1473,41,26.00390625,26.00390625,26.00390625,42,1.0,1.0,1.0,42,2026-09-17T02:04:50.5499289Z,2026-09-17T02:10:01.0786257Z,results/matrix-20260916-2305/full-static-1/processes.jsonl
single,static,1,book-reviews-a4-db-1,ca43277e8356,postgres,27,18905,0.0,0.0,0.0,41,6.875,6.875,6.875,42,1.0,1.0,1.0,42,2026-09-17T02:04:50.5499289Z,2026-09-17T02:10:01.0786257Z,results/matrix-20260916-2305/full-static-1/processes.jsonl
single,static,1,book-reviews-a4-db-1,ca43277e8356,postgres,28,18905,0.0,0.0,0.0,41,5.9296875,5.9296875,5.9296875,42,1.0,1.0,1.0,42,2026-09-17T02:04:50.5499289Z,2026-09-17T02:10:01.0786257Z,results/matrix-20260916-2305/full-static-1/processes.jsonl
single,static,1,book-reviews-a4-db-1,ca43277e8356,postgres,38,19205,0.0,0.0,0.0,41,9.015625,9.015625,9.015625,42,1.0,1.0,1.0,42,2026-09-17T02:04:50.5499289Z,2026-09-17T02:10:01.0786257Z,results/matrix-20260916-2305/full-static-1/processes.jsonl
single,static,1,book-reviews-a4-db-1,ca43277e8356,postgres,39,19205,0.0,0.0,0.0,41,7.63671875,7.63671875,7.63671875,42,1.0,1.0,1.0,42,2026-09-17T02:04:50.5499289Z,2026-09-17T02:10:01.0786257Z,results/matrix-20260916-2305/full-static-1/processes.jsonl
single,static,1,book-reviews-a4-db-1,ca43277e8356,postgres,40,19205,0.0,0.0,0.0,41,6.75390625,6.75390625,6.75390625,42,1.0,1.0,1.0,42,2026-09-17T02:04:50.5499289Z,2026-09-17T02:10:01.0786257Z,results/matrix-20260916-2305/full-static-1/processes.jsonl
single,static,1,book-reviews-a4-db-1,ca43277e8356,postgres,2840,90058,0.006312195121951219,0.0,0.1294,41,14.0,14.0,14.0,42,1.0,1.0,1.0,42,2026-09-17T02:04:50.5499289Z,2026-09-17T02:10:01.0786257Z,results/matrix-20260916-2305/full-static-1/processes.jsonl
single,static,10,book-reviews-a4-opensearch-1,48f7e9560c08,java,1,18849,0.750665,0.5168,2.0134,40,1422.8671875,1422.8671875,1422.8671875,41,127.0,127.0,127.0,41,2026-09-17T02:25:57.4000394Z,2026-09-17T02:31:06.7118062Z,results/matrix-20260916-2305/full-static-10/processes.jsonl
single,static,10,book-reviews-a4-static-1,69b93e454d61,bundle,1,70772,0.028625,0.0,0.1328,40,32.07593368902439,31.33203125,32.58203125,41,9.0,9.0,9.0,41,2026-09-17T02:25:56.3211999Z,2026-09-17T02:31:06.3488276Z,results/matrix-20260916-2305/full-static-10/processes.jsonl
single,static,10,book-reviews-a4-redis-1,87235cf2e925,redis-server,1,18846,0.303365,0.1269,0.5096,40,9.15234375,9.15234375,9.15234375,41,6.0,6.0,6.0,41,2026-09-17T02:25:56.8654276Z,2026-09-17T02:31:06.5314886Z,results/matrix-20260916-2305/full-static-10/processes.jsonl
single,static,10,book-reviews-a4-traefik-1,9848c97527b3,traefik,1,18847,0.2132625,0.1266,0.3937,40,100.36537728658537,100.26171875,100.51171875,41,17.0,17.0,17.0,41,2026-09-17T02:25:57.1265445Z,2026-09-17T02:31:06.6182843Z,results/matrix-20260916-2305/full-static-10/processes.jsonl
single,static,10,book-reviews-a4-web-1,a42d74844cf7,ruby,1,89546,0.1351375,0.0,0.2695,40,127.70598323170732,127.546875,127.796875,41,11.0,11.0,11.0,41,2026-09-17T02:25:56.0471377Z,2026-09-17T02:31:06.2570707Z,results/matrix-20260916-2305/full-static-10/processes.jsonl
single,static,10,book-reviews-a4-db-1,ca43277e8356,postgres,1,18849,0.02879,0.0,0.1309,40,26.00390625,26.00390625,26.00390625,41,1.0,1.0,1.0,41,2026-09-17T02:25:56.5691980Z,2026-09-17T02:31:06.4388240Z,results/matrix-20260916-2305/full-static-10/processes.jsonl
single,static,10,book-reviews-a4-db-1,ca43277e8356,postgres,27,18905,0.0,0.0,0.0,40,6.875,6.875,6.875,41,1.0,1.0,1.0,41,2026-09-17T02:25:56.5691980Z,2026-09-17T02:31:06.4388240Z,results/matrix-20260916-2305/full-static-10/processes.jsonl
single,static,10,book-reviews-a4-db-1,ca43277e8356,postgres,28,18905,0.0,0.0,0.0,40,5.9296875,5.9296875,5.9296875,41,1.0,1.0,1.0,41,2026-09-17T02:25:56.5691980Z,2026-09-17T02:31:06.4388240Z,results/matrix-20260916-2305/full-static-10/processes.jsonl
single,static,10,book-reviews-a4-db-1,ca43277e8356,postgres,38,19205,0.0,0.0,0.0,40,9.015625,9.015625,9.015625,41,1.0,1.0,1.0,41,2026-09-17T02:25:56.5691980Z,2026-09-17T02:31:06.4388240Z,results/matrix-20260916-2305/full-static-10/processes.jsonl
single,static,10,book-reviews-a4-db-1,ca43277e8356,postgres,39,19205,0.0,0.0,0.0,40,7.63671875,7.63671875,7.63671875,41,1.0,1.0,1.0,41,2026-09-17T02:25:56.5691980Z,2026-09-17T02:31:06.4388240Z,results/matrix-20260916-2305/full-static-10/processes.jsonl
single,static,10,book-reviews-a4-db-1,ca43277e8356,postgres,40,19205,0.0,0.0,0.0,40,6.75390625,6.75390625,6.75390625,41,1.0,1.0,1.0,41,2026-09-17T02:25:56.5691980Z,2026-09-17T02:31:06.4388240Z,results/matrix-20260916-2305/full-static-10/processes.jsonl
single,static,10,book-reviews-a4-db-1,ca43277e8356,postgres,2840,90058,0.0,0.0,0.0,5,17.24609375,17.24609375,17.24609375,6,1.0,1.0,1.0,6,2026-09-17T02:25:56.5691980Z,2026-09-17T02:26:35.4853110Z,results/matrix-20260916-2305/full-static-10/processes.jsonl
single,static,10,book-reviews-a4-db-1,ca43277e8356,postgres,7951,185899,0.00634,0.0,0.1272,40,14.046875,14.046875,14.046875,41,1.0,1.0,1.0,41,2026-09-17T02:25:56.5691980Z,2026-09-17T02:31:06.4388240Z,results/matrix-20260916-2305/full-static-10/processes.jsonl
single,static,100,book-reviews-a4-opensearch-1,48f7e9560c08,java,1,18849,0.6569634146341463,0.4431,1.2903,41,1426.3671875,1426.3671875,1426.3671875,42,127.0,127.0,127.0,42,2026-09-17T02:46:51.2979347Z,2026-09-17T02:52:02.7634125Z,results/matrix-20260916-2305/full-static-100/processes.jsonl
single,static,100,book-reviews-a4-static-1,69b93e454d61,bundle,1,70772,0.05815365853658536,0.0,0.2937,41,33.742559523809526,33.45703125,33.98046875,42,9.0,9.0,9.0,42,2026-09-17T02:46:50.3257524Z,2026-09-17T02:52:02.2170833Z,results/matrix-20260916-2305/full-static-100/processes.jsonl
single,static,100,book-reviews-a4-redis-1,87235cf2e925,redis-server,1,18846,0.29557560975609753,0.1277,0.4367,41,9.15234375,9.15234375,9.15234375,42,6.0,6.0,6.0,42,2026-09-17T02:46:50.8102262Z,2026-09-17T02:52:02.4343719Z,results/matrix-20260916-2305/full-static-100/processes.jsonl
single,static,100,book-reviews-a4-traefik-1,9848c97527b3,traefik,1,18847,0.2596341463414634,0.1267,0.7444,41,101.17466517857143,100.875,102.18359375,42,17.0,17.0,17.0,42,2026-09-17T02:46:51.0634094Z,2026-09-17T02:52:02.6063719Z,results/matrix-20260916-2305/full-static-100/processes.jsonl
single,static,100,book-reviews-a4-web-1,a42d74844cf7,ruby,1,89546,0.1249439024390244,0.0,0.2937,41,130.8257068452381,130.66796875,130.91796875,42,11.0,11.0,11.0,42,2026-09-17T02:46:50.0798297Z,2026-09-17T02:52:02.1081996Z,results/matrix-20260916-2305/full-static-100/processes.jsonl
single,static,100,book-reviews-a4-db-1,ca43277e8356,postgres,1,18849,0.026021951219512195,0.0,0.1475,41,26.00390625,26.00390625,26.00390625,42,1.0,1.0,1.0,42,2026-09-17T02:46:50.5562170Z,2026-09-17T02:52:02.3260770Z,results/matrix-20260916-2305/full-static-100/processes.jsonl
single,static,100,book-reviews-a4-db-1,ca43277e8356,postgres,27,18905,0.0,0.0,0.0,41,6.875,6.875,6.875,42,1.0,1.0,1.0,42,2026-09-17T02:46:50.5562170Z,2026-09-17T02:52:02.3260770Z,results/matrix-20260916-2305/full-static-100/processes.jsonl
single,static,100,book-reviews-a4-db-1,ca43277e8356,postgres,28,18905,0.0,0.0,0.0,41,5.9296875,5.9296875,5.9296875,42,1.0,1.0,1.0,42,2026-09-17T02:46:50.5562170Z,2026-09-17T02:52:02.3260770Z,results/matrix-20260916-2305/full-static-100/processes.jsonl
single,static,100,book-reviews-a4-db-1,ca43277e8356,postgres,38,19205,0.0,0.0,0.0,41,9.015625,9.015625,9.015625,42,1.0,1.0,1.0,42,2026-09-17T02:46:50.5562170Z,2026-09-17T02:52:02.3260770Z,results/matrix-20260916-2305/full-static-100/processes.jsonl
single,static,100,book-reviews-a4-db-1,ca43277e8356,postgres,39,19205,0.0031463414634146343,0.0,0.129,41,7.63671875,7.63671875,7.63671875,42,1.0,1.0,1.0,42,2026-09-17T02:46:50.5562170Z,2026-09-17T02:52:02.3260770Z,results/matrix-20260916-2305/full-static-100/processes.jsonl
single,static,100,book-reviews-a4-db-1,ca43277e8356,postgres,40,19205,0.0,0.0,0.0,41,6.75390625,6.75390625,6.75390625,42,1.0,1.0,1.0,42,2026-09-17T02:46:50.5562170Z,2026-09-17T02:52:02.3260770Z,results/matrix-20260916-2305/full-static-100/processes.jsonl
single,static,100,book-reviews-a4-db-1,ca43277e8356,postgres,7951,185899,0.009453658536585367,0.0,0.1295,41,16.3515625,16.3515625,16.3515625,42,1.0,1.0,1.0,42,2026-09-17T02:46:50.5562170Z,2026-09-17T02:52:02.3260770Z,results/matrix-20260916-2305/full-static-100/processes.jsonl
single,static,1000,book-reviews-a4-opensearch-1,48f7e9560c08,java,1,18849,0.9059820512820513,0.6274,4.005,39,1431.2421875,1431.2421875,1431.2421875,40,129.0,129.0,129.0,40,2026-09-17T03:07:47.3110136Z,2026-09-17T03:12:53.2760231Z,results/matrix-20260916-2305/full-static-1000/processes.jsonl
single,static,1000,book-reviews-a4-static-1,69b93e454d61,bundle,1,70772,0.3381692307692308,0.1232,0.6242,39,35.103125,34.60546875,35.35546875,40,9.0,9.0,9.0,40,2026-09-17T03:07:45.6652600Z,2026-09-17T03:12:52.6826280Z,results/matrix-20260916-2305/full-static-1000/processes.jsonl
single,static,1000,book-reviews-a4-redis-1,87235cf2e925,redis-server,1,18846,0.33606153846153847,0.2463,0.5013,39,9.15234375,9.15234375,9.15234375,40,6.0,6.0,6.0,40,2026-09-17T03:07:46.3234948Z,2026-09-17T03:12:52.9811758Z,results/matrix-20260916-2305/full-static-1000/processes.jsonl
single,static,1000,book-reviews-a4-traefik-1,9848c97527b3,traefik,1,18847,0.7514333333333333,0.5025,1.6204,39,102.8515625,101.8046875,103.4296875,40,17.0,17.0,17.0,40,2026-09-17T03:07:46.6500720Z,2026-09-17T03:12:53.1304120Z,results/matrix-20260916-2305/full-static-1000/processes.jsonl
single,static,1000,book-reviews-a4-web-1,a42d74844cf7,ruby,1,89546,0.15377435897435898,0.0,0.2817,39,136.09921875,135.38671875,136.88671875,40,11.0,11.0,11.0,40,2026-09-17T03:07:45.2005840Z,2026-09-17T03:12:52.5121331Z,results/matrix-20260916-2305/full-static-1000/processes.jsonl
single,static,1000,book-reviews-a4-db-1,ca43277e8356,postgres,1,18849,0.03324102564102564,0.0,0.1414,39,26.00390625,26.00390625,26.00390625,40,1.0,1.0,1.0,40,2026-09-17T03:07:45.9793033Z,2026-09-17T03:12:52.8403989Z,results/matrix-20260916-2305/full-static-1000/processes.jsonl
single,static,1000,book-reviews-a4-db-1,ca43277e8356,postgres,27,18905,0.0,0.0,0.0,39,6.875,6.875,6.875,40,1.0,1.0,1.0,40,2026-09-17T03:07:45.9793033Z,2026-09-17T03:12:52.8403989Z,results/matrix-20260916-2305/full-static-1000/processes.jsonl
single,static,1000,book-reviews-a4-db-1,ca43277e8356,postgres,28,18905,0.0,0.0,0.0,39,5.9296875,5.9296875,5.9296875,40,1.0,1.0,1.0,40,2026-09-17T03:07:45.9793033Z,2026-09-17T03:12:52.8403989Z,results/matrix-20260916-2305/full-static-1000/processes.jsonl
single,static,1000,book-reviews-a4-db-1,ca43277e8356,postgres,38,19205,0.0,0.0,0.0,39,9.015625,9.015625,9.015625,40,1.0,1.0,1.0,40,2026-09-17T03:07:45.9793033Z,2026-09-17T03:12:52.8403989Z,results/matrix-20260916-2305/full-static-1000/processes.jsonl
single,static,1000,book-reviews-a4-db-1,ca43277e8356,postgres,39,19205,0.0,0.0,0.0,39,7.63671875,7.63671875,7.63671875,40,1.0,1.0,1.0,40,2026-09-17T03:07:45.9793033Z,2026-09-17T03:12:52.8403989Z,results/matrix-20260916-2305/full-static-1000/processes.jsonl
single,static,1000,book-reviews-a4-db-1,ca43277e8356,postgres,40,19205,0.0,0.0,0.0,39,6.75390625,6.75390625,6.75390625,40,1.0,1.0,1.0,40,2026-09-17T03:07:45.9793033Z,2026-09-17T03:12:52.8403989Z,results/matrix-20260916-2305/full-static-1000/processes.jsonl
single,static,1000,book-reviews-a4-db-1,ca43277e8356,postgres,7951,185899,0.009617948717948717,0.0,0.1253,39,16.3515625,16.3515625,16.3515625,40,1.0,1.0,1.0,40,2026-09-17T03:07:45.9793033Z,2026-09-17T03:12:52.8403989Z,results/matrix-20260916-2305/full-static-1000/processes.jsonl
single,static,5000,book-reviews-a4-opensearch-1,48f7e9560c08,java,1,18849,0.7968,0.6196,2.3602,39,1448.2421875,1448.2421875,1448.2421875,40,129.0,129.0,129.0,40,2026-09-17T03:28:47.7492157Z,2026-09-17T03:33:55.0071544Z,results/matrix-20260916-2305/full-static-5000/processes.jsonl
single,static,5000,book-reviews-a4-static-1,69b93e454d61,bundle,1,70772,1.4917205128205129,0.4975,2.5785,39,35.6693359375,35.37890625,35.75390625,40,9.0,9.0,9.0,40,2026-09-17T03:28:46.3415054Z,2026-09-17T03:33:54.4394926Z,results/matrix-20260916-2305/full-static-5000/processes.jsonl
single,static,5000,book-reviews-a4-static-1,69b93e454d61,curl,12942,606390,,,,0,1.62890625,1.62890625,1.62890625,1,1.0,1.0,1.0,1,2026-09-17T03:30:46.2535802Z,2026-09-17T03:30:46.2535802Z,results/matrix-20260916-2305/full-static-5000/processes.jsonl
single,static,5000,book-reviews-a4-redis-1,87235cf2e925,redis-server,1,18846,0.3376692307692308,0.2358,0.5013,39,9.40234375,9.40234375,9.40234375,40,6.0,6.0,6.0,40,2026-09-17T03:28:47.0711351Z,2026-09-17T03:33:54.7248193Z,results/matrix-20260916-2305/full-static-5000/processes.jsonl
single,static,5000,book-reviews-a4-traefik-1,9848c97527b3,traefik,1,18847,2.6929820512820513,1.1194,3.2648,39,104.1966796875,103.4765625,104.65234375,40,17.0,17.0,17.0,40,2026-09-17T03:28:47.4202932Z,2026-09-17T03:33:54.8699683Z,results/matrix-20260916-2305/full-static-5000/processes.jsonl
single,static,5000,book-reviews-a4-web-1,a42d74844cf7,ruby,1,89546,0.15196666666666667,0.0,0.2522,39,143.65234375,142.88671875,145.38671875,40,11.0,11.0,11.0,40,2026-09-17T03:28:45.9857233Z,2026-09-17T03:33:54.3079800Z,results/matrix-20260916-2305/full-static-5000/processes.jsonl
single,static,5000,book-reviews-a4-db-1,ca43277e8356,postgres,1,18849,0.03241282051282051,0.0,0.1377,39,26.00390625,26.00390625,26.00390625,40,1.0,1.0,1.0,40,2026-09-17T03:28:46.6858547Z,2026-09-17T03:33:54.5880181Z,results/matrix-20260916-2305/full-static-5000/processes.jsonl
single,static,5000,book-reviews-a4-db-1,ca43277e8356,postgres,27,18905,0.0,0.0,0.0,39,6.875,6.875,6.875,40,1.0,1.0,1.0,40,2026-09-17T03:28:46.6858547Z,2026-09-17T03:33:54.5880181Z,results/matrix-20260916-2305/full-static-5000/processes.jsonl
single,static,5000,book-reviews-a4-db-1,ca43277e8356,postgres,28,18905,0.0,0.0,0.0,39,5.9296875,5.9296875,5.9296875,40,1.0,1.0,1.0,40,2026-09-17T03:28:46.6858547Z,2026-09-17T03:33:54.5880181Z,results/matrix-20260916-2305/full-static-5000/processes.jsonl
single,static,5000,book-reviews-a4-db-1,ca43277e8356,postgres,38,19205,0.0035307692307692306,0.0,0.1377,39,9.015625,9.015625,9.015625,40,1.0,1.0,1.0,40,2026-09-17T03:28:46.6858547Z,2026-09-17T03:33:54.5880181Z,results/matrix-20260916-2305/full-static-5000/processes.jsonl
single,static,5000,book-reviews-a4-db-1,ca43277e8356,postgres,39,19205,0.0,0.0,0.0,39,7.63671875,7.63671875,7.63671875,40,1.0,1.0,1.0,40,2026-09-17T03:28:46.6858547Z,2026-09-17T03:33:54.5880181Z,results/matrix-20260916-2305/full-static-5000/processes.jsonl
single,static,5000,book-reviews-a4-db-1,ca43277e8356,postgres,40,19205,0.0,0.0,0.0,39,6.75390625,6.75390625,6.75390625,40,1.0,1.0,1.0,40,2026-09-17T03:28:46.6858547Z,2026-09-17T03:33:54.5880181Z,results/matrix-20260916-2305/full-static-5000/processes.jsonl
single,static,5000,book-reviews-a4-db-1,ca43277e8356,postgres,7951,185899,0.0,0.0,0.0,6,17.3046875,17.3046875,17.3046875,7,1.0,1.0,1.0,7,2026-09-17T03:28:46.6858547Z,2026-09-17T03:29:35.1555407Z,results/matrix-20260916-2305/full-static-5000/processes.jsonl
single,static,5000,book-reviews-a4-db-1,ca43277e8356,postgres,25281,510403,0.009630769230769231,0.0,0.1256,39,16.3125,16.3125,16.3125,40,1.0,1.0,1.0,40,2026-09-17T03:28:46.6858547Z,2026-09-17T03:33:54.5880181Z,results/matrix-20260916-2305/full-static-5000/processes.jsonl
x3,aggregation,1,book-reviews-a4-web-1,348cd506525f,ruby,1,721705,0.20111315789473685,0.0,2.079,38,124.57882612179488,121.171875,124.99609375,39,10.0,10.0,10.0,39,2026-09-17T03:55:32.6711175Z,2026-09-17T04:00:41.5123357Z,results/matrix-20260916-2305/scaled-aggregation-1/processes.jsonl
x3,aggregation,1,book-reviews-a4-opensearch-1,48f7e9560c08,java,1,18849,0.8072394736842106,0.6068,1.4563,38,1500.9921875,1500.9921875,1500.9921875,39,129.0,129.0,129.0,39,2026-09-17T03:55:35.1444978Z,2026-09-17T04:00:42.4633990Z,results/matrix-20260916-2305/scaled-aggregation-1/processes.jsonl
x3,aggregation,1,book-reviews-a4-web-2,660681595a5e,ruby,1,721726,0.16547368421052633,0.0,0.4127,38,121.13311298076923,120.90234375,121.52734375,39,10.025641025641026,10.0,11.0,39,2026-09-17T03:55:33.0410545Z,2026-09-17T04:00:41.6514198Z,results/matrix-20260916-2305/scaled-aggregation-1/processes.jsonl
x3,aggregation,1,book-reviews-a4-web-2,660681595a5e,curl,1606,769739,,,,0,10.2421875,10.2421875,10.2421875,1,1.0,1.0,1.0,1,2026-09-17T03:57:59.6632679Z,2026-09-17T03:57:59.6632679Z,results/matrix-20260916-2305/scaled-aggregation-1/processes.jsonl
x3,aggregation,1,book-reviews-a4-static-1,69b93e454d61,bundle,1,70772,0.035110526315789474,0.0,0.1253,38,36.25390625,36.25390625,36.25390625,39,9.0,9.0,9.0,39,2026-09-17T03:55:33.7559188Z,2026-09-17T04:00:41.9287323Z,results/matrix-20260916-2305/scaled-aggregation-1/processes.jsonl
x3,aggregation,1,book-reviews-a4-redis-1,87235cf2e925,redis-server,1,18846,0.36731315789473684,0.2381,0.5019,38,14.02734375,14.02734375,14.02734375,39,6.0,6.0,6.0,39,2026-09-17T03:55:34.5135561Z,2026-09-17T04:00:42.2024839Z,results/matrix-20260916-2305/scaled-aggregation-1/processes.jsonl
x3,aggregation,1,book-reviews-a4-traefik-1,9848c97527b3,traefik,1,18847,0.30568684210526315,0.1215,0.4938,38,102.93509615384616,102.53125,103.15625,39,18.0,18.0,18.0,39,2026-09-17T03:55:34.8436701Z,2026-09-17T04:00:42.3308782Z,results/matrix-20260916-2305/scaled-aggregation-1/processes.jsonl
x3,aggregation,1,book-reviews-a4-web-3,a1cb37b7da6b,ruby,1,721751,0.15180526315789475,0.0,0.3764,38,121.28405448717949,121.046875,121.546875,39,10.0,10.0,10.0,39,2026-09-17T03:55:33.4844463Z,2026-09-17T04:00:41.7813153Z,results/matrix-20260916-2305/scaled-aggregation-1/processes.jsonl
x3,aggregation,1,book-reviews-a4-db-1,ca43277e8356,postgres,1,18849,0.035457894736842105,0.0,0.1258,38,26.00390625,26.00390625,26.00390625,39,1.0,1.0,1.0,39,2026-09-17T03:55:34.0880670Z,2026-09-17T04:00:42.0661896Z,results/matrix-20260916-2305/scaled-aggregation-1/processes.jsonl
x3,aggregation,1,book-reviews-a4-db-1,ca43277e8356,postgres,27,18905,0.0,0.0,0.0,38,6.875,6.875,6.875,39,1.0,1.0,1.0,39,2026-09-17T03:55:34.0880670Z,2026-09-17T04:00:42.0661896Z,results/matrix-20260916-2305/scaled-aggregation-1/processes.jsonl
x3,aggregation,1,book-reviews-a4-db-1,ca43277e8356,postgres,28,18905,0.0,0.0,0.0,38,5.9296875,5.9296875,5.9296875,39,1.0,1.0,1.0,39,2026-09-17T03:55:34.0880670Z,2026-09-17T04:00:42.0661896Z,results/matrix-20260916-2305/scaled-aggregation-1/processes.jsonl
x3,aggregation,1,book-reviews-a4-db-1,ca43277e8356,postgres,38,19205,0.0032026315789473684,0.0,0.1217,38,9.015625,9.015625,9.015625,39,1.0,1.0,1.0,39,2026-09-17T03:55:34.0880670Z,2026-09-17T04:00:42.0661896Z,results/matrix-20260916-2305/scaled-aggregation-1/processes.jsonl
x3,aggregation,1,book-reviews-a4-db-1,ca43277e8356,postgres,39,19205,0.0,0.0,0.0,38,7.63671875,7.63671875,7.63671875,39,1.0,1.0,1.0,39,2026-09-17T03:55:34.0880670Z,2026-09-17T04:00:42.0661896Z,results/matrix-20260916-2305/scaled-aggregation-1/processes.jsonl
x3,aggregation,1,book-reviews-a4-db-1,ca43277e8356,postgres,40,19205,0.0,0.0,0.0,38,6.75390625,6.75390625,6.75390625,39,1.0,1.0,1.0,39,2026-09-17T03:55:34.0880670Z,2026-09-17T04:00:42.0661896Z,results/matrix-20260916-2305/scaled-aggregation-1/processes.jsonl
x3,aggregation,1,book-reviews-a4-db-1,ca43277e8356,postgres,36657,722222,0.019342105263157893,0.0,0.2299,38,16.74158653846154,14.046875,16.8125,39,1.0,1.0,1.0,39,2026-09-17T03:55:34.0880670Z,2026-09-17T04:00:42.0661896Z,results/matrix-20260916-2305/scaled-aggregation-1/processes.jsonl
x3,aggregation,1,book-reviews-a4-db-1,ca43277e8356,postgres,36665,722247,0.006381578947368421,0.0,0.1217,38,13.921875,13.921875,13.921875,39,1.0,1.0,1.0,39,2026-09-17T03:55:34.0880670Z,2026-09-17T04:00:42.0661896Z,results/matrix-20260916-2305/scaled-aggregation-1/processes.jsonl
x3,aggregation,1,book-reviews-a4-db-1,ca43277e8356,postgres,36666,722273,0.009702631578947367,0.0,0.1253,38,14.0703125,14.0703125,14.0703125,39,1.0,1.0,1.0,39,2026-09-17T03:55:34.0880670Z,2026-09-17T04:00:42.0661896Z,results/matrix-20260916-2305/scaled-aggregation-1/processes.jsonl
x3,aggregation,10,book-reviews-a4-web-1,348cd506525f,ruby,1,721705,0.1799605263157895,0.0,0.9697,38,127.19070512820512,125.4375,127.9296875,39,10.0,10.0,10.0,39,2026-09-17T04:16:42.2397573Z,2026-09-17T04:21:53.4757529Z,results/matrix-20260916-2305/scaled-aggregation-10/processes.jsonl
x3,aggregation,10,book-reviews-a4-opensearch-1,48f7e9560c08,java,1,18849,0.9398894736842105,0.5995,8.7563,38,1499.1858974358975,1497.5,1515.875,39,129.05128205128204,129.0,131.0,39,2026-09-17T04:16:44.6991820Z,2026-09-17T04:21:54.4306173Z,results/matrix-20260916-2305/scaled-aggregation-10/processes.jsonl
x3,aggregation,10,book-reviews-a4-web-2,660681595a5e,ruby,1,721726,0.19699736842105264,0.0,1.3472,38,127.29747596153847,124.65234375,128.3828125,39,11.0,11.0,11.0,39,2026-09-17T04:16:42.5814953Z,2026-09-17T04:21:53.6132090Z,results/matrix-20260916-2305/scaled-aggregation-10/processes.jsonl
x3,aggregation,10,book-reviews-a4-static-1,69b93e454d61,bundle,1,70772,0.04143157894736842,0.0,0.3597,38,37.50390625,37.50390625,37.50390625,39,9.0,9.0,9.0,39,2026-09-17T04:16:43.2463317Z,2026-09-17T04:21:53.8657051Z,results/matrix-20260916-2305/scaled-aggregation-10/processes.jsonl
x3,aggregation,10,book-reviews-a4-redis-1,87235cf2e925,redis-server,1,18846,0.38085526315789475,0.2415,0.5109,38,14.15234375,14.15234375,14.15234375,39,6.0,6.0,6.0,39,2026-09-17T04:16:43.8891389Z,2026-09-17T04:21:54.1655837Z,results/matrix-20260916-2305/scaled-aggregation-10/processes.jsonl
x3,aggregation,10,book-reviews-a4-redis-1,87235cf2e925,runc:[2:INIT],18727,888724,,,,0,11.7578125,11.7578125,11.7578125,1,6.0,6.0,6.0,1,2026-09-17T04:17:49.4170161Z,2026-09-17T04:17:49.4170161Z,results/matrix-20260916-2305/scaled-aggregation-10/processes.jsonl
x3,aggregation,10,book-reviews-a4-traefik-1,9848c97527b3,traefik,1,18847,0.3182,0.1205,0.7009,38,103.57572115384616,103.16796875,103.7734375,39,18.0,18.0,18.0,39,2026-09-17T04:16:44.3296015Z,2026-09-17T04:21:54.2990072Z,results/matrix-20260916-2305/scaled-aggregation-10/processes.jsonl
x3,aggregation,10,book-reviews-a4-web-3,a1cb37b7da6b,ruby,1,721751,0.18603947368421053,0.0,1.2165,38,127.84395032051282,125.26953125,128.8125,39,10.0,10.0,10.0,39,2026-09-17T04:16:42.8925405Z,2026-09-17T04:21:53.7374652Z,results/matrix-20260916-2305/scaled-aggregation-10/processes.jsonl
x3,aggregation,10,book-reviews-a4-db-1,ca43277e8356,postgres,1,18849,0.039073684210526316,0.0,0.1366,38,26.00390625,26.00390625,26.00390625,39,1.0,1.0,1.0,39,2026-09-17T04:16:43.5720788Z,2026-09-17T04:21:54.0156554Z,results/matrix-20260916-2305/scaled-aggregation-10/processes.jsonl
x3,aggregation,10,book-reviews-a4-db-1,ca43277e8356,postgres,27,18905,0.0,0.0,0.0,38,6.875,6.875,6.875,39,1.0,1.0,1.0,39,2026-09-17T04:16:43.5720788Z,2026-09-17T04:21:54.0156554Z,results/matrix-20260916-2305/scaled-aggregation-10/processes.jsonl
x3,aggregation,10,book-reviews-a4-db-1,ca43277e8356,postgres,28,18905,0.0,0.0,0.0,38,5.9296875,5.9296875,5.9296875,39,1.0,1.0,1.0,39,2026-09-17T04:16:43.5720788Z,2026-09-17T04:21:54.0156554Z,results/matrix-20260916-2305/scaled-aggregation-10/processes.jsonl
x3,aggregation,10,book-reviews-a4-db-1,ca43277e8356,postgres,38,19205,0.0032026315789473684,0.0,0.1217,38,9.015625,9.015625,9.015625,39,1.0,1.0,1.0,39,2026-09-17T04:16:43.5720788Z,2026-09-17T04:21:54.0156554Z,results/matrix-20260916-2305/scaled-aggregation-10/processes.jsonl
x3,aggregation,10,book-reviews-a4-db-1,ca43277e8356,postgres,39,19205,0.0,0.0,0.0,38,7.63671875,7.63671875,7.63671875,39,1.0,1.0,1.0,39,2026-09-17T04:16:43.5720788Z,2026-09-17T04:21:54.0156554Z,results/matrix-20260916-2305/scaled-aggregation-10/processes.jsonl
x3,aggregation,10,book-reviews-a4-db-1,ca43277e8356,postgres,40,19205,0.0,0.0,0.0,38,6.75390625,6.75390625,6.75390625,39,1.0,1.0,1.0,39,2026-09-17T04:16:43.5720788Z,2026-09-17T04:21:54.0156554Z,results/matrix-20260916-2305/scaled-aggregation-10/processes.jsonl
x3,aggregation,10,book-reviews-a4-db-1,ca43277e8356,postgres,36657,722222,0.009628947368421053,0.0,0.1247,38,16.8125,16.8125,16.8125,39,1.0,1.0,1.0,39,2026-09-17T04:16:43.5720788Z,2026-09-17T04:21:54.0156554Z,results/matrix-20260916-2305/scaled-aggregation-10/processes.jsonl
x3,aggregation,10,book-reviews-a4-db-1,ca43277e8356,postgres,36665,722247,0.015357894736842105,0.0,0.221,38,18.045272435897434,16.5,18.0859375,39,1.0,1.0,1.0,39,2026-09-17T04:16:43.5720788Z,2026-09-17T04:21:54.0156554Z,results/matrix-20260916-2305/scaled-aggregation-10/processes.jsonl
x3,aggregation,10,book-reviews-a4-db-1,ca43277e8356,postgres,42937,837451,0.012752631578947368,0.0,0.1214,38,16.045072115384617,14.046875,16.2734375,39,1.0,1.0,1.0,39,2026-09-17T04:16:43.5720788Z,2026-09-17T04:21:54.0156554Z,results/matrix-20260916-2305/scaled-aggregation-10/processes.jsonl
x3,aggregation,10,book-reviews-a4-db-1,ca43277e8356,runc:[2:INIT],46362,899271,,,,0,11.9921875,11.9921875,11.9921875,1,6.0,6.0,6.0,1,2026-09-17T04:19:34.9012288Z,2026-09-17T04:19:34.9012288Z,results/matrix-20260916-2305/scaled-aggregation-10/processes.jsonl
x3,aggregation,100,book-reviews-a4-web-1,348cd506525f,ruby,1,721705,0.2888179487179487,0.0,0.6031,39,132.83173828125,130.37109375,134.1953125,40,11.0,11.0,11.0,40,2026-09-17T04:37:45.5284458Z,2026-09-17T04:42:59.8080145Z,results/matrix-20260916-2305/scaled-aggregation-100/processes.jsonl
x3,aggregation,100,book-reviews-a4-web-1,348cd506525f,runc:[2:INIT],10351,1027759,,,,0,10.42578125,10.42578125,10.42578125,1,6.0,6.0,6.0,1,2026-09-17T04:40:59.7049898Z,2026-09-17T04:40:59.7049898Z,results/matrix-20260916-2305/scaled-aggregation-100/processes.jsonl
x3,aggregation,100,book-reviews-a4-opensearch-1,48f7e9560c08,java,1,18849,0.6993051282051282,0.5031,1.2315,39,1498.671875,1498.625,1499.0,40,129.0,129.0,129.0,40,2026-09-17T04:37:47.7602740Z,2026-09-17T04:43:00.6706221Z,results/matrix-20260916-2305/scaled-aggregation-100/processes.jsonl
x3,aggregation,100,book-reviews-a4-web-2,660681595a5e,ruby,1,721726,0.28014358974358977,0.0,0.6562,39,132.69130859375,129.9765625,134.41796875,40,11.0,11.0,11.0,40,2026-09-17T04:37:45.8674527Z,2026-09-17T04:42:59.9259455Z,results/matrix-20260916-2305/scaled-aggregation-100/processes.jsonl
x3,aggregation,100,book-reviews-a4-static-1,69b93e454d61,bundle,1,70772,0.03218461538461538,0.0,0.1316,39,37.491796875,37.4765625,37.62890625,40,9.0,9.0,9.0,40,2026-09-17T04:37:46.4753063Z,2026-09-17T04:43:00.1640795Z,results/matrix-20260916-2305/scaled-aggregation-100/processes.jsonl
x3,aggregation,100,book-reviews-a4-redis-1,87235cf2e925,redis-server,1,18846,0.37945641025641025,0.2442,0.5019,39,14.15234375,14.15234375,14.15234375,40,6.0,6.0,6.0,40,2026-09-17T04:37:47.1066222Z,2026-09-17T04:43:00.4240646Z,results/matrix-20260916-2305/scaled-aggregation-100/processes.jsonl
x3,aggregation,100,book-reviews-a4-traefik-1,9848c97527b3,traefik,1,18847,0.37124358974358973,0.1215,0.8011,39,104.4109375,103.6328125,104.8828125,40,18.0,18.0,18.0,40,2026-09-17T04:37:47.4598569Z,2026-09-17T04:43:00.5476746Z,results/matrix-20260916-2305/scaled-aggregation-100/processes.jsonl
x3,aggregation,100,book-reviews-a4-web-3,a1cb37b7da6b,ruby,1,721751,0.2899846153846154,0.0,0.6068,39,133.05576171875,130.05859375,134.45703125,40,11.0,11.0,11.0,40,2026-09-17T04:37:46.1826347Z,2026-09-17T04:43:00.0477670Z,results/matrix-20260916-2305/scaled-aggregation-100/processes.jsonl
x3,aggregation,100,book-reviews-a4-db-1,ca43277e8356,postgres,1,18849,0.028671794871794873,0.0,0.1307,39,26.00390625,26.00390625,26.00390625,40,1.0,1.0,1.0,40,2026-09-17T04:37:46.7729707Z,2026-09-17T04:43:00.2850412Z,results/matrix-20260916-2305/scaled-aggregation-100/processes.jsonl
x3,aggregation,100,book-reviews-a4-db-1,ca43277e8356,postgres,27,18905,0.0,0.0,0.0,39,6.875,6.875,6.875,40,1.0,1.0,1.0,40,2026-09-17T04:37:46.7729707Z,2026-09-17T04:43:00.2850412Z,results/matrix-20260916-2305/scaled-aggregation-100/processes.jsonl
x3,aggregation,100,book-reviews-a4-db-1,ca43277e8356,postgres,28,18905,0.0,0.0,0.0,39,5.9296875,5.9296875,5.9296875,40,1.0,1.0,1.0,40,2026-09-17T04:37:46.7729707Z,2026-09-17T04:43:00.2850412Z,results/matrix-20260916-2305/scaled-aggregation-100/processes.jsonl
x3,aggregation,100,book-reviews-a4-db-1,ca43277e8356,postgres,38,19205,0.0,0.0,0.0,39,9.015625,9.015625,9.015625,40,1.0,1.0,1.0,40,2026-09-17T04:37:46.7729707Z,2026-09-17T04:43:00.2850412Z,results/matrix-20260916-2305/scaled-aggregation-100/processes.jsonl
x3,aggregation,100,book-reviews-a4-db-1,ca43277e8356,postgres,39,19205,0.0,0.0,0.0,39,7.63671875,7.63671875,7.63671875,40,1.0,1.0,1.0,40,2026-09-17T04:37:46.7729707Z,2026-09-17T04:43:00.2850412Z,results/matrix-20260916-2305/scaled-aggregation-100/processes.jsonl
x3,aggregation,100,book-reviews-a4-db-1,ca43277e8356,postgres,40,19205,0.0,0.0,0.0,39,6.75390625,6.75390625,6.75390625,40,1.0,1.0,1.0,40,2026-09-17T04:37:46.7729707Z,2026-09-17T04:43:00.2850412Z,results/matrix-20260916-2305/scaled-aggregation-100/processes.jsonl
x3,aggregation,100,book-reviews-a4-db-1,ca43277e8356,postgres,36657,722222,0.022138461538461537,0.0,0.1259,39,17.29296875,17.29296875,17.29296875,40,1.0,1.0,1.0,40,2026-09-17T04:37:46.7729707Z,2026-09-17T04:43:00.2850412Z,results/matrix-20260916-2305/scaled-aggregation-100/processes.jsonl
x3,aggregation,100,book-reviews-a4-db-1,ca43277e8356,postgres,42937,837451,0.022474358974358975,0.0,0.1314,39,16.828125,16.828125,16.828125,40,1.0,1.0,1.0,40,2026-09-17T04:37:46.7729707Z,2026-09-17T04:43:00.2850412Z,results/matrix-20260916-2305/scaled-aggregation-100/processes.jsonl
x3,aggregation,100,book-reviews-a4-db-1,ca43277e8356,postgres,48604,939952,0.0,0.0,0.0,16,16.23828125,16.23828125,16.23828125,17,1.0,1.0,1.0,17,2026-09-17T04:37:46.7729707Z,2026-09-17T04:39:55.7757933Z,results/matrix-20260916-2305/scaled-aggregation-100/processes.jsonl
x3,aggregation,100,book-reviews-a4-db-1,ca43277e8356,postgres,51371,989952,0.022592307692307693,0.0,0.2519,39,15.7140625,14.0078125,15.7578125,40,1.0,1.0,1.0,40,2026-09-17T04:37:46.7729707Z,2026-09-17T04:43:00.2850412Z,results/matrix-20260916-2305/scaled-aggregation-100/processes.jsonl
x3,aggregation,1000,book-reviews-a4-web-1,348cd506525f,ruby,1,721705,0.99855,0.1253,1.627,40,137.1713986280488,134.23828125,138.26171875,41,11.0,11.0,11.0,41,2026-09-17T04:58:51.7441796Z,2026-09-17T05:04:04.2263012Z,results/matrix-20260916-2305/scaled-aggregation-1000/processes.jsonl
x3,aggregation,1000,book-reviews-a4-opensearch-1,48f7e9560c08,java,1,18849,0.7910075,0.3783,7.3658,40,1496.996951219512,1495.875,1508.0,41,130.53658536585365,129.0,131.0,41,2026-09-17T04:58:53.5107042Z,2026-09-17T05:04:05.0249430Z,results/matrix-20260916-2305/scaled-aggregation-1000/processes.jsonl
x3,aggregation,1000,book-reviews-a4-opensearch-1,48f7e9560c08,runc:[2:INIT],20292,1142160,,,,0,11.2109375,11.2109375,11.2109375,1,7.0,7.0,7.0,1,2026-09-17T05:00:03.6708078Z,2026-09-17T05:00:03.6708078Z,results/matrix-20260916-2305/scaled-aggregation-1000/processes.jsonl
x3,aggregation,1000,book-reviews-a4-web-2,660681595a5e,ruby,1,721726,0.99192,0.1252,1.6189,40,137.0483993902439,134.10546875,137.953125,41,11.0,11.0,11.0,41,2026-09-17T04:58:52.0103059Z,2026-09-17T05:04:04.3288555Z,results/matrix-20260916-2305/scaled-aggregation-1000/processes.jsonl
x3,aggregation,1000,book-reviews-a4-static-1,69b93e454d61,bundle,1,70772,0.028635,0.0,0.1391,40,37.0078125,37.0078125,37.0078125,41,9.0,9.0,9.0,41,2026-09-17T04:58:52.4591664Z,2026-09-17T05:04:04.5518029Z,results/matrix-20260916-2305/scaled-aggregation-1000/processes.jsonl
x3,aggregation,1000,book-reviews-a4-redis-1,87235cf2e925,redis-server,1,18846,0.41286,0.2525,0.5556,40,14.323075457317072,14.27734375,14.40234375,41,6.0,6.0,6.0,41,2026-09-17T04:58:53.0254224Z,2026-09-17T05:04:04.7772205Z,results/matrix-20260916-2305/scaled-aggregation-1000/processes.jsonl
x3,aggregation,1000,book-reviews-a4-redis-1,87235cf2e925,runc:[2:INIT],24405,1147631,,,,0,10.1015625,10.1015625,10.1015625,1,6.0,6.0,6.0,1,2026-09-17T05:00:58.3467993Z,2026-09-17T05:00:58.3467993Z,results/matrix-20260916-2305/scaled-aggregation-1000/processes.jsonl
x3,aggregation,1000,book-reviews-a4-traefik-1,9848c97527b3,traefik,1,18847,0.77894,0.2488,1.4724,40,105.49561737804878,103.40234375,105.90234375,41,18.0,18.0,18.0,41,2026-09-17T04:58:53.2611803Z,2026-09-17T05:04:04.9049012Z,results/matrix-20260916-2305/scaled-aggregation-1000/processes.jsonl
x3,aggregation,1000,book-reviews-a4-web-3,a1cb37b7da6b,ruby,1,721751,1.00482,0.25,1.7435,40,136.47770579268294,133.4609375,137.3828125,41,11.0,11.0,11.0,41,2026-09-17T04:58:52.2363167Z,2026-09-17T05:04:04.4318324Z,results/matrix-20260916-2305/scaled-aggregation-1000/processes.jsonl
x3,aggregation,1000,book-reviews-a4-db-1,ca43277e8356,postgres,1,18849,0.0288325,0.0,0.2497,40,26.00390625,26.00390625,26.00390625,41,1.0,1.0,1.0,41,2026-09-17T04:58:52.7603512Z,2026-09-17T05:04:04.6609866Z,results/matrix-20260916-2305/scaled-aggregation-1000/processes.jsonl
x3,aggregation,1000,book-reviews-a4-db-1,ca43277e8356,postgres,27,18905,0.0,0.0,0.0,40,6.875,6.875,6.875,41,1.0,1.0,1.0,41,2026-09-17T04:58:52.7603512Z,2026-09-17T05:04:04.6609866Z,results/matrix-20260916-2305/scaled-aggregation-1000/processes.jsonl
x3,aggregation,1000,book-reviews-a4-db-1,ca43277e8356,postgres,28,18905,0.0,0.0,0.0,40,5.9296875,5.9296875,5.9296875,41,1.0,1.0,1.0,41,2026-09-17T04:58:52.7603512Z,2026-09-17T05:04:04.6609866Z,results/matrix-20260916-2305/scaled-aggregation-1000/processes.jsonl
x3,aggregation,1000,book-reviews-a4-db-1,ca43277e8356,postgres,38,19205,0.0,0.0,0.0,40,9.015625,9.015625,9.015625,41,1.0,1.0,1.0,41,2026-09-17T04:58:52.7603512Z,2026-09-17T05:04:04.6609866Z,results/matrix-20260916-2305/scaled-aggregation-1000/processes.jsonl
x3,aggregation,1000,book-reviews-a4-db-1,ca43277e8356,postgres,39,19205,0.0031375,0.0,0.1255,40,7.63671875,7.63671875,7.63671875,41,1.0,1.0,1.0,41,2026-09-17T04:58:52.7603512Z,2026-09-17T05:04:04.6609866Z,results/matrix-20260916-2305/scaled-aggregation-1000/processes.jsonl
x3,aggregation,1000,book-reviews-a4-db-1,ca43277e8356,postgres,40,19205,0.0,0.0,0.0,40,6.75390625,6.75390625,6.75390625,41,1.0,1.0,1.0,41,2026-09-17T04:58:52.7603512Z,2026-09-17T05:04:04.6609866Z,results/matrix-20260916-2305/scaled-aggregation-1000/processes.jsonl
x3,aggregation,1000,book-reviews-a4-db-1,ca43277e8356,postgres,36657,722222,0.1000075,0.0,0.2522,40,17.29296875,17.29296875,17.29296875,41,1.0,1.0,1.0,41,2026-09-17T04:58:52.7603512Z,2026-09-17T05:04:04.6609866Z,results/matrix-20260916-2305/scaled-aggregation-1000/processes.jsonl
x3,aggregation,1000,book-reviews-a4-db-1,ca43277e8356,postgres,51371,989952,0.04774,0.0,0.2516,40,16.1328125,16.1328125,16.1328125,41,1.0,1.0,1.0,41,2026-09-17T04:58:52.7603512Z,2026-09-17T05:04:04.6609866Z,results/matrix-20260916-2305/scaled-aggregation-1000/processes.jsonl
x3,aggregation,1000,book-reviews-a4-db-1,ca43277e8356,postgres,55541,1064686,0.0437675,0.0,0.2522,40,16.375857469512194,16.25390625,16.37890625,41,1.0,1.0,1.0,41,2026-09-17T04:58:52.7603512Z,2026-09-17T05:04:04.6609866Z,results/matrix-20260916-2305/scaled-aggregation-1000/processes.jsonl
x3,aggregation,1000,book-reviews-a4-db-1,ca43277e8356,runc:[2:INIT],59761,1140613,,,,0,11.49609375,11.49609375,11.49609375,1,6.0,6.0,6.0,1,2026-09-17T04:59:48.1811983Z,2026-09-17T04:59:48.1811983Z,results/matrix-20260916-2305/scaled-aggregation-1000/processes.jsonl
x3,aggregation,1000,book-reviews-a4-db-1,ca43277e8356,postgres,60142,1147451,0.09600833333333333,0.0,0.2525,24,15.75390625,15.75390625,15.75390625,25,1.0,1.0,1.0,25,2026-09-17T05:00:58.2422379Z,2026-09-17T05:04:04.6609866Z,results/matrix-20260916-2305/scaled-aggregation-1000/processes.jsonl
x3,aggregation,1000,book-reviews-a4-db-1,ca43277e8356,postgres,60319,1150451,0.09749,0.0,0.2762,20,15.796875,15.796875,15.796875,21,1.0,1.0,1.0,21,2026-09-17T05:01:29.2549558Z,2026-09-17T05:04:04.6609866Z,results/matrix-20260916-2305/scaled-aggregation-1000/processes.jsonl
x3,aggregation,5000,book-reviews-a4-web-1,348cd506525f,ruby,1,721705,4.289989743589744,2.9004,4.6961,39,141.4970703125,139.953125,142.55078125,40,11.0,11.0,11.0,40,2026-09-17T05:19:57.0485675Z,2026-09-17T05:25:01.9548610Z,results/matrix-20260916-2305/scaled-aggregation-5000/processes.jsonl
x3,aggregation,5000,book-reviews-a4-opensearch-1,48f7e9560c08,java,1,18849,0.5296641025641026,0.3774,0.9682,39,1498.875,1498.875,1498.875,40,131.0,131.0,131.0,40,2026-09-17T05:19:58.6319924Z,2026-09-17T05:25:02.6386135Z,results/matrix-20260916-2305/scaled-aggregation-5000/processes.jsonl
x3,aggregation,5000,book-reviews-a4-web-2,660681595a5e,ruby,1,721726,4.2607358974358975,2.7708,4.5517,39,142.364453125,140.5703125,143.49609375,40,11.0,11.0,11.0,40,2026-09-17T05:19:57.2932878Z,2026-09-17T05:25:02.0533826Z,results/matrix-20260916-2305/scaled-aggregation-5000/processes.jsonl
x3,aggregation,5000,book-reviews-a4-static-1,69b93e454d61,bundle,1,70772,0.023825641025641026,0.0,0.1379,39,37.21953125,37.19140625,37.31640625,40,9.0,9.0,9.0,40,2026-09-17T05:19:57.7324686Z,2026-09-17T05:25:02.2418764Z,results/matrix-20260916-2305/scaled-aggregation-5000/processes.jsonl
x3,aggregation,5000,book-reviews-a4-redis-1,87235cf2e925,redis-server,1,18846,0.6907435897435897,0.5025,0.8838,39,15.62421875,15.02734375,16.27734375,40,6.0,6.0,6.0,40,2026-09-17T05:19:58.1947361Z,2026-09-17T05:25:02.4399266Z,results/matrix-20260916-2305/scaled-aggregation-5000/processes.jsonl
x3,aggregation,5000,book-reviews-a4-traefik-1,9848c97527b3,traefik,1,18847,2.6037717948717947,1.8868,3.1056,39,106.0341796875,103.6328125,106.6328125,40,18.0,18.0,18.0,40,2026-09-17T05:19:58.4124181Z,2026-09-17T05:25:02.5348204Z,results/matrix-20260916-2305/scaled-aggregation-5000/processes.jsonl
x3,aggregation,5000,book-reviews-a4-traefik-1,9848c97527b3,traefik,54346,1266340,,,,0,77.55859375,77.55859375,77.55859375,1,11.0,11.0,11.0,1,2026-09-17T05:20:45.4181774Z,2026-09-17T05:20:45.4181774Z,results/matrix-20260916-2305/scaled-aggregation-5000/processes.jsonl
x3,aggregation,5000,book-reviews-a4-web-3,a1cb37b7da6b,ruby,1,721751,4.289464102564103,2.6415,4.6897,39,141.27109375,139.66015625,141.9765625,40,11.0,11.0,11.0,40,2026-09-17T05:19:57.5095821Z,2026-09-17T05:25:02.1510836Z,results/matrix-20260916-2305/scaled-aggregation-5000/processes.jsonl
x3,aggregation,5000,book-reviews-a4-db-1,ca43277e8356,postgres,1,18849,0.02574102564102564,0.0,0.1266,39,26.00390625,26.00390625,26.00390625,40,1.0,1.0,1.0,40,2026-09-17T05:19:57.9568639Z,2026-09-17T05:25:02.3406185Z,results/matrix-20260916-2305/scaled-aggregation-5000/processes.jsonl
x3,aggregation,5000,book-reviews-a4-db-1,ca43277e8356,postgres,27,18905,0.0,0.0,0.0,39,6.875,6.875,6.875,40,1.0,1.0,1.0,40,2026-09-17T05:19:57.9568639Z,2026-09-17T05:25:02.3406185Z,results/matrix-20260916-2305/scaled-aggregation-5000/processes.jsonl
x3,aggregation,5000,book-reviews-a4-db-1,ca43277e8356,postgres,28,18905,0.0,0.0,0.0,39,5.9296875,5.9296875,5.9296875,40,1.0,1.0,1.0,40,2026-09-17T05:19:57.9568639Z,2026-09-17T05:25:02.3406185Z,results/matrix-20260916-2305/scaled-aggregation-5000/processes.jsonl
x3,aggregation,5000,book-reviews-a4-db-1,ca43277e8356,postgres,38,19205,0.0,0.0,0.0,39,9.015625,9.015625,9.015625,40,1.0,1.0,1.0,40,2026-09-17T05:19:57.9568639Z,2026-09-17T05:25:02.3406185Z,results/matrix-20260916-2305/scaled-aggregation-5000/processes.jsonl
x3,aggregation,5000,book-reviews-a4-db-1,ca43277e8356,postgres,39,19205,0.0,0.0,0.0,39,7.63671875,7.63671875,7.63671875,40,1.0,1.0,1.0,40,2026-09-17T05:19:57.9568639Z,2026-09-17T05:25:02.3406185Z,results/matrix-20260916-2305/scaled-aggregation-5000/processes.jsonl
x3,aggregation,5000,book-reviews-a4-db-1,ca43277e8356,postgres,40,19205,0.0,0.0,0.0,39,6.75390625,6.75390625,6.75390625,40,1.0,1.0,1.0,40,2026-09-17T05:19:57.9568639Z,2026-09-17T05:25:02.3406185Z,results/matrix-20260916-2305/scaled-aggregation-5000/processes.jsonl
x3,aggregation,5000,book-reviews-a4-db-1,ca43277e8356,postgres,36657,722222,0.45693076923076925,0.2513,0.6313,39,17.29296875,17.29296875,17.29296875,40,1.0,1.0,1.0,40,2026-09-17T05:19:57.9568639Z,2026-09-17T05:25:02.3406185Z,results/matrix-20260916-2305/scaled-aggregation-5000/processes.jsonl
x3,aggregation,5000,book-reviews-a4-db-1,ca43277e8356,postgres,60142,1147451,,,,0,16.12890625,16.12890625,16.12890625,1,1.0,1.0,1.0,1,2026-09-17T05:19:57.9568639Z,2026-09-17T05:19:57.9568639Z,results/matrix-20260916-2305/scaled-aggregation-5000/processes.jsonl
x3,aggregation,5000,book-reviews-a4-db-1,ca43277e8356,postgres,63947,1213951,0.4729,0.3769,0.722,39,17.33857421875,16.05859375,17.4375,40,1.0,1.0,1.0,40,2026-09-17T05:19:57.9568639Z,2026-09-17T05:25:02.3406185Z,results/matrix-20260916-2305/scaled-aggregation-5000/processes.jsonl
x3,aggregation,5000,book-reviews-a4-db-1,ca43277e8356,postgres,64789,1228588,0.058666666666666666,0.0,0.6297,39,16.53046875,16.04296875,16.54296875,40,1.0,1.0,1.0,40,2026-09-17T05:19:57.9568639Z,2026-09-17T05:25:02.3406185Z,results/matrix-20260916-2305/scaled-aggregation-5000/processes.jsonl
x3,aggregation,5000,book-reviews-a4-db-1,ca43277e8356,postgres,66903,1265377,0.46458823529411764,0.1256,0.6321,34,15.8984375,15.8984375,15.8984375,35,1.0,1.0,1.0,35,2026-09-17T05:20:37.3039771Z,2026-09-17T05:25:02.3406185Z,results/matrix-20260916-2305/scaled-aggregation-5000/processes.jsonl
x3,aggregation,5000,book-reviews-a4-db-1,ca43277e8356,pg_isready,67488,1275704,,,,0,2.81640625,2.81640625,2.81640625,1,1.0,1.0,1.0,1,2026-09-17T05:22:19.0285892Z,2026-09-17T05:22:19.0285892Z,results/matrix-20260916-2305/scaled-aggregation-5000/processes.jsonl
x3,book,1,book-reviews-a4-web-1,348cd506525f,ruby,1,721705,0.14580263157894738,0.0,0.2736,38,125.32552083333333,125.21484375,125.4765625,39,10.0,10.0,10.0,39,2026-09-17T04:06:07.6265313Z,2026-09-17T04:11:16.7414389Z,results/matrix-20260916-2305/scaled-book-1/processes.jsonl
x3,book,1,book-reviews-a4-opensearch-1,48f7e9560c08,java,1,18849,0.7725184210526316,0.5502,1.8293,38,1500.8814102564102,1500.625,1501.125,39,129.0,129.0,129.0,39,2026-09-17T04:06:10.0334103Z,2026-09-17T04:11:17.6680566Z,results/matrix-20260916-2305/scaled-book-1/processes.jsonl
x3,book,1,book-reviews-a4-web-2,660681595a5e,ruby,1,721726,0.14563684210526315,0.0,0.3802,38,124.01452323717949,123.77734375,124.27734375,39,11.0,11.0,11.0,39,2026-09-17T04:06:07.9651756Z,2026-09-17T04:11:16.8778523Z,results/matrix-20260916-2305/scaled-book-1/processes.jsonl
x3,book,1,book-reviews-a4-static-1,69b93e454d61,bundle,1,70772,0.03487894736842105,0.0,0.2413,38,37.35006009615385,37.00390625,37.50390625,39,9.0,9.0,9.0,39,2026-09-17T04:06:08.5770511Z,2026-09-17T04:11:17.1230088Z,results/matrix-20260916-2305/scaled-book-1/processes.jsonl
x3,book,1,book-reviews-a4-static-1,69b93e454d61,runc:[2:INIT],18707,848663,,,,0,10.38671875,10.38671875,10.38671875,1,6.0,6.0,6.0,1,2026-09-17T04:11:08.8240782Z,2026-09-17T04:11:08.8240782Z,results/matrix-20260916-2305/scaled-book-1/processes.jsonl
x3,book,1,book-reviews-a4-redis-1,87235cf2e925,redis-server,1,18846,0.37263684210526316,0.2404,0.4975,38,14.02734375,14.02734375,14.02734375,39,6.0,6.0,6.0,39,2026-09-17T04:06:09.3200986Z,2026-09-17T04:11:17.4068241Z,results/matrix-20260916-2305/scaled-book-1/processes.jsonl
x3,book,1,book-reviews-a4-traefik-1,9848c97527b3,traefik,1,18847,0.3138078947368421,0.1255,0.8216,38,103.13291266025641,102.86328125,103.3515625,39,18.0,18.0,18.0,39,2026-09-17T04:06:09.7056952Z,2026-09-17T04:11:17.5384379Z,results/matrix-20260916-2305/scaled-book-1/processes.jsonl
x3,book,1,book-reviews-a4-traefik-1,9848c97527b3,runc:[2:INIT],35028,826133,,,,0,11.171875,11.171875,11.171875,1,6.0,6.0,6.0,1,2026-09-17T04:07:23.5451461Z,2026-09-17T04:07:23.5451461Z,results/matrix-20260916-2305/scaled-book-1/processes.jsonl
x3,book,1,book-reviews-a4-web-3,a1cb37b7da6b,ruby,1,721751,0.20245526315789475,0.0,2.0234,38,124.59645432692308,121.78515625,124.8984375,39,10.0,10.0,10.0,39,2026-09-17T04:06:08.2632030Z,2026-09-17T04:11:17.0035321Z,results/matrix-20260916-2305/scaled-book-1/processes.jsonl
x3,book,1,book-reviews-a4-web-3,a1cb37b7da6b,curl,3390,822801,,,,0,3.609375,3.609375,3.609375,1,1.0,1.0,1.0,1,2026-09-17T04:06:50.2548845Z,2026-09-17T04:06:50.2548845Z,results/matrix-20260916-2305/scaled-book-1/processes.jsonl
x3,book,1,book-reviews-a4-db-1,ca43277e8356,postgres,1,18849,0.03616315789473684,0.0,0.1368,38,26.00390625,26.00390625,26.00390625,39,1.0,1.0,1.0,39,2026-09-17T04:06:08.9083856Z,2026-09-17T04:11:17.2594009Z,results/matrix-20260916-2305/scaled-book-1/processes.jsonl
x3,book,1,book-reviews-a4-db-1,ca43277e8356,postgres,27,18905,0.0,0.0,0.0,38,6.875,6.875,6.875,39,1.0,1.0,1.0,39,2026-09-17T04:06:08.9083856Z,2026-09-17T04:11:17.2594009Z,results/matrix-20260916-2305/scaled-book-1/processes.jsonl
x3,book,1,book-reviews-a4-db-1,ca43277e8356,postgres,28,18905,0.0,0.0,0.0,38,5.9296875,5.9296875,5.9296875,39,1.0,1.0,1.0,39,2026-09-17T04:06:08.9083856Z,2026-09-17T04:11:17.2594009Z,results/matrix-20260916-2305/scaled-book-1/processes.jsonl
x3,book,1,book-reviews-a4-db-1,ca43277e8356,postgres,38,19205,0.0,0.0,0.0,38,9.015625,9.015625,9.015625,39,1.0,1.0,1.0,39,2026-09-17T04:06:08.9083856Z,2026-09-17T04:11:17.2594009Z,results/matrix-20260916-2305/scaled-book-1/processes.jsonl
x3,book,1,book-reviews-a4-db-1,ca43277e8356,postgres,39,19205,0.0,0.0,0.0,38,7.63671875,7.63671875,7.63671875,39,1.0,1.0,1.0,39,2026-09-17T04:06:08.9083856Z,2026-09-17T04:11:17.2594009Z,results/matrix-20260916-2305/scaled-book-1/processes.jsonl
x3,book,1,book-reviews-a4-db-1,ca43277e8356,postgres,40,19205,0.0,0.0,0.0,38,6.75390625,6.75390625,6.75390625,39,1.0,1.0,1.0,39,2026-09-17T04:06:08.9083856Z,2026-09-17T04:11:17.2594009Z,results/matrix-20260916-2305/scaled-book-1/processes.jsonl
x3,book,1,book-reviews-a4-db-1,ca43277e8356,postgres,36657,722222,0.010186842105263157,0.0,0.1368,38,16.8125,16.8125,16.8125,39,1.0,1.0,1.0,39,2026-09-17T04:06:08.9083856Z,2026-09-17T04:11:17.2594009Z,results/matrix-20260916-2305/scaled-book-1/processes.jsonl
x3,book,1,book-reviews-a4-db-1,ca43277e8356,postgres,36665,722247,0.006892105263157895,0.0,0.1372,38,16.5,16.5,16.5,39,1.0,1.0,1.0,39,2026-09-17T04:06:08.9083856Z,2026-09-17T04:11:17.2594009Z,results/matrix-20260916-2305/scaled-book-1/processes.jsonl
x3,book,1,book-reviews-a4-db-1,ca43277e8356,postgres,36666,722273,0.018244736842105265,0.0,0.442,38,16.72315705128205,14.0703125,16.79296875,39,1.0,1.0,1.0,39,2026-09-17T04:06:08.9083856Z,2026-09-17T04:11:17.2594009Z,results/matrix-20260916-2305/scaled-book-1/processes.jsonl
x3,book,1,book-reviews-a4-db-1,ca43277e8356,runc:[2:INIT],42586,831014,,,,0,11.4609375,11.4609375,11.4609375,1,6.0,6.0,6.0,1,2026-09-17T04:08:12.3565821Z,2026-09-17T04:08:12.3565821Z,results/matrix-20260916-2305/scaled-book-1/processes.jsonl
x3,book,1,book-reviews-a4-db-1,ca43277e8356,postgres,42937,837451,0.008073333333333333,0.0,0.1211,15,14.046875,14.046875,14.046875,16,1.0,1.0,1.0,16,2026-09-17T04:09:17.0665186Z,2026-09-17T04:11:17.2594009Z,results/matrix-20260916-2305/scaled-book-1/processes.jsonl
x3,book,10,book-reviews-a4-web-1,348cd506525f,ruby,1,721705,0.22322105263157896,0.0,1.9487,38,129.84835737179486,128.1875,130.37890625,39,11.0,11.0,11.0,39,2026-09-17T04:27:15.0815302Z,2026-09-17T04:32:26.9973243Z,results/matrix-20260916-2305/scaled-book-10/processes.jsonl
x3,book,10,book-reviews-a4-opensearch-1,48f7e9560c08,java,1,18849,0.7344052631578948,0.5917,1.3158,38,1499.2115384615386,1498.5,1499.5,39,129.0,129.0,129.0,39,2026-09-17T04:27:17.5750011Z,2026-09-17T04:32:27.8770365Z,results/matrix-20260916-2305/scaled-book-10/processes.jsonl
x3,book,10,book-reviews-a4-web-2,660681595a5e,ruby,1,721726,0.21625526315789473,0.0,2.1505,38,129.02083333333334,127.62109375,129.8671875,39,11.0,11.0,11.0,39,2026-09-17T04:27:15.6254485Z,2026-09-17T04:32:27.1267703Z,results/matrix-20260916-2305/scaled-book-10/processes.jsonl
x3,book,10,book-reviews-a4-static-1,69b93e454d61,bundle,1,70772,0.037878947368421054,0.0,0.243,38,37.50390625,37.50390625,37.50390625,39,9.0,9.0,9.0,39,2026-09-17T04:27:16.2464045Z,2026-09-17T04:32:27.3694672Z,results/matrix-20260916-2305/scaled-book-10/processes.jsonl
x3,book,10,book-reviews-a4-redis-1,87235cf2e925,redis-server,1,18846,0.36693947368421054,0.2387,0.5083,38,14.15234375,14.15234375,14.15234375,39,6.0,6.0,6.0,39,2026-09-17T04:27:16.9193045Z,2026-09-17T04:32:27.6226882Z,results/matrix-20260916-2305/scaled-book-10/processes.jsonl
x3,book,10,book-reviews-a4-redis-1,87235cf2e925,runc:[2:INIT],20463,968339,,,,0,10.140625,10.140625,10.140625,1,6.0,6.0,6.0,1,2026-09-17T04:31:05.5199734Z,2026-09-17T04:31:05.5199734Z,results/matrix-20260916-2305/scaled-book-10/processes.jsonl
x3,book,10,book-reviews-a4-traefik-1,9848c97527b3,traefik,1,18847,0.3153105263157895,0.1206,0.7126,38,103.27383814102564,102.609375,103.70703125,39,18.0,18.0,18.0,39,2026-09-17T04:27:17.2162215Z,2026-09-17T04:32:27.7540319Z,results/matrix-20260916-2305/scaled-book-10/processes.jsonl
x3,book,10,book-reviews-a4-web-3,a1cb37b7da6b,ruby,1,721751,0.1795,0.0,0.729,38,129.77804487179486,129.40234375,130.02734375,39,11.0,11.0,11.0,39,2026-09-17T04:27:15.9474847Z,2026-09-17T04:32:27.2406235Z,results/matrix-20260916-2305/scaled-book-10/processes.jsonl
x3,book,10,book-reviews-a4-web-3,a1cb37b7da6b,curl,8169,964201,,,,0,1.41796875,1.41796875,1.41796875,1,1.0,1.0,1.0,1,2026-09-17T04:30:24.1696492Z,2026-09-17T04:30:24.1696492Z,results/matrix-20260916-2305/scaled-book-10/processes.jsonl
x3,book,10,book-reviews-a4-db-1,ca43277e8356,postgres,1,18849,0.03782894736842105,0.0,0.2275,38,26.00390625,26.00390625,26.00390625,39,1.0,1.0,1.0,39,2026-09-17T04:27:16.5798211Z,2026-09-17T04:32:27.4953265Z,results/matrix-20260916-2305/scaled-book-10/processes.jsonl
x3,book,10,book-reviews-a4-db-1,ca43277e8356,postgres,27,18905,0.0,0.0,0.0,38,6.875,6.875,6.875,39,1.0,1.0,1.0,39,2026-09-17T04:27:16.5798211Z,2026-09-17T04:32:27.4953265Z,results/matrix-20260916-2305/scaled-book-10/processes.jsonl
x3,book,10,book-reviews-a4-db-1,ca43277e8356,postgres,28,18905,0.0032105263157894736,0.0,0.122,38,5.9296875,5.9296875,5.9296875,39,1.0,1.0,1.0,39,2026-09-17T04:27:16.5798211Z,2026-09-17T04:32:27.4953265Z,results/matrix-20260916-2305/scaled-book-10/processes.jsonl
x3,book,10,book-reviews-a4-db-1,ca43277e8356,postgres,38,19205,0.0,0.0,0.0,38,9.015625,9.015625,9.015625,39,1.0,1.0,1.0,39,2026-09-17T04:27:16.5798211Z,2026-09-17T04:32:27.4953265Z,results/matrix-20260916-2305/scaled-book-10/processes.jsonl
x3,book,10,book-reviews-a4-db-1,ca43277e8356,postgres,39,19205,0.0,0.0,0.0,38,7.63671875,7.63671875,7.63671875,39,1.0,1.0,1.0,39,2026-09-17T04:27:16.5798211Z,2026-09-17T04:32:27.4953265Z,results/matrix-20260916-2305/scaled-book-10/processes.jsonl
x3,book,10,book-reviews-a4-db-1,ca43277e8356,postgres,40,19205,0.0,0.0,0.0,38,6.75390625,6.75390625,6.75390625,39,1.0,1.0,1.0,39,2026-09-17T04:27:16.5798211Z,2026-09-17T04:32:27.4953265Z,results/matrix-20260916-2305/scaled-book-10/processes.jsonl
x3,book,10,book-reviews-a4-db-1,ca43277e8356,postgres,36657,722222,0.015910526315789476,0.0,0.2275,38,17.28064903846154,16.8125,17.29296875,39,1.0,1.0,1.0,39,2026-09-17T04:27:16.5798211Z,2026-09-17T04:32:27.4953265Z,results/matrix-20260916-2305/scaled-book-10/processes.jsonl
x3,book,10,book-reviews-a4-db-1,ca43277e8356,postgres,36665,722247,0.0,0.0,0.0,34,18.0859375,18.0859375,18.0859375,35,1.0,1.0,1.0,35,2026-09-17T04:27:16.5798211Z,2026-09-17T04:31:54.5231991Z,results/matrix-20260916-2305/scaled-book-10/processes.jsonl
x3,book,10,book-reviews-a4-db-1,ca43277e8356,postgres,42937,837451,0.009560526315789474,0.0,0.1282,38,16.771233974358974,16.2734375,16.828125,39,1.0,1.0,1.0,39,2026-09-17T04:27:16.5798211Z,2026-09-17T04:32:27.4953265Z,results/matrix-20260916-2305/scaled-book-10/processes.jsonl
x3,book,10,book-reviews-a4-db-1,ca43277e8356,postgres,48604,939952,0.02015,0.0,0.4038,38,15.495492788461538,13.82421875,16.23828125,39,1.0,1.0,1.0,39,2026-09-17T04:27:16.5798211Z,2026-09-17T04:32:27.4953265Z,results/matrix-20260916-2305/scaled-book-10/processes.jsonl
x3,book,100,book-reviews-a4-web-1,348cd506525f,ruby,1,721705,0.2613473684210526,0.0,0.5139,38,132.94691506410257,132.4921875,133.36328125,39,11.0,11.0,11.0,39,2026-09-17T04:48:18.5354560Z,2026-09-17T04:53:30.6403470Z,results/matrix-20260916-2305/scaled-book-100/processes.jsonl
x3,book,100,book-reviews-a4-opensearch-1,48f7e9560c08,java,1,18849,0.7242999999999999,0.601,1.5075,38,1499.650641025641,1499.0,1505.75,39,129.02564102564102,129.0,130.0,39,2026-09-17T04:48:20.9294307Z,2026-09-17T04:53:31.7638312Z,results/matrix-20260916-2305/scaled-book-100/processes.jsonl
x3,book,100,book-reviews-a4-web-2,660681595a5e,ruby,1,721726,0.2726421052631579,0.0,0.8403,38,132.82091346153845,132.359375,133.234375,39,11.0,11.0,11.0,39,2026-09-17T04:48:18.8621037Z,2026-09-17T04:53:30.8027974Z,results/matrix-20260916-2305/scaled-book-100/processes.jsonl
x3,book,100,book-reviews-a4-static-1,69b93e454d61,bundle,1,70772,0.031781578947368425,0.0,0.2413,38,37.4765625,37.4765625,37.4765625,39,9.0,9.0,9.0,39,2026-09-17T04:48:19.5356816Z,2026-09-17T04:53:31.1190148Z,results/matrix-20260916-2305/scaled-book-100/processes.jsonl
x3,book,100,book-reviews-a4-redis-1,87235cf2e925,redis-server,1,18846,0.3854657894736842,0.235,0.5031,38,14.27734375,14.27734375,14.27734375,39,6.0,6.0,6.0,39,2026-09-17T04:48:20.2494691Z,2026-09-17T04:53:31.4554919Z,results/matrix-20260916-2305/scaled-book-100/processes.jsonl
x3,book,100,book-reviews-a4-redis-1,87235cf2e925,runc:[2:INIT],22894,1079159,,,,0,11.4609375,11.4609375,11.4609375,1,6.0,6.0,6.0,1,2026-09-17T04:49:33.6765344Z,2026-09-17T04:49:33.6765344Z,results/matrix-20260916-2305/scaled-book-100/processes.jsonl
x3,book,100,book-reviews-a4-traefik-1,9848c97527b3,traefik,1,18847,0.3815289473684211,0.2395,0.8323,38,104.17518028846153,103.125,104.75,39,18.0,18.0,18.0,39,2026-09-17T04:48:20.5947976Z,2026-09-17T04:53:31.5893556Z,results/matrix-20260916-2305/scaled-book-100/processes.jsonl
x3,book,100,book-reviews-a4-web-3,a1cb37b7da6b,ruby,1,721751,0.2578894736842105,0.0,0.6748,38,132.28205128205127,131.85546875,132.5859375,39,11.0,11.0,11.0,39,2026-09-17T04:48:19.1745186Z,2026-09-17T04:53:30.9586337Z,results/matrix-20260916-2305/scaled-book-100/processes.jsonl
x3,book,100,book-reviews-a4-db-1,ca43277e8356,postgres,1,18849,0.035194736842105265,0.0,0.1264,38,26.00390625,26.00390625,26.00390625,39,1.0,1.0,1.0,39,2026-09-17T04:48:19.8635969Z,2026-09-17T04:53:31.2801337Z,results/matrix-20260916-2305/scaled-book-100/processes.jsonl
x3,book,100,book-reviews-a4-db-1,ca43277e8356,postgres,27,18905,0.0,0.0,0.0,38,6.875,6.875,6.875,39,1.0,1.0,1.0,39,2026-09-17T04:48:19.8635969Z,2026-09-17T04:53:31.2801337Z,results/matrix-20260916-2305/scaled-book-100/processes.jsonl
x3,book,100,book-reviews-a4-db-1,ca43277e8356,postgres,28,18905,0.0,0.0,0.0,38,5.9296875,5.9296875,5.9296875,39,1.0,1.0,1.0,39,2026-09-17T04:48:19.8635969Z,2026-09-17T04:53:31.2801337Z,results/matrix-20260916-2305/scaled-book-100/processes.jsonl
x3,book,100,book-reviews-a4-db-1,ca43277e8356,postgres,38,19205,0.0,0.0,0.0,38,9.015625,9.015625,9.015625,39,1.0,1.0,1.0,39,2026-09-17T04:48:19.8635969Z,2026-09-17T04:53:31.2801337Z,results/matrix-20260916-2305/scaled-book-100/processes.jsonl
x3,book,100,book-reviews-a4-db-1,ca43277e8356,postgres,39,19205,0.0,0.0,0.0,38,7.63671875,7.63671875,7.63671875,39,1.0,1.0,1.0,39,2026-09-17T04:48:19.8635969Z,2026-09-17T04:53:31.2801337Z,results/matrix-20260916-2305/scaled-book-100/processes.jsonl
x3,book,100,book-reviews-a4-db-1,ca43277e8356,postgres,40,19205,0.0,0.0,0.0,38,6.75390625,6.75390625,6.75390625,39,1.0,1.0,1.0,39,2026-09-17T04:48:19.8635969Z,2026-09-17T04:53:31.2801337Z,results/matrix-20260916-2305/scaled-book-100/processes.jsonl
x3,book,100,book-reviews-a4-db-1,ca43277e8356,postgres,36657,722222,0.022539473684210526,0.0,0.1256,38,17.29296875,17.29296875,17.29296875,39,1.0,1.0,1.0,39,2026-09-17T04:48:19.8635969Z,2026-09-17T04:53:31.2801337Z,results/matrix-20260916-2305/scaled-book-100/processes.jsonl
x3,book,100,book-reviews-a4-db-1,ca43277e8356,postgres,42937,837451,0.0,0.0,0.0,34,16.828125,16.828125,16.828125,35,1.0,1.0,1.0,35,2026-09-17T04:48:19.8635969Z,2026-09-17T04:52:58.5582357Z,results/matrix-20260916-2305/scaled-book-100/processes.jsonl
x3,book,100,book-reviews-a4-db-1,ca43277e8356,postgres,51371,989952,0.022389473684210525,0.0,0.2427,38,16.123197115384617,15.7578125,16.1328125,39,1.0,1.0,1.0,39,2026-09-17T04:48:19.8635969Z,2026-09-17T04:53:31.2801337Z,results/matrix-20260916-2305/scaled-book-100/processes.jsonl
x3,book,100,book-reviews-a4-db-1,ca43277e8356,postgres,55541,1064686,0.022913157894736844,0.0,0.135,38,16.212640224358974,15.44921875,16.25390625,39,1.0,1.0,1.0,39,2026-09-17T04:48:19.8635969Z,2026-09-17T04:53:31.2801337Z,results/matrix-20260916-2305/scaled-book-100/processes.jsonl
x3,book,1000,book-reviews-a4-web-1,348cd506525f,ruby,1,721705,0.6800282051282052,0.5038,1.0899,39,138.83173828125,138.23046875,139.21875,40,11.0,11.0,11.0,40,2026-09-17T05:09:27.6997863Z,2026-09-17T05:14:32.5670988Z,results/matrix-20260916-2305/scaled-book-1000/processes.jsonl
x3,book,1000,book-reviews-a4-opensearch-1,48f7e9560c08,java,1,18849,0.5522564102564103,0.3778,1.1421,39,1498.875,1498.875,1498.875,40,131.0,131.0,131.0,40,2026-09-17T05:09:29.2519879Z,2026-09-17T05:14:33.2730487Z,results/matrix-20260916-2305/scaled-book-1000/processes.jsonl
x3,book,1000,book-reviews-a4-web-2,660681595a5e,ruby,1,721726,0.6760897435897436,0.5038,1.0914,39,138.9349609375,138.44921875,139.07421875,40,11.0,11.0,11.0,40,2026-09-17T05:09:27.9373502Z,2026-09-17T05:14:32.6694509Z,results/matrix-20260916-2305/scaled-book-1000/processes.jsonl
x3,book,1000,book-reviews-a4-static-1,69b93e454d61,bundle,1,70772,0.02696153846153846,0.0,0.1374,39,37.4015625,37.2578125,37.5078125,40,9.0,9.0,9.0,40,2026-09-17T05:09:28.3804873Z,2026-09-17T05:14:32.8587267Z,results/matrix-20260916-2305/scaled-book-1000/processes.jsonl
x3,book,1000,book-reviews-a4-static-1,69b93e454d61,curl,27309,1208848,,,,0,3.0,3.0,3.0,1,1.0,1.0,1.0,1,2026-09-17T05:11:10.5035684Z,2026-09-17T05:11:10.5035684Z,results/matrix-20260916-2305/scaled-book-1000/processes.jsonl
x3,book,1000,book-reviews-a4-static-1,69b93e454d61,runc:[2:INIT],27729,1225975,,,,0,11.203125,11.203125,11.203125,1,6.0,6.0,6.0,1,2026-09-17T05:14:01.7556959Z,2026-09-17T05:14:01.7556959Z,results/matrix-20260916-2305/scaled-book-1000/processes.jsonl
x3,book,1000,book-reviews-a4-redis-1,87235cf2e925,redis-server,1,18846,0.36133589743589745,0.1264,0.5442,39,14.83671875,14.77734375,15.02734375,40,6.0,6.0,6.0,40,2026-09-17T05:09:28.8208411Z,2026-09-17T05:14:33.0753043Z,results/matrix-20260916-2305/scaled-book-1000/processes.jsonl
x3,book,1000,book-reviews-a4-redis-1,87235cf2e925,redis-server,26185,1227508,,,,0,0.0,0.0,0.0,1,1.0,1.0,1.0,1,2026-09-17T05:14:17.1678286Z,2026-09-17T05:14:17.1678286Z,results/matrix-20260916-2305/scaled-book-1000/processes.jsonl
x3,book,1000,book-reviews-a4-traefik-1,9848c97527b3,traefik,1,18847,0.6965923076923077,0.5063,1.3784,39,105.11259765625,103.8203125,105.4453125,40,18.0,18.0,18.0,40,2026-09-17T05:09:29.0390571Z,2026-09-17T05:14:33.1729352Z,results/matrix-20260916-2305/scaled-book-1000/processes.jsonl
x3,book,1000,book-reviews-a4-web-3,a1cb37b7da6b,ruby,1,721751,0.6694282051282051,0.5051,1.0929,39,138.30771484375,137.6796875,138.54296875,40,11.0,11.0,11.0,40,2026-09-17T05:09:28.1620790Z,2026-09-17T05:14:32.7626281Z,results/matrix-20260916-2305/scaled-book-1000/processes.jsonl
x3,book,1000,book-reviews-a4-web-3,a1cb37b7da6b,curl,17326,1211955,,,,0,3.66015625,3.66015625,3.66015625,1,1.0,1.0,1.0,1,2026-09-17T05:11:41.5678116Z,2026-09-17T05:11:41.5678116Z,results/matrix-20260916-2305/scaled-book-1000/processes.jsonl
x3,book,1000,book-reviews-a4-db-1,ca43277e8356,postgres,1,18849,0.02674102564102564,0.0,0.1374,39,26.00390625,26.00390625,26.00390625,40,1.0,1.0,1.0,40,2026-09-17T05:09:28.6050151Z,2026-09-17T05:14:32.9700191Z,results/matrix-20260916-2305/scaled-book-1000/processes.jsonl
x3,book,1000,book-reviews-a4-db-1,ca43277e8356,postgres,27,18905,0.0,0.0,0.0,39,6.875,6.875,6.875,40,1.0,1.0,1.0,40,2026-09-17T05:09:28.6050151Z,2026-09-17T05:14:32.9700191Z,results/matrix-20260916-2305/scaled-book-1000/processes.jsonl
x3,book,1000,book-reviews-a4-db-1,ca43277e8356,postgres,28,18905,0.0,0.0,0.0,39,5.9296875,5.9296875,5.9296875,40,1.0,1.0,1.0,40,2026-09-17T05:09:28.6050151Z,2026-09-17T05:14:32.9700191Z,results/matrix-20260916-2305/scaled-book-1000/processes.jsonl
x3,book,1000,book-reviews-a4-db-1,ca43277e8356,postgres,38,19205,0.0,0.0,0.0,39,9.015625,9.015625,9.015625,40,1.0,1.0,1.0,40,2026-09-17T05:09:28.6050151Z,2026-09-17T05:14:32.9700191Z,results/matrix-20260916-2305/scaled-book-1000/processes.jsonl
x3,book,1000,book-reviews-a4-db-1,ca43277e8356,postgres,39,19205,0.003246153846153846,0.0,0.1266,39,7.63671875,7.63671875,7.63671875,40,1.0,1.0,1.0,40,2026-09-17T05:09:28.6050151Z,2026-09-17T05:14:32.9700191Z,results/matrix-20260916-2305/scaled-book-1000/processes.jsonl
x3,book,1000,book-reviews-a4-db-1,ca43277e8356,postgres,40,19205,0.0,0.0,0.0,39,6.75390625,6.75390625,6.75390625,40,1.0,1.0,1.0,40,2026-09-17T05:09:28.6050151Z,2026-09-17T05:14:32.9700191Z,results/matrix-20260916-2305/scaled-book-1000/processes.jsonl
x3,book,1000,book-reviews-a4-db-1,ca43277e8356,postgres,36657,722222,0.10483076923076923,0.0,0.2532,39,17.29296875,17.29296875,17.29296875,40,1.0,1.0,1.0,40,2026-09-17T05:09:28.6050151Z,2026-09-17T05:14:32.9700191Z,results/matrix-20260916-2305/scaled-book-1000/processes.jsonl
x3,book,1000,book-reviews-a4-db-1,ca43277e8356,postgres,60142,1147451,0.10843333333333333,0.0,0.2535,39,16.11953125,15.75390625,16.12890625,40,1.0,1.0,1.0,40,2026-09-17T05:09:28.6050151Z,2026-09-17T05:14:32.9700191Z,results/matrix-20260916-2305/scaled-book-1000/processes.jsonl
x3,book,1000,book-reviews-a4-db-1,ca43277e8356,postgres,60319,1150451,0.05838717948717949,0.0,0.2538,39,16.3376953125,15.796875,16.3515625,40,1.0,1.0,1.0,40,2026-09-17T05:09:28.6050151Z,2026-09-17T05:14:32.9700191Z,results/matrix-20260916-2305/scaled-book-1000/processes.jsonl
x3,book,1000,book-reviews-a4-db-1,ca43277e8356,runc:[2:INIT],63266,1201855,,,,0,11.28515625,11.28515625,11.28515625,1,6.0,6.0,6.0,1,2026-09-17T05:10:00.5736243Z,2026-09-17T05:10:00.5736243Z,results/matrix-20260916-2305/scaled-book-1000/processes.jsonl
x3,book,1000,book-reviews-a4-db-1,ca43277e8356,postgres,63947,1213951,0.1018578947368421,0.0,0.2743,19,16.05234375,15.93359375,16.05859375,20,1.0,1.0,1.0,20,2026-09-17T05:12:04.8707852Z,2026-09-17T05:14:32.9700191Z,results/matrix-20260916-2305/scaled-book-1000/processes.jsonl
x3,book,1000,book-reviews-a4-db-1,ca43277e8356,postgres,64789,1228588,,,,0,16.04296875,16.04296875,16.04296875,1,1.0,1.0,1.0,1,2026-09-17T05:14:32.9700191Z,2026-09-17T05:14:32.9700191Z,results/matrix-20260916-2305/scaled-book-1000/processes.jsonl
x3,book,5000,book-reviews-a4-web-1,348cd506525f,ruby,1,721705,2.9615875,0.1248,3.5261,40,140.10403963414635,139.8046875,140.7890625,41,11.0,11.0,11.0,41,2026-09-17T05:30:20.1979042Z,2026-09-17T05:35:33.4795046Z,results/matrix-20260916-2305/scaled-book-5000/processes.jsonl
x3,book,5000,book-reviews-a4-opensearch-1,48f7e9560c08,java,1,18849,0.5564525,0.3774,0.7547,40,1499.9298780487804,1499.875,1500.0,41,132.58536585365854,132.0,133.0,41,2026-09-17T05:30:21.9201678Z,2026-09-17T05:35:34.1264821Z,results/matrix-20260916-2305/scaled-book-5000/processes.jsonl
x3,book,5000,book-reviews-a4-web-2,660681595a5e,ruby,1,721726,2.9211125,0.1248,3.375,40,140.4915205792683,140.1015625,141.0546875,41,11.0,11.0,11.0,41,2026-09-17T05:30:20.4751338Z,2026-09-17T05:35:33.5741070Z,results/matrix-20260916-2305/scaled-book-5000/processes.jsonl
x3,book,5000,book-reviews-a4-static-1,69b93e454d61,bundle,1,70772,0.022265,0.0,0.2506,40,37.31640625,37.31640625,37.31640625,41,9.0,9.0,9.0,41,2026-09-17T05:30:20.9523734Z,2026-09-17T05:35:33.7543711Z,results/matrix-20260916-2305/scaled-book-5000/processes.jsonl
x3,book,5000,book-reviews-a4-redis-1,87235cf2e925,redis-server,1,18846,0.5536675,0.3759,1.0,40,18.78172637195122,17.52734375,19.55078125,41,6.0,6.0,6.0,41,2026-09-17T05:30:21.4510362Z,2026-09-17T05:35:33.9455804Z,results/matrix-20260916-2305/scaled-book-5000/processes.jsonl
x3,book,5000,book-reviews-a4-traefik-1,9848c97527b3,traefik,1,18847,2.3732125,0.2516,2.836,40,106.48208841463415,104.08203125,107.08203125,41,18.0,18.0,18.0,41,2026-09-17T05:30:21.6783108Z,2026-09-17T05:35:34.0325225Z,results/matrix-20260916-2305/scaled-book-5000/processes.jsonl
x3,book,5000,book-reviews-a4-web-3,a1cb37b7da6b,ruby,1,721751,2.8931775,0.1248,3.375,40,139.8537538109756,139.69140625,140.1875,41,11.0,11.0,11.0,41,2026-09-17T05:30:20.7129531Z,2026-09-17T05:35:33.6641091Z,results/matrix-20260916-2305/scaled-book-5000/processes.jsonl
x3,book,5000,book-reviews-a4-db-1,ca43277e8356,postgres,1,18849,0.0251175,0.0,0.1264,40,26.00390625,26.00390625,26.00390625,41,1.0,1.0,1.0,41,2026-09-17T05:30:21.2068883Z,2026-09-17T05:35:33.8498091Z,results/matrix-20260916-2305/scaled-book-5000/processes.jsonl
x3,book,5000,book-reviews-a4-db-1,ca43277e8356,postgres,27,18905,0.0,0.0,0.0,40,6.875,6.875,6.875,41,1.0,1.0,1.0,41,2026-09-17T05:30:21.2068883Z,2026-09-17T05:35:33.8498091Z,results/matrix-20260916-2305/scaled-book-5000/processes.jsonl
x3,book,5000,book-reviews-a4-db-1,ca43277e8356,postgres,28,18905,0.006257500000000001,0.0,0.2503,40,5.9296875,5.9296875,5.9296875,41,1.0,1.0,1.0,41,2026-09-17T05:30:21.2068883Z,2026-09-17T05:35:33.8498091Z,results/matrix-20260916-2305/scaled-book-5000/processes.jsonl
x3,book,5000,book-reviews-a4-db-1,ca43277e8356,postgres,38,19205,0.0,0.0,0.0,40,9.015625,9.015625,9.015625,41,1.0,1.0,1.0,41,2026-09-17T05:30:21.2068883Z,2026-09-17T05:35:33.8498091Z,results/matrix-20260916-2305/scaled-book-5000/processes.jsonl
x3,book,5000,book-reviews-a4-db-1,ca43277e8356,postgres,39,19205,0.0,0.0,0.0,40,7.63671875,7.63671875,7.63671875,41,1.0,1.0,1.0,41,2026-09-17T05:30:21.2068883Z,2026-09-17T05:35:33.8498091Z,results/matrix-20260916-2305/scaled-book-5000/processes.jsonl
x3,book,5000,book-reviews-a4-db-1,ca43277e8356,postgres,40,19205,0.0,0.0,0.0,40,6.75390625,6.75390625,6.75390625,41,1.0,1.0,1.0,41,2026-09-17T05:30:21.2068883Z,2026-09-17T05:35:33.8498091Z,results/matrix-20260916-2305/scaled-book-5000/processes.jsonl
x3,book,5000,book-reviews-a4-db-1,ca43277e8356,postgres,36657,722222,0.176245,0.0,0.5579,40,17.29296875,17.29296875,17.29296875,41,1.0,1.0,1.0,41,2026-09-17T05:30:21.2068883Z,2026-09-17T05:35:33.8498091Z,results/matrix-20260916-2305/scaled-book-5000/processes.jsonl
x3,book,5000,book-reviews-a4-db-1,ca43277e8356,postgres,63947,1213951,0.22465,0.0,0.6281,40,17.30859375,17.30859375,17.30859375,41,1.0,1.0,1.0,41,2026-09-17T05:30:21.2068883Z,2026-09-17T05:35:33.8498091Z,results/matrix-20260916-2305/scaled-book-5000/processes.jsonl
x3,book,5000,book-reviews-a4-db-1,ca43277e8356,postgres,66903,1265377,0.2808025,0.0,0.6281,40,16.31764481707317,15.8984375,16.328125,41,1.0,1.0,1.0,41,2026-09-17T05:30:21.2068883Z,2026-09-17T05:35:33.8498091Z,results/matrix-20260916-2305/scaled-book-5000/processes.jsonl
x3,book,5000,book-reviews-a4-db-1,ca43277e8356,postgres,70286,1325452,0.34108421052631577,0.0,0.6305,38,16.164763621794872,16.04296875,16.16796875,39,1.0,1.0,1.0,39,2026-09-17T05:30:36.7545666Z,2026-09-17T05:35:33.8498091Z,results/matrix-20260916-2305/scaled-book-5000/processes.jsonl
x3,book,5000,book-reviews-a4-db-1,ca43277e8356,postgres,70806,1334451,0.33194615384615384,0.0,0.6274,26,16.06640625,16.06640625,16.06640625,27,1.0,1.0,1.0,27,2026-09-17T05:32:10.7545741Z,2026-09-17T05:35:33.8498091Z,results/matrix-20260916-2305/scaled-book-5000/processes.jsonl
x3,book,5000,book-reviews-a4-db-1,ca43277e8356,postgres,70894,1335920,0.4480125,0.0,0.7491,24,16.0625,16.0625,16.0625,25,1.0,1.0,1.0,25,2026-09-17T05:32:25.8341306Z,2026-09-17T05:35:33.8498091Z,results/matrix-20260916-2305/scaled-book-5000/processes.jsonl
x3,search,1,book-reviews-a4-web-1,348cd506525f,ruby,1,721705,0.1474421052631579,0.0,0.3841,38,125.19200721153847,124.99609375,125.35546875,39,10.0,10.0,10.0,39,2026-09-17T04:00:48.1557155Z,2026-09-17T04:06:01.0386557Z,results/matrix-20260916-2305/scaled-search-1/processes.jsonl
x3,search,1,book-reviews-a4-web-1,348cd506525f,runc:[2:INIT],2269,788401,,,,0,11.2890625,11.2890625,11.2890625,1,6.0,6.0,6.0,1,2026-09-17T04:01:06.2502392Z,2026-09-17T04:01:06.2502392Z,results/matrix-20260916-2305/scaled-search-1/processes.jsonl
x3,search,1,book-reviews-a4-opensearch-1,48f7e9560c08,java,1,18849,0.9574947368421053,0.5974,8.8344,38,1500.3812099358975,1499.375,1502.75,39,129.0,129.0,129.0,39,2026-09-17T04:00:50.5637848Z,2026-09-17T04:06:01.9675332Z,results/matrix-20260916-2305/scaled-search-1/processes.jsonl
x3,search,1,book-reviews-a4-web-2,660681595a5e,ruby,1,721726,0.18885263157894738,0.0,1.6771,38,123.66195913461539,121.65234375,123.90234375,39,10.974358974358974,10.0,11.0,39,2026-09-17T04:00:48.5371274Z,2026-09-17T04:06:01.1629158Z,results/matrix-20260916-2305/scaled-search-1/processes.jsonl
x3,search,1,book-reviews-a4-static-1,69b93e454d61,bundle,1,70772,0.032100000000000004,0.0,0.128,38,36.596854967948715,36.25390625,37.00390625,39,9.0,9.0,9.0,39,2026-09-17T04:00:49.1651088Z,2026-09-17T04:06:01.4175487Z,results/matrix-20260916-2305/scaled-search-1/processes.jsonl
x3,search,1,book-reviews-a4-static-1,69b93e454d61,runc:[2:INIT],17726,807281,,,,0,11.5859375,11.5859375,11.5859375,1,6.0,6.0,6.0,1,2026-09-17T04:04:15.0545172Z,2026-09-17T04:04:15.0545172Z,results/matrix-20260916-2305/scaled-search-1/processes.jsonl
x3,search,1,book-reviews-a4-redis-1,87235cf2e925,redis-server,1,18846,0.3719657894736842,0.2404,0.507,38,14.02734375,14.02734375,14.02734375,39,6.0,6.0,6.0,39,2026-09-17T04:00:49.8769198Z,2026-09-17T04:06:01.6970953Z,results/matrix-20260916-2305/scaled-search-1/processes.jsonl
x3,search,1,book-reviews-a4-traefik-1,9848c97527b3,traefik,1,18847,0.3113263157894737,0.1217,0.6196,38,103.19360977564102,102.5078125,103.57421875,39,18.0,18.0,18.0,39,2026-09-17T04:00:50.2472059Z,2026-09-17T04:06:01.8245612Z,results/matrix-20260916-2305/scaled-search-1/processes.jsonl
x3,search,1,book-reviews-a4-web-3,a1cb37b7da6b,ruby,1,721751,0.15351578947368422,0.0,0.2584,38,121.7704326923077,121.546875,121.91796875,39,10.0,10.0,10.0,39,2026-09-17T04:00:48.8485323Z,2026-09-17T04:06:01.2889252Z,results/matrix-20260916-2305/scaled-search-1/processes.jsonl
x3,search,1,book-reviews-a4-db-1,ca43277e8356,postgres,1,18849,0.03850263157894737,0.0,0.2433,38,26.00390625,26.00390625,26.00390625,39,1.0,1.0,1.0,39,2026-09-17T04:00:49.5524611Z,2026-09-17T04:06:01.5574795Z,results/matrix-20260916-2305/scaled-search-1/processes.jsonl
x3,search,1,book-reviews-a4-db-1,ca43277e8356,postgres,27,18905,0.0,0.0,0.0,38,6.875,6.875,6.875,39,1.0,1.0,1.0,39,2026-09-17T04:00:49.5524611Z,2026-09-17T04:06:01.5574795Z,results/matrix-20260916-2305/scaled-search-1/processes.jsonl
x3,search,1,book-reviews-a4-db-1,ca43277e8356,postgres,28,18905,0.0,0.0,0.0,38,5.9296875,5.9296875,5.9296875,39,1.0,1.0,1.0,39,2026-09-17T04:00:49.5524611Z,2026-09-17T04:06:01.5574795Z,results/matrix-20260916-2305/scaled-search-1/processes.jsonl
x3,search,1,book-reviews-a4-db-1,ca43277e8356,postgres,38,19205,0.0,0.0,0.0,38,9.015625,9.015625,9.015625,39,1.0,1.0,1.0,39,2026-09-17T04:00:49.5524611Z,2026-09-17T04:06:01.5574795Z,results/matrix-20260916-2305/scaled-search-1/processes.jsonl
x3,search,1,book-reviews-a4-db-1,ca43277e8356,postgres,39,19205,0.003178947368421053,0.0,0.1208,38,7.63671875,7.63671875,7.63671875,39,1.0,1.0,1.0,39,2026-09-17T04:00:49.5524611Z,2026-09-17T04:06:01.5574795Z,results/matrix-20260916-2305/scaled-search-1/processes.jsonl
x3,search,1,book-reviews-a4-db-1,ca43277e8356,postgres,40,19205,0.0,0.0,0.0,38,6.75390625,6.75390625,6.75390625,39,1.0,1.0,1.0,39,2026-09-17T04:00:49.5524611Z,2026-09-17T04:06:01.5574795Z,results/matrix-20260916-2305/scaled-search-1/processes.jsonl
x3,search,1,book-reviews-a4-db-1,ca43277e8356,postgres,36657,722222,0.006376315789473684,0.0,0.1217,38,16.8125,16.8125,16.8125,39,1.0,1.0,1.0,39,2026-09-17T04:00:49.5524611Z,2026-09-17T04:06:01.5574795Z,results/matrix-20260916-2305/scaled-search-1/processes.jsonl
x3,search,1,book-reviews-a4-db-1,ca43277e8356,postgres,36665,722247,0.018373684210526316,0.0,0.3363,38,16.43389423076923,13.921875,16.5,39,1.0,1.0,1.0,39,2026-09-17T04:00:49.5524611Z,2026-09-17T04:06:01.5574795Z,results/matrix-20260916-2305/scaled-search-1/processes.jsonl
x3,search,1,book-reviews-a4-db-1,ca43277e8356,postgres,36666,722273,0.006418421052631579,0.0,0.1233,38,14.0703125,14.0703125,14.0703125,39,1.0,1.0,1.0,39,2026-09-17T04:00:49.5524611Z,2026-09-17T04:06:01.5574795Z,results/matrix-20260916-2305/scaled-search-1/processes.jsonl
x3,search,1,book-reviews-a4-db-1,ca43277e8356,pg_isready,40533,793392,,,,0,1.2734375,1.2734375,1.2734375,1,1.0,1.0,1.0,1,2026-09-17T04:01:56.1702262Z,2026-09-17T04:01:56.1702262Z,results/matrix-20260916-2305/scaled-search-1/processes.jsonl
x3,search,10,book-reviews-a4-web-1,348cd506525f,ruby,1,721705,0.16529473684210527,0.0,0.8772,38,128.11858974358975,127.62109375,128.234375,39,10.897435897435898,10.0,11.0,39,2026-09-17T04:22:00.0822043Z,2026-09-17T04:27:09.0974901Z,results/matrix-20260916-2305/scaled-search-10/processes.jsonl
x3,search,10,book-reviews-a4-opensearch-1,48f7e9560c08,java,1,18849,0.7820473684210526,0.5013,1.6949,38,1498.820512820513,1497.75,1500.875,39,129.02564102564102,129.0,130.0,39,2026-09-17T04:22:02.6410362Z,2026-09-17T04:27:10.0383829Z,results/matrix-20260916-2305/scaled-search-10/processes.jsonl
x3,search,10,book-reviews-a4-web-2,660681595a5e,ruby,1,721726,0.1622157894736842,0.0,0.4981,38,127.9833733974359,127.69140625,128.234375,39,11.0,11.0,11.0,39,2026-09-17T04:22:00.5473464Z,2026-09-17T04:27:09.2295361Z,results/matrix-20260916-2305/scaled-search-10/processes.jsonl
x3,search,10,book-reviews-a4-static-1,69b93e454d61,bundle,1,70772,0.052194736842105266,0.0,0.2732,38,37.50390625,37.50390625,37.50390625,39,9.0,9.0,9.0,39,2026-09-17T04:22:01.1544284Z,2026-09-17T04:27:09.4855782Z,results/matrix-20260916-2305/scaled-search-10/processes.jsonl
x3,search,10,book-reviews-a4-redis-1,87235cf2e925,redis-server,1,18846,0.3701052631578947,0.2421,0.5006,38,14.15234375,14.15234375,14.15234375,39,6.0,6.0,6.0,39,2026-09-17T04:22:01.8910258Z,2026-09-17T04:27:09.7695199Z,results/matrix-20260916-2305/scaled-search-10/processes.jsonl
x3,search,10,book-reviews-a4-traefik-1,9848c97527b3,traefik,1,18847,0.31797105263157893,0.1214,0.6024,38,103.23497596153847,102.8984375,103.5234375,39,18.0,18.0,18.0,39,2026-09-17T04:22:02.2519239Z,2026-09-17T04:27:09.9062144Z,results/matrix-20260916-2305/scaled-search-10/processes.jsonl
x3,search,10,book-reviews-a4-traefik-1,9848c97527b3,traefik,40028,940766,,,,0,61.1796875,61.1796875,61.1796875,1,10.0,10.0,10.0,1,2026-09-17T04:26:29.8555487Z,2026-09-17T04:26:29.8555487Z,results/matrix-20260916-2305/scaled-search-10/processes.jsonl
x3,search,10,book-reviews-a4-web-3,a1cb37b7da6b,ruby,1,721751,0.17465526315789473,0.0,0.9544,38,129.05789262820514,128.5625,129.40234375,39,10.974358974358974,10.0,11.0,39,2026-09-17T04:22:00.8374277Z,2026-09-17T04:27:09.3552334Z,results/matrix-20260916-2305/scaled-search-10/processes.jsonl
x3,search,10,book-reviews-a4-web-3,a1cb37b7da6b,runc:[2:INIT],6805,923806,,,,0,11.578125,11.578125,11.578125,1,6.0,6.0,6.0,1,2026-09-17T04:23:40.2252170Z,2026-09-17T04:23:40.2252170Z,results/matrix-20260916-2305/scaled-search-10/processes.jsonl
x3,search,10,book-reviews-a4-db-1,ca43277e8356,postgres,1,18849,0.03561315789473684,0.0,0.1368,38,26.00390625,26.00390625,26.00390625,39,1.0,1.0,1.0,39,2026-09-17T04:22:01.5756206Z,2026-09-17T04:27:09.6294442Z,results/matrix-20260916-2305/scaled-search-10/processes.jsonl
x3,search,10,book-reviews-a4-db-1,ca43277e8356,postgres,27,18905,0.0,0.0,0.0,38,6.875,6.875,6.875,39,1.0,1.0,1.0,39,2026-09-17T04:22:01.5756206Z,2026-09-17T04:27:09.6294442Z,results/matrix-20260916-2305/scaled-search-10/processes.jsonl
x3,search,10,book-reviews-a4-db-1,ca43277e8356,postgres,28,18905,0.0,0.0,0.0,38,5.9296875,5.9296875,5.9296875,39,1.0,1.0,1.0,39,2026-09-17T04:22:01.5756206Z,2026-09-17T04:27:09.6294442Z,results/matrix-20260916-2305/scaled-search-10/processes.jsonl
x3,search,10,book-reviews-a4-db-1,ca43277e8356,postgres,38,19205,0.0,0.0,0.0,38,9.015625,9.015625,9.015625,39,1.0,1.0,1.0,39,2026-09-17T04:22:01.5756206Z,2026-09-17T04:27:09.6294442Z,results/matrix-20260916-2305/scaled-search-10/processes.jsonl
x3,search,10,book-reviews-a4-db-1,ca43277e8356,postgres,39,19205,0.0,0.0,0.0,38,7.63671875,7.63671875,7.63671875,39,1.0,1.0,1.0,39,2026-09-17T04:22:01.5756206Z,2026-09-17T04:27:09.6294442Z,results/matrix-20260916-2305/scaled-search-10/processes.jsonl
x3,search,10,book-reviews-a4-db-1,ca43277e8356,postgres,40,19205,0.0,0.0,0.0,38,6.75390625,6.75390625,6.75390625,39,1.0,1.0,1.0,39,2026-09-17T04:22:01.5756206Z,2026-09-17T04:27:09.6294442Z,results/matrix-20260916-2305/scaled-search-10/processes.jsonl
x3,search,10,book-reviews-a4-db-1,ca43277e8356,postgres,36657,722222,0.012881578947368421,0.0,0.1247,38,16.8125,16.8125,16.8125,39,1.0,1.0,1.0,39,2026-09-17T04:22:01.5756206Z,2026-09-17T04:27:09.6294442Z,results/matrix-20260916-2305/scaled-search-10/processes.jsonl
x3,search,10,book-reviews-a4-db-1,ca43277e8356,postgres,36665,722247,0.009542105263157895,0.0,0.1221,38,18.0859375,18.0859375,18.0859375,39,1.0,1.0,1.0,39,2026-09-17T04:22:01.5756206Z,2026-09-17T04:27:09.6294442Z,results/matrix-20260916-2305/scaled-search-10/processes.jsonl
x3,search,10,book-reviews-a4-db-1,ca43277e8356,postgres,42937,837451,0.009678947368421053,0.0,0.1247,38,16.2734375,16.2734375,16.2734375,39,1.0,1.0,1.0,39,2026-09-17T04:22:01.5756206Z,2026-09-17T04:27:09.6294442Z,results/matrix-20260916-2305/scaled-search-10/processes.jsonl
x3,search,10,book-reviews-a4-db-1,ca43277e8356,postgres,48604,939952,0.02422,0.0,0.1211,5,13.82421875,13.82421875,13.82421875,6,1.0,1.0,1.0,6,2026-09-17T04:26:29.5928705Z,2026-09-17T04:27:09.6294442Z,results/matrix-20260916-2305/scaled-search-10/processes.jsonl
x3,search,100,book-reviews-a4-web-1,348cd506525f,ruby,1,721705,0.27585263157894735,0.0,0.6873,38,132.91856971153845,132.66796875,133.07421875,39,11.0,11.0,11.0,39,2026-09-17T04:43:05.7232307Z,2026-09-17T04:48:11.8628413Z,results/matrix-20260916-2305/scaled-search-100/processes.jsonl
x3,search,100,book-reviews-a4-opensearch-1,48f7e9560c08,java,1,18849,1.0770605263157895,0.612,4.2998,38,1498.945512820513,1498.625,1499.75,39,129.02564102564102,129.0,130.0,39,2026-09-17T04:43:07.8980350Z,2026-09-17T04:48:12.7904684Z,results/matrix-20260916-2305/scaled-search-100/processes.jsonl
x3,search,100,book-reviews-a4-web-2,660681595a5e,ruby,1,721726,0.24820526315789473,0.0,0.4902,38,132.37820512820514,131.74609375,134.3515625,39,11.0,11.0,11.0,39,2026-09-17T04:43:06.0626386Z,2026-09-17T04:48:11.9947223Z,results/matrix-20260916-2305/scaled-search-100/processes.jsonl
x3,search,100,book-reviews-a4-static-1,69b93e454d61,bundle,1,70772,0.035636842105263154,0.0,0.2418,38,37.4765625,37.4765625,37.4765625,39,9.0,9.0,9.0,39,2026-09-17T04:43:06.6550043Z,2026-09-17T04:48:12.2511312Z,results/matrix-20260916-2305/scaled-search-100/processes.jsonl
x3,search,100,book-reviews-a4-redis-1,87235cf2e925,redis-server,1,18846,0.3772342105263158,0.2421,0.4975,38,14.190805288461538,14.15234375,14.27734375,39,6.0,6.0,6.0,39,2026-09-17T04:43:07.2420120Z,2026-09-17T04:48:12.5190081Z,results/matrix-20260916-2305/scaled-search-100/processes.jsonl
x3,search,100,book-reviews-a4-traefik-1,9848c97527b3,traefik,1,18847,0.3770631578947368,0.2427,0.7238,38,104.33443509615384,103.26171875,104.609375,39,18.0,18.0,18.0,39,2026-09-17T04:43:07.5914707Z,2026-09-17T04:48:12.6481467Z,results/matrix-20260916-2305/scaled-search-100/processes.jsonl
x3,search,100,book-reviews-a4-traefik-1,9848c97527b3,runc:[2:INIT],45326,1061420,,,,0,11.671875,11.671875,11.671875,1,6.0,6.0,6.0,1,2026-09-17T04:46:36.3005423Z,2026-09-17T04:46:36.3005423Z,results/matrix-20260916-2305/scaled-search-100/processes.jsonl
x3,search,100,book-reviews-a4-traefik-1,9848c97527b3,traefik,45745,1071053,,,,0,49.22265625,49.22265625,49.22265625,1,7.0,7.0,7.0,1,2026-09-17T04:48:12.6481467Z,2026-09-17T04:48:12.6481467Z,results/matrix-20260916-2305/scaled-search-100/processes.jsonl
x3,search,100,book-reviews-a4-web-3,a1cb37b7da6b,ruby,1,721751,0.26147631578947367,0.0,0.5326,38,132.1464342948718,131.35546875,134.07421875,39,11.0,11.0,11.0,39,2026-09-17T04:43:06.3435245Z,2026-09-17T04:48:12.1216968Z,results/matrix-20260916-2305/scaled-search-100/processes.jsonl
x3,search,100,book-reviews-a4-db-1,ca43277e8356,postgres,1,18849,0.035534210526315786,0.0,0.1256,38,26.00390625,26.00390625,26.00390625,39,1.0,1.0,1.0,39,2026-09-17T04:43:06.9521942Z,2026-09-17T04:48:12.3888340Z,results/matrix-20260916-2305/scaled-search-100/processes.jsonl
x3,search,100,book-reviews-a4-db-1,ca43277e8356,postgres,27,18905,0.0,0.0,0.0,38,6.875,6.875,6.875,39,1.0,1.0,1.0,39,2026-09-17T04:43:06.9521942Z,2026-09-17T04:48:12.3888340Z,results/matrix-20260916-2305/scaled-search-100/processes.jsonl
x3,search,100,book-reviews-a4-db-1,ca43277e8356,postgres,28,18905,0.0,0.0,0.0,38,5.9296875,5.9296875,5.9296875,39,1.0,1.0,1.0,39,2026-09-17T04:43:06.9521942Z,2026-09-17T04:48:12.3888340Z,results/matrix-20260916-2305/scaled-search-100/processes.jsonl
x3,search,100,book-reviews-a4-db-1,ca43277e8356,postgres,38,19205,0.0032210526315789474,0.0,0.1224,38,9.015625,9.015625,9.015625,39,1.0,1.0,1.0,39,2026-09-17T04:43:06.9521942Z,2026-09-17T04:48:12.3888340Z,results/matrix-20260916-2305/scaled-search-100/processes.jsonl
x3,search,100,book-reviews-a4-db-1,ca43277e8356,postgres,39,19205,0.0,0.0,0.0,38,7.63671875,7.63671875,7.63671875,39,1.0,1.0,1.0,39,2026-09-17T04:43:06.9521942Z,2026-09-17T04:48:12.3888340Z,results/matrix-20260916-2305/scaled-search-100/processes.jsonl
x3,search,100,book-reviews-a4-db-1,ca43277e8356,postgres,40,19205,0.0,0.0,0.0,38,6.75390625,6.75390625,6.75390625,39,1.0,1.0,1.0,39,2026-09-17T04:43:06.9521942Z,2026-09-17T04:48:12.3888340Z,results/matrix-20260916-2305/scaled-search-100/processes.jsonl
x3,search,100,book-reviews-a4-db-1,ca43277e8356,postgres,36657,722222,0.019394736842105263,0.0,0.2424,38,17.29296875,17.29296875,17.29296875,39,1.0,1.0,1.0,39,2026-09-17T04:43:06.9521942Z,2026-09-17T04:48:12.3888340Z,results/matrix-20260916-2305/scaled-search-100/processes.jsonl
x3,search,100,book-reviews-a4-db-1,ca43277e8356,postgres,42937,837451,0.009621052631578947,0.0,0.1225,38,16.828125,16.828125,16.828125,39,1.0,1.0,1.0,39,2026-09-17T04:43:06.9521942Z,2026-09-17T04:48:12.3888340Z,results/matrix-20260916-2305/scaled-search-100/processes.jsonl
x3,search,100,book-reviews-a4-db-1,ca43277e8356,postgres,51371,989952,0.012894736842105263,0.0,0.1252,38,15.7578125,15.7578125,15.7578125,39,1.0,1.0,1.0,39,2026-09-17T04:43:06.9521942Z,2026-09-17T04:48:12.3888340Z,results/matrix-20260916-2305/scaled-search-100/processes.jsonl
x3,search,100,book-reviews-a4-db-1,ca43277e8356,postgres,55541,1064686,0.03684285714285714,0.0,0.1359,7,15.44921875,15.44921875,15.44921875,8,1.0,1.0,1.0,8,2026-09-17T04:47:16.0664620Z,2026-09-17T04:48:12.3888340Z,results/matrix-20260916-2305/scaled-search-100/processes.jsonl
x3,search,1000,book-reviews-a4-web-1,348cd506525f,ruby,1,721705,0.78424,0.0,1.3942,40,138.13205030487805,136.76171875,138.7578125,41,11.0,11.0,11.0,41,2026-09-17T05:04:09.9882279Z,2026-09-17T05:09:22.2452520Z,results/matrix-20260916-2305/scaled-search-1000/processes.jsonl
x3,search,1000,book-reviews-a4-opensearch-1,48f7e9560c08,java,1,18849,1.87159,0.5031,6.25,40,1498.9176829268292,1495.875,1503.25,41,131.0487804878049,131.0,133.0,41,2026-09-17T05:04:11.6490179Z,2026-09-17T05:09:22.9335136Z,results/matrix-20260916-2305/scaled-search-1000/processes.jsonl
x3,search,1000,book-reviews-a4-web-2,660681595a5e,ruby,1,721726,0.77448,0.1259,1.5113,40,138.50333460365854,136.828125,139.01171875,41,11.0,11.0,11.0,41,2026-09-17T05:04:10.2480639Z,2026-09-17T05:09:22.3548348Z,results/matrix-20260916-2305/scaled-search-1000/processes.jsonl
x3,search,1000,book-reviews-a4-static-1,69b93e454d61,bundle,1,70772,0.0226525,0.0,0.1372,40,37.12366615853659,37.0078125,37.2578125,41,9.0,9.0,9.0,41,2026-09-17T05:04:10.7200688Z,2026-09-17T05:09:22.5364391Z,results/matrix-20260916-2305/scaled-search-1000/processes.jsonl
x3,search,1000,book-reviews-a4-redis-1,87235cf2e925,redis-server,1,18846,0.36549,0.2516,0.5076,40,14.627953506097562,14.40234375,14.77734375,41,6.0,6.0,6.0,41,2026-09-17T05:04:11.2007617Z,2026-09-17T05:09:22.7323616Z,results/matrix-20260916-2305/scaled-search-1000/processes.jsonl
x3,search,1000,book-reviews-a4-redis-1,87235cf2e925,runc:[2:INIT],24890,1169265,,,,0,11.1484375,11.1484375,11.1484375,1,6.0,6.0,6.0,1,2026-09-17T05:04:34.6800164Z,2026-09-17T05:04:34.6800164Z,results/matrix-20260916-2305/scaled-search-1000/processes.jsonl
x3,search,1000,book-reviews-a4-traefik-1,9848c97527b3,traefik,1,18847,0.7385675,0.2519,1.487,40,104.90034298780488,103.95703125,105.6328125,41,18.0,18.0,18.0,41,2026-09-17T05:04:11.4207624Z,2026-09-17T05:09:22.8289580Z,results/matrix-20260916-2305/scaled-search-1000/processes.jsonl
x3,search,1000,book-reviews-a4-web-3,a1cb37b7da6b,ruby,1,721751,0.7823775,0.1259,1.3942,40,137.98123094512195,136.1171875,138.50390625,41,11.0,11.0,11.0,41,2026-09-17T05:04:10.4821938Z,2026-09-17T05:09:22.4462061Z,results/matrix-20260916-2305/scaled-search-1000/processes.jsonl
x3,search,1000,book-reviews-a4-db-1,ca43277e8356,postgres,1,18849,0.02212,0.0,0.1267,40,26.00390625,26.00390625,26.00390625,41,1.0,1.0,1.0,41,2026-09-17T05:04:10.9732998Z,2026-09-17T05:09:22.6379027Z,results/matrix-20260916-2305/scaled-search-1000/processes.jsonl
x3,search,1000,book-reviews-a4-db-1,ca43277e8356,postgres,27,18905,0.0,0.0,0.0,40,6.875,6.875,6.875,41,1.0,1.0,1.0,41,2026-09-17T05:04:10.9732998Z,2026-09-17T05:09:22.6379027Z,results/matrix-20260916-2305/scaled-search-1000/processes.jsonl
x3,search,1000,book-reviews-a4-db-1,ca43277e8356,postgres,28,18905,0.0,0.0,0.0,40,5.9296875,5.9296875,5.9296875,41,1.0,1.0,1.0,41,2026-09-17T05:04:10.9732998Z,2026-09-17T05:09:22.6379027Z,results/matrix-20260916-2305/scaled-search-1000/processes.jsonl
x3,search,1000,book-reviews-a4-db-1,ca43277e8356,postgres,38,19205,0.0,0.0,0.0,40,9.015625,9.015625,9.015625,41,1.0,1.0,1.0,41,2026-09-17T05:04:10.9732998Z,2026-09-17T05:09:22.6379027Z,results/matrix-20260916-2305/scaled-search-1000/processes.jsonl
x3,search,1000,book-reviews-a4-db-1,ca43277e8356,postgres,39,19205,0.0,0.0,0.0,40,7.63671875,7.63671875,7.63671875,41,1.0,1.0,1.0,41,2026-09-17T05:04:10.9732998Z,2026-09-17T05:09:22.6379027Z,results/matrix-20260916-2305/scaled-search-1000/processes.jsonl
x3,search,1000,book-reviews-a4-db-1,ca43277e8356,postgres,40,19205,0.0,0.0,0.0,40,6.75390625,6.75390625,6.75390625,41,1.0,1.0,1.0,41,2026-09-17T05:04:10.9732998Z,2026-09-17T05:09:22.6379027Z,results/matrix-20260916-2305/scaled-search-1000/processes.jsonl
x3,search,1000,book-reviews-a4-db-1,ca43277e8356,postgres,36657,722222,0.0707925,0.0,0.1374,40,17.29296875,17.29296875,17.29296875,41,1.0,1.0,1.0,41,2026-09-17T05:04:10.9732998Z,2026-09-17T05:09:22.6379027Z,results/matrix-20260916-2305/scaled-search-1000/processes.jsonl
x3,search,1000,book-reviews-a4-db-1,ca43277e8356,postgres,51371,989952,0.0,0.0,0.0,21,16.1328125,16.1328125,16.1328125,22,1.0,1.0,1.0,22,2026-09-17T05:04:10.9732998Z,2026-09-17T05:06:54.6183050Z,results/matrix-20260916-2305/scaled-search-1000/processes.jsonl
x3,search,1000,book-reviews-a4-db-1,ca43277e8356,postgres,55541,1064686,0.0,0.0,0.0,14,16.37890625,16.37890625,16.37890625,15,1.0,1.0,1.0,15,2026-09-17T05:04:10.9732998Z,2026-09-17T05:06:00.3466083Z,results/matrix-20260916-2305/scaled-search-1000/processes.jsonl
x3,search,1000,book-reviews-a4-db-1,ca43277e8356,postgres,60142,1147451,0.0611225,0.0,0.1389,40,15.75390625,15.75390625,15.75390625,41,1.0,1.0,1.0,41,2026-09-17T05:04:10.9732998Z,2026-09-17T05:09:22.6379027Z,results/matrix-20260916-2305/scaled-search-1000/processes.jsonl
x3,search,1000,book-reviews-a4-db-1,ca43277e8356,postgres,60319,1150451,0.0612675,0.0,0.2525,40,15.796875,15.796875,15.796875,41,1.0,1.0,1.0,41,2026-09-17T05:04:10.9732998Z,2026-09-17T05:09:22.6379027Z,results/matrix-20260916-2305/scaled-search-1000/processes.jsonl
x3,search,5000,book-reviews-a4-web-1,348cd506525f,ruby,1,721705,3.4527923076923077,2.375,3.736,39,140.34091796875,139.96875,141.05078125,40,11.0,11.0,11.0,40,2026-09-17T05:25:08.4264195Z,2026-09-17T05:30:13.3282920Z,results/matrix-20260916-2305/scaled-search-5000/processes.jsonl
x3,search,5000,book-reviews-a4-web-1,348cd506525f,curl,20206,1293516,,,,0,10.29296875,10.29296875,10.29296875,1,1.0,1.0,1.0,1,2026-09-17T05:25:17.1552049Z,2026-09-17T05:25:17.1552049Z,results/matrix-20260916-2305/scaled-search-5000/processes.jsonl
x3,search,5000,book-reviews-a4-web-1,348cd506525f,runc:[2:INIT],23727,1317708,,,,0,11.41796875,11.41796875,11.41796875,1,6.0,6.0,6.0,1,2026-09-17T05:29:19.0385156Z,2026-09-17T05:29:19.0385156Z,results/matrix-20260916-2305/scaled-search-5000/processes.jsonl
x3,search,5000,book-reviews-a4-opensearch-1,48f7e9560c08,java,1,18849,5.442910256410256,3.8994,18.125,39,1499.7890625,1497.6328125,1505.625,40,131.35,131.0,133.0,40,2026-09-17T05:25:10.0322234Z,2026-09-17T05:30:14.0278625Z,results/matrix-20260916-2305/scaled-search-5000/processes.jsonl
x3,search,5000,book-reviews-a4-web-2,660681595a5e,ruby,1,721726,3.4171564102564105,2.375,3.7688,39,141.120703125,140.77734375,142.375,40,11.0,11.0,11.0,40,2026-09-17T05:25:08.6650217Z,2026-09-17T05:30:13.4217568Z,results/matrix-20260916-2305/scaled-search-5000/processes.jsonl
x3,search,5000,book-reviews-a4-static-1,69b93e454d61,bundle,1,70772,0.026533333333333332,0.0,0.1412,39,37.31640625,37.31640625,37.31640625,40,9.0,9.0,9.0,40,2026-09-17T05:25:09.1120341Z,2026-09-17T05:30:13.6105033Z,results/matrix-20260916-2305/scaled-search-5000/processes.jsonl
x3,search,5000,book-reviews-a4-redis-1,87235cf2e925,redis-server,1,18846,0.5357948717948718,0.3764,0.6321,39,16.99296875,16.27734375,17.52734375,40,6.0,6.0,6.0,40,2026-09-17T05:25:09.5828727Z,2026-09-17T05:30:13.8179810Z,results/matrix-20260916-2305/scaled-search-5000/processes.jsonl
x3,search,5000,book-reviews-a4-traefik-1,9848c97527b3,traefik,1,18847,2.5980820512820513,1.8797,3.1407,39,106.00439453125,104.58203125,106.58203125,40,18.0,18.0,18.0,40,2026-09-17T05:25:09.8082133Z,2026-09-17T05:30:13.9193556Z,results/matrix-20260916-2305/scaled-search-5000/processes.jsonl
x3,search,5000,book-reviews-a4-traefik-1,9848c97527b3,traefik,56499,1315380,,,,0,38.49609375,38.49609375,38.49609375,1,5.0,5.0,5.0,1,2026-09-17T05:28:55.7793641Z,2026-09-17T05:28:55.7793641Z,results/matrix-20260916-2305/scaled-search-5000/processes.jsonl
x3,search,5000,book-reviews-a4-web-3,a1cb37b7da6b,ruby,1,721751,3.429074358974359,2.378,3.7927,39,140.0765625,139.703125,141.484375,40,11.0,11.0,11.0,40,2026-09-17T05:25:08.8856548Z,2026-09-17T05:30:13.5154192Z,results/matrix-20260916-2305/scaled-search-5000/processes.jsonl
x3,search,5000,book-reviews-a4-db-1,ca43277e8356,postgres,1,18849,0.02350769230769231,0.0,0.1395,39,26.00390625,26.00390625,26.00390625,40,1.0,1.0,1.0,40,2026-09-17T05:25:09.3569064Z,2026-09-17T05:30:13.7135282Z,results/matrix-20260916-2305/scaled-search-5000/processes.jsonl
x3,search,5000,book-reviews-a4-db-1,ca43277e8356,postgres,27,18905,0.0,0.0,0.0,39,6.875,6.875,6.875,40,1.0,1.0,1.0,40,2026-09-17T05:25:09.3569064Z,2026-09-17T05:30:13.7135282Z,results/matrix-20260916-2305/scaled-search-5000/processes.jsonl
x3,search,5000,book-reviews-a4-db-1,ca43277e8356,postgres,28,18905,0.0,0.0,0.0,39,5.9296875,5.9296875,5.9296875,40,1.0,1.0,1.0,40,2026-09-17T05:25:09.3569064Z,2026-09-17T05:30:13.7135282Z,results/matrix-20260916-2305/scaled-search-5000/processes.jsonl
x3,search,5000,book-reviews-a4-db-1,ca43277e8356,postgres,38,19205,0.0,0.0,0.0,39,9.015625,9.015625,9.015625,40,1.0,1.0,1.0,40,2026-09-17T05:25:09.3569064Z,2026-09-17T05:30:13.7135282Z,results/matrix-20260916-2305/scaled-search-5000/processes.jsonl
x3,search,5000,book-reviews-a4-db-1,ca43277e8356,postgres,39,19205,0.0,0.0,0.0,39,7.63671875,7.63671875,7.63671875,40,1.0,1.0,1.0,40,2026-09-17T05:25:09.3569064Z,2026-09-17T05:30:13.7135282Z,results/matrix-20260916-2305/scaled-search-5000/processes.jsonl
x3,search,5000,book-reviews-a4-db-1,ca43277e8356,postgres,40,19205,0.0,0.0,0.0,39,6.75390625,6.75390625,6.75390625,40,1.0,1.0,1.0,40,2026-09-17T05:25:09.3569064Z,2026-09-17T05:30:13.7135282Z,results/matrix-20260916-2305/scaled-search-5000/processes.jsonl
x3,search,5000,book-reviews-a4-db-1,ca43277e8356,postgres,36657,722222,0.33814358974358977,0.2509,0.4155,39,17.29296875,17.29296875,17.29296875,40,1.0,1.0,1.0,40,2026-09-17T05:25:09.3569064Z,2026-09-17T05:30:13.7135282Z,results/matrix-20260916-2305/scaled-search-5000/processes.jsonl
x3,search,5000,book-reviews-a4-db-1,ca43277e8356,postgres,63947,1213951,0.32848205128205127,0.1258,0.5044,39,17.30859375,17.30859375,17.30859375,40,1.0,1.0,1.0,40,2026-09-17T05:25:09.3569064Z,2026-09-17T05:30:13.7135282Z,results/matrix-20260916-2305/scaled-search-5000/processes.jsonl
x3,search,5000,book-reviews-a4-db-1,ca43277e8356,postgres,64789,1228588,0.0,0.0,0.0,6,16.54296875,16.54296875,16.54296875,7,1.0,1.0,1.0,7,2026-09-17T05:25:09.3569064Z,2026-09-17T05:25:56.5138193Z,results/matrix-20260916-2305/scaled-search-5000/processes.jsonl
x3,search,5000,book-reviews-a4-db-1,ca43277e8356,postgres,66903,1265377,0.294848717948718,0.1253,0.5051,39,15.8984375,15.8984375,15.8984375,40,1.0,1.0,1.0,40,2026-09-17T05:25:09.3569064Z,2026-09-17T05:30:13.7135282Z,results/matrix-20260916-2305/scaled-search-5000/processes.jsonl
x3,static,1,book-reviews-a4-web-1,348cd506525f,ruby,1,721705,0.2788842105263158,0.1179,1.4545,38,116.6073717948718,112.78125,121.171875,39,10.0,10.0,10.0,39,2026-09-17T03:50:13.4312510Z,2026-09-17T03:55:26.0733385Z,results/matrix-20260916-2305/scaled-static-1/processes.jsonl
x3,static,1,book-reviews-a4-web-1,348cd506525f,curl,1087,753548,,,,0,2.49609375,2.49609375,2.49609375,1,1.0,1.0,1.0,1,2026-09-17T03:55:17.7494111Z,2026-09-17T03:55:17.7494111Z,results/matrix-20260916-2305/scaled-static-1/processes.jsonl
x3,static,1,book-reviews-a4-opensearch-1,48f7e9560c08,java,1,18849,0.8859789473684211,0.6031,3.8508,38,1501.2518028846155,1500.9921875,1507.4921875,39,129.0,129.0,129.0,39,2026-09-17T03:50:16.0618007Z,2026-09-17T03:55:26.9795777Z,results/matrix-20260916-2305/scaled-static-1/processes.jsonl
x3,static,1,book-reviews-a4-web-2,660681595a5e,ruby,1,721726,0.27592894736842105,0.0,1.451,38,116.39593349358974,112.40234375,120.77734375,39,10.0,10.0,10.0,39,2026-09-17T03:50:13.8195784Z,2026-09-17T03:55:26.2019208Z,results/matrix-20260916-2305/scaled-static-1/processes.jsonl
x3,static,1,book-reviews-a4-static-1,69b93e454d61,bundle,1,70772,0.03207631578947368,0.0,0.1266,38,36.18339342948718,36.00390625,36.25390625,39,9.0,9.0,9.0,39,2026-09-17T03:50:14.5558936Z,2026-09-17T03:55:26.4570364Z,results/matrix-20260916-2305/scaled-static-1/processes.jsonl
x3,static,1,book-reviews-a4-redis-1,87235cf2e925,redis-server,1,18846,0.36943947368421054,0.241,0.4994,38,14.02734375,14.02734375,14.02734375,39,6.0,6.0,6.0,39,2026-09-17T03:50:15.3585727Z,2026-09-17T03:55:26.7217995Z,results/matrix-20260916-2305/scaled-static-1/processes.jsonl
x3,static,1,book-reviews-a4-traefik-1,9848c97527b3,traefik,1,18847,0.31171315789473686,0.1195,0.7282,38,103.20743189102564,102.3125,103.8125,39,18.0,18.0,18.0,39,2026-09-17T03:50:15.6920645Z,2026-09-17T03:55:26.8510842Z,results/matrix-20260916-2305/scaled-static-1/processes.jsonl
x3,static,1,book-reviews-a4-traefik-1,9848c97527b3,traefik,31670,749538,,,,0,17.60546875,17.60546875,17.60546875,1,4.0,4.0,4.0,1,2026-09-17T03:54:37.6494402Z,2026-09-17T03:54:37.6494402Z,results/matrix-20260916-2305/scaled-static-1/processes.jsonl
x3,static,1,book-reviews-a4-web-3,a1cb37b7da6b,ruby,1,721751,0.27593684210526315,0.0,1.3285,38,116.56290064102564,112.296875,121.046875,39,10.0,10.0,10.0,39,2026-09-17T03:50:14.2042264Z,2026-09-17T03:55:26.3284763Z,results/matrix-20260916-2305/scaled-static-1/processes.jsonl
x3,static,1,book-reviews-a4-db-1,ca43277e8356,postgres,1,18849,0.03866842105263158,0.0,0.1264,38,26.00390625,26.00390625,26.00390625,39,1.0,1.0,1.0,39,2026-09-17T03:50:14.9452290Z,2026-09-17T03:55:26.5916752Z,results/matrix-20260916-2305/scaled-static-1/processes.jsonl
x3,static,1,book-reviews-a4-db-1,ca43277e8356,postgres,27,18905,0.0,0.0,0.0,38,6.875,6.875,6.875,39,1.0,1.0,1.0,39,2026-09-17T03:50:14.9452290Z,2026-09-17T03:55:26.5916752Z,results/matrix-20260916-2305/scaled-static-1/processes.jsonl
x3,static,1,book-reviews-a4-db-1,ca43277e8356,postgres,28,18905,0.0,0.0,0.0,38,5.9296875,5.9296875,5.9296875,39,1.0,1.0,1.0,39,2026-09-17T03:50:14.9452290Z,2026-09-17T03:55:26.5916752Z,results/matrix-20260916-2305/scaled-static-1/processes.jsonl
x3,static,1,book-reviews-a4-db-1,ca43277e8356,postgres,38,19205,0.0,0.0,0.0,38,9.015625,9.015625,9.015625,39,1.0,1.0,1.0,39,2026-09-17T03:50:14.9452290Z,2026-09-17T03:55:26.5916752Z,results/matrix-20260916-2305/scaled-static-1/processes.jsonl
x3,static,1,book-reviews-a4-db-1,ca43277e8356,postgres,39,19205,0.0,0.0,0.0,38,7.63671875,7.63671875,7.63671875,39,1.0,1.0,1.0,39,2026-09-17T03:50:14.9452290Z,2026-09-17T03:55:26.5916752Z,results/matrix-20260916-2305/scaled-static-1/processes.jsonl
x3,static,1,book-reviews-a4-db-1,ca43277e8356,postgres,40,19205,0.0,0.0,0.0,38,6.75390625,6.75390625,6.75390625,39,1.0,1.0,1.0,39,2026-09-17T03:50:14.9452290Z,2026-09-17T03:55:26.5916752Z,results/matrix-20260916-2305/scaled-static-1/processes.jsonl
x3,static,1,book-reviews-a4-db-1,ca43277e8356,postgres,36657,722222,0.009410526315789473,0.0,0.1215,38,14.046875,14.046875,14.046875,39,1.0,1.0,1.0,39,2026-09-17T03:50:14.9452290Z,2026-09-17T03:55:26.5916752Z,results/matrix-20260916-2305/scaled-static-1/processes.jsonl
x3,static,1,book-reviews-a4-db-1,ca43277e8356,postgres,36665,722247,0.0063710526315789474,0.0,0.1218,38,13.921875,13.921875,13.921875,39,1.0,1.0,1.0,39,2026-09-17T03:50:14.9452290Z,2026-09-17T03:55:26.5916752Z,results/matrix-20260916-2305/scaled-static-1/processes.jsonl
x3,static,1,book-reviews-a4-db-1,ca43277e8356,postgres,36666,722273,0.006318421052631579,0.0,0.2401,38,14.0703125,14.0703125,14.0703125,39,1.0,1.0,1.0,39,2026-09-17T03:50:14.9452290Z,2026-09-17T03:55:26.5916752Z,results/matrix-20260916-2305/scaled-static-1/processes.jsonl
x3,static,10,book-reviews-a4-web-1,348cd506525f,ruby,1,721705,0.14368421052631578,0.0,0.246,38,125.40855368589743,125.3125,125.58984375,39,10.0,10.0,10.0,39,2026-09-17T04:11:23.2702143Z,2026-09-17T04:16:35.3017202Z,results/matrix-20260916-2305/scaled-static-10/processes.jsonl
x3,static,10,book-reviews-a4-opensearch-1,48f7e9560c08,java,1,18849,0.7305105263157895,0.5938,1.2077,38,1500.125,1497.5,1500.625,39,129.0,129.0,129.0,39,2026-09-17T04:11:25.7512349Z,2026-09-17T04:16:36.3096275Z,results/matrix-20260916-2305/scaled-static-10/processes.jsonl
x3,static,10,book-reviews-a4-web-2,660681595a5e,ruby,1,721726,0.13823684210526316,0.0,0.2574,38,124.37029246794872,124.27734375,124.52734375,39,11.0,11.0,11.0,39,2026-09-17T04:11:23.8140129Z,2026-09-17T04:16:35.4307123Z,results/matrix-20260916-2305/scaled-static-10/processes.jsonl
x3,static,10,book-reviews-a4-static-1,69b93e454d61,bundle,1,70772,0.03837631578947368,0.0,0.1287,38,37.50390625,37.50390625,37.50390625,39,9.0,9.0,9.0,39,2026-09-17T04:11:24.4669234Z,2026-09-17T04:16:35.7157917Z,results/matrix-20260916-2305/scaled-static-10/processes.jsonl
x3,static,10,book-reviews-a4-redis-1,87235cf2e925,redis-server,1,18846,0.37338421052631576,0.2395,0.5161,38,14.139523237179487,14.02734375,14.15234375,39,6.0,6.0,6.0,39,2026-09-17T04:11:25.0907326Z,2026-09-17T04:16:36.0224604Z,results/matrix-20260916-2305/scaled-static-10/processes.jsonl
x3,static,10,book-reviews-a4-traefik-1,9848c97527b3,traefik,1,18847,0.3239868421052632,0.1209,0.9357,38,103.03014823717949,102.54296875,103.16796875,39,18.0,18.0,18.0,39,2026-09-17T04:11:25.4005039Z,2026-09-17T04:16:36.1651831Z,results/matrix-20260916-2305/scaled-static-10/processes.jsonl
x3,static,10,book-reviews-a4-traefik-1,9848c97527b3,traefik,37087,873304,,,,0,79.8046875,79.8046875,79.8046875,1,9.0,9.0,9.0,1,2026-09-17T04:15:15.2872411Z,2026-09-17T04:15:15.2872411Z,results/matrix-20260916-2305/scaled-static-10/processes.jsonl
x3,static,10,book-reviews-a4-web-3,a1cb37b7da6b,ruby,1,721751,0.14178684210526316,0.0,0.2577,38,124.97145432692308,124.76953125,125.39453125,39,10.0,10.0,10.0,39,2026-09-17T04:11:24.1581859Z,2026-09-17T04:16:35.5712901Z,results/matrix-20260916-2305/scaled-static-10/processes.jsonl
x3,static,10,book-reviews-a4-web-3,a1cb37b7da6b,runc:[2:INIT],4439,853612,,,,0,10.9609375,10.9609375,10.9609375,1,5.0,5.0,5.0,1,2026-09-17T04:11:58.3171960Z,2026-09-17T04:11:58.3171960Z,results/matrix-20260916-2305/scaled-static-10/processes.jsonl
x3,static,10,book-reviews-a4-db-1,ca43277e8356,postgres,1,18849,0.04178947368421053,0.0,0.1355,38,26.00390625,26.00390625,26.00390625,39,1.0,1.0,1.0,39,2026-09-17T04:11:24.7866668Z,2026-09-17T04:16:35.8555899Z,results/matrix-20260916-2305/scaled-static-10/processes.jsonl
x3,static,10,book-reviews-a4-db-1,ca43277e8356,postgres,27,18905,0.0,0.0,0.0,38,6.875,6.875,6.875,39,1.0,1.0,1.0,39,2026-09-17T04:11:24.7866668Z,2026-09-17T04:16:35.8555899Z,results/matrix-20260916-2305/scaled-static-10/processes.jsonl
x3,static,10,book-reviews-a4-db-1,ca43277e8356,postgres,28,18905,0.0,0.0,0.0,38,5.9296875,5.9296875,5.9296875,39,1.0,1.0,1.0,39,2026-09-17T04:11:24.7866668Z,2026-09-17T04:16:35.8555899Z,results/matrix-20260916-2305/scaled-static-10/processes.jsonl
x3,static,10,book-reviews-a4-db-1,ca43277e8356,postgres,38,19205,0.0,0.0,0.0,38,9.015625,9.015625,9.015625,39,1.0,1.0,1.0,39,2026-09-17T04:11:24.7866668Z,2026-09-17T04:16:35.8555899Z,results/matrix-20260916-2305/scaled-static-10/processes.jsonl
x3,static,10,book-reviews-a4-db-1,ca43277e8356,postgres,39,19205,0.0033131578947368425,0.0,0.1259,38,7.63671875,7.63671875,7.63671875,39,1.0,1.0,1.0,39,2026-09-17T04:11:24.7866668Z,2026-09-17T04:16:35.8555899Z,results/matrix-20260916-2305/scaled-static-10/processes.jsonl
x3,static,10,book-reviews-a4-db-1,ca43277e8356,postgres,40,19205,0.0,0.0,0.0,38,6.75390625,6.75390625,6.75390625,39,1.0,1.0,1.0,39,2026-09-17T04:11:24.7866668Z,2026-09-17T04:16:35.8555899Z,results/matrix-20260916-2305/scaled-static-10/processes.jsonl
x3,static,10,book-reviews-a4-db-1,ca43277e8356,postgres,36657,722222,0.009731578947368421,0.0,0.1259,38,16.8125,16.8125,16.8125,39,1.0,1.0,1.0,39,2026-09-17T04:11:24.7866668Z,2026-09-17T04:16:35.8555899Z,results/matrix-20260916-2305/scaled-static-10/processes.jsonl
x3,static,10,book-reviews-a4-db-1,ca43277e8356,postgres,36665,722247,0.012778947368421053,0.0,0.122,38,16.5,16.5,16.5,39,1.0,1.0,1.0,39,2026-09-17T04:11:24.7866668Z,2026-09-17T04:16:35.8555899Z,results/matrix-20260916-2305/scaled-static-10/processes.jsonl
x3,static,10,book-reviews-a4-db-1,ca43277e8356,postgres,36666,722273,0.0,0.0,0.0,26,16.79296875,16.79296875,16.79296875,27,1.0,1.0,1.0,27,2026-09-17T04:11:24.7866668Z,2026-09-17T04:14:58.3212270Z,results/matrix-20260916-2305/scaled-static-10/processes.jsonl
x3,static,10,book-reviews-a4-db-1,ca43277e8356,postgres,42937,837451,0.006444736842105263,0.0,0.1229,38,14.046875,14.046875,14.046875,39,1.0,1.0,1.0,39,2026-09-17T04:11:24.7866668Z,2026-09-17T04:16:35.8555899Z,results/matrix-20260916-2305/scaled-static-10/processes.jsonl
x3,static,100,book-reviews-a4-web-1,348cd506525f,ruby,1,721705,0.13717894736842104,0.0,0.3958,38,130.38792067307693,130.24609375,130.49609375,39,11.0,11.0,11.0,39,2026-09-17T04:32:33.3013621Z,2026-09-17T04:37:39.5416212Z,results/matrix-20260916-2305/scaled-static-100/processes.jsonl
x3,static,100,book-reviews-a4-opensearch-1,48f7e9560c08,java,1,18849,0.6961868421052632,0.6083,1.0554,38,1499.253205128205,1499.0,1499.5,39,129.05128205128204,129.0,131.0,39,2026-09-17T04:32:35.5690248Z,2026-09-17T04:37:40.4058447Z,results/matrix-20260916-2305/scaled-static-100/processes.jsonl
x3,static,100,book-reviews-a4-web-2,660681595a5e,ruby,1,721726,0.14675,0.0,0.3755,38,130.10406650641025,129.73828125,130.23828125,39,11.0,11.0,11.0,39,2026-09-17T04:32:33.6349556Z,2026-09-17T04:37:39.6526177Z,results/matrix-20260916-2305/scaled-static-100/processes.jsonl
x3,static,100,book-reviews-a4-static-1,69b93e454d61,bundle,1,70772,0.06504736842105263,0.0,0.2451,38,37.510316506410255,37.50390625,37.62890625,39,9.0,9.0,9.0,39,2026-09-17T04:32:34.2965067Z,2026-09-17T04:37:39.8942401Z,results/matrix-20260916-2305/scaled-static-100/processes.jsonl
x3,static,100,book-reviews-a4-redis-1,87235cf2e925,redis-server,1,18846,0.35976842105263157,0.2433,0.492,38,14.15234375,14.15234375,14.15234375,39,6.0,6.0,6.0,39,2026-09-17T04:32:34.9623963Z,2026-09-17T04:37:40.1606427Z,results/matrix-20260916-2305/scaled-static-100/processes.jsonl
x3,static,100,book-reviews-a4-traefik-1,9848c97527b3,traefik,1,18847,0.36262894736842105,0.1225,0.7126,38,103.6024639423077,103.16015625,103.91015625,39,18.0,18.0,18.0,39,2026-09-17T04:32:35.2609805Z,2026-09-17T04:37:40.2790404Z,results/matrix-20260916-2305/scaled-static-100/processes.jsonl
x3,static,100,book-reviews-a4-web-3,a1cb37b7da6b,ruby,1,721751,0.13595263157894738,0.0,0.2516,38,130.11628605769232,129.96484375,130.21484375,39,11.0,11.0,11.0,39,2026-09-17T04:32:33.9475436Z,2026-09-17T04:37:39.7699448Z,results/matrix-20260916-2305/scaled-static-100/processes.jsonl
x3,static,100,book-reviews-a4-db-1,ca43277e8356,postgres,1,18849,0.03615263157894737,0.0,0.2513,38,26.00390625,26.00390625,26.00390625,39,1.0,1.0,1.0,39,2026-09-17T04:32:34.6336255Z,2026-09-17T04:37:40.0220859Z,results/matrix-20260916-2305/scaled-static-100/processes.jsonl
x3,static,100,book-reviews-a4-db-1,ca43277e8356,postgres,27,18905,0.0,0.0,0.0,38,6.875,6.875,6.875,39,1.0,1.0,1.0,39,2026-09-17T04:32:34.6336255Z,2026-09-17T04:37:40.0220859Z,results/matrix-20260916-2305/scaled-static-100/processes.jsonl
x3,static,100,book-reviews-a4-db-1,ca43277e8356,postgres,28,18905,0.0,0.0,0.0,38,5.9296875,5.9296875,5.9296875,39,1.0,1.0,1.0,39,2026-09-17T04:32:34.6336255Z,2026-09-17T04:37:40.0220859Z,results/matrix-20260916-2305/scaled-static-100/processes.jsonl
x3,static,100,book-reviews-a4-db-1,ca43277e8356,postgres,38,19205,0.0,0.0,0.0,38,9.015625,9.015625,9.015625,39,1.0,1.0,1.0,39,2026-09-17T04:32:34.6336255Z,2026-09-17T04:37:40.0220859Z,results/matrix-20260916-2305/scaled-static-100/processes.jsonl
x3,static,100,book-reviews-a4-db-1,ca43277e8356,postgres,39,19205,0.0032210526315789474,0.0,0.1224,38,7.63671875,7.63671875,7.63671875,39,1.0,1.0,1.0,39,2026-09-17T04:32:34.6336255Z,2026-09-17T04:37:40.0220859Z,results/matrix-20260916-2305/scaled-static-100/processes.jsonl
x3,static,100,book-reviews-a4-db-1,ca43277e8356,postgres,40,19205,0.0,0.0,0.0,38,6.75390625,6.75390625,6.75390625,39,1.0,1.0,1.0,39,2026-09-17T04:32:34.6336255Z,2026-09-17T04:37:40.0220859Z,results/matrix-20260916-2305/scaled-static-100/processes.jsonl
x3,static,100,book-reviews-a4-db-1,ca43277e8356,postgres,36657,722222,0.00643421052631579,0.0,0.1225,38,17.29296875,17.29296875,17.29296875,39,1.0,1.0,1.0,39,2026-09-17T04:32:34.6336255Z,2026-09-17T04:37:40.0220859Z,results/matrix-20260916-2305/scaled-static-100/processes.jsonl
x3,static,100,book-reviews-a4-db-1,ca43277e8356,postgres,42937,837451,0.009678947368421053,0.0,0.1227,38,16.828125,16.828125,16.828125,39,1.0,1.0,1.0,39,2026-09-17T04:32:34.6336255Z,2026-09-17T04:37:40.0220859Z,results/matrix-20260916-2305/scaled-static-100/processes.jsonl
x3,static,100,book-reviews-a4-db-1,ca43277e8356,postgres,48604,939952,0.0,0.0,0.0,38,16.23828125,16.23828125,16.23828125,39,1.0,1.0,1.0,39,2026-09-17T04:32:34.6336255Z,2026-09-17T04:37:40.0220859Z,results/matrix-20260916-2305/scaled-static-100/processes.jsonl
x3,static,100,book-reviews-a4-db-1,ca43277e8356,postgres,51371,989952,0.0,0.0,0.0,22,14.0078125,14.0078125,14.0078125,23,1.0,1.0,1.0,23,2026-09-17T04:34:43.5281166Z,2026-09-17T04:37:40.0220859Z,results/matrix-20260916-2305/scaled-static-100/processes.jsonl
x3,static,1000,book-reviews-a4-web-1,348cd506525f,ruby,1,721705,0.12177435897435897,0.0,0.304,39,133.83515625,133.36328125,134.48828125,40,11.0,11.0,11.0,40,2026-09-17T04:53:37.4341576Z,2026-09-17T04:58:46.0651708Z,results/matrix-20260916-2305/scaled-static-1000/processes.jsonl
x3,static,1000,book-reviews-a4-opensearch-1,48f7e9560c08,java,1,18849,0.5987435897435898,0.3778,1.0936,39,1499.2625,1499.125,1499.625,40,129.0,129.0,129.0,40,2026-09-17T04:53:39.9424657Z,2026-09-17T04:58:46.8336108Z,results/matrix-20260916-2305/scaled-static-1000/processes.jsonl
x3,static,1000,book-reviews-a4-web-2,660681595a5e,ruby,1,721726,0.11013846153846155,0.0,0.277,39,133.78095703125,133.234375,134.359375,40,11.0,11.0,11.0,40,2026-09-17T04:53:37.7708468Z,2026-09-17T04:58:46.1676158Z,results/matrix-20260916-2305/scaled-static-1000/processes.jsonl
x3,static,1000,book-reviews-a4-web-2,660681595a5e,curl,13113,1108606,,,,0,9.7578125,9.7578125,9.7578125,1,1.0,1.0,1.0,1,2026-09-17T04:54:28.1552404Z,2026-09-17T04:54:28.1552404Z,results/matrix-20260916-2305/scaled-static-1000/processes.jsonl
x3,static,1000,book-reviews-a4-web-2,660681595a5e,curl,13835,1129782,,,,0,10.3046875,10.3046875,10.3046875,1,1.0,1.0,1.0,1,2026-09-17T04:57:59.8924303Z,2026-09-17T04:57:59.8924303Z,results/matrix-20260916-2305/scaled-static-1000/processes.jsonl
x3,static,1000,book-reviews-a4-static-1,69b93e454d61,bundle,1,70772,0.28573333333333334,0.1258,0.5305,39,37.134765625,37.0078125,37.7265625,40,9.0,9.0,9.0,40,2026-09-17T04:53:38.3784037Z,2026-09-17T04:58:46.3796013Z,results/matrix-20260916-2305/scaled-static-1000/processes.jsonl
x3,static,1000,book-reviews-a4-redis-1,87235cf2e925,redis-server,1,18846,0.32785384615384616,0.246,0.4825,39,14.27734375,14.27734375,14.27734375,40,6.0,6.0,6.0,40,2026-09-17T04:53:39.1635057Z,2026-09-17T04:58:46.6074058Z,results/matrix-20260916-2305/scaled-static-1000/processes.jsonl
x3,static,1000,book-reviews-a4-traefik-1,9848c97527b3,traefik,1,18847,0.7437307692307692,0.5038,1.5046,39,104.04365234375,103.40234375,104.31640625,40,18.0,18.0,18.0,40,2026-09-17T04:53:39.5786265Z,2026-09-17T04:58:46.7205614Z,results/matrix-20260916-2305/scaled-static-1000/processes.jsonl
x3,static,1000,book-reviews-a4-traefik-1,9848c97527b3,traefik,47859,1119717,,,,0,18.4140625,18.4140625,18.4140625,1,5.0,5.0,5.0,1,2026-09-17T04:56:19.2355215Z,2026-09-17T04:56:19.2355215Z,results/matrix-20260916-2305/scaled-static-1000/processes.jsonl
x3,static,1000,book-reviews-a4-traefik-1,9848c97527b3,traefik,47926,1121234,,,,0,80.55859375,80.55859375,80.55859375,1,12.0,12.0,12.0,1,2026-09-17T04:56:34.4397964Z,2026-09-17T04:56:34.4397964Z,results/matrix-20260916-2305/scaled-static-1000/processes.jsonl
x3,static,1000,book-reviews-a4-traefik-1,9848c97527b3,traefik,48308,1129831,,,,0,63.46875,63.46875,63.46875,1,9.0,9.0,9.0,1,2026-09-17T04:58:00.3927955Z,2026-09-17T04:58:00.3927955Z,results/matrix-20260916-2305/scaled-static-1000/processes.jsonl
x3,static,1000,book-reviews-a4-traefik-1,9848c97527b3,traefik,48377,1131349,,,,0,21.328125,21.328125,21.328125,1,5.0,5.0,5.0,1,2026-09-17T04:58:15.5486355Z,2026-09-17T04:58:15.5486355Z,results/matrix-20260916-2305/scaled-static-1000/processes.jsonl
x3,static,1000,book-reviews-a4-web-3,a1cb37b7da6b,ruby,1,721751,0.11674358974358974,0.0,0.2535,39,133.0765625,132.7109375,133.4609375,40,11.0,11.0,11.0,40,2026-09-17T04:53:38.0369946Z,2026-09-17T04:58:46.2713532Z,results/matrix-20260916-2305/scaled-static-1000/processes.jsonl
x3,static,1000,book-reviews-a4-db-1,ca43277e8356,postgres,1,18849,0.028805128205128205,0.0,0.1364,39,26.00390625,26.00390625,26.00390625,40,1.0,1.0,1.0,40,2026-09-17T04:53:38.8009238Z,2026-09-17T04:58:46.4939835Z,results/matrix-20260916-2305/scaled-static-1000/processes.jsonl
x3,static,1000,book-reviews-a4-db-1,ca43277e8356,postgres,27,18905,0.0,0.0,0.0,39,6.875,6.875,6.875,40,1.0,1.0,1.0,40,2026-09-17T04:53:38.8009238Z,2026-09-17T04:58:46.4939835Z,results/matrix-20260916-2305/scaled-static-1000/processes.jsonl
x3,static,1000,book-reviews-a4-db-1,ca43277e8356,postgres,28,18905,0.0035025641025641027,0.0,0.1366,39,5.9296875,5.9296875,5.9296875,40,1.0,1.0,1.0,40,2026-09-17T04:53:38.8009238Z,2026-09-17T04:58:46.4939835Z,results/matrix-20260916-2305/scaled-static-1000/processes.jsonl
x3,static,1000,book-reviews-a4-db-1,ca43277e8356,postgres,38,19205,0.0,0.0,0.0,39,9.015625,9.015625,9.015625,40,1.0,1.0,1.0,40,2026-09-17T04:53:38.8009238Z,2026-09-17T04:58:46.4939835Z,results/matrix-20260916-2305/scaled-static-1000/processes.jsonl
x3,static,1000,book-reviews-a4-db-1,ca43277e8356,postgres,39,19205,0.0,0.0,0.0,39,7.63671875,7.63671875,7.63671875,40,1.0,1.0,1.0,40,2026-09-17T04:53:38.8009238Z,2026-09-17T04:58:46.4939835Z,results/matrix-20260916-2305/scaled-static-1000/processes.jsonl
x3,static,1000,book-reviews-a4-db-1,ca43277e8356,postgres,40,19205,0.0,0.0,0.0,39,6.75390625,6.75390625,6.75390625,40,1.0,1.0,1.0,40,2026-09-17T04:53:38.8009238Z,2026-09-17T04:58:46.4939835Z,results/matrix-20260916-2305/scaled-static-1000/processes.jsonl
x3,static,1000,book-reviews-a4-db-1,ca43277e8356,postgres,36657,722222,0.01001025641025641,0.0,0.1385,39,17.29296875,17.29296875,17.29296875,40,1.0,1.0,1.0,40,2026-09-17T04:53:38.8009238Z,2026-09-17T04:58:46.4939835Z,results/matrix-20260916-2305/scaled-static-1000/processes.jsonl
x3,static,1000,book-reviews-a4-db-1,ca43277e8356,postgres,51371,989952,0.01251025641025641,0.0,0.1263,39,16.1328125,16.1328125,16.1328125,40,1.0,1.0,1.0,40,2026-09-17T04:53:38.8009238Z,2026-09-17T04:58:46.4939835Z,results/matrix-20260916-2305/scaled-static-1000/processes.jsonl
x3,static,1000,book-reviews-a4-db-1,ca43277e8356,postgres,55541,1064686,0.00643076923076923,0.0,0.1256,39,16.25390625,16.25390625,16.25390625,40,1.0,1.0,1.0,40,2026-09-17T04:53:38.8009238Z,2026-09-17T04:58:46.4939835Z,results/matrix-20260916-2305/scaled-static-1000/processes.jsonl
x3,static,5000,book-reviews-a4-web-1,348cd506525f,ruby,1,721705,0.108895,0.0,0.2528,40,139.58689024390245,139.08984375,139.953125,41,11.0,11.0,11.0,41,2026-09-17T05:14:38.0449798Z,2026-09-17T05:19:50.7344325Z,results/matrix-20260916-2305/scaled-static-5000/processes.jsonl
x3,static,5000,book-reviews-a4-opensearch-1,48f7e9560c08,java,1,18849,0.9448375,0.3774,17.4242,40,1498.875,1498.875,1498.875,41,131.0,131.0,131.0,41,2026-09-17T05:14:39.6467747Z,2026-09-17T05:19:51.4256787Z,results/matrix-20260916-2305/scaled-static-5000/processes.jsonl
x3,static,5000,book-reviews-a4-web-2,660681595a5e,ruby,1,721726,0.1019525,0.0,0.2725,40,139.7623856707317,139.0703125,140.4453125,41,11.0,11.0,11.0,41,2026-09-17T05:14:38.2917415Z,2026-09-17T05:19:50.8284745Z,results/matrix-20260916-2305/scaled-static-5000/processes.jsonl
x3,static,5000,book-reviews-a4-static-1,69b93e454d61,bundle,1,70772,1.18535,0.1258,1.3924,40,37.19912347560975,37.19140625,37.5078125,41,9.0,9.0,9.0,41,2026-09-17T05:14:38.7329803Z,2026-09-17T05:19:51.0202719Z,results/matrix-20260916-2305/scaled-static-5000/processes.jsonl
x3,static,5000,book-reviews-a4-redis-1,87235cf2e925,redis-server,1,18846,0.30033750000000003,0.1252,0.4132,40,15.02734375,15.02734375,15.02734375,41,6.0,6.0,6.0,41,2026-09-17T05:14:39.1999896Z,2026-09-17T05:19:51.2278889Z,results/matrix-20260916-2305/scaled-static-5000/processes.jsonl
x3,static,5000,book-reviews-a4-traefik-1,9848c97527b3,traefik,1,18847,2.2605075,0.2516,2.9262,40,104.90739329268293,102.96875,105.34375,41,18.0,18.0,18.0,41,2026-09-17T05:14:39.4217718Z,2026-09-17T05:19:51.3234282Z,results/matrix-20260916-2305/scaled-static-5000/processes.jsonl
x3,static,5000,book-reviews-a4-traefik-1,9848c97527b3,runc:[2:INIT],53832,1254711,,,,0,11.0546875,11.0546875,11.0546875,1,6.0,6.0,6.0,1,2026-09-17T05:18:49.0990513Z,2026-09-17T05:18:49.0990513Z,results/matrix-20260916-2305/scaled-static-5000/processes.jsonl
x3,static,5000,book-reviews-a4-web-3,a1cb37b7da6b,ruby,1,721751,0.1030375,0.0,0.2725,40,139.2479992378049,138.4140625,139.66015625,41,11.0,11.0,11.0,41,2026-09-17T05:14:38.5140806Z,2026-09-17T05:19:50.9260936Z,results/matrix-20260916-2305/scaled-static-5000/processes.jsonl
x3,static,5000,book-reviews-a4-db-1,ca43277e8356,postgres,1,18849,0.025259999999999998,0.0,0.1266,40,26.00390625,26.00390625,26.00390625,41,1.0,1.0,1.0,41,2026-09-17T05:14:38.9698951Z,2026-09-17T05:19:51.1250368Z,results/matrix-20260916-2305/scaled-static-5000/processes.jsonl
x3,static,5000,book-reviews-a4-db-1,ca43277e8356,postgres,27,18905,0.0,0.0,0.0,40,6.875,6.875,6.875,41,1.0,1.0,1.0,41,2026-09-17T05:14:38.9698951Z,2026-09-17T05:19:51.1250368Z,results/matrix-20260916-2305/scaled-static-5000/processes.jsonl
x3,static,5000,book-reviews-a4-db-1,ca43277e8356,postgres,28,18905,0.0,0.0,0.0,40,5.9296875,5.9296875,5.9296875,41,1.0,1.0,1.0,41,2026-09-17T05:14:38.9698951Z,2026-09-17T05:19:51.1250368Z,results/matrix-20260916-2305/scaled-static-5000/processes.jsonl
x3,static,5000,book-reviews-a4-db-1,ca43277e8356,postgres,38,19205,0.003145,0.0,0.1258,40,9.015625,9.015625,9.015625,41,1.0,1.0,1.0,41,2026-09-17T05:14:38.9698951Z,2026-09-17T05:19:51.1250368Z,results/matrix-20260916-2305/scaled-static-5000/processes.jsonl
x3,static,5000,book-reviews-a4-db-1,ca43277e8356,postgres,39,19205,0.0,0.0,0.0,40,7.63671875,7.63671875,7.63671875,41,1.0,1.0,1.0,41,2026-09-17T05:14:38.9698951Z,2026-09-17T05:19:51.1250368Z,results/matrix-20260916-2305/scaled-static-5000/processes.jsonl
x3,static,5000,book-reviews-a4-db-1,ca43277e8356,postgres,40,19205,0.0,0.0,0.0,40,6.75390625,6.75390625,6.75390625,41,1.0,1.0,1.0,41,2026-09-17T05:14:38.9698951Z,2026-09-17T05:19:51.1250368Z,results/matrix-20260916-2305/scaled-static-5000/processes.jsonl
x3,static,5000,book-reviews-a4-db-1,ca43277e8356,postgres,36657,722222,0.009475,0.0,0.1264,40,17.29296875,17.29296875,17.29296875,41,1.0,1.0,1.0,41,2026-09-17T05:14:38.9698951Z,2026-09-17T05:19:51.1250368Z,results/matrix-20260916-2305/scaled-static-5000/processes.jsonl
x3,static,5000,book-reviews-a4-db-1,ca43277e8356,postgres,60142,1147451,0.0,0.0,0.0,40,16.12890625,16.12890625,16.12890625,41,1.0,1.0,1.0,41,2026-09-17T05:14:38.9698951Z,2026-09-17T05:19:51.1250368Z,results/matrix-20260916-2305/scaled-static-5000/processes.jsonl
x3,static,5000,book-reviews-a4-db-1,ca43277e8356,postgres,60319,1150451,0.0,0.0,0.0,25,16.3515625,16.3515625,16.3515625,26,1.0,1.0,1.0,26,2026-09-17T05:14:38.9698951Z,2026-09-17T05:17:54.0903337Z,results/matrix-20260916-2305/scaled-static-5000/processes.jsonl
x3,static,5000,book-reviews-a4-db-1,ca43277e8356,postgres,63947,1213951,0.00685,0.0,0.274,40,16.05859375,16.05859375,16.05859375,41,1.0,1.0,1.0,41,2026-09-17T05:14:38.9698951Z,2026-09-17T05:19:51.1250368Z,results/matrix-20260916-2305/scaled-static-5000/processes.jsonl
x3,static,5000,book-reviews-a4-db-1,ca43277e8356,postgres,64789,1228588,0.0068425,0.0,0.1376,40,16.04296875,16.04296875,16.04296875,41,1.0,1.0,1.0,41,2026-09-17T05:14:38.9698951Z,2026-09-17T05:19:51.1250368Z,results/matrix-20260916-2305/scaled-static-5000/processes.jsonl
