timestamp,endpoint,deployment,instance,status,response_time_ms
2026-09-17T05:30:23.205891134Z,book,scaled,a1cb37b7da6b,200,21.227705
2026-09-17T05:30:23.259896129Z,book,scaled,348cd506525f,200,18.390804
2026-09-17T05:30:23.308221337Z,book,scaled,a1cb37b7da6b,200,8.751688
2026-09-17T05:30:23.369819879Z,book,scaled,348cd506525f,200,9.602553
2026-09-17T05:30:23.429018768Z,book,scaled,660681595a5e,200,8.49057
2026-09-17T05:30:23.489338437Z,book,scaled,348cd506525f,200,8.698879
2026-09-17T05:30:23.549464667Z,book,scaled,660681595a5e,200,7.997421
2026-09-17T05:30:23.609489223Z,book,scaled,a1cb37b7da6b,200,8.494536
2026-09-17T05:30:23.669919887Z,book,scaled,660681595a5e,200,9.510869
2026-09-17T05:30:23.729251845Z,book,scaled,a1cb37b7da6b,200,8.122768
2026-09-17T05:30:23.789063323Z,book,scaled,348cd506525f,200,8.463805
2026-09-17T05:30:23.848606921Z,book,scaled,a1cb37b7da6b,200,8.21667
2026-09-17T05:30:23.908910878Z,book,scaled,348cd506525f,200,7.945862
2026-09-17T05:30:23.969607734Z,book,scaled,660681595a5e,200,9.462005
2026-09-17T05:30:24.030307736Z,book,scaled,348cd506525f,200,9.398181
2026-09-17T05:30:24.087714267Z,book,scaled,660681595a5e,200,7.175246
2026-09-17T05:30:24.149129747Z,book,scaled,a1cb37b7da6b,200,7.803999
2026-09-17T05:30:24.208031644Z,book,scaled,660681595a5e,200,7.693048
2026-09-17T05:30:24.270413824Z,book,scaled,a1cb37b7da6b,200,9.973148
2026-09-17T05:30:24.330349354Z,book,scaled,348cd506525f,200,9.241842
2026-09-17T05:30:24.38571216Z,book,scaled,a1cb37b7da6b,200,9.677619
2026-09-17T05:30:24.443539465Z,book,scaled,348cd506525f,200,8.168803
2026-09-17T05:30:24.504436767Z,book,scaled,660681595a5e,200,8.303451
2026-09-17T05:30:24.564849198Z,book,scaled,348cd506525f,200,8.533554
2026-09-17T05:30:24.623651739Z,book,scaled,660681595a5e,200,8.165221
2026-09-17T05:30:24.684447114Z,book,scaled,a1cb37b7da6b,200,9.091509
2026-09-17T05:30:24.74651639Z,book,scaled,660681595a5e,200,10.23
2026-09-17T05:30:24.804971495Z,book,scaled,a1cb37b7da6b,200,8.534623
2026-09-17T05:30:24.864017665Z,book,scaled,348cd506525f,200,8.723876
2026-09-17T05:30:24.9294673Z,book,scaled,a1cb37b7da6b,200,13.631279
2026-09-17T05:30:24.984944748Z,book,scaled,348cd506525f,200,8.631235
2026-09-17T05:30:25.044764677Z,book,scaled,660681595a5e,200,9.116661
2026-09-17T05:30:25.104294003Z,book,scaled,348cd506525f,200,8.564066
2026-09-17T05:30:25.164247405Z,book,scaled,660681595a5e,200,8.31149
2026-09-17T05:30:25.22391557Z,book,scaled,a1cb37b7da6b,200,7.953518
2026-09-17T05:30:25.28541774Z,book,scaled,660681595a5e,200,9.823025
2026-09-17T05:30:25.344365869Z,book,scaled,a1cb37b7da6b,200,8.301309
2026-09-17T05:30:25.406073422Z,book,scaled,348cd506525f,200,10.029048
2026-09-17T05:30:25.464891518Z,book,scaled,a1cb37b7da6b,200,9.03353
2026-09-17T05:30:25.524547107Z,book,scaled,348cd506525f,200,8.998362
2026-09-17T05:30:25.584847971Z,book,scaled,660681595a5e,200,8.802311
2026-09-17T05:30:25.646351514Z,book,scaled,348cd506525f,200,10.555221
2026-09-17T05:30:25.704180383Z,book,scaled,660681595a5e,200,8.217844
2026-09-17T05:30:25.765845443Z,book,scaled,a1cb37b7da6b,200,9.934426
2026-09-17T05:30:25.825125176Z,book,scaled,660681595a5e,200,9.664936
2026-09-17T05:30:25.884573337Z,book,scaled,a1cb37b7da6b,200,8.534535
2026-09-17T05:30:25.943787372Z,book,scaled,348cd506525f,200,8.512332
2026-09-17T05:30:26.005906321Z,book,scaled,a1cb37b7da6b,200,10.158627
2026-09-17T05:30:26.064210378Z,book,scaled,348cd506525f,200,8.683734
2026-09-17T05:30:26.124970473Z,book,scaled,660681595a5e,200,9.167593
2026-09-17T05:30:26.184367322Z,book,scaled,348cd506525f,200,8.63654
2026-09-17T05:30:26.244624094Z,book,scaled,660681595a5e,200,8.511017
2026-09-17T05:30:26.311107584Z,book,scaled,a1cb37b7da6b,200,15.413373
2026-09-17T05:30:26.364644076Z,book,scaled,660681595a5e,200,8.601218
2026-09-17T05:30:26.424332749Z,book,scaled,a1cb37b7da6b,200,9.04131
2026-09-17T05:30:26.486268873Z,book,scaled,348cd506525f,200,10.263723
2026-09-17T05:30:26.545627841Z,book,scaled,a1cb37b7da6b,200,9.654483
2026-09-17T05:30:26.603810732Z,book,scaled,348cd506525f,200,8.579774
2026-09-17T05:30:26.664723037Z,book,scaled,660681595a5e,200,8.944054
2026-09-17T05:30:26.724320537Z,book,scaled,348cd506525f,200,9.018264
2026-09-17T05:30:26.785664127Z,book,scaled,660681595a5e,200,9.715009
2026-09-17T05:30:26.844447136Z,book,scaled,a1cb37b7da6b,200,8.073606
2026-09-17T05:30:26.904949582Z,book,scaled,660681595a5e,200,8.858086
2026-09-17T05:30:26.964471269Z,book,scaled,a1cb37b7da6b,200,8.835094
2026-09-17T05:30:27.024382939Z,book,scaled,348cd506525f,200,8.357704
2026-09-17T05:30:27.084281078Z,book,scaled,a1cb37b7da6b,200,8.463439
2026-09-17T05:30:27.145962818Z,book,scaled,348cd506525f,200,9.953817
2026-09-17T05:30:27.204389958Z,book,scaled,660681595a5e,200,8.580327
2026-09-17T05:30:27.265255992Z,book,scaled,348cd506525f,200,9.161717
2026-09-17T05:30:27.327304715Z,book,scaled,660681595a5e,200,11.390282
2026-09-17T05:30:27.384053693Z,book,scaled,a1cb37b7da6b,200,8.185102
2026-09-17T05:30:27.444288854Z,book,scaled,660681595a5e,200,8.499782
2026-09-17T05:30:27.50478168Z,book,scaled,a1cb37b7da6b,200,8.957902
2026-09-17T05:30:27.563289907Z,book,scaled,348cd506525f,200,8.018716
2026-09-17T05:30:27.624494358Z,book,scaled,a1cb37b7da6b,200,8.586277
2026-09-17T05:30:27.683926448Z,book,scaled,348cd506525f,200,8.729231
2026-09-17T05:30:27.7436246Z,book,scaled,660681595a5e,200,8.149611
2026-09-17T05:30:27.804459708Z,book,scaled,348cd506525f,200,8.334962
2026-09-17T05:30:27.864778963Z,book,scaled,660681595a5e,200,8.605023
2026-09-17T05:30:27.925682932Z,book,scaled,a1cb37b7da6b,200,10.426684
2026-09-17T05:30:27.982973682Z,book,scaled,660681595a5e,200,7.815939
2026-09-17T05:30:28.044545711Z,book,scaled,a1cb37b7da6b,200,8.789403
2026-09-17T05:30:28.104375795Z,book,scaled,348cd506525f,200,8.850513
2026-09-17T05:30:28.164309899Z,book,scaled,a1cb37b7da6b,200,8.322651
2026-09-17T05:30:28.22439936Z,book,scaled,348cd506525f,200,8.435758
2026-09-17T05:30:28.284379886Z,book,scaled,660681595a5e,200,8.325121
2026-09-17T05:30:28.343941335Z,book,scaled,348cd506525f,200,7.965127
2026-09-17T05:30:28.403875243Z,book,scaled,660681595a5e,200,8.094259
2026-09-17T05:30:28.463902744Z,book,scaled,a1cb37b7da6b,200,8.258238
2026-09-17T05:30:28.523613381Z,book,scaled,660681595a5e,200,8.076165
2026-09-17T05:30:28.584241535Z,book,scaled,a1cb37b7da6b,200,8.044675
2026-09-17T05:30:28.643750111Z,book,scaled,348cd506525f,200,7.80889
2026-09-17T05:30:28.703696509Z,book,scaled,a1cb37b7da6b,200,8.208938
2026-09-17T05:30:28.764749004Z,book,scaled,348cd506525f,200,9.415699
2026-09-17T05:30:28.823745491Z,book,scaled,660681595a5e,200,8.368203
2026-09-17T05:30:28.884200053Z,book,scaled,348cd506525f,200,8.571938
2026-09-17T05:30:28.945177362Z,book,scaled,660681595a5e,200,9.172249
2026-09-17T05:30:29.005091687Z,book,scaled,a1cb37b7da6b,200,8.831402
2026-09-17T05:30:29.065558181Z,book,scaled,660681595a5e,200,9.879318
2026-09-17T05:30:29.124588976Z,book,scaled,a1cb37b7da6b,200,8.30926
2026-09-17T05:30:29.186891856Z,book,scaled,348cd506525f,200,11.388893
2026-09-17T05:30:29.244374893Z,book,scaled,a1cb37b7da6b,200,8.424292
2026-09-17T05:30:29.305590115Z,book,scaled,348cd506525f,200,9.474694
2026-09-17T05:30:29.36589262Z,book,scaled,660681595a5e,200,9.626762
2026-09-17T05:30:29.424743168Z,book,scaled,348cd506525f,200,9.104034
2026-09-17T05:30:29.484050285Z,book,scaled,660681595a5e,200,8.523838
2026-09-17T05:30:29.54643654Z,book,scaled,a1cb37b7da6b,200,10.727692
2026-09-17T05:30:29.60586556Z,book,scaled,660681595a5e,200,9.73978
2026-09-17T05:30:29.664839781Z,book,scaled,a1cb37b7da6b,200,9.42041
2026-09-17T05:30:29.724957223Z,book,scaled,348cd506525f,200,9.700577
2026-09-17T05:30:29.78625976Z,book,scaled,a1cb37b7da6b,200,10.779584
2026-09-17T05:30:29.844665756Z,book,scaled,348cd506525f,200,8.844593
2026-09-17T05:30:29.90527952Z,book,scaled,660681595a5e,200,9.75428
2026-09-17T05:30:29.964510248Z,book,scaled,348cd506525f,200,8.665003
2026-09-17T05:30:30.024885507Z,book,scaled,660681595a5e,200,8.654218
2026-09-17T05:30:30.083859019Z,book,scaled,a1cb37b7da6b,200,8.364135
2026-09-17T05:30:30.144863207Z,book,scaled,660681595a5e,200,9.246119
2026-09-17T05:30:30.206200836Z,book,scaled,a1cb37b7da6b,200,10.593094
2026-09-17T05:30:30.266409345Z,book,scaled,348cd506525f,200,10.53281
2026-09-17T05:30:30.325311812Z,book,scaled,a1cb37b7da6b,200,9.303737
2026-09-17T05:30:30.385457756Z,book,scaled,348cd506525f,200,9.293881
2026-09-17T05:30:30.44600659Z,book,scaled,660681595a5e,200,9.975928
2026-09-17T05:30:30.503917401Z,book,scaled,348cd506525f,200,8.155685
2026-09-17T05:30:30.565772422Z,book,scaled,660681595a5e,200,9.974023
2026-09-17T05:30:30.624091413Z,book,scaled,a1cb37b7da6b,200,8.5987
2026-09-17T05:30:30.684385432Z,book,scaled,660681595a5e,200,8.583956
2026-09-17T05:30:30.74393865Z,book,scaled,a1cb37b7da6b,200,7.860638
2026-09-17T05:30:30.803958252Z,book,scaled,348cd506525f,200,8.318436
2026-09-17T05:30:30.863933756Z,book,scaled,a1cb37b7da6b,200,8.31172
2026-09-17T05:30:30.926097688Z,book,scaled,348cd506525f,200,10.433563
2026-09-17T05:30:30.986654248Z,book,scaled,660681595a5e,200,10.846019
2026-09-17T05:30:31.044549601Z,book,scaled,348cd506525f,200,8.490851
2026-09-17T05:30:31.104689687Z,book,scaled,660681595a5e,200,8.439558
2026-09-17T05:30:31.162753001Z,book,scaled,a1cb37b7da6b,200,7.542643
2026-09-17T05:30:31.22361439Z,book,scaled,660681595a5e,200,8.091766
2026-09-17T05:30:31.285246047Z,book,scaled,a1cb37b7da6b,200,9.078378
2026-09-17T05:30:31.344555688Z,book,scaled,348cd506525f,200,8.658
2026-09-17T05:30:31.406596372Z,book,scaled,a1cb37b7da6b,200,11.076454
2026-09-17T05:30:31.465138396Z,book,scaled,348cd506525f,200,9.024964
2026-09-17T05:30:31.523983198Z,book,scaled,660681595a5e,200,8.089286
2026-09-17T05:30:31.583212347Z,book,scaled,348cd506525f,200,7.800859
2026-09-17T05:30:31.644324332Z,book,scaled,660681595a5e,200,8.292099
2026-09-17T05:30:31.704184468Z,book,scaled,a1cb37b7da6b,200,8.233064
2026-09-17T05:30:31.76396836Z,book,scaled,660681595a5e,200,8.16175
2026-09-17T05:30:31.824159577Z,book,scaled,a1cb37b7da6b,200,8.551525
2026-09-17T05:30:31.88606387Z,book,scaled,348cd506525f,200,10.204687
2026-09-17T05:30:31.944120731Z,book,scaled,a1cb37b7da6b,200,8.363894
2026-09-17T05:30:32.004091169Z,book,scaled,348cd506525f,200,8.430727
2026-09-17T05:30:32.063959206Z,book,scaled,660681595a5e,200,8.068294
2026-09-17T05:30:32.123540355Z,book,scaled,348cd506525f,200,7.99098
2026-09-17T05:30:32.183450595Z,book,scaled,660681595a5e,200,7.982949
2026-09-17T05:30:32.24463902Z,book,scaled,a1cb37b7da6b,200,8.52361
2026-09-17T05:30:32.303967009Z,book,scaled,660681595a5e,200,8.634862
2026-09-17T05:30:32.365441837Z,book,scaled,a1cb37b7da6b,200,9.58735
2026-09-17T05:30:32.424298271Z,book,scaled,348cd506525f,200,8.270579
2026-09-17T05:30:32.483798705Z,book,scaled,a1cb37b7da6b,200,8.024538
2026-09-17T05:30:32.543321913Z,book,scaled,348cd506525f,200,7.925628
2026-09-17T05:30:32.604461448Z,book,scaled,660681595a5e,200,8.13175
2026-09-17T05:30:32.665036336Z,book,scaled,348cd506525f,200,9.269251
2026-09-17T05:30:32.724805409Z,book,scaled,660681595a5e,200,9.268786
2026-09-17T05:30:32.783552319Z,book,scaled,a1cb37b7da6b,200,7.855118
2026-09-17T05:30:32.844879899Z,book,scaled,660681595a5e,200,8.86268
2026-09-17T05:30:32.905066011Z,book,scaled,a1cb37b7da6b,200,9.567377
2026-09-17T05:30:32.964662105Z,book,scaled,348cd506525f,200,8.970077
2026-09-17T05:30:33.02566615Z,book,scaled,a1cb37b7da6b,200,9.381579
2026-09-17T05:30:33.08515789Z,book,scaled,348cd506525f,200,8.901003
2026-09-17T05:30:33.144874351Z,book,scaled,660681595a5e,200,9.078584
2026-09-17T05:30:33.205481438Z,book,scaled,348cd506525f,200,9.824802
2026-09-17T05:30:33.26412613Z,book,scaled,660681595a5e,200,8.032428
2026-09-17T05:30:33.323523578Z,book,scaled,a1cb37b7da6b,200,7.580849
2026-09-17T05:30:33.384595491Z,book,scaled,660681595a5e,200,8.593249
2026-09-17T05:30:33.444949831Z,book,scaled,a1cb37b7da6b,200,8.737308
2026-09-17T05:30:33.50487985Z,book,scaled,348cd506525f,200,9.255415
2026-09-17T05:30:33.563271235Z,book,scaled,a1cb37b7da6b,200,7.846026
2026-09-17T05:30:33.623917521Z,book,scaled,348cd506525f,200,7.97626
2026-09-17T05:30:33.683485545Z,book,scaled,660681595a5e,200,7.955253
2026-09-17T05:30:33.744293277Z,book,scaled,348cd506525f,200,8.221642
2026-09-17T05:30:33.804985185Z,book,scaled,660681595a5e,200,8.962544
2026-09-17T05:30:33.863830644Z,book,scaled,a1cb37b7da6b,200,8.3929
2026-09-17T05:30:33.923350671Z,book,scaled,660681595a5e,200,7.843618
2026-09-17T05:30:33.984730077Z,book,scaled,a1cb37b7da6b,200,8.774005
2026-09-17T05:30:34.044516727Z,book,scaled,348cd506525f,200,9.07572
2026-09-17T05:30:34.104108984Z,book,scaled,a1cb37b7da6b,200,8.119723
2026-09-17T05:30:34.16375562Z,book,scaled,348cd506525f,200,7.978906
2026-09-17T05:30:34.224090698Z,book,scaled,660681595a5e,200,8.638306
2026-09-17T05:30:34.283964019Z,book,scaled,348cd506525f,200,8.291021
2026-09-17T05:30:34.343836109Z,book,scaled,660681595a5e,200,8.192408
2026-09-17T05:30:34.403632954Z,book,scaled,a1cb37b7da6b,200,8.317068
2026-09-17T05:30:34.46535531Z,book,scaled,660681595a5e,200,9.263336
2026-09-17T05:30:34.523761918Z,book,scaled,a1cb37b7da6b,200,7.873268
2026-09-17T05:30:34.583271204Z,book,scaled,348cd506525f,200,7.973494
2026-09-17T05:30:34.646277264Z,book,scaled,a1cb37b7da6b,200,10.523977
2026-09-17T05:30:34.70516227Z,book,scaled,348cd506525f,200,9.33767
2026-09-17T05:30:34.764767284Z,book,scaled,660681595a5e,200,8.680686
2026-09-17T05:30:34.82428219Z,book,scaled,348cd506525f,200,8.256852
2026-09-17T05:30:34.88461492Z,book,scaled,660681595a5e,200,8.734474
2026-09-17T05:30:34.944589987Z,book,scaled,a1cb37b7da6b,200,8.46263
2026-09-17T05:30:35.004717164Z,book,scaled,660681595a5e,200,8.562463
2026-09-17T05:30:35.063844496Z,book,scaled,a1cb37b7da6b,200,7.534576
2026-09-17T05:30:35.123650752Z,book,scaled,348cd506525f,200,8.376909
2026-09-17T05:30:35.18357336Z,book,scaled,a1cb37b7da6b,200,8.188333
2026-09-17T05:30:35.246947257Z,book,scaled,348cd506525f,200,10.659844
2026-09-17T05:30:35.304450236Z,book,scaled,660681595a5e,200,8.910443
2026-09-17T05:30:35.364305486Z,book,scaled,348cd506525f,200,8.287974
2026-09-17T05:30:35.424441902Z,book,scaled,660681595a5e,200,8.513959
2026-09-17T05:30:35.485942725Z,book,scaled,a1cb37b7da6b,200,9.01762
2026-09-17T05:30:35.543939946Z,book,scaled,660681595a5e,200,8.298894
2026-09-17T05:30:35.603615144Z,book,scaled,a1cb37b7da6b,200,7.91656
2026-09-17T05:30:35.663586269Z,book,scaled,348cd506525f,200,7.965703
2026-09-17T05:30:35.724110143Z,book,scaled,a1cb37b7da6b,200,7.875879
2026-09-17T05:30:35.785477413Z,book,scaled,348cd506525f,200,9.638041
2026-09-17T05:30:35.844710483Z,book,scaled,660681595a5e,200,8.721716
2026-09-17T05:30:35.903908084Z,book,scaled,348cd506525f,200,8.214157
2026-09-17T05:30:35.964427534Z,book,scaled,660681595a5e,200,8.901662
2026-09-17T05:30:36.024272593Z,book,scaled,a1cb37b7da6b,200,8.19879
2026-09-17T05:30:36.084116465Z,book,scaled,660681595a5e,200,8.357549
2026-09-17T05:30:36.144211036Z,book,scaled,a1cb37b7da6b,200,8.491559
2026-09-17T05:30:36.204111214Z,book,scaled,348cd506525f,200,8.023573
2026-09-17T05:30:36.265718209Z,book,scaled,a1cb37b7da6b,200,10.018235
2026-09-17T05:30:36.323663986Z,book,scaled,348cd506525f,200,8.320806
2026-09-17T05:30:36.384963437Z,book,scaled,660681595a5e,200,9.812123
2026-09-17T05:30:36.495351644Z,book,scaled,348cd506525f,200,59.852992
2026-09-17T05:30:36.505914178Z,book,scaled,660681595a5e,200,10.432786
2026-09-17T05:30:36.564598177Z,book,scaled,a1cb37b7da6b,200,9.082654
2026-09-17T05:30:36.624879019Z,book,scaled,660681595a5e,200,8.811609
2026-09-17T05:30:36.684843249Z,book,scaled,a1cb37b7da6b,200,9.401385
2026-09-17T05:30:36.744999527Z,book,scaled,348cd506525f,200,9.488485
2026-09-17T05:30:36.804601159Z,book,scaled,a1cb37b7da6b,200,9.053202
2026-09-17T05:30:36.864851949Z,book,scaled,348cd506525f,200,8.812853
2026-09-17T05:30:36.927105484Z,book,scaled,660681595a5e,200,10.951073
2026-09-17T05:30:36.985200702Z,book,scaled,348cd506525f,200,9.547046
2026-09-17T05:30:37.045025078Z,book,scaled,660681595a5e,200,9.265196
2026-09-17T05:30:37.104133836Z,book,scaled,a1cb37b7da6b,200,8.582978
2026-09-17T05:30:37.164140929Z,book,scaled,660681595a5e,200,8.254062
2026-09-17T05:30:37.224049902Z,book,scaled,a1cb37b7da6b,200,8.285345
2026-09-17T05:30:37.284552893Z,book,scaled,348cd506525f,200,8.825424
2026-09-17T05:30:37.345557844Z,book,scaled,a1cb37b7da6b,200,9.444837
2026-09-17T05:30:37.405706422Z,book,scaled,348cd506525f,200,9.526043
2026-09-17T05:30:37.46413839Z,book,scaled,660681595a5e,200,8.485991
2026-09-17T05:30:37.524860968Z,book,scaled,348cd506525f,200,9.182956
2026-09-17T05:30:37.583562644Z,book,scaled,660681595a5e,200,8.1482
2026-09-17T05:30:37.644520828Z,book,scaled,a1cb37b7da6b,200,8.337498
2026-09-17T05:30:37.704340875Z,book,scaled,660681595a5e,200,8.261633
2026-09-17T05:30:37.764086717Z,book,scaled,a1cb37b7da6b,200,8.283165
2026-09-17T05:30:37.823725321Z,book,scaled,348cd506525f,200,7.880678
2026-09-17T05:30:37.884929093Z,book,scaled,a1cb37b7da6b,200,9.529349
2026-09-17T05:30:37.94483514Z,book,scaled,348cd506525f,200,9.289417
2026-09-17T05:30:38.004017056Z,book,scaled,660681595a5e,200,8.600385
2026-09-17T05:30:38.064219284Z,book,scaled,348cd506525f,200,8.536385
2026-09-17T05:30:38.125396797Z,book,scaled,660681595a5e,200,9.579687
2026-09-17T05:30:38.185356144Z,book,scaled,a1cb37b7da6b,200,9.165249
2026-09-17T05:30:38.244493857Z,book,scaled,660681595a5e,200,8.654949
2026-09-17T05:30:38.305145036Z,book,scaled,a1cb37b7da6b,200,8.939875
2026-09-17T05:30:38.363900826Z,book,scaled,348cd506525f,200,8.055531
2026-09-17T05:30:38.424393164Z,book,scaled,a1cb37b7da6b,200,8.878122
2026-09-17T05:30:38.486599182Z,book,scaled,348cd506525f,200,10.496855
2026-09-17T05:30:38.543572594Z,book,scaled,660681595a5e,200,8.159511
2026-09-17T05:30:38.604730646Z,book,scaled,348cd506525f,200,8.553097
2026-09-17T05:30:38.66372305Z,book,scaled,660681595a5e,200,8.399196
2026-09-17T05:30:38.72587126Z,book,scaled,a1cb37b7da6b,200,9.509493
2026-09-17T05:30:38.783784835Z,book,scaled,660681595a5e,200,8.260622
2026-09-17T05:30:38.843111896Z,book,scaled,a1cb37b7da6b,200,7.828751
2026-09-17T05:30:38.904128857Z,book,scaled,348cd506525f,200,8.374455
2026-09-17T05:30:38.963826122Z,book,scaled,a1cb37b7da6b,200,8.155237
2026-09-17T05:30:39.024535784Z,book,scaled,348cd506525f,200,9.060658
2026-09-17T05:30:39.086763883Z,book,scaled,660681595a5e,200,10.636882
2026-09-17T05:30:39.145224759Z,book,scaled,348cd506525f,200,8.908949
2026-09-17T05:30:39.204467874Z,book,scaled,660681595a5e,200,8.660798
2026-09-17T05:30:39.264850227Z,book,scaled,a1cb37b7da6b,200,8.775676
2026-09-17T05:30:39.323638088Z,book,scaled,660681595a5e,200,8.192928
2026-09-17T05:30:39.383914352Z,book,scaled,a1cb37b7da6b,200,7.832725
2026-09-17T05:30:39.444083532Z,book,scaled,348cd506525f,200,8.764816
2026-09-17T05:30:39.507679418Z,book,scaled,a1cb37b7da6b,200,11.99086
2026-09-17T05:30:39.563387404Z,book,scaled,348cd506525f,200,8.133034
2026-09-17T05:30:39.623644447Z,book,scaled,660681595a5e,200,7.680456
2026-09-17T05:30:39.684617657Z,book,scaled,348cd506525f,200,8.375054
2026-09-17T05:30:39.745014231Z,book,scaled,660681595a5e,200,8.850466
2026-09-17T05:30:39.804976056Z,book,scaled,a1cb37b7da6b,200,9.318229
2026-09-17T05:30:39.864539907Z,book,scaled,660681595a5e,200,9.066215
2026-09-17T05:30:39.92494854Z,book,scaled,a1cb37b7da6b,200,8.992879
2026-09-17T05:30:39.983741333Z,book,scaled,348cd506525f,200,8.137956
2026-09-17T05:30:40.043614371Z,book,scaled,a1cb37b7da6b,200,8.007967
2026-09-17T05:30:40.105258808Z,book,scaled,348cd506525f,200,9.026158
2026-09-17T05:30:40.16445104Z,book,scaled,660681595a5e,200,8.607738
2026-09-17T05:30:40.22605641Z,book,scaled,348cd506525f,200,10.010315
2026-09-17T05:30:40.284478798Z,book,scaled,660681595a5e,200,8.69598
2026-09-17T05:30:40.344355324Z,book,scaled,a1cb37b7da6b,200,8.366206
2026-09-17T05:30:40.403658922Z,book,scaled,660681595a5e,200,7.736079
2026-09-17T05:30:40.462958848Z,book,scaled,a1cb37b7da6b,200,7.746422
2026-09-17T05:30:40.524896779Z,book,scaled,348cd506525f,200,9.355585
2026-09-17T05:30:40.58337926Z,book,scaled,a1cb37b7da6b,200,7.867119
2026-09-17T05:30:40.645344532Z,book,scaled,348cd506525f,200,9.412637
2026-09-17T05:30:40.703757918Z,book,scaled,660681595a5e,200,8.532393
2026-09-17T05:30:40.76401502Z,book,scaled,348cd506525f,200,8.558621
2026-09-17T05:30:40.823936441Z,book,scaled,660681595a5e,200,8.312766
2026-09-17T05:30:40.884236678Z,book,scaled,a1cb37b7da6b,200,8.765126
2026-09-17T05:30:40.94433209Z,book,scaled,660681595a5e,200,8.369111
2026-09-17T05:30:41.003675022Z,book,scaled,a1cb37b7da6b,200,7.869986
2026-09-17T05:30:41.063434577Z,book,scaled,348cd506525f,200,8.257824
2026-09-17T05:30:41.123812326Z,book,scaled,a1cb37b7da6b,200,7.796503
2026-09-17T05:30:41.18375634Z,book,scaled,348cd506525f,200,8.256764
2026-09-17T05:30:41.244905519Z,book,scaled,660681595a5e,200,8.622077
2026-09-17T05:30:41.303892003Z,book,scaled,348cd506525f,200,8.424896
2026-09-17T05:30:41.364113712Z,book,scaled,660681595a5e,200,8.30571
2026-09-17T05:30:41.42474799Z,book,scaled,a1cb37b7da6b,200,9.079867
2026-09-17T05:30:41.484311619Z,book,scaled,660681595a5e,200,8.118695
2026-09-17T05:30:41.544083772Z,book,scaled,a1cb37b7da6b,200,8.263155
2026-09-17T05:30:41.604752411Z,book,scaled,348cd506525f,200,8.619981
2026-09-17T05:30:41.664137949Z,book,scaled,a1cb37b7da6b,200,8.052411
2026-09-17T05:30:41.723628055Z,book,scaled,348cd506525f,200,8.357866
2026-09-17T05:30:41.785416534Z,book,scaled,660681595a5e,200,9.318826
2026-09-17T05:30:41.844118472Z,book,scaled,348cd506525f,200,8.103007
2026-09-17T05:30:41.906152964Z,book,scaled,660681595a5e,200,10.113973
2026-09-17T05:30:41.965139979Z,book,scaled,a1cb37b7da6b,200,9.396231
2026-09-17T05:30:42.023927879Z,book,scaled,660681595a5e,200,8.20314
2026-09-17T05:30:42.084146119Z,book,scaled,a1cb37b7da6b,200,8.435095
2026-09-17T05:30:42.146271396Z,book,scaled,348cd506525f,200,10.236627
2026-09-17T05:30:42.203824872Z,book,scaled,a1cb37b7da6b,200,7.876819
2026-09-17T05:30:42.264211193Z,book,scaled,348cd506525f,200,8.628207
2026-09-17T05:30:42.324292002Z,book,scaled,660681595a5e,200,8.480919
2026-09-17T05:30:42.384606363Z,book,scaled,348cd506525f,200,8.580954
2026-09-17T05:30:42.444359243Z,book,scaled,660681595a5e,200,8.03854
2026-09-17T05:30:42.503935008Z,book,scaled,a1cb37b7da6b,200,7.984608
2026-09-17T05:30:42.56324637Z,book,scaled,660681595a5e,200,7.639044
2026-09-17T05:30:42.624096882Z,book,scaled,a1cb37b7da6b,200,7.995099
2026-09-17T05:30:42.683909616Z,book,scaled,348cd506525f,200,8.164047
2026-09-17T05:30:42.74385539Z,book,scaled,a1cb37b7da6b,200,8.230932
2026-09-17T05:30:42.803568589Z,book,scaled,348cd506525f,200,8.054301
2026-09-17T05:30:42.865164674Z,book,scaled,660681595a5e,200,8.874376
2026-09-17T05:30:42.92476991Z,book,scaled,348cd506525f,200,8.946747
2026-09-17T05:30:42.983171475Z,book,scaled,660681595a5e,200,7.836037
2026-09-17T05:30:43.043908638Z,book,scaled,a1cb37b7da6b,200,8.090983
2026-09-17T05:30:43.10381242Z,book,scaled,660681595a5e,200,8.367649
2026-09-17T05:30:43.165050755Z,book,scaled,a1cb37b7da6b,200,9.612701
2026-09-17T05:30:43.225073484Z,book,scaled,348cd506525f,200,9.311785
2026-09-17T05:30:43.283673781Z,book,scaled,a1cb37b7da6b,200,7.974926
2026-09-17T05:30:43.344329371Z,book,scaled,348cd506525f,200,8.717054
2026-09-17T05:30:43.404704771Z,book,scaled,660681595a5e,200,8.751055
2026-09-17T05:30:43.463675972Z,book,scaled,348cd506525f,200,8.478688
2026-09-17T05:30:43.525829137Z,book,scaled,660681595a5e,200,9.582209
2026-09-17T05:30:43.583313594Z,book,scaled,a1cb37b7da6b,200,7.88004
2026-09-17T05:30:43.645410844Z,book,scaled,660681595a5e,200,9.510789
2026-09-17T05:30:43.70365753Z,book,scaled,a1cb37b7da6b,200,7.735261
2026-09-17T05:30:43.763333976Z,book,scaled,348cd506525f,200,8.107844
2026-09-17T05:30:43.824145295Z,book,scaled,a1cb37b7da6b,200,8.258044
2026-09-17T05:30:43.88389139Z,book,scaled,348cd506525f,200,8.214086
2026-09-17T05:30:43.944070043Z,book,scaled,660681595a5e,200,8.591715
2026-09-17T05:30:44.005085666Z,book,scaled,348cd506525f,200,9.400587
2026-09-17T05:30:44.064766602Z,book,scaled,660681595a5e,200,9.029143
2026-09-17T05:30:44.124997444Z,book,scaled,a1cb37b7da6b,200,8.759588
2026-09-17T05:30:44.18457625Z,book,scaled,660681595a5e,200,8.696098
2026-09-17T05:30:44.244285458Z,book,scaled,a1cb37b7da6b,200,8.259498
2026-09-17T05:30:44.305362123Z,book,scaled,348cd506525f,200,9.244262
2026-09-17T05:30:44.364449216Z,book,scaled,a1cb37b7da6b,200,8.398638
2026-09-17T05:30:44.424543004Z,book,scaled,348cd506525f,200,8.456962
2026-09-17T05:30:44.485220275Z,book,scaled,660681595a5e,200,9.183199
2026-09-17T05:30:44.54527875Z,book,scaled,348cd506525f,200,9.4621
2026-09-17T05:30:44.605386413Z,book,scaled,660681595a5e,200,9.325586
2026-09-17T05:30:44.663744016Z,book,scaled,a1cb37b7da6b,200,8.446596
2026-09-17T05:30:44.724549344Z,book,scaled,660681595a5e,200,9.245417
2026-09-17T05:30:44.785560485Z,book,scaled,a1cb37b7da6b,200,9.423458
2026-09-17T05:30:44.844924702Z,book,scaled,348cd506525f,200,8.822239
2026-09-17T05:30:44.904607428Z,book,scaled,a1cb37b7da6b,200,8.849662
2026-09-17T05:30:44.965271427Z,book,scaled,348cd506525f,200,9.047604
2026-09-17T05:30:45.024183515Z,book,scaled,660681595a5e,200,8.221981
2026-09-17T05:30:45.084589418Z,book,scaled,348cd506525f,200,8.734164
2026-09-17T05:30:45.145146132Z,book,scaled,660681595a5e,200,9.135221
2026-09-17T05:30:45.204660467Z,book,scaled,a1cb37b7da6b,200,8.588855
2026-09-17T05:30:45.26717854Z,book,scaled,660681595a5e,200,10.882917
2026-09-17T05:30:45.32622636Z,book,scaled,a1cb37b7da6b,200,10.100325
2026-09-17T05:30:45.384319357Z,book,scaled,348cd506525f,200,8.541473
2026-09-17T05:30:45.444770403Z,book,scaled,a1cb37b7da6b,200,8.580215
2026-09-17T05:30:45.506599404Z,book,scaled,348cd506525f,200,10.714578
2026-09-17T05:30:45.566113534Z,book,scaled,660681595a5e,200,10.673442
2026-09-17T05:30:45.625114553Z,book,scaled,348cd506525f,200,9.169422
2026-09-17T05:30:45.684363992Z,book,scaled,660681595a5e,200,8.529822
2026-09-17T05:30:45.745644136Z,book,scaled,a1cb37b7da6b,200,9.568091
2026-09-17T05:30:45.80489456Z,book,scaled,660681595a5e,200,9.235876
2026-09-17T05:30:45.864759227Z,book,scaled,a1cb37b7da6b,200,9.244555
2026-09-17T05:30:45.92643276Z,book,scaled,348cd506525f,200,11.131207
2026-09-17T05:30:45.985267854Z,book,scaled,a1cb37b7da6b,200,9.166672
2026-09-17T05:30:46.046171815Z,book,scaled,348cd506525f,200,10.340143
2026-09-17T05:30:46.104442464Z,book,scaled,660681595a5e,200,8.639568
2026-09-17T05:30:46.164967032Z,book,scaled,348cd506525f,200,8.845925
2026-09-17T05:30:46.224642564Z,book,scaled,660681595a5e,200,8.733934
2026-09-17T05:30:46.285327994Z,book,scaled,a1cb37b7da6b,200,9.125599
2026-09-17T05:30:46.344493529Z,book,scaled,660681595a5e,200,8.497401
2026-09-17T05:30:46.40503166Z,book,scaled,a1cb37b7da6b,200,8.746645
2026-09-17T05:30:46.464374224Z,book,scaled,348cd506525f,200,8.741775
2026-09-17T05:30:46.52576748Z,book,scaled,a1cb37b7da6b,200,9.671503
2026-09-17T05:30:46.583448915Z,book,scaled,348cd506525f,200,7.984463
2026-09-17T05:30:46.644578809Z,book,scaled,660681595a5e,200,8.500106
2026-09-17T05:30:46.704137798Z,book,scaled,348cd506525f,200,8.77123
2026-09-17T05:30:46.765323336Z,book,scaled,660681595a5e,200,9.11811
2026-09-17T05:30:46.824706768Z,book,scaled,a1cb37b7da6b,200,8.735111
2026-09-17T05:30:46.884033592Z,book,scaled,660681595a5e,200,8.817924
2026-09-17T05:30:46.945248442Z,book,scaled,a1cb37b7da6b,200,9.541027
2026-09-17T05:30:47.005584276Z,book,scaled,348cd506525f,200,9.600945
2026-09-17T05:30:47.065605989Z,book,scaled,a1cb37b7da6b,200,9.483056
2026-09-17T05:30:47.125870707Z,book,scaled,348cd506525f,200,9.638271
2026-09-17T05:30:47.186165603Z,book,scaled,660681595a5e,200,10.315375
2026-09-17T05:30:47.244478997Z,book,scaled,348cd506525f,200,8.515397
2026-09-17T05:30:47.304603626Z,book,scaled,660681595a5e,200,8.904555
2026-09-17T05:30:47.364841268Z,book,scaled,a1cb37b7da6b,200,8.488419
2026-09-17T05:30:47.424971057Z,book,scaled,660681595a5e,200,9.146905
2026-09-17T05:30:47.484502834Z,book,scaled,a1cb37b7da6b,200,8.716933
2026-09-17T05:30:47.544747798Z,book,scaled,348cd506525f,200,9.064266
2026-09-17T05:30:47.604591519Z,book,scaled,a1cb37b7da6b,200,8.90164
2026-09-17T05:30:47.665173916Z,book,scaled,348cd506525f,200,9.590989
2026-09-17T05:30:47.724259934Z,book,scaled,660681595a5e,200,8.477818
2026-09-17T05:30:47.78519363Z,book,scaled,348cd506525f,200,9.108389
2026-09-17T05:30:47.844156741Z,book,scaled,660681595a5e,200,8.167658
2026-09-17T05:30:47.904899385Z,book,scaled,a1cb37b7da6b,200,8.886205
2026-09-17T05:30:47.965069073Z,book,scaled,660681595a5e,200,9.320807
2026-09-17T05:30:48.023992481Z,book,scaled,a1cb37b7da6b,200,8.020427
2026-09-17T05:30:48.083925163Z,book,scaled,348cd506525f,200,8.281646
2026-09-17T05:30:48.144948605Z,book,scaled,a1cb37b7da6b,200,9.156013
2026-09-17T05:30:48.204099019Z,book,scaled,348cd506525f,200,8.166998
2026-09-17T05:30:48.264446049Z,book,scaled,660681595a5e,200,8.449396
2026-09-17T05:30:48.32452122Z,book,scaled,348cd506525f,200,8.410252
2026-09-17T05:30:48.38395557Z,book,scaled,660681595a5e,200,8.50692
2026-09-17T05:30:48.444536375Z,book,scaled,a1cb37b7da6b,200,8.912806
2026-09-17T05:30:48.505280515Z,book,scaled,660681595a5e,200,9.773009
2026-09-17T05:30:48.56450693Z,book,scaled,a1cb37b7da6b,200,8.59495
2026-09-17T05:30:48.624905899Z,book,scaled,348cd506525f,200,8.747093
2026-09-17T05:30:48.685480034Z,book,scaled,a1cb37b7da6b,200,9.96567
2026-09-17T05:30:48.745517708Z,book,scaled,348cd506525f,200,9.437237
2026-09-17T05:30:48.804590868Z,book,scaled,660681595a5e,200,8.408764
2026-09-17T05:30:48.863470713Z,book,scaled,348cd506525f,200,8.464387
2026-09-17T05:30:48.924428898Z,book,scaled,660681595a5e,200,9.42987
2026-09-17T05:30:48.98313061Z,book,scaled,a1cb37b7da6b,200,8.097528
2026-09-17T05:30:49.043264742Z,book,scaled,660681595a5e,200,8.520534
2026-09-17T05:30:49.103544426Z,book,scaled,a1cb37b7da6b,200,8.623907
2026-09-17T05:30:49.162916065Z,book,scaled,348cd506525f,200,8.800218
2026-09-17T05:30:49.222557081Z,book,scaled,a1cb37b7da6b,200,7.904111
2026-09-17T05:30:49.283803389Z,book,scaled,348cd506525f,200,8.680619
2026-09-17T05:30:49.343795237Z,book,scaled,660681595a5e,200,9.427936
2026-09-17T05:30:49.402447961Z,book,scaled,348cd506525f,200,8.048479
2026-09-17T05:30:49.46313842Z,book,scaled,660681595a5e,200,8.197125
2026-09-17T05:30:49.523169176Z,book,scaled,a1cb37b7da6b,200,8.445406
2026-09-17T05:30:49.584017778Z,book,scaled,660681595a5e,200,9.151466
2026-09-17T05:30:49.643298893Z,book,scaled,a1cb37b7da6b,200,8.635008
2026-09-17T05:30:49.704894757Z,book,scaled,348cd506525f,200,10.038275
2026-09-17T05:30:49.76266298Z,book,scaled,a1cb37b7da6b,200,7.933541
2026-09-17T05:30:49.824322196Z,book,scaled,348cd506525f,200,9.713376
2026-09-17T05:30:49.884670077Z,book,scaled,660681595a5e,200,9.607529
2026-09-17T05:30:49.944056796Z,book,scaled,348cd506525f,200,9.737103
2026-09-17T05:30:50.003790318Z,book,scaled,660681595a5e,200,9.074934
2026-09-17T05:30:50.065509416Z,book,scaled,a1cb37b7da6b,200,11.086931
2026-09-17T05:30:50.123430685Z,book,scaled,660681595a5e,200,8.241861
2026-09-17T05:30:50.182797148Z,book,scaled,a1cb37b7da6b,200,8.640272
2026-09-17T05:30:50.242929091Z,book,scaled,348cd506525f,200,8.549293
2026-09-17T05:30:50.303173345Z,book,scaled,a1cb37b7da6b,200,8.492123
2026-09-17T05:30:50.364379454Z,book,scaled,348cd506525f,200,9.449312
2026-09-17T05:30:50.423849845Z,book,scaled,660681595a5e,200,8.951816
2026-09-17T05:30:50.483273023Z,book,scaled,348cd506525f,200,8.724607
2026-09-17T05:30:50.544371146Z,book,scaled,660681595a5e,200,9.505512
2026-09-17T05:30:50.603992092Z,book,scaled,a1cb37b7da6b,200,9.636056
2026-09-17T05:30:50.666406934Z,book,scaled,660681595a5e,200,11.484978
2026-09-17T05:30:50.723485103Z,book,scaled,a1cb37b7da6b,200,8.552506
2026-09-17T05:30:50.783081331Z,book,scaled,348cd506525f,200,8.824948
2026-09-17T05:30:50.844811282Z,book,scaled,a1cb37b7da6b,200,9.710644
2026-09-17T05:30:50.903732336Z,book,scaled,348cd506525f,200,9.258206
2026-09-17T05:30:50.963910623Z,book,scaled,660681595a5e,200,9.275466
2026-09-17T05:30:51.022392336Z,book,scaled,348cd506525f,200,7.903662
2026-09-17T05:30:51.084825728Z,book,scaled,660681595a5e,200,9.777449
2026-09-17T05:30:51.14250495Z,book,scaled,a1cb37b7da6b,200,7.796318
2026-09-17T05:30:51.202810178Z,book,scaled,660681595a5e,200,8.53385
2026-09-17T05:30:51.26410629Z,book,scaled,a1cb37b7da6b,200,9.085186
2026-09-17T05:30:51.323311905Z,book,scaled,348cd506525f,200,8.613932
2026-09-17T05:30:51.383037248Z,book,scaled,a1cb37b7da6b,200,8.190406
2026-09-17T05:30:51.446181506Z,book,scaled,348cd506525f,200,11.570769
2026-09-17T05:30:51.504803072Z,book,scaled,660681595a5e,200,10.054285
2026-09-17T05:30:51.564249176Z,book,scaled,348cd506525f,200,9.725965
2026-09-17T05:30:51.623565966Z,book,scaled,660681595a5e,200,8.778531
2026-09-17T05:30:51.685669415Z,book,scaled,a1cb37b7da6b,200,10.438717
2026-09-17T05:30:51.744538132Z,book,scaled,660681595a5e,200,9.694395
2026-09-17T05:30:51.804010217Z,book,scaled,a1cb37b7da6b,200,8.937226
2026-09-17T05:30:51.864008856Z,book,scaled,348cd506525f,200,9.055112
2026-09-17T05:30:51.923251797Z,book,scaled,a1cb37b7da6b,200,8.596644
2026-09-17T05:30:51.983472671Z,book,scaled,348cd506525f,200,8.580113
2026-09-17T05:30:52.043307595Z,book,scaled,660681595a5e,200,8.247908
2026-09-17T05:30:52.104568185Z,book,scaled,348cd506525f,200,9.472757
2026-09-17T05:30:52.16412728Z,book,scaled,660681595a5e,200,8.998031
2026-09-17T05:30:52.223487439Z,book,scaled,a1cb37b7da6b,200,8.508538
2026-09-17T05:30:52.284550435Z,book,scaled,660681595a5e,200,9.423096
2026-09-17T05:30:52.343324587Z,book,scaled,a1cb37b7da6b,200,8.893622
2026-09-17T05:30:52.404713189Z,book,scaled,348cd506525f,200,10.452947
2026-09-17T05:30:52.462811043Z,book,scaled,a1cb37b7da6b,200,8.261364
2026-09-17T05:30:52.524136656Z,book,scaled,348cd506525f,200,9.493232
2026-09-17T05:30:52.58651372Z,book,scaled,660681595a5e,200,11.581998
2026-09-17T05:30:52.643814383Z,book,scaled,348cd506525f,200,9.297998
2026-09-17T05:30:52.704634884Z,book,scaled,660681595a5e,200,10.264549
2026-09-17T05:30:52.763767339Z,book,scaled,a1cb37b7da6b,200,9.362613
2026-09-17T05:30:52.824167709Z,book,scaled,660681595a5e,200,9.416802
2026-09-17T05:30:52.885012817Z,book,scaled,a1cb37b7da6b,200,10.006574
2026-09-17T05:30:52.943012859Z,book,scaled,348cd506525f,200,8.259352
2026-09-17T05:30:53.003623296Z,book,scaled,a1cb37b7da6b,200,8.835288
2026-09-17T05:30:53.063959327Z,book,scaled,348cd506525f,200,9.49081
2026-09-17T05:30:53.123815647Z,book,scaled,660681595a5e,200,9.191672
2026-09-17T05:30:53.18796243Z,book,scaled,348cd506525f,200,13.094014
2026-09-17T05:30:53.242732383Z,book,scaled,660681595a5e,200,8.034765
2026-09-17T05:30:53.304774646Z,book,scaled,a1cb37b7da6b,200,10.356352
2026-09-17T05:30:53.363094688Z,book,scaled,660681595a5e,200,8.445114
2026-09-17T05:30:53.4258014Z,book,scaled,a1cb37b7da6b,200,11.007789
2026-09-17T05:30:53.485086453Z,book,scaled,348cd506525f,200,10.616142
2026-09-17T05:30:53.545794497Z,book,scaled,a1cb37b7da6b,200,11.018289
2026-09-17T05:30:53.603993182Z,book,scaled,348cd506525f,200,9.489391
2026-09-17T05:30:53.664524725Z,book,scaled,660681595a5e,200,9.671533
2026-09-17T05:30:53.72524952Z,book,scaled,348cd506525f,200,10.069387
2026-09-17T05:30:53.784387224Z,book,scaled,660681595a5e,200,9.570755
2026-09-17T05:30:53.844854474Z,book,scaled,a1cb37b7da6b,200,10.034205
2026-09-17T05:30:53.905491693Z,book,scaled,660681595a5e,200,10.757567
2026-09-17T05:30:53.964709073Z,book,scaled,a1cb37b7da6b,200,10.561249
2026-09-17T05:30:54.022870476Z,book,scaled,348cd506525f,200,8.330899
2026-09-17T05:30:54.084307705Z,book,scaled,a1cb37b7da6b,200,9.645
2026-09-17T05:30:54.14470583Z,book,scaled,348cd506525f,200,9.753747
2026-09-17T05:30:54.202948448Z,book,scaled,660681595a5e,200,8.419102
2026-09-17T05:30:54.264006925Z,book,scaled,348cd506525f,200,9.510232
2026-09-17T05:30:54.32425081Z,book,scaled,660681595a5e,200,9.342607
2026-09-17T05:30:54.383324471Z,book,scaled,a1cb37b7da6b,200,9.111143
2026-09-17T05:30:54.444051465Z,book,scaled,660681595a5e,200,9.077394
2026-09-17T05:30:54.503821005Z,book,scaled,a1cb37b7da6b,200,8.92848
2026-09-17T05:30:54.564056514Z,book,scaled,348cd506525f,200,9.427546
2026-09-17T05:30:54.622642908Z,book,scaled,a1cb37b7da6b,200,7.869922
2026-09-17T05:30:54.683186229Z,book,scaled,348cd506525f,200,8.559848
2026-09-17T05:30:54.745644152Z,book,scaled,660681595a5e,200,10.805234
2026-09-17T05:30:54.802700855Z,book,scaled,348cd506525f,200,8.39125
2026-09-17T05:30:54.863659404Z,book,scaled,660681595a5e,200,9.358972
2026-09-17T05:30:54.92336155Z,book,scaled,a1cb37b7da6b,200,9.224288
2026-09-17T05:30:54.984756513Z,book,scaled,660681595a5e,200,9.826072
2026-09-17T05:30:55.044610018Z,book,scaled,a1cb37b7da6b,200,10.238863
2026-09-17T05:30:55.102552332Z,book,scaled,348cd506525f,200,8.397893
2026-09-17T05:30:55.163517818Z,book,scaled,a1cb37b7da6b,200,8.418065
2026-09-17T05:30:55.224560452Z,book,scaled,348cd506525f,200,10.262824
2026-09-17T05:30:55.284926505Z,book,scaled,660681595a5e,200,9.632565
2026-09-17T05:30:55.343588963Z,book,scaled,348cd506525f,200,8.818283
2026-09-17T05:30:55.404279197Z,book,scaled,660681595a5e,200,9.105388
2026-09-17T05:30:55.464755022Z,book,scaled,a1cb37b7da6b,200,9.45228
2026-09-17T05:30:55.525746327Z,book,scaled,660681595a5e,200,11.267534
2026-09-17T05:30:55.583811364Z,book,scaled,a1cb37b7da6b,200,9.249075
2026-09-17T05:30:55.644300615Z,book,scaled,348cd506525f,200,9.916877
2026-09-17T05:30:55.702550573Z,book,scaled,a1cb37b7da6b,200,7.728043
2026-09-17T05:30:55.762728605Z,book,scaled,348cd506525f,200,8.51022
2026-09-17T05:30:55.82328966Z,book,scaled,660681595a5e,200,8.848421
2026-09-17T05:30:55.883172681Z,book,scaled,348cd506525f,200,8.327999
2026-09-17T05:30:55.942983443Z,book,scaled,660681595a5e,200,7.954038
2026-09-17T05:30:56.00397416Z,book,scaled,a1cb37b7da6b,200,9.296088
2026-09-17T05:30:56.065751652Z,book,scaled,660681595a5e,200,10.991542
2026-09-17T05:30:56.124971003Z,book,scaled,a1cb37b7da6b,200,9.747199
2026-09-17T05:30:56.182866448Z,book,scaled,348cd506525f,200,8.337658
2026-09-17T05:30:56.243707341Z,book,scaled,a1cb37b7da6b,200,9.109878
2026-09-17T05:30:56.303537969Z,book,scaled,348cd506525f,200,9.002109
2026-09-17T05:30:56.363059399Z,book,scaled,660681595a5e,200,8.935265
2026-09-17T05:30:56.42335765Z,book,scaled,348cd506525f,200,8.549666
2026-09-17T05:30:56.484988693Z,book,scaled,660681595a5e,200,9.831231
2026-09-17T05:30:56.5428366Z,book,scaled,a1cb37b7da6b,200,8.233494
2026-09-17T05:30:56.604243722Z,book,scaled,660681595a5e,200,9.937393
2026-09-17T05:30:56.665188286Z,book,scaled,a1cb37b7da6b,200,10.21296
2026-09-17T05:30:56.724004335Z,book,scaled,348cd506525f,200,9.103839
2026-09-17T05:30:56.784003112Z,book,scaled,a1cb37b7da6b,200,9.35208
2026-09-17T05:30:56.84290744Z,book,scaled,348cd506525f,200,8.127997
2026-09-17T05:30:56.902416023Z,book,scaled,660681595a5e,200,7.802553
2026-09-17T05:30:56.963032161Z,book,scaled,348cd506525f,200,8.08801
2026-09-17T05:30:57.022951054Z,book,scaled,660681595a5e,200,8.107642
2026-09-17T05:30:57.083380374Z,book,scaled,a1cb37b7da6b,200,8.564817
2026-09-17T05:30:57.143141951Z,book,scaled,660681595a5e,200,8.95735
2026-09-17T05:30:57.203072061Z,book,scaled,a1cb37b7da6b,200,8.157821
2026-09-17T05:30:57.264550173Z,book,scaled,348cd506525f,200,9.75027
2026-09-17T05:30:57.323763937Z,book,scaled,a1cb37b7da6b,200,8.612525
2026-09-17T05:30:57.383474726Z,book,scaled,348cd506525f,200,9.061787
2026-09-17T05:30:57.443204613Z,book,scaled,660681595a5e,200,8.075546
2026-09-17T05:30:57.503231488Z,book,scaled,348cd506525f,200,8.290498
2026-09-17T05:30:57.564236002Z,book,scaled,660681595a5e,200,9.113026
2026-09-17T05:30:57.624592623Z,book,scaled,a1cb37b7da6b,200,9.643024
2026-09-17T05:30:57.682863746Z,book,scaled,660681595a5e,200,8.308369
2026-09-17T05:30:57.743252147Z,book,scaled,a1cb37b7da6b,200,8.661707
2026-09-17T05:30:57.803895279Z,book,scaled,348cd506525f,200,8.79108
2026-09-17T05:30:57.863880189Z,book,scaled,a1cb37b7da6b,200,8.936399
2026-09-17T05:30:57.923036584Z,book,scaled,348cd506525f,200,8.55902
2026-09-17T05:30:57.984468854Z,book,scaled,660681595a5e,200,9.819026
2026-09-17T05:30:58.046122233Z,book,scaled,348cd506525f,200,10.965304
2026-09-17T05:30:58.103910915Z,book,scaled,660681595a5e,200,9.152103
2026-09-17T05:30:58.163659403Z,book,scaled,a1cb37b7da6b,200,9.020709
2026-09-17T05:30:58.222775761Z,book,scaled,660681595a5e,200,8.304775
2026-09-17T05:30:58.282769063Z,book,scaled,a1cb37b7da6b,200,8.49037
2026-09-17T05:30:58.343457195Z,book,scaled,348cd506525f,200,9.01578
2026-09-17T05:30:58.405076455Z,book,scaled,a1cb37b7da6b,200,10.726458
2026-09-17T05:30:58.463385132Z,book,scaled,348cd506525f,200,8.680075
2026-09-17T05:30:58.52362578Z,book,scaled,660681595a5e,200,8.709134
2026-09-17T05:30:58.583518807Z,book,scaled,348cd506525f,200,9.124231
2026-09-17T05:30:58.644758618Z,book,scaled,660681595a5e,200,9.572064
2026-09-17T05:30:58.703928908Z,book,scaled,a1cb37b7da6b,200,9.408529
2026-09-17T05:30:58.763116961Z,book,scaled,660681595a5e,200,8.519432
2026-09-17T05:30:58.822912001Z,book,scaled,a1cb37b7da6b,200,8.272336
2026-09-17T05:30:58.883087866Z,book,scaled,348cd506525f,200,8.507942
2026-09-17T05:30:58.943771912Z,book,scaled,a1cb37b7da6b,200,8.944549
2026-09-17T05:30:59.003557997Z,book,scaled,348cd506525f,200,9.332989
2026-09-17T05:30:59.062829949Z,book,scaled,660681595a5e,200,8.667522
2026-09-17T05:30:59.124000698Z,book,scaled,348cd506525f,200,9.591281
2026-09-17T05:30:59.182480094Z,book,scaled,660681595a5e,200,7.879646
2026-09-17T05:30:59.243041219Z,book,scaled,a1cb37b7da6b,200,8.514638
2026-09-17T05:30:59.302300835Z,book,scaled,660681595a5e,200,7.583808
2026-09-17T05:30:59.363854988Z,book,scaled,a1cb37b7da6b,200,8.737413
2026-09-17T05:30:59.423358734Z,book,scaled,348cd506525f,200,8.756497
2026-09-17T05:30:59.483983268Z,book,scaled,a1cb37b7da6b,200,8.930511
2026-09-17T05:30:59.54381713Z,book,scaled,348cd506525f,200,8.772728
2026-09-17T05:30:59.602733065Z,book,scaled,660681595a5e,200,8.286155
2026-09-17T05:30:59.663789195Z,book,scaled,348cd506525f,200,9.246784
2026-09-17T05:30:59.725511679Z,book,scaled,660681595a5e,200,10.904679
2026-09-17T05:30:59.782813429Z,book,scaled,a1cb37b7da6b,200,8.521533
2026-09-17T05:30:59.842541445Z,book,scaled,660681595a5e,200,8.079615
2026-09-17T05:30:59.903295126Z,book,scaled,a1cb37b7da6b,200,9.100429
2026-09-17T05:30:59.963429919Z,book,scaled,348cd506525f,200,8.530353
2026-09-17T05:31:00.025406437Z,book,scaled,a1cb37b7da6b,200,10.485198
2026-09-17T05:31:00.083591542Z,book,scaled,348cd506525f,200,9.247335
2026-09-17T05:31:00.142386232Z,book,scaled,660681595a5e,200,8.154329
2026-09-17T05:31:00.203668728Z,book,scaled,348cd506525f,200,8.546764
2026-09-17T05:31:00.263063402Z,book,scaled,660681595a5e,200,8.754133
2026-09-17T05:31:00.325148138Z,book,scaled,a1cb37b7da6b,200,10.561792
2026-09-17T05:31:00.384712775Z,book,scaled,660681595a5e,200,10.590976
2026-09-17T05:31:00.444513895Z,book,scaled,a1cb37b7da6b,200,10.281715
2026-09-17T05:31:00.505695574Z,book,scaled,348cd506525f,200,10.532852
2026-09-17T05:31:00.565187255Z,book,scaled,a1cb37b7da6b,200,10.978165
2026-09-17T05:31:00.624317599Z,book,scaled,348cd506525f,200,9.470411
2026-09-17T05:31:00.685493341Z,book,scaled,660681595a5e,200,10.68766
2026-09-17T05:31:00.744284008Z,book,scaled,348cd506525f,200,10.144828
2026-09-17T05:31:00.805666339Z,book,scaled,660681595a5e,200,10.549042
2026-09-17T05:31:00.863766052Z,book,scaled,a1cb37b7da6b,200,8.94545
2026-09-17T05:31:00.924538828Z,book,scaled,660681595a5e,200,10.2925
2026-09-17T05:31:00.98269525Z,book,scaled,a1cb37b7da6b,200,7.749344
2026-09-17T05:31:01.044675899Z,book,scaled,348cd506525f,200,10.318577
2026-09-17T05:31:01.10328298Z,book,scaled,a1cb37b7da6b,200,9.066623
2026-09-17T05:31:01.163921443Z,book,scaled,348cd506525f,200,8.995859
2026-09-17T05:31:01.223939093Z,book,scaled,660681595a5e,200,9.208057
2026-09-17T05:31:01.283775645Z,book,scaled,348cd506525f,200,9.1102
2026-09-17T05:31:01.343694723Z,book,scaled,660681595a5e,200,9.134282
2026-09-17T05:31:01.403667386Z,book,scaled,a1cb37b7da6b,200,9.331046
2026-09-17T05:31:01.464281367Z,book,scaled,660681595a5e,200,10.173708
2026-09-17T05:31:01.524820366Z,book,scaled,a1cb37b7da6b,200,9.846078
2026-09-17T05:31:01.584919959Z,book,scaled,348cd506525f,200,10.51659
2026-09-17T05:31:01.645301078Z,book,scaled,a1cb37b7da6b,200,10.528457
2026-09-17T05:31:01.707414415Z,book,scaled,348cd506525f,200,12.232244
2026-09-17T05:31:01.764703608Z,book,scaled,660681595a5e,200,9.46756
2026-09-17T05:31:01.823731267Z,book,scaled,348cd506525f,200,9.255135
2026-09-17T05:31:01.883878141Z,book,scaled,660681595a5e,200,9.244034
2026-09-17T05:31:01.943557187Z,book,scaled,a1cb37b7da6b,200,8.453783
2026-09-17T05:31:02.003667893Z,book,scaled,660681595a5e,200,8.463144
2026-09-17T05:31:02.064160992Z,book,scaled,a1cb37b7da6b,200,9.363706
2026-09-17T05:31:02.124339048Z,book,scaled,348cd506525f,200,9.556474
2026-09-17T05:31:02.184236822Z,book,scaled,a1cb37b7da6b,200,9.10958
2026-09-17T05:31:02.244195124Z,book,scaled,348cd506525f,200,9.195871
2026-09-17T05:31:02.303900448Z,book,scaled,660681595a5e,200,9.013364
2026-09-17T05:31:02.363633305Z,book,scaled,348cd506525f,200,8.718555
2026-09-17T05:31:02.4226485Z,book,scaled,660681595a5e,200,8.162075
2026-09-17T05:31:02.484013412Z,book,scaled,a1cb37b7da6b,200,9.305589
2026-09-17T05:31:02.543449834Z,book,scaled,660681595a5e,200,8.369915
2026-09-17T05:31:02.603054801Z,book,scaled,a1cb37b7da6b,200,8.003675
2026-09-17T05:31:02.663698717Z,book,scaled,348cd506525f,200,9.353367
2026-09-17T05:31:02.723677148Z,book,scaled,a1cb37b7da6b,200,9.162724
2026-09-17T05:31:02.783875475Z,book,scaled,348cd506525f,200,9.528536
2026-09-17T05:31:02.844169545Z,book,scaled,660681595a5e,200,9.613252
2026-09-17T05:31:02.905249579Z,book,scaled,348cd506525f,200,10.153854
2026-09-17T05:31:02.962830528Z,book,scaled,660681595a5e,200,8.033917
2026-09-17T05:31:03.022542308Z,book,scaled,a1cb37b7da6b,200,8.008835
2026-09-17T05:31:03.08383834Z,book,scaled,660681595a5e,200,9.532217
2026-09-17T05:31:03.143706184Z,book,scaled,a1cb37b7da6b,200,8.899311
2026-09-17T05:31:03.204304765Z,book,scaled,348cd506525f,200,9.688477
2026-09-17T05:31:03.26401006Z,book,scaled,a1cb37b7da6b,200,9.135571
2026-09-17T05:31:03.32341813Z,book,scaled,348cd506525f,200,8.697298
2026-09-17T05:31:03.384473077Z,book,scaled,660681595a5e,200,9.452683
2026-09-17T05:31:03.443025527Z,book,scaled,348cd506525f,200,8.461565
2026-09-17T05:31:03.50331793Z,book,scaled,660681595a5e,200,8.684733
2026-09-17T05:31:03.56529596Z,book,scaled,a1cb37b7da6b,200,10.298997
2026-09-17T05:31:03.624338882Z,book,scaled,660681595a5e,200,9.361536
2026-09-17T05:31:03.683950961Z,book,scaled,a1cb37b7da6b,200,9.068749
2026-09-17T05:31:03.744347579Z,book,scaled,348cd506525f,200,9.651615
2026-09-17T05:31:03.803028999Z,book,scaled,a1cb37b7da6b,200,8.905619
2026-09-17T05:31:03.863679228Z,book,scaled,348cd506525f,200,8.825662
2026-09-17T05:31:03.922639107Z,book,scaled,660681595a5e,200,8.314866
2026-09-17T05:31:03.983129251Z,book,scaled,348cd506525f,200,8.943324
2026-09-17T05:31:04.042566244Z,book,scaled,660681595a5e,200,7.620745
2026-09-17T05:31:04.102638751Z,book,scaled,a1cb37b7da6b,200,8.520823
2026-09-17T05:31:04.162823867Z,book,scaled,660681595a5e,200,8.608918
2026-09-17T05:31:04.222894654Z,book,scaled,a1cb37b7da6b,200,8.038252
2026-09-17T05:31:04.28370409Z,book,scaled,348cd506525f,200,8.772218
2026-09-17T05:31:04.342323674Z,book,scaled,a1cb37b7da6b,200,7.986749
2026-09-17T05:31:04.403113629Z,book,scaled,348cd506525f,200,8.814071
2026-09-17T05:31:04.46520955Z,book,scaled,660681595a5e,200,10.348284
2026-09-17T05:31:04.524568108Z,book,scaled,348cd506525f,200,9.770254
2026-09-17T05:31:04.582240503Z,book,scaled,660681595a5e,200,8.186685
2026-09-17T05:31:04.643730946Z,book,scaled,a1cb37b7da6b,200,8.792387
2026-09-17T05:31:04.703851792Z,book,scaled,660681595a5e,200,9.198098
2026-09-17T05:31:04.763250674Z,book,scaled,a1cb37b7da6b,200,8.63685
2026-09-17T05:31:04.823870876Z,book,scaled,348cd506525f,200,8.802594
2026-09-17T05:31:04.883621867Z,book,scaled,a1cb37b7da6b,200,8.978044
2026-09-17T05:31:04.943188798Z,book,scaled,348cd506525f,200,8.9237
2026-09-17T05:31:05.003259421Z,book,scaled,660681595a5e,200,8.396788
2026-09-17T05:31:05.063947691Z,book,scaled,348cd506525f,200,9.060549
2026-09-17T05:31:05.125603416Z,book,scaled,660681595a5e,200,11.08334
2026-09-17T05:31:05.185324917Z,book,scaled,a1cb37b7da6b,200,10.683343
2026-09-17T05:31:05.243908153Z,book,scaled,660681595a5e,200,8.834925
2026-09-17T05:31:05.302880996Z,book,scaled,a1cb37b7da6b,200,8.532295
2026-09-17T05:31:05.362637319Z,book,scaled,348cd506525f,200,8.103658
2026-09-17T05:31:05.42267495Z,book,scaled,a1cb37b7da6b,200,8.437929
2026-09-17T05:31:05.484635113Z,book,scaled,348cd506525f,200,10.369263
2026-09-17T05:31:05.543929166Z,book,scaled,660681595a5e,200,8.75869
2026-09-17T05:31:05.603314965Z,book,scaled,348cd506525f,200,8.548898
2026-09-17T05:31:05.664405072Z,book,scaled,660681595a5e,200,9.519768
2026-09-17T05:31:05.725022831Z,book,scaled,a1cb37b7da6b,200,10.081645
2026-09-17T05:31:05.782497997Z,book,scaled,660681595a5e,200,7.875473
2026-09-17T05:31:05.843810579Z,book,scaled,a1cb37b7da6b,200,8.718419
2026-09-17T05:31:05.903449428Z,book,scaled,348cd506525f,200,8.788761
2026-09-17T05:31:05.963943894Z,book,scaled,a1cb37b7da6b,200,8.949792
2026-09-17T05:31:06.023145041Z,book,scaled,348cd506525f,200,8.546038
2026-09-17T05:31:06.083161699Z,book,scaled,660681595a5e,200,8.364534
2026-09-17T05:31:06.143546358Z,book,scaled,348cd506525f,200,8.729663
2026-09-17T05:31:06.203124914Z,book,scaled,660681595a5e,200,8.980193
2026-09-17T05:31:06.263770965Z,book,scaled,a1cb37b7da6b,200,8.980776
2026-09-17T05:31:06.322708535Z,book,scaled,660681595a5e,200,8.646694
2026-09-17T05:31:06.383219192Z,book,scaled,a1cb37b7da6b,200,8.950157
2026-09-17T05:31:06.446515205Z,book,scaled,348cd506525f,200,11.430551
2026-09-17T05:31:06.502901392Z,book,scaled,a1cb37b7da6b,200,8.382065
2026-09-17T05:31:06.564394597Z,book,scaled,348cd506525f,200,9.85205
2026-09-17T05:31:06.623663804Z,book,scaled,660681595a5e,200,8.806939
2026-09-17T05:31:06.683884421Z,book,scaled,348cd506525f,200,9.583334
2026-09-17T05:31:06.743452601Z,book,scaled,660681595a5e,200,8.501843
2026-09-17T05:31:06.803739887Z,book,scaled,a1cb37b7da6b,200,8.623227
2026-09-17T05:31:06.865274004Z,book,scaled,660681595a5e,200,10.892767
2026-09-17T05:31:06.924148639Z,book,scaled,a1cb37b7da6b,200,9.225709
2026-09-17T05:31:06.982977202Z,book,scaled,348cd506525f,200,7.97885
2026-09-17T05:31:07.042881046Z,book,scaled,a1cb37b7da6b,200,8.051594
2026-09-17T05:31:07.103466793Z,book,scaled,348cd506525f,200,8.922531
2026-09-17T05:31:07.163945833Z,book,scaled,660681595a5e,200,9.718023
2026-09-17T05:31:07.224692654Z,book,scaled,348cd506525f,200,9.554377
2026-09-17T05:31:07.284565728Z,book,scaled,660681595a5e,200,9.957923
2026-09-17T05:31:07.344716316Z,book,scaled,a1cb37b7da6b,200,9.499727
2026-09-17T05:31:07.403490426Z,book,scaled,660681595a5e,200,9.126614
2026-09-17T05:31:07.462751717Z,book,scaled,a1cb37b7da6b,200,7.729464
2026-09-17T05:31:07.524135384Z,book,scaled,348cd506525f,200,9.416583
2026-09-17T05:31:07.583936849Z,book,scaled,a1cb37b7da6b,200,8.697306
2026-09-17T05:31:07.645005177Z,book,scaled,348cd506525f,200,10.439448
2026-09-17T05:31:07.704127528Z,book,scaled,660681595a5e,200,9.481217
2026-09-17T05:31:07.765080252Z,book,scaled,348cd506525f,200,10.30988
2026-09-17T05:31:07.823887069Z,book,scaled,660681595a5e,200,8.975003
2026-09-17T05:31:07.88471397Z,book,scaled,a1cb37b7da6b,200,10.359622
2026-09-17T05:31:07.943518283Z,book,scaled,660681595a5e,200,9.316817
2026-09-17T05:31:08.003498084Z,book,scaled,a1cb37b7da6b,200,9.164071
2026-09-17T05:31:08.066478349Z,book,scaled,348cd506525f,200,11.196116
2026-09-17T05:31:08.127461564Z,book,scaled,a1cb37b7da6b,200,12.725029
2026-09-17T05:31:08.183954732Z,book,scaled,348cd506525f,200,9.810547
2026-09-17T05:31:08.243330261Z,book,scaled,660681595a5e,200,8.901119
2026-09-17T05:31:08.30694096Z,book,scaled,348cd506525f,200,11.993219
2026-09-17T05:31:08.363501679Z,book,scaled,660681595a5e,200,8.74052
2026-09-17T05:31:08.423588117Z,book,scaled,a1cb37b7da6b,200,8.605704
2026-09-17T05:31:08.483848628Z,book,scaled,660681595a5e,200,9.715151
2026-09-17T05:31:08.544917874Z,book,scaled,a1cb37b7da6b,200,10.604228
2026-09-17T05:31:08.60426494Z,book,scaled,348cd506525f,200,9.530999
2026-09-17T05:31:08.665246162Z,book,scaled,a1cb37b7da6b,200,10.209477
2026-09-17T05:31:08.724090846Z,book,scaled,348cd506525f,200,9.115243
2026-09-17T05:31:08.785627982Z,book,scaled,660681595a5e,200,10.739081
2026-09-17T05:31:08.843601581Z,book,scaled,348cd506525f,200,9.109632
2026-09-17T05:31:08.90344428Z,book,scaled,660681595a5e,200,9.180317
2026-09-17T05:31:08.963984628Z,book,scaled,a1cb37b7da6b,200,9.43195
2026-09-17T05:31:09.024152729Z,book,scaled,660681595a5e,200,9.605485
2026-09-17T05:31:09.083547499Z,book,scaled,a1cb37b7da6b,200,8.700466
2026-09-17T05:31:09.143010451Z,book,scaled,348cd506525f,200,8.730883
2026-09-17T05:31:09.206134853Z,book,scaled,a1cb37b7da6b,200,11.117462
2026-09-17T05:31:09.2626937Z,book,scaled,348cd506525f,200,8.014247
2026-09-17T05:31:09.323981243Z,book,scaled,660681595a5e,200,9.645167
2026-09-17T05:31:09.383622218Z,book,scaled,348cd506525f,200,9.0541
2026-09-17T05:31:09.442518165Z,book,scaled,660681595a5e,200,8.387335
2026-09-17T05:31:09.502718226Z,book,scaled,a1cb37b7da6b,200,8.254098
2026-09-17T05:31:09.564070741Z,book,scaled,660681595a5e,200,9.593853
2026-09-17T05:31:09.624930966Z,book,scaled,a1cb37b7da6b,200,10.242356
2026-09-17T05:31:09.684897482Z,book,scaled,348cd506525f,200,10.185221
2026-09-17T05:31:09.742449304Z,book,scaled,a1cb37b7da6b,200,7.943738
2026-09-17T05:31:09.803312359Z,book,scaled,348cd506525f,200,9.05928
2026-09-17T05:31:09.863332106Z,book,scaled,660681595a5e,200,8.45472
2026-09-17T05:31:09.9236308Z,book,scaled,348cd506525f,200,8.547231
2026-09-17T05:31:09.982878165Z,book,scaled,660681595a5e,200,8.622171
2026-09-17T05:31:10.043823744Z,book,scaled,a1cb37b7da6b,200,9.276275
2026-09-17T05:31:10.102993409Z,book,scaled,660681595a5e,200,8.469372
2026-09-17T05:31:10.162902982Z,book,scaled,a1cb37b7da6b,200,8.292935
2026-09-17T05:31:10.224756699Z,book,scaled,348cd506525f,200,10.074095
2026-09-17T05:31:10.28371446Z,book,scaled,a1cb37b7da6b,200,9.340567
2026-09-17T05:31:10.343356687Z,book,scaled,348cd506525f,200,8.966983
2026-09-17T05:31:10.40325369Z,book,scaled,660681595a5e,200,8.356874
2026-09-17T05:31:10.464439543Z,book,scaled,348cd506525f,200,9.612465
2026-09-17T05:31:10.524688045Z,book,scaled,660681595a5e,200,9.831949
2026-09-17T05:31:10.583330777Z,book,scaled,a1cb37b7da6b,200,7.896275
2026-09-17T05:31:10.644295907Z,book,scaled,660681595a5e,200,9.396332
2026-09-17T05:31:10.704023167Z,book,scaled,a1cb37b7da6b,200,9.134744
2026-09-17T05:31:10.762593065Z,book,scaled,348cd506525f,200,7.932457
2026-09-17T05:31:10.823003229Z,book,scaled,a1cb37b7da6b,200,8.890448
2026-09-17T05:31:10.884390956Z,book,scaled,348cd506525f,200,9.638817
2026-09-17T05:31:10.943354729Z,book,scaled,660681595a5e,200,8.479762
2026-09-17T05:31:11.00416964Z,book,scaled,348cd506525f,200,9.150506
2026-09-17T05:31:11.062885706Z,book,scaled,660681595a5e,200,8.201226
2026-09-17T05:31:11.123166481Z,book,scaled,a1cb37b7da6b,200,8.60377
2026-09-17T05:31:11.182525079Z,book,scaled,660681595a5e,200,7.785258
2026-09-17T05:31:11.242484365Z,book,scaled,a1cb37b7da6b,200,8.378586
2026-09-17T05:31:11.303970288Z,book,scaled,348cd506525f,200,9.434964
2026-09-17T05:31:11.363515235Z,book,scaled,a1cb37b7da6b,200,8.728937
2026-09-17T05:31:11.423392575Z,book,scaled,348cd506525f,200,8.237427
2026-09-17T05:31:11.48356562Z,book,scaled,660681595a5e,200,9.241606
2026-09-17T05:31:11.542863047Z,book,scaled,348cd506525f,200,8.646072
2026-09-17T05:31:11.604261716Z,book,scaled,660681595a5e,200,9.624166
2026-09-17T05:31:11.662667532Z,book,scaled,a1cb37b7da6b,200,7.791448
2026-09-17T05:31:11.723335044Z,book,scaled,660681595a5e,200,9.035479
2026-09-17T05:31:11.783187132Z,book,scaled,a1cb37b7da6b,200,8.953582
2026-09-17T05:31:11.844508754Z,book,scaled,348cd506525f,200,9.548001
2026-09-17T05:31:11.905348213Z,book,scaled,a1cb37b7da6b,200,10.198292
2026-09-17T05:31:11.963399845Z,book,scaled,348cd506525f,200,8.375885
2026-09-17T05:31:12.022357075Z,book,scaled,660681595a5e,200,8.175692
2026-09-17T05:31:12.084693923Z,book,scaled,348cd506525f,200,9.682279
2026-09-17T05:31:12.143191416Z,book,scaled,660681595a5e,200,8.747511
2026-09-17T05:31:12.203425859Z,book,scaled,a1cb37b7da6b,200,8.564267
2026-09-17T05:31:12.263097296Z,book,scaled,660681595a5e,200,8.802762
2026-09-17T05:31:12.324017585Z,book,scaled,a1cb37b7da6b,200,9.102323
2026-09-17T05:31:12.384667034Z,book,scaled,348cd506525f,200,9.984579
2026-09-17T05:31:12.442569108Z,book,scaled,a1cb37b7da6b,200,8.316611
2026-09-17T05:31:12.503100127Z,book,scaled,348cd506525f,200,8.922437
2026-09-17T05:31:12.564021795Z,book,scaled,660681595a5e,200,9.250184
2026-09-17T05:31:12.623411305Z,book,scaled,348cd506525f,200,8.892245
2026-09-17T05:31:12.682794636Z,book,scaled,660681595a5e,200,8.727696
2026-09-17T05:31:12.743755936Z,book,scaled,a1cb37b7da6b,200,9.304362
2026-09-17T05:31:12.803163257Z,book,scaled,660681595a5e,200,8.577366
2026-09-17T05:31:12.86309322Z,book,scaled,a1cb37b7da6b,200,8.349032
2026-09-17T05:31:12.922916749Z,book,scaled,348cd506525f,200,8.261111
2026-09-17T05:31:12.983035816Z,book,scaled,a1cb37b7da6b,200,8.416056
2026-09-17T05:31:13.044017203Z,book,scaled,348cd506525f,200,9.35192
2026-09-17T05:31:13.104079232Z,book,scaled,660681595a5e,200,9.344145
2026-09-17T05:31:13.164053509Z,book,scaled,348cd506525f,200,9.41489
2026-09-17T05:31:13.224925453Z,book,scaled,660681595a5e,200,10.147525
2026-09-17T05:31:13.282005181Z,book,scaled,a1cb37b7da6b,200,7.399886
2026-09-17T05:31:13.343478629Z,book,scaled,660681595a5e,200,8.79099
2026-09-17T05:31:13.402766092Z,book,scaled,a1cb37b7da6b,200,8.562073
2026-09-17T05:31:13.462531698Z,book,scaled,348cd506525f,200,7.990959
2026-09-17T05:31:13.523863361Z,book,scaled,a1cb37b7da6b,200,9.376236
2026-09-17T05:31:13.5830711Z,book,scaled,348cd506525f,200,8.310209
2026-09-17T05:31:13.643891351Z,book,scaled,660681595a5e,200,9.083048
2026-09-17T05:31:13.702733766Z,book,scaled,348cd506525f,200,8.116237
2026-09-17T05:31:13.763727539Z,book,scaled,660681595a5e,200,9.239598
2026-09-17T05:31:13.823600341Z,book,scaled,a1cb37b7da6b,200,8.987191
2026-09-17T05:31:13.882708194Z,book,scaled,660681595a5e,200,8.261836
2026-09-17T05:31:13.942757936Z,book,scaled,a1cb37b7da6b,200,8.390704
2026-09-17T05:31:14.004518257Z,book,scaled,348cd506525f,200,9.836896
2026-09-17T05:31:14.06269287Z,book,scaled,a1cb37b7da6b,200,8.354582
2026-09-17T05:31:14.12316081Z,book,scaled,348cd506525f,200,8.95091
2026-09-17T05:31:14.184724468Z,book,scaled,660681595a5e,200,9.941291
2026-09-17T05:31:14.242801537Z,book,scaled,348cd506525f,200,8.528543
2026-09-17T05:31:14.30271657Z,book,scaled,660681595a5e,200,8.360743
2026-09-17T05:31:14.364052544Z,book,scaled,a1cb37b7da6b,200,9.220847
2026-09-17T05:31:14.422952968Z,book,scaled,660681595a5e,200,8.144894
2026-09-17T05:31:14.482964982Z,book,scaled,a1cb37b7da6b,200,8.099286
2026-09-17T05:31:14.543783543Z,book,scaled,348cd506525f,200,8.739037
2026-09-17T05:31:14.603669116Z,book,scaled,a1cb37b7da6b,200,8.73353
2026-09-17T05:31:14.663296542Z,book,scaled,348cd506525f,200,8.890116
2026-09-17T05:31:14.724129574Z,book,scaled,660681595a5e,200,9.369476
2026-09-17T05:31:14.7837839Z,book,scaled,348cd506525f,200,9.000183
2026-09-17T05:31:14.843251786Z,book,scaled,660681595a5e,200,8.544469
2026-09-17T05:31:14.902910902Z,book,scaled,a1cb37b7da6b,200,8.145189
2026-09-17T05:31:14.963179328Z,book,scaled,660681595a5e,200,8.532271
2026-09-17T05:31:15.024209979Z,book,scaled,a1cb37b7da6b,200,9.234893
2026-09-17T05:31:15.084171477Z,book,scaled,348cd506525f,200,9.384033
2026-09-17T05:31:15.142998844Z,book,scaled,a1cb37b7da6b,200,8.01804
2026-09-17T05:31:15.203233638Z,book,scaled,348cd506525f,200,8.210423
2026-09-17T05:31:15.264470692Z,book,scaled,660681595a5e,200,9.527073
2026-09-17T05:31:15.323709162Z,book,scaled,348cd506525f,200,8.753662
2026-09-17T05:31:15.383318051Z,book,scaled,660681595a5e,200,8.79487
2026-09-17T05:31:15.445679871Z,book,scaled,a1cb37b7da6b,200,10.746964
2026-09-17T05:31:15.503887536Z,book,scaled,660681595a5e,200,9.395328
2026-09-17T05:31:15.564723668Z,book,scaled,a1cb37b7da6b,200,10.074301
2026-09-17T05:31:15.62383634Z,book,scaled,348cd506525f,200,9.020165
2026-09-17T05:31:15.683754914Z,book,scaled,a1cb37b7da6b,200,9.342905
2026-09-17T05:31:15.743962676Z,book,scaled,348cd506525f,200,9.498124
2026-09-17T05:31:15.805029114Z,book,scaled,660681595a5e,200,10.276854
2026-09-17T05:31:15.865704516Z,book,scaled,348cd506525f,200,11.080656
2026-09-17T05:31:15.926069839Z,book,scaled,660681595a5e,200,11.670184
2026-09-17T05:31:15.984530119Z,book,scaled,a1cb37b7da6b,200,9.558638
2026-09-17T05:31:16.045181679Z,book,scaled,660681595a5e,200,10.744234
2026-09-17T05:31:16.104092549Z,book,scaled,a1cb37b7da6b,200,9.383941
2026-09-17T05:31:16.164202837Z,book,scaled,348cd506525f,200,9.193965
2026-09-17T05:31:16.223728525Z,book,scaled,a1cb37b7da6b,200,8.550964
2026-09-17T05:31:16.282869749Z,book,scaled,348cd506525f,200,8.523243
2026-09-17T05:31:16.343571143Z,book,scaled,660681595a5e,200,8.865615
2026-09-17T05:31:16.403748383Z,book,scaled,348cd506525f,200,9.241658
2026-09-17T05:31:16.463966336Z,book,scaled,660681595a5e,200,9.613642
2026-09-17T05:31:16.523678416Z,book,scaled,a1cb37b7da6b,200,9.078456
2026-09-17T05:31:16.584346099Z,book,scaled,660681595a5e,200,9.72234
2026-09-17T05:31:16.643117866Z,book,scaled,a1cb37b7da6b,200,8.987688
2026-09-17T05:31:16.703907019Z,book,scaled,348cd506525f,200,9.11755
2026-09-17T05:31:16.764708819Z,book,scaled,a1cb37b7da6b,200,9.786883
2026-09-17T05:31:16.824130511Z,book,scaled,348cd506525f,200,9.487195
2026-09-17T05:31:16.883990571Z,book,scaled,660681595a5e,200,9.173273
2026-09-17T05:31:16.945420352Z,book,scaled,348cd506525f,200,10.316267
2026-09-17T05:31:17.005300394Z,book,scaled,660681595a5e,200,9.942093
2026-09-17T05:31:17.064542004Z,book,scaled,a1cb37b7da6b,200,9.612682
2026-09-17T05:31:17.123810856Z,book,scaled,660681595a5e,200,8.693074
2026-09-17T05:31:17.184613101Z,book,scaled,a1cb37b7da6b,200,9.863233
2026-09-17T05:31:17.241993008Z,book,scaled,348cd506525f,200,7.751093
2026-09-17T05:31:17.30345558Z,book,scaled,a1cb37b7da6b,200,8.587125
2026-09-17T05:31:17.36438436Z,book,scaled,348cd506525f,200,9.515606
2026-09-17T05:31:17.424016162Z,book,scaled,660681595a5e,200,8.842089
2026-09-17T05:31:17.482605625Z,book,scaled,348cd506525f,200,8.249405
2026-09-17T05:31:17.542636376Z,book,scaled,660681595a5e,200,8.490861
2026-09-17T05:31:17.6030287Z,book,scaled,a1cb37b7da6b,200,8.709234
2026-09-17T05:31:17.663933177Z,book,scaled,660681595a5e,200,9.014703
2026-09-17T05:31:17.723776308Z,book,scaled,a1cb37b7da6b,200,9.156493
2026-09-17T05:31:17.785810826Z,book,scaled,348cd506525f,200,11.295989
2026-09-17T05:31:17.843459525Z,book,scaled,a1cb37b7da6b,200,8.751577
2026-09-17T05:31:17.904053562Z,book,scaled,348cd506525f,200,9.067377
2026-09-17T05:31:17.963871539Z,book,scaled,660681595a5e,200,9.214047
2026-09-17T05:31:18.024726652Z,book,scaled,348cd506525f,200,10.121674
2026-09-17T05:31:18.08469481Z,book,scaled,660681595a5e,200,9.478422
2026-09-17T05:31:18.144564191Z,book,scaled,a1cb37b7da6b,200,10.181328
2026-09-17T05:31:18.203380085Z,book,scaled,660681595a5e,200,9.043236
2026-09-17T05:31:18.26458001Z,book,scaled,a1cb37b7da6b,200,9.551588
2026-09-17T05:31:18.323626538Z,book,scaled,348cd506525f,200,8.665812
2026-09-17T05:31:18.381923158Z,book,scaled,a1cb37b7da6b,200,7.743433
2026-09-17T05:31:18.443129914Z,book,scaled,348cd506525f,200,8.494499
2026-09-17T05:31:18.503911204Z,book,scaled,660681595a5e,200,8.986662
2026-09-17T05:31:18.56306992Z,book,scaled,348cd506525f,200,8.520833
2026-09-17T05:31:18.623825167Z,book,scaled,660681595a5e,200,9.11062
2026-09-17T05:31:18.683762336Z,book,scaled,a1cb37b7da6b,200,9.088494
2026-09-17T05:31:18.743234127Z,book,scaled,660681595a5e,200,8.860295
2026-09-17T05:31:18.804516922Z,book,scaled,a1cb37b7da6b,200,9.690532
2026-09-17T05:31:18.86124959Z,book,scaled,348cd506525f,200,8.478849
2026-09-17T05:31:18.921902873Z,book,scaled,a1cb37b7da6b,200,9.069117
2026-09-17T05:31:18.981947394Z,book,scaled,348cd506525f,200,8.557034
2026-09-17T05:31:19.042308076Z,book,scaled,660681595a5e,200,8.726166
2026-09-17T05:31:19.102034666Z,book,scaled,348cd506525f,200,9.118101
2026-09-17T05:31:19.161954031Z,book,scaled,660681595a5e,200,9.141272
2026-09-17T05:31:19.221777388Z,book,scaled,a1cb37b7da6b,200,9.031473
2026-09-17T05:31:19.280655237Z,book,scaled,660681595a5e,200,8.090985
2026-09-17T05:31:19.34166551Z,book,scaled,a1cb37b7da6b,200,8.225184
2026-09-17T05:31:19.403307344Z,book,scaled,348cd506525f,200,9.791774
2026-09-17T05:31:19.462151854Z,book,scaled,a1cb37b7da6b,200,9.27535
2026-09-17T05:31:19.521448283Z,book,scaled,348cd506525f,200,8.503051
2026-09-17T05:31:19.582800938Z,book,scaled,660681595a5e,200,9.333974
2026-09-17T05:31:19.6430074Z,book,scaled,348cd506525f,200,9.630151
2026-09-17T05:31:19.702893013Z,book,scaled,660681595a5e,200,9.26615
2026-09-17T05:31:19.762973482Z,book,scaled,a1cb37b7da6b,200,9.537432
2026-09-17T05:31:19.822377838Z,book,scaled,660681595a5e,200,8.884276
2026-09-17T05:31:19.881740866Z,book,scaled,a1cb37b7da6b,200,8.510902
2026-09-17T05:31:19.942334164Z,book,scaled,348cd506525f,200,8.882566
2026-09-17T05:31:20.000970427Z,book,scaled,a1cb37b7da6b,200,7.922035
2026-09-17T05:31:20.06245051Z,book,scaled,348cd506525f,200,9.663205
2026-09-17T05:31:20.122507194Z,book,scaled,660681595a5e,200,9.449392
2026-09-17T05:31:20.181633677Z,book,scaled,348cd506525f,200,8.48367
2026-09-17T05:31:20.243297432Z,book,scaled,660681595a5e,200,9.942283
2026-09-17T05:31:20.301128097Z,book,scaled,a1cb37b7da6b,200,8.172745
2026-09-17T05:31:20.361793434Z,book,scaled,660681595a5e,200,9.036676
2026-09-17T05:31:20.423821232Z,book,scaled,a1cb37b7da6b,200,10.489786
2026-09-17T05:31:20.481391197Z,book,scaled,348cd506525f,200,7.984408
2026-09-17T05:31:20.541083175Z,book,scaled,a1cb37b7da6b,200,7.901651
2026-09-17T05:31:20.602745268Z,book,scaled,348cd506525f,200,9.939862
2026-09-17T05:31:20.661949046Z,book,scaled,660681595a5e,200,8.721465
2026-09-17T05:31:20.722242721Z,book,scaled,348cd506525f,200,8.669927
2026-09-17T05:31:20.781739216Z,book,scaled,660681595a5e,200,8.729224
2026-09-17T05:31:20.842013072Z,book,scaled,a1cb37b7da6b,200,8.604838
2026-09-17T05:31:20.901979817Z,book,scaled,660681595a5e,200,9.138541
2026-09-17T05:31:20.962244241Z,book,scaled,a1cb37b7da6b,200,8.735074
2026-09-17T05:31:21.020943166Z,book,scaled,348cd506525f,200,8.000209
2026-09-17T05:31:21.081268464Z,book,scaled,a1cb37b7da6b,200,8.573286
2026-09-17T05:31:21.14250707Z,book,scaled,348cd506525f,200,9.465093
2026-09-17T05:31:21.20191588Z,book,scaled,660681595a5e,200,8.51656
2026-09-17T05:31:21.260630497Z,book,scaled,348cd506525f,200,7.86078
2026-09-17T05:31:21.323901777Z,book,scaled,660681595a5e,200,10.727098
2026-09-17T05:31:21.382743835Z,book,scaled,a1cb37b7da6b,200,9.208325
2026-09-17T05:31:21.443155549Z,book,scaled,660681595a5e,200,9.706097
2026-09-17T05:31:21.50179101Z,book,scaled,a1cb37b7da6b,200,8.987302
2026-09-17T05:31:21.562746407Z,book,scaled,348cd506525f,200,9.936792
2026-09-17T05:31:21.622058732Z,book,scaled,a1cb37b7da6b,200,8.67202
2026-09-17T05:31:21.681546028Z,book,scaled,348cd506525f,200,8.48642
2026-09-17T05:31:21.742382378Z,book,scaled,660681595a5e,200,9.11078
2026-09-17T05:31:21.803232618Z,book,scaled,348cd506525f,200,9.798303
2026-09-17T05:31:21.862689662Z,book,scaled,660681595a5e,200,9.872058
2026-09-17T05:31:21.921883023Z,book,scaled,a1cb37b7da6b,200,8.583522
2026-09-17T05:31:21.982304987Z,book,scaled,660681595a5e,200,9.278649
2026-09-17T05:31:22.042700314Z,book,scaled,a1cb37b7da6b,200,9.661044
2026-09-17T05:31:22.105241995Z,book,scaled,348cd506525f,200,11.421577
2026-09-17T05:31:22.161902599Z,book,scaled,a1cb37b7da6b,200,8.844212
2026-09-17T05:31:22.221673221Z,book,scaled,348cd506525f,200,9.085156
2026-09-17T05:31:22.282720586Z,book,scaled,660681595a5e,200,9.473333
2026-09-17T05:31:22.341466964Z,book,scaled,348cd506525f,200,8.111966
2026-09-17T05:31:22.40255543Z,book,scaled,660681595a5e,200,9.412079
2026-09-17T05:31:22.461542693Z,book,scaled,a1cb37b7da6b,200,8.401123
2026-09-17T05:31:22.521632707Z,book,scaled,660681595a5e,200,8.516042
2026-09-17T05:31:22.581382659Z,book,scaled,a1cb37b7da6b,200,8.061484
2026-09-17T05:31:22.642161955Z,book,scaled,348cd506525f,200,9.203924
2026-09-17T05:31:22.702172023Z,book,scaled,a1cb37b7da6b,200,9.12
2026-09-17T05:31:22.761290395Z,book,scaled,348cd506525f,200,8.599038
2026-09-17T05:31:22.821047856Z,book,scaled,660681595a5e,200,8.214963
2026-09-17T05:31:22.880685892Z,book,scaled,348cd506525f,200,8.110105
2026-09-17T05:31:22.941411717Z,book,scaled,660681595a5e,200,8.111197
2026-09-17T05:31:23.002344363Z,book,scaled,a1cb37b7da6b,200,9.302792
2026-09-17T05:31:23.063894017Z,book,scaled,660681595a5e,200,10.949317
2026-09-17T05:31:23.121566719Z,book,scaled,a1cb37b7da6b,200,8.248865
2026-09-17T05:31:23.182042237Z,book,scaled,348cd506525f,200,8.709295
2026-09-17T05:31:23.241033059Z,book,scaled,a1cb37b7da6b,200,8.49413
2026-09-17T05:31:23.302119516Z,book,scaled,348cd506525f,200,9.509354
2026-09-17T05:31:23.3611907Z,book,scaled,660681595a5e,200,8.594222
2026-09-17T05:31:23.421599839Z,book,scaled,348cd506525f,200,9.000913
2026-09-17T05:31:23.482980503Z,book,scaled,660681595a5e,200,9.691018
2026-09-17T05:31:23.542756497Z,book,scaled,a1cb37b7da6b,200,9.176303
2026-09-17T05:31:23.602979209Z,book,scaled,660681595a5e,200,10.378741
2026-09-17T05:31:23.662494585Z,book,scaled,a1cb37b7da6b,200,8.845173
2026-09-17T05:31:23.72261966Z,book,scaled,348cd506525f,200,9.468351
2026-09-17T05:31:23.788119678Z,book,scaled,a1cb37b7da6b,200,14.413226
2026-09-17T05:31:23.842337968Z,book,scaled,348cd506525f,200,9.355596
2026-09-17T05:31:23.904685375Z,book,scaled,660681595a5e,200,11.214314
2026-09-17T05:31:23.963685068Z,book,scaled,348cd506525f,200,10.272652
2026-09-17T05:31:24.021848136Z,book,scaled,660681595a5e,200,8.402471
2026-09-17T05:31:24.083164711Z,book,scaled,a1cb37b7da6b,200,9.775026
2026-09-17T05:31:24.142825016Z,book,scaled,660681595a5e,200,9.75927
2026-09-17T05:31:24.202546207Z,book,scaled,a1cb37b7da6b,200,8.976501
2026-09-17T05:31:24.262187811Z,book,scaled,348cd506525f,200,8.827732
2026-09-17T05:31:24.322143586Z,book,scaled,a1cb37b7da6b,200,8.990043
2026-09-17T05:31:24.382127222Z,book,scaled,348cd506525f,200,9.409538
2026-09-17T05:31:24.44306819Z,book,scaled,660681595a5e,200,10.462716
2026-09-17T05:31:24.501246931Z,book,scaled,348cd506525f,200,8.629129
2026-09-17T05:31:24.562618095Z,book,scaled,660681595a5e,200,9.706382
2026-09-17T05:31:24.622602233Z,book,scaled,a1cb37b7da6b,200,9.367146
2026-09-17T05:31:24.682258078Z,book,scaled,660681595a5e,200,8.843583
2026-09-17T05:31:24.741795776Z,book,scaled,a1cb37b7da6b,200,8.762988
2026-09-17T05:31:24.803592289Z,book,scaled,348cd506525f,200,10.140495
2026-09-17T05:31:24.86160539Z,book,scaled,a1cb37b7da6b,200,8.439353
2026-09-17T05:31:24.922933541Z,book,scaled,348cd506525f,200,9.686698
2026-09-17T05:31:24.982913468Z,book,scaled,660681595a5e,200,9.55279
2026-09-17T05:31:25.042559314Z,book,scaled,348cd506525f,200,9.099189
2026-09-17T05:31:25.103266427Z,book,scaled,660681595a5e,200,10.158527
2026-09-17T05:31:25.160883192Z,book,scaled,a1cb37b7da6b,200,8.064403
2026-09-17T05:31:25.223717679Z,book,scaled,660681595a5e,200,9.970853
2026-09-17T05:31:25.281999599Z,book,scaled,a1cb37b7da6b,200,8.755398
2026-09-17T05:31:25.343113725Z,book,scaled,348cd506525f,200,9.511095
2026-09-17T05:31:25.402838246Z,book,scaled,a1cb37b7da6b,200,9.829785
2026-09-17T05:31:25.463200203Z,book,scaled,348cd506525f,200,9.682752
2026-09-17T05:31:25.522028671Z,book,scaled,660681595a5e,200,8.583776
2026-09-17T05:31:25.581607231Z,book,scaled,348cd506525f,200,9.11364
2026-09-17T05:31:25.642683306Z,book,scaled,660681595a5e,200,9.385046
2026-09-17T05:31:25.702136071Z,book,scaled,a1cb37b7da6b,200,8.884886
2026-09-17T05:31:25.760867417Z,book,scaled,660681595a5e,200,7.836309
2026-09-17T05:31:25.821790993Z,book,scaled,a1cb37b7da6b,200,9.175578
2026-09-17T05:31:25.882034435Z,book,scaled,348cd506525f,200,8.509492
2026-09-17T05:31:25.941988121Z,book,scaled,a1cb37b7da6b,200,8.63014
2026-09-17T05:31:26.001448619Z,book,scaled,348cd506525f,200,7.993104
2026-09-17T05:31:26.062829079Z,book,scaled,660681595a5e,200,9.194099
2026-09-17T05:31:26.121971792Z,book,scaled,348cd506525f,200,8.462249
2026-09-17T05:31:26.181733014Z,book,scaled,660681595a5e,200,8.714445
2026-09-17T05:31:26.242125265Z,book,scaled,a1cb37b7da6b,200,8.698483
2026-09-17T05:31:26.301868818Z,book,scaled,660681595a5e,200,8.893446
2026-09-17T05:31:26.360923475Z,book,scaled,a1cb37b7da6b,200,8.32787
2026-09-17T05:31:26.422067189Z,book,scaled,348cd506525f,200,9.320549
2026-09-17T05:31:26.481181685Z,book,scaled,a1cb37b7da6b,200,8.538082
2026-09-17T05:31:26.5410411Z,book,scaled,348cd506525f,200,8.2482
2026-09-17T05:31:26.601122667Z,book,scaled,660681595a5e,200,8.306409
2026-09-17T05:31:26.661633377Z,book,scaled,348cd506525f,200,8.420089
2026-09-17T05:31:26.723190414Z,book,scaled,660681595a5e,200,9.713937
2026-09-17T05:31:26.781732049Z,book,scaled,a1cb37b7da6b,200,8.942669
2026-09-17T05:31:26.843975269Z,book,scaled,660681595a5e,200,10.616646
2026-09-17T05:31:26.901312687Z,book,scaled,a1cb37b7da6b,200,8.648589
2026-09-17T05:31:26.961495277Z,book,scaled,348cd506525f,200,8.491111
2026-09-17T05:31:27.022324497Z,book,scaled,a1cb37b7da6b,200,8.997528
2026-09-17T05:31:27.083959818Z,book,scaled,348cd506525f,200,10.956656
2026-09-17T05:31:27.140941704Z,book,scaled,660681595a5e,200,8.367793
2026-09-17T05:31:27.202152829Z,book,scaled,348cd506525f,200,9.257249
2026-09-17T05:31:27.261539036Z,book,scaled,660681595a5e,200,8.760448
2026-09-17T05:31:27.323841419Z,book,scaled,a1cb37b7da6b,200,10.54115
2026-09-17T05:31:27.382034453Z,book,scaled,660681595a5e,200,8.660931
2026-09-17T05:31:27.442487039Z,book,scaled,a1cb37b7da6b,200,8.94809
2026-09-17T05:31:27.502046308Z,book,scaled,348cd506525f,200,9.018532
2026-09-17T05:31:27.560433939Z,book,scaled,a1cb37b7da6b,200,7.809602
2026-09-17T05:31:27.622388766Z,book,scaled,348cd506525f,200,9.289922
2026-09-17T05:31:27.682483799Z,book,scaled,660681595a5e,200,9.496614
2026-09-17T05:31:27.741889248Z,book,scaled,348cd506525f,200,8.560143
2026-09-17T05:31:27.802497001Z,book,scaled,660681595a5e,200,9.077593
2026-09-17T05:31:27.862412217Z,book,scaled,a1cb37b7da6b,200,9.241198
2026-09-17T05:31:27.922947158Z,book,scaled,660681595a5e,200,9.855456
2026-09-17T05:31:27.981865646Z,book,scaled,a1cb37b7da6b,200,8.31517
2026-09-17T05:31:28.042220617Z,book,scaled,348cd506525f,200,9.324693
2026-09-17T05:31:28.101350077Z,book,scaled,a1cb37b7da6b,200,8.217203
2026-09-17T05:31:28.161766222Z,book,scaled,348cd506525f,200,8.613066
2026-09-17T05:31:28.222549346Z,book,scaled,660681595a5e,200,9.02812
2026-09-17T05:31:28.281392914Z,book,scaled,348cd506525f,200,8.309969
2026-09-17T05:31:28.3416973Z,book,scaled,660681595a5e,200,8.557363
2026-09-17T05:31:28.40116512Z,book,scaled,a1cb37b7da6b,200,7.961653
2026-09-17T05:31:28.462642176Z,book,scaled,660681595a5e,200,9.858878
2026-09-17T05:31:28.521449671Z,book,scaled,a1cb37b7da6b,200,8.093495
2026-09-17T05:31:28.581150322Z,book,scaled,348cd506525f,200,8.059857
2026-09-17T05:31:28.641216256Z,book,scaled,a1cb37b7da6b,200,8.356036
2026-09-17T05:31:28.702171296Z,book,scaled,348cd506525f,200,9.022509
2026-09-17T05:31:28.761202154Z,book,scaled,660681595a5e,200,8.400359
2026-09-17T05:31:28.821935041Z,book,scaled,348cd506525f,200,9.104394
2026-09-17T05:31:28.883281927Z,book,scaled,660681595a5e,200,10.550466
2026-09-17T05:31:28.942738576Z,book,scaled,a1cb37b7da6b,200,9.529636
2026-09-17T05:31:29.001670211Z,book,scaled,660681595a5e,200,8.409404
2026-09-17T05:31:29.063039501Z,book,scaled,a1cb37b7da6b,200,9.617827
2026-09-17T05:31:29.126546244Z,book,scaled,348cd506525f,200,12.867636
2026-09-17T05:31:29.18368935Z,book,scaled,a1cb37b7da6b,200,10.389146
2026-09-17T05:31:29.243598724Z,book,scaled,348cd506525f,200,10.316271
2026-09-17T05:31:29.3013523Z,book,scaled,660681595a5e,200,8.184715
2026-09-17T05:31:29.361493498Z,book,scaled,348cd506525f,200,8.469498
2026-09-17T05:31:29.421408173Z,book,scaled,660681595a5e,200,8.313414
2026-09-17T05:31:29.482324917Z,book,scaled,a1cb37b7da6b,200,9.199586
2026-09-17T05:31:29.542136239Z,book,scaled,660681595a5e,200,9.20419
2026-09-17T05:31:29.601670268Z,book,scaled,a1cb37b7da6b,200,8.758371
2026-09-17T05:31:29.662772539Z,book,scaled,348cd506525f,200,9.328729
2026-09-17T05:31:29.722154169Z,book,scaled,a1cb37b7da6b,200,8.804364
2026-09-17T05:31:29.781137743Z,book,scaled,348cd506525f,200,8.459682
2026-09-17T05:31:29.841636196Z,book,scaled,660681595a5e,200,8.87844
2026-09-17T05:31:29.90240479Z,book,scaled,348cd506525f,200,8.96827
2026-09-17T05:31:29.96232635Z,book,scaled,660681595a5e,200,8.97326
2026-09-17T05:31:30.021758203Z,book,scaled,a1cb37b7da6b,200,8.914122
2026-09-17T05:31:30.082240194Z,book,scaled,660681595a5e,200,8.848908
2026-09-17T05:31:30.141213538Z,book,scaled,a1cb37b7da6b,200,8.470563
2026-09-17T05:31:30.200591687Z,book,scaled,348cd506525f,200,7.707714
2026-09-17T05:31:30.262448216Z,book,scaled,a1cb37b7da6b,200,8.950474
2026-09-17T05:31:30.321636474Z,book,scaled,348cd506525f,200,8.606862
2026-09-17T05:31:30.382409693Z,book,scaled,660681595a5e,200,9.167938
2026-09-17T05:31:30.441401638Z,book,scaled,348cd506525f,200,8.357015
2026-09-17T05:31:30.502824099Z,book,scaled,660681595a5e,200,9.760166
2026-09-17T05:31:30.561641703Z,book,scaled,a1cb37b7da6b,200,8.239819
2026-09-17T05:31:30.621685845Z,book,scaled,660681595a5e,200,8.442113
2026-09-17T05:31:30.683421526Z,book,scaled,a1cb37b7da6b,200,9.973042
2026-09-17T05:31:30.741110088Z,book,scaled,348cd506525f,200,7.892478
2026-09-17T05:31:30.801451119Z,book,scaled,a1cb37b7da6b,200,8.70324
2026-09-17T05:31:30.863835112Z,book,scaled,348cd506525f,200,10.630893
2026-09-17T05:31:30.922043936Z,book,scaled,660681595a5e,200,8.669628
2026-09-17T05:31:30.981848152Z,book,scaled,348cd506525f,200,9.093394
2026-09-17T05:31:31.042066076Z,book,scaled,660681595a5e,200,8.655515
2026-09-17T05:31:31.102105938Z,book,scaled,a1cb37b7da6b,200,9.488614
2026-09-17T05:31:31.161503588Z,book,scaled,660681595a5e,200,8.839807
2026-09-17T05:31:31.223020765Z,book,scaled,a1cb37b7da6b,200,9.83692
2026-09-17T05:31:31.281812548Z,book,scaled,348cd506525f,200,9.139586
2026-09-17T05:31:31.342578276Z,book,scaled,a1cb37b7da6b,200,8.942233
2026-09-17T05:31:31.401567211Z,book,scaled,348cd506525f,200,8.292547
2026-09-17T05:31:31.461622754Z,book,scaled,660681595a5e,200,8.404589
2026-09-17T05:31:31.524132245Z,book,scaled,348cd506525f,200,10.441379
2026-09-17T05:31:31.581467304Z,book,scaled,660681595a5e,200,8.474883
2026-09-17T05:31:31.643099718Z,book,scaled,a1cb37b7da6b,200,9.907195
2026-09-17T05:31:31.701184275Z,book,scaled,660681595a5e,200,8.407693
2026-09-17T05:31:31.7625228Z,book,scaled,a1cb37b7da6b,200,9.35678
2026-09-17T05:31:31.822334008Z,book,scaled,348cd506525f,200,9.054001
2026-09-17T05:31:31.882477407Z,book,scaled,a1cb37b7da6b,200,9.242243
2026-09-17T05:31:31.943170846Z,book,scaled,348cd506525f,200,9.874738
2026-09-17T05:31:32.003097776Z,book,scaled,660681595a5e,200,9.90621
2026-09-17T05:31:32.063055703Z,book,scaled,348cd506525f,200,9.859902
2026-09-17T05:31:32.123159419Z,book,scaled,660681595a5e,200,9.622267
2026-09-17T05:31:32.180694941Z,book,scaled,a1cb37b7da6b,200,7.783169
2026-09-17T05:31:32.2428716Z,book,scaled,660681595a5e,200,9.280635
2026-09-17T05:31:32.303085993Z,book,scaled,a1cb37b7da6b,200,9.614126
2026-09-17T05:31:32.362796584Z,book,scaled,348cd506525f,200,10.082106
2026-09-17T05:31:32.424377455Z,book,scaled,a1cb37b7da6b,200,10.987105
2026-09-17T05:31:32.482321503Z,book,scaled,348cd506525f,200,9.329098
2026-09-17T05:31:32.543785347Z,book,scaled,660681595a5e,200,10.60496
2026-09-17T05:31:32.603390851Z,book,scaled,348cd506525f,200,9.878813
2026-09-17T05:31:32.662064236Z,book,scaled,660681595a5e,200,8.935793
2026-09-17T05:31:32.722568687Z,book,scaled,a1cb37b7da6b,200,9.902585
2026-09-17T05:31:32.781444395Z,book,scaled,660681595a5e,200,8.209656
2026-09-17T05:31:32.841920906Z,book,scaled,a1cb37b7da6b,200,8.861458
2026-09-17T05:31:32.903562271Z,book,scaled,348cd506525f,200,10.660554
2026-09-17T05:31:32.961955247Z,book,scaled,a1cb37b7da6b,200,8.551239
2026-09-17T05:31:33.022293429Z,book,scaled,348cd506525f,200,9.751416
2026-09-17T05:31:33.082925399Z,book,scaled,660681595a5e,200,9.82465
2026-09-17T05:31:33.143326361Z,book,scaled,348cd506525f,200,9.835656
2026-09-17T05:31:33.203816155Z,book,scaled,660681595a5e,200,10.440699
2026-09-17T05:31:33.261263556Z,book,scaled,a1cb37b7da6b,200,7.603443
2026-09-17T05:31:33.321989507Z,book,scaled,660681595a5e,200,9.04351
2026-09-17T05:31:33.381932493Z,book,scaled,a1cb37b7da6b,200,9.133426
2026-09-17T05:31:33.441480974Z,book,scaled,348cd506525f,200,8.698034
2026-09-17T05:31:33.501069278Z,book,scaled,a1cb37b7da6b,200,7.942879
2026-09-17T05:31:33.560883705Z,book,scaled,348cd506525f,200,8.026862
2026-09-17T05:31:33.621959654Z,book,scaled,660681595a5e,200,9.296638
2026-09-17T05:31:33.682218155Z,book,scaled,348cd506525f,200,9.588381
2026-09-17T05:31:33.741254658Z,book,scaled,660681595a5e,200,8.444323
2026-09-17T05:31:33.800862563Z,book,scaled,a1cb37b7da6b,200,7.882167
2026-09-17T05:31:33.862630746Z,book,scaled,660681595a5e,200,9.223854
2026-09-17T05:31:33.923127106Z,book,scaled,a1cb37b7da6b,200,9.878584
2026-09-17T05:31:33.981098855Z,book,scaled,348cd506525f,200,8.275401
2026-09-17T05:31:34.04241815Z,book,scaled,a1cb37b7da6b,200,9.82292
2026-09-17T05:31:34.102467792Z,book,scaled,348cd506525f,200,9.409644
2026-09-17T05:31:34.162426649Z,book,scaled,660681595a5e,200,9.285845
2026-09-17T05:31:34.22127981Z,book,scaled,348cd506525f,200,8.042411
2026-09-17T05:31:34.280712228Z,book,scaled,660681595a5e,200,8.007863
2026-09-17T05:31:34.342242336Z,book,scaled,a1cb37b7da6b,200,8.916172
2026-09-17T05:31:34.402099842Z,book,scaled,660681595a5e,200,9.123445
2026-09-17T05:31:34.460862071Z,book,scaled,a1cb37b7da6b,200,8.241438
2026-09-17T05:31:34.523413472Z,book,scaled,348cd506525f,200,9.992131
2026-09-17T05:31:34.581976978Z,book,scaled,a1cb37b7da6b,200,8.875629
2026-09-17T05:31:34.643846437Z,book,scaled,348cd506525f,200,10.427379
2026-09-17T05:31:34.701413151Z,book,scaled,660681595a5e,200,8.028636
2026-09-17T05:31:34.762003358Z,book,scaled,348cd506525f,200,8.969825
2026-09-17T05:31:34.822132146Z,book,scaled,660681595a5e,200,8.526116
2026-09-17T05:31:34.88251589Z,book,scaled,a1cb37b7da6b,200,9.691981
2026-09-17T05:31:34.942518081Z,book,scaled,660681595a5e,200,9.392872
2026-09-17T05:31:35.002088642Z,book,scaled,a1cb37b7da6b,200,8.89304
2026-09-17T05:31:35.061412638Z,book,scaled,348cd506525f,200,8.839497
2026-09-17T05:31:35.121725128Z,book,scaled,a1cb37b7da6b,200,8.673516
2026-09-17T05:31:35.181659583Z,book,scaled,348cd506525f,200,8.466993
2026-09-17T05:31:35.240984989Z,book,scaled,660681595a5e,200,7.606427
2026-09-17T05:31:35.300882533Z,book,scaled,348cd506525f,200,7.839852
2026-09-17T05:31:35.362288064Z,book,scaled,660681595a5e,200,8.754591
2026-09-17T05:31:35.422166514Z,book,scaled,a1cb37b7da6b,200,8.594642
2026-09-17T05:31:35.481037051Z,book,scaled,660681595a5e,200,8.058337
2026-09-17T05:31:35.541386764Z,book,scaled,a1cb37b7da6b,200,8.410465
2026-09-17T05:31:35.602804235Z,book,scaled,348cd506525f,200,9.758695
2026-09-17T05:31:35.66319979Z,book,scaled,a1cb37b7da6b,200,9.756886
2026-09-17T05:31:35.720428262Z,book,scaled,348cd506525f,200,7.816491
2026-09-17T05:31:35.782309512Z,book,scaled,660681595a5e,200,9.264473
2026-09-17T05:31:35.841698183Z,book,scaled,348cd506525f,200,8.661835
2026-09-17T05:31:35.902551217Z,book,scaled,660681595a5e,200,9.04483
2026-09-17T05:31:35.961594716Z,book,scaled,a1cb37b7da6b,200,8.492124
2026-09-17T05:31:36.021250443Z,book,scaled,660681595a5e,200,7.856654
2026-09-17T05:31:36.082378525Z,book,scaled,a1cb37b7da6b,200,9.340649
2026-09-17T05:31:36.142396057Z,book,scaled,348cd506525f,200,8.952064
2026-09-17T05:31:36.201943216Z,book,scaled,a1cb37b7da6b,200,8.553958
2026-09-17T05:31:36.263381709Z,book,scaled,348cd506525f,200,9.781477
2026-09-17T05:31:36.322284277Z,book,scaled,660681595a5e,200,9.075947
2026-09-17T05:31:36.382459728Z,book,scaled,348cd506525f,200,9.489168
2026-09-17T05:31:36.44171103Z,book,scaled,660681595a5e,200,8.562221
2026-09-17T05:31:36.502042856Z,book,scaled,a1cb37b7da6b,200,8.581537
2026-09-17T05:31:36.562335221Z,book,scaled,660681595a5e,200,9.766471
2026-09-17T05:31:36.621825757Z,book,scaled,a1cb37b7da6b,200,8.737704
2026-09-17T05:31:36.682116486Z,book,scaled,348cd506525f,200,8.747663
2026-09-17T05:31:36.741577441Z,book,scaled,a1cb37b7da6b,200,8.493803
2026-09-17T05:31:36.802494252Z,book,scaled,348cd506525f,200,9.281097
2026-09-17T05:31:36.863163555Z,book,scaled,660681595a5e,200,9.825365
2026-09-17T05:31:36.922160321Z,book,scaled,348cd506525f,200,9.369295
2026-09-17T05:31:36.981054519Z,book,scaled,660681595a5e,200,8.178326
2026-09-17T05:31:37.041642168Z,book,scaled,a1cb37b7da6b,200,8.851772
2026-09-17T05:31:37.102488133Z,book,scaled,660681595a5e,200,9.122768
2026-09-17T05:31:37.162227202Z,book,scaled,a1cb37b7da6b,200,9.110083
2026-09-17T05:31:37.22242638Z,book,scaled,348cd506525f,200,9.259078
2026-09-17T05:31:37.282051837Z,book,scaled,a1cb37b7da6b,200,8.795688
2026-09-17T05:31:37.340566491Z,book,scaled,348cd506525f,200,7.890219
2026-09-17T05:31:37.402341524Z,book,scaled,660681595a5e,200,8.888354
2026-09-17T05:31:37.462611603Z,book,scaled,348cd506525f,200,9.669964
2026-09-17T05:31:37.522627533Z,book,scaled,660681595a5e,200,9.428917
2026-09-17T05:31:37.581541313Z,book,scaled,a1cb37b7da6b,200,8.295456
2026-09-17T05:31:37.642405489Z,book,scaled,660681595a5e,200,8.926117
2026-09-17T05:31:37.701620618Z,book,scaled,a1cb37b7da6b,200,8.441324
2026-09-17T05:31:37.761147919Z,book,scaled,348cd506525f,200,7.678096
2026-09-17T05:31:37.822283301Z,book,scaled,a1cb37b7da6b,200,9.403455
2026-09-17T05:31:37.882535698Z,book,scaled,348cd506525f,200,9.30003
2026-09-17T05:31:37.943412785Z,book,scaled,660681595a5e,200,10.301705
2026-09-17T05:31:38.00117265Z,book,scaled,348cd506525f,200,7.942192
2026-09-17T05:31:38.061458266Z,book,scaled,660681595a5e,200,8.680167
2026-09-17T05:31:38.121300489Z,book,scaled,a1cb37b7da6b,200,8.042239
2026-09-17T05:31:38.181420239Z,book,scaled,660681595a5e,200,8.439105
2026-09-17T05:31:38.243725446Z,book,scaled,a1cb37b7da6b,200,10.52423
2026-09-17T05:31:38.301593349Z,book,scaled,348cd506525f,200,8.245931
2026-09-17T05:31:38.361460122Z,book,scaled,a1cb37b7da6b,200,8.093232
2026-09-17T05:31:38.423129979Z,book,scaled,348cd506525f,200,9.882427
2026-09-17T05:31:38.481478514Z,book,scaled,660681595a5e,200,8.715473
2026-09-17T05:31:38.542624698Z,book,scaled,348cd506525f,200,9.12514
2026-09-17T05:31:38.601380617Z,book,scaled,660681595a5e,200,8.035247
2026-09-17T05:31:38.661964582Z,book,scaled,a1cb37b7da6b,200,8.931803
2026-09-17T05:31:38.721978676Z,book,scaled,660681595a5e,200,8.453006
2026-09-17T05:31:38.78203564Z,book,scaled,a1cb37b7da6b,200,8.386901
2026-09-17T05:31:38.842118006Z,book,scaled,348cd506525f,200,9.529075
2026-09-17T05:31:38.901857118Z,book,scaled,a1cb37b7da6b,200,8.705491
2026-09-17T05:31:38.963034885Z,book,scaled,348cd506525f,200,9.503534
2026-09-17T05:31:39.021842237Z,book,scaled,660681595a5e,200,8.356974
2026-09-17T05:31:39.082788609Z,book,scaled,348cd506525f,200,9.257667
2026-09-17T05:31:39.142093904Z,book,scaled,660681595a5e,200,8.587264
2026-09-17T05:31:39.202433956Z,book,scaled,a1cb37b7da6b,200,9.587547
2026-09-17T05:31:39.26526341Z,book,scaled,660681595a5e,200,12.135033
2026-09-17T05:31:39.322170185Z,book,scaled,a1cb37b7da6b,200,9.411123
2026-09-17T05:31:39.382495752Z,book,scaled,348cd506525f,200,9.76531
2026-09-17T05:31:39.443111722Z,book,scaled,a1cb37b7da6b,200,9.966224
2026-09-17T05:31:39.502069089Z,book,scaled,348cd506525f,200,9.156235
2026-09-17T05:31:39.564677805Z,book,scaled,660681595a5e,200,11.508259
2026-09-17T05:31:39.622529361Z,book,scaled,348cd506525f,200,9.264944
2026-09-17T05:31:39.683019617Z,book,scaled,660681595a5e,200,9.708111
2026-09-17T05:31:39.742015543Z,book,scaled,a1cb37b7da6b,200,8.44394
2026-09-17T05:31:39.802935832Z,book,scaled,660681595a5e,200,10.224579
2026-09-17T05:31:39.8616504Z,book,scaled,a1cb37b7da6b,200,8.099873
2026-09-17T05:31:39.923484868Z,book,scaled,348cd506525f,200,10.22206
2026-09-17T05:31:39.982605452Z,book,scaled,a1cb37b7da6b,200,9.125898
2026-09-17T05:31:40.044120821Z,book,scaled,348cd506525f,200,10.670529
2026-09-17T05:31:40.101332075Z,book,scaled,660681595a5e,200,8.581607
2026-09-17T05:31:40.165766647Z,book,scaled,348cd506525f,200,12.343247
2026-09-17T05:31:40.222022606Z,book,scaled,660681595a5e,200,8.638928
2026-09-17T05:31:40.281185963Z,book,scaled,a1cb37b7da6b,200,8.469527
2026-09-17T05:31:40.342554019Z,book,scaled,660681595a5e,200,9.513894
2026-09-17T05:31:40.403055073Z,book,scaled,a1cb37b7da6b,200,9.492381
2026-09-17T05:31:40.462258423Z,book,scaled,348cd506525f,200,8.653009
2026-09-17T05:31:40.521355334Z,book,scaled,a1cb37b7da6b,200,8.294483
2026-09-17T05:31:40.582250552Z,book,scaled,348cd506525f,200,9.215659
2026-09-17T05:31:40.642091702Z,book,scaled,660681595a5e,200,9.261218
2026-09-17T05:31:40.70176033Z,book,scaled,348cd506525f,200,8.670868
2026-09-17T05:31:40.763227636Z,book,scaled,660681595a5e,200,9.493583
2026-09-17T05:31:40.821891469Z,book,scaled,a1cb37b7da6b,200,8.883374
2026-09-17T05:31:40.88172902Z,book,scaled,660681595a5e,200,8.760495
2026-09-17T05:31:40.94327718Z,book,scaled,a1cb37b7da6b,200,9.867438
2026-09-17T05:31:41.002876814Z,book,scaled,348cd506525f,200,9.738107
2026-09-17T05:31:41.061545099Z,book,scaled,a1cb37b7da6b,200,8.117574
2026-09-17T05:31:41.122672101Z,book,scaled,348cd506525f,200,9.264507
2026-09-17T05:31:41.184311197Z,book,scaled,660681595a5e,200,10.85251
2026-09-17T05:31:41.241954736Z,book,scaled,348cd506525f,200,8.864933
2026-09-17T05:31:41.302239794Z,book,scaled,660681595a5e,200,8.832849
2026-09-17T05:31:41.360977804Z,book,scaled,a1cb37b7da6b,200,8.260508
2026-09-17T05:31:41.422747697Z,book,scaled,660681595a5e,200,9.256497
2026-09-17T05:31:41.482114217Z,book,scaled,a1cb37b7da6b,200,8.415693
2026-09-17T05:31:41.541577332Z,book,scaled,348cd506525f,200,8.795448
2026-09-17T05:31:41.601960296Z,book,scaled,a1cb37b7da6b,200,8.847419
2026-09-17T05:31:41.662908289Z,book,scaled,348cd506525f,200,9.147505
2026-09-17T05:31:41.721473326Z,book,scaled,660681595a5e,200,8.118544
2026-09-17T05:31:41.781301576Z,book,scaled,348cd506525f,200,8.20614
2026-09-17T05:31:41.841679609Z,book,scaled,660681595a5e,200,8.655599
2026-09-17T05:31:41.905537269Z,book,scaled,a1cb37b7da6b,200,11.963256
2026-09-17T05:31:41.962089588Z,book,scaled,660681595a5e,200,8.907836
2026-09-17T05:31:42.021551453Z,book,scaled,a1cb37b7da6b,200,8.871251
2026-09-17T05:31:42.083417784Z,book,scaled,348cd506525f,200,10.294164
2026-09-17T05:31:42.142332894Z,book,scaled,a1cb37b7da6b,200,9.092708
2026-09-17T05:31:42.20243626Z,book,scaled,348cd506525f,200,9.226565
2026-09-17T05:31:42.262385799Z,book,scaled,660681595a5e,200,9.115619
2026-09-17T05:31:42.322784795Z,book,scaled,348cd506525f,200,9.582769
2026-09-17T05:31:42.381436693Z,book,scaled,660681595a5e,200,8.059845
2026-09-17T05:31:42.442601412Z,book,scaled,a1cb37b7da6b,200,9.439915
2026-09-17T05:31:42.502565082Z,book,scaled,660681595a5e,200,9.259136
2026-09-17T05:31:42.562102404Z,book,scaled,a1cb37b7da6b,200,8.888279
2026-09-17T05:31:42.62158947Z,book,scaled,348cd506525f,200,8.642841
2026-09-17T05:31:42.681868629Z,book,scaled,a1cb37b7da6b,200,8.425304
2026-09-17T05:31:42.741741181Z,book,scaled,348cd506525f,200,9.14698
2026-09-17T05:31:42.802552893Z,book,scaled,660681595a5e,200,9.110617
2026-09-17T05:31:42.861522469Z,book,scaled,348cd506525f,200,7.979081
2026-09-17T05:31:42.922857554Z,book,scaled,660681595a5e,200,9.604449
2026-09-17T05:31:42.982427626Z,book,scaled,a1cb37b7da6b,200,8.954847
2026-09-17T05:31:43.042746907Z,book,scaled,660681595a5e,200,9.685184
2026-09-17T05:31:43.10265562Z,book,scaled,a1cb37b7da6b,200,9.276567
2026-09-17T05:31:43.162257582Z,book,scaled,348cd506525f,200,8.951928
2026-09-17T05:31:43.223831757Z,book,scaled,a1cb37b7da6b,200,10.824627
2026-09-17T05:31:43.280604695Z,book,scaled,348cd506525f,200,8.038574
2026-09-17T05:31:43.341713591Z,book,scaled,660681595a5e,200,8.513039
2026-09-17T05:31:43.401860626Z,book,scaled,348cd506525f,200,8.438909
2026-09-17T05:31:43.461801888Z,book,scaled,660681595a5e,200,8.415743
2026-09-17T05:31:43.521785696Z,book,scaled,a1cb37b7da6b,200,8.190798
2026-09-17T05:31:43.580400308Z,book,scaled,660681595a5e,200,7.874169
2026-09-17T05:31:43.642102942Z,book,scaled,a1cb37b7da6b,200,9.138464
2026-09-17T05:31:43.701969609Z,book,scaled,348cd506525f,200,9.237585
2026-09-17T05:31:43.762719738Z,book,scaled,a1cb37b7da6b,200,9.276658
2026-09-17T05:31:43.822192514Z,book,scaled,348cd506525f,200,8.584003
2026-09-17T05:31:43.88181487Z,book,scaled,660681595a5e,200,8.765766
2026-09-17T05:31:43.944165072Z,book,scaled,348cd506525f,200,10.697839
2026-09-17T05:31:44.002527015Z,book,scaled,660681595a5e,200,9.707615
2026-09-17T05:31:44.061842392Z,book,scaled,a1cb37b7da6b,200,8.615966
2026-09-17T05:31:44.121733254Z,book,scaled,660681595a5e,200,7.989088
2026-09-17T05:31:44.182546957Z,book,scaled,a1cb37b7da6b,200,9.238396
2026-09-17T05:31:44.2422719Z,book,scaled,348cd506525f,200,9.143841
2026-09-17T05:31:44.302766371Z,book,scaled,a1cb37b7da6b,200,9.740517
2026-09-17T05:31:44.361934579Z,book,scaled,348cd506525f,200,8.637368
2026-09-17T05:31:44.422121691Z,book,scaled,660681595a5e,200,8.546071
2026-09-17T05:31:44.481822592Z,book,scaled,348cd506525f,200,9.194873
2026-09-17T05:31:44.54215954Z,book,scaled,660681595a5e,200,9.428852
2026-09-17T05:31:44.602088983Z,book,scaled,a1cb37b7da6b,200,8.425329
2026-09-17T05:31:44.661991905Z,book,scaled,660681595a5e,200,9.191457
2026-09-17T05:31:44.721633099Z,book,scaled,a1cb37b7da6b,200,9.013616
2026-09-17T05:31:44.781641228Z,book,scaled,348cd506525f,200,8.287609
2026-09-17T05:31:44.84185763Z,book,scaled,a1cb37b7da6b,200,8.73485
2026-09-17T05:31:44.902705682Z,book,scaled,348cd506525f,200,9.325245
2026-09-17T05:31:44.962064179Z,book,scaled,660681595a5e,200,8.641822
2026-09-17T05:31:45.022632923Z,book,scaled,348cd506525f,200,8.963124
2026-09-17T05:31:45.082451291Z,book,scaled,660681595a5e,200,9.232661
2026-09-17T05:31:45.143357347Z,book,scaled,a1cb37b7da6b,200,10.15284
2026-09-17T05:31:45.202141967Z,book,scaled,660681595a5e,200,8.963953
2026-09-17T05:31:45.261304712Z,book,scaled,a1cb37b7da6b,200,8.242028
2026-09-17T05:31:45.321876356Z,book,scaled,348cd506525f,200,8.959553
2026-09-17T05:31:45.380690163Z,book,scaled,a1cb37b7da6b,200,7.858709
2026-09-17T05:31:45.441801498Z,book,scaled,348cd506525f,200,8.345165
2026-09-17T05:31:45.501625995Z,book,scaled,660681595a5e,200,8.341375
2026-09-17T05:31:45.561593101Z,book,scaled,348cd506525f,200,8.355144
2026-09-17T05:31:45.621885568Z,book,scaled,660681595a5e,200,8.506625
2026-09-17T05:31:45.682235819Z,book,scaled,a1cb37b7da6b,200,9.684359
2026-09-17T05:31:45.742431089Z,book,scaled,660681595a5e,200,9.554002
2026-09-17T05:31:45.802640839Z,book,scaled,a1cb37b7da6b,200,9.38448
2026-09-17T05:31:45.862463826Z,book,scaled,348cd506525f,200,9.342178
2026-09-17T05:31:45.922234824Z,book,scaled,a1cb37b7da6b,200,8.887483
2026-09-17T05:31:45.98149748Z,book,scaled,348cd506525f,200,8.546867
2026-09-17T05:31:46.042367674Z,book,scaled,660681595a5e,200,9.212446
2026-09-17T05:31:46.101036287Z,book,scaled,348cd506525f,200,8.216237
2026-09-17T05:31:46.162451305Z,book,scaled,660681595a5e,200,9.337417
2026-09-17T05:31:46.22225407Z,book,scaled,a1cb37b7da6b,200,9.175647
2026-09-17T05:31:46.281331579Z,book,scaled,660681595a5e,200,8.557777
2026-09-17T05:31:46.341593343Z,book,scaled,a1cb37b7da6b,200,8.649143
2026-09-17T05:31:46.401663335Z,book,scaled,348cd506525f,200,8.346823
2026-09-17T05:31:46.46192999Z,book,scaled,a1cb37b7da6b,200,8.484254
2026-09-17T05:31:46.523450315Z,book,scaled,348cd506525f,200,9.790977
2026-09-17T05:31:46.584389913Z,book,scaled,660681595a5e,200,11.257161
2026-09-17T05:31:46.643713768Z,book,scaled,348cd506525f,200,10.568856
2026-09-17T05:31:46.703709905Z,book,scaled,660681595a5e,200,10.216214
2026-09-17T05:31:46.763983141Z,book,scaled,a1cb37b7da6b,200,10.538408
2026-09-17T05:31:46.822876648Z,book,scaled,660681595a5e,200,9.37466
2026-09-17T05:31:46.883280987Z,book,scaled,a1cb37b7da6b,200,9.712976
2026-09-17T05:31:46.94344237Z,book,scaled,348cd506525f,200,10.280653
2026-09-17T05:31:47.003505858Z,book,scaled,a1cb37b7da6b,200,10.238181
2026-09-17T05:31:47.062974805Z,book,scaled,348cd506525f,200,9.481837
2026-09-17T05:31:47.122855406Z,book,scaled,660681595a5e,200,9.95199
2026-09-17T05:31:47.182300708Z,book,scaled,348cd506525f,200,8.950854
2026-09-17T05:31:47.241591865Z,book,scaled,660681595a5e,200,8.391671
2026-09-17T05:31:47.302829323Z,book,scaled,a1cb37b7da6b,200,9.044366
2026-09-17T05:31:47.362265009Z,book,scaled,660681595a5e,200,8.901539
2026-09-17T05:31:47.423345735Z,book,scaled,a1cb37b7da6b,200,10.313088
2026-09-17T05:31:47.482725533Z,book,scaled,348cd506525f,200,9.668008
2026-09-17T05:31:47.542035587Z,book,scaled,a1cb37b7da6b,200,9.41352
2026-09-17T05:31:47.603065582Z,book,scaled,348cd506525f,200,10.057418
2026-09-17T05:31:47.662424907Z,book,scaled,660681595a5e,200,9.554559
2026-09-17T05:31:47.722662221Z,book,scaled,348cd506525f,200,9.469916
2026-09-17T05:31:47.781991155Z,book,scaled,660681595a5e,200,8.599335
2026-09-17T05:31:47.841756019Z,book,scaled,a1cb37b7da6b,200,9.191147
2026-09-17T05:31:47.902068115Z,book,scaled,660681595a5e,200,8.659302
2026-09-17T05:31:47.96090673Z,book,scaled,a1cb37b7da6b,200,8.304441
2026-09-17T05:31:48.023063485Z,book,scaled,348cd506525f,200,9.746614
2026-09-17T05:31:48.08300525Z,book,scaled,a1cb37b7da6b,200,9.875724
2026-09-17T05:31:48.14166273Z,book,scaled,348cd506525f,200,9.006834
2026-09-17T05:31:48.202027132Z,book,scaled,660681595a5e,200,8.701867
2026-09-17T05:31:48.262202521Z,book,scaled,348cd506525f,200,9.216987
2026-09-17T05:31:48.324511128Z,book,scaled,660681595a5e,200,11.698109
2026-09-17T05:31:48.381757998Z,book,scaled,a1cb37b7da6b,200,8.512734
2026-09-17T05:31:48.44276032Z,book,scaled,660681595a5e,200,8.988059
2026-09-17T05:31:48.502003019Z,book,scaled,a1cb37b7da6b,200,8.537228
2026-09-17T05:31:48.561530847Z,book,scaled,348cd506525f,200,8.551938
2026-09-17T05:31:48.622616154Z,book,scaled,a1cb37b7da6b,200,9.464445
2026-09-17T05:31:48.682851377Z,book,scaled,348cd506525f,200,9.203628
2026-09-17T05:31:48.743495916Z,book,scaled,660681595a5e,200,10.121907
2026-09-17T05:31:48.801007435Z,book,scaled,348cd506525f,200,7.863072
2026-09-17T05:31:48.860768837Z,book,scaled,660681595a5e,200,8.549687
2026-09-17T05:31:48.920464041Z,book,scaled,a1cb37b7da6b,200,9.252248
2026-09-17T05:31:48.979987453Z,book,scaled,660681595a5e,200,8.642593
2026-09-17T05:31:49.040657544Z,book,scaled,a1cb37b7da6b,200,9.154726
2026-09-17T05:31:49.100220524Z,book,scaled,348cd506525f,200,8.940994
2026-09-17T05:31:49.16129611Z,book,scaled,a1cb37b7da6b,200,9.497928
2026-09-17T05:31:49.220529971Z,book,scaled,348cd506525f,200,8.529757
2026-09-17T05:31:49.280541321Z,book,scaled,660681595a5e,200,8.502735
2026-09-17T05:31:49.341827081Z,book,scaled,348cd506525f,200,9.707587
2026-09-17T05:31:49.401253872Z,book,scaled,660681595a5e,200,9.422633
2026-09-17T05:31:49.460660846Z,book,scaled,a1cb37b7da6b,200,8.8483
2026-09-17T05:31:49.520733338Z,book,scaled,660681595a5e,200,8.590114
2026-09-17T05:31:49.579733427Z,book,scaled,a1cb37b7da6b,200,8.364074
2026-09-17T05:31:49.641646557Z,book,scaled,348cd506525f,200,10.399556
2026-09-17T05:31:49.700419167Z,book,scaled,a1cb37b7da6b,200,9.083151
2026-09-17T05:31:49.761513195Z,book,scaled,348cd506525f,200,9.423213
2026-09-17T05:31:49.820142684Z,book,scaled,660681595a5e,200,8.900578
2026-09-17T05:31:49.881889094Z,book,scaled,348cd506525f,200,10.181292
2026-09-17T05:31:49.941284484Z,book,scaled,660681595a5e,200,9.46711
2026-09-17T05:31:50.00014168Z,book,scaled,a1cb37b7da6b,200,8.051295
2026-09-17T05:31:50.061763216Z,book,scaled,660681595a5e,200,10.077199
2026-09-17T05:31:50.120025086Z,book,scaled,a1cb37b7da6b,200,8.353154
2026-09-17T05:31:50.180656635Z,book,scaled,348cd506525f,200,8.871408
2026-09-17T05:31:50.241313505Z,book,scaled,a1cb37b7da6b,200,9.554981
2026-09-17T05:31:50.299801096Z,book,scaled,348cd506525f,200,7.996886
2026-09-17T05:31:50.360464856Z,book,scaled,660681595a5e,200,8.985254
2026-09-17T05:31:50.420353618Z,book,scaled,348cd506525f,200,8.060205
2026-09-17T05:31:50.481136205Z,book,scaled,660681595a5e,200,9.056039
2026-09-17T05:31:50.540525873Z,book,scaled,a1cb37b7da6b,200,8.470182
2026-09-17T05:31:50.600563642Z,book,scaled,660681595a5e,200,8.383276
2026-09-17T05:31:50.6605553Z,book,scaled,a1cb37b7da6b,200,8.230607
2026-09-17T05:31:50.721895978Z,book,scaled,348cd506525f,200,9.731336
2026-09-17T05:31:50.782347651Z,book,scaled,a1cb37b7da6b,200,10.596678
2026-09-17T05:31:50.840709653Z,book,scaled,348cd506525f,200,8.702736
2026-09-17T05:31:50.899949773Z,book,scaled,660681595a5e,200,7.622268
2026-09-17T05:31:50.959789469Z,book,scaled,348cd506525f,200,8.29456
2026-09-17T05:31:51.019924252Z,book,scaled,660681595a5e,200,8.605285
2026-09-17T05:31:51.08438373Z,book,scaled,a1cb37b7da6b,200,12.873474
2026-09-17T05:31:51.139832947Z,book,scaled,660681595a5e,200,7.8305
2026-09-17T05:31:51.201243344Z,book,scaled,a1cb37b7da6b,200,9.708861
2026-09-17T05:31:51.260917062Z,book,scaled,348cd506525f,200,9.06584
2026-09-17T05:31:51.319900594Z,book,scaled,a1cb37b7da6b,200,8.436339
2026-09-17T05:31:51.381578949Z,book,scaled,348cd506525f,200,9.820428
2026-09-17T05:31:51.441530434Z,book,scaled,660681595a5e,200,9.20129
2026-09-17T05:31:51.501871124Z,book,scaled,348cd506525f,200,9.805886
2026-09-17T05:31:51.55936176Z,book,scaled,660681595a5e,200,7.856132
2026-09-17T05:31:51.61999009Z,book,scaled,a1cb37b7da6b,200,8.082617
2026-09-17T05:31:51.680125006Z,book,scaled,660681595a5e,200,8.374336
2026-09-17T05:31:51.74038285Z,book,scaled,a1cb37b7da6b,200,8.600809
2026-09-17T05:31:51.801036648Z,book,scaled,348cd506525f,200,8.833014
2026-09-17T05:31:51.860717416Z,book,scaled,a1cb37b7da6b,200,8.984214
2026-09-17T05:31:51.920760887Z,book,scaled,348cd506525f,200,8.43106
2026-09-17T05:31:51.98035282Z,book,scaled,660681595a5e,200,9.157135
2026-09-17T05:31:52.040548419Z,book,scaled,348cd506525f,200,8.290571
2026-09-17T05:31:52.102459819Z,book,scaled,660681595a5e,200,10.130926
2026-09-17T05:31:52.161947154Z,book,scaled,a1cb37b7da6b,200,9.877532
2026-09-17T05:31:52.220393063Z,book,scaled,660681595a5e,200,8.340253
2026-09-17T05:31:52.279494632Z,book,scaled,a1cb37b7da6b,200,7.36183
2026-09-17T05:31:52.34073784Z,book,scaled,348cd506525f,200,8.603741
2026-09-17T05:31:52.400620569Z,book,scaled,a1cb37b7da6b,200,8.890678
2026-09-17T05:31:52.461712356Z,book,scaled,348cd506525f,200,9.463084
2026-09-17T05:31:52.520210107Z,book,scaled,660681595a5e,200,8.559557
2026-09-17T05:31:52.580961035Z,book,scaled,348cd506525f,200,8.719737
2026-09-17T05:31:52.640127699Z,book,scaled,660681595a5e,200,8.421658
2026-09-17T05:31:52.70182425Z,book,scaled,a1cb37b7da6b,200,10.068265
2026-09-17T05:31:52.75972575Z,book,scaled,660681595a5e,200,8.000557
2026-09-17T05:31:52.819784027Z,book,scaled,a1cb37b7da6b,200,8.096277
2026-09-17T05:31:52.881046717Z,book,scaled,348cd506525f,200,9.506659
2026-09-17T05:31:52.939777816Z,book,scaled,a1cb37b7da6b,200,7.996061
2026-09-17T05:31:53.000433497Z,book,scaled,348cd506525f,200,8.574479
2026-09-17T05:31:53.06142577Z,book,scaled,660681595a5e,200,9.423004
2026-09-17T05:31:53.120358881Z,book,scaled,348cd506525f,200,9.018046
2026-09-17T05:31:53.179454691Z,book,scaled,660681595a5e,200,8.236257
2026-09-17T05:31:53.241663602Z,book,scaled,a1cb37b7da6b,200,9.69347
2026-09-17T05:31:53.299649683Z,book,scaled,660681595a5e,200,8.350963
2026-09-17T05:31:53.359074275Z,book,scaled,a1cb37b7da6b,200,7.766646
2026-09-17T05:31:53.422611462Z,book,scaled,348cd506525f,200,10.875776
2026-09-17T05:31:53.480946145Z,book,scaled,a1cb37b7da6b,200,8.76638
2026-09-17T05:31:53.540566891Z,book,scaled,348cd506525f,200,8.673394
2026-09-17T05:31:53.599942011Z,book,scaled,660681595a5e,200,7.814941
2026-09-17T05:31:53.660902162Z,book,scaled,348cd506525f,200,9.277868
2026-09-17T05:31:53.721903565Z,book,scaled,660681595a5e,200,10.600688
2026-09-17T05:31:53.779768578Z,book,scaled,a1cb37b7da6b,200,8.293031
2026-09-17T05:31:53.840220745Z,book,scaled,660681595a5e,200,8.92009
2026-09-17T05:31:53.901186026Z,book,scaled,a1cb37b7da6b,200,9.251327
2026-09-17T05:31:53.960214101Z,book,scaled,348cd506525f,200,8.292822
2026-09-17T05:31:54.020093786Z,book,scaled,a1cb37b7da6b,200,8.305591
2026-09-17T05:31:54.080448058Z,book,scaled,348cd506525f,200,8.790217
2026-09-17T05:31:54.141625958Z,book,scaled,660681595a5e,200,9.461413
2026-09-17T05:31:54.20113198Z,book,scaled,348cd506525f,200,9.790737
2026-09-17T05:31:54.261091865Z,book,scaled,660681595a5e,200,9.199808
2026-09-17T05:31:54.32147892Z,book,scaled,a1cb37b7da6b,200,9.959053
2026-09-17T05:31:54.38077743Z,book,scaled,660681595a5e,200,8.739145
2026-09-17T05:31:54.441309967Z,book,scaled,a1cb37b7da6b,200,10.026211
2026-09-17T05:31:54.501070082Z,book,scaled,348cd506525f,200,9.118464
2026-09-17T05:31:54.561492598Z,book,scaled,a1cb37b7da6b,200,9.700401
2026-09-17T05:31:54.621808097Z,book,scaled,348cd506525f,200,9.406911
2026-09-17T05:31:54.685894678Z,book,scaled,660681595a5e,200,13.59677
2026-09-17T05:31:54.740471061Z,book,scaled,348cd506525f,200,8.524635
2026-09-17T05:31:54.801757022Z,book,scaled,660681595a5e,200,9.506642
2026-09-17T05:31:54.860611605Z,book,scaled,a1cb37b7da6b,200,8.846017
2026-09-17T05:31:54.922273495Z,book,scaled,660681595a5e,200,10.15651
2026-09-17T05:31:54.980363871Z,book,scaled,a1cb37b7da6b,200,8.086857
2026-09-17T05:31:55.041055991Z,book,scaled,348cd506525f,200,8.81017
2026-09-17T05:31:55.103706995Z,book,scaled,a1cb37b7da6b,200,11.926988
2026-09-17T05:31:55.164824935Z,book,scaled,348cd506525f,200,12.716877
2026-09-17T05:31:55.219981831Z,book,scaled,660681595a5e,200,8.516952
2026-09-17T05:31:55.281494226Z,book,scaled,348cd506525f,200,9.740089
2026-09-17T05:31:55.34072671Z,book,scaled,660681595a5e,200,8.522405
2026-09-17T05:31:55.400772413Z,book,scaled,a1cb37b7da6b,200,9.589984
2026-09-17T05:31:55.461744864Z,book,scaled,660681595a5e,200,10.366014
2026-09-17T05:31:55.520560008Z,book,scaled,a1cb37b7da6b,200,8.276359
2026-09-17T05:31:55.580932022Z,book,scaled,348cd506525f,200,8.846397
2026-09-17T05:31:55.641098572Z,book,scaled,a1cb37b7da6b,200,9.418664
2026-09-17T05:31:55.701470255Z,book,scaled,348cd506525f,200,9.728713
2026-09-17T05:31:55.760986963Z,book,scaled,660681595a5e,200,8.946243
2026-09-17T05:31:55.821538047Z,book,scaled,348cd506525f,200,9.962299
2026-09-17T05:31:55.881870276Z,book,scaled,660681595a5e,200,9.867431
2026-09-17T05:31:55.939896978Z,book,scaled,a1cb37b7da6b,200,8.182233
2026-09-17T05:31:56.000940051Z,book,scaled,660681595a5e,200,9.383726
2026-09-17T05:31:56.061313579Z,book,scaled,a1cb37b7da6b,200,9.807897
2026-09-17T05:31:56.121114383Z,book,scaled,348cd506525f,200,9.180046
2026-09-17T05:31:56.180118696Z,book,scaled,a1cb37b7da6b,200,8.121206
2026-09-17T05:31:56.241414232Z,book,scaled,348cd506525f,200,9.681599
2026-09-17T05:31:56.302189241Z,book,scaled,660681595a5e,200,9.922026
2026-09-17T05:31:56.360534616Z,book,scaled,348cd506525f,200,8.398808
2026-09-17T05:31:56.421253311Z,book,scaled,660681595a5e,200,9.148245
2026-09-17T05:31:56.481203687Z,book,scaled,a1cb37b7da6b,200,9.216999
2026-09-17T05:31:56.540125408Z,book,scaled,660681595a5e,200,8.285871
2026-09-17T05:31:56.600718405Z,book,scaled,a1cb37b7da6b,200,8.860336
2026-09-17T05:31:56.660466318Z,book,scaled,348cd506525f,200,9.131364
2026-09-17T05:31:56.7207162Z,book,scaled,a1cb37b7da6b,200,8.587125
2026-09-17T05:31:56.779597319Z,book,scaled,348cd506525f,200,8.21762
2026-09-17T05:31:56.840704526Z,book,scaled,660681595a5e,200,8.931107
2026-09-17T05:31:56.902892016Z,book,scaled,348cd506525f,200,10.618759
2026-09-17T05:31:56.959534331Z,book,scaled,660681595a5e,200,7.993251
2026-09-17T05:31:57.021168754Z,book,scaled,a1cb37b7da6b,200,9.138964
2026-09-17T05:31:57.081109901Z,book,scaled,660681595a5e,200,9.21354
2026-09-17T05:31:57.141062872Z,book,scaled,a1cb37b7da6b,200,9.252978
2026-09-17T05:31:57.201271668Z,book,scaled,348cd506525f,200,9.427548
2026-09-17T05:31:57.260312267Z,book,scaled,a1cb37b7da6b,200,8.251119
2026-09-17T05:31:57.320633567Z,book,scaled,348cd506525f,200,8.553067
2026-09-17T05:31:57.380920943Z,book,scaled,660681595a5e,200,9.496157
2026-09-17T05:31:57.441466568Z,book,scaled,348cd506525f,200,9.882003
2026-09-17T05:31:57.500911812Z,book,scaled,660681595a5e,200,8.866417
2026-09-17T05:31:57.559158379Z,book,scaled,a1cb37b7da6b,200,7.563324
2026-09-17T05:31:57.620643165Z,book,scaled,660681595a5e,200,8.694227
2026-09-17T05:31:57.682232936Z,book,scaled,a1cb37b7da6b,200,10.696204
2026-09-17T05:31:57.740837094Z,book,scaled,348cd506525f,200,9.064
2026-09-17T05:31:57.800937711Z,book,scaled,a1cb37b7da6b,200,9.155237
2026-09-17T05:31:57.86094613Z,book,scaled,348cd506525f,200,9.241021
2026-09-17T05:31:57.920297498Z,book,scaled,660681595a5e,200,8.44499
2026-09-17T05:31:57.98190788Z,book,scaled,348cd506525f,200,9.670623
2026-09-17T05:31:58.040270685Z,book,scaled,660681595a5e,200,8.76529
2026-09-17T05:31:58.100384546Z,book,scaled,a1cb37b7da6b,200,8.547102
2026-09-17T05:31:58.160477714Z,book,scaled,660681595a5e,200,8.399764
2026-09-17T05:31:58.220601575Z,book,scaled,a1cb37b7da6b,200,8.578559
2026-09-17T05:31:58.280946017Z,book,scaled,348cd506525f,200,8.664654
2026-09-17T05:31:58.340016358Z,book,scaled,a1cb37b7da6b,200,8.469163
2026-09-17T05:31:58.400112064Z,book,scaled,348cd506525f,200,8.505844
2026-09-17T05:31:58.460416607Z,book,scaled,660681595a5e,200,8.629047
2026-09-17T05:31:58.522250526Z,book,scaled,348cd506525f,200,10.220314
2026-09-17T05:31:58.580964155Z,book,scaled,660681595a5e,200,9.021797
2026-09-17T05:31:58.639719134Z,book,scaled,a1cb37b7da6b,200,8.089507
2026-09-17T05:31:58.699620508Z,book,scaled,660681595a5e,200,8.381107
2026-09-17T05:31:58.76027494Z,book,scaled,a1cb37b7da6b,200,8.783813
2026-09-17T05:31:58.821352574Z,book,scaled,348cd506525f,200,9.329893
2026-09-17T05:31:58.880814064Z,book,scaled,a1cb37b7da6b,200,8.870808
2026-09-17T05:31:58.941495465Z,book,scaled,348cd506525f,200,9.8181
2026-09-17T05:31:59.00128033Z,book,scaled,660681595a5e,200,9.139064
2026-09-17T05:31:59.060827551Z,book,scaled,348cd506525f,200,8.865207
2026-09-17T05:31:59.121580289Z,book,scaled,660681595a5e,200,10.155542
2026-09-17T05:31:59.181411427Z,book,scaled,a1cb37b7da6b,200,9.22185
2026-09-17T05:31:59.241309888Z,book,scaled,660681595a5e,200,9.282694
2026-09-17T05:31:59.303175428Z,book,scaled,a1cb37b7da6b,200,11.22024
2026-09-17T05:31:59.360657075Z,book,scaled,348cd506525f,200,8.932471
2026-09-17T05:31:59.420183333Z,book,scaled,a1cb37b7da6b,200,8.586379
2026-09-17T05:31:59.481030936Z,book,scaled,348cd506525f,200,9.073411
2026-09-17T05:31:59.541311905Z,book,scaled,660681595a5e,200,9.651397
2026-09-17T05:31:59.601591411Z,book,scaled,348cd506525f,200,9.516008
2026-09-17T05:31:59.66030059Z,book,scaled,660681595a5e,200,8.810634
2026-09-17T05:31:59.720702645Z,book,scaled,a1cb37b7da6b,200,8.629972
2026-09-17T05:31:59.78064658Z,book,scaled,660681595a5e,200,8.420068
2026-09-17T05:31:59.841484783Z,book,scaled,a1cb37b7da6b,200,9.107013
2026-09-17T05:31:59.900406589Z,book,scaled,348cd506525f,200,8.394562
2026-09-17T05:31:59.960159897Z,book,scaled,a1cb37b7da6b,200,8.161681
2026-09-17T05:32:00.02256599Z,book,scaled,348cd506525f,200,10.508122
2026-09-17T05:32:00.080408523Z,book,scaled,660681595a5e,200,8.426369
2026-09-17T05:32:00.141211454Z,book,scaled,348cd506525f,200,9.159115
2026-09-17T05:32:00.201060694Z,book,scaled,660681595a5e,200,8.941653
2026-09-17T05:32:00.259082556Z,book,scaled,a1cb37b7da6b,200,7.311857
2026-09-17T05:32:00.320056868Z,book,scaled,660681595a5e,200,8.337423
2026-09-17T05:32:00.380457754Z,book,scaled,a1cb37b7da6b,200,8.624053
2026-09-17T05:32:00.44104452Z,book,scaled,348cd506525f,200,8.929651
2026-09-17T05:32:00.499440291Z,book,scaled,a1cb37b7da6b,200,7.656634
2026-09-17T05:32:00.560405795Z,book,scaled,348cd506525f,200,8.192511
2026-09-17T05:32:00.621201279Z,book,scaled,660681595a5e,200,9.08094
2026-09-17T05:32:00.682594514Z,book,scaled,348cd506525f,200,10.797092
2026-09-17T05:32:00.741059416Z,book,scaled,660681595a5e,200,9.019896
2026-09-17T05:32:00.799710622Z,book,scaled,a1cb37b7da6b,200,7.980429
2026-09-17T05:32:00.861526263Z,book,scaled,660681595a5e,200,10.235715
2026-09-17T05:32:00.921428371Z,book,scaled,a1cb37b7da6b,200,9.335009
2026-09-17T05:32:00.980567757Z,book,scaled,348cd506525f,200,8.556446
2026-09-17T05:32:01.041335919Z,book,scaled,a1cb37b7da6b,200,9.219059
2026-09-17T05:32:01.100645228Z,book,scaled,348cd506525f,200,8.650823
2026-09-17T05:32:01.162394459Z,book,scaled,660681595a5e,200,10.261702
2026-09-17T05:32:01.220060552Z,book,scaled,348cd506525f,200,7.890179
2026-09-17T05:32:01.280416921Z,book,scaled,660681595a5e,200,8.839715
2026-09-17T05:32:01.342306027Z,book,scaled,a1cb37b7da6b,200,10.240456
2026-09-17T05:32:01.40061611Z,book,scaled,660681595a5e,200,8.663488
2026-09-17T05:32:01.459799359Z,book,scaled,a1cb37b7da6b,200,8.537605
2026-09-17T05:32:01.520531701Z,book,scaled,348cd506525f,200,9.101771
2026-09-17T05:32:01.581262691Z,book,scaled,a1cb37b7da6b,200,9.187337
2026-09-17T05:32:01.640592205Z,book,scaled,348cd506525f,200,8.727392
2026-09-17T05:32:01.701210572Z,book,scaled,660681595a5e,200,8.890158
2026-09-17T05:32:01.760043098Z,book,scaled,348cd506525f,200,8.264467
2026-09-17T05:32:01.821122563Z,book,scaled,660681595a5e,200,9.398701
2026-09-17T05:32:01.8812627Z,book,scaled,a1cb37b7da6b,200,9.541927
2026-09-17T05:32:01.941398837Z,book,scaled,660681595a5e,200,9.296415
2026-09-17T05:32:02.000381423Z,book,scaled,a1cb37b7da6b,200,8.390096
2026-09-17T05:32:02.060713597Z,book,scaled,348cd506525f,200,8.688676
2026-09-17T05:32:02.121907898Z,book,scaled,a1cb37b7da6b,200,10.417868
2026-09-17T05:32:02.180435185Z,book,scaled,348cd506525f,200,8.824204
2026-09-17T05:32:02.239855356Z,book,scaled,660681595a5e,200,7.730173
2026-09-17T05:32:02.299955055Z,book,scaled,348cd506525f,200,8.187252
2026-09-17T05:32:02.360218754Z,book,scaled,660681595a5e,200,8.564567
2026-09-17T05:32:02.421844078Z,book,scaled,a1cb37b7da6b,200,9.906541
2026-09-17T05:32:02.480598813Z,book,scaled,660681595a5e,200,9.110982
2026-09-17T05:32:02.54020586Z,book,scaled,a1cb37b7da6b,200,8.662814
2026-09-17T05:32:02.603517997Z,book,scaled,348cd506525f,200,11.572192
2026-09-17T05:32:02.664909372Z,book,scaled,a1cb37b7da6b,200,12.60428
2026-09-17T05:32:02.721897968Z,book,scaled,348cd506525f,200,10.570487
2026-09-17T05:32:02.781789321Z,book,scaled,660681595a5e,200,10.139428
2026-09-17T05:32:02.841288881Z,book,scaled,348cd506525f,200,9.930752
2026-09-17T05:32:02.903260995Z,book,scaled,660681595a5e,200,11.2949
2026-09-17T05:32:02.962239893Z,book,scaled,a1cb37b7da6b,200,10.143445
2026-09-17T05:32:03.022326797Z,book,scaled,660681595a5e,200,10.432765
2026-09-17T05:32:03.081907887Z,book,scaled,a1cb37b7da6b,200,9.724052
2026-09-17T05:32:03.141320491Z,book,scaled,348cd506525f,200,9.607425
2026-09-17T05:32:03.202737906Z,book,scaled,a1cb37b7da6b,200,10.711067
2026-09-17T05:32:03.262916551Z,book,scaled,348cd506525f,200,11.5296
2026-09-17T05:32:03.320430092Z,book,scaled,660681595a5e,200,9.023887
2026-09-17T05:32:03.381365077Z,book,scaled,348cd506525f,200,9.251332
2026-09-17T05:32:03.441902804Z,book,scaled,660681595a5e,200,9.801867
2026-09-17T05:32:03.500311244Z,book,scaled,a1cb37b7da6b,200,8.796693
2026-09-17T05:32:03.562079881Z,book,scaled,660681595a5e,200,10.138919
2026-09-17T05:32:03.620918918Z,book,scaled,a1cb37b7da6b,200,9.025357
2026-09-17T05:32:03.680367575Z,book,scaled,348cd506525f,200,8.774801
2026-09-17T05:32:03.74071119Z,book,scaled,a1cb37b7da6b,200,8.543565
2026-09-17T05:32:03.800404184Z,book,scaled,348cd506525f,200,8.577722
2026-09-17T05:32:03.861370789Z,book,scaled,660681595a5e,200,9.341268
2026-09-17T05:32:03.921365281Z,book,scaled,348cd506525f,200,9.455146
2026-09-17T05:32:03.980687476Z,book,scaled,660681595a5e,200,8.710793
2026-09-17T05:32:04.039949095Z,book,scaled,a1cb37b7da6b,200,8.284578
2026-09-17T05:32:04.100258619Z,book,scaled,660681595a5e,200,8.640772
2026-09-17T05:32:04.162059658Z,book,scaled,a1cb37b7da6b,200,9.889228
2026-09-17T05:32:04.220586135Z,book,scaled,348cd506525f,200,8.814833
2026-09-17T05:32:04.280164469Z,book,scaled,a1cb37b7da6b,200,8.757289
2026-09-17T05:32:04.340119169Z,book,scaled,348cd506525f,200,8.364074
2026-09-17T05:32:04.400183447Z,book,scaled,660681595a5e,200,8.425458
2026-09-17T05:32:04.462545193Z,book,scaled,348cd506525f,200,10.274838
2026-09-17T05:32:04.522265948Z,book,scaled,660681595a5e,200,10.222035
2026-09-17T05:32:04.581842583Z,book,scaled,a1cb37b7da6b,200,9.948337
2026-09-17T05:32:04.643864829Z,book,scaled,660681595a5e,200,12.184819
2026-09-17T05:32:04.700304729Z,book,scaled,a1cb37b7da6b,200,8.866036
2026-09-17T05:32:04.761380482Z,book,scaled,348cd506525f,200,9.198564
2026-09-17T05:32:04.820357929Z,book,scaled,a1cb37b7da6b,200,8.324411
2026-09-17T05:32:04.880564044Z,book,scaled,348cd506525f,200,8.572008
2026-09-17T05:32:04.9404059Z,book,scaled,660681595a5e,200,8.273818
2026-09-17T05:32:05.001894359Z,book,scaled,348cd506525f,200,9.809918
2026-09-17T05:32:05.060654075Z,book,scaled,660681595a5e,200,9.174126
2026-09-17T05:32:05.119592015Z,book,scaled,a1cb37b7da6b,200,8.192403
2026-09-17T05:32:05.182451313Z,book,scaled,660681595a5e,200,10.214495
2026-09-17T05:32:05.239922344Z,book,scaled,a1cb37b7da6b,200,7.965788
2026-09-17T05:32:05.301279974Z,book,scaled,348cd506525f,200,9.648033
2026-09-17T05:32:05.361126533Z,book,scaled,a1cb37b7da6b,200,9.363586
2026-09-17T05:32:05.420916147Z,book,scaled,348cd506525f,200,9.029237
2026-09-17T05:32:05.481397345Z,book,scaled,660681595a5e,200,9.779701
2026-09-17T05:32:05.541673742Z,book,scaled,348cd506525f,200,9.622145
2026-09-17T05:32:05.600097832Z,book,scaled,660681595a5e,200,8.810363
2026-09-17T05:32:05.660071715Z,book,scaled,a1cb37b7da6b,200,8.267648
2026-09-17T05:32:05.720856538Z,book,scaled,660681595a5e,200,9.141454
2026-09-17T05:32:05.779254806Z,book,scaled,a1cb37b7da6b,200,7.937427
2026-09-17T05:32:05.841080358Z,book,scaled,348cd506525f,200,8.903009
2026-09-17T05:32:05.900786721Z,book,scaled,a1cb37b7da6b,200,9.017517
2026-09-17T05:32:05.959928852Z,book,scaled,348cd506525f,200,8.521384
2026-09-17T05:32:06.019952635Z,book,scaled,660681595a5e,200,8.509484
2026-09-17T05:32:06.080489782Z,book,scaled,348cd506525f,200,8.999425
2026-09-17T05:32:06.14104054Z,book,scaled,660681595a5e,200,8.985274
2026-09-17T05:32:06.202090521Z,book,scaled,a1cb37b7da6b,200,10.181412
2026-09-17T05:32:06.261227309Z,book,scaled,660681595a5e,200,9.519299
2026-09-17T05:32:06.321014477Z,book,scaled,a1cb37b7da6b,200,9.258432
2026-09-17T05:32:06.381785841Z,book,scaled,348cd506525f,200,10.16207
2026-09-17T05:32:06.441513542Z,book,scaled,a1cb37b7da6b,200,9.801654
2026-09-17T05:32:06.50061453Z,book,scaled,348cd506525f,200,8.60827
2026-09-17T05:32:06.560924303Z,book,scaled,660681595a5e,200,9.467875
2026-09-17T05:32:06.61991675Z,book,scaled,348cd506525f,200,8.30159
2026-09-17T05:32:06.680372444Z,book,scaled,660681595a5e,200,8.815033
2026-09-17T05:32:06.749307887Z,book,scaled,a1cb37b7da6b,200,17.306006
2026-09-17T05:32:06.800800328Z,book,scaled,660681595a5e,200,8.653243
2026-09-17T05:32:06.859929063Z,book,scaled,a1cb37b7da6b,200,8.720927
2026-09-17T05:32:06.920319241Z,book,scaled,348cd506525f,200,8.780561
2026-09-17T05:32:06.981036601Z,book,scaled,a1cb37b7da6b,200,9.040458
2026-09-17T05:32:07.041545477Z,book,scaled,348cd506525f,200,9.832069
2026-09-17T05:32:07.100469311Z,book,scaled,660681595a5e,200,9.07825
2026-09-17T05:32:07.160466583Z,book,scaled,348cd506525f,200,8.388986
2026-09-17T05:32:07.221919171Z,book,scaled,660681595a5e,200,9.744696
2026-09-17T05:32:07.281597722Z,book,scaled,a1cb37b7da6b,200,9.488037
2026-09-17T05:32:07.340682251Z,book,scaled,660681595a5e,200,9.062756
2026-09-17T05:32:07.40069253Z,book,scaled,a1cb37b7da6b,200,9.404772
2026-09-17T05:32:07.461523426Z,book,scaled,348cd506525f,200,9.190948
2026-09-17T05:32:07.520053775Z,book,scaled,a1cb37b7da6b,200,8.005561
2026-09-17T05:32:07.579669881Z,book,scaled,348cd506525f,200,7.754374
2026-09-17T05:32:07.640269673Z,book,scaled,660681595a5e,200,7.927726
2026-09-17T05:32:07.701679958Z,book,scaled,348cd506525f,200,9.634477
2026-09-17T05:32:07.760655224Z,book,scaled,660681595a5e,200,8.30568
2026-09-17T05:32:07.821197523Z,book,scaled,a1cb37b7da6b,200,9.84557
2026-09-17T05:32:07.881124061Z,book,scaled,660681595a5e,200,9.247682
2026-09-17T05:32:07.940148301Z,book,scaled,a1cb37b7da6b,200,8.361986
2026-09-17T05:32:08.001503451Z,book,scaled,348cd506525f,200,9.639457
2026-09-17T05:32:08.062175817Z,book,scaled,a1cb37b7da6b,200,10.085616
2026-09-17T05:32:08.12156282Z,book,scaled,348cd506525f,200,9.553651
2026-09-17T05:32:08.182144361Z,book,scaled,660681595a5e,200,9.937526
2026-09-17T05:32:08.243098396Z,book,scaled,348cd506525f,200,11.109657
2026-09-17T05:32:08.301572199Z,book,scaled,660681595a5e,200,9.733343
2026-09-17T05:32:08.360427537Z,book,scaled,a1cb37b7da6b,200,8.202164
2026-09-17T05:32:08.42026347Z,book,scaled,660681595a5e,200,8.168221
2026-09-17T05:32:08.479966043Z,book,scaled,a1cb37b7da6b,200,8.166916
2026-09-17T05:32:08.541496891Z,book,scaled,348cd506525f,200,9.518034
2026-09-17T05:32:08.601196647Z,book,scaled,a1cb37b7da6b,200,9.017414
2026-09-17T05:32:08.660306818Z,book,scaled,348cd506525f,200,8.244673
2026-09-17T05:32:08.720987733Z,book,scaled,660681595a5e,200,8.934459
2026-09-17T05:32:08.78049768Z,book,scaled,348cd506525f,200,8.927187
2026-09-17T05:32:08.840496809Z,book,scaled,660681595a5e,200,8.415685
2026-09-17T05:32:08.899903637Z,book,scaled,a1cb37b7da6b,200,7.888997
2026-09-17T05:32:08.960190536Z,book,scaled,660681595a5e,200,8.558408
2026-09-17T05:32:09.021944423Z,book,scaled,a1cb37b7da6b,200,9.941746
2026-09-17T05:32:09.080566469Z,book,scaled,348cd506525f,200,8.820269
2026-09-17T05:32:09.139741404Z,book,scaled,a1cb37b7da6b,200,7.726859
2026-09-17T05:32:09.201148326Z,book,scaled,348cd506525f,200,9.316814
2026-09-17T05:32:09.261313596Z,book,scaled,660681595a5e,200,9.522697
2026-09-17T05:32:09.32099953Z,book,scaled,348cd506525f,200,9.103515
2026-09-17T05:32:09.380264614Z,book,scaled,660681595a5e,200,8.479059
2026-09-17T05:32:09.442093677Z,book,scaled,a1cb37b7da6b,200,10.171782
2026-09-17T05:32:09.499912013Z,book,scaled,660681595a5e,200,8.12097
2026-09-17T05:32:09.560491205Z,book,scaled,a1cb37b7da6b,200,8.719668
2026-09-17T05:32:09.621112235Z,book,scaled,348cd506525f,200,9.092228
2026-09-17T05:32:09.680415908Z,book,scaled,a1cb37b7da6b,200,8.416564
2026-09-17T05:32:09.740355918Z,book,scaled,348cd506525f,200,8.173692
2026-09-17T05:32:09.800779831Z,book,scaled,660681595a5e,200,8.81236
2026-09-17T05:32:09.860641885Z,book,scaled,348cd506525f,200,9.069629
2026-09-17T05:32:09.921893732Z,book,scaled,660681595a5e,200,9.69949
2026-09-17T05:32:09.980182273Z,book,scaled,a1cb37b7da6b,200,8.506648
2026-09-17T05:32:10.041677184Z,book,scaled,660681595a5e,200,9.746635
2026-09-17T05:32:10.100420589Z,book,scaled,a1cb37b7da6b,200,8.295886
2026-09-17T05:32:10.161773308Z,book,scaled,348cd506525f,200,9.665206
2026-09-17T05:32:10.219787754Z,book,scaled,a1cb37b7da6b,200,8.475728
2026-09-17T05:32:10.280351095Z,book,scaled,348cd506525f,200,8.75873
2026-09-17T05:32:10.342384491Z,book,scaled,660681595a5e,200,10.137215
2026-09-17T05:32:10.402458741Z,book,scaled,348cd506525f,200,10.498494
2026-09-17T05:32:10.462313923Z,book,scaled,660681595a5e,200,10.176221
2026-09-17T05:32:10.521435763Z,book,scaled,a1cb37b7da6b,200,9.54747
2026-09-17T05:32:10.581400569Z,book,scaled,660681595a5e,200,9.274332
2026-09-17T05:32:10.642388184Z,book,scaled,a1cb37b7da6b,200,10.328826
2026-09-17T05:32:10.702344082Z,book,scaled,348cd506525f,200,10.188883
2026-09-17T05:32:10.760122521Z,book,scaled,a1cb37b7da6b,200,8.074569
2026-09-17T05:32:10.822107424Z,book,scaled,348cd506525f,200,10.36464
2026-09-17T05:32:10.880679028Z,book,scaled,660681595a5e,200,8.884405
2026-09-17T05:32:10.941233484Z,book,scaled,348cd506525f,200,8.946483
2026-09-17T05:32:11.001311697Z,book,scaled,660681595a5e,200,9.524848
2026-09-17T05:32:11.064299955Z,book,scaled,a1cb37b7da6b,200,12.096031
2026-09-17T05:32:11.121502837Z,book,scaled,660681595a5e,200,9.588062
2026-09-17T05:32:11.180062129Z,book,scaled,a1cb37b7da6b,200,8.65783
2026-09-17T05:32:11.241631077Z,book,scaled,348cd506525f,200,9.815572
2026-09-17T05:32:11.302115426Z,book,scaled,a1cb37b7da6b,200,10.621551
2026-09-17T05:32:11.360954739Z,book,scaled,348cd506525f,200,9.132952
2026-09-17T05:32:11.41995829Z,book,scaled,660681595a5e,200,8.302115
2026-09-17T05:32:11.480214917Z,book,scaled,348cd506525f,200,8.433555
2026-09-17T05:32:11.541811262Z,book,scaled,660681595a5e,200,9.781755
2026-09-17T05:32:11.60045734Z,book,scaled,a1cb37b7da6b,200,8.82155
2026-09-17T05:32:11.66299868Z,book,scaled,660681595a5e,200,10.649234
2026-09-17T05:32:11.722394387Z,book,scaled,a1cb37b7da6b,200,10.821925
2026-09-17T05:32:11.78068657Z,book,scaled,348cd506525f,200,9.439351
2026-09-17T05:32:11.84112373Z,book,scaled,a1cb37b7da6b,200,8.786963
2026-09-17T05:32:11.901911682Z,book,scaled,348cd506525f,200,10.115617
2026-09-17T05:32:11.961236626Z,book,scaled,660681595a5e,200,9.549628
2026-09-17T05:32:12.022047678Z,book,scaled,348cd506525f,200,10.080965
2026-09-17T05:32:12.080891459Z,book,scaled,660681595a5e,200,8.97333
2026-09-17T05:32:12.141035408Z,book,scaled,a1cb37b7da6b,200,9.511046
2026-09-17T05:32:12.200846223Z,book,scaled,660681595a5e,200,9.09636
2026-09-17T05:32:12.259964233Z,book,scaled,a1cb37b7da6b,200,8.318561
2026-09-17T05:32:12.320700653Z,book,scaled,348cd506525f,200,8.992411
2026-09-17T05:32:12.38024283Z,book,scaled,a1cb37b7da6b,200,8.917738
2026-09-17T05:32:12.440912333Z,book,scaled,348cd506525f,200,9.082897
2026-09-17T05:32:12.500269237Z,book,scaled,660681595a5e,200,8.769778
2026-09-17T05:32:12.560196672Z,book,scaled,348cd506525f,200,8.251502
2026-09-17T05:32:12.620430999Z,book,scaled,660681595a5e,200,8.59917
2026-09-17T05:32:12.681165648Z,book,scaled,a1cb37b7da6b,200,9.077854
2026-09-17T05:32:12.74069564Z,book,scaled,660681595a5e,200,8.896006
2026-09-17T05:32:12.800356456Z,book,scaled,a1cb37b7da6b,200,8.910037
2026-09-17T05:32:12.860157543Z,book,scaled,348cd506525f,200,8.171947
2026-09-17T05:32:12.920755372Z,book,scaled,a1cb37b7da6b,200,9.034435
2026-09-17T05:32:12.982891985Z,book,scaled,348cd506525f,200,11.216221
2026-09-17T05:32:13.039482755Z,book,scaled,660681595a5e,200,7.820125
2026-09-17T05:32:13.100158223Z,book,scaled,348cd506525f,200,8.15754
2026-09-17T05:32:13.160293062Z,book,scaled,660681595a5e,200,8.289871
2026-09-17T05:32:13.221377684Z,book,scaled,a1cb37b7da6b,200,9.219943
2026-09-17T05:32:13.280816955Z,book,scaled,660681595a5e,200,8.797175
2026-09-17T05:32:13.339290896Z,book,scaled,a1cb37b7da6b,200,7.939173
2026-09-17T05:32:13.400061742Z,book,scaled,348cd506525f,200,8.059155
2026-09-17T05:32:13.460488795Z,book,scaled,a1cb37b7da6b,200,8.669711
2026-09-17T05:32:13.521118405Z,book,scaled,348cd506525f,200,9.041376
2026-09-17T05:32:13.581176574Z,book,scaled,660681595a5e,200,9.393345
2026-09-17T05:32:13.640785697Z,book,scaled,348cd506525f,200,8.988547
2026-09-17T05:32:13.700417186Z,book,scaled,660681595a5e,200,9.004823
2026-09-17T05:32:13.760615467Z,book,scaled,a1cb37b7da6b,200,8.449585
2026-09-17T05:32:13.820932822Z,book,scaled,660681595a5e,200,9.47738
2026-09-17T05:32:13.88069961Z,book,scaled,a1cb37b7da6b,200,9.180543
2026-09-17T05:32:13.94129119Z,book,scaled,348cd506525f,200,10.052833
2026-09-17T05:32:13.999533231Z,book,scaled,a1cb37b7da6b,200,7.541585
2026-09-17T05:32:14.061025204Z,book,scaled,348cd506525f,200,9.75083
2026-09-17T05:32:14.12017306Z,book,scaled,660681595a5e,200,8.553112
2026-09-17T05:32:14.180993903Z,book,scaled,348cd506525f,200,9.060687
2026-09-17T05:32:14.240544754Z,book,scaled,660681595a5e,200,8.868213
2026-09-17T05:32:14.300471537Z,book,scaled,a1cb37b7da6b,200,8.402353
2026-09-17T05:32:14.360825459Z,book,scaled,660681595a5e,200,8.705493
2026-09-17T05:32:14.420956397Z,book,scaled,a1cb37b7da6b,200,9.513986
2026-09-17T05:32:14.480401749Z,book,scaled,348cd506525f,200,8.64544
2026-09-17T05:32:14.54176663Z,book,scaled,a1cb37b7da6b,200,9.749981
2026-09-17T05:32:14.600548627Z,book,scaled,348cd506525f,200,8.95242
2026-09-17T05:32:14.661191659Z,book,scaled,660681595a5e,200,9.138812
2026-09-17T05:32:14.721716754Z,book,scaled,348cd506525f,200,9.606432
2026-09-17T05:32:14.780826192Z,book,scaled,660681595a5e,200,9.609565
2026-09-17T05:32:14.84006449Z,book,scaled,a1cb37b7da6b,200,8.5049
2026-09-17T05:32:14.901688977Z,book,scaled,660681595a5e,200,9.896233
2026-09-17T05:32:14.959941989Z,book,scaled,a1cb37b7da6b,200,8.588265
2026-09-17T05:32:15.020626554Z,book,scaled,348cd506525f,200,8.929218
2026-09-17T05:32:15.080679318Z,book,scaled,a1cb37b7da6b,200,8.64631
2026-09-17T05:32:15.140615901Z,book,scaled,348cd506525f,200,8.399348
2026-09-17T05:32:15.199541178Z,book,scaled,660681595a5e,200,7.967663
2026-09-17T05:32:15.260462809Z,book,scaled,348cd506525f,200,8.35592
2026-09-17T05:32:15.321342106Z,book,scaled,660681595a5e,200,9.40392
2026-09-17T05:32:15.381335385Z,book,scaled,a1cb37b7da6b,200,9.429291
2026-09-17T05:32:15.441413201Z,book,scaled,660681595a5e,200,9.40432
2026-09-17T05:32:15.499833383Z,book,scaled,a1cb37b7da6b,200,8.016157
2026-09-17T05:32:15.560611394Z,book,scaled,348cd506525f,200,8.915556
2026-09-17T05:32:15.620736342Z,book,scaled,a1cb37b7da6b,200,8.570934
2026-09-17T05:32:15.681387124Z,book,scaled,348cd506525f,200,9.939714
2026-09-17T05:32:15.740646433Z,book,scaled,660681595a5e,200,8.656608
2026-09-17T05:32:15.801635333Z,book,scaled,348cd506525f,200,10.320632
2026-09-17T05:32:15.860437346Z,book,scaled,660681595a5e,200,8.20088
2026-09-17T05:32:15.921833768Z,book,scaled,a1cb37b7da6b,200,9.778155
2026-09-17T05:32:15.980734173Z,book,scaled,660681595a5e,200,9.355147
2026-09-17T05:32:16.040752083Z,book,scaled,a1cb37b7da6b,200,9.475616
2026-09-17T05:32:16.101335333Z,book,scaled,348cd506525f,200,10.040903
2026-09-17T05:32:16.159740514Z,book,scaled,a1cb37b7da6b,200,7.750938
2026-09-17T05:32:16.220330273Z,book,scaled,348cd506525f,200,8.5097
2026-09-17T05:32:16.280375015Z,book,scaled,660681595a5e,200,8.463307
2026-09-17T05:32:16.341736074Z,book,scaled,348cd506525f,200,9.735031
2026-09-17T05:32:16.39973856Z,book,scaled,660681595a5e,200,8.399563
2026-09-17T05:32:16.460026508Z,book,scaled,a1cb37b7da6b,200,8.421514
2026-09-17T05:32:16.52081733Z,book,scaled,660681595a5e,200,9.036825
2026-09-17T05:32:16.580039113Z,book,scaled,a1cb37b7da6b,200,8.664588
2026-09-17T05:32:16.641110539Z,book,scaled,348cd506525f,200,9.313993
2026-09-17T05:32:16.700624761Z,book,scaled,a1cb37b7da6b,200,8.845951
2026-09-17T05:32:16.76119128Z,book,scaled,348cd506525f,200,9.569718
2026-09-17T05:32:16.820230112Z,book,scaled,660681595a5e,200,8.342179
2026-09-17T05:32:16.880304889Z,book,scaled,348cd506525f,200,8.25118
2026-09-17T05:32:16.940187234Z,book,scaled,660681595a5e,200,8.162598
2026-09-17T05:32:16.999964198Z,book,scaled,a1cb37b7da6b,200,8.171754
2026-09-17T05:32:17.060771198Z,book,scaled,660681595a5e,200,8.987432
2026-09-17T05:32:17.120016617Z,book,scaled,a1cb37b7da6b,200,8.628863
2026-09-17T05:32:17.18057806Z,book,scaled,348cd506525f,200,8.759177
2026-09-17T05:32:17.241413764Z,book,scaled,a1cb37b7da6b,200,9.196109
2026-09-17T05:32:17.301282614Z,book,scaled,348cd506525f,200,9.263743
2026-09-17T05:32:17.362192601Z,book,scaled,660681595a5e,200,10.213689
2026-09-17T05:32:17.422334413Z,book,scaled,348cd506525f,200,10.624226
2026-09-17T05:32:17.481705206Z,book,scaled,660681595a5e,200,9.622402
2026-09-17T05:32:17.540647197Z,book,scaled,a1cb37b7da6b,200,8.350176
2026-09-17T05:32:17.602114338Z,book,scaled,660681595a5e,200,9.951867
2026-09-17T05:32:17.662442018Z,book,scaled,a1cb37b7da6b,200,10.228036
2026-09-17T05:32:17.722503199Z,book,scaled,348cd506525f,200,10.283289
2026-09-17T05:32:17.782272676Z,book,scaled,a1cb37b7da6b,200,9.914194
2026-09-17T05:32:17.841294077Z,book,scaled,348cd506525f,200,9.353413
2026-09-17T05:32:17.901559723Z,book,scaled,660681595a5e,200,9.391487
2026-09-17T05:32:17.962030541Z,book,scaled,348cd506525f,200,9.646218
2026-09-17T05:32:18.020978407Z,book,scaled,660681595a5e,200,9.062177
2026-09-17T05:32:18.082790444Z,book,scaled,a1cb37b7da6b,200,11.282357
2026-09-17T05:32:18.142184215Z,book,scaled,660681595a5e,200,10.680115
2026-09-17T05:32:18.200453222Z,book,scaled,a1cb37b7da6b,200,8.627538
2026-09-17T05:32:18.261945361Z,book,scaled,348cd506525f,200,9.844535
2026-09-17T05:32:18.321204262Z,book,scaled,a1cb37b7da6b,200,9.556098
2026-09-17T05:32:18.380528747Z,book,scaled,348cd506525f,200,8.730646
2026-09-17T05:32:18.441229665Z,book,scaled,660681595a5e,200,9.592029
2026-09-17T05:32:18.501275055Z,book,scaled,348cd506525f,200,9.059344
2026-09-17T05:32:18.561583623Z,book,scaled,660681595a5e,200,9.403057
2026-09-17T05:32:18.623121918Z,book,scaled,a1cb37b7da6b,200,10.632205
2026-09-17T05:32:18.680424987Z,book,scaled,660681595a5e,200,8.835022
2026-09-17T05:32:18.741609375Z,book,scaled,a1cb37b7da6b,200,9.303161
2026-09-17T05:32:18.80006817Z,book,scaled,348cd506525f,200,8.898395
2026-09-17T05:32:18.860462194Z,book,scaled,a1cb37b7da6b,200,8.389239
2026-09-17T05:32:18.919879911Z,book,scaled,348cd506525f,200,8.805758
2026-09-17T05:32:18.981007086Z,book,scaled,660681595a5e,200,10.70878
2026-09-17T05:32:19.039017363Z,book,scaled,348cd506525f,200,8.341131
2026-09-17T05:32:19.101354433Z,book,scaled,660681595a5e,200,10.649864
2026-09-17T05:32:19.159907964Z,book,scaled,a1cb37b7da6b,200,8.656391
2026-09-17T05:32:19.220565759Z,book,scaled,660681595a5e,200,9.833304
2026-09-17T05:32:19.281481401Z,book,scaled,a1cb37b7da6b,200,10.327906
2026-09-17T05:32:19.338405539Z,book,scaled,348cd506525f,200,8.094485
2026-09-17T05:32:19.401287215Z,book,scaled,a1cb37b7da6b,200,10.087211
2026-09-17T05:32:19.460151945Z,book,scaled,348cd506525f,200,9.164672
2026-09-17T05:32:19.520232383Z,book,scaled,660681595a5e,200,9.415977
2026-09-17T05:32:19.579878644Z,book,scaled,348cd506525f,200,9.089039
2026-09-17T05:32:19.640521276Z,book,scaled,660681595a5e,200,9.901149
2026-09-17T05:32:19.7004018Z,book,scaled,a1cb37b7da6b,200,9.055117
2026-09-17T05:32:19.759442152Z,book,scaled,660681595a5e,200,8.546524
2026-09-17T05:32:19.818909431Z,book,scaled,a1cb37b7da6b,200,7.901071
2026-09-17T05:32:19.880678307Z,book,scaled,348cd506525f,200,10.179157
2026-09-17T05:32:19.939418641Z,book,scaled,a1cb37b7da6b,200,8.269887
2026-09-17T05:32:20.000096116Z,book,scaled,348cd506525f,200,9.053686
2026-09-17T05:32:20.059213194Z,book,scaled,660681595a5e,200,8.520381
2026-09-17T05:32:20.119995777Z,book,scaled,348cd506525f,200,9.062325
2026-09-17T05:32:20.179351159Z,book,scaled,660681595a5e,200,8.491399
2026-09-17T05:32:20.239227484Z,book,scaled,a1cb37b7da6b,200,8.218572
2026-09-17T05:32:20.298752546Z,book,scaled,660681595a5e,200,7.949017
2026-09-17T05:32:20.359750453Z,book,scaled,a1cb37b7da6b,200,9.41835
2026-09-17T05:32:20.419529302Z,book,scaled,348cd506525f,200,8.118885
2026-09-17T05:32:20.479862467Z,book,scaled,a1cb37b7da6b,200,8.769656
2026-09-17T05:32:20.53970308Z,book,scaled,348cd506525f,200,8.338811
2026-09-17T05:32:20.599195451Z,book,scaled,660681595a5e,200,7.928234
2026-09-17T05:32:20.65913657Z,book,scaled,348cd506525f,200,8.229114
2026-09-17T05:32:20.720234848Z,book,scaled,660681595a5e,200,9.464406
2026-09-17T05:32:20.780276079Z,book,scaled,a1cb37b7da6b,200,9.218326
2026-09-17T05:32:20.838802098Z,book,scaled,660681595a5e,200,7.847988
2026-09-17T05:32:20.898800155Z,book,scaled,a1cb37b7da6b,200,8.396089
2026-09-17T05:32:20.95946855Z,book,scaled,348cd506525f,200,8.810886
2026-09-17T05:32:21.021348718Z,book,scaled,a1cb37b7da6b,200,9.996845
2026-09-17T05:32:21.080367139Z,book,scaled,348cd506525f,200,9.44868
2026-09-17T05:32:21.165662164Z,book,scaled,660681595a5e,200,34.796937
2026-09-17T05:32:21.201021131Z,book,scaled,348cd506525f,200,9.786277
2026-09-17T05:32:21.261235303Z,book,scaled,660681595a5e,200,10.341678
2026-09-17T05:32:21.321499874Z,book,scaled,a1cb37b7da6b,200,10.170936
2026-09-17T05:32:21.380401012Z,book,scaled,660681595a5e,200,9.338303
2026-09-17T05:32:21.439999135Z,book,scaled,a1cb37b7da6b,200,8.89363
2026-09-17T05:32:21.499956955Z,book,scaled,348cd506525f,200,8.904697
2026-09-17T05:32:21.559919575Z,book,scaled,a1cb37b7da6b,200,9.364055
2026-09-17T05:32:21.620160423Z,book,scaled,348cd506525f,200,9.465121
2026-09-17T05:32:21.67982212Z,book,scaled,660681595a5e,200,8.962504
2026-09-17T05:32:21.738904149Z,book,scaled,348cd506525f,200,8.499445
2026-09-17T05:32:21.800161402Z,book,scaled,660681595a5e,200,9.455701
2026-09-17T05:32:21.858973638Z,book,scaled,a1cb37b7da6b,200,8.378582
2026-09-17T05:32:21.919956765Z,book,scaled,660681595a5e,200,9.109408
2026-09-17T05:32:21.978232578Z,book,scaled,a1cb37b7da6b,200,7.734851
2026-09-17T05:32:22.040075097Z,book,scaled,348cd506525f,200,9.237796
2026-09-17T05:32:22.099042505Z,book,scaled,a1cb37b7da6b,200,8.215232
2026-09-17T05:32:22.160548963Z,book,scaled,348cd506525f,200,9.661124
2026-09-17T05:32:22.220475792Z,book,scaled,660681595a5e,200,9.467921
2026-09-17T05:32:22.28023554Z,book,scaled,348cd506525f,200,9.200197
2026-09-17T05:32:22.341172452Z,book,scaled,660681595a5e,200,10.164046
2026-09-17T05:32:22.399364526Z,book,scaled,a1cb37b7da6b,200,8.437092
2026-09-17T05:32:22.459394814Z,book,scaled,660681595a5e,200,8.49896
2026-09-17T05:32:22.519499714Z,book,scaled,a1cb37b7da6b,200,8.610507
2026-09-17T05:32:22.578920691Z,book,scaled,348cd506525f,200,7.930925
2026-09-17T05:32:22.641170076Z,book,scaled,a1cb37b7da6b,200,10.593877
2026-09-17T05:32:22.699267759Z,book,scaled,348cd506525f,200,8.537114
2026-09-17T05:32:22.760406374Z,book,scaled,660681595a5e,200,9.555047
2026-09-17T05:32:22.820537655Z,book,scaled,348cd506525f,200,9.76477
2026-09-17T05:32:22.880684769Z,book,scaled,660681595a5e,200,9.483024
2026-09-17T05:32:22.940756055Z,book,scaled,a1cb37b7da6b,200,9.358644
2026-09-17T05:32:22.999616495Z,book,scaled,660681595a5e,200,8.329109
2026-09-17T05:32:23.06073464Z,book,scaled,a1cb37b7da6b,200,9.398757
2026-09-17T05:32:23.119364746Z,book,scaled,348cd506525f,200,8.036642
2026-09-17T05:32:23.180084211Z,book,scaled,a1cb37b7da6b,200,9.040652
2026-09-17T05:32:23.245593817Z,book,scaled,348cd506525f,200,14.586947
2026-09-17T05:32:23.300331356Z,book,scaled,660681595a5e,200,9.223535
2026-09-17T05:32:23.361050175Z,book,scaled,348cd506525f,200,9.811403
2026-09-17T05:32:23.419897995Z,book,scaled,660681595a5e,200,9.001682
2026-09-17T05:32:23.479168672Z,book,scaled,a1cb37b7da6b,200,8.004434
2026-09-17T05:32:23.539669851Z,book,scaled,660681595a5e,200,8.767766
2026-09-17T05:32:23.599424303Z,book,scaled,a1cb37b7da6b,200,9.064135
2026-09-17T05:32:23.659978081Z,book,scaled,348cd506525f,200,8.902875
2026-09-17T05:32:23.719152882Z,book,scaled,a1cb37b7da6b,200,8.407984
2026-09-17T05:32:23.779317104Z,book,scaled,348cd506525f,200,8.582116
2026-09-17T05:32:23.839345968Z,book,scaled,660681595a5e,200,8.435227
2026-09-17T05:32:23.90138419Z,book,scaled,348cd506525f,200,10.254346
2026-09-17T05:32:23.959322632Z,book,scaled,660681595a5e,200,8.300726
2026-09-17T05:32:24.018947351Z,book,scaled,a1cb37b7da6b,200,7.980646
2026-09-17T05:32:24.081434253Z,book,scaled,660681595a5e,200,10.498122
2026-09-17T05:32:24.139242443Z,book,scaled,a1cb37b7da6b,200,8.012565
2026-09-17T05:32:24.199735095Z,book,scaled,348cd506525f,200,8.716238
2026-09-17T05:32:24.260099216Z,book,scaled,a1cb37b7da6b,200,9.772512
2026-09-17T05:32:24.32011186Z,book,scaled,348cd506525f,200,9.329992
2026-09-17T05:32:24.379653118Z,book,scaled,660681595a5e,200,8.702349
2026-09-17T05:32:24.439437714Z,book,scaled,348cd506525f,200,8.306659
2026-09-17T05:32:24.499964221Z,book,scaled,660681595a5e,200,8.773489
2026-09-17T05:32:24.559298321Z,book,scaled,a1cb37b7da6b,200,8.58412
2026-09-17T05:32:24.619688008Z,book,scaled,660681595a5e,200,8.791506
2026-09-17T05:32:24.679675697Z,book,scaled,a1cb37b7da6b,200,8.475233
2026-09-17T05:32:24.739149222Z,book,scaled,348cd506525f,200,8.708895
2026-09-17T05:32:24.801228692Z,book,scaled,a1cb37b7da6b,200,10.151375
2026-09-17T05:32:24.85934114Z,book,scaled,348cd506525f,200,8.542024
2026-09-17T05:32:24.919293384Z,book,scaled,660681595a5e,200,8.293188
2026-09-17T05:32:24.981600338Z,book,scaled,348cd506525f,200,10.757555
2026-09-17T05:32:25.039115551Z,book,scaled,660681595a5e,200,8.009755
2026-09-17T05:32:25.099165117Z,book,scaled,a1cb37b7da6b,200,8.457467
2026-09-17T05:32:25.159630343Z,book,scaled,660681595a5e,200,8.710662
2026-09-17T05:32:25.21865619Z,book,scaled,a1cb37b7da6b,200,8.033692
2026-09-17T05:32:25.279784848Z,book,scaled,348cd506525f,200,8.578456
2026-09-17T05:32:25.341249789Z,book,scaled,a1cb37b7da6b,200,9.847163
2026-09-17T05:32:25.400824334Z,book,scaled,348cd506525f,200,9.902476
2026-09-17T05:32:25.459307969Z,book,scaled,660681595a5e,200,8.862544
2026-09-17T05:32:25.520229325Z,book,scaled,348cd506525f,200,9.233137
2026-09-17T05:32:25.579690478Z,book,scaled,660681595a5e,200,8.833616
2026-09-17T05:32:25.639744629Z,book,scaled,a1cb37b7da6b,200,9.328303
2026-09-17T05:32:25.701687661Z,book,scaled,660681595a5e,200,10.281245
2026-09-17T05:32:25.758958239Z,book,scaled,a1cb37b7da6b,200,8.290562
2026-09-17T05:32:25.81988428Z,book,scaled,348cd506525f,200,8.990562
2026-09-17T05:32:25.879411622Z,book,scaled,a1cb37b7da6b,200,8.928203
2026-09-17T05:32:25.940735288Z,book,scaled,348cd506525f,200,9.780725
2026-09-17T05:32:26.001223813Z,book,scaled,660681595a5e,200,10.432929
2026-09-17T05:32:26.061335762Z,book,scaled,348cd506525f,200,10.375055
2026-09-17T05:32:26.119590288Z,book,scaled,660681595a5e,200,8.633055
2026-09-17T05:32:26.182717864Z,book,scaled,a1cb37b7da6b,200,11.489091
2026-09-17T05:32:26.240089529Z,book,scaled,660681595a5e,200,9.735905
2026-09-17T05:32:26.300102301Z,book,scaled,a1cb37b7da6b,200,9.232296
2026-09-17T05:32:26.360411328Z,book,scaled,348cd506525f,200,9.563187
2026-09-17T05:32:26.422321903Z,book,scaled,a1cb37b7da6b,200,11.216118
2026-09-17T05:32:26.480574374Z,book,scaled,348cd506525f,200,9.453362
2026-09-17T05:32:26.540177806Z,book,scaled,660681595a5e,200,9.008354
2026-09-17T05:32:26.599944258Z,book,scaled,348cd506525f,200,9.031839
2026-09-17T05:32:26.659922099Z,book,scaled,660681595a5e,200,9.328254
2026-09-17T05:32:26.720187218Z,book,scaled,a1cb37b7da6b,200,9.349983
2026-09-17T05:32:26.780228207Z,book,scaled,660681595a5e,200,9.225225
2026-09-17T05:32:26.841809636Z,book,scaled,a1cb37b7da6b,200,10.690505
2026-09-17T05:32:26.902671697Z,book,scaled,348cd506525f,200,11.330592
2026-09-17T05:32:26.960329287Z,book,scaled,a1cb37b7da6b,200,9.095619
2026-09-17T05:32:27.019810681Z,book,scaled,348cd506525f,200,8.905727
2026-09-17T05:32:27.080318969Z,book,scaled,660681595a5e,200,9.829976
2026-09-17T05:32:27.140417632Z,book,scaled,348cd506525f,200,9.371665
2026-09-17T05:32:27.200251008Z,book,scaled,660681595a5e,200,9.13071
2026-09-17T05:32:27.259821234Z,book,scaled,a1cb37b7da6b,200,8.790514
2026-09-17T05:32:27.319925394Z,book,scaled,660681595a5e,200,9.562119
2026-09-17T05:32:27.380098792Z,book,scaled,a1cb37b7da6b,200,9.530282
2026-09-17T05:32:27.440315223Z,book,scaled,348cd506525f,200,9.675837
2026-09-17T05:32:27.50032711Z,book,scaled,a1cb37b7da6b,200,9.414549
2026-09-17T05:32:27.559394968Z,book,scaled,348cd506525f,200,8.461407
2026-09-17T05:32:27.61938823Z,book,scaled,660681595a5e,200,8.405899
2026-09-17T05:32:27.678735642Z,book,scaled,348cd506525f,200,7.760095
2026-09-17T05:32:27.739882516Z,book,scaled,660681595a5e,200,9.591336
2026-09-17T05:32:27.800355913Z,book,scaled,a1cb37b7da6b,200,9.891565
2026-09-17T05:32:27.860182522Z,book,scaled,660681595a5e,200,9.054572
2026-09-17T05:32:27.919984348Z,book,scaled,a1cb37b7da6b,200,8.856323
2026-09-17T05:32:27.979117531Z,book,scaled,348cd506525f,200,8.616764
2026-09-17T05:32:28.039344403Z,book,scaled,a1cb37b7da6b,200,8.917273
2026-09-17T05:32:28.100003783Z,book,scaled,348cd506525f,200,8.552575
2026-09-17T05:32:28.159567226Z,book,scaled,660681595a5e,200,8.841077
2026-09-17T05:32:28.219319243Z,book,scaled,348cd506525f,200,8.729356
2026-09-17T05:32:28.280247288Z,book,scaled,660681595a5e,200,9.036026
2026-09-17T05:32:28.339618445Z,book,scaled,a1cb37b7da6b,200,8.628238
2026-09-17T05:32:28.399789844Z,book,scaled,660681595a5e,200,9.196184
2026-09-17T05:32:28.458841081Z,book,scaled,a1cb37b7da6b,200,8.521782
2026-09-17T05:32:28.518751404Z,book,scaled,348cd506525f,200,8.423046
2026-09-17T05:32:28.57989577Z,book,scaled,a1cb37b7da6b,200,9.0167
2026-09-17T05:32:28.640958198Z,book,scaled,348cd506525f,200,9.476703
2026-09-17T05:32:28.700794415Z,book,scaled,660681595a5e,200,10.20005
2026-09-17T05:32:28.761413778Z,book,scaled,348cd506525f,200,10.651268
2026-09-17T05:32:28.819899372Z,book,scaled,660681595a5e,200,8.590082
2026-09-17T05:32:28.879039467Z,book,scaled,a1cb37b7da6b,200,8.431827
2026-09-17T05:32:28.93892024Z,book,scaled,660681595a5e,200,8.114381
2026-09-17T05:32:28.999489309Z,book,scaled,a1cb37b7da6b,200,8.576677
2026-09-17T05:32:29.060689371Z,book,scaled,348cd506525f,200,9.538617
2026-09-17T05:32:29.120624762Z,book,scaled,a1cb37b7da6b,200,9.317553
2026-09-17T05:32:29.178975066Z,book,scaled,348cd506525f,200,8.189573
2026-09-17T05:32:29.239222233Z,book,scaled,660681595a5e,200,8.542089
2026-09-17T05:32:29.299930243Z,book,scaled,348cd506525f,200,8.724865
2026-09-17T05:32:29.359274659Z,book,scaled,660681595a5e,200,8.379174
2026-09-17T05:32:29.421517779Z,book,scaled,a1cb37b7da6b,200,10.67388
2026-09-17T05:32:29.481316023Z,book,scaled,660681595a5e,200,10.097043
2026-09-17T05:32:29.53990219Z,book,scaled,a1cb37b7da6b,200,8.904967
2026-09-17T05:32:29.599309599Z,book,scaled,348cd506525f,200,8.730004
2026-09-17T05:32:29.659542933Z,book,scaled,a1cb37b7da6b,200,8.562836
2026-09-17T05:32:29.720034601Z,book,scaled,348cd506525f,200,8.980072
2026-09-17T05:32:29.781115902Z,book,scaled,660681595a5e,200,10.413148
2026-09-17T05:32:29.839262451Z,book,scaled,348cd506525f,200,8.55574
2026-09-17T05:32:29.8993627Z,book,scaled,660681595a5e,200,8.229754
2026-09-17T05:32:29.959278227Z,book,scaled,a1cb37b7da6b,200,8.173516
2026-09-17T05:32:30.019498193Z,book,scaled,660681595a5e,200,8.566534
2026-09-17T05:32:30.078969543Z,book,scaled,a1cb37b7da6b,200,7.811894
2026-09-17T05:32:30.13993141Z,book,scaled,348cd506525f,200,9.153668
2026-09-17T05:32:30.19957944Z,book,scaled,a1cb37b7da6b,200,8.557364
2026-09-17T05:32:30.259494881Z,book,scaled,348cd506525f,200,8.418646
2026-09-17T05:32:30.320348973Z,book,scaled,660681595a5e,200,9.247494
2026-09-17T05:32:30.381338243Z,book,scaled,348cd506525f,200,10.39268
2026-09-17T05:32:30.440123153Z,book,scaled,660681595a5e,200,9.212835
2026-09-17T05:32:30.500183174Z,book,scaled,a1cb37b7da6b,200,8.978441
2026-09-17T05:32:30.559086363Z,book,scaled,660681595a5e,200,8.279918
2026-09-17T05:32:30.619317324Z,book,scaled,a1cb37b7da6b,200,8.418946
2026-09-17T05:32:30.681527688Z,book,scaled,348cd506525f,200,10.553703
2026-09-17T05:32:30.740321642Z,book,scaled,a1cb37b7da6b,200,9.077928
2026-09-17T05:32:30.80002125Z,book,scaled,348cd506525f,200,9.041854
2026-09-17T05:32:30.859456551Z,book,scaled,660681595a5e,200,8.593585
2026-09-17T05:32:30.91986045Z,book,scaled,348cd506525f,200,8.751362
2026-09-17T05:32:30.978667802Z,book,scaled,660681595a5e,200,8.272681
2026-09-17T05:32:31.039148242Z,book,scaled,a1cb37b7da6b,200,8.737326
2026-09-17T05:32:31.100112234Z,book,scaled,660681595a5e,200,9.26185
2026-09-17T05:32:31.161964278Z,book,scaled,a1cb37b7da6b,200,10.952192
2026-09-17T05:32:31.220646882Z,book,scaled,348cd506525f,200,9.869017
2026-09-17T05:32:31.282014805Z,book,scaled,a1cb37b7da6b,200,10.754307
2026-09-17T05:32:31.339087248Z,book,scaled,348cd506525f,200,8.372383
2026-09-17T05:32:31.401856691Z,book,scaled,660681595a5e,200,11.14733
2026-09-17T05:32:31.459781381Z,book,scaled,348cd506525f,200,9.419
2026-09-17T05:32:31.520090183Z,book,scaled,660681595a5e,200,8.814301
2026-09-17T05:32:31.579363274Z,book,scaled,a1cb37b7da6b,200,8.528803
2026-09-17T05:32:31.639952938Z,book,scaled,660681595a5e,200,8.952038
2026-09-17T05:32:31.699572302Z,book,scaled,a1cb37b7da6b,200,8.983152
2026-09-17T05:32:31.76005276Z,book,scaled,348cd506525f,200,8.80335
2026-09-17T05:32:31.818846096Z,book,scaled,a1cb37b7da6b,200,8.325135
2026-09-17T05:32:31.879051334Z,book,scaled,348cd506525f,200,8.40389
2026-09-17T05:32:31.938697514Z,book,scaled,660681595a5e,200,7.966108
2026-09-17T05:32:32.000566792Z,book,scaled,348cd506525f,200,9.356244
2026-09-17T05:32:32.060840252Z,book,scaled,660681595a5e,200,9.579074
2026-09-17T05:32:32.120115817Z,book,scaled,a1cb37b7da6b,200,9.679416
2026-09-17T05:32:32.180409995Z,book,scaled,660681595a5e,200,9.627814
2026-09-17T05:32:32.239524855Z,book,scaled,a1cb37b7da6b,200,8.511257
2026-09-17T05:32:32.299461258Z,book,scaled,348cd506525f,200,8.240924
2026-09-17T05:32:32.359831749Z,book,scaled,a1cb37b7da6b,200,8.701484
2026-09-17T05:32:32.422110686Z,book,scaled,348cd506525f,200,11.751311
2026-09-17T05:32:32.478904329Z,book,scaled,660681595a5e,200,8.331143
2026-09-17T05:32:32.540156841Z,book,scaled,348cd506525f,200,9.302772
2026-09-17T05:32:32.600529053Z,book,scaled,660681595a5e,200,9.622682
2026-09-17T05:32:32.6598649Z,book,scaled,a1cb37b7da6b,200,8.536832
2026-09-17T05:32:32.720022585Z,book,scaled,660681595a5e,200,9.633128
2026-09-17T05:32:32.781101935Z,book,scaled,a1cb37b7da6b,200,10.352244
2026-09-17T05:32:32.839619431Z,book,scaled,348cd506525f,200,8.822672
2026-09-17T05:32:32.899207897Z,book,scaled,a1cb37b7da6b,200,8.584742
2026-09-17T05:32:32.960070502Z,book,scaled,348cd506525f,200,9.101219
2026-09-17T05:32:33.019585212Z,book,scaled,660681595a5e,200,9.054216
2026-09-17T05:32:33.07954359Z,book,scaled,348cd506525f,200,8.405036
2026-09-17T05:32:33.141352596Z,book,scaled,660681595a5e,200,10.224161
2026-09-17T05:32:33.199345009Z,book,scaled,a1cb37b7da6b,200,8.316969
2026-09-17T05:32:33.263253918Z,book,scaled,660681595a5e,200,12.059298
2026-09-17T05:32:33.320201683Z,book,scaled,a1cb37b7da6b,200,9.646434
2026-09-17T05:32:33.380278829Z,book,scaled,348cd506525f,200,9.409065
2026-09-17T05:32:33.440417594Z,book,scaled,a1cb37b7da6b,200,9.552174
2026-09-17T05:32:33.500048395Z,book,scaled,348cd506525f,200,8.926788
2026-09-17T05:32:33.560521474Z,book,scaled,660681595a5e,200,9.609712
2026-09-17T05:32:33.620772931Z,book,scaled,348cd506525f,200,9.339724
2026-09-17T05:32:33.680892029Z,book,scaled,660681595a5e,200,10.278345
2026-09-17T05:32:33.740472181Z,book,scaled,a1cb37b7da6b,200,9.602885
2026-09-17T05:32:33.801198488Z,book,scaled,660681595a5e,200,9.988306
2026-09-17T05:32:33.858992758Z,book,scaled,a1cb37b7da6b,200,8.020561
2026-09-17T05:32:33.921327818Z,book,scaled,348cd506525f,200,10.488163
2026-09-17T05:32:33.980867427Z,book,scaled,a1cb37b7da6b,200,9.636479
2026-09-17T05:32:34.039787739Z,book,scaled,348cd506525f,200,9.223367
2026-09-17T05:32:34.101598375Z,book,scaled,660681595a5e,200,11.159016
2026-09-17T05:32:34.160337545Z,book,scaled,348cd506525f,200,9.044546
2026-09-17T05:32:34.220713108Z,book,scaled,660681595a5e,200,9.651574
2026-09-17T05:32:34.279206353Z,book,scaled,a1cb37b7da6b,200,8.463625
2026-09-17T05:32:34.340605002Z,book,scaled,660681595a5e,200,9.664936
2026-09-17T05:32:34.401668489Z,book,scaled,a1cb37b7da6b,200,10.336908
2026-09-17T05:32:34.464161039Z,book,scaled,348cd506525f,200,12.841168
2026-09-17T05:32:34.520121777Z,book,scaled,a1cb37b7da6b,200,9.529156
2026-09-17T05:32:34.580702109Z,book,scaled,348cd506525f,200,9.865218
2026-09-17T05:32:34.640899011Z,book,scaled,660681595a5e,200,9.544488
2026-09-17T05:32:34.700453483Z,book,scaled,348cd506525f,200,9.88626
2026-09-17T05:32:34.76054904Z,book,scaled,660681595a5e,200,9.356021
2026-09-17T05:32:34.819526235Z,book,scaled,a1cb37b7da6b,200,9.176224
2026-09-17T05:32:34.883131614Z,book,scaled,660681595a5e,200,12.037967
2026-09-17T05:32:34.940285763Z,book,scaled,a1cb37b7da6b,200,8.994752
2026-09-17T05:32:34.999007072Z,book,scaled,348cd506525f,200,7.996169
2026-09-17T05:32:35.058632598Z,book,scaled,a1cb37b7da6b,200,8.027512
2026-09-17T05:32:35.119207145Z,book,scaled,348cd506525f,200,8.101876
2026-09-17T05:32:35.179034184Z,book,scaled,660681595a5e,200,8.050072
2026-09-17T05:32:35.239448087Z,book,scaled,348cd506525f,200,8.526759
2026-09-17T05:32:35.299179322Z,book,scaled,660681595a5e,200,8.215133
2026-09-17T05:32:35.359147951Z,book,scaled,a1cb37b7da6b,200,8.347601
2026-09-17T05:32:35.419138201Z,book,scaled,660681595a5e,200,8.200718
2026-09-17T05:32:35.478980935Z,book,scaled,a1cb37b7da6b,200,7.984301
2026-09-17T05:32:35.538773332Z,book,scaled,348cd506525f,200,8.214068
2026-09-17T05:32:35.599468913Z,book,scaled,a1cb37b7da6b,200,8.761809
2026-09-17T05:32:35.659257259Z,book,scaled,348cd506525f,200,8.277877
2026-09-17T05:32:35.719157127Z,book,scaled,660681595a5e,200,8.277446
2026-09-17T05:32:35.778971101Z,book,scaled,348cd506525f,200,7.93838
2026-09-17T05:32:35.840480217Z,book,scaled,660681595a5e,200,9.903251
2026-09-17T05:32:35.89987651Z,book,scaled,a1cb37b7da6b,200,8.65055
2026-09-17T05:32:35.959183999Z,book,scaled,660681595a5e,200,8.455454
2026-09-17T05:32:36.018458604Z,book,scaled,a1cb37b7da6b,200,7.642497
2026-09-17T05:32:36.079105901Z,book,scaled,348cd506525f,200,7.992009
2026-09-17T05:32:36.139708963Z,book,scaled,a1cb37b7da6b,200,8.766314
2026-09-17T05:32:36.199306792Z,book,scaled,348cd506525f,200,8.564226
2026-09-17T05:32:36.260189129Z,book,scaled,660681595a5e,200,9.217961
2026-09-17T05:32:36.319188396Z,book,scaled,348cd506525f,200,8.305874
2026-09-17T05:32:36.378538065Z,book,scaled,660681595a5e,200,7.55029
2026-09-17T05:32:36.441365096Z,book,scaled,a1cb37b7da6b,200,10.287615
2026-09-17T05:32:36.500688583Z,book,scaled,660681595a5e,200,9.571904
2026-09-17T05:32:36.559610073Z,book,scaled,a1cb37b7da6b,200,8.20484
2026-09-17T05:32:36.619473305Z,book,scaled,348cd506525f,200,8.396605
2026-09-17T05:32:36.67937994Z,book,scaled,a1cb37b7da6b,200,8.237494
2026-09-17T05:32:36.739836259Z,book,scaled,348cd506525f,200,8.64746
2026-09-17T05:32:36.799104987Z,book,scaled,660681595a5e,200,8.568991
2026-09-17T05:32:36.858789237Z,book,scaled,348cd506525f,200,8.189701
2026-09-17T05:32:36.919483927Z,book,scaled,660681595a5e,200,9.11784
2026-09-17T05:32:36.978781528Z,book,scaled,a1cb37b7da6b,200,7.593758
2026-09-17T05:32:37.039255657Z,book,scaled,660681595a5e,200,8.046597
2026-09-17T05:32:37.099311666Z,book,scaled,a1cb37b7da6b,200,8.498982
2026-09-17T05:32:37.159089233Z,book,scaled,348cd506525f,200,8.253516
2026-09-17T05:32:37.219371074Z,book,scaled,a1cb37b7da6b,200,8.26731
2026-09-17T05:32:37.2798471Z,book,scaled,348cd506525f,200,8.79974
2026-09-17T05:32:37.338839747Z,book,scaled,660681595a5e,200,8.31993
2026-09-17T05:32:37.398351016Z,book,scaled,348cd506525f,200,7.877332
2026-09-17T05:32:37.459248202Z,book,scaled,660681595a5e,200,8.172411
2026-09-17T05:32:37.519162087Z,book,scaled,a1cb37b7da6b,200,8.33885
2026-09-17T05:32:37.578395969Z,book,scaled,660681595a5e,200,7.660568
2026-09-17T05:32:37.638354007Z,book,scaled,a1cb37b7da6b,200,7.127629
2026-09-17T05:32:37.698450912Z,book,scaled,348cd506525f,200,7.336737
2026-09-17T05:32:37.759932827Z,book,scaled,a1cb37b7da6b,200,8.855884
2026-09-17T05:32:37.818665127Z,book,scaled,348cd506525f,200,8.112586
2026-09-17T05:32:37.878137948Z,book,scaled,660681595a5e,200,7.896479
2026-09-17T05:32:37.938728181Z,book,scaled,348cd506525f,200,8.00054
2026-09-17T05:32:37.998855589Z,book,scaled,660681595a5e,200,8.484656
2026-09-17T05:32:38.059712705Z,book,scaled,a1cb37b7da6b,200,9.292452
2026-09-17T05:32:38.119033323Z,book,scaled,660681595a5e,200,7.739833
2026-09-17T05:32:38.17865715Z,book,scaled,a1cb37b7da6b,200,7.744803
2026-09-17T05:32:38.239635393Z,book,scaled,348cd506525f,200,8.976522
2026-09-17T05:32:38.30005182Z,book,scaled,a1cb37b7da6b,200,8.772809
2026-09-17T05:32:38.359090989Z,book,scaled,348cd506525f,200,8.392125
2026-09-17T05:32:38.419818666Z,book,scaled,660681595a5e,200,9.09804
2026-09-17T05:32:38.478917119Z,book,scaled,348cd506525f,200,8.224574
2026-09-17T05:32:38.538885758Z,book,scaled,660681595a5e,200,8.17121
2026-09-17T05:32:38.600277103Z,book,scaled,a1cb37b7da6b,200,8.954736
2026-09-17T05:32:38.659660299Z,book,scaled,660681595a5e,200,8.616064
2026-09-17T05:32:38.719749495Z,book,scaled,a1cb37b7da6b,200,8.593537
2026-09-17T05:32:38.77880379Z,book,scaled,348cd506525f,200,8.173826
2026-09-17T05:32:38.839572735Z,book,scaled,a1cb37b7da6b,200,8.218304
2026-09-17T05:32:38.899241455Z,book,scaled,348cd506525f,200,8.071394
2026-09-17T05:32:38.959485676Z,book,scaled,660681595a5e,200,8.562931
2026-09-17T05:32:39.019521024Z,book,scaled,348cd506525f,200,8.419126
2026-09-17T05:32:39.079167778Z,book,scaled,660681595a5e,200,7.937241
2026-09-17T05:32:39.139086892Z,book,scaled,a1cb37b7da6b,200,8.212777
2026-09-17T05:32:39.199586728Z,book,scaled,660681595a5e,200,8.513567
2026-09-17T05:32:39.259060505Z,book,scaled,a1cb37b7da6b,200,7.890472
2026-09-17T05:32:39.318859878Z,book,scaled,348cd506525f,200,8.085715
2026-09-17T05:32:39.379114668Z,book,scaled,a1cb37b7da6b,200,8.825716
2026-09-17T05:32:39.438698622Z,book,scaled,348cd506525f,200,7.895522
2026-09-17T05:32:39.500144195Z,book,scaled,660681595a5e,200,8.928229
2026-09-17T05:32:39.559300362Z,book,scaled,348cd506525f,200,8.457408
2026-09-17T05:32:39.61898127Z,book,scaled,660681595a5e,200,7.947256
2026-09-17T05:32:39.677846215Z,book,scaled,a1cb37b7da6b,200,7.527655
2026-09-17T05:32:39.738883085Z,book,scaled,660681595a5e,200,8.292818
2026-09-17T05:32:39.798852324Z,book,scaled,a1cb37b7da6b,200,8.001075
2026-09-17T05:32:39.858077053Z,book,scaled,348cd506525f,200,7.754593
2026-09-17T05:32:39.91957652Z,book,scaled,a1cb37b7da6b,200,8.763062
2026-09-17T05:32:39.9800427Z,book,scaled,348cd506525f,200,8.927969
2026-09-17T05:32:40.03896151Z,book,scaled,660681595a5e,200,8.290974
2026-09-17T05:32:40.09926173Z,book,scaled,348cd506525f,200,8.348211
2026-09-17T05:32:40.1608184Z,book,scaled,660681595a5e,200,9.724759
2026-09-17T05:32:40.21892839Z,book,scaled,a1cb37b7da6b,200,8.277477
2026-09-17T05:32:40.278440673Z,book,scaled,660681595a5e,200,8.018025
2026-09-17T05:32:40.338989493Z,book,scaled,a1cb37b7da6b,200,7.954686
2026-09-17T05:32:40.399143044Z,book,scaled,348cd506525f,200,8.490771
2026-09-17T05:32:40.458873317Z,book,scaled,a1cb37b7da6b,200,8.127378
2026-09-17T05:32:40.518708456Z,book,scaled,348cd506525f,200,8.33002
2026-09-17T05:32:40.578885242Z,book,scaled,660681595a5e,200,8.193197
2026-09-17T05:32:40.638882573Z,book,scaled,348cd506525f,200,8.305512
2026-09-17T05:32:40.698678647Z,book,scaled,660681595a5e,200,8.159323
2026-09-17T05:32:40.759144502Z,book,scaled,a1cb37b7da6b,200,7.890469
2026-09-17T05:32:40.818756214Z,book,scaled,660681595a5e,200,7.922479
2026-09-17T05:32:40.87876806Z,book,scaled,a1cb37b7da6b,200,8.180506
2026-09-17T05:32:40.938616355Z,book,scaled,348cd506525f,200,8.148734
2026-09-17T05:32:40.999324902Z,book,scaled,a1cb37b7da6b,200,8.007548
2026-09-17T05:32:41.059365356Z,book,scaled,348cd506525f,200,8.464182
2026-09-17T05:32:41.119037918Z,book,scaled,660681595a5e,200,8.078984
2026-09-17T05:32:41.178769923Z,book,scaled,348cd506525f,200,7.980244
2026-09-17T05:32:41.239134328Z,book,scaled,660681595a5e,200,8.766658
2026-09-17T05:32:41.300499677Z,book,scaled,a1cb37b7da6b,200,9.745092
2026-09-17T05:32:41.360066361Z,book,scaled,660681595a5e,200,8.982974
2026-09-17T05:32:41.419763139Z,book,scaled,a1cb37b7da6b,200,8.991264
2026-09-17T05:32:41.481398466Z,book,scaled,348cd506525f,200,9.929757
2026-09-17T05:32:41.54103623Z,book,scaled,a1cb37b7da6b,200,9.988728
2026-09-17T05:32:41.599116993Z,book,scaled,348cd506525f,200,8.41746
2026-09-17T05:32:41.660538488Z,book,scaled,660681595a5e,200,9.573198
2026-09-17T05:32:41.720446423Z,book,scaled,348cd506525f,200,9.5557
2026-09-17T05:32:41.779157289Z,book,scaled,660681595a5e,200,8.053702
2026-09-17T05:32:41.839184087Z,book,scaled,a1cb37b7da6b,200,8.27456
2026-09-17T05:32:41.905667069Z,book,scaled,660681595a5e,200,14.270218
2026-09-17T05:32:41.963229669Z,book,scaled,a1cb37b7da6b,200,11.666542
2026-09-17T05:32:42.020582572Z,book,scaled,348cd506525f,200,9.960985
2026-09-17T05:32:42.080305971Z,book,scaled,a1cb37b7da6b,200,9.154395
2026-09-17T05:32:42.140144767Z,book,scaled,348cd506525f,200,8.9267
2026-09-17T05:32:42.198863174Z,book,scaled,660681595a5e,200,8.052307
2026-09-17T05:32:42.258467226Z,book,scaled,348cd506525f,200,8.050146
2026-09-17T05:32:42.318884968Z,book,scaled,660681595a5e,200,7.990365
2026-09-17T05:32:42.378075421Z,book,scaled,a1cb37b7da6b,200,7.610577
2026-09-17T05:32:42.440303884Z,book,scaled,660681595a5e,200,9.38452
2026-09-17T05:32:42.499121762Z,book,scaled,a1cb37b7da6b,200,8.208818
2026-09-17T05:32:42.559035901Z,book,scaled,348cd506525f,200,8.133091
2026-09-17T05:32:42.618746286Z,book,scaled,a1cb37b7da6b,200,8.10145
2026-09-17T05:32:42.678877454Z,book,scaled,348cd506525f,200,8.329965
2026-09-17T05:32:42.739404953Z,book,scaled,660681595a5e,200,8.72804
2026-09-17T05:32:42.800125875Z,book,scaled,348cd506525f,200,8.951304
2026-09-17T05:32:42.859432318Z,book,scaled,660681595a5e,200,8.56305
2026-09-17T05:32:42.920499079Z,book,scaled,a1cb37b7da6b,200,9.536538
2026-09-17T05:32:42.979689275Z,book,scaled,660681595a5e,200,8.543017
2026-09-17T05:32:43.040663221Z,book,scaled,a1cb37b7da6b,200,9.407541
2026-09-17T05:32:43.09875823Z,book,scaled,348cd506525f,200,8.24862
2026-09-17T05:32:43.158196167Z,book,scaled,a1cb37b7da6b,200,7.916545
2026-09-17T05:32:43.219157728Z,book,scaled,348cd506525f,200,8.165034
2026-09-17T05:32:43.279501035Z,book,scaled,660681595a5e,200,8.610531
2026-09-17T05:32:43.339073Z,book,scaled,348cd506525f,200,7.654767
2026-09-17T05:32:43.399399622Z,book,scaled,660681595a5e,200,8.631273
2026-09-17T05:32:43.459217497Z,book,scaled,a1cb37b7da6b,200,8.15266
2026-09-17T05:32:43.51917105Z,book,scaled,660681595a5e,200,8.381063
2026-09-17T05:32:43.578633904Z,book,scaled,a1cb37b7da6b,200,7.850066
2026-09-17T05:32:43.639208224Z,book,scaled,348cd506525f,200,8.052988
2026-09-17T05:32:43.698841826Z,book,scaled,a1cb37b7da6b,200,8.10542
2026-09-17T05:32:43.759574868Z,book,scaled,348cd506525f,200,9.09371
2026-09-17T05:32:43.820763588Z,book,scaled,660681595a5e,200,9.545421
2026-09-17T05:32:43.879791424Z,book,scaled,348cd506525f,200,8.432142
2026-09-17T05:32:43.938606036Z,book,scaled,660681595a5e,200,8.252341
2026-09-17T05:32:43.999386922Z,book,scaled,a1cb37b7da6b,200,8.165065
2026-09-17T05:32:44.059351735Z,book,scaled,660681595a5e,200,8.317893
2026-09-17T05:32:44.119400594Z,book,scaled,a1cb37b7da6b,200,8.409898
2026-09-17T05:32:44.179768893Z,book,scaled,348cd506525f,200,8.729058
2026-09-17T05:32:44.238120027Z,book,scaled,a1cb37b7da6b,200,7.593813
2026-09-17T05:32:44.300135569Z,book,scaled,348cd506525f,200,9.278384
2026-09-17T05:32:44.358700205Z,book,scaled,660681595a5e,200,8.046757
2026-09-17T05:32:44.419734737Z,book,scaled,348cd506525f,200,8.40758
2026-09-17T05:32:44.478328275Z,book,scaled,660681595a5e,200,7.932109
2026-09-17T05:32:44.540510271Z,book,scaled,a1cb37b7da6b,200,9.483635
2026-09-17T05:32:44.598955197Z,book,scaled,660681595a5e,200,7.824173
2026-09-17T05:32:44.659048698Z,book,scaled,a1cb37b7da6b,200,8.128211
2026-09-17T05:32:44.719187258Z,book,scaled,348cd506525f,200,8.522322
2026-09-17T05:32:44.779256258Z,book,scaled,a1cb37b7da6b,200,8.447778
2026-09-17T05:32:44.839579883Z,book,scaled,348cd506525f,200,8.68636
2026-09-17T05:32:44.900176261Z,book,scaled,660681595a5e,200,8.975044
2026-09-17T05:32:44.958659993Z,book,scaled,348cd506525f,200,7.764669
2026-09-17T05:32:45.018884153Z,book,scaled,660681595a5e,200,7.710688
2026-09-17T05:32:45.078922012Z,book,scaled,a1cb37b7da6b,200,8.053859
2026-09-17T05:32:45.139358865Z,book,scaled,660681595a5e,200,8.773102
2026-09-17T05:32:45.199522251Z,book,scaled,a1cb37b7da6b,200,8.44016
2026-09-17T05:32:45.259122102Z,book,scaled,348cd506525f,200,7.77603
2026-09-17T05:32:45.319709355Z,book,scaled,a1cb37b7da6b,200,8.974703
2026-09-17T05:32:45.379185219Z,book,scaled,348cd506525f,200,7.902519
2026-09-17T05:32:45.439238418Z,book,scaled,660681595a5e,200,8.422261
2026-09-17T05:32:45.501718363Z,book,scaled,348cd506525f,200,10.844024
2026-09-17T05:32:45.560209872Z,book,scaled,660681595a5e,200,9.71657
2026-09-17T05:32:45.618812911Z,book,scaled,a1cb37b7da6b,200,7.93593
2026-09-17T05:32:45.678976874Z,book,scaled,660681595a5e,200,8.558964
2026-09-17T05:32:45.738787663Z,book,scaled,a1cb37b7da6b,200,8.166961
2026-09-17T05:32:45.799687305Z,book,scaled,348cd506525f,200,8.381894
2026-09-17T05:32:45.859031211Z,book,scaled,a1cb37b7da6b,200,7.663923
2026-09-17T05:32:45.918730059Z,book,scaled,348cd506525f,200,8.018696
2026-09-17T05:32:45.978658627Z,book,scaled,660681595a5e,200,8.395949
2026-09-17T05:32:46.039324976Z,book,scaled,348cd506525f,200,8.204021
2026-09-17T05:32:46.099357195Z,book,scaled,660681595a5e,200,8.43092
2026-09-17T05:32:46.159318389Z,book,scaled,a1cb37b7da6b,200,8.432045
2026-09-17T05:32:46.219281922Z,book,scaled,660681595a5e,200,8.200417
2026-09-17T05:32:46.280239333Z,book,scaled,a1cb37b7da6b,200,9.278548
2026-09-17T05:32:46.339487215Z,book,scaled,348cd506525f,200,8.403521
2026-09-17T05:32:46.39893348Z,book,scaled,a1cb37b7da6b,200,8.114454
2026-09-17T05:32:46.458630022Z,book,scaled,348cd506525f,200,8.308227
2026-09-17T05:32:46.520218572Z,book,scaled,660681595a5e,200,9.068226
2026-09-17T05:32:46.579800933Z,book,scaled,348cd506525f,200,8.966815
2026-09-17T05:32:46.639364497Z,book,scaled,660681595a5e,200,8.065354
2026-09-17T05:32:46.699510862Z,book,scaled,a1cb37b7da6b,200,8.523301
2026-09-17T05:32:46.758872768Z,book,scaled,660681595a5e,200,7.71002
2026-09-17T05:32:46.818442003Z,book,scaled,a1cb37b7da6b,200,8.035165
2026-09-17T05:32:46.879162365Z,book,scaled,348cd506525f,200,8.146063
2026-09-17T05:32:46.939067915Z,book,scaled,a1cb37b7da6b,200,8.195867
2026-09-17T05:32:46.998965205Z,book,scaled,348cd506525f,200,8.238144
2026-09-17T05:32:47.058800916Z,book,scaled,660681595a5e,200,8.189922
2026-09-17T05:32:47.119587089Z,book,scaled,348cd506525f,200,8.267964
2026-09-17T05:32:47.179643698Z,book,scaled,660681595a5e,200,8.388212
2026-09-17T05:32:47.239827272Z,book,scaled,a1cb37b7da6b,200,8.506085
2026-09-17T05:32:47.299629672Z,book,scaled,660681595a5e,200,9.246198
2026-09-17T05:32:47.358119399Z,book,scaled,a1cb37b7da6b,200,7.773321
2026-09-17T05:32:47.41933027Z,book,scaled,348cd506525f,200,8.624343
2026-09-17T05:32:47.478331144Z,book,scaled,a1cb37b7da6b,200,7.515074
2026-09-17T05:32:47.538933626Z,book,scaled,348cd506525f,200,8.032496
2026-09-17T05:32:47.598862083Z,book,scaled,660681595a5e,200,8.282076
2026-09-17T05:32:47.658302664Z,book,scaled,348cd506525f,200,7.915143
2026-09-17T05:32:47.718630786Z,book,scaled,660681595a5e,200,7.730776
2026-09-17T05:32:47.780085871Z,book,scaled,a1cb37b7da6b,200,9.026084
2026-09-17T05:32:47.83890844Z,book,scaled,660681595a5e,200,7.992844
2026-09-17T05:32:47.900587503Z,book,scaled,a1cb37b7da6b,200,10.086312
2026-09-17T05:32:47.959119944Z,book,scaled,348cd506525f,200,8.03715
2026-09-17T05:32:48.019277025Z,book,scaled,a1cb37b7da6b,200,8.548372
2026-09-17T05:32:48.078995305Z,book,scaled,348cd506525f,200,8.148739
2026-09-17T05:32:48.138395024Z,book,scaled,660681595a5e,200,7.814713
2026-09-17T05:32:48.199867163Z,book,scaled,348cd506525f,200,8.565469
2026-09-17T05:32:48.259100363Z,book,scaled,660681595a5e,200,8.623543
2026-09-17T05:32:48.319327752Z,book,scaled,a1cb37b7da6b,200,8.449295
2026-09-17T05:32:48.379452095Z,book,scaled,660681595a5e,200,8.458411
2026-09-17T05:32:48.438738778Z,book,scaled,a1cb37b7da6b,200,7.458061
2026-09-17T05:32:48.499535998Z,book,scaled,348cd506525f,200,8.616263
2026-09-17T05:32:48.559349817Z,book,scaled,a1cb37b7da6b,200,8.268831
2026-09-17T05:32:48.61907406Z,book,scaled,348cd506525f,200,8.087753
2026-09-17T05:32:48.679347956Z,book,scaled,660681595a5e,200,8.624132
2026-09-17T05:32:48.739273678Z,book,scaled,348cd506525f,200,8.266322
2026-09-17T05:32:48.799371001Z,book,scaled,660681595a5e,200,8.472604
2026-09-17T05:32:48.858156533Z,book,scaled,a1cb37b7da6b,200,7.28395
2026-09-17T05:32:48.917792686Z,book,scaled,660681595a5e,200,7.991754
2026-09-17T05:32:48.97710289Z,book,scaled,a1cb37b7da6b,200,7.830244
2026-09-17T05:32:49.037473316Z,book,scaled,348cd506525f,200,7.969097
2026-09-17T05:32:49.097106524Z,book,scaled,a1cb37b7da6b,200,8.028765
2026-09-17T05:32:49.157750925Z,book,scaled,348cd506525f,200,8.173679
2026-09-17T05:32:49.219034844Z,book,scaled,660681595a5e,200,9.833754
2026-09-17T05:32:49.279322142Z,book,scaled,348cd506525f,200,9.744658
2026-09-17T05:32:49.337828423Z,book,scaled,660681595a5e,200,8.974659
2026-09-17T05:32:49.397455663Z,book,scaled,a1cb37b7da6b,200,7.977661
2026-09-17T05:32:49.457601104Z,book,scaled,660681595a5e,200,8.549953
2026-09-17T05:32:49.519710123Z,book,scaled,a1cb37b7da6b,200,10.426807
2026-09-17T05:32:49.581050088Z,book,scaled,348cd506525f,200,11.558971
2026-09-17T05:32:49.639379902Z,book,scaled,a1cb37b7da6b,200,9.786777
2026-09-17T05:32:49.697720118Z,book,scaled,348cd506525f,200,8.5709
2026-09-17T05:32:49.757706679Z,book,scaled,660681595a5e,200,8.23002
2026-09-17T05:32:49.818844124Z,book,scaled,348cd506525f,200,9.331178
2026-09-17T05:32:49.879897229Z,book,scaled,660681595a5e,200,10.533278
2026-09-17T05:32:49.938397583Z,book,scaled,a1cb37b7da6b,200,8.795796
2026-09-17T05:32:49.998103259Z,book,scaled,660681595a5e,200,8.703561
2026-09-17T05:32:50.058247379Z,book,scaled,a1cb37b7da6b,200,8.570585
2026-09-17T05:32:50.118094837Z,book,scaled,348cd506525f,200,9.242046
2026-09-17T05:32:50.178822411Z,book,scaled,a1cb37b7da6b,200,9.089649
2026-09-17T05:32:50.238425755Z,book,scaled,348cd506525f,200,8.689921
2026-09-17T05:32:50.298259139Z,book,scaled,660681595a5e,200,9.098795
2026-09-17T05:32:50.358793171Z,book,scaled,348cd506525f,200,9.48126
2026-09-17T05:32:50.41790188Z,book,scaled,660681595a5e,200,8.394444
2026-09-17T05:32:50.478176682Z,book,scaled,a1cb37b7da6b,200,8.596386
2026-09-17T05:32:50.537998405Z,book,scaled,660681595a5e,200,8.841931
2026-09-17T05:32:50.597621507Z,book,scaled,a1cb37b7da6b,200,8.807889
2026-09-17T05:32:50.657645699Z,book,scaled,348cd506525f,200,8.249446
2026-09-17T05:32:50.718575983Z,book,scaled,a1cb37b7da6b,200,9.272954
2026-09-17T05:32:50.777698877Z,book,scaled,348cd506525f,200,8.531414
2026-09-17T05:32:50.837656457Z,book,scaled,660681595a5e,200,8.291906
2026-09-17T05:32:50.898347954Z,book,scaled,348cd506525f,200,9.073412
2026-09-17T05:32:50.958790051Z,book,scaled,660681595a5e,200,9.886307
2026-09-17T05:32:51.018836006Z,book,scaled,a1cb37b7da6b,200,9.418836
2026-09-17T05:32:51.078087398Z,book,scaled,660681595a5e,200,8.713684
2026-09-17T05:32:51.137758991Z,book,scaled,a1cb37b7da6b,200,8.116869
2026-09-17T05:32:51.198898412Z,book,scaled,348cd506525f,200,9.281649
2026-09-17T05:32:51.258876849Z,book,scaled,a1cb37b7da6b,200,9.467324
2026-09-17T05:32:51.318335171Z,book,scaled,348cd506525f,200,8.944696
2026-09-17T05:32:51.377485704Z,book,scaled,660681595a5e,200,8.711662
2026-09-17T05:32:51.440421309Z,book,scaled,348cd506525f,200,11.446724
2026-09-17T05:32:51.498383644Z,book,scaled,660681595a5e,200,9.326306
2026-09-17T05:32:51.557659291Z,book,scaled,a1cb37b7da6b,200,8.717044
2026-09-17T05:32:51.61799287Z,book,scaled,660681595a5e,200,8.806507
2026-09-17T05:32:51.677954526Z,book,scaled,a1cb37b7da6b,200,8.220491
2026-09-17T05:32:51.73736397Z,book,scaled,348cd506525f,200,7.851754
2026-09-17T05:32:51.796932185Z,book,scaled,a1cb37b7da6b,200,7.823409
2026-09-17T05:32:51.857976448Z,book,scaled,348cd506525f,200,8.443566
2026-09-17T05:32:51.917888756Z,book,scaled,660681595a5e,200,8.387364
2026-09-17T05:32:51.977493466Z,book,scaled,348cd506525f,200,7.988882
2026-09-17T05:32:52.037424106Z,book,scaled,660681595a5e,200,8.267904
2026-09-17T05:32:52.097224226Z,book,scaled,a1cb37b7da6b,200,8.201863
2026-09-17T05:32:52.157858743Z,book,scaled,660681595a5e,200,8.051685
2026-09-17T05:32:52.217059051Z,book,scaled,a1cb37b7da6b,200,7.505035
2026-09-17T05:32:52.277749903Z,book,scaled,348cd506525f,200,8.275339
2026-09-17T05:32:52.33802831Z,book,scaled,a1cb37b7da6b,200,8.406972
2026-09-17T05:32:52.397821758Z,book,scaled,348cd506525f,200,8.217729
2026-09-17T05:32:52.458081576Z,book,scaled,660681595a5e,200,8.418713
2026-09-17T05:32:52.518031901Z,book,scaled,348cd506525f,200,8.455108
2026-09-17T05:32:52.578754143Z,book,scaled,660681595a5e,200,9.105475
2026-09-17T05:32:52.637288692Z,book,scaled,a1cb37b7da6b,200,7.922348
2026-09-17T05:32:52.699137343Z,book,scaled,660681595a5e,200,9.946636
2026-09-17T05:32:52.758050875Z,book,scaled,a1cb37b7da6b,200,8.245542
2026-09-17T05:32:52.817340943Z,book,scaled,348cd506525f,200,7.716428
2026-09-17T05:32:52.877970739Z,book,scaled,a1cb37b7da6b,200,9.080412
2026-09-17T05:32:52.937382123Z,book,scaled,348cd506525f,200,7.778615
2026-09-17T05:32:52.997300577Z,book,scaled,660681595a5e,200,8.183142
2026-09-17T05:32:53.058120846Z,book,scaled,348cd506525f,200,9.333987
2026-09-17T05:32:53.118252113Z,book,scaled,660681595a5e,200,8.554158
2026-09-17T05:32:53.178054868Z,book,scaled,a1cb37b7da6b,200,8.794551
2026-09-17T05:32:53.238121635Z,book,scaled,660681595a5e,200,8.390281
2026-09-17T05:32:53.29791822Z,book,scaled,a1cb37b7da6b,200,8.239977
2026-09-17T05:32:53.357678828Z,book,scaled,348cd506525f,200,8.125839
2026-09-17T05:32:53.41733354Z,book,scaled,a1cb37b7da6b,200,8.033274
2026-09-17T05:32:53.477080208Z,book,scaled,348cd506525f,200,8.249006
2026-09-17T05:32:53.537508694Z,book,scaled,660681595a5e,200,7.965027
2026-09-17T05:32:53.59751066Z,book,scaled,348cd506525f,200,8.203578
2026-09-17T05:32:53.657385062Z,book,scaled,660681595a5e,200,8.262677
2026-09-17T05:32:53.71765022Z,book,scaled,a1cb37b7da6b,200,8.893072
2026-09-17T05:32:53.777054481Z,book,scaled,660681595a5e,200,7.716759
2026-09-17T05:32:53.838052119Z,book,scaled,a1cb37b7da6b,200,8.511672
2026-09-17T05:32:53.897426935Z,book,scaled,348cd506525f,200,7.993362
2026-09-17T05:32:53.95738763Z,book,scaled,a1cb37b7da6b,200,8.148741
2026-09-17T05:32:54.017655112Z,book,scaled,348cd506525f,200,8.703443
2026-09-17T05:32:54.077002739Z,book,scaled,660681595a5e,200,7.72933
2026-09-17T05:32:54.13717664Z,book,scaled,348cd506525f,200,7.620061
2026-09-17T05:32:54.197562115Z,book,scaled,660681595a5e,200,7.790106
2026-09-17T05:32:54.257685318Z,book,scaled,a1cb37b7da6b,200,8.523336
2026-09-17T05:32:54.31926478Z,book,scaled,660681595a5e,200,10.062658
2026-09-17T05:32:54.37830728Z,book,scaled,a1cb37b7da6b,200,8.615457
2026-09-17T05:32:54.43704976Z,book,scaled,348cd506525f,200,8.199984
2026-09-17T05:32:54.498437309Z,book,scaled,a1cb37b7da6b,200,8.920515
2026-09-17T05:32:54.557624588Z,book,scaled,348cd506525f,200,8.333672
2026-09-17T05:32:54.617549835Z,book,scaled,660681595a5e,200,8.214019
2026-09-17T05:32:54.677613449Z,book,scaled,348cd506525f,200,8.396665
2026-09-17T05:32:54.737514498Z,book,scaled,660681595a5e,200,8.167407
2026-09-17T05:32:54.797681369Z,book,scaled,a1cb37b7da6b,200,8.239147
2026-09-17T05:32:54.858283742Z,book,scaled,660681595a5e,200,8.927955
2026-09-17T05:32:54.916935095Z,book,scaled,a1cb37b7da6b,200,7.975837
2026-09-17T05:32:54.978882668Z,book,scaled,348cd506525f,200,9.39292
2026-09-17T05:32:55.038681109Z,book,scaled,a1cb37b7da6b,200,9.076493
2026-09-17T05:32:55.098593555Z,book,scaled,348cd506525f,200,8.985041
2026-09-17T05:32:55.160010062Z,book,scaled,660681595a5e,200,10.648425
2026-09-17T05:32:55.218288233Z,book,scaled,348cd506525f,200,8.577644
2026-09-17T05:32:55.276795353Z,book,scaled,660681595a5e,200,7.632503
2026-09-17T05:32:55.337880304Z,book,scaled,a1cb37b7da6b,200,8.411545
2026-09-17T05:32:55.397516916Z,book,scaled,660681595a5e,200,7.95292
2026-09-17T05:32:55.457452205Z,book,scaled,a1cb37b7da6b,200,8.302899
2026-09-17T05:32:55.517456957Z,book,scaled,348cd506525f,200,8.175023
2026-09-17T05:32:55.577393676Z,book,scaled,a1cb37b7da6b,200,8.153902
2026-09-17T05:32:55.63745838Z,book,scaled,348cd506525f,200,8.472259
2026-09-17T05:32:55.697727228Z,book,scaled,660681595a5e,200,8.379554
2026-09-17T05:32:55.758325063Z,book,scaled,348cd506525f,200,8.963951
2026-09-17T05:32:55.816684975Z,book,scaled,660681595a5e,200,7.751146
2026-09-17T05:32:55.876833604Z,book,scaled,a1cb37b7da6b,200,7.484644
2026-09-17T05:32:55.937837797Z,book,scaled,660681595a5e,200,8.192739
2026-09-17T05:32:55.998072013Z,book,scaled,a1cb37b7da6b,200,8.337987
2026-09-17T05:32:56.057755112Z,book,scaled,348cd506525f,200,8.221087
2026-09-17T05:32:56.117161186Z,book,scaled,a1cb37b7da6b,200,7.771466
2026-09-17T05:32:56.177582731Z,book,scaled,348cd506525f,200,7.975626
2026-09-17T05:32:56.23816225Z,book,scaled,660681595a5e,200,9.022799
2026-09-17T05:32:56.296622297Z,book,scaled,348cd506525f,200,7.837805
2026-09-17T05:32:56.35720482Z,book,scaled,660681595a5e,200,7.921217
2026-09-17T05:32:56.419531772Z,book,scaled,a1cb37b7da6b,200,10.676331
2026-09-17T05:32:56.47818914Z,book,scaled,660681595a5e,200,8.85571
2026-09-17T05:32:56.538869629Z,book,scaled,a1cb37b7da6b,200,9.751521
2026-09-17T05:32:56.600062587Z,book,scaled,348cd506525f,200,10.502892
2026-09-17T05:32:56.65859891Z,book,scaled,a1cb37b7da6b,200,8.957521
2026-09-17T05:32:56.72042067Z,book,scaled,348cd506525f,200,11.23644
2026-09-17T05:32:56.778136319Z,book,scaled,660681595a5e,200,8.850936
2026-09-17T05:32:56.838733059Z,book,scaled,348cd506525f,200,9.009124
2026-09-17T05:32:56.898693376Z,book,scaled,660681595a5e,200,9.301471
2026-09-17T05:32:56.957907993Z,book,scaled,a1cb37b7da6b,200,8.479638
2026-09-17T05:32:57.019754015Z,book,scaled,660681595a5e,200,10.222503
2026-09-17T05:32:57.078572438Z,book,scaled,a1cb37b7da6b,200,9.055267
2026-09-17T05:32:57.138999945Z,book,scaled,348cd506525f,200,9.353079
2026-09-17T05:32:57.197760544Z,book,scaled,a1cb37b7da6b,200,8.101054
2026-09-17T05:32:57.257817277Z,book,scaled,348cd506525f,200,8.263955
2026-09-17T05:32:57.318321688Z,book,scaled,660681595a5e,200,8.877995
2026-09-17T05:32:57.377253568Z,book,scaled,348cd506525f,200,8.342588
2026-09-17T05:32:57.437187303Z,book,scaled,660681595a5e,200,8.206952
2026-09-17T05:32:57.497466231Z,book,scaled,a1cb37b7da6b,200,8.678622
2026-09-17T05:32:57.557431306Z,book,scaled,660681595a5e,200,8.237063
2026-09-17T05:32:57.617658894Z,book,scaled,a1cb37b7da6b,200,8.631879
2026-09-17T05:32:57.678119425Z,book,scaled,348cd506525f,200,8.824932
2026-09-17T05:32:57.737283089Z,book,scaled,a1cb37b7da6b,200,8.448755
2026-09-17T05:32:57.7980592Z,book,scaled,348cd506525f,200,9.006532
2026-09-17T05:32:57.857801383Z,book,scaled,660681595a5e,200,8.105564
2026-09-17T05:32:57.918278564Z,book,scaled,348cd506525f,200,8.717395
2026-09-17T05:32:57.978903475Z,book,scaled,660681595a5e,200,10.023979
2026-09-17T05:32:58.039460002Z,book,scaled,a1cb37b7da6b,200,9.828337
2026-09-17T05:32:58.098213581Z,book,scaled,660681595a5e,200,9.209068
2026-09-17T05:32:58.158168347Z,book,scaled,a1cb37b7da6b,200,9.120669
2026-09-17T05:32:58.216926455Z,book,scaled,348cd506525f,200,8.112763
2026-09-17T05:32:58.278149214Z,book,scaled,a1cb37b7da6b,200,8.495924
2026-09-17T05:32:58.337825292Z,book,scaled,348cd506525f,200,8.035535
2026-09-17T05:32:58.398368487Z,book,scaled,660681595a5e,200,8.960869
2026-09-17T05:32:58.456851449Z,book,scaled,348cd506525f,200,7.840281
2026-09-17T05:32:58.518591813Z,book,scaled,660681595a5e,200,9.274451
2026-09-17T05:32:58.577076149Z,book,scaled,a1cb37b7da6b,200,7.761706
2026-09-17T05:32:58.637854383Z,book,scaled,660681595a5e,200,8.311692
2026-09-17T05:32:58.699301239Z,book,scaled,a1cb37b7da6b,200,9.798426
2026-09-17T05:32:58.758371308Z,book,scaled,348cd506525f,200,9.596673
2026-09-17T05:32:58.817187139Z,book,scaled,a1cb37b7da6b,200,8.379441
2026-09-17T05:32:58.877537492Z,book,scaled,348cd506525f,200,8.724849
2026-09-17T05:32:58.937551094Z,book,scaled,660681595a5e,200,8.269235
2026-09-17T05:32:58.997212871Z,book,scaled,348cd506525f,200,7.995861
2026-09-17T05:32:59.058195371Z,book,scaled,660681595a5e,200,8.385997
2026-09-17T05:32:59.117795824Z,book,scaled,a1cb37b7da6b,200,8.16614
2026-09-17T05:32:59.177751614Z,book,scaled,660681595a5e,200,8.486238
2026-09-17T05:32:59.237782006Z,book,scaled,a1cb37b7da6b,200,8.422514
2026-09-17T05:32:59.297923134Z,book,scaled,348cd506525f,200,8.395283
2026-09-17T05:32:59.357192136Z,book,scaled,a1cb37b7da6b,200,7.653185
2026-09-17T05:32:59.418521269Z,book,scaled,348cd506525f,200,8.191995
2026-09-17T05:32:59.476588381Z,book,scaled,660681595a5e,200,7.576063
2026-09-17T05:32:59.53752277Z,book,scaled,348cd506525f,200,8.145917
2026-09-17T05:32:59.598224266Z,book,scaled,660681595a5e,200,8.886705
2026-09-17T05:32:59.658186772Z,book,scaled,a1cb37b7da6b,200,9.307991
2026-09-17T05:32:59.718333211Z,book,scaled,660681595a5e,200,9.540419
2026-09-17T05:32:59.777712391Z,book,scaled,a1cb37b7da6b,200,8.516841
2026-09-17T05:32:59.837688059Z,book,scaled,348cd506525f,200,8.294386
2026-09-17T05:32:59.897555021Z,book,scaled,a1cb37b7da6b,200,8.087593
2026-09-17T05:32:59.957485387Z,book,scaled,348cd506525f,200,8.18941
2026-09-17T05:33:00.020160573Z,book,scaled,660681595a5e,200,10.856494
2026-09-17T05:33:00.077500997Z,book,scaled,348cd506525f,200,7.716827
2026-09-17T05:33:00.137367499Z,book,scaled,660681595a5e,200,8.203831
2026-09-17T05:33:00.19762474Z,book,scaled,a1cb37b7da6b,200,8.502755
2026-09-17T05:33:00.25776536Z,book,scaled,660681595a5e,200,8.321589
2026-09-17T05:33:00.317208907Z,book,scaled,a1cb37b7da6b,200,7.88209
2026-09-17T05:33:00.376594187Z,book,scaled,348cd506525f,200,7.678831
2026-09-17T05:33:00.437693055Z,book,scaled,a1cb37b7da6b,200,8.501765
2026-09-17T05:33:00.498875526Z,book,scaled,348cd506525f,200,9.516735
2026-09-17T05:33:00.55770433Z,book,scaled,660681595a5e,200,8.124345
2026-09-17T05:33:00.617884616Z,book,scaled,348cd506525f,200,8.57219
2026-09-17T05:33:00.677973236Z,book,scaled,660681595a5e,200,8.468867
2026-09-17T05:33:00.73798677Z,book,scaled,a1cb37b7da6b,200,8.310343
2026-09-17T05:33:00.798782547Z,book,scaled,660681595a5e,200,9.115351
2026-09-17T05:33:00.856880511Z,book,scaled,a1cb37b7da6b,200,7.423938
2026-09-17T05:33:00.917774259Z,book,scaled,348cd506525f,200,8.327617
2026-09-17T05:33:00.977187932Z,book,scaled,a1cb37b7da6b,200,7.74003
2026-09-17T05:33:01.037117877Z,book,scaled,348cd506525f,200,8.11361
2026-09-17T05:33:01.097106971Z,book,scaled,660681595a5e,200,8.222336
2026-09-17T05:33:01.158162264Z,book,scaled,348cd506525f,200,8.606677
2026-09-17T05:33:01.218212812Z,book,scaled,660681595a5e,200,8.428141
2026-09-17T05:33:01.278428877Z,book,scaled,a1cb37b7da6b,200,9.507365
2026-09-17T05:33:01.337131965Z,book,scaled,660681595a5e,200,8.206131
2026-09-17T05:33:01.397897286Z,book,scaled,a1cb37b7da6b,200,8.27893
2026-09-17T05:33:01.457919177Z,book,scaled,348cd506525f,200,8.300051
2026-09-17T05:33:01.517240951Z,book,scaled,a1cb37b7da6b,200,7.848061
2026-09-17T05:33:01.576680736Z,book,scaled,348cd506525f,200,7.8879
2026-09-17T05:33:01.639038112Z,book,scaled,660681595a5e,200,9.783365
2026-09-17T05:33:01.697724884Z,book,scaled,348cd506525f,200,8.072791
2026-09-17T05:33:01.757321067Z,book,scaled,660681595a5e,200,7.974434
2026-09-17T05:33:01.817571519Z,book,scaled,a1cb37b7da6b,200,8.289442
2026-09-17T05:33:01.878089838Z,book,scaled,660681595a5e,200,8.743115
2026-09-17T05:33:01.937889544Z,book,scaled,a1cb37b7da6b,200,8.316227
2026-09-17T05:33:01.997379096Z,book,scaled,348cd506525f,200,7.859974
2026-09-17T05:33:02.056291828Z,book,scaled,a1cb37b7da6b,200,7.132875
2026-09-17T05:33:02.11709963Z,book,scaled,348cd506525f,200,8.05887
2026-09-17T05:33:02.177243979Z,book,scaled,660681595a5e,200,8.542661
2026-09-17T05:33:02.238480248Z,book,scaled,348cd506525f,200,9.323711
2026-09-17T05:33:02.297056147Z,book,scaled,660681595a5e,200,7.839775
2026-09-17T05:33:02.358056243Z,book,scaled,a1cb37b7da6b,200,8.45008
2026-09-17T05:33:02.417902922Z,book,scaled,660681595a5e,200,8.297587
2026-09-17T05:33:02.477312574Z,book,scaled,a1cb37b7da6b,200,7.80828
2026-09-17T05:33:02.53789213Z,book,scaled,348cd506525f,200,8.605726
2026-09-17T05:33:02.597647054Z,book,scaled,a1cb37b7da6b,200,8.128945
2026-09-17T05:33:02.657497836Z,book,scaled,348cd506525f,200,8.270365
2026-09-17T05:33:02.717127596Z,book,scaled,660681595a5e,200,7.949339
2026-09-17T05:33:02.777153412Z,book,scaled,348cd506525f,200,8.290077
2026-09-17T05:33:02.83713031Z,book,scaled,660681595a5e,200,7.539347
2026-09-17T05:33:02.897843567Z,book,scaled,a1cb37b7da6b,200,8.197806
2026-09-17T05:33:02.957475242Z,book,scaled,660681595a5e,200,8.153895
2026-09-17T05:33:03.018854843Z,book,scaled,a1cb37b7da6b,200,9.814026
2026-09-17T05:33:03.078085213Z,book,scaled,348cd506525f,200,8.460679
2026-09-17T05:33:03.137613981Z,book,scaled,a1cb37b7da6b,200,7.968364
2026-09-17T05:33:03.197888139Z,book,scaled,348cd506525f,200,8.491178
2026-09-17T05:33:03.257261408Z,book,scaled,660681595a5e,200,7.894831
2026-09-17T05:33:03.318773262Z,book,scaled,348cd506525f,200,8.933499
2026-09-17T05:33:03.378285304Z,book,scaled,660681595a5e,200,8.97093
2026-09-17T05:33:03.438058479Z,book,scaled,a1cb37b7da6b,200,8.272435
2026-09-17T05:33:03.498096597Z,book,scaled,660681595a5e,200,8.456259
2026-09-17T05:33:03.557547744Z,book,scaled,a1cb37b7da6b,200,8.070286
2026-09-17T05:33:03.616906301Z,book,scaled,348cd506525f,200,7.7492
2026-09-17T05:33:03.677557975Z,book,scaled,a1cb37b7da6b,200,8.088067
2026-09-17T05:33:03.738116317Z,book,scaled,348cd506525f,200,8.888681
2026-09-17T05:33:03.797659651Z,book,scaled,660681595a5e,200,8.186778
2026-09-17T05:33:03.857077687Z,book,scaled,348cd506525f,200,7.791839
2026-09-17T05:33:03.917963881Z,book,scaled,660681595a5e,200,8.313198
2026-09-17T05:33:03.977774938Z,book,scaled,a1cb37b7da6b,200,8.165788
2026-09-17T05:33:04.037408204Z,book,scaled,660681595a5e,200,8.106172
2026-09-17T05:33:04.096636625Z,book,scaled,a1cb37b7da6b,200,7.639644
2026-09-17T05:33:04.157235763Z,book,scaled,348cd506525f,200,7.971169
2026-09-17T05:33:04.216787764Z,book,scaled,a1cb37b7da6b,200,7.693245
2026-09-17T05:33:04.278548509Z,book,scaled,348cd506525f,200,8.957599
2026-09-17T05:33:04.338511266Z,book,scaled,660681595a5e,200,9.262221
2026-09-17T05:33:04.398318973Z,book,scaled,348cd506525f,200,9.111324
2026-09-17T05:33:04.457824039Z,book,scaled,660681595a5e,200,8.733648
2026-09-17T05:33:04.51865591Z,book,scaled,a1cb37b7da6b,200,9.217382
2026-09-17T05:33:04.579179699Z,book,scaled,660681595a5e,200,9.931243
2026-09-17T05:33:04.640449265Z,book,scaled,a1cb37b7da6b,200,10.662844
2026-09-17T05:33:04.698545102Z,book,scaled,348cd506525f,200,9.367918
2026-09-17T05:33:04.75861786Z,book,scaled,a1cb37b7da6b,200,9.265833
2026-09-17T05:33:04.819304239Z,book,scaled,348cd506525f,200,9.865492
2026-09-17T05:33:04.878482969Z,book,scaled,660681595a5e,200,8.648282
2026-09-17T05:33:04.938515384Z,book,scaled,348cd506525f,200,9.248225
2026-09-17T05:33:04.997772028Z,book,scaled,660681595a5e,200,8.550764
2026-09-17T05:33:05.059103721Z,book,scaled,a1cb37b7da6b,200,9.639168
2026-09-17T05:33:05.118539398Z,book,scaled,660681595a5e,200,8.937741
2026-09-17T05:33:05.177421943Z,book,scaled,a1cb37b7da6b,200,8.093459
2026-09-17T05:33:05.237858122Z,book,scaled,348cd506525f,200,8.789869
2026-09-17T05:33:05.29730683Z,book,scaled,a1cb37b7da6b,200,7.961458
2026-09-17T05:33:05.357694188Z,book,scaled,348cd506525f,200,8.640768
2026-09-17T05:33:05.418109264Z,book,scaled,660681595a5e,200,8.634531
2026-09-17T05:33:05.477869696Z,book,scaled,348cd506525f,200,8.905454
2026-09-17T05:33:05.537567895Z,book,scaled,660681595a5e,200,8.179539
2026-09-17T05:33:05.597284399Z,book,scaled,a1cb37b7da6b,200,8.042233
2026-09-17T05:33:05.657507147Z,book,scaled,660681595a5e,200,8.599269
2026-09-17T05:33:05.718385152Z,book,scaled,a1cb37b7da6b,200,8.971968
2026-09-17T05:33:05.777280958Z,book,scaled,348cd506525f,200,8.181699
2026-09-17T05:33:05.838589609Z,book,scaled,a1cb37b7da6b,200,9.440773
2026-09-17T05:33:05.89739616Z,book,scaled,348cd506525f,200,8.209009
2026-09-17T05:33:05.95712638Z,book,scaled,660681595a5e,200,8.204533
2026-09-17T05:33:06.018694977Z,book,scaled,348cd506525f,200,9.07511
2026-09-17T05:33:06.077897953Z,book,scaled,660681595a5e,200,8.587801
2026-09-17T05:33:06.138402381Z,book,scaled,a1cb37b7da6b,200,8.714095
2026-09-17T05:33:06.198079968Z,book,scaled,660681595a5e,200,8.32014
2026-09-17T05:33:06.258640119Z,book,scaled,a1cb37b7da6b,200,9.045868
2026-09-17T05:33:06.317767375Z,book,scaled,348cd506525f,200,8.357332
2026-09-17T05:33:06.377851388Z,book,scaled,a1cb37b7da6b,200,8.411166
2026-09-17T05:33:06.439880072Z,book,scaled,348cd506525f,200,10.595948
2026-09-17T05:33:06.49820977Z,book,scaled,660681595a5e,200,8.619859
2026-09-17T05:33:06.557418827Z,book,scaled,348cd506525f,200,7.690009
2026-09-17T05:33:06.617105725Z,book,scaled,660681595a5e,200,8.081189
2026-09-17T05:33:06.678351576Z,book,scaled,a1cb37b7da6b,200,8.596337
2026-09-17T05:33:06.7381967Z,book,scaled,660681595a5e,200,9.261441
2026-09-17T05:33:06.797644672Z,book,scaled,a1cb37b7da6b,200,7.829441
2026-09-17T05:33:06.857378654Z,book,scaled,348cd506525f,200,8.066153
2026-09-17T05:33:06.917573489Z,book,scaled,a1cb37b7da6b,200,8.573277
2026-09-17T05:33:06.977662187Z,book,scaled,348cd506525f,200,8.431616
2026-09-17T05:33:07.037720367Z,book,scaled,660681595a5e,200,8.402036
2026-09-17T05:33:07.097644665Z,book,scaled,348cd506525f,200,8.106806
2026-09-17T05:33:07.157384702Z,book,scaled,660681595a5e,200,8.145379
2026-09-17T05:33:07.217066364Z,book,scaled,a1cb37b7da6b,200,7.857189
2026-09-17T05:33:07.278073172Z,book,scaled,660681595a5e,200,8.424115
2026-09-17T05:33:07.33815124Z,book,scaled,a1cb37b7da6b,200,8.327209
2026-09-17T05:33:07.397800531Z,book,scaled,348cd506525f,200,8.053591
2026-09-17T05:33:07.457257813Z,book,scaled,a1cb37b7da6b,200,7.965371
2026-09-17T05:33:07.516902538Z,book,scaled,348cd506525f,200,8.148237
2026-09-17T05:33:07.577723054Z,book,scaled,660681595a5e,200,8.142827
2026-09-17T05:33:07.637942593Z,book,scaled,348cd506525f,200,8.655821
2026-09-17T05:33:07.697781624Z,book,scaled,660681595a5e,200,8.323209
2026-09-17T05:33:07.757388242Z,book,scaled,a1cb37b7da6b,200,8.030777
2026-09-17T05:33:07.817674905Z,book,scaled,660681595a5e,200,8.710106
2026-09-17T05:33:07.878015847Z,book,scaled,a1cb37b7da6b,200,8.763175
2026-09-17T05:33:07.938679739Z,book,scaled,348cd506525f,200,9.116327
2026-09-17T05:33:07.997445209Z,book,scaled,a1cb37b7da6b,200,8.095294
2026-09-17T05:33:08.057498802Z,book,scaled,348cd506525f,200,8.443664
2026-09-17T05:33:08.117688843Z,book,scaled,660681595a5e,200,8.712446
2026-09-17T05:33:08.17758374Z,book,scaled,348cd506525f,200,8.301809
2026-09-17T05:33:08.237278332Z,book,scaled,660681595a5e,200,8.084393
2026-09-17T05:33:08.298018964Z,book,scaled,a1cb37b7da6b,200,8.204431
2026-09-17T05:33:08.357501624Z,book,scaled,660681595a5e,200,7.938715
2026-09-17T05:33:08.416899429Z,book,scaled,a1cb37b7da6b,200,7.849189
2026-09-17T05:33:08.47844006Z,book,scaled,348cd506525f,200,8.793643
2026-09-17T05:33:08.536491728Z,book,scaled,a1cb37b7da6b,200,7.700527
2026-09-17T05:33:08.597235549Z,book,scaled,348cd506525f,200,8.159678
2026-09-17T05:33:08.659673863Z,book,scaled,660681595a5e,200,9.893014
2026-09-17T05:33:08.71782679Z,book,scaled,348cd506525f,200,8.636626
2026-09-17T05:33:08.77784066Z,book,scaled,660681595a5e,200,8.500742
2026-09-17T05:33:08.836898861Z,book,scaled,a1cb37b7da6b,200,7.504895
2026-09-17T05:33:08.897440148Z,book,scaled,660681595a5e,200,7.847149
2026-09-17T05:33:08.957367858Z,book,scaled,a1cb37b7da6b,200,8.210213
2026-09-17T05:33:09.017716296Z,book,scaled,348cd506525f,200,8.752664
2026-09-17T05:33:09.077514866Z,book,scaled,a1cb37b7da6b,200,7.984577
2026-09-17T05:33:09.137003676Z,book,scaled,348cd506525f,200,7.904811
2026-09-17T05:33:09.197375323Z,book,scaled,660681595a5e,200,7.766812
2026-09-17T05:33:09.256708548Z,book,scaled,348cd506525f,200,7.792919
2026-09-17T05:33:09.317419104Z,book,scaled,660681595a5e,200,8.1657
2026-09-17T05:33:09.37691995Z,book,scaled,a1cb37b7da6b,200,7.754679
2026-09-17T05:33:09.43859443Z,book,scaled,660681595a5e,200,9.078809
2026-09-17T05:33:09.496591431Z,book,scaled,a1cb37b7da6b,200,7.43262
2026-09-17T05:33:09.556627838Z,book,scaled,348cd506525f,200,7.448933
2026-09-17T05:33:09.618421531Z,book,scaled,a1cb37b7da6b,200,9.165427
2026-09-17T05:33:09.676914625Z,book,scaled,348cd506525f,200,7.788555
2026-09-17T05:33:09.737931224Z,book,scaled,660681595a5e,200,8.374232
2026-09-17T05:33:09.798590901Z,book,scaled,348cd506525f,200,9.038876
2026-09-17T05:33:09.857178653Z,book,scaled,660681595a5e,200,7.909643
2026-09-17T05:33:09.918361773Z,book,scaled,a1cb37b7da6b,200,8.798852
2026-09-17T05:33:09.976637583Z,book,scaled,660681595a5e,200,7.680888
2026-09-17T05:33:10.037985955Z,book,scaled,a1cb37b7da6b,200,8.802622
2026-09-17T05:33:10.098472656Z,book,scaled,348cd506525f,200,9.143194
2026-09-17T05:33:10.159247244Z,book,scaled,a1cb37b7da6b,200,10.366404
2026-09-17T05:33:10.21761461Z,book,scaled,348cd506525f,200,8.536944
2026-09-17T05:33:10.276513886Z,book,scaled,660681595a5e,200,7.216542
2026-09-17T05:33:10.337448252Z,book,scaled,348cd506525f,200,8.310684
2026-09-17T05:33:10.398198814Z,book,scaled,660681595a5e,200,9.209822
2026-09-17T05:33:10.457646216Z,book,scaled,a1cb37b7da6b,200,7.912055
2026-09-17T05:33:10.517705798Z,book,scaled,660681595a5e,200,8.262321
2026-09-17T05:33:10.577147391Z,book,scaled,a1cb37b7da6b,200,7.870821
2026-09-17T05:33:10.637900394Z,book,scaled,348cd506525f,200,8.064709
2026-09-17T05:33:10.697757408Z,book,scaled,a1cb37b7da6b,200,8.304063
2026-09-17T05:33:10.77413032Z,book,scaled,348cd506525f,200,24.506515
2026-09-17T05:33:10.817888735Z,book,scaled,660681595a5e,200,8.257266
2026-09-17T05:33:10.878475307Z,book,scaled,348cd506525f,200,8.881017
2026-09-17T05:33:10.937118682Z,book,scaled,660681595a5e,200,8.066794
2026-09-17T05:33:10.997236612Z,book,scaled,a1cb37b7da6b,200,7.611362
2026-09-17T05:33:11.057013871Z,book,scaled,660681595a5e,200,8.17517
2026-09-17T05:33:11.117590004Z,book,scaled,a1cb37b7da6b,200,8.022481
2026-09-17T05:33:11.177339862Z,book,scaled,348cd506525f,200,8.068113
2026-09-17T05:33:11.238205063Z,book,scaled,a1cb37b7da6b,200,9.090566
2026-09-17T05:33:11.296892748Z,book,scaled,348cd506525f,200,8.140607
2026-09-17T05:33:11.357487262Z,book,scaled,660681595a5e,200,7.884822
2026-09-17T05:33:11.416880075Z,book,scaled,348cd506525f,200,7.848129
2026-09-17T05:33:11.477443142Z,book,scaled,660681595a5e,200,8.07906
2026-09-17T05:33:11.539240384Z,book,scaled,a1cb37b7da6b,200,9.98709
2026-09-17T05:33:11.597065947Z,book,scaled,660681595a5e,200,7.747981
2026-09-17T05:33:11.657776998Z,book,scaled,a1cb37b7da6b,200,8.206731
2026-09-17T05:33:11.719476398Z,book,scaled,348cd506525f,200,10.156085
2026-09-17T05:33:11.77710876Z,book,scaled,a1cb37b7da6b,200,7.847009
2026-09-17T05:33:11.838231154Z,book,scaled,348cd506525f,200,8.594194
2026-09-17T05:33:11.8983748Z,book,scaled,660681595a5e,200,8.521207
2026-09-17T05:33:11.957450873Z,book,scaled,348cd506525f,200,8.404186
2026-09-17T05:33:12.016897261Z,book,scaled,660681595a5e,200,7.829309
2026-09-17T05:33:12.077245243Z,book,scaled,a1cb37b7da6b,200,7.602948
2026-09-17T05:33:12.137441682Z,book,scaled,660681595a5e,200,8.652396
2026-09-17T05:33:12.197802986Z,book,scaled,a1cb37b7da6b,200,8.55529
2026-09-17T05:33:12.257549998Z,book,scaled,348cd506525f,200,8.028164
2026-09-17T05:33:12.317471587Z,book,scaled,a1cb37b7da6b,200,8.288727
2026-09-17T05:33:12.378319351Z,book,scaled,348cd506525f,200,9.250457
2026-09-17T05:33:12.438657723Z,book,scaled,660681595a5e,200,8.783591
2026-09-17T05:33:12.498515976Z,book,scaled,348cd506525f,200,9.212338
2026-09-17T05:33:12.558322667Z,book,scaled,660681595a5e,200,9.196547
2026-09-17T05:33:12.616684442Z,book,scaled,a1cb37b7da6b,200,7.851827
2026-09-17T05:33:12.677648391Z,book,scaled,660681595a5e,200,8.289709
2026-09-17T05:33:12.759231296Z,book,scaled,a1cb37b7da6b,200,29.912425
2026-09-17T05:33:12.80054712Z,book,scaled,348cd506525f,200,10.625002
2026-09-17T05:33:12.85889496Z,book,scaled,a1cb37b7da6b,200,9.842918
2026-09-17T05:33:12.919356215Z,book,scaled,348cd506525f,200,9.626754
2026-09-17T05:33:12.977787981Z,book,scaled,660681595a5e,200,8.295204
2026-09-17T05:33:13.037518531Z,book,scaled,348cd506525f,200,7.839748
2026-09-17T05:33:13.097741751Z,book,scaled,660681595a5e,200,8.463755
2026-09-17T05:33:13.157888225Z,book,scaled,a1cb37b7da6b,200,8.492457
2026-09-17T05:33:13.218591315Z,book,scaled,660681595a5e,200,9.097476
2026-09-17T05:33:13.27779041Z,book,scaled,a1cb37b7da6b,200,8.559452
2026-09-17T05:33:13.338533452Z,book,scaled,348cd506525f,200,9.165569
2026-09-17T05:33:13.397693069Z,book,scaled,a1cb37b7da6b,200,8.185393
2026-09-17T05:33:13.457705292Z,book,scaled,348cd506525f,200,8.296527
2026-09-17T05:33:13.517785083Z,book,scaled,660681595a5e,200,8.399721
2026-09-17T05:33:13.579377567Z,book,scaled,348cd506525f,200,9.914597
2026-09-17T05:33:13.638642066Z,book,scaled,660681595a5e,200,9.333491
2026-09-17T05:33:13.69830004Z,book,scaled,a1cb37b7da6b,200,9.02557
2026-09-17T05:33:13.759423086Z,book,scaled,660681595a5e,200,10.542797
2026-09-17T05:33:13.817860625Z,book,scaled,a1cb37b7da6b,200,8.815939
2026-09-17T05:33:13.877992088Z,book,scaled,348cd506525f,200,8.38677
2026-09-17T05:33:13.93762123Z,book,scaled,a1cb37b7da6b,200,8.697589
2026-09-17T05:33:13.99816508Z,book,scaled,348cd506525f,200,8.804496
2026-09-17T05:33:14.059814745Z,book,scaled,660681595a5e,200,10.630528
2026-09-17T05:33:14.117535745Z,book,scaled,348cd506525f,200,8.199368
2026-09-17T05:33:14.177691268Z,book,scaled,660681595a5e,200,8.251557
2026-09-17T05:33:14.237313498Z,book,scaled,a1cb37b7da6b,200,7.992146
2026-09-17T05:33:14.297326454Z,book,scaled,660681595a5e,200,8.504217
2026-09-17T05:33:14.356213679Z,book,scaled,a1cb37b7da6b,200,7.296125
2026-09-17T05:33:14.416478031Z,book,scaled,348cd506525f,200,7.710847
2026-09-17T05:33:14.476455714Z,book,scaled,a1cb37b7da6b,200,7.459742
2026-09-17T05:33:14.537427621Z,book,scaled,348cd506525f,200,8.375083
2026-09-17T05:33:14.59700267Z,book,scaled,660681595a5e,200,7.932562
2026-09-17T05:33:14.657665959Z,book,scaled,348cd506525f,200,8.112155
2026-09-17T05:33:14.717033235Z,book,scaled,660681595a5e,200,7.729719
2026-09-17T05:33:14.778691764Z,book,scaled,a1cb37b7da6b,200,9.189392
2026-09-17T05:33:14.837259088Z,book,scaled,660681595a5e,200,7.984295
2026-09-17T05:33:14.897099055Z,book,scaled,a1cb37b7da6b,200,8.326746
2026-09-17T05:33:14.957781294Z,book,scaled,348cd506525f,200,8.112703
2026-09-17T05:33:15.017350199Z,book,scaled,a1cb37b7da6b,200,7.974831
2026-09-17T05:33:15.076336885Z,book,scaled,348cd506525f,200,7.496275
2026-09-17T05:33:15.142640642Z,book,scaled,660681595a5e,200,13.447191
2026-09-17T05:33:15.197489969Z,book,scaled,348cd506525f,200,8.209123
2026-09-17T05:33:15.257069557Z,book,scaled,660681595a5e,200,7.720493
2026-09-17T05:33:15.317390372Z,book,scaled,a1cb37b7da6b,200,7.735429
2026-09-17T05:33:15.376530313Z,book,scaled,660681595a5e,200,7.343115
2026-09-17T05:33:15.437044613Z,book,scaled,a1cb37b7da6b,200,7.835768
2026-09-17T05:33:15.499972713Z,book,scaled,348cd506525f,200,10.28262
2026-09-17T05:33:15.557835952Z,book,scaled,a1cb37b7da6b,200,8.317236
2026-09-17T05:33:15.617439772Z,book,scaled,348cd506525f,200,8.084946
2026-09-17T05:33:15.677338671Z,book,scaled,660681595a5e,200,8.1386
2026-09-17T05:33:15.738041674Z,book,scaled,348cd506525f,200,9.015965
2026-09-17T05:33:15.821925659Z,book,scaled,660681595a5e,200,32.24463
2026-09-17T05:33:15.857156808Z,book,scaled,a1cb37b7da6b,200,7.822086
2026-09-17T05:33:15.917617283Z,book,scaled,660681595a5e,200,8.023747
2026-09-17T05:33:15.976884381Z,book,scaled,a1cb37b7da6b,200,7.705327
2026-09-17T05:33:16.037218347Z,book,scaled,348cd506525f,200,7.570018
2026-09-17T05:33:16.096666742Z,book,scaled,a1cb37b7da6b,200,7.900214
2026-09-17T05:33:16.157393419Z,book,scaled,348cd506525f,200,8.046988
2026-09-17T05:33:16.217368344Z,book,scaled,660681595a5e,200,8.1944
2026-09-17T05:33:16.277103973Z,book,scaled,348cd506525f,200,8.040008
2026-09-17T05:33:16.33776905Z,book,scaled,660681595a5e,200,8.113472
2026-09-17T05:33:16.398682408Z,book,scaled,a1cb37b7da6b,200,9.281412
2026-09-17T05:33:16.458083823Z,book,scaled,660681595a5e,200,8.751973
2026-09-17T05:33:16.518271038Z,book,scaled,a1cb37b7da6b,200,8.523318
2026-09-17T05:33:16.577597489Z,book,scaled,348cd506525f,200,8.760034
2026-09-17T05:33:16.636943845Z,book,scaled,a1cb37b7da6b,200,7.73188
2026-09-17T05:33:16.69709507Z,book,scaled,348cd506525f,200,8.22167
2026-09-17T05:33:16.757870914Z,book,scaled,660681595a5e,200,8.22708
2026-09-17T05:33:16.824222811Z,book,scaled,348cd506525f,200,14.762373
2026-09-17T05:33:16.876647847Z,book,scaled,660681595a5e,200,7.758611
2026-09-17T05:33:16.937666857Z,book,scaled,a1cb37b7da6b,200,8.23193
2026-09-17T05:33:16.997366964Z,book,scaled,660681595a5e,200,8.004927
2026-09-17T05:33:17.056927879Z,book,scaled,a1cb37b7da6b,200,7.999263
2026-09-17T05:33:17.117115272Z,book,scaled,348cd506525f,200,7.655626
2026-09-17T05:33:17.177393845Z,book,scaled,a1cb37b7da6b,200,8.462905
2026-09-17T05:33:17.238368897Z,book,scaled,348cd506525f,200,9.314274
2026-09-17T05:33:17.297109724Z,book,scaled,660681595a5e,200,8.22128
2026-09-17T05:33:17.357962768Z,book,scaled,348cd506525f,200,8.332976
2026-09-17T05:33:17.417157654Z,book,scaled,660681595a5e,200,7.748211
2026-09-17T05:33:17.478307802Z,book,scaled,a1cb37b7da6b,200,8.573962
2026-09-17T05:33:17.538131896Z,book,scaled,660681595a5e,200,9.33482
2026-09-17T05:33:17.597838808Z,book,scaled,a1cb37b7da6b,200,8.173821
2026-09-17T05:33:17.657637915Z,book,scaled,348cd506525f,200,8.162057
2026-09-17T05:33:17.717243766Z,book,scaled,a1cb37b7da6b,200,8.050079
2026-09-17T05:33:17.778221954Z,book,scaled,348cd506525f,200,8.454755
2026-09-17T05:33:17.83774547Z,book,scaled,660681595a5e,200,7.989577
2026-09-17T05:33:17.89733365Z,book,scaled,348cd506525f,200,8.030928
2026-09-17T05:33:17.957148667Z,book,scaled,660681595a5e,200,8.343542
2026-09-17T05:33:18.018660163Z,book,scaled,a1cb37b7da6b,200,9.070823
2026-09-17T05:33:18.077713458Z,book,scaled,660681595a5e,200,8.396656
2026-09-17T05:33:18.138802282Z,book,scaled,a1cb37b7da6b,200,9.319369
2026-09-17T05:33:18.197440062Z,book,scaled,348cd506525f,200,7.878518
2026-09-17T05:33:18.256874363Z,book,scaled,a1cb37b7da6b,200,8.093104
2026-09-17T05:33:18.318665076Z,book,scaled,348cd506525f,200,9.09821
2026-09-17T05:33:18.377018828Z,book,scaled,660681595a5e,200,7.605826
2026-09-17T05:33:18.437459376Z,book,scaled,348cd506525f,200,7.953933
2026-09-17T05:33:18.497356595Z,book,scaled,660681595a5e,200,8.367689
2026-09-17T05:33:18.557632968Z,book,scaled,a1cb37b7da6b,200,8.429213
2026-09-17T05:33:18.617036747Z,book,scaled,660681595a5e,200,7.731131
2026-09-17T05:33:18.677852594Z,book,scaled,a1cb37b7da6b,200,8.182121
2026-09-17T05:33:18.73865331Z,book,scaled,348cd506525f,200,9.256291
2026-09-17T05:33:18.806612994Z,book,scaled,a1cb37b7da6b,200,17.312141
2026-09-17T05:33:18.855595711Z,book,scaled,348cd506525f,200,6.396079
2026-09-17T05:33:18.916287052Z,book,scaled,660681595a5e,200,8.095274
2026-09-17T05:33:18.97648905Z,book,scaled,348cd506525f,200,8.495787
2026-09-17T05:33:19.035877012Z,book,scaled,660681595a5e,200,7.878445
2026-09-17T05:33:19.095752184Z,book,scaled,a1cb37b7da6b,200,8.22611
2026-09-17T05:33:19.155434719Z,book,scaled,660681595a5e,200,7.976024
2026-09-17T05:33:19.215869057Z,book,scaled,a1cb37b7da6b,200,8.00292
2026-09-17T05:33:19.276629436Z,book,scaled,348cd506525f,200,9.055263
2026-09-17T05:33:19.336052406Z,book,scaled,a1cb37b7da6b,200,7.871719
2026-09-17T05:33:19.396064982Z,book,scaled,348cd506525f,200,8.219409
2026-09-17T05:33:19.456872038Z,book,scaled,660681595a5e,200,9.089044
2026-09-17T05:33:19.515419618Z,book,scaled,348cd506525f,200,7.946538
2026-09-17T05:33:19.576104406Z,book,scaled,660681595a5e,200,8.064475
2026-09-17T05:33:19.63710484Z,book,scaled,a1cb37b7da6b,200,9.455458
2026-09-17T05:33:19.695901071Z,book,scaled,660681595a5e,200,8.135956
2026-09-17T05:33:19.756134236Z,book,scaled,a1cb37b7da6b,200,8.749618
2026-09-17T05:33:19.823075015Z,book,scaled,348cd506525f,200,15.396359
2026-09-17T05:33:19.876420436Z,book,scaled,a1cb37b7da6b,200,8.743908
2026-09-17T05:33:19.936114496Z,book,scaled,348cd506525f,200,8.005411
2026-09-17T05:33:19.995632241Z,book,scaled,660681595a5e,200,7.918561
2026-09-17T05:33:20.054702047Z,book,scaled,348cd506525f,200,7.600941
2026-09-17T05:33:20.116726117Z,book,scaled,660681595a5e,200,9.071021
2026-09-17T05:33:20.177041128Z,book,scaled,a1cb37b7da6b,200,9.704274
2026-09-17T05:33:20.236898004Z,book,scaled,660681595a5e,200,9.231134
2026-09-17T05:33:20.295391394Z,book,scaled,a1cb37b7da6b,200,7.929022
2026-09-17T05:33:20.357282454Z,book,scaled,348cd506525f,200,9.288563
2026-09-17T05:33:20.416207356Z,book,scaled,a1cb37b7da6b,200,8.376169
2026-09-17T05:33:20.476264681Z,book,scaled,348cd506525f,200,8.449281
2026-09-17T05:33:20.536102212Z,book,scaled,660681595a5e,200,8.350549
2026-09-17T05:33:20.59710543Z,book,scaled,348cd506525f,200,9.429036
2026-09-17T05:33:20.655967104Z,book,scaled,660681595a5e,200,8.22646
2026-09-17T05:33:20.717154566Z,book,scaled,a1cb37b7da6b,200,9.597347
2026-09-17T05:33:20.7763085Z,book,scaled,660681595a5e,200,8.605714
2026-09-17T05:33:20.840252258Z,book,scaled,a1cb37b7da6b,200,12.259062
2026-09-17T05:33:20.898518205Z,book,scaled,348cd506525f,200,10.493825
2026-09-17T05:33:20.956756131Z,book,scaled,a1cb37b7da6b,200,8.515199
2026-09-17T05:33:21.016726577Z,book,scaled,348cd506525f,200,9.418585
2026-09-17T05:33:21.075650056Z,book,scaled,660681595a5e,200,8.408882
2026-09-17T05:33:21.135978745Z,book,scaled,348cd506525f,200,8.679699
2026-09-17T05:33:21.196905981Z,book,scaled,660681595a5e,200,9.091286
2026-09-17T05:33:21.256364919Z,book,scaled,a1cb37b7da6b,200,8.742819
2026-09-17T05:33:21.316892959Z,book,scaled,660681595a5e,200,8.905818
2026-09-17T05:33:21.377820061Z,book,scaled,a1cb37b7da6b,200,10.284296
2026-09-17T05:33:21.438202922Z,book,scaled,348cd506525f,200,10.661479
2026-09-17T05:33:21.496617321Z,book,scaled,a1cb37b7da6b,200,8.767011
2026-09-17T05:33:21.556102185Z,book,scaled,348cd506525f,200,8.797838
2026-09-17T05:33:21.616555031Z,book,scaled,660681595a5e,200,8.837348
2026-09-17T05:33:21.676008284Z,book,scaled,348cd506525f,200,7.822985
2026-09-17T05:33:21.735853391Z,book,scaled,660681595a5e,200,8.036503
2026-09-17T05:33:21.795536303Z,book,scaled,a1cb37b7da6b,200,7.90714
2026-09-17T05:33:21.865779779Z,book,scaled,660681595a5e,200,17.588949
2026-09-17T05:33:21.91627047Z,book,scaled,a1cb37b7da6b,200,8.120773
2026-09-17T05:33:21.976653141Z,book,scaled,348cd506525f,200,8.682279
2026-09-17T05:33:22.035654836Z,book,scaled,a1cb37b7da6b,200,8.435384
2026-09-17T05:33:22.095831944Z,book,scaled,348cd506525f,200,8.600024
2026-09-17T05:33:22.155429177Z,book,scaled,660681595a5e,200,7.939612
2026-09-17T05:33:22.215734214Z,book,scaled,348cd506525f,200,7.759152
2026-09-17T05:33:22.275029888Z,book,scaled,660681595a5e,200,7.739259
2026-09-17T05:33:22.335621401Z,book,scaled,a1cb37b7da6b,200,7.958503
2026-09-17T05:33:22.395413031Z,book,scaled,660681595a5e,200,7.33303
2026-09-17T05:33:22.455648994Z,book,scaled,a1cb37b7da6b,200,7.721775
2026-09-17T05:33:22.516713289Z,book,scaled,348cd506525f,200,8.176909
2026-09-17T05:33:22.574705084Z,book,scaled,a1cb37b7da6b,200,7.43266
2026-09-17T05:33:22.635026116Z,book,scaled,348cd506525f,200,7.872637
2026-09-17T05:33:22.695708681Z,book,scaled,660681595a5e,200,8.060439
2026-09-17T05:33:22.756023719Z,book,scaled,348cd506525f,200,8.822268
2026-09-17T05:33:22.8167666Z,book,scaled,660681595a5e,200,9.216041
2026-09-17T05:33:22.875009971Z,book,scaled,a1cb37b7da6b,200,7.873158
2026-09-17T05:33:22.935885094Z,book,scaled,660681595a5e,200,8.264832
2026-09-17T05:33:22.997477712Z,book,scaled,a1cb37b7da6b,200,10.037175
2026-09-17T05:33:23.056365209Z,book,scaled,348cd506525f,200,8.278653
2026-09-17T05:33:23.116106147Z,book,scaled,a1cb37b7da6b,200,8.095745
2026-09-17T05:33:23.175788918Z,book,scaled,348cd506525f,200,8.112449
2026-09-17T05:33:23.235532546Z,book,scaled,660681595a5e,200,8.180053
2026-09-17T05:33:23.296770569Z,book,scaled,348cd506525f,200,8.777295
2026-09-17T05:33:23.355654454Z,book,scaled,660681595a5e,200,8.062754
2026-09-17T05:33:23.416421676Z,book,scaled,a1cb37b7da6b,200,8.159968
2026-09-17T05:33:23.47575306Z,book,scaled,660681595a5e,200,7.932813
2026-09-17T05:33:23.536009864Z,book,scaled,a1cb37b7da6b,200,8.374231
2026-09-17T05:33:23.596355933Z,book,scaled,348cd506525f,200,8.684159
2026-09-17T05:33:23.656290596Z,book,scaled,a1cb37b7da6b,200,8.336217
2026-09-17T05:33:23.716033873Z,book,scaled,348cd506525f,200,8.149801
2026-09-17T05:33:23.77546281Z,book,scaled,660681595a5e,200,7.850968
2026-09-17T05:33:23.841214391Z,book,scaled,348cd506525f,200,13.075556
2026-09-17T05:33:23.895967706Z,book,scaled,660681595a5e,200,8.195908
2026-09-17T05:33:23.955132545Z,book,scaled,a1cb37b7da6b,200,7.537611
2026-09-17T05:33:24.015451567Z,book,scaled,660681595a5e,200,7.682121
2026-09-17T05:33:24.076259657Z,book,scaled,a1cb37b7da6b,200,8.309967
2026-09-17T05:33:24.135723902Z,book,scaled,348cd506525f,200,7.812646
2026-09-17T05:33:24.196105395Z,book,scaled,a1cb37b7da6b,200,8.409712
2026-09-17T05:33:24.255486491Z,book,scaled,348cd506525f,200,7.74006
2026-09-17T05:33:24.31598748Z,book,scaled,660681595a5e,200,8.078091
2026-09-17T05:33:24.375111053Z,book,scaled,348cd506525f,200,7.504466
2026-09-17T05:33:24.435084609Z,book,scaled,660681595a5e,200,7.513776
2026-09-17T05:33:24.495289659Z,book,scaled,a1cb37b7da6b,200,7.617376
2026-09-17T05:33:24.557028896Z,book,scaled,660681595a5e,200,9.187751
2026-09-17T05:33:24.616269385Z,book,scaled,a1cb37b7da6b,200,8.69736
2026-09-17T05:33:24.675867204Z,book,scaled,348cd506525f,200,8.028054
2026-09-17T05:33:24.735253533Z,book,scaled,a1cb37b7da6b,200,7.962138
2026-09-17T05:33:24.797665291Z,book,scaled,348cd506525f,200,9.759171
2026-09-17T05:33:24.870313704Z,book,scaled,660681595a5e,200,22.222235
2026-09-17T05:33:24.916146483Z,book,scaled,348cd506525f,200,8.501928
2026-09-17T05:33:24.97612961Z,book,scaled,660681595a5e,200,8.307085
2026-09-17T05:33:25.03601408Z,book,scaled,a1cb37b7da6b,200,8.276438
2026-09-17T05:33:25.096558162Z,book,scaled,660681595a5e,200,8.946375
2026-09-17T05:33:25.156096012Z,book,scaled,a1cb37b7da6b,200,7.973614
2026-09-17T05:33:25.216043334Z,book,scaled,348cd506525f,200,8.316426
2026-09-17T05:33:25.275177796Z,book,scaled,a1cb37b7da6b,200,7.566698
2026-09-17T05:33:25.335640649Z,book,scaled,348cd506525f,200,7.946614
2026-09-17T05:33:25.394681051Z,book,scaled,660681595a5e,200,7.530578
2026-09-17T05:33:25.456262518Z,book,scaled,348cd506525f,200,8.830128
2026-09-17T05:33:25.515756128Z,book,scaled,660681595a5e,200,7.98836
2026-09-17T05:33:25.574948149Z,book,scaled,a1cb37b7da6b,200,7.673536
2026-09-17T05:33:25.635507873Z,book,scaled,660681595a5e,200,7.958995
2026-09-17T05:33:25.694962106Z,book,scaled,a1cb37b7da6b,200,7.776354
2026-09-17T05:33:25.756574785Z,book,scaled,348cd506525f,200,8.874801
2026-09-17T05:33:25.816209754Z,book,scaled,a1cb37b7da6b,200,7.935686
2026-09-17T05:33:25.876376607Z,book,scaled,348cd506525f,200,8.52939
2026-09-17T05:33:25.935797688Z,book,scaled,660681595a5e,200,7.782592
2026-09-17T05:33:25.997026996Z,book,scaled,348cd506525f,200,9.485917
2026-09-17T05:33:26.056538902Z,book,scaled,660681595a5e,200,8.22337
2026-09-17T05:33:26.114436236Z,book,scaled,a1cb37b7da6b,200,7.239688
2026-09-17T05:33:26.175037361Z,book,scaled,660681595a5e,200,7.645423
2026-09-17T05:33:26.235482877Z,book,scaled,a1cb37b7da6b,200,7.787262
2026-09-17T05:33:26.295850429Z,book,scaled,348cd506525f,200,7.916322
2026-09-17T05:33:26.357316709Z,book,scaled,a1cb37b7da6b,200,9.73063
2026-09-17T05:33:26.416034526Z,book,scaled,348cd506525f,200,8.132635
2026-09-17T05:33:26.476607448Z,book,scaled,660681595a5e,200,8.916074
2026-09-17T05:33:26.537485691Z,book,scaled,348cd506525f,200,9.827973
2026-09-17T05:33:26.596371619Z,book,scaled,660681595a5e,200,8.284591
2026-09-17T05:33:26.657906413Z,book,scaled,a1cb37b7da6b,200,9.792665
2026-09-17T05:33:26.715743633Z,book,scaled,660681595a5e,200,8.161806
2026-09-17T05:33:26.775301372Z,book,scaled,a1cb37b7da6b,200,7.9007
2026-09-17T05:33:26.836878626Z,book,scaled,348cd506525f,200,8.776266
2026-09-17T05:33:26.895895685Z,book,scaled,a1cb37b7da6b,200,8.235235
2026-09-17T05:33:26.956251396Z,book,scaled,348cd506525f,200,8.35534
2026-09-17T05:33:27.016334078Z,book,scaled,660681595a5e,200,8.524019
2026-09-17T05:33:27.076145223Z,book,scaled,348cd506525f,200,8.156586
2026-09-17T05:33:27.136080191Z,book,scaled,660681595a5e,200,8.315321
2026-09-17T05:33:27.195892591Z,book,scaled,a1cb37b7da6b,200,8.06843
2026-09-17T05:33:27.255790984Z,book,scaled,660681595a5e,200,8.22914
2026-09-17T05:33:27.316351006Z,book,scaled,a1cb37b7da6b,200,8.892822
2026-09-17T05:33:27.375926993Z,book,scaled,348cd506525f,200,7.965144
2026-09-17T05:33:27.435546431Z,book,scaled,a1cb37b7da6b,200,8.036568
2026-09-17T05:33:27.497041683Z,book,scaled,348cd506525f,200,8.946256
2026-09-17T05:33:27.556993538Z,book,scaled,660681595a5e,200,9.30413
2026-09-17T05:33:27.616320363Z,book,scaled,348cd506525f,200,8.720153
2026-09-17T05:33:27.676332321Z,book,scaled,660681595a5e,200,8.455965
2026-09-17T05:33:27.736770216Z,book,scaled,a1cb37b7da6b,200,8.885562
2026-09-17T05:33:27.796747706Z,book,scaled,660681595a5e,200,9.181616
2026-09-17T05:33:27.85611939Z,book,scaled,a1cb37b7da6b,200,8.752815
2026-09-17T05:33:27.917250839Z,book,scaled,348cd506525f,200,9.414902
2026-09-17T05:33:27.977682073Z,book,scaled,a1cb37b7da6b,200,9.957569
2026-09-17T05:33:28.036098365Z,book,scaled,348cd506525f,200,8.893962
2026-09-17T05:33:28.096498423Z,book,scaled,660681595a5e,200,8.599348
2026-09-17T05:33:28.156519462Z,book,scaled,348cd506525f,200,8.962557
2026-09-17T05:33:28.218076094Z,book,scaled,660681595a5e,200,9.853825
2026-09-17T05:33:28.277428785Z,book,scaled,a1cb37b7da6b,200,9.664271
2026-09-17T05:33:28.337518189Z,book,scaled,660681595a5e,200,9.392124
2026-09-17T05:33:28.396056887Z,book,scaled,a1cb37b7da6b,200,8.665693
2026-09-17T05:33:28.458506316Z,book,scaled,348cd506525f,200,10.747551
2026-09-17T05:33:28.516598582Z,book,scaled,a1cb37b7da6b,200,8.605201
2026-09-17T05:33:28.575555913Z,book,scaled,348cd506525f,200,8.454006
2026-09-17T05:33:28.637025423Z,book,scaled,660681595a5e,200,8.825983
2026-09-17T05:33:28.696267674Z,book,scaled,348cd506525f,200,8.569886
2026-09-17T05:33:28.756125894Z,book,scaled,660681595a5e,200,8.123057
2026-09-17T05:33:28.815649097Z,book,scaled,a1cb37b7da6b,200,7.916279
2026-09-17T05:33:28.875480852Z,book,scaled,660681595a5e,200,8.248065
2026-09-17T05:33:28.936416316Z,book,scaled,a1cb37b7da6b,200,8.344488
2026-09-17T05:33:28.995869795Z,book,scaled,348cd506525f,200,7.911504
2026-09-17T05:33:29.055689224Z,book,scaled,a1cb37b7da6b,200,8.16057
2026-09-17T05:33:29.116163253Z,book,scaled,348cd506525f,200,8.56626
2026-09-17T05:33:29.176436549Z,book,scaled,660681595a5e,200,8.509542
2026-09-17T05:33:29.236298059Z,book,scaled,348cd506525f,200,8.370971
2026-09-17T05:33:29.29709137Z,book,scaled,660681595a5e,200,9.125527
2026-09-17T05:33:29.356076694Z,book,scaled,a1cb37b7da6b,200,8.32428
2026-09-17T05:33:29.416071733Z,book,scaled,660681595a5e,200,8.347761
2026-09-17T05:33:29.475912038Z,book,scaled,a1cb37b7da6b,200,8.31451
2026-09-17T05:33:29.536020799Z,book,scaled,348cd506525f,200,8.376833
2026-09-17T05:33:29.596624186Z,book,scaled,a1cb37b7da6b,200,9.082044
2026-09-17T05:33:29.656779146Z,book,scaled,348cd506525f,200,8.603557
2026-09-17T05:33:29.715877428Z,book,scaled,660681595a5e,200,8.296779
2026-09-17T05:33:29.775196552Z,book,scaled,348cd506525f,200,7.818768
2026-09-17T05:33:29.836330685Z,book,scaled,660681595a5e,200,8.63188
2026-09-17T05:33:29.896983682Z,book,scaled,a1cb37b7da6b,200,8.845158
2026-09-17T05:33:29.956904041Z,book,scaled,660681595a5e,200,9.287431
2026-09-17T05:33:30.016426968Z,book,scaled,a1cb37b7da6b,200,8.927408
2026-09-17T05:33:30.076014963Z,book,scaled,348cd506525f,200,8.038532
2026-09-17T05:33:30.135753227Z,book,scaled,a1cb37b7da6b,200,8.057953
2026-09-17T05:33:30.195611397Z,book,scaled,348cd506525f,200,8.209923
2026-09-17T05:33:30.255392013Z,book,scaled,660681595a5e,200,8.184762
2026-09-17T05:33:30.317342196Z,book,scaled,348cd506525f,200,9.400159
2026-09-17T05:33:30.375857551Z,book,scaled,660681595a5e,200,7.906479
2026-09-17T05:33:30.435343602Z,book,scaled,a1cb37b7da6b,200,7.904723
2026-09-17T05:33:30.496590937Z,book,scaled,660681595a5e,200,9.305232
2026-09-17T05:33:30.555686008Z,book,scaled,a1cb37b7da6b,200,8.213993
2026-09-17T05:33:30.615816765Z,book,scaled,348cd506525f,200,8.577541
2026-09-17T05:33:30.676075277Z,book,scaled,a1cb37b7da6b,200,8.72121
2026-09-17T05:33:30.735695357Z,book,scaled,348cd506525f,200,7.992519
2026-09-17T05:33:30.79592627Z,book,scaled,660681595a5e,200,8.588317
2026-09-17T05:33:30.855876416Z,book,scaled,348cd506525f,200,8.252064
2026-09-17T05:33:30.915322891Z,book,scaled,660681595a5e,200,7.894493
2026-09-17T05:33:30.975514943Z,book,scaled,a1cb37b7da6b,200,7.582193
2026-09-17T05:33:31.036637993Z,book,scaled,660681595a5e,200,8.495701
2026-09-17T05:33:31.096502815Z,book,scaled,a1cb37b7da6b,200,9.355131
2026-09-17T05:33:31.156635122Z,book,scaled,348cd506525f,200,8.530863
2026-09-17T05:33:31.216811352Z,book,scaled,a1cb37b7da6b,200,9.356491
2026-09-17T05:33:31.275768316Z,book,scaled,348cd506525f,200,8.405305
2026-09-17T05:33:31.335786136Z,book,scaled,660681595a5e,200,8.295278
2026-09-17T05:33:31.395987218Z,book,scaled,348cd506525f,200,8.587812
2026-09-17T05:33:31.456274615Z,book,scaled,660681595a5e,200,8.632718
2026-09-17T05:33:31.516407854Z,book,scaled,a1cb37b7da6b,200,8.356942
2026-09-17T05:33:31.575616579Z,book,scaled,660681595a5e,200,7.59458
2026-09-17T05:33:31.636009026Z,book,scaled,a1cb37b7da6b,200,7.911423
2026-09-17T05:33:31.696014872Z,book,scaled,348cd506525f,200,8.382013
2026-09-17T05:33:31.756085991Z,book,scaled,a1cb37b7da6b,200,8.47769
2026-09-17T05:33:31.816098151Z,book,scaled,348cd506525f,200,8.294908
2026-09-17T05:33:31.877056975Z,book,scaled,660681595a5e,200,9.342699
2026-09-17T05:33:31.935886637Z,book,scaled,348cd506525f,200,8.049323
2026-09-17T05:33:31.996074107Z,book,scaled,660681595a5e,200,8.545374
2026-09-17T05:33:32.055771757Z,book,scaled,a1cb37b7da6b,200,7.972038
2026-09-17T05:33:32.115290052Z,book,scaled,660681595a5e,200,7.991474
2026-09-17T05:33:32.175804122Z,book,scaled,a1cb37b7da6b,200,7.845474
2026-09-17T05:33:32.237425301Z,book,scaled,348cd506525f,200,9.960404
2026-09-17T05:33:32.296537695Z,book,scaled,a1cb37b7da6b,200,8.588337
2026-09-17T05:33:32.356597303Z,book,scaled,348cd506525f,200,8.528253
2026-09-17T05:33:32.415905813Z,book,scaled,660681595a5e,200,8.293879
2026-09-17T05:33:32.475539803Z,book,scaled,348cd506525f,200,7.945204
2026-09-17T05:33:32.535785224Z,book,scaled,660681595a5e,200,8.390869
2026-09-17T05:33:32.595124751Z,book,scaled,a1cb37b7da6b,200,7.598179
2026-09-17T05:33:32.655784452Z,book,scaled,660681595a5e,200,8.050173
2026-09-17T05:33:32.715116365Z,book,scaled,a1cb37b7da6b,200,7.92278
2026-09-17T05:33:32.775855391Z,book,scaled,348cd506525f,200,7.909349
2026-09-17T05:33:32.83563716Z,book,scaled,a1cb37b7da6b,200,7.948746
2026-09-17T05:33:32.896145383Z,book,scaled,348cd506525f,200,8.644675
2026-09-17T05:33:32.956438626Z,book,scaled,660681595a5e,200,8.70626
2026-09-17T05:33:33.016072097Z,book,scaled,348cd506525f,200,7.951227
2026-09-17T05:33:33.075217037Z,book,scaled,660681595a5e,200,7.54799
2026-09-17T05:33:33.137045988Z,book,scaled,a1cb37b7da6b,200,9.212266
2026-09-17T05:33:33.195710152Z,book,scaled,660681595a5e,200,7.728373
2026-09-17T05:33:33.258708882Z,book,scaled,a1cb37b7da6b,200,10.921055
2026-09-17T05:33:33.318629107Z,book,scaled,348cd506525f,200,11.376985
2026-09-17T05:33:33.376198561Z,book,scaled,a1cb37b7da6b,200,8.891956
2026-09-17T05:33:33.436708153Z,book,scaled,348cd506525f,200,8.750968
2026-09-17T05:33:33.495386837Z,book,scaled,660681595a5e,200,8.024899
2026-09-17T05:33:33.55683519Z,book,scaled,348cd506525f,200,8.87784
2026-09-17T05:33:33.61638745Z,book,scaled,660681595a5e,200,9.049516
2026-09-17T05:33:33.676219349Z,book,scaled,a1cb37b7da6b,200,8.216264
2026-09-17T05:33:33.736085356Z,book,scaled,660681595a5e,200,8.278152
2026-09-17T05:33:33.796408749Z,book,scaled,a1cb37b7da6b,200,8.643081
2026-09-17T05:33:33.856244169Z,book,scaled,348cd506525f,200,8.144774
2026-09-17T05:33:33.917082673Z,book,scaled,a1cb37b7da6b,200,9.2553
2026-09-17T05:33:33.976011569Z,book,scaled,348cd506525f,200,8.381439
2026-09-17T05:33:34.036027594Z,book,scaled,660681595a5e,200,8.386614
2026-09-17T05:33:34.097524578Z,book,scaled,348cd506525f,200,9.881707
2026-09-17T05:33:34.156339703Z,book,scaled,660681595a5e,200,8.309459
2026-09-17T05:33:34.215613576Z,book,scaled,a1cb37b7da6b,200,7.815067
2026-09-17T05:33:34.276123262Z,book,scaled,660681595a5e,200,7.661167
2026-09-17T05:33:34.335794817Z,book,scaled,a1cb37b7da6b,200,8.037302
2026-09-17T05:33:34.396240654Z,book,scaled,348cd506525f,200,8.95668
2026-09-17T05:33:34.455599131Z,book,scaled,a1cb37b7da6b,200,7.793476
2026-09-17T05:33:34.51636191Z,book,scaled,348cd506525f,200,8.362602
2026-09-17T05:33:34.576320207Z,book,scaled,660681595a5e,200,8.292478
2026-09-17T05:33:34.636247061Z,book,scaled,348cd506525f,200,8.424726
2026-09-17T05:33:34.696139383Z,book,scaled,660681595a5e,200,8.393933
2026-09-17T05:33:34.756885711Z,book,scaled,a1cb37b7da6b,200,8.818161
2026-09-17T05:33:34.815239385Z,book,scaled,660681595a5e,200,7.797297
2026-09-17T05:33:34.875841152Z,book,scaled,a1cb37b7da6b,200,7.825504
2026-09-17T05:33:34.936265906Z,book,scaled,348cd506525f,200,8.909493
2026-09-17T05:33:34.996030974Z,book,scaled,a1cb37b7da6b,200,8.349192
2026-09-17T05:33:35.056788751Z,book,scaled,348cd506525f,200,9.148693
2026-09-17T05:33:35.115105513Z,book,scaled,660681595a5e,200,7.919702
2026-09-17T05:33:35.176125788Z,book,scaled,348cd506525f,200,8.267996
2026-09-17T05:33:35.235952596Z,book,scaled,660681595a5e,200,8.264736
2026-09-17T05:33:35.296487808Z,book,scaled,a1cb37b7da6b,200,8.910187
2026-09-17T05:33:35.357982109Z,book,scaled,660681595a5e,200,9.831801
2026-09-17T05:33:35.415345485Z,book,scaled,a1cb37b7da6b,200,7.707791
2026-09-17T05:33:35.475974514Z,book,scaled,348cd506525f,200,7.979932
2026-09-17T05:33:35.536657558Z,book,scaled,a1cb37b7da6b,200,8.928969
2026-09-17T05:33:35.5951368Z,book,scaled,348cd506525f,200,7.8579
2026-09-17T05:33:35.657224582Z,book,scaled,660681595a5e,200,9.501505
2026-09-17T05:33:35.720886484Z,book,scaled,348cd506525f,200,12.874149
2026-09-17T05:33:35.777014044Z,book,scaled,660681595a5e,200,9.326035
2026-09-17T05:33:35.836927201Z,book,scaled,a1cb37b7da6b,200,9.204535
2026-09-17T05:33:35.89739279Z,book,scaled,660681595a5e,200,9.866838
2026-09-17T05:33:35.957338757Z,book,scaled,a1cb37b7da6b,200,9.405234
2026-09-17T05:33:36.018729764Z,book,scaled,348cd506525f,200,10.606665
2026-09-17T05:33:36.07742123Z,book,scaled,a1cb37b7da6b,200,9.812354
2026-09-17T05:33:36.136723385Z,book,scaled,348cd506525f,200,8.680502
2026-09-17T05:33:36.195923969Z,book,scaled,660681595a5e,200,8.313064
2026-09-17T05:33:36.255992867Z,book,scaled,348cd506525f,200,8.553525
2026-09-17T05:33:36.31621359Z,book,scaled,660681595a5e,200,8.264804
2026-09-17T05:33:36.376699801Z,book,scaled,a1cb37b7da6b,200,8.811381
2026-09-17T05:33:36.437311949Z,book,scaled,660681595a5e,200,9.11443
2026-09-17T05:33:36.496538149Z,book,scaled,a1cb37b7da6b,200,8.770518
2026-09-17T05:33:36.556674598Z,book,scaled,348cd506525f,200,8.619089
2026-09-17T05:33:36.616520367Z,book,scaled,a1cb37b7da6b,200,9.27998
2026-09-17T05:33:36.676495496Z,book,scaled,348cd506525f,200,8.379645
2026-09-17T05:33:36.736941805Z,book,scaled,660681595a5e,200,8.894961
2026-09-17T05:33:36.796241842Z,book,scaled,348cd506525f,200,8.630311
2026-09-17T05:33:36.85597277Z,book,scaled,660681595a5e,200,8.124279
2026-09-17T05:33:36.916617956Z,book,scaled,a1cb37b7da6b,200,8.870815
2026-09-17T05:33:36.977855791Z,book,scaled,660681595a5e,200,10.68542
2026-09-17T05:33:37.035736262Z,book,scaled,a1cb37b7da6b,200,8.296359
2026-09-17T05:33:37.097834012Z,book,scaled,348cd506525f,200,9.479206
2026-09-17T05:33:37.155722281Z,book,scaled,a1cb37b7da6b,200,8.46689
2026-09-17T05:33:37.215802343Z,book,scaled,348cd506525f,200,8.131188
2026-09-17T05:33:37.275807819Z,book,scaled,660681595a5e,200,8.399635
2026-09-17T05:33:37.335981025Z,book,scaled,348cd506525f,200,8.59816
2026-09-17T05:33:37.395340111Z,book,scaled,660681595a5e,200,7.708262
2026-09-17T05:33:37.456044871Z,book,scaled,a1cb37b7da6b,200,8.001499
2026-09-17T05:33:37.516003845Z,book,scaled,660681595a5e,200,8.301539
2026-09-17T05:33:37.575396971Z,book,scaled,a1cb37b7da6b,200,7.674989
2026-09-17T05:33:37.635638113Z,book,scaled,348cd506525f,200,7.700052
2026-09-17T05:33:37.69597583Z,book,scaled,a1cb37b7da6b,200,7.733173
2026-09-17T05:33:37.757090067Z,book,scaled,348cd506525f,200,9.382727
2026-09-17T05:33:37.815387515Z,book,scaled,660681595a5e,200,7.486751
2026-09-17T05:33:37.876390504Z,book,scaled,348cd506525f,200,8.425718
2026-09-17T05:33:37.936624691Z,book,scaled,660681595a5e,200,8.554902
2026-09-17T05:33:37.996620209Z,book,scaled,a1cb37b7da6b,200,9.013424
2026-09-17T05:33:38.056261892Z,book,scaled,660681595a5e,200,8.096416
2026-09-17T05:33:38.116442549Z,book,scaled,a1cb37b7da6b,200,8.408635
2026-09-17T05:33:38.176705972Z,book,scaled,348cd506525f,200,8.60953
2026-09-17T05:33:38.234740733Z,book,scaled,a1cb37b7da6b,200,7.572914
2026-09-17T05:33:38.295148688Z,book,scaled,348cd506525f,200,7.825724
2026-09-17T05:33:38.355450544Z,book,scaled,660681595a5e,200,7.732497
2026-09-17T05:33:38.416263037Z,book,scaled,348cd506525f,200,8.057424
2026-09-17T05:33:38.475714168Z,book,scaled,660681595a5e,200,7.814455
2026-09-17T05:33:38.535347694Z,book,scaled,a1cb37b7da6b,200,7.891747
2026-09-17T05:33:38.595847877Z,book,scaled,660681595a5e,200,7.958982
2026-09-17T05:33:38.656486414Z,book,scaled,a1cb37b7da6b,200,8.649421
2026-09-17T05:33:38.716160409Z,book,scaled,348cd506525f,200,8.175333
2026-09-17T05:33:38.775833204Z,book,scaled,a1cb37b7da6b,200,7.905835
2026-09-17T05:33:38.835873366Z,book,scaled,348cd506525f,200,8.523437
2026-09-17T05:33:38.897388144Z,book,scaled,660681595a5e,200,9.773893
2026-09-17T05:33:38.968124149Z,book,scaled,348cd506525f,200,20.267998
2026-09-17T05:33:39.015787473Z,book,scaled,660681595a5e,200,8.261578
2026-09-17T05:33:39.075249265Z,book,scaled,a1cb37b7da6b,200,7.918366
2026-09-17T05:33:39.136140966Z,book,scaled,660681595a5e,200,8.382124
2026-09-17T05:33:39.195282417Z,book,scaled,a1cb37b7da6b,200,7.38571
2026-09-17T05:33:39.255626735Z,book,scaled,348cd506525f,200,7.824739
2026-09-17T05:33:39.315931119Z,book,scaled,a1cb37b7da6b,200,7.7451
2026-09-17T05:33:39.375475315Z,book,scaled,348cd506525f,200,8.019681
2026-09-17T05:33:39.436869051Z,book,scaled,660681595a5e,200,8.849404
2026-09-17T05:33:39.495064251Z,book,scaled,348cd506525f,200,7.753125
2026-09-17T05:33:39.555334284Z,book,scaled,660681595a5e,200,7.66842
2026-09-17T05:33:39.615864764Z,book,scaled,a1cb37b7da6b,200,7.936297
2026-09-17T05:33:39.67533846Z,book,scaled,660681595a5e,200,7.988343
2026-09-17T05:33:39.737108574Z,book,scaled,a1cb37b7da6b,200,9.222587
2026-09-17T05:33:39.796447158Z,book,scaled,348cd506525f,200,8.741606
2026-09-17T05:33:39.8560703Z,book,scaled,a1cb37b7da6b,200,8.069975
2026-09-17T05:33:39.916242421Z,book,scaled,348cd506525f,200,8.648036
2026-09-17T05:33:39.979444817Z,book,scaled,660681595a5e,200,11.648452
2026-09-17T05:33:40.036432921Z,book,scaled,348cd506525f,200,8.336471
2026-09-17T05:33:40.095892952Z,book,scaled,660681595a5e,200,7.675389
2026-09-17T05:33:40.155086767Z,book,scaled,a1cb37b7da6b,200,7.628937
2026-09-17T05:33:40.216545215Z,book,scaled,660681595a5e,200,8.791195
2026-09-17T05:33:40.276367809Z,book,scaled,a1cb37b7da6b,200,8.230814
2026-09-17T05:33:40.336082953Z,book,scaled,348cd506525f,200,8.089861
2026-09-17T05:33:40.395576881Z,book,scaled,a1cb37b7da6b,200,7.857372
2026-09-17T05:33:40.455191993Z,book,scaled,348cd506525f,200,7.786108
2026-09-17T05:33:40.515842774Z,book,scaled,660681595a5e,200,8.173256
2026-09-17T05:33:40.575273858Z,book,scaled,348cd506525f,200,7.841079
2026-09-17T05:33:40.636486741Z,book,scaled,660681595a5e,200,8.692384
2026-09-17T05:33:40.695876218Z,book,scaled,a1cb37b7da6b,200,7.899524
2026-09-17T05:33:40.755890509Z,book,scaled,660681595a5e,200,8.23688
2026-09-17T05:33:40.815536997Z,book,scaled,a1cb37b7da6b,200,8.099366
2026-09-17T05:33:40.876193836Z,book,scaled,348cd506525f,200,8.100556
2026-09-17T05:33:40.935521009Z,book,scaled,a1cb37b7da6b,200,7.701461
2026-09-17T05:33:41.015429729Z,book,scaled,348cd506525f,200,27.366751
2026-09-17T05:33:41.055527781Z,book,scaled,660681595a5e,200,7.798767
2026-09-17T05:33:41.116291154Z,book,scaled,348cd506525f,200,8.156521
2026-09-17T05:33:41.175095374Z,book,scaled,660681595a5e,200,7.942511
2026-09-17T05:33:41.235563715Z,book,scaled,a1cb37b7da6b,200,7.840955
2026-09-17T05:33:41.294927731Z,book,scaled,660681595a5e,200,7.310837
2026-09-17T05:33:41.356179402Z,book,scaled,a1cb37b7da6b,200,8.662212
2026-09-17T05:33:41.415981574Z,book,scaled,348cd506525f,200,8.298698
2026-09-17T05:33:41.476183492Z,book,scaled,a1cb37b7da6b,200,8.338118
2026-09-17T05:33:41.537758479Z,book,scaled,348cd506525f,200,10.244964
2026-09-17T05:33:41.595692307Z,book,scaled,660681595a5e,200,8.167445
2026-09-17T05:33:41.656609696Z,book,scaled,348cd506525f,200,9.462462
2026-09-17T05:33:41.71609753Z,book,scaled,660681595a5e,200,7.994389
2026-09-17T05:33:41.777197401Z,book,scaled,a1cb37b7da6b,200,9.326911
2026-09-17T05:33:41.835454811Z,book,scaled,660681595a5e,200,7.664203
2026-09-17T05:33:41.899343674Z,book,scaled,a1cb37b7da6b,200,11.234017
2026-09-17T05:33:41.956249112Z,book,scaled,348cd506525f,200,8.287387
2026-09-17T05:33:42.032984535Z,book,scaled,a1cb37b7da6b,200,25.126802
2026-09-17T05:33:42.076156668Z,book,scaled,348cd506525f,200,8.325182
2026-09-17T05:33:42.135814191Z,book,scaled,660681595a5e,200,8.046593
2026-09-17T05:33:42.195576802Z,book,scaled,348cd506525f,200,7.99925
2026-09-17T05:33:42.255704445Z,book,scaled,660681595a5e,200,8.528803
2026-09-17T05:33:42.315455555Z,book,scaled,a1cb37b7da6b,200,8.220273
2026-09-17T05:33:42.376845409Z,book,scaled,660681595a5e,200,8.794712
2026-09-17T05:33:42.435081486Z,book,scaled,a1cb37b7da6b,200,7.669258
2026-09-17T05:33:42.495307322Z,book,scaled,348cd506525f,200,8.02025
2026-09-17T05:33:42.55596624Z,book,scaled,a1cb37b7da6b,200,7.980899
2026-09-17T05:33:42.616619017Z,book,scaled,348cd506525f,200,8.975433
2026-09-17T05:33:42.67578006Z,book,scaled,660681595a5e,200,8.62005
2026-09-17T05:33:42.735470925Z,book,scaled,348cd506525f,200,7.824248
2026-09-17T05:33:42.797197931Z,book,scaled,660681595a5e,200,9.167164
2026-09-17T05:33:42.855609916Z,book,scaled,a1cb37b7da6b,200,7.515448
2026-09-17T05:33:42.916404462Z,book,scaled,660681595a5e,200,8.15454
2026-09-17T05:33:42.976780501Z,book,scaled,a1cb37b7da6b,200,8.818432
2026-09-17T05:33:43.060626698Z,book,scaled,348cd506525f,200,33.209747
2026-09-17T05:33:43.095740877Z,book,scaled,a1cb37b7da6b,200,7.701881
2026-09-17T05:33:43.155794936Z,book,scaled,348cd506525f,200,8.276018
2026-09-17T05:33:43.215515335Z,book,scaled,660681595a5e,200,7.920816
2026-09-17T05:33:43.278675021Z,book,scaled,348cd506525f,200,10.34415
2026-09-17T05:33:43.337925954Z,book,scaled,660681595a5e,200,10.602495
2026-09-17T05:33:43.396499258Z,book,scaled,a1cb37b7da6b,200,8.55188
2026-09-17T05:33:43.457235446Z,book,scaled,660681595a5e,200,9.0782
2026-09-17T05:33:43.516018198Z,book,scaled,a1cb37b7da6b,200,8.217128
2026-09-17T05:33:43.577074416Z,book,scaled,348cd506525f,200,9.438555
2026-09-17T05:33:43.635590927Z,book,scaled,a1cb37b7da6b,200,7.85073
2026-09-17T05:33:43.696554101Z,book,scaled,348cd506525f,200,8.352059
2026-09-17T05:33:43.758048166Z,book,scaled,660681595a5e,200,9.984577
2026-09-17T05:33:43.816321331Z,book,scaled,348cd506525f,200,8.598598
2026-09-17T05:33:43.876748164Z,book,scaled,660681595a5e,200,8.891896
2026-09-17T05:33:43.936473272Z,book,scaled,a1cb37b7da6b,200,9.010284
2026-09-17T05:33:43.997460651Z,book,scaled,660681595a5e,200,9.282583
2026-09-17T05:33:44.056682068Z,book,scaled,a1cb37b7da6b,200,8.674125
2026-09-17T05:33:44.116149493Z,book,scaled,348cd506525f,200,8.966976
2026-09-17T05:33:44.176148844Z,book,scaled,a1cb37b7da6b,200,8.341781
2026-09-17T05:33:44.236703637Z,book,scaled,348cd506525f,200,9.013383
2026-09-17T05:33:44.297239412Z,book,scaled,660681595a5e,200,9.829683
2026-09-17T05:33:44.356086528Z,book,scaled,348cd506525f,200,8.16623
2026-09-17T05:33:44.416293447Z,book,scaled,660681595a5e,200,8.63305
2026-09-17T05:33:44.475028043Z,book,scaled,a1cb37b7da6b,200,7.296014
2026-09-17T05:33:44.53566999Z,book,scaled,660681595a5e,200,7.887252
2026-09-17T05:33:44.596697971Z,book,scaled,a1cb37b7da6b,200,9.295454
2026-09-17T05:33:44.655111115Z,book,scaled,348cd506525f,200,7.956007
2026-09-17T05:33:44.715950142Z,book,scaled,a1cb37b7da6b,200,8.196972
2026-09-17T05:33:44.774981031Z,book,scaled,348cd506525f,200,7.60052
2026-09-17T05:33:44.835143788Z,book,scaled,660681595a5e,200,7.601364
2026-09-17T05:33:44.895819564Z,book,scaled,348cd506525f,200,7.84742
2026-09-17T05:33:44.955847561Z,book,scaled,660681595a5e,200,8.31664
2026-09-17T05:33:45.016604871Z,book,scaled,a1cb37b7da6b,200,9.063067
2026-09-17T05:33:45.075548318Z,book,scaled,660681595a5e,200,8.181941
2026-09-17T05:33:45.136207553Z,book,scaled,a1cb37b7da6b,200,9.013825
2026-09-17T05:33:45.197111653Z,book,scaled,348cd506525f,200,9.064981
2026-09-17T05:33:45.256433414Z,book,scaled,a1cb37b7da6b,200,8.566707
2026-09-17T05:33:45.317880549Z,book,scaled,348cd506525f,200,9.914921
2026-09-17T05:33:45.375654909Z,book,scaled,660681595a5e,200,8.117237
2026-09-17T05:33:45.43574596Z,book,scaled,348cd506525f,200,8.545986
2026-09-17T05:33:45.496047681Z,book,scaled,660681595a5e,200,8.665682
2026-09-17T05:33:45.555607655Z,book,scaled,a1cb37b7da6b,200,7.941525
2026-09-17T05:33:45.615613896Z,book,scaled,660681595a5e,200,8.055201
2026-09-17T05:33:45.676405793Z,book,scaled,a1cb37b7da6b,200,8.247776
2026-09-17T05:33:45.736516803Z,book,scaled,348cd506525f,200,8.620789
2026-09-17T05:33:45.796004785Z,book,scaled,a1cb37b7da6b,200,7.855332
2026-09-17T05:33:45.855858959Z,book,scaled,348cd506525f,200,8.135398
2026-09-17T05:33:45.915428534Z,book,scaled,660681595a5e,200,7.826039
2026-09-17T05:33:45.975813102Z,book,scaled,348cd506525f,200,7.900515
2026-09-17T05:33:46.046973526Z,book,scaled,660681595a5e,200,19.598798
2026-09-17T05:33:46.095149785Z,book,scaled,a1cb37b7da6b,200,7.678829
2026-09-17T05:33:46.156543428Z,book,scaled,660681595a5e,200,8.852686
2026-09-17T05:33:46.215850861Z,book,scaled,a1cb37b7da6b,200,7.657823
2026-09-17T05:33:46.275462504Z,book,scaled,348cd506525f,200,7.877311
2026-09-17T05:33:46.336682676Z,book,scaled,a1cb37b7da6b,200,8.77405
2026-09-17T05:33:46.395070006Z,book,scaled,348cd506525f,200,7.912334
2026-09-17T05:33:46.455844518Z,book,scaled,660681595a5e,200,8.212793
2026-09-17T05:33:46.515304838Z,book,scaled,348cd506525f,200,7.787208
2026-09-17T05:33:46.575841745Z,book,scaled,660681595a5e,200,7.966118
2026-09-17T05:33:46.636055856Z,book,scaled,a1cb37b7da6b,200,8.682938
2026-09-17T05:33:46.695780327Z,book,scaled,660681595a5e,200,8.163042
2026-09-17T05:33:46.755797761Z,book,scaled,a1cb37b7da6b,200,8.459048
2026-09-17T05:33:46.815681072Z,book,scaled,348cd506525f,200,8.3773
2026-09-17T05:33:46.875780247Z,book,scaled,a1cb37b7da6b,200,7.742724
2026-09-17T05:33:46.935465229Z,book,scaled,348cd506525f,200,8.01385
2026-09-17T05:33:46.995937232Z,book,scaled,660681595a5e,200,7.968407
2026-09-17T05:33:47.056769669Z,book,scaled,348cd506525f,200,9.251211
2026-09-17T05:33:47.115063693Z,book,scaled,660681595a5e,200,7.835899
2026-09-17T05:33:47.175844325Z,book,scaled,a1cb37b7da6b,200,8.001449
2026-09-17T05:33:47.23585883Z,book,scaled,660681595a5e,200,8.410087
2026-09-17T05:33:47.295533282Z,book,scaled,a1cb37b7da6b,200,8.066334
2026-09-17T05:33:47.356604883Z,book,scaled,348cd506525f,200,8.63271
2026-09-17T05:33:47.416391773Z,book,scaled,a1cb37b7da6b,200,8.183293
2026-09-17T05:33:47.476339523Z,book,scaled,348cd506525f,200,8.299569
2026-09-17T05:33:47.535584688Z,book,scaled,660681595a5e,200,7.625016
2026-09-17T05:33:47.595445893Z,book,scaled,348cd506525f,200,8.220165
2026-09-17T05:33:47.65582676Z,book,scaled,660681595a5e,200,7.905284
2026-09-17T05:33:47.715218883Z,book,scaled,a1cb37b7da6b,200,7.825705
2026-09-17T05:33:47.776693821Z,book,scaled,660681595a5e,200,8.876955
2026-09-17T05:33:47.835237251Z,book,scaled,a1cb37b7da6b,200,7.871891
2026-09-17T05:33:47.896377266Z,book,scaled,348cd506525f,200,8.523253
2026-09-17T05:33:47.957289679Z,book,scaled,a1cb37b7da6b,200,9.300884
2026-09-17T05:33:48.01569855Z,book,scaled,348cd506525f,200,7.832589
2026-09-17T05:33:48.105967802Z,book,scaled,660681595a5e,200,38.578279
2026-09-17T05:33:48.135543715Z,book,scaled,348cd506525f,200,7.759474
2026-09-17T05:33:48.195250299Z,book,scaled,660681595a5e,200,8.030182
2026-09-17T05:33:48.255930025Z,book,scaled,a1cb37b7da6b,200,7.947796
2026-09-17T05:33:48.315125598Z,book,scaled,660681595a5e,200,7.575842
2026-09-17T05:33:48.375681456Z,book,scaled,a1cb37b7da6b,200,7.983038
2026-09-17T05:33:48.435212058Z,book,scaled,348cd506525f,200,8.053753
2026-09-17T05:33:48.496280171Z,book,scaled,a1cb37b7da6b,200,8.439189
2026-09-17T05:33:48.556771625Z,book,scaled,348cd506525f,200,8.522083
2026-09-17T05:33:48.615466914Z,book,scaled,660681595a5e,200,8.079754
2026-09-17T05:33:48.67581067Z,book,scaled,348cd506525f,200,7.815077
2026-09-17T05:33:48.735788721Z,book,scaled,660681595a5e,200,8.158159
2026-09-17T05:33:48.795719698Z,book,scaled,a1cb37b7da6b,200,8.269947
2026-09-17T05:33:48.855130958Z,book,scaled,660681595a5e,200,6.854619
2026-09-17T05:33:48.914391165Z,book,scaled,a1cb37b7da6b,200,7.797116
2026-09-17T05:33:48.975838899Z,book,scaled,348cd506525f,200,8.876955
2026-09-17T05:33:49.034496141Z,book,scaled,a1cb37b7da6b,200,8.108031
2026-09-17T05:33:49.115892903Z,book,scaled,348cd506525f,200,28.985426
2026-09-17T05:33:49.155268532Z,book,scaled,660681595a5e,200,8.042742
2026-09-17T05:33:49.214717014Z,book,scaled,348cd506525f,200,8.024655
2026-09-17T05:33:49.273610623Z,book,scaled,660681595a5e,200,7.476626
2026-09-17T05:33:49.334895317Z,book,scaled,a1cb37b7da6b,200,7.744853
2026-09-17T05:33:49.394766352Z,book,scaled,660681595a5e,200,8.119758
2026-09-17T05:33:49.453749723Z,book,scaled,a1cb37b7da6b,200,7.5398
2026-09-17T05:33:49.51445722Z,book,scaled,348cd506525f,200,8.081374
2026-09-17T05:33:49.575646728Z,book,scaled,a1cb37b7da6b,200,8.514482
2026-09-17T05:33:49.634711563Z,book,scaled,348cd506525f,200,8.460334
2026-09-17T05:33:49.695661618Z,book,scaled,660681595a5e,200,9.303732
2026-09-17T05:33:49.75474202Z,book,scaled,348cd506525f,200,8.534843
2026-09-17T05:33:49.81465223Z,book,scaled,660681595a5e,200,8.392525
2026-09-17T05:33:49.874805162Z,book,scaled,a1cb37b7da6b,200,8.48563
2026-09-17T05:33:49.934880209Z,book,scaled,660681595a5e,200,8.503671
2026-09-17T05:33:49.994934237Z,book,scaled,a1cb37b7da6b,200,8.40994
2026-09-17T05:33:50.055791494Z,book,scaled,348cd506525f,200,9.244108
2026-09-17T05:33:50.114267789Z,book,scaled,a1cb37b7da6b,200,7.849179
2026-09-17T05:33:50.174743904Z,book,scaled,348cd506525f,200,7.632856
2026-09-17T05:33:50.234682883Z,book,scaled,660681595a5e,200,8.16718
2026-09-17T05:33:50.294230409Z,book,scaled,348cd506525f,200,8.041064
2026-09-17T05:33:50.355888236Z,book,scaled,660681595a5e,200,8.987192
2026-09-17T05:33:50.414284876Z,book,scaled,a1cb37b7da6b,200,7.871861
2026-09-17T05:33:50.47482573Z,book,scaled,660681595a5e,200,8.053
2026-09-17T05:33:50.535409884Z,book,scaled,a1cb37b7da6b,200,8.917268
2026-09-17T05:33:50.594623057Z,book,scaled,348cd506525f,200,7.707611
2026-09-17T05:33:50.654038544Z,book,scaled,a1cb37b7da6b,200,7.8222
2026-09-17T05:33:50.714317237Z,book,scaled,348cd506525f,200,7.69493
2026-09-17T05:33:50.775033283Z,book,scaled,660681595a5e,200,7.995529
2026-09-17T05:33:50.83663946Z,book,scaled,348cd506525f,200,10.032551
2026-09-17T05:33:50.894313794Z,book,scaled,660681595a5e,200,8.062484
2026-09-17T05:33:50.954870972Z,book,scaled,a1cb37b7da6b,200,7.779525
2026-09-17T05:33:51.014312951Z,book,scaled,660681595a5e,200,7.929126
2026-09-17T05:33:51.074983556Z,book,scaled,a1cb37b7da6b,200,8.036572
2026-09-17T05:33:51.135461312Z,book,scaled,348cd506525f,200,8.726145
2026-09-17T05:33:51.195807346Z,book,scaled,a1cb37b7da6b,200,8.587348
2026-09-17T05:33:51.254709019Z,book,scaled,348cd506525f,200,8.295268
2026-09-17T05:33:51.314726462Z,book,scaled,660681595a5e,200,8.516923
2026-09-17T05:33:51.375509907Z,book,scaled,348cd506525f,200,9.208388
2026-09-17T05:33:51.436812962Z,book,scaled,660681595a5e,200,9.810455
2026-09-17T05:33:51.495193031Z,book,scaled,a1cb37b7da6b,200,8.503661
2026-09-17T05:33:51.555174244Z,book,scaled,660681595a5e,200,8.3023
2026-09-17T05:33:51.614933352Z,book,scaled,a1cb37b7da6b,200,8.187577
2026-09-17T05:33:51.676028714Z,book,scaled,348cd506525f,200,9.235408
2026-09-17T05:33:51.736250532Z,book,scaled,a1cb37b7da6b,200,9.518978
2026-09-17T05:33:51.79602097Z,book,scaled,348cd506525f,200,9.102369
2026-09-17T05:33:51.859459702Z,book,scaled,660681595a5e,200,12.765563
2026-09-17T05:33:51.915083457Z,book,scaled,348cd506525f,200,8.241437
2026-09-17T05:33:51.975272447Z,book,scaled,660681595a5e,200,8.603863
2026-09-17T05:33:52.035140326Z,book,scaled,a1cb37b7da6b,200,8.308809
2026-09-17T05:33:52.095208614Z,book,scaled,660681595a5e,200,8.418258
2026-09-17T05:33:52.155211107Z,book,scaled,a1cb37b7da6b,200,8.183991
2026-09-17T05:33:52.214777252Z,book,scaled,348cd506525f,200,7.807337
2026-09-17T05:33:52.27467751Z,book,scaled,a1cb37b7da6b,200,8.379165
2026-09-17T05:33:52.335285831Z,book,scaled,348cd506525f,200,9.033595
2026-09-17T05:33:52.396420136Z,book,scaled,660681595a5e,200,9.473323
2026-09-17T05:33:52.456115373Z,book,scaled,348cd506525f,200,9.135724
2026-09-17T05:33:52.515344776Z,book,scaled,660681595a5e,200,8.518363
2026-09-17T05:33:52.575694562Z,book,scaled,a1cb37b7da6b,200,8.691413
2026-09-17T05:33:52.634919067Z,book,scaled,660681595a5e,200,8.61122
2026-09-17T05:33:52.695674857Z,book,scaled,a1cb37b7da6b,200,8.931808
2026-09-17T05:33:52.755851833Z,book,scaled,348cd506525f,200,9.603533
2026-09-17T05:33:52.814837015Z,book,scaled,a1cb37b7da6b,200,8.345562
2026-09-17T05:33:52.875254075Z,book,scaled,348cd506525f,200,8.811201
2026-09-17T05:33:52.935028884Z,book,scaled,660681595a5e,200,8.072134
2026-09-17T05:33:52.995465821Z,book,scaled,348cd506525f,200,8.849278
2026-09-17T05:33:53.056819667Z,book,scaled,660681595a5e,200,9.700309
2026-09-17T05:33:53.115963681Z,book,scaled,a1cb37b7da6b,200,9.568199
2026-09-17T05:33:53.176232969Z,book,scaled,660681595a5e,200,9.216276
2026-09-17T05:33:53.235009463Z,book,scaled,a1cb37b7da6b,200,8.586697
2026-09-17T05:33:53.295343719Z,book,scaled,348cd506525f,200,8.648511
2026-09-17T05:33:53.355629858Z,book,scaled,a1cb37b7da6b,200,8.763313
2026-09-17T05:33:53.414149963Z,book,scaled,348cd506525f,200,7.899974
2026-09-17T05:33:53.474787198Z,book,scaled,660681595a5e,200,8.026942
2026-09-17T05:33:53.535278132Z,book,scaled,348cd506525f,200,8.962381
2026-09-17T05:33:53.595377083Z,book,scaled,660681595a5e,200,8.412446
2026-09-17T05:33:53.654943679Z,book,scaled,a1cb37b7da6b,200,7.997459
2026-09-17T05:33:53.71441265Z,book,scaled,660681595a5e,200,7.744703
2026-09-17T05:33:53.775184804Z,book,scaled,a1cb37b7da6b,200,8.216735
2026-09-17T05:33:53.835598798Z,book,scaled,348cd506525f,200,8.858909
2026-09-17T05:33:53.895773827Z,book,scaled,a1cb37b7da6b,200,8.564455
2026-09-17T05:33:53.954574684Z,book,scaled,348cd506525f,200,8.32579
2026-09-17T05:33:54.015218161Z,book,scaled,660681595a5e,200,8.228964
2026-09-17T05:33:54.075239111Z,book,scaled,348cd506525f,200,8.226471
2026-09-17T05:33:54.135301223Z,book,scaled,660681595a5e,200,8.560247
2026-09-17T05:33:54.194538997Z,book,scaled,a1cb37b7da6b,200,7.69675
2026-09-17T05:33:54.255133469Z,book,scaled,660681595a5e,200,8.138079
2026-09-17T05:33:54.315047568Z,book,scaled,a1cb37b7da6b,200,8.227564
2026-09-17T05:33:54.375668952Z,book,scaled,348cd506525f,200,8.916217
2026-09-17T05:33:54.433904644Z,book,scaled,a1cb37b7da6b,200,7.764626
2026-09-17T05:33:54.498925453Z,book,scaled,348cd506525f,200,12.348353
2026-09-17T05:33:54.554258243Z,book,scaled,660681595a5e,200,7.742113
2026-09-17T05:33:54.615478148Z,book,scaled,348cd506525f,200,8.590847
2026-09-17T05:33:54.674898402Z,book,scaled,660681595a5e,200,7.916144
2026-09-17T05:33:54.735705757Z,book,scaled,a1cb37b7da6b,200,9.319055
2026-09-17T05:33:54.79565571Z,book,scaled,660681595a5e,200,8.992874
2026-09-17T05:33:54.85542778Z,book,scaled,a1cb37b7da6b,200,8.220653
2026-09-17T05:33:54.915250691Z,book,scaled,348cd506525f,200,8.221524
2026-09-17T05:33:54.974814957Z,book,scaled,a1cb37b7da6b,200,8.121201
2026-09-17T05:33:55.034247586Z,book,scaled,348cd506525f,200,7.908093
2026-09-17T05:33:55.095013667Z,book,scaled,660681595a5e,200,8.181331
2026-09-17T05:33:55.155402837Z,book,scaled,348cd506525f,200,8.779819
2026-09-17T05:33:55.21540523Z,book,scaled,660681595a5e,200,8.31004
2026-09-17T05:33:55.274926033Z,book,scaled,a1cb37b7da6b,200,7.877742
2026-09-17T05:33:55.334729289Z,book,scaled,660681595a5e,200,8.126043
2026-09-17T05:33:55.395289485Z,book,scaled,a1cb37b7da6b,200,9.009536
2026-09-17T05:33:55.454775387Z,book,scaled,348cd506525f,200,7.855941
2026-09-17T05:33:55.51431641Z,book,scaled,a1cb37b7da6b,200,8.020621
2026-09-17T05:33:55.575493369Z,book,scaled,348cd506525f,200,8.595788
2026-09-17T05:33:55.635072956Z,book,scaled,660681595a5e,200,8.131838
2026-09-17T05:33:55.694475263Z,book,scaled,348cd506525f,200,7.925175
2026-09-17T05:33:55.754693441Z,book,scaled,660681595a5e,200,7.750424
2026-09-17T05:33:55.814338461Z,book,scaled,a1cb37b7da6b,200,8.213242
2026-09-17T05:33:55.875455276Z,book,scaled,660681595a5e,200,8.295258
2026-09-17T05:33:55.935386716Z,book,scaled,a1cb37b7da6b,200,8.453388
2026-09-17T05:33:55.995273843Z,book,scaled,348cd506525f,200,8.253495
2026-09-17T05:33:56.054936666Z,book,scaled,a1cb37b7da6b,200,8.118129
2026-09-17T05:33:56.115207918Z,book,scaled,348cd506525f,200,8.755289
2026-09-17T05:33:56.175054387Z,book,scaled,660681595a5e,200,8.261842
2026-09-17T05:33:56.234094075Z,book,scaled,348cd506525f,200,7.766565
2026-09-17T05:33:56.294475323Z,book,scaled,660681595a5e,200,7.763025
2026-09-17T05:33:56.355562007Z,book,scaled,a1cb37b7da6b,200,8.579896
2026-09-17T05:33:56.415137684Z,book,scaled,660681595a5e,200,8.170882
2026-09-17T05:33:56.475099374Z,book,scaled,a1cb37b7da6b,200,8.361913
2026-09-17T05:33:56.537070294Z,book,scaled,348cd506525f,200,10.424173
2026-09-17T05:33:56.594814134Z,book,scaled,a1cb37b7da6b,200,8.188722
2026-09-17T05:33:56.654449326Z,book,scaled,348cd506525f,200,7.966247
2026-09-17T05:33:56.716335831Z,book,scaled,660681595a5e,200,9.376277
2026-09-17T05:33:56.775089006Z,book,scaled,348cd506525f,200,8.276989
2026-09-17T05:33:56.83588539Z,book,scaled,660681595a5e,200,9.249339
2026-09-17T05:33:56.895701161Z,book,scaled,a1cb37b7da6b,200,8.987623
2026-09-17T05:33:56.955009611Z,book,scaled,660681595a5e,200,8.747258
2026-09-17T05:33:57.014787141Z,book,scaled,a1cb37b7da6b,200,8.084755
2026-09-17T05:33:57.074332916Z,book,scaled,348cd506525f,200,7.945357
2026-09-17T05:33:57.143536917Z,book,scaled,a1cb37b7da6b,200,16.735738
2026-09-17T05:33:57.194071416Z,book,scaled,348cd506525f,200,7.620925
2026-09-17T05:33:57.254105072Z,book,scaled,660681595a5e,200,7.449664
2026-09-17T05:33:57.31477059Z,book,scaled,348cd506525f,200,8.124678
2026-09-17T05:33:57.37409768Z,book,scaled,660681595a5e,200,7.771915
2026-09-17T05:33:57.434748714Z,book,scaled,a1cb37b7da6b,200,8.132978
2026-09-17T05:33:57.494135501Z,book,scaled,660681595a5e,200,7.759864
2026-09-17T05:33:57.554379289Z,book,scaled,a1cb37b7da6b,200,7.627166
2026-09-17T05:33:57.615599801Z,book,scaled,348cd506525f,200,8.723605
2026-09-17T05:33:57.673601068Z,book,scaled,a1cb37b7da6b,200,7.331827
2026-09-17T05:33:57.735087918Z,book,scaled,348cd506525f,200,7.884184
2026-09-17T05:33:57.794680406Z,book,scaled,660681595a5e,200,7.865691
2026-09-17T05:33:57.853971045Z,book,scaled,348cd506525f,200,7.746953
2026-09-17T05:33:57.914181973Z,book,scaled,660681595a5e,200,7.627486
2026-09-17T05:33:57.974527679Z,book,scaled,a1cb37b7da6b,200,7.793456
2026-09-17T05:33:58.034614909Z,book,scaled,660681595a5e,200,7.685209
2026-09-17T05:33:58.099505305Z,book,scaled,a1cb37b7da6b,200,12.234831
2026-09-17T05:33:58.15780465Z,book,scaled,348cd506525f,200,10.756886
2026-09-17T05:33:58.214880097Z,book,scaled,a1cb37b7da6b,200,8.455809
2026-09-17T05:33:58.27533459Z,book,scaled,348cd506525f,200,8.95317
2026-09-17T05:33:58.334570348Z,book,scaled,660681595a5e,200,7.661048
2026-09-17T05:33:58.394303178Z,book,scaled,348cd506525f,200,7.941232
2026-09-17T05:33:58.456498927Z,book,scaled,660681595a5e,200,9.612223
2026-09-17T05:33:58.514630291Z,book,scaled,a1cb37b7da6b,200,7.899503
2026-09-17T05:33:58.575555074Z,book,scaled,660681595a5e,200,8.378923
2026-09-17T05:33:58.634948221Z,book,scaled,a1cb37b7da6b,200,7.967707
2026-09-17T05:33:58.694671876Z,book,scaled,348cd506525f,200,8.150711
2026-09-17T05:33:58.754035Z,book,scaled,a1cb37b7da6b,200,7.810799
2026-09-17T05:33:58.814911019Z,book,scaled,348cd506525f,200,8.234184
2026-09-17T05:33:58.874202147Z,book,scaled,660681595a5e,200,7.69536
2026-09-17T05:33:58.934686777Z,book,scaled,348cd506525f,200,7.972223
2026-09-17T05:33:58.995885643Z,book,scaled,660681595a5e,200,8.446901
2026-09-17T05:33:59.054904285Z,book,scaled,a1cb37b7da6b,200,8.441279
2026-09-17T05:33:59.114713097Z,book,scaled,660681595a5e,200,8.259378
2026-09-17T05:33:59.185717502Z,book,scaled,a1cb37b7da6b,200,19.274589
2026-09-17T05:33:59.234931768Z,book,scaled,348cd506525f,200,8.276077
2026-09-17T05:33:59.294816775Z,book,scaled,a1cb37b7da6b,200,8.191852
2026-09-17T05:33:59.35552955Z,book,scaled,348cd506525f,200,8.832828
2026-09-17T05:33:59.415370748Z,book,scaled,660681595a5e,200,8.15297
2026-09-17T05:33:59.47572433Z,book,scaled,348cd506525f,200,8.578082
2026-09-17T05:33:59.535020103Z,book,scaled,660681595a5e,200,8.560105
2026-09-17T05:33:59.595702071Z,book,scaled,a1cb37b7da6b,200,8.981402
2026-09-17T05:33:59.655818952Z,book,scaled,660681595a5e,200,9.356306
2026-09-17T05:33:59.716082543Z,book,scaled,a1cb37b7da6b,200,9.672687
2026-09-17T05:33:59.774264442Z,book,scaled,348cd506525f,200,7.572774
2026-09-17T05:33:59.835362914Z,book,scaled,a1cb37b7da6b,200,8.366123
2026-09-17T05:33:59.895308135Z,book,scaled,348cd506525f,200,8.043452
2026-09-17T05:33:59.955297459Z,book,scaled,660681595a5e,200,8.097396
2026-09-17T05:34:00.015959056Z,book,scaled,348cd506525f,200,8.983284
2026-09-17T05:34:00.07526237Z,book,scaled,660681595a5e,200,8.582393
2026-09-17T05:34:00.148699326Z,book,scaled,a1cb37b7da6b,200,21.793209
2026-09-17T05:34:00.195430143Z,book,scaled,660681595a5e,200,8.865885
2026-09-17T05:34:00.254692865Z,book,scaled,a1cb37b7da6b,200,7.726217
2026-09-17T05:34:00.315358516Z,book,scaled,348cd506525f,200,9.207286
2026-09-17T05:34:00.374635554Z,book,scaled,a1cb37b7da6b,200,7.794741
2026-09-17T05:34:00.435519887Z,book,scaled,348cd506525f,200,8.31452
2026-09-17T05:34:00.495257802Z,book,scaled,660681595a5e,200,8.315079
2026-09-17T05:34:00.55499786Z,book,scaled,348cd506525f,200,8.213183
2026-09-17T05:34:00.615364538Z,book,scaled,660681595a5e,200,8.662152
2026-09-17T05:34:00.67517845Z,book,scaled,a1cb37b7da6b,200,8.302089
2026-09-17T05:34:00.735367491Z,book,scaled,660681595a5e,200,8.393282
2026-09-17T05:34:00.795332254Z,book,scaled,a1cb37b7da6b,200,8.403907
2026-09-17T05:34:00.855927127Z,book,scaled,348cd506525f,200,8.943623
2026-09-17T05:34:00.91447794Z,book,scaled,a1cb37b7da6b,200,7.804328
2026-09-17T05:34:00.975258952Z,book,scaled,348cd506525f,200,8.321272
2026-09-17T05:34:01.035387366Z,book,scaled,660681595a5e,200,8.047894
2026-09-17T05:34:01.095583273Z,book,scaled,348cd506525f,200,8.632331
2026-09-17T05:34:01.166723821Z,book,scaled,660681595a5e,200,19.554369
2026-09-17T05:34:01.214982476Z,book,scaled,a1cb37b7da6b,200,7.951289
2026-09-17T05:34:01.274661Z,book,scaled,660681595a5e,200,8.088407
2026-09-17T05:34:01.334945333Z,book,scaled,a1cb37b7da6b,200,8.758049
2026-09-17T05:34:01.394767907Z,book,scaled,348cd506525f,200,8.182303
2026-09-17T05:34:01.454739099Z,book,scaled,a1cb37b7da6b,200,8.409768
2026-09-17T05:34:01.514748314Z,book,scaled,348cd506525f,200,8.406992
2026-09-17T05:34:01.574303511Z,book,scaled,660681595a5e,200,7.872623
2026-09-17T05:34:01.634994821Z,book,scaled,348cd506525f,200,8.104999
2026-09-17T05:34:01.69527104Z,book,scaled,660681595a5e,200,8.647111
2026-09-17T05:34:01.754784194Z,book,scaled,a1cb37b7da6b,200,7.958588
2026-09-17T05:34:01.813610144Z,book,scaled,660681595a5e,200,7.395973
2026-09-17T05:34:01.875164009Z,book,scaled,a1cb37b7da6b,200,7.99071
2026-09-17T05:34:01.935114268Z,book,scaled,348cd506525f,200,8.299121
2026-09-17T05:34:01.99445166Z,book,scaled,a1cb37b7da6b,200,7.648428
2026-09-17T05:34:02.056008936Z,book,scaled,348cd506525f,200,9.067272
2026-09-17T05:34:02.115840851Z,book,scaled,660681595a5e,200,9.242752
2026-09-17T05:34:02.175095624Z,book,scaled,348cd506525f,200,8.549563
2026-09-17T05:34:02.234639403Z,book,scaled,660681595a5e,200,7.995141
2026-09-17T05:34:02.294290456Z,book,scaled,a1cb37b7da6b,200,8.13438
2026-09-17T05:34:02.354617382Z,book,scaled,660681595a5e,200,7.795868
2026-09-17T05:34:02.414683151Z,book,scaled,a1cb37b7da6b,200,8.220235
2026-09-17T05:34:02.474849364Z,book,scaled,348cd506525f,200,7.68155
2026-09-17T05:34:02.534374389Z,book,scaled,a1cb37b7da6b,200,7.82608
2026-09-17T05:34:02.595039648Z,book,scaled,348cd506525f,200,7.926937
2026-09-17T05:34:02.654908385Z,book,scaled,660681595a5e,200,8.315137
2026-09-17T05:34:02.714645841Z,book,scaled,348cd506525f,200,8.183751
2026-09-17T05:34:02.774879502Z,book,scaled,660681595a5e,200,7.759975
2026-09-17T05:34:02.834708048Z,book,scaled,a1cb37b7da6b,200,8.060897
2026-09-17T05:34:02.895880489Z,book,scaled,660681595a5e,200,9.650939
2026-09-17T05:34:02.956129203Z,book,scaled,a1cb37b7da6b,200,9.412077
2026-09-17T05:34:03.014902731Z,book,scaled,348cd506525f,200,7.983822
2026-09-17T05:34:03.073998902Z,book,scaled,a1cb37b7da6b,200,7.535931
2026-09-17T05:34:03.13498892Z,book,scaled,348cd506525f,200,8.353123
2026-09-17T05:34:03.213643497Z,book,scaled,660681595a5e,200,26.90316
2026-09-17T05:34:03.25501953Z,book,scaled,348cd506525f,200,8.020921
2026-09-17T05:34:03.314894907Z,book,scaled,660681595a5e,200,8.157723
2026-09-17T05:34:03.375664262Z,book,scaled,a1cb37b7da6b,200,9.23766
2026-09-17T05:34:03.434613308Z,book,scaled,660681595a5e,200,8.13692
2026-09-17T05:34:03.4953433Z,book,scaled,a1cb37b7da6b,200,8.30701
2026-09-17T05:34:03.555033055Z,book,scaled,348cd506525f,200,8.126331
2026-09-17T05:34:03.615060942Z,book,scaled,a1cb37b7da6b,200,8.235918
2026-09-17T05:34:03.674516901Z,book,scaled,348cd506525f,200,7.924486
2026-09-17T05:34:03.734899651Z,book,scaled,660681595a5e,200,7.911405
2026-09-17T05:34:03.796042388Z,book,scaled,348cd506525f,200,9.141059
2026-09-17T05:34:03.856607892Z,book,scaled,660681595a5e,200,9.508364
2026-09-17T05:34:03.916081532Z,book,scaled,a1cb37b7da6b,200,8.909528
2026-09-17T05:34:03.974885211Z,book,scaled,660681595a5e,200,8.269718
2026-09-17T05:34:04.03641476Z,book,scaled,a1cb37b7da6b,200,9.807783
2026-09-17T05:34:04.095927998Z,book,scaled,348cd506525f,200,8.936603
2026-09-17T05:34:04.154323915Z,book,scaled,a1cb37b7da6b,200,7.728719
2026-09-17T05:34:04.216157919Z,book,scaled,348cd506525f,200,9.861196
2026-09-17T05:34:04.275542088Z,book,scaled,660681595a5e,200,8.574308
2026-09-17T05:34:04.336017023Z,book,scaled,348cd506525f,200,8.649552
2026-09-17T05:34:04.394445117Z,book,scaled,660681595a5e,200,7.688542
2026-09-17T05:34:04.455483058Z,book,scaled,a1cb37b7da6b,200,9.061659
2026-09-17T05:34:04.515241868Z,book,scaled,660681595a5e,200,8.152162
2026-09-17T05:34:04.575846152Z,book,scaled,a1cb37b7da6b,200,8.859016
2026-09-17T05:34:04.634884774Z,book,scaled,348cd506525f,200,8.359054
2026-09-17T05:34:04.69524418Z,book,scaled,a1cb37b7da6b,200,8.689883
2026-09-17T05:34:04.754948206Z,book,scaled,348cd506525f,200,7.998611
2026-09-17T05:34:04.814646093Z,book,scaled,660681595a5e,200,8.059187
2026-09-17T05:34:04.87453932Z,book,scaled,348cd506525f,200,8.331012
2026-09-17T05:34:04.937190625Z,book,scaled,660681595a5e,200,9.774497
2026-09-17T05:34:04.99577108Z,book,scaled,a1cb37b7da6b,200,8.853227
2026-09-17T05:34:05.053936417Z,book,scaled,660681595a5e,200,7.618557
2026-09-17T05:34:05.114535571Z,book,scaled,a1cb37b7da6b,200,7.911058
2026-09-17T05:34:05.174021931Z,book,scaled,348cd506525f,200,7.579325
2026-09-17T05:34:05.235207502Z,book,scaled,a1cb37b7da6b,200,8.517453
2026-09-17T05:34:05.296583745Z,book,scaled,348cd506525f,200,9.737854
2026-09-17T05:34:05.354922654Z,book,scaled,660681595a5e,200,7.881304
2026-09-17T05:34:05.414263386Z,book,scaled,348cd506525f,200,7.825115
2026-09-17T05:34:05.475437546Z,book,scaled,660681595a5e,200,8.470301
2026-09-17T05:34:05.535311092Z,book,scaled,a1cb37b7da6b,200,8.259253
2026-09-17T05:34:05.595687991Z,book,scaled,660681595a5e,200,8.788051
2026-09-17T05:34:05.654412924Z,book,scaled,a1cb37b7da6b,200,7.999416
2026-09-17T05:34:05.714577329Z,book,scaled,348cd506525f,200,7.67661
2026-09-17T05:34:05.774788758Z,book,scaled,a1cb37b7da6b,200,8.61675
2026-09-17T05:34:05.835543252Z,book,scaled,348cd506525f,200,9.194979
2026-09-17T05:34:05.896648135Z,book,scaled,660681595a5e,200,9.469474
2026-09-17T05:34:05.956854248Z,book,scaled,348cd506525f,200,9.683204
2026-09-17T05:34:06.015761508Z,book,scaled,660681595a5e,200,9.163787
2026-09-17T05:34:06.074728838Z,book,scaled,a1cb37b7da6b,200,7.630643
2026-09-17T05:34:06.134474833Z,book,scaled,660681595a5e,200,8.241094
2026-09-17T05:34:06.207068435Z,book,scaled,a1cb37b7da6b,200,19.942635
2026-09-17T05:34:06.254931547Z,book,scaled,348cd506525f,200,8.296253
2026-09-17T05:34:06.316278283Z,book,scaled,a1cb37b7da6b,200,9.69404
2026-09-17T05:34:06.375366269Z,book,scaled,348cd506525f,200,8.674504
2026-09-17T05:34:06.434607941Z,book,scaled,660681595a5e,200,7.581859
2026-09-17T05:34:06.494986611Z,book,scaled,348cd506525f,200,8.560277
2026-09-17T05:34:06.555936531Z,book,scaled,660681595a5e,200,8.922329
2026-09-17T05:34:06.615617464Z,book,scaled,a1cb37b7da6b,200,8.962923
2026-09-17T05:34:06.675267247Z,book,scaled,660681595a5e,200,8.050765
2026-09-17T05:34:06.735516797Z,book,scaled,a1cb37b7da6b,200,8.653473
2026-09-17T05:34:06.79664785Z,book,scaled,348cd506525f,200,9.321381
2026-09-17T05:34:06.858115003Z,book,scaled,a1cb37b7da6b,200,10.799225
2026-09-17T05:34:06.914968757Z,book,scaled,348cd506525f,200,8.20424
2026-09-17T05:34:06.97588912Z,book,scaled,660681595a5e,200,9.197237
2026-09-17T05:34:07.034882276Z,book,scaled,348cd506525f,200,8.52813
2026-09-17T05:34:07.096641052Z,book,scaled,660681595a5e,200,9.970212
2026-09-17T05:34:07.155694282Z,book,scaled,a1cb37b7da6b,200,9.068119
2026-09-17T05:34:07.224868123Z,book,scaled,660681595a5e,200,18.283899
2026-09-17T05:34:07.274042546Z,book,scaled,a1cb37b7da6b,200,7.651799
2026-09-17T05:34:07.335192113Z,book,scaled,348cd506525f,200,8.459871
2026-09-17T05:34:07.396686165Z,book,scaled,a1cb37b7da6b,200,9.85005
2026-09-17T05:34:07.454524102Z,book,scaled,348cd506525f,200,8.302603
2026-09-17T05:34:07.515839661Z,book,scaled,660681595a5e,200,8.866326
2026-09-17T05:34:07.577607989Z,book,scaled,348cd506525f,200,11.052448
2026-09-17T05:34:07.637025355Z,book,scaled,660681595a5e,200,9.793325
2026-09-17T05:34:07.695587418Z,book,scaled,a1cb37b7da6b,200,8.90755
2026-09-17T05:34:07.754924242Z,book,scaled,660681595a5e,200,8.783502
2026-09-17T05:34:07.814419864Z,book,scaled,a1cb37b7da6b,200,7.929376
2026-09-17T05:34:07.875526308Z,book,scaled,348cd506525f,200,8.580112
2026-09-17T05:34:07.9365721Z,book,scaled,a1cb37b7da6b,200,9.608844
2026-09-17T05:34:07.99619062Z,book,scaled,348cd506525f,200,8.994855
2026-09-17T05:34:08.055812667Z,book,scaled,660681595a5e,200,8.910004
2026-09-17T05:34:08.11448095Z,book,scaled,348cd506525f,200,8.233905
2026-09-17T05:34:08.175184152Z,book,scaled,660681595a5e,200,8.103868
2026-09-17T05:34:08.25416858Z,book,scaled,a1cb37b7da6b,200,27.459574
2026-09-17T05:34:08.295540182Z,book,scaled,660681595a5e,200,8.842434
2026-09-17T05:34:08.355759135Z,book,scaled,a1cb37b7da6b,200,8.641191
2026-09-17T05:34:08.414764666Z,book,scaled,348cd506525f,200,8.51659
2026-09-17T05:34:08.474688152Z,book,scaled,a1cb37b7da6b,200,8.406427
2026-09-17T05:34:08.53410545Z,book,scaled,348cd506525f,200,7.964091
2026-09-17T05:34:08.594545071Z,book,scaled,660681595a5e,200,7.779497
2026-09-17T05:34:08.655291885Z,book,scaled,348cd506525f,200,8.390324
2026-09-17T05:34:08.714706993Z,book,scaled,660681595a5e,200,7.876873
2026-09-17T05:34:08.774723878Z,book,scaled,a1cb37b7da6b,200,8.585007
2026-09-17T05:34:08.835373794Z,book,scaled,660681595a5e,200,8.863796
2026-09-17T05:34:08.894552554Z,book,scaled,a1cb37b7da6b,200,8.384624
2026-09-17T05:34:08.954139993Z,book,scaled,348cd506525f,200,7.784476
2026-09-17T05:34:09.016330734Z,book,scaled,a1cb37b7da6b,200,9.546499
2026-09-17T05:34:09.075088879Z,book,scaled,348cd506525f,200,8.140278
2026-09-17T05:34:09.136385716Z,book,scaled,660681595a5e,200,9.668148
2026-09-17T05:34:09.195176792Z,book,scaled,348cd506525f,200,8.078075
2026-09-17T05:34:09.260446012Z,book,scaled,660681595a5e,200,13.759536
2026-09-17T05:34:09.314269323Z,book,scaled,a1cb37b7da6b,200,7.411992
2026-09-17T05:34:09.374099084Z,book,scaled,660681595a5e,200,7.938645
2026-09-17T05:34:09.434486923Z,book,scaled,a1cb37b7da6b,200,7.744333
2026-09-17T05:34:09.496112681Z,book,scaled,348cd506525f,200,9.107531
2026-09-17T05:34:09.556637047Z,book,scaled,a1cb37b7da6b,200,9.837206
2026-09-17T05:34:09.617155004Z,book,scaled,348cd506525f,200,9.887459
2026-09-17T05:34:09.676373879Z,book,scaled,660681595a5e,200,9.611023
2026-09-17T05:34:09.734884337Z,book,scaled,348cd506525f,200,7.969982
2026-09-17T05:34:09.796410178Z,book,scaled,660681595a5e,200,9.727659
2026-09-17T05:34:09.855296852Z,book,scaled,a1cb37b7da6b,200,8.317031
2026-09-17T05:34:09.915650037Z,book,scaled,660681595a5e,200,8.596338
2026-09-17T05:34:09.975041063Z,book,scaled,a1cb37b7da6b,200,8.78809
2026-09-17T05:34:10.036165347Z,book,scaled,348cd506525f,200,9.353746
2026-09-17T05:34:10.096111977Z,book,scaled,a1cb37b7da6b,200,9.315103
2026-09-17T05:34:10.155809383Z,book,scaled,348cd506525f,200,9.070069
2026-09-17T05:34:10.217972865Z,book,scaled,660681595a5e,200,11.398252
2026-09-17T05:34:10.275827531Z,book,scaled,348cd506525f,200,9.170984
2026-09-17T05:34:10.334857734Z,book,scaled,660681595a5e,200,8.333123
2026-09-17T05:34:10.39663493Z,book,scaled,a1cb37b7da6b,200,10.050205
2026-09-17T05:34:10.454522034Z,book,scaled,660681595a5e,200,8.060093
2026-09-17T05:34:10.514669124Z,book,scaled,a1cb37b7da6b,200,7.769666
2026-09-17T05:34:10.575141246Z,book,scaled,348cd506525f,200,8.983801
2026-09-17T05:34:10.635027733Z,book,scaled,a1cb37b7da6b,200,8.400804
2026-09-17T05:34:10.695765465Z,book,scaled,348cd506525f,200,8.974279
2026-09-17T05:34:10.754814007Z,book,scaled,660681595a5e,200,8.429056
2026-09-17T05:34:10.815938193Z,book,scaled,348cd506525f,200,9.416769
2026-09-17T05:34:10.877208398Z,book,scaled,660681595a5e,200,10.506881
2026-09-17T05:34:10.936137863Z,book,scaled,a1cb37b7da6b,200,9.217292
2026-09-17T05:34:10.997110659Z,book,scaled,660681595a5e,200,10.441525
2026-09-17T05:34:11.056064336Z,book,scaled,a1cb37b7da6b,200,9.294413
2026-09-17T05:34:11.114619767Z,book,scaled,348cd506525f,200,7.925945
2026-09-17T05:34:11.17587166Z,book,scaled,a1cb37b7da6b,200,9.441221
2026-09-17T05:34:11.240139866Z,book,scaled,348cd506525f,200,13.357602
2026-09-17T05:34:11.296464525Z,book,scaled,660681595a5e,200,9.760182
2026-09-17T05:34:11.35868965Z,book,scaled,348cd506525f,200,11.555386
2026-09-17T05:34:11.417405271Z,book,scaled,660681595a5e,200,10.185218
2026-09-17T05:34:11.478006324Z,book,scaled,a1cb37b7da6b,200,11.008724
2026-09-17T05:34:11.536271028Z,book,scaled,660681595a5e,200,9.596173
2026-09-17T05:34:11.597529891Z,book,scaled,a1cb37b7da6b,200,10.406963
2026-09-17T05:34:11.65635208Z,book,scaled,348cd506525f,200,9.096219
2026-09-17T05:34:11.715932738Z,book,scaled,a1cb37b7da6b,200,8.991865
2026-09-17T05:34:11.775314971Z,book,scaled,348cd506525f,200,8.691404
2026-09-17T05:34:11.835909043Z,book,scaled,660681595a5e,200,8.842722
2026-09-17T05:34:11.896214687Z,book,scaled,348cd506525f,200,9.591037
2026-09-17T05:34:11.956362929Z,book,scaled,660681595a5e,200,9.441651
2026-09-17T05:34:12.016643401Z,book,scaled,a1cb37b7da6b,200,9.637124
2026-09-17T05:34:12.076222128Z,book,scaled,660681595a5e,200,8.968433
2026-09-17T05:34:12.136350879Z,book,scaled,a1cb37b7da6b,200,9.386008
2026-09-17T05:34:12.196459981Z,book,scaled,348cd506525f,200,10.20094
2026-09-17T05:34:12.256701809Z,book,scaled,a1cb37b7da6b,200,9.637855
2026-09-17T05:34:12.316172109Z,book,scaled,348cd506525f,200,9.609442
2026-09-17T05:34:12.375569375Z,book,scaled,660681595a5e,200,8.588297
2026-09-17T05:34:12.435402247Z,book,scaled,348cd506525f,200,8.379989
2026-09-17T05:34:12.496339061Z,book,scaled,660681595a5e,200,9.356336
2026-09-17T05:34:12.555747757Z,book,scaled,a1cb37b7da6b,200,8.76534
2026-09-17T05:34:12.617179471Z,book,scaled,660681595a5e,200,10.687601
2026-09-17T05:34:12.677914652Z,book,scaled,a1cb37b7da6b,200,10.742209
2026-09-17T05:34:12.735982615Z,book,scaled,348cd506525f,200,9.227985
2026-09-17T05:34:12.796673181Z,book,scaled,a1cb37b7da6b,200,9.757071
2026-09-17T05:34:12.855722136Z,book,scaled,348cd506525f,200,9.457363
2026-09-17T05:34:12.916050129Z,book,scaled,660681595a5e,200,9.815357
2026-09-17T05:34:12.976239544Z,book,scaled,348cd506525f,200,9.629864
2026-09-17T05:34:13.036358667Z,book,scaled,660681595a5e,200,9.43252
2026-09-17T05:34:13.097653192Z,book,scaled,a1cb37b7da6b,200,10.590516
2026-09-17T05:34:13.156763458Z,book,scaled,660681595a5e,200,9.57222
2026-09-17T05:34:13.216067807Z,book,scaled,a1cb37b7da6b,200,9.525046
2026-09-17T05:34:13.277570357Z,book,scaled,348cd506525f,200,10.765567
2026-09-17T05:34:13.337064158Z,book,scaled,a1cb37b7da6b,200,9.664025
2026-09-17T05:34:13.397180159Z,book,scaled,348cd506525f,200,10.37055
2026-09-17T05:34:13.456251644Z,book,scaled,660681595a5e,200,9.488675
2026-09-17T05:34:13.516672374Z,book,scaled,348cd506525f,200,9.889323
2026-09-17T05:34:13.57591427Z,book,scaled,660681595a5e,200,9.518858
2026-09-17T05:34:13.63648484Z,book,scaled,a1cb37b7da6b,200,9.743161
2026-09-17T05:34:13.695397323Z,book,scaled,660681595a5e,200,8.896736
2026-09-17T05:34:13.755642733Z,book,scaled,a1cb37b7da6b,200,8.543324
2026-09-17T05:34:13.815950685Z,book,scaled,348cd506525f,200,8.649621
2026-09-17T05:34:13.876252178Z,book,scaled,a1cb37b7da6b,200,9.533417
2026-09-17T05:34:13.937070185Z,book,scaled,348cd506525f,200,9.971836
2026-09-17T05:34:13.996450558Z,book,scaled,660681595a5e,200,9.56998
2026-09-17T05:34:14.055834529Z,book,scaled,348cd506525f,200,8.858959
2026-09-17T05:34:14.116068572Z,book,scaled,660681595a5e,200,9.527438
2026-09-17T05:34:14.176011672Z,book,scaled,a1cb37b7da6b,200,9.128751
2026-09-17T05:34:14.236483406Z,book,scaled,660681595a5e,200,9.710518
2026-09-17T05:34:14.296825371Z,book,scaled,a1cb37b7da6b,200,9.762042
2026-09-17T05:34:14.357877501Z,book,scaled,348cd506525f,200,10.977739
2026-09-17T05:34:14.415811564Z,book,scaled,a1cb37b7da6b,200,9.346816
2026-09-17T05:34:14.476198242Z,book,scaled,348cd506525f,200,9.686338
2026-09-17T05:34:14.537419593Z,book,scaled,660681595a5e,200,10.414983
2026-09-17T05:34:14.596478777Z,book,scaled,348cd506525f,200,9.341182
2026-09-17T05:34:14.657323364Z,book,scaled,660681595a5e,200,10.104238
2026-09-17T05:34:14.717378491Z,book,scaled,a1cb37b7da6b,200,10.585655
2026-09-17T05:34:14.77681227Z,book,scaled,660681595a5e,200,9.773974
2026-09-17T05:34:14.837299713Z,book,scaled,a1cb37b7da6b,200,10.52547
2026-09-17T05:34:14.897351626Z,book,scaled,348cd506525f,200,10.072292
2026-09-17T05:34:14.957229213Z,book,scaled,a1cb37b7da6b,200,10.250926
2026-09-17T05:34:15.017059489Z,book,scaled,348cd506525f,200,10.172727
2026-09-17T05:34:15.076933845Z,book,scaled,660681595a5e,200,10.164087
2026-09-17T05:34:15.137904011Z,book,scaled,348cd506525f,200,11.103089
2026-09-17T05:34:15.196354675Z,book,scaled,660681595a5e,200,9.612287
2026-09-17T05:34:15.257808612Z,book,scaled,a1cb37b7da6b,200,10.634793
2026-09-17T05:34:15.315284159Z,book,scaled,660681595a5e,200,8.959486
2026-09-17T05:34:15.376335205Z,book,scaled,a1cb37b7da6b,200,9.503055
2026-09-17T05:34:15.437064936Z,book,scaled,348cd506525f,200,9.972476
2026-09-17T05:34:15.495912906Z,book,scaled,a1cb37b7da6b,200,9.151353
2026-09-17T05:34:15.555329062Z,book,scaled,348cd506525f,200,8.32553
2026-09-17T05:34:15.616471969Z,book,scaled,660681595a5e,200,9.475143
2026-09-17T05:34:15.677404581Z,book,scaled,348cd506525f,200,10.428694
2026-09-17T05:34:15.735870912Z,book,scaled,660681595a5e,200,8.771478
2026-09-17T05:34:15.796494422Z,book,scaled,a1cb37b7da6b,200,9.724562
2026-09-17T05:34:15.856703797Z,book,scaled,660681595a5e,200,9.409829
2026-09-17T05:34:15.915404009Z,book,scaled,a1cb37b7da6b,200,9.143953
2026-09-17T05:34:15.976367345Z,book,scaled,348cd506525f,200,9.377199
2026-09-17T05:34:16.036270651Z,book,scaled,a1cb37b7da6b,200,9.164603
2026-09-17T05:34:16.096758927Z,book,scaled,348cd506525f,200,9.656204
2026-09-17T05:34:16.156177773Z,book,scaled,660681595a5e,200,9.721451
2026-09-17T05:34:16.216681537Z,book,scaled,348cd506525f,200,9.747491
2026-09-17T05:34:16.278625196Z,book,scaled,660681595a5e,200,12.335781
2026-09-17T05:34:16.336898303Z,book,scaled,a1cb37b7da6b,200,10.162817
2026-09-17T05:34:16.39888688Z,book,scaled,660681595a5e,200,11.981173
2026-09-17T05:34:16.456469379Z,book,scaled,a1cb37b7da6b,200,9.687527
2026-09-17T05:34:16.517022727Z,book,scaled,348cd506525f,200,9.995347
2026-09-17T05:34:16.576493387Z,book,scaled,a1cb37b7da6b,200,9.804705
2026-09-17T05:34:16.636718486Z,book,scaled,348cd506525f,200,9.688599
2026-09-17T05:34:16.695885845Z,book,scaled,660681595a5e,200,9.633824
2026-09-17T05:34:16.756745397Z,book,scaled,348cd506525f,200,10.166033
2026-09-17T05:34:16.816335437Z,book,scaled,660681595a5e,200,9.958653
2026-09-17T05:34:16.876272783Z,book,scaled,a1cb37b7da6b,200,9.360438
2026-09-17T05:34:16.936734914Z,book,scaled,660681595a5e,200,9.743312
2026-09-17T05:34:16.995703552Z,book,scaled,a1cb37b7da6b,200,9.14289
2026-09-17T05:34:17.057454238Z,book,scaled,348cd506525f,200,11.137715
2026-09-17T05:34:17.116704293Z,book,scaled,a1cb37b7da6b,200,9.754452
2026-09-17T05:34:17.176012093Z,book,scaled,348cd506525f,200,9.504993
2026-09-17T05:34:17.237578506Z,book,scaled,660681595a5e,200,10.64728
2026-09-17T05:34:17.299594218Z,book,scaled,348cd506525f,200,12.528538
2026-09-17T05:34:17.355749559Z,book,scaled,660681595a5e,200,8.594463
2026-09-17T05:34:17.416174314Z,book,scaled,a1cb37b7da6b,200,9.708559
2026-09-17T05:34:17.476525132Z,book,scaled,660681595a5e,200,9.62006
2026-09-17T05:34:17.536432647Z,book,scaled,a1cb37b7da6b,200,9.383775
2026-09-17T05:34:17.596095492Z,book,scaled,348cd506525f,200,9.103063
2026-09-17T05:34:17.655822326Z,book,scaled,a1cb37b7da6b,200,9.100973
2026-09-17T05:34:17.716344889Z,book,scaled,348cd506525f,200,9.964045
2026-09-17T05:34:17.774633477Z,book,scaled,660681595a5e,200,8.529819
2026-09-17T05:34:17.835499839Z,book,scaled,348cd506525f,200,9.265742
2026-09-17T05:34:17.897067752Z,book,scaled,660681595a5e,200,9.876049
2026-09-17T05:34:17.956329609Z,book,scaled,a1cb37b7da6b,200,9.546481
2026-09-17T05:34:18.016460708Z,book,scaled,660681595a5e,200,9.55956
2026-09-17T05:34:18.077110236Z,book,scaled,a1cb37b7da6b,200,10.090463
2026-09-17T05:34:18.136300427Z,book,scaled,348cd506525f,200,9.582511
2026-09-17T05:34:18.197143529Z,book,scaled,a1cb37b7da6b,200,10.085591
2026-09-17T05:34:18.256170371Z,book,scaled,348cd506525f,200,9.312426
2026-09-17T05:34:18.316386825Z,book,scaled,660681595a5e,200,9.70619
2026-09-17T05:34:18.376172442Z,book,scaled,348cd506525f,200,9.142735
2026-09-17T05:34:18.435695875Z,book,scaled,660681595a5e,200,9.007487
2026-09-17T05:34:18.495056307Z,book,scaled,a1cb37b7da6b,200,8.657846
2026-09-17T05:34:18.557494562Z,book,scaled,660681595a5e,200,10.648785
2026-09-17T05:34:18.616698716Z,book,scaled,a1cb37b7da6b,200,9.504158
2026-09-17T05:34:18.676676764Z,book,scaled,348cd506525f,200,10.071161
2026-09-17T05:34:18.735129114Z,book,scaled,a1cb37b7da6b,200,8.854078
2026-09-17T05:34:18.797683977Z,book,scaled,348cd506525f,200,10.824805
2026-09-17T05:34:18.855419423Z,book,scaled,660681595a5e,200,9.266173
2026-09-17T05:34:18.915292044Z,book,scaled,348cd506525f,200,9.833238
2026-09-17T05:34:18.974449904Z,book,scaled,660681595a5e,200,9.471765
2026-09-17T05:34:19.034889212Z,book,scaled,a1cb37b7da6b,200,9.832478
2026-09-17T05:34:19.095189629Z,book,scaled,660681595a5e,200,9.608602
2026-09-17T05:34:19.154232863Z,book,scaled,a1cb37b7da6b,200,9.162427
2026-09-17T05:34:19.214446936Z,book,scaled,348cd506525f,200,9.39049
2026-09-17T05:34:19.274360141Z,book,scaled,a1cb37b7da6b,200,9.084982
2026-09-17T05:34:19.335015471Z,book,scaled,348cd506525f,200,9.963214
2026-09-17T05:34:19.394955227Z,book,scaled,660681595a5e,200,9.368079
2026-09-17T05:34:19.457720704Z,book,scaled,348cd506525f,200,12.085912
2026-09-17T05:34:19.514743332Z,book,scaled,660681595a5e,200,9.169723
2026-09-17T05:34:19.573650182Z,book,scaled,a1cb37b7da6b,200,8.237381
2026-09-17T05:34:19.635698194Z,book,scaled,660681595a5e,200,10.278503
2026-09-17T05:34:19.695910908Z,book,scaled,a1cb37b7da6b,200,10.530367
2026-09-17T05:34:19.755185036Z,book,scaled,348cd506525f,200,9.7293
2026-09-17T05:34:19.814143914Z,book,scaled,a1cb37b7da6b,200,9.37624
2026-09-17T05:34:19.874175366Z,book,scaled,348cd506525f,200,9.353788
2026-09-17T05:34:19.934285534Z,book,scaled,660681595a5e,200,9.344182
2026-09-17T05:34:19.994460366Z,book,scaled,348cd506525f,200,9.653756
2026-09-17T05:34:20.05451617Z,book,scaled,660681595a5e,200,9.355299
2026-09-17T05:34:20.114035642Z,book,scaled,a1cb37b7da6b,200,8.816245
2026-09-17T05:34:20.173809558Z,book,scaled,660681595a5e,200,8.831567
2026-09-17T05:34:20.234710393Z,book,scaled,a1cb37b7da6b,200,9.379309
2026-09-17T05:34:20.295629968Z,book,scaled,348cd506525f,200,10.165726
2026-09-17T05:34:20.354574007Z,book,scaled,a1cb37b7da6b,200,9.258874
2026-09-17T05:34:20.413791935Z,book,scaled,348cd506525f,200,8.516227
2026-09-17T05:34:20.475067068Z,book,scaled,660681595a5e,200,9.400122
2026-09-17T05:34:20.533915799Z,book,scaled,348cd506525f,200,9.346527
2026-09-17T05:34:20.595119072Z,book,scaled,660681595a5e,200,9.640256
2026-09-17T05:34:20.65357535Z,book,scaled,a1cb37b7da6b,200,8.866048
2026-09-17T05:34:20.715041428Z,book,scaled,660681595a5e,200,9.941943
2026-09-17T05:34:20.773270753Z,book,scaled,a1cb37b7da6b,200,8.657326
2026-09-17T05:34:20.835916732Z,book,scaled,348cd506525f,200,10.957674
2026-09-17T05:34:20.895473935Z,book,scaled,a1cb37b7da6b,200,9.89672
2026-09-17T05:34:20.954019048Z,book,scaled,348cd506525f,200,8.943683
2026-09-17T05:34:21.013668399Z,book,scaled,660681595a5e,200,8.85628
2026-09-17T05:34:21.075494487Z,book,scaled,348cd506525f,200,10.281773
2026-09-17T05:34:21.134459576Z,book,scaled,660681595a5e,200,9.119133
2026-09-17T05:34:21.194032766Z,book,scaled,a1cb37b7da6b,200,8.719095
2026-09-17T05:34:21.252211594Z,book,scaled,660681595a5e,200,7.593184
2026-09-17T05:34:21.315106677Z,book,scaled,a1cb37b7da6b,200,10.229645
2026-09-17T05:34:21.373358465Z,book,scaled,348cd506525f,200,8.299606
2026-09-17T05:34:21.435966096Z,book,scaled,a1cb37b7da6b,200,10.987751
2026-09-17T05:34:21.495202125Z,book,scaled,348cd506525f,200,9.650826
2026-09-17T05:34:21.555898817Z,book,scaled,660681595a5e,200,10.862457
2026-09-17T05:34:21.614921679Z,book,scaled,348cd506525f,200,9.467775
2026-09-17T05:34:21.673350586Z,book,scaled,660681595a5e,200,8.807935
2026-09-17T05:34:21.734011295Z,book,scaled,a1cb37b7da6b,200,8.845352
2026-09-17T05:34:21.792991316Z,book,scaled,660681595a5e,200,8.302407
2026-09-17T05:34:21.853193117Z,book,scaled,a1cb37b7da6b,200,8.21658
2026-09-17T05:34:21.914856648Z,book,scaled,348cd506525f,200,9.831088
2026-09-17T05:34:21.974498286Z,book,scaled,a1cb37b7da6b,200,9.036928
2026-09-17T05:34:22.034840488Z,book,scaled,348cd506525f,200,9.433254
2026-09-17T05:34:22.095134606Z,book,scaled,660681595a5e,200,9.694568
2026-09-17T05:34:22.153702522Z,book,scaled,348cd506525f,200,9.038041
2026-09-17T05:34:22.214424795Z,book,scaled,660681595a5e,200,9.178238
2026-09-17T05:34:22.273894773Z,book,scaled,a1cb37b7da6b,200,8.774104
2026-09-17T05:34:22.334908455Z,book,scaled,660681595a5e,200,9.355938
2026-09-17T05:34:22.39414321Z,book,scaled,a1cb37b7da6b,200,8.702799
2026-09-17T05:34:22.454014183Z,book,scaled,348cd506525f,200,9.124366
2026-09-17T05:34:22.513983561Z,book,scaled,a1cb37b7da6b,200,8.444573
2026-09-17T05:34:22.576690184Z,book,scaled,348cd506525f,200,12.121524
2026-09-17T05:34:22.634592603Z,book,scaled,660681595a5e,200,9.082117
2026-09-17T05:34:22.694973483Z,book,scaled,348cd506525f,200,9.910962
2026-09-17T05:34:22.755004184Z,book,scaled,660681595a5e,200,10.216789
2026-09-17T05:34:22.817517266Z,book,scaled,a1cb37b7da6b,200,11.88665
2026-09-17T05:34:22.874883298Z,book,scaled,660681595a5e,200,9.526952
2026-09-17T05:34:22.93707406Z,book,scaled,a1cb37b7da6b,200,11.504547
2026-09-17T05:34:22.994316185Z,book,scaled,348cd506525f,200,9.673196
2026-09-17T05:34:23.055299765Z,book,scaled,a1cb37b7da6b,200,10.164477
2026-09-17T05:34:23.115048601Z,book,scaled,348cd506525f,200,9.974035
2026-09-17T05:34:23.174324528Z,book,scaled,660681595a5e,200,9.72334
2026-09-17T05:34:23.233976408Z,book,scaled,348cd506525f,200,9.03242
2026-09-17T05:34:23.296626475Z,book,scaled,660681595a5e,200,12.080009
2026-09-17T05:34:23.357563013Z,book,scaled,a1cb37b7da6b,200,11.996066
2026-09-17T05:34:23.415657009Z,book,scaled,660681595a5e,200,10.308924
2026-09-17T05:34:23.474458649Z,book,scaled,a1cb37b7da6b,200,9.022199
2026-09-17T05:34:23.535749595Z,book,scaled,348cd506525f,200,10.505376
2026-09-17T05:34:23.594438639Z,book,scaled,a1cb37b7da6b,200,9.041981
2026-09-17T05:34:23.654677483Z,book,scaled,348cd506525f,200,9.497536
2026-09-17T05:34:23.714791711Z,book,scaled,660681595a5e,200,9.373829
2026-09-17T05:34:23.774202555Z,book,scaled,348cd506525f,200,9.41226
2026-09-17T05:34:23.83344135Z,book,scaled,660681595a5e,200,8.530899
2026-09-17T05:34:23.895306867Z,book,scaled,a1cb37b7da6b,200,10.080105
2026-09-17T05:34:23.955040168Z,book,scaled,660681595a5e,200,10.004677
2026-09-17T05:34:24.013996156Z,book,scaled,a1cb37b7da6b,200,9.381821
2026-09-17T05:34:24.073526014Z,book,scaled,348cd506525f,200,9.015613
2026-09-17T05:34:24.134413362Z,book,scaled,a1cb37b7da6b,200,9.23215
2026-09-17T05:34:24.195305144Z,book,scaled,348cd506525f,200,10.100442
2026-09-17T05:34:24.25369332Z,book,scaled,660681595a5e,200,8.668999
2026-09-17T05:34:24.317339557Z,book,scaled,348cd506525f,200,11.971293
2026-09-17T05:34:24.375064963Z,book,scaled,660681595a5e,200,9.975927
2026-09-17T05:34:24.435957595Z,book,scaled,a1cb37b7da6b,200,10.286488
2026-09-17T05:34:24.493827779Z,book,scaled,660681595a5e,200,8.441899
2026-09-17T05:34:24.554353071Z,book,scaled,a1cb37b7da6b,200,8.991726
2026-09-17T05:34:24.614960108Z,book,scaled,348cd506525f,200,9.951474
2026-09-17T05:34:24.675347161Z,book,scaled,a1cb37b7da6b,200,9.602482
2026-09-17T05:34:24.733945096Z,book,scaled,348cd506525f,200,9.375146
2026-09-17T05:34:24.794767501Z,book,scaled,660681595a5e,200,9.800978
2026-09-17T05:34:24.853930475Z,book,scaled,348cd506525f,200,8.504367
2026-09-17T05:34:24.91419277Z,book,scaled,660681595a5e,200,8.673944
2026-09-17T05:34:24.974457849Z,book,scaled,a1cb37b7da6b,200,9.724838
2026-09-17T05:34:25.035406951Z,book,scaled,660681595a5e,200,10.291442
2026-09-17T05:34:25.093910019Z,book,scaled,a1cb37b7da6b,200,8.713023
2026-09-17T05:34:25.154461927Z,book,scaled,348cd506525f,200,9.046087
2026-09-17T05:34:25.21415542Z,book,scaled,a1cb37b7da6b,200,9.000183
2026-09-17T05:34:25.274007414Z,book,scaled,348cd506525f,200,9.246907
2026-09-17T05:34:25.334815915Z,book,scaled,660681595a5e,200,9.795771
2026-09-17T05:34:25.394404602Z,book,scaled,348cd506525f,200,9.086619
2026-09-17T05:34:25.454300798Z,book,scaled,660681595a5e,200,9.09874
2026-09-17T05:34:25.513904757Z,book,scaled,a1cb37b7da6b,200,8.832722
2026-09-17T05:34:25.575281345Z,book,scaled,660681595a5e,200,9.847701
2026-09-17T05:34:25.633117923Z,book,scaled,a1cb37b7da6b,200,8.15161
2026-09-17T05:34:25.693155387Z,book,scaled,348cd506525f,200,8.394595
2026-09-17T05:34:25.753355513Z,book,scaled,a1cb37b7da6b,200,8.594587
2026-09-17T05:34:25.813732679Z,book,scaled,348cd506525f,200,8.697564
2026-09-17T05:34:25.873947885Z,book,scaled,660681595a5e,200,8.390764
2026-09-17T05:34:25.935529097Z,book,scaled,348cd506525f,200,9.896629
2026-09-17T05:34:25.994853897Z,book,scaled,660681595a5e,200,9.563947
2026-09-17T05:34:26.0535746Z,book,scaled,a1cb37b7da6b,200,8.058019
2026-09-17T05:34:26.114257006Z,book,scaled,660681595a5e,200,9.107969
2026-09-17T05:34:26.173035952Z,book,scaled,a1cb37b7da6b,200,7.99586
2026-09-17T05:34:26.234027718Z,book,scaled,348cd506525f,200,9.452891
2026-09-17T05:34:26.296070729Z,book,scaled,a1cb37b7da6b,200,11.28789
2026-09-17T05:34:26.356173299Z,book,scaled,348cd506525f,200,11.452627
2026-09-17T05:34:26.414049949Z,book,scaled,660681595a5e,200,9.019824
2026-09-17T05:34:26.473967156Z,book,scaled,348cd506525f,200,9.485693
2026-09-17T05:34:26.533276126Z,book,scaled,660681595a5e,200,8.714295
2026-09-17T05:34:26.594861957Z,book,scaled,a1cb37b7da6b,200,9.791493
2026-09-17T05:34:26.653247659Z,book,scaled,660681595a5e,200,7.8416
2026-09-17T05:34:26.713462656Z,book,scaled,a1cb37b7da6b,200,8.593858
2026-09-17T05:34:26.774215736Z,book,scaled,348cd506525f,200,8.940739
2026-09-17T05:34:26.833352905Z,book,scaled,a1cb37b7da6b,200,8.554085
2026-09-17T05:34:26.893475127Z,book,scaled,348cd506525f,200,8.426589
2026-09-17T05:34:26.954174713Z,book,scaled,660681595a5e,200,9.023085
2026-09-17T05:34:27.013619713Z,book,scaled,348cd506525f,200,8.755539
2026-09-17T05:34:27.077058375Z,book,scaled,660681595a5e,200,11.793007
2026-09-17T05:34:27.13414683Z,book,scaled,a1cb37b7da6b,200,9.11424
2026-09-17T05:34:27.193863265Z,book,scaled,660681595a5e,200,8.835643
2026-09-17T05:34:27.25422485Z,book,scaled,a1cb37b7da6b,200,8.771118
2026-09-17T05:34:27.314500481Z,book,scaled,348cd506525f,200,9.57915
2026-09-17T05:34:27.379924303Z,book,scaled,a1cb37b7da6b,200,14.71109
2026-09-17T05:34:27.433891118Z,book,scaled,348cd506525f,200,8.420027
2026-09-17T05:34:27.494584054Z,book,scaled,660681595a5e,200,9.067667
2026-09-17T05:34:27.553370631Z,book,scaled,348cd506525f,200,8.177971
2026-09-17T05:34:27.613744377Z,book,scaled,660681595a5e,200,8.695484
2026-09-17T05:34:27.672929969Z,book,scaled,a1cb37b7da6b,200,7.627997
2026-09-17T05:34:27.733640427Z,book,scaled,660681595a5e,200,9.11376
2026-09-17T05:34:27.79459748Z,book,scaled,a1cb37b7da6b,200,9.206605
2026-09-17T05:34:27.854215329Z,book,scaled,348cd506525f,200,8.847744
2026-09-17T05:34:27.915483491Z,book,scaled,a1cb37b7da6b,200,10.711889
2026-09-17T05:34:27.974819001Z,book,scaled,348cd506525f,200,9.731968
2026-09-17T05:34:28.03507068Z,book,scaled,660681595a5e,200,9.72871
2026-09-17T05:34:28.094996908Z,book,scaled,348cd506525f,200,10.040186
2026-09-17T05:34:28.153310354Z,book,scaled,660681595a5e,200,8.798835
2026-09-17T05:34:28.214060263Z,book,scaled,a1cb37b7da6b,200,8.766267
2026-09-17T05:34:28.274050186Z,book,scaled,660681595a5e,200,9.404028
2026-09-17T05:34:28.334847059Z,book,scaled,a1cb37b7da6b,200,10.038188
2026-09-17T05:34:28.394669201Z,book,scaled,348cd506525f,200,9.255449
2026-09-17T05:34:28.454601169Z,book,scaled,a1cb37b7da6b,200,9.331624
2026-09-17T05:34:28.51426655Z,book,scaled,348cd506525f,200,8.942561
2026-09-17T05:34:28.573386457Z,book,scaled,660681595a5e,200,8.426118
2026-09-17T05:34:28.635870085Z,book,scaled,348cd506525f,200,10.71421
2026-09-17T05:34:28.695241159Z,book,scaled,660681595a5e,200,9.893674
2026-09-17T05:34:28.754423814Z,book,scaled,a1cb37b7da6b,200,9.422614
2026-09-17T05:34:28.814347976Z,book,scaled,660681595a5e,200,9.284759
2026-09-17T05:34:28.873302934Z,book,scaled,a1cb37b7da6b,200,8.357123
2026-09-17T05:34:28.934294518Z,book,scaled,348cd506525f,200,9.326163
2026-09-17T05:34:28.995008545Z,book,scaled,a1cb37b7da6b,200,9.581309
2026-09-17T05:34:29.054133955Z,book,scaled,348cd506525f,200,9.499815
2026-09-17T05:34:29.11448109Z,book,scaled,660681595a5e,200,9.768952
2026-09-17T05:34:29.175986207Z,book,scaled,348cd506525f,200,10.69542
2026-09-17T05:34:29.23487587Z,book,scaled,660681595a5e,200,9.331943
2026-09-17T05:34:29.295151569Z,book,scaled,a1cb37b7da6b,200,9.652213
2026-09-17T05:34:29.354620019Z,book,scaled,660681595a5e,200,9.723219
2026-09-17T05:34:29.414053186Z,book,scaled,a1cb37b7da6b,200,9.026344
2026-09-17T05:34:29.474181997Z,book,scaled,348cd506525f,200,9.59637
2026-09-17T05:34:29.534509261Z,book,scaled,a1cb37b7da6b,200,9.666805
2026-09-17T05:34:29.59397489Z,book,scaled,348cd506525f,200,8.691753
2026-09-17T05:34:29.653272379Z,book,scaled,660681595a5e,200,8.666942
2026-09-17T05:34:29.713813464Z,book,scaled,348cd506525f,200,8.992971
2026-09-17T05:34:29.77434279Z,book,scaled,660681595a5e,200,8.952039
2026-09-17T05:34:29.835889879Z,book,scaled,a1cb37b7da6b,200,10.932503
2026-09-17T05:34:29.894935607Z,book,scaled,660681595a5e,200,9.324149
2026-09-17T05:34:29.95455049Z,book,scaled,a1cb37b7da6b,200,9.232096
2026-09-17T05:34:30.01515664Z,book,scaled,348cd506525f,200,10.059958
2026-09-17T05:34:30.073970599Z,book,scaled,a1cb37b7da6b,200,9.267079
2026-09-17T05:34:30.133998915Z,book,scaled,348cd506525f,200,9.441441
2026-09-17T05:34:30.194599265Z,book,scaled,660681595a5e,200,9.535166
2026-09-17T05:34:30.253896573Z,book,scaled,348cd506525f,200,8.891996
2026-09-17T05:34:30.315146554Z,book,scaled,660681595a5e,200,9.737969
2026-09-17T05:34:30.374835577Z,book,scaled,a1cb37b7da6b,200,10.09577
2026-09-17T05:34:30.436042536Z,book,scaled,660681595a5e,200,11.122926
2026-09-17T05:34:30.49366533Z,book,scaled,a1cb37b7da6b,200,9.044396
2026-09-17T05:34:30.555793666Z,book,scaled,348cd506525f,200,10.286169
2026-09-17T05:34:30.617378277Z,book,scaled,a1cb37b7da6b,200,11.866692
2026-09-17T05:34:30.675049645Z,book,scaled,348cd506525f,200,10.030527
2026-09-17T05:34:30.734513304Z,book,scaled,660681595a5e,200,9.645684
2026-09-17T05:34:30.794109772Z,book,scaled,348cd506525f,200,8.747297
2026-09-17T05:34:30.853486015Z,book,scaled,660681595a5e,200,8.451059
2026-09-17T05:34:30.914961726Z,book,scaled,a1cb37b7da6b,200,9.767616
2026-09-17T05:34:30.97362781Z,book,scaled,660681595a5e,200,8.905397
2026-09-17T05:34:31.035769796Z,book,scaled,a1cb37b7da6b,200,10.48866
2026-09-17T05:34:31.101874911Z,book,scaled,348cd506525f,200,16.336151
2026-09-17T05:34:31.157482809Z,book,scaled,a1cb37b7da6b,200,12.836082
2026-09-17T05:34:31.214197746Z,book,scaled,348cd506525f,200,9.038256
2026-09-17T05:34:31.275779538Z,book,scaled,660681595a5e,200,10.695528
2026-09-17T05:34:31.335194754Z,book,scaled,348cd506525f,200,9.766891
2026-09-17T05:34:31.396465306Z,book,scaled,660681595a5e,200,11.35295
2026-09-17T05:34:31.456972281Z,book,scaled,a1cb37b7da6b,200,11.710069
2026-09-17T05:34:31.516906459Z,book,scaled,660681595a5e,200,11.396253
2026-09-17T05:34:31.574405475Z,book,scaled,a1cb37b7da6b,200,9.438436
2026-09-17T05:34:31.635223169Z,book,scaled,348cd506525f,200,10.040157
2026-09-17T05:34:31.693414578Z,book,scaled,a1cb37b7da6b,200,8.488501
2026-09-17T05:34:31.754227263Z,book,scaled,348cd506525f,200,8.995892
2026-09-17T05:34:31.814698715Z,book,scaled,660681595a5e,200,9.83783
2026-09-17T05:34:31.875595734Z,book,scaled,348cd506525f,200,10.805495
2026-09-17T05:34:31.934735193Z,book,scaled,660681595a5e,200,9.316163
2026-09-17T05:34:31.993892563Z,book,scaled,a1cb37b7da6b,200,8.498962
2026-09-17T05:34:32.054781241Z,book,scaled,660681595a5e,200,9.109949
2026-09-17T05:34:32.11425021Z,book,scaled,a1cb37b7da6b,200,9.006543
2026-09-17T05:34:32.174590945Z,book,scaled,348cd506525f,200,9.605451
2026-09-17T05:34:32.233524691Z,book,scaled,a1cb37b7da6b,200,8.397315
2026-09-17T05:34:32.294352706Z,book,scaled,348cd506525f,200,9.233433
2026-09-17T05:34:32.355749707Z,book,scaled,660681595a5e,200,10.745363
2026-09-17T05:34:32.417376841Z,book,scaled,348cd506525f,200,11.793511
2026-09-17T05:34:32.47460066Z,book,scaled,660681595a5e,200,9.615531
2026-09-17T05:34:32.534769483Z,book,scaled,a1cb37b7da6b,200,9.484203
2026-09-17T05:34:32.594685551Z,book,scaled,660681595a5e,200,9.349345
2026-09-17T05:34:32.653554753Z,book,scaled,a1cb37b7da6b,200,8.052315
2026-09-17T05:34:32.714309603Z,book,scaled,348cd506525f,200,8.986262
2026-09-17T05:34:32.77317984Z,book,scaled,a1cb37b7da6b,200,8.146007
2026-09-17T05:34:32.833224653Z,book,scaled,348cd506525f,200,8.19581
2026-09-17T05:34:32.893372992Z,book,scaled,660681595a5e,200,8.36038
2026-09-17T05:34:32.954757869Z,book,scaled,348cd506525f,200,9.608639
2026-09-17T05:34:33.014249226Z,book,scaled,660681595a5e,200,8.895222
2026-09-17T05:34:33.073918104Z,book,scaled,a1cb37b7da6b,200,9.023881
2026-09-17T05:34:33.133369718Z,book,scaled,660681595a5e,200,8.620456
2026-09-17T05:34:33.193233938Z,book,scaled,a1cb37b7da6b,200,8.176127
2026-09-17T05:34:33.252683533Z,book,scaled,348cd506525f,200,7.789923
2026-09-17T05:34:33.315291998Z,book,scaled,a1cb37b7da6b,200,9.824422
2026-09-17T05:34:33.375442067Z,book,scaled,348cd506525f,200,10.472638
2026-09-17T05:34:33.433095017Z,book,scaled,660681595a5e,200,8.012853
2026-09-17T05:34:33.493745297Z,book,scaled,348cd506525f,200,8.850381
2026-09-17T05:34:33.553984318Z,book,scaled,660681595a5e,200,8.589621
2026-09-17T05:34:33.614722737Z,book,scaled,a1cb37b7da6b,200,9.078195
2026-09-17T05:34:33.67321074Z,book,scaled,660681595a5e,200,7.945674
2026-09-17T05:34:33.733291414Z,book,scaled,a1cb37b7da6b,200,8.293506
2026-09-17T05:34:33.795064895Z,book,scaled,348cd506525f,200,10.049935
2026-09-17T05:34:33.853198853Z,book,scaled,a1cb37b7da6b,200,7.988623
2026-09-17T05:34:33.913570679Z,book,scaled,348cd506525f,200,8.924064
2026-09-17T05:34:33.974958996Z,book,scaled,660681595a5e,200,9.79903
2026-09-17T05:34:34.033446225Z,book,scaled,348cd506525f,200,8.647496
2026-09-17T05:34:34.094949716Z,book,scaled,660681595a5e,200,9.612609
2026-09-17T05:34:34.153389468Z,book,scaled,a1cb37b7da6b,200,8.677748
2026-09-17T05:34:34.213761139Z,book,scaled,660681595a5e,200,8.52202
2026-09-17T05:34:34.273337971Z,book,scaled,a1cb37b7da6b,200,7.988927
2026-09-17T05:34:34.333531742Z,book,scaled,348cd506525f,200,8.462446
2026-09-17T05:34:34.39305138Z,book,scaled,a1cb37b7da6b,200,7.821126
2026-09-17T05:34:34.453902893Z,book,scaled,348cd506525f,200,8.969679
2026-09-17T05:34:34.514892325Z,book,scaled,660681595a5e,200,9.447487
2026-09-17T05:34:34.573192746Z,book,scaled,348cd506525f,200,8.717101
2026-09-17T05:34:34.633333604Z,book,scaled,660681595a5e,200,8.645977
2026-09-17T05:34:34.695080303Z,book,scaled,a1cb37b7da6b,200,10.017684
2026-09-17T05:34:34.753325163Z,book,scaled,660681595a5e,200,8.758013
2026-09-17T05:34:34.814932573Z,book,scaled,a1cb37b7da6b,200,9.965081
2026-09-17T05:34:34.875072961Z,book,scaled,348cd506525f,200,9.386185
2026-09-17T05:34:34.934511384Z,book,scaled,a1cb37b7da6b,200,8.979358
2026-09-17T05:34:34.993235874Z,book,scaled,348cd506525f,200,8.079153
2026-09-17T05:34:35.054010842Z,book,scaled,660681595a5e,200,9.085666
2026-09-17T05:34:35.114191342Z,book,scaled,348cd506525f,200,8.597585
2026-09-17T05:34:35.173323186Z,book,scaled,660681595a5e,200,8.274535
2026-09-17T05:34:35.23324304Z,book,scaled,a1cb37b7da6b,200,8.328328
2026-09-17T05:34:35.293239424Z,book,scaled,660681595a5e,200,8.340333
2026-09-17T05:34:35.353151822Z,book,scaled,a1cb37b7da6b,200,8.251191
2026-09-17T05:34:35.413208026Z,book,scaled,348cd506525f,200,7.989076
2026-09-17T05:34:35.473950021Z,book,scaled,a1cb37b7da6b,200,8.773025
2026-09-17T05:34:35.534753483Z,book,scaled,348cd506525f,200,9.125467
2026-09-17T05:34:35.594862648Z,book,scaled,660681595a5e,200,9.343402
2026-09-17T05:34:35.655281703Z,book,scaled,348cd506525f,200,9.809822
2026-09-17T05:34:35.714219104Z,book,scaled,660681595a5e,200,9.204573
2026-09-17T05:34:35.773550322Z,book,scaled,a1cb37b7da6b,200,8.537432
2026-09-17T05:34:35.834334411Z,book,scaled,660681595a5e,200,8.98474
2026-09-17T05:34:35.893774994Z,book,scaled,a1cb37b7da6b,200,8.74191
2026-09-17T05:34:35.953736241Z,book,scaled,348cd506525f,200,8.306787
2026-09-17T05:34:36.012934639Z,book,scaled,a1cb37b7da6b,200,7.544388
2026-09-17T05:34:36.073319272Z,book,scaled,348cd506525f,200,8.608604
2026-09-17T05:34:36.134974155Z,book,scaled,660681595a5e,200,9.836494
2026-09-17T05:34:36.194010754Z,book,scaled,348cd506525f,200,8.909553
2026-09-17T05:34:36.25283332Z,book,scaled,660681595a5e,200,8.246581
2026-09-17T05:34:36.313960688Z,book,scaled,a1cb37b7da6b,200,8.581222
2026-09-17T05:34:36.373259223Z,book,scaled,660681595a5e,200,8.500968
2026-09-17T05:34:36.437200933Z,book,scaled,a1cb37b7da6b,200,11.99096
2026-09-17T05:34:36.500570915Z,book,scaled,348cd506525f,200,15.591837
2026-09-17T05:34:36.553350737Z,book,scaled,a1cb37b7da6b,200,8.262904
2026-09-17T05:34:36.613067398Z,book,scaled,348cd506525f,200,7.996927
2026-09-17T05:34:36.672746187Z,book,scaled,660681595a5e,200,8.207771
2026-09-17T05:34:36.733660764Z,book,scaled,348cd506525f,200,8.392232
2026-09-17T05:34:36.793847939Z,book,scaled,660681595a5e,200,8.386306
2026-09-17T05:34:36.853825101Z,book,scaled,a1cb37b7da6b,200,8.526339
2026-09-17T05:34:36.914777661Z,book,scaled,660681595a5e,200,9.272778
2026-09-17T05:34:36.973285816Z,book,scaled,a1cb37b7da6b,200,7.997586
2026-09-17T05:34:37.033375751Z,book,scaled,348cd506525f,200,8.301856
2026-09-17T05:34:37.093441615Z,book,scaled,a1cb37b7da6b,200,8.411022
2026-09-17T05:34:37.154486509Z,book,scaled,348cd506525f,200,9.376853
2026-09-17T05:34:37.213486314Z,book,scaled,660681595a5e,200,8.22534
2026-09-17T05:34:37.273222328Z,book,scaled,348cd506525f,200,8.096414
2026-09-17T05:34:37.334529069Z,book,scaled,660681595a5e,200,9.651282
2026-09-17T05:34:37.39329163Z,book,scaled,a1cb37b7da6b,200,8.143567
2026-09-17T05:34:37.456136398Z,book,scaled,660681595a5e,200,11.292836
2026-09-17T05:34:37.512582322Z,book,scaled,a1cb37b7da6b,200,7.919333
2026-09-17T05:34:37.574085826Z,book,scaled,348cd506525f,200,9.043682
2026-09-17T05:34:37.632834456Z,book,scaled,a1cb37b7da6b,200,8.042489
2026-09-17T05:34:37.695050415Z,book,scaled,348cd506525f,200,9.657971
2026-09-17T05:34:37.753923463Z,book,scaled,660681595a5e,200,9.017821
2026-09-17T05:34:37.814223491Z,book,scaled,348cd506525f,200,8.645837
2026-09-17T05:34:37.87375484Z,book,scaled,660681595a5e,200,8.969207
2026-09-17T05:34:37.933370105Z,book,scaled,a1cb37b7da6b,200,7.844396
2026-09-17T05:34:37.99345776Z,book,scaled,660681595a5e,200,8.309205
2026-09-17T05:34:38.054510377Z,book,scaled,a1cb37b7da6b,200,9.47349
2026-09-17T05:34:38.115171508Z,book,scaled,348cd506525f,200,9.975593
2026-09-17T05:34:38.174527718Z,book,scaled,a1cb37b7da6b,200,9.508501
2026-09-17T05:34:38.234062727Z,book,scaled,348cd506525f,200,8.775016
2026-09-17T05:34:38.29381099Z,book,scaled,660681595a5e,200,9.179522
2026-09-17T05:34:38.355050708Z,book,scaled,348cd506525f,200,9.590188
2026-09-17T05:34:38.414662477Z,book,scaled,660681595a5e,200,9.967775
2026-09-17T05:34:38.474589711Z,book,scaled,a1cb37b7da6b,200,9.341955
2026-09-17T05:34:38.535666614Z,book,scaled,660681595a5e,200,10.245597
2026-09-17T05:34:38.594951258Z,book,scaled,a1cb37b7da6b,200,9.545443
2026-09-17T05:34:38.653826846Z,book,scaled,348cd506525f,200,9.268597
2026-09-17T05:34:38.715402605Z,book,scaled,a1cb37b7da6b,200,9.951241
2026-09-17T05:34:38.773630962Z,book,scaled,348cd506525f,200,8.552615
2026-09-17T05:34:38.833373995Z,book,scaled,660681595a5e,200,8.009448
2026-09-17T05:34:38.89346665Z,book,scaled,348cd506525f,200,8.554273
2026-09-17T05:34:38.953536613Z,book,scaled,660681595a5e,200,8.454886
2026-09-17T05:34:39.014424158Z,book,scaled,a1cb37b7da6b,200,9.30198
2026-09-17T05:34:39.073345209Z,book,scaled,660681595a5e,200,8.227722
2026-09-17T05:34:39.133671979Z,book,scaled,a1cb37b7da6b,200,8.70336
2026-09-17T05:34:39.194036981Z,book,scaled,348cd506525f,200,8.775755
2026-09-17T05:34:39.253358977Z,book,scaled,a1cb37b7da6b,200,8.669638
2026-09-17T05:34:39.314627191Z,book,scaled,348cd506525f,200,9.630713
2026-09-17T05:34:39.374773114Z,book,scaled,660681595a5e,200,9.508661
2026-09-17T05:34:39.435364456Z,book,scaled,348cd506525f,200,10.050426
2026-09-17T05:34:39.494537988Z,book,scaled,660681595a5e,200,9.480461
2026-09-17T05:34:39.553332461Z,book,scaled,a1cb37b7da6b,200,8.257714
2026-09-17T05:34:39.614007033Z,book,scaled,660681595a5e,200,8.989041
2026-09-17T05:34:39.676149978Z,book,scaled,a1cb37b7da6b,200,10.509177
2026-09-17T05:34:39.734368024Z,book,scaled,348cd506525f,200,9.522114
2026-09-17T05:34:39.793591013Z,book,scaled,a1cb37b7da6b,200,8.329508
2026-09-17T05:34:39.853629421Z,book,scaled,348cd506525f,200,8.201486
2026-09-17T05:34:39.913773633Z,book,scaled,660681595a5e,200,8.602064
2026-09-17T05:34:39.973724989Z,book,scaled,348cd506525f,200,8.308886
2026-09-17T05:34:40.034741273Z,book,scaled,660681595a5e,200,9.112657
2026-09-17T05:34:40.093721037Z,book,scaled,a1cb37b7da6b,200,8.479806
2026-09-17T05:34:40.152977789Z,book,scaled,660681595a5e,200,8.462765
2026-09-17T05:34:40.213802739Z,book,scaled,a1cb37b7da6b,200,8.757744
2026-09-17T05:34:40.274352785Z,book,scaled,348cd506525f,200,9.069444
2026-09-17T05:34:40.333499159Z,book,scaled,a1cb37b7da6b,200,8.50793
2026-09-17T05:34:40.393964872Z,book,scaled,348cd506525f,200,8.809894
2026-09-17T05:34:40.453597053Z,book,scaled,660681595a5e,200,8.809419
2026-09-17T05:34:40.512803291Z,book,scaled,348cd506525f,200,7.609292
2026-09-17T05:34:40.573966693Z,book,scaled,660681595a5e,200,8.503109
2026-09-17T05:34:40.632596175Z,book,scaled,a1cb37b7da6b,200,8.120894
2026-09-17T05:34:40.694077499Z,book,scaled,660681595a5e,200,8.790426
2026-09-17T05:34:40.753096735Z,book,scaled,a1cb37b7da6b,200,8.428563
2026-09-17T05:34:40.812696176Z,book,scaled,348cd506525f,200,8.009838
2026-09-17T05:34:40.87217629Z,book,scaled,a1cb37b7da6b,200,7.613878
2026-09-17T05:34:40.93322209Z,book,scaled,348cd506525f,200,8.355578
2026-09-17T05:34:40.992407084Z,book,scaled,660681595a5e,200,7.498756
2026-09-17T05:34:41.053526882Z,book,scaled,348cd506525f,200,8.469988
2026-09-17T05:34:41.114093772Z,book,scaled,660681595a5e,200,8.853019
2026-09-17T05:34:41.172696901Z,book,scaled,a1cb37b7da6b,200,7.664587
2026-09-17T05:34:41.233647441Z,book,scaled,660681595a5e,200,8.340564
2026-09-17T05:34:41.293392645Z,book,scaled,a1cb37b7da6b,200,8.090475
2026-09-17T05:34:41.354511382Z,book,scaled,348cd506525f,200,9.487012
2026-09-17T05:34:41.414376299Z,book,scaled,a1cb37b7da6b,200,9.217743
2026-09-17T05:34:41.474243022Z,book,scaled,348cd506525f,200,8.970125
2026-09-17T05:34:41.534372311Z,book,scaled,660681595a5e,200,9.395726
2026-09-17T05:34:41.59278271Z,book,scaled,348cd506525f,200,7.693051
2026-09-17T05:34:41.655857071Z,book,scaled,660681595a5e,200,10.523412
2026-09-17T05:34:41.713096408Z,book,scaled,a1cb37b7da6b,200,8.320558
2026-09-17T05:34:41.772608091Z,book,scaled,660681595a5e,200,8.06916
2026-09-17T05:34:41.833313342Z,book,scaled,a1cb37b7da6b,200,8.042341
2026-09-17T05:34:41.896057108Z,book,scaled,348cd506525f,200,11.093389
2026-09-17T05:34:41.953521758Z,book,scaled,a1cb37b7da6b,200,7.959935
2026-09-17T05:34:42.013264837Z,book,scaled,348cd506525f,200,8.074762
2026-09-17T05:34:42.073485347Z,book,scaled,660681595a5e,200,8.716392
2026-09-17T05:34:42.133555443Z,book,scaled,348cd506525f,200,8.480098
2026-09-17T05:34:42.193348442Z,book,scaled,660681595a5e,200,8.041935
2026-09-17T05:34:42.25277847Z,book,scaled,a1cb37b7da6b,200,7.922022
2026-09-17T05:34:42.313369283Z,book,scaled,660681595a5e,200,8.086448
2026-09-17T05:34:42.373852811Z,book,scaled,a1cb37b7da6b,200,8.930257
2026-09-17T05:34:42.433500124Z,book,scaled,348cd506525f,200,8.117764
2026-09-17T05:34:42.50120893Z,book,scaled,a1cb37b7da6b,200,15.983024
2026-09-17T05:34:42.552688035Z,book,scaled,348cd506525f,200,7.918573
2026-09-17T05:34:42.61314215Z,book,scaled,660681595a5e,200,7.819806
2026-09-17T05:34:42.672411403Z,book,scaled,348cd506525f,200,7.735794
2026-09-17T05:34:42.732876333Z,book,scaled,660681595a5e,200,7.832847
2026-09-17T05:34:42.793670256Z,book,scaled,a1cb37b7da6b,200,8.047307
2026-09-17T05:34:42.854474846Z,book,scaled,660681595a5e,200,9.140578
2026-09-17T05:34:42.913382192Z,book,scaled,a1cb37b7da6b,200,8.307546
2026-09-17T05:34:42.973167595Z,book,scaled,348cd506525f,200,8.190299
2026-09-17T05:34:43.034031046Z,book,scaled,a1cb37b7da6b,200,9.31109
2026-09-17T05:34:43.093534749Z,book,scaled,348cd506525f,200,8.961487
2026-09-17T05:34:43.152672281Z,book,scaled,660681595a5e,200,7.643365
2026-09-17T05:34:43.213350999Z,book,scaled,348cd506525f,200,8.03462
2026-09-17T05:34:43.27365115Z,book,scaled,660681595a5e,200,8.545588
2026-09-17T05:34:43.333705994Z,book,scaled,a1cb37b7da6b,200,8.553922
2026-09-17T05:34:43.394217367Z,book,scaled,660681595a5e,200,8.849726
2026-09-17T05:34:43.452983191Z,book,scaled,a1cb37b7da6b,200,7.986557
2026-09-17T05:34:43.520448139Z,book,scaled,348cd506525f,200,15.912498
2026-09-17T05:34:43.572969259Z,book,scaled,a1cb37b7da6b,200,7.955845
2026-09-17T05:34:43.63344595Z,book,scaled,348cd506525f,200,7.993092
2026-09-17T05:34:43.693512776Z,book,scaled,660681595a5e,200,8.421785
2026-09-17T05:34:43.753110826Z,book,scaled,348cd506525f,200,7.941372
2026-09-17T05:34:43.814168359Z,book,scaled,660681595a5e,200,9.332912
2026-09-17T05:34:43.872682881Z,book,scaled,a1cb37b7da6b,200,7.973975
2026-09-17T05:34:43.933273985Z,book,scaled,660681595a5e,200,8.018989
2026-09-17T05:34:43.993297361Z,book,scaled,a1cb37b7da6b,200,8.344147
2026-09-17T05:34:44.053322349Z,book,scaled,348cd506525f,200,8.380252
2026-09-17T05:34:44.113048907Z,book,scaled,a1cb37b7da6b,200,8.081602
2026-09-17T05:34:44.172973598Z,book,scaled,348cd506525f,200,8.233502
2026-09-17T05:34:44.233265334Z,book,scaled,660681595a5e,200,7.767933
2026-09-17T05:34:44.292612758Z,book,scaled,348cd506525f,200,7.81193
2026-09-17T05:34:44.353188521Z,book,scaled,660681595a5e,200,7.955775
2026-09-17T05:34:44.413546149Z,book,scaled,a1cb37b7da6b,200,8.658088
2026-09-17T05:34:44.473386365Z,book,scaled,660681595a5e,200,8.335109
2026-09-17T05:34:44.541300902Z,book,scaled,a1cb37b7da6b,200,16.320525
2026-09-17T05:34:44.592872164Z,book,scaled,348cd506525f,200,7.918202
2026-09-17T05:34:44.65443219Z,book,scaled,a1cb37b7da6b,200,9.121699
2026-09-17T05:34:44.713344727Z,book,scaled,348cd506525f,200,8.121555
2026-09-17T05:34:44.774575331Z,book,scaled,660681595a5e,200,9.546805
2026-09-17T05:34:44.834689585Z,book,scaled,348cd506525f,200,9.486753
2026-09-17T05:34:44.893844647Z,book,scaled,660681595a5e,200,8.419634
2026-09-17T05:34:44.953343731Z,book,scaled,a1cb37b7da6b,200,8.005036
2026-09-17T05:34:45.013362868Z,book,scaled,660681595a5e,200,8.321308
2026-09-17T05:34:45.073539946Z,book,scaled,a1cb37b7da6b,200,8.433065
2026-09-17T05:34:45.133949481Z,book,scaled,348cd506525f,200,8.777069
2026-09-17T05:34:45.193237012Z,book,scaled,a1cb37b7da6b,200,8.474268
2026-09-17T05:34:45.252955381Z,book,scaled,348cd506525f,200,8.150429
2026-09-17T05:34:45.3143105Z,book,scaled,660681595a5e,200,8.790296
2026-09-17T05:34:45.372875035Z,book,scaled,348cd506525f,200,7.933843
2026-09-17T05:34:45.433904817Z,book,scaled,660681595a5e,200,8.365821
2026-09-17T05:34:45.493109793Z,book,scaled,a1cb37b7da6b,200,7.668807
2026-09-17T05:34:45.55471414Z,book,scaled,660681595a5e,200,9.635781
2026-09-17T05:34:45.612993448Z,book,scaled,a1cb37b7da6b,200,7.682948
2026-09-17T05:34:45.672683254Z,book,scaled,348cd506525f,200,8.168728
2026-09-17T05:34:45.733105554Z,book,scaled,a1cb37b7da6b,200,7.783642
2026-09-17T05:34:45.792808172Z,book,scaled,348cd506525f,200,8.024769
2026-09-17T05:34:45.854408779Z,book,scaled,660681595a5e,200,9.060535
2026-09-17T05:34:45.913110763Z,book,scaled,348cd506525f,200,8.053211
2026-09-17T05:34:45.973293061Z,book,scaled,660681595a5e,200,8.469507
2026-09-17T05:34:46.032171095Z,book,scaled,a1cb37b7da6b,200,7.375628
2026-09-17T05:34:46.092401856Z,book,scaled,660681595a5e,200,7.72818
2026-09-17T05:34:46.152781465Z,book,scaled,a1cb37b7da6b,200,7.778653
2026-09-17T05:34:46.21307297Z,book,scaled,348cd506525f,200,7.790705
2026-09-17T05:34:46.273588968Z,book,scaled,a1cb37b7da6b,200,9.098497
2026-09-17T05:34:46.333191399Z,book,scaled,348cd506525f,200,7.840266
2026-09-17T05:34:46.393190446Z,book,scaled,660681595a5e,200,7.772993
2026-09-17T05:34:46.453099427Z,book,scaled,348cd506525f,200,8.290347
2026-09-17T05:34:46.515160764Z,book,scaled,660681595a5e,200,10.327325
2026-09-17T05:34:46.573930502Z,book,scaled,a1cb37b7da6b,200,9.133775
2026-09-17T05:34:46.633503045Z,book,scaled,660681595a5e,200,8.093668
2026-09-17T05:34:46.693457443Z,book,scaled,a1cb37b7da6b,200,8.364381
2026-09-17T05:34:46.757187756Z,book,scaled,348cd506525f,200,11.932552
2026-09-17T05:34:46.812998406Z,book,scaled,a1cb37b7da6b,200,8.242143
2026-09-17T05:34:46.873326243Z,book,scaled,348cd506525f,200,8.809019
2026-09-17T05:34:46.933361801Z,book,scaled,660681595a5e,200,8.241033
2026-09-17T05:34:46.993895671Z,book,scaled,348cd506525f,200,8.766016
2026-09-17T05:34:47.053889376Z,book,scaled,660681595a5e,200,8.545871
2026-09-17T05:34:47.11385543Z,book,scaled,a1cb37b7da6b,200,8.478099
2026-09-17T05:34:47.173510369Z,book,scaled,660681595a5e,200,8.091858
2026-09-17T05:34:47.233501809Z,book,scaled,a1cb37b7da6b,200,8.35508
2026-09-17T05:34:47.293498595Z,book,scaled,348cd506525f,200,8.402593
2026-09-17T05:34:47.353711544Z,book,scaled,a1cb37b7da6b,200,8.534372
2026-09-17T05:34:47.414284707Z,book,scaled,348cd506525f,200,8.934076
2026-09-17T05:34:47.474147103Z,book,scaled,660681595a5e,200,9.16943
2026-09-17T05:34:47.557666703Z,book,scaled,348cd506525f,200,32.894478
2026-09-17T05:34:47.593350166Z,book,scaled,660681595a5e,200,8.263444
2026-09-17T05:34:47.652624936Z,book,scaled,a1cb37b7da6b,200,7.390219
2026-09-17T05:34:47.713384109Z,book,scaled,660681595a5e,200,8.210061
2026-09-17T05:34:47.772587195Z,book,scaled,a1cb37b7da6b,200,7.482774
2026-09-17T05:34:47.833934168Z,book,scaled,348cd506525f,200,8.790439
2026-09-17T05:34:47.893975776Z,book,scaled,a1cb37b7da6b,200,9.166071
2026-09-17T05:34:47.953886735Z,book,scaled,348cd506525f,200,8.34578
2026-09-17T05:34:48.013563381Z,book,scaled,660681595a5e,200,8.097674
2026-09-17T05:34:48.073982893Z,book,scaled,348cd506525f,200,8.882824
2026-09-17T05:34:48.134222764Z,book,scaled,660681595a5e,200,9.623369
2026-09-17T05:34:48.193984535Z,book,scaled,a1cb37b7da6b,200,8.698032
2026-09-17T05:34:48.252797236Z,book,scaled,660681595a5e,200,8.066602
2026-09-17T05:34:48.313356568Z,book,scaled,a1cb37b7da6b,200,8.039691
2026-09-17T05:34:48.372461476Z,book,scaled,348cd506525f,200,7.524625
2026-09-17T05:34:48.432572689Z,book,scaled,a1cb37b7da6b,200,7.556629
2026-09-17T05:34:48.493472412Z,book,scaled,348cd506525f,200,8.303228
2026-09-17T05:34:48.558985659Z,book,scaled,660681595a5e,200,13.802526
2026-09-17T05:34:48.614930157Z,book,scaled,348cd506525f,200,9.693855
2026-09-17T05:34:48.674133263Z,book,scaled,660681595a5e,200,8.695271
2026-09-17T05:34:48.733279954Z,book,scaled,a1cb37b7da6b,200,8.551252
2026-09-17T05:34:48.793031743Z,book,scaled,660681595a5e,200,8.000306
2026-09-17T05:34:48.853098757Z,book,scaled,a1cb37b7da6b,200,8.577962
2026-09-17T05:34:48.912224227Z,book,scaled,348cd506525f,200,8.894121
2026-09-17T05:34:48.972167804Z,book,scaled,a1cb37b7da6b,200,8.361358
2026-09-17T05:34:49.03212837Z,book,scaled,348cd506525f,200,8.407819
2026-09-17T05:34:49.091938527Z,book,scaled,660681595a5e,200,8.279394
2026-09-17T05:34:49.152014712Z,book,scaled,348cd506525f,200,8.55723
2026-09-17T05:34:49.212077854Z,book,scaled,660681595a5e,200,8.37832
2026-09-17T05:34:49.271389076Z,book,scaled,a1cb37b7da6b,200,7.758427
2026-09-17T05:34:49.331754481Z,book,scaled,660681595a5e,200,7.817674
2026-09-17T05:34:49.39096085Z,book,scaled,a1cb37b7da6b,200,7.580469
2026-09-17T05:34:49.451730635Z,book,scaled,348cd506525f,200,8.25878
2026-09-17T05:34:49.512636574Z,book,scaled,a1cb37b7da6b,200,8.334317
2026-09-17T05:34:49.589368949Z,book,scaled,348cd506525f,200,25.172949
2026-09-17T05:34:49.631763505Z,book,scaled,660681595a5e,200,7.858327
2026-09-17T05:34:49.691734036Z,book,scaled,348cd506525f,200,8.339722
2026-09-17T05:34:49.752588055Z,book,scaled,660681595a5e,200,9.373043
2026-09-17T05:34:49.813745986Z,book,scaled,a1cb37b7da6b,200,9.572524
2026-09-17T05:34:49.872877272Z,book,scaled,660681595a5e,200,9.436707
2026-09-17T05:34:49.931754119Z,book,scaled,a1cb37b7da6b,200,8.226498
2026-09-17T05:34:49.991160241Z,book,scaled,348cd506525f,200,7.800864
2026-09-17T05:34:50.051995483Z,book,scaled,a1cb37b7da6b,200,8.242451
2026-09-17T05:34:50.111657076Z,book,scaled,348cd506525f,200,8.068076
2026-09-17T05:34:50.171560783Z,book,scaled,660681595a5e,200,8.23348
2026-09-17T05:34:50.232039971Z,book,scaled,348cd506525f,200,7.999285
2026-09-17T05:34:50.291797633Z,book,scaled,660681595a5e,200,8.135144
2026-09-17T05:34:50.351570577Z,book,scaled,a1cb37b7da6b,200,8.159033
2026-09-17T05:34:50.412467049Z,book,scaled,660681595a5e,200,8.407807
2026-09-17T05:34:50.471597647Z,book,scaled,a1cb37b7da6b,200,7.59783
2026-09-17T05:34:50.533110412Z,book,scaled,348cd506525f,200,9.073534
2026-09-17T05:34:50.592130359Z,book,scaled,a1cb37b7da6b,200,8.178815
2026-09-17T05:34:50.652401396Z,book,scaled,348cd506525f,200,8.452095
2026-09-17T05:34:50.712030521Z,book,scaled,660681595a5e,200,8.085499
2026-09-17T05:34:50.771583492Z,book,scaled,348cd506525f,200,8.045759
2026-09-17T05:34:50.831631973Z,book,scaled,660681595a5e,200,7.63244
2026-09-17T05:34:50.892351538Z,book,scaled,a1cb37b7da6b,200,8.094012
2026-09-17T05:34:50.951966654Z,book,scaled,660681595a5e,200,8.089721
2026-09-17T05:34:51.01193954Z,book,scaled,a1cb37b7da6b,200,8.30786
2026-09-17T05:34:51.071354183Z,book,scaled,348cd506525f,200,7.775691
2026-09-17T05:34:51.131898076Z,book,scaled,a1cb37b7da6b,200,7.884328
2026-09-17T05:34:51.191543752Z,book,scaled,348cd506525f,200,7.804503
2026-09-17T05:34:51.251532069Z,book,scaled,660681595a5e,200,7.496764
2026-09-17T05:34:51.312032551Z,book,scaled,348cd506525f,200,7.999475
2026-09-17T05:34:51.37125656Z,book,scaled,660681595a5e,200,7.666723
2026-09-17T05:34:51.433716085Z,book,scaled,a1cb37b7da6b,200,9.716714
2026-09-17T05:34:51.492621704Z,book,scaled,660681595a5e,200,8.426961
2026-09-17T05:34:51.569603916Z,book,scaled,a1cb37b7da6b,200,25.459388
2026-09-17T05:34:51.613193248Z,book,scaled,348cd506525f,200,9.240582
2026-09-17T05:34:51.672430226Z,book,scaled,a1cb37b7da6b,200,8.258229
2026-09-17T05:34:51.731136476Z,book,scaled,348cd506525f,200,7.442659
2026-09-17T05:34:51.793020115Z,book,scaled,660681595a5e,200,9.204362
2026-09-17T05:34:51.851338078Z,book,scaled,348cd506525f,200,7.832105
2026-09-17T05:34:51.913324492Z,book,scaled,660681595a5e,200,9.479939
2026-09-17T05:34:51.971679488Z,book,scaled,a1cb37b7da6b,200,7.834445
2026-09-17T05:34:52.03174189Z,book,scaled,660681595a5e,200,8.074751
2026-09-17T05:34:52.091622749Z,book,scaled,a1cb37b7da6b,200,8.390861
2026-09-17T05:34:52.152596682Z,book,scaled,348cd506525f,200,8.373788
2026-09-17T05:34:52.211174942Z,book,scaled,a1cb37b7da6b,200,7.845266
2026-09-17T05:34:52.271830382Z,book,scaled,348cd506525f,200,8.005024
2026-09-17T05:34:52.331482909Z,book,scaled,660681595a5e,200,7.797723
2026-09-17T05:34:52.393501605Z,book,scaled,348cd506525f,200,9.287376
2026-09-17T05:34:52.451975793Z,book,scaled,660681595a5e,200,7.941767
2026-09-17T05:34:52.511167025Z,book,scaled,a1cb37b7da6b,200,7.552326
2026-09-17T05:34:52.572344328Z,book,scaled,660681595a5e,200,8.588073
2026-09-17T05:34:52.632821058Z,book,scaled,a1cb37b7da6b,200,8.739973
2026-09-17T05:34:52.692209558Z,book,scaled,348cd506525f,200,7.858308
2026-09-17T05:34:52.751681754Z,book,scaled,a1cb37b7da6b,200,7.887548
2026-09-17T05:34:52.81243651Z,book,scaled,348cd506525f,200,8.109973
2026-09-17T05:34:52.871926051Z,book,scaled,660681595a5e,200,7.949618
2026-09-17T05:34:52.931499019Z,book,scaled,348cd506525f,200,7.827863
2026-09-17T05:34:52.991796178Z,book,scaled,660681595a5e,200,7.689766
2026-09-17T05:34:53.052380823Z,book,scaled,a1cb37b7da6b,200,9.104706
2026-09-17T05:34:53.111610391Z,book,scaled,660681595a5e,200,7.651324
2026-09-17T05:34:53.171742381Z,book,scaled,a1cb37b7da6b,200,8.25576
2026-09-17T05:34:53.231140581Z,book,scaled,348cd506525f,200,7.881288
2026-09-17T05:34:53.291887188Z,book,scaled,a1cb37b7da6b,200,8.10681
2026-09-17T05:34:53.352125573Z,book,scaled,348cd506525f,200,8.671588
2026-09-17T05:34:53.411444278Z,book,scaled,660681595a5e,200,7.565337
2026-09-17T05:34:53.471348822Z,book,scaled,348cd506525f,200,7.451961
2026-09-17T05:34:53.533158764Z,book,scaled,660681595a5e,200,9.1909
2026-09-17T05:34:53.592461259Z,book,scaled,a1cb37b7da6b,200,8.785685
2026-09-17T05:34:53.652719625Z,book,scaled,660681595a5e,200,8.729881
2026-09-17T05:34:53.712529591Z,book,scaled,a1cb37b7da6b,200,8.23619
2026-09-17T05:34:53.772265793Z,book,scaled,348cd506525f,200,8.203869
2026-09-17T05:34:53.831703745Z,book,scaled,a1cb37b7da6b,200,7.885817
2026-09-17T05:34:53.891836345Z,book,scaled,348cd506525f,200,8.3762
2026-09-17T05:34:53.95131612Z,book,scaled,660681595a5e,200,7.908768
2026-09-17T05:34:54.012026525Z,book,scaled,348cd506525f,200,8.21955
2026-09-17T05:34:54.071613587Z,book,scaled,660681595a5e,200,7.93269
2026-09-17T05:34:54.13238312Z,book,scaled,a1cb37b7da6b,200,8.154771
2026-09-17T05:34:54.192308339Z,book,scaled,660681595a5e,200,8.174135
2026-09-17T05:34:54.251683579Z,book,scaled,a1cb37b7da6b,200,7.790468
2026-09-17T05:34:54.313346802Z,book,scaled,348cd506525f,200,9.236312
2026-09-17T05:34:54.37173169Z,book,scaled,a1cb37b7da6b,200,7.811964
2026-09-17T05:34:54.432771184Z,book,scaled,348cd506525f,200,9.234873
2026-09-17T05:34:54.493951904Z,book,scaled,660681595a5e,200,10.484439
2026-09-17T05:34:54.552537058Z,book,scaled,348cd506525f,200,8.615018
2026-09-17T05:34:54.612509015Z,book,scaled,660681595a5e,200,9.110396
2026-09-17T05:34:54.673330396Z,book,scaled,a1cb37b7da6b,200,10.053495
2026-09-17T05:34:54.733017044Z,book,scaled,660681595a5e,200,8.938973
2026-09-17T05:34:54.794296165Z,book,scaled,a1cb37b7da6b,200,10.621426
2026-09-17T05:34:54.854259151Z,book,scaled,348cd506525f,200,10.316981
2026-09-17T05:34:54.912362511Z,book,scaled,a1cb37b7da6b,200,8.570881
2026-09-17T05:34:54.972943426Z,book,scaled,348cd506525f,200,8.916052
2026-09-17T05:34:55.031566109Z,book,scaled,660681595a5e,200,8.05399
2026-09-17T05:34:55.093478357Z,book,scaled,348cd506525f,200,9.301856
2026-09-17T05:34:55.15193844Z,book,scaled,660681595a5e,200,7.823374
2026-09-17T05:34:55.211738787Z,book,scaled,a1cb37b7da6b,200,7.781772
2026-09-17T05:34:55.273003635Z,book,scaled,660681595a5e,200,9.4941
2026-09-17T05:34:55.332159831Z,book,scaled,a1cb37b7da6b,200,8.514808
2026-09-17T05:34:55.392688583Z,book,scaled,348cd506525f,200,8.85886
2026-09-17T05:34:55.452399874Z,book,scaled,a1cb37b7da6b,200,9.18072
2026-09-17T05:34:55.512320178Z,book,scaled,348cd506525f,200,8.414511
2026-09-17T05:34:55.573172643Z,book,scaled,660681595a5e,200,9.138148
2026-09-17T05:34:55.633962341Z,book,scaled,348cd506525f,200,10.095537
2026-09-17T05:34:55.69269392Z,book,scaled,660681595a5e,200,9.189511
2026-09-17T05:34:55.752977546Z,book,scaled,a1cb37b7da6b,200,8.71373
2026-09-17T05:34:55.812338266Z,book,scaled,660681595a5e,200,8.651937
2026-09-17T05:34:55.871863834Z,book,scaled,a1cb37b7da6b,200,7.774939
2026-09-17T05:34:55.931924757Z,book,scaled,348cd506525f,200,8.488607
2026-09-17T05:34:55.992577256Z,book,scaled,a1cb37b7da6b,200,9.053621
2026-09-17T05:34:56.052769388Z,book,scaled,348cd506525f,200,8.767804
2026-09-17T05:34:56.111722641Z,book,scaled,660681595a5e,200,8.469875
2026-09-17T05:34:56.17347006Z,book,scaled,348cd506525f,200,9.744127
2026-09-17T05:34:56.232630286Z,book,scaled,660681595a5e,200,8.582402
2026-09-17T05:34:56.292768813Z,book,scaled,a1cb37b7da6b,200,8.519676
2026-09-17T05:34:56.351719447Z,book,scaled,660681595a5e,200,8.435633
2026-09-17T05:34:56.412241903Z,book,scaled,a1cb37b7da6b,200,8.9729
2026-09-17T05:34:56.47244376Z,book,scaled,348cd506525f,200,8.684789
2026-09-17T05:34:56.532576977Z,book,scaled,a1cb37b7da6b,200,8.56447
2026-09-17T05:34:56.593592001Z,book,scaled,348cd506525f,200,9.467488
2026-09-17T05:34:56.652870623Z,book,scaled,660681595a5e,200,8.85819
2026-09-17T05:34:56.711989798Z,book,scaled,348cd506525f,200,8.451964
2026-09-17T05:34:56.770935189Z,book,scaled,660681595a5e,200,7.343933
2026-09-17T05:34:56.831691273Z,book,scaled,a1cb37b7da6b,200,8.211396
2026-09-17T05:34:56.891994778Z,book,scaled,660681595a5e,200,7.735456
2026-09-17T05:34:56.951588346Z,book,scaled,a1cb37b7da6b,200,7.920638
2026-09-17T05:34:57.011994371Z,book,scaled,348cd506525f,200,7.908587
2026-09-17T05:34:57.071868667Z,book,scaled,a1cb37b7da6b,200,8.051491
2026-09-17T05:34:57.132634922Z,book,scaled,348cd506525f,200,9.204389
2026-09-17T05:34:57.193105467Z,book,scaled,660681595a5e,200,9.663713
2026-09-17T05:34:57.252027404Z,book,scaled,348cd506525f,200,8.071587
2026-09-17T05:34:57.313468212Z,book,scaled,660681595a5e,200,9.526471
2026-09-17T05:34:57.372695854Z,book,scaled,a1cb37b7da6b,200,8.659761
2026-09-17T05:34:57.432609159Z,book,scaled,660681595a5e,200,8.405569
2026-09-17T05:34:57.491870613Z,book,scaled,a1cb37b7da6b,200,8.266215
2026-09-17T05:34:57.551002998Z,book,scaled,348cd506525f,200,7.689463
2026-09-17T05:34:57.61250542Z,book,scaled,a1cb37b7da6b,200,8.778162
2026-09-17T05:34:57.671787249Z,book,scaled,348cd506525f,200,7.693647
2026-09-17T05:34:57.732097284Z,book,scaled,660681595a5e,200,8.654675
2026-09-17T05:34:57.791884257Z,book,scaled,348cd506525f,200,8.160084
2026-09-17T05:34:57.85153101Z,book,scaled,660681595a5e,200,8.063277
2026-09-17T05:34:57.912226251Z,book,scaled,a1cb37b7da6b,200,8.156663
2026-09-17T05:34:57.973003867Z,book,scaled,660681595a5e,200,8.982876
2026-09-17T05:34:58.037142627Z,book,scaled,a1cb37b7da6b,200,13.492444
2026-09-17T05:34:58.093300106Z,book,scaled,348cd506525f,200,9.523189
2026-09-17T05:34:58.152334325Z,book,scaled,a1cb37b7da6b,200,8.314288
2026-09-17T05:34:58.212500393Z,book,scaled,348cd506525f,200,8.530463
2026-09-17T05:34:58.271864322Z,book,scaled,660681595a5e,200,7.858334
2026-09-17T05:34:58.331632053Z,book,scaled,348cd506525f,200,8.143617
2026-09-17T05:34:58.392400258Z,book,scaled,660681595a5e,200,8.277291
2026-09-17T05:34:58.452167849Z,book,scaled,a1cb37b7da6b,200,8.072068
2026-09-17T05:34:58.512028931Z,book,scaled,660681595a5e,200,8.226902
2026-09-17T05:34:58.571786975Z,book,scaled,a1cb37b7da6b,200,8.179303
2026-09-17T05:34:58.631673744Z,book,scaled,348cd506525f,200,8.438841
2026-09-17T05:34:58.690960414Z,book,scaled,a1cb37b7da6b,200,7.739647
2026-09-17T05:34:58.751461572Z,book,scaled,348cd506525f,200,7.9449
2026-09-17T05:34:58.811891986Z,book,scaled,660681595a5e,200,7.729146
2026-09-17T05:34:58.871706814Z,book,scaled,348cd506525f,200,8.239643
2026-09-17T05:34:58.933300118Z,book,scaled,660681595a5e,200,9.074417
2026-09-17T05:34:58.992179102Z,book,scaled,a1cb37b7da6b,200,8.374316
2026-09-17T05:34:59.051988501Z,book,scaled,660681595a5e,200,8.197555
2026-09-17T05:34:59.111611497Z,book,scaled,a1cb37b7da6b,200,8.138352
2026-09-17T05:34:59.171688244Z,book,scaled,348cd506525f,200,8.505261
2026-09-17T05:34:59.231935355Z,book,scaled,a1cb37b7da6b,200,7.934434
2026-09-17T05:34:59.291172705Z,book,scaled,348cd506525f,200,7.695693
2026-09-17T05:34:59.351782012Z,book,scaled,660681595a5e,200,8.020525
2026-09-17T05:34:59.411714429Z,book,scaled,348cd506525f,200,8.135427
2026-09-17T05:34:59.471738872Z,book,scaled,660681595a5e,200,8.399679
2026-09-17T05:34:59.53133715Z,book,scaled,a1cb37b7da6b,200,8.075846
2026-09-17T05:34:59.592712244Z,book,scaled,660681595a5e,200,8.721255
2026-09-17T05:34:59.652994828Z,book,scaled,a1cb37b7da6b,200,9.338459
2026-09-17T05:34:59.711469276Z,book,scaled,348cd506525f,200,7.820411
2026-09-17T05:34:59.77242808Z,book,scaled,a1cb37b7da6b,200,8.382987
2026-09-17T05:34:59.833335561Z,book,scaled,348cd506525f,200,9.357005
2026-09-17T05:34:59.893019754Z,book,scaled,660681595a5e,200,9.058611
2026-09-17T05:34:59.951982752Z,book,scaled,348cd506525f,200,8.307581
2026-09-17T05:35:00.012589357Z,book,scaled,660681595a5e,200,8.960183
2026-09-17T05:35:00.072730517Z,book,scaled,a1cb37b7da6b,200,8.519997
2026-09-17T05:35:00.131335983Z,book,scaled,660681595a5e,200,8.0355
2026-09-17T05:35:00.192273484Z,book,scaled,a1cb37b7da6b,200,8.253629
2026-09-17T05:35:00.252549028Z,book,scaled,348cd506525f,200,8.547988
2026-09-17T05:35:00.312053623Z,book,scaled,a1cb37b7da6b,200,7.95265
2026-09-17T05:35:00.371813143Z,book,scaled,348cd506525f,200,8.130447
2026-09-17T05:35:00.430836485Z,book,scaled,660681595a5e,200,7.618717
2026-09-17T05:35:00.491630813Z,book,scaled,348cd506525f,200,8.218207
2026-09-17T05:35:00.552004013Z,book,scaled,660681595a5e,200,7.777528
2026-09-17T05:35:00.611886201Z,book,scaled,a1cb37b7da6b,200,8.225712
2026-09-17T05:35:00.673155114Z,book,scaled,660681595a5e,200,9.664084
2026-09-17T05:35:00.731912715Z,book,scaled,a1cb37b7da6b,200,8.176584
2026-09-17T05:35:00.792386962Z,book,scaled,348cd506525f,200,8.840887
2026-09-17T05:35:00.851849794Z,book,scaled,a1cb37b7da6b,200,8.015884
2026-09-17T05:35:00.912671411Z,book,scaled,348cd506525f,200,9.296155
2026-09-17T05:35:00.9719376Z,book,scaled,660681595a5e,200,8.703698
2026-09-17T05:35:01.031673789Z,book,scaled,348cd506525f,200,8.175624
2026-09-17T05:35:01.091729933Z,book,scaled,660681595a5e,200,8.088388
2026-09-17T05:35:01.151297827Z,book,scaled,a1cb37b7da6b,200,8.095959
2026-09-17T05:35:01.212251789Z,book,scaled,660681595a5e,200,8.285756
2026-09-17T05:35:01.271854129Z,book,scaled,a1cb37b7da6b,200,7.843173
2026-09-17T05:35:01.331369819Z,book,scaled,348cd506525f,200,7.917277
2026-09-17T05:35:01.393421515Z,book,scaled,a1cb37b7da6b,200,9.469901
2026-09-17T05:35:01.452298839Z,book,scaled,348cd506525f,200,8.212302
2026-09-17T05:35:01.512522859Z,book,scaled,660681595a5e,200,8.715449
2026-09-17T05:35:01.57197076Z,book,scaled,348cd506525f,200,7.954319
2026-09-17T05:35:01.632651929Z,book,scaled,660681595a5e,200,8.986886
2026-09-17T05:35:01.691593473Z,book,scaled,a1cb37b7da6b,200,8.33318
2026-09-17T05:35:01.752196118Z,book,scaled,660681595a5e,200,8.111256
2026-09-17T05:35:01.811832183Z,book,scaled,a1cb37b7da6b,200,8.003332
2026-09-17T05:35:01.87184941Z,book,scaled,348cd506525f,200,8.203019
2026-09-17T05:35:01.932423722Z,book,scaled,a1cb37b7da6b,200,8.74259
2026-09-17T05:35:01.992145791Z,book,scaled,348cd506525f,200,8.156258
2026-09-17T05:35:02.051758302Z,book,scaled,660681595a5e,200,8.048626
2026-09-17T05:35:02.111036882Z,book,scaled,348cd506525f,200,7.850053
2026-09-17T05:35:02.172062584Z,book,scaled,660681595a5e,200,8.360946
2026-09-17T05:35:02.231806518Z,book,scaled,a1cb37b7da6b,200,8.115176
2026-09-17T05:35:02.292204983Z,book,scaled,660681595a5e,200,8.925231
2026-09-17T05:35:02.352478077Z,book,scaled,a1cb37b7da6b,200,8.650935
2026-09-17T05:35:02.413266774Z,book,scaled,348cd506525f,200,9.242083
2026-09-17T05:35:02.471932524Z,book,scaled,a1cb37b7da6b,200,8.062947
2026-09-17T05:35:02.532097706Z,book,scaled,348cd506525f,200,8.51026
2026-09-17T05:35:02.593007005Z,book,scaled,660681595a5e,200,8.864289
2026-09-17T05:35:02.655618574Z,book,scaled,348cd506525f,200,11.975212
2026-09-17T05:35:02.71432377Z,book,scaled,660681595a5e,200,10.214648
2026-09-17T05:35:02.774310105Z,book,scaled,a1cb37b7da6b,200,10.370937
2026-09-17T05:35:02.834405247Z,book,scaled,660681595a5e,200,10.293755
2026-09-17T05:35:02.895283856Z,book,scaled,a1cb37b7da6b,200,10.673235
2026-09-17T05:35:02.952208539Z,book,scaled,348cd506525f,200,8.792984
2026-09-17T05:35:03.013683049Z,book,scaled,a1cb37b7da6b,200,9.82531
2026-09-17T05:35:03.071861908Z,book,scaled,348cd506525f,200,8.411519
2026-09-17T05:35:03.131304338Z,book,scaled,660681595a5e,200,7.871324
2026-09-17T05:35:03.191761834Z,book,scaled,348cd506525f,200,7.730476
2026-09-17T05:35:03.251803921Z,book,scaled,660681595a5e,200,8.262308
2026-09-17T05:35:03.313448522Z,book,scaled,a1cb37b7da6b,200,9.938337
2026-09-17T05:35:03.374839067Z,book,scaled,660681595a5e,200,10.717768
2026-09-17T05:35:03.432100723Z,book,scaled,a1cb37b7da6b,200,8.378244
2026-09-17T05:35:03.492026359Z,book,scaled,348cd506525f,200,8.497695
2026-09-17T05:35:03.552074418Z,book,scaled,a1cb37b7da6b,200,8.26508
2026-09-17T05:35:03.613510936Z,book,scaled,348cd506525f,200,9.543172
2026-09-17T05:35:03.679217666Z,book,scaled,660681595a5e,200,15.08136
2026-09-17T05:35:03.73217015Z,book,scaled,348cd506525f,200,8.339668
2026-09-17T05:35:03.791526595Z,book,scaled,660681595a5e,200,7.687663
2026-09-17T05:35:03.851680061Z,book,scaled,a1cb37b7da6b,200,7.605308
2026-09-17T05:35:03.912150237Z,book,scaled,660681595a5e,200,7.976882
2026-09-17T05:35:03.972077288Z,book,scaled,a1cb37b7da6b,200,8.41943
2026-09-17T05:35:04.031895858Z,book,scaled,348cd506525f,200,8.295387
2026-09-17T05:35:04.091783101Z,book,scaled,a1cb37b7da6b,200,8.10483
2026-09-17T05:35:04.151880132Z,book,scaled,348cd506525f,200,8.478032
2026-09-17T05:35:04.213203773Z,book,scaled,660681595a5e,200,9.608156
2026-09-17T05:35:04.27198103Z,book,scaled,348cd506525f,200,8.216156
2026-09-17T05:35:04.331922593Z,book,scaled,660681595a5e,200,8.300407
2026-09-17T05:35:04.391732251Z,book,scaled,a1cb37b7da6b,200,8.101335
2026-09-17T05:35:04.452110052Z,book,scaled,660681595a5e,200,8.667151
2026-09-17T05:35:04.512176297Z,book,scaled,a1cb37b7da6b,200,8.444461
2026-09-17T05:35:04.572506234Z,book,scaled,348cd506525f,200,8.59507
2026-09-17T05:35:04.633381955Z,book,scaled,a1cb37b7da6b,200,9.161876
2026-09-17T05:35:04.713786585Z,book,scaled,348cd506525f,200,29.828134
2026-09-17T05:35:04.752136603Z,book,scaled,660681595a5e,200,7.963007
2026-09-17T05:35:04.811676611Z,book,scaled,348cd506525f,200,7.948179
2026-09-17T05:35:04.872815121Z,book,scaled,660681595a5e,200,8.572389
2026-09-17T05:35:04.930990078Z,book,scaled,a1cb37b7da6b,200,7.537122
2026-09-17T05:35:04.991764725Z,book,scaled,660681595a5e,200,8.105389
2026-09-17T05:35:05.051077327Z,book,scaled,a1cb37b7da6b,200,7.81822
2026-09-17T05:35:05.111710703Z,book,scaled,348cd506525f,200,7.992121
2026-09-17T05:35:05.171476694Z,book,scaled,a1cb37b7da6b,200,8.029744
2026-09-17T05:35:05.23193718Z,book,scaled,348cd506525f,200,7.975601
2026-09-17T05:35:05.291530438Z,book,scaled,660681595a5e,200,8.072137
2026-09-17T05:35:05.353122599Z,book,scaled,348cd506525f,200,9.147267
2026-09-17T05:35:05.411402655Z,book,scaled,660681595a5e,200,7.710825
2026-09-17T05:35:05.471822157Z,book,scaled,a1cb37b7da6b,200,7.854382
2026-09-17T05:35:05.530834471Z,book,scaled,660681595a5e,200,7.466307
2026-09-17T05:35:05.591401684Z,book,scaled,a1cb37b7da6b,200,7.910281
2026-09-17T05:35:05.652122338Z,book,scaled,348cd506525f,200,8.225157
2026-09-17T05:35:05.712877183Z,book,scaled,a1cb37b7da6b,200,9.233422
2026-09-17T05:35:05.771219822Z,book,scaled,348cd506525f,200,7.875206
2026-09-17T05:35:05.831974738Z,book,scaled,660681595a5e,200,8.164593
2026-09-17T05:35:05.891316942Z,book,scaled,348cd506525f,200,7.582515
2026-09-17T05:35:05.952859929Z,book,scaled,660681595a5e,200,9.010388
2026-09-17T05:35:06.011263942Z,book,scaled,a1cb37b7da6b,200,7.843712
2026-09-17T05:35:06.071686746Z,book,scaled,660681595a5e,200,7.957749
2026-09-17T05:35:06.131700922Z,book,scaled,a1cb37b7da6b,200,7.251044
2026-09-17T05:35:06.191709719Z,book,scaled,348cd506525f,200,8.257279
2026-09-17T05:35:06.253360544Z,book,scaled,a1cb37b7da6b,200,9.062951
2026-09-17T05:35:06.311970769Z,book,scaled,348cd506525f,200,8.106769
2026-09-17T05:35:06.371734554Z,book,scaled,660681595a5e,200,8.151367
2026-09-17T05:35:06.433277541Z,book,scaled,348cd506525f,200,9.937903
2026-09-17T05:35:06.491842938Z,book,scaled,660681595a5e,200,7.931167
2026-09-17T05:35:06.552694902Z,book,scaled,a1cb37b7da6b,200,9.290037
2026-09-17T05:35:06.610927594Z,book,scaled,660681595a5e,200,7.690762
2026-09-17T05:35:06.671410512Z,book,scaled,a1cb37b7da6b,200,7.808284
2026-09-17T05:35:06.750503511Z,book,scaled,348cd506525f,200,26.494717
2026-09-17T05:35:06.792008335Z,book,scaled,a1cb37b7da6b,200,8.007503
2026-09-17T05:35:06.85139673Z,book,scaled,348cd506525f,200,7.823021
2026-09-17T05:35:06.911853723Z,book,scaled,660681595a5e,200,7.950105
2026-09-17T05:35:06.97133845Z,book,scaled,348cd506525f,200,7.911186
2026-09-17T05:35:07.031939763Z,book,scaled,660681595a5e,200,7.956189
2026-09-17T05:35:07.09166662Z,book,scaled,a1cb37b7da6b,200,8.031814
2026-09-17T05:35:07.150762027Z,book,scaled,660681595a5e,200,7.549045
2026-09-17T05:35:07.211624637Z,book,scaled,a1cb37b7da6b,200,7.901016
2026-09-17T05:35:07.272053818Z,book,scaled,348cd506525f,200,7.838487
2026-09-17T05:35:07.331443588Z,book,scaled,a1cb37b7da6b,200,7.733255
2026-09-17T05:35:07.393052649Z,book,scaled,348cd506525f,200,9.021199
2026-09-17T05:35:07.452061281Z,book,scaled,660681595a5e,200,8.372531
2026-09-17T05:35:07.512489156Z,book,scaled,348cd506525f,200,8.841752
2026-09-17T05:35:07.571723267Z,book,scaled,660681595a5e,200,7.750232
2026-09-17T05:35:07.630936525Z,book,scaled,a1cb37b7da6b,200,7.720254
2026-09-17T05:35:07.717615298Z,book,scaled,660681595a5e,200,34.019646
2026-09-17T05:35:07.751257398Z,book,scaled,a1cb37b7da6b,200,7.428725
2026-09-17T05:35:07.811666732Z,book,scaled,348cd506525f,200,7.880094
2026-09-17T05:35:07.871928941Z,book,scaled,a1cb37b7da6b,200,8.751149
2026-09-17T05:35:07.931708746Z,book,scaled,348cd506525f,200,8.071422
2026-09-17T05:35:07.992428579Z,book,scaled,660681595a5e,200,8.154437
2026-09-17T05:35:08.051689177Z,book,scaled,348cd506525f,200,7.719024
2026-09-17T05:35:08.112645775Z,book,scaled,660681595a5e,200,8.456642
2026-09-17T05:35:08.172722758Z,book,scaled,a1cb37b7da6b,200,8.523066
2026-09-17T05:35:08.232447037Z,book,scaled,660681595a5e,200,7.808441
2026-09-17T05:35:08.291256495Z,book,scaled,a1cb37b7da6b,200,7.801809
2026-09-17T05:35:08.35276537Z,book,scaled,348cd506525f,200,8.72645
2026-09-17T05:35:08.410906223Z,book,scaled,a1cb37b7da6b,200,7.610257
2026-09-17T05:35:08.471104284Z,book,scaled,348cd506525f,200,7.454846
2026-09-17T05:35:08.53172328Z,book,scaled,660681595a5e,200,8.034194
2026-09-17T05:35:08.591680332Z,book,scaled,348cd506525f,200,8.356596
2026-09-17T05:35:08.651959917Z,book,scaled,660681595a5e,200,8.638164
2026-09-17T05:35:08.712149135Z,book,scaled,a1cb37b7da6b,200,8.394968
2026-09-17T05:35:08.771282849Z,book,scaled,660681595a5e,200,7.625372
2026-09-17T05:35:08.832816719Z,book,scaled,a1cb37b7da6b,200,8.893695
2026-09-17T05:35:08.891528581Z,book,scaled,348cd506525f,200,7.914816
2026-09-17T05:35:08.952501621Z,book,scaled,a1cb37b7da6b,200,8.285521
2026-09-17T05:35:09.011931262Z,book,scaled,348cd506525f,200,7.822121
2026-09-17T05:35:09.071908846Z,book,scaled,660681595a5e,200,8.296457
2026-09-17T05:35:09.132900496Z,book,scaled,348cd506525f,200,9.397313
2026-09-17T05:35:09.192244601Z,book,scaled,660681595a5e,200,8.447901
2026-09-17T05:35:09.25198262Z,book,scaled,a1cb37b7da6b,200,8.185484
2026-09-17T05:35:09.311788564Z,book,scaled,660681595a5e,200,7.96539
2026-09-17T05:35:09.37099562Z,book,scaled,a1cb37b7da6b,200,7.489559
2026-09-17T05:35:09.431741155Z,book,scaled,348cd506525f,200,8.100619
2026-09-17T05:35:09.491299023Z,book,scaled,a1cb37b7da6b,200,7.795209
2026-09-17T05:35:09.551993235Z,book,scaled,348cd506525f,200,7.987011
2026-09-17T05:35:09.612515084Z,book,scaled,660681595a5e,200,8.954665
2026-09-17T05:35:09.67221374Z,book,scaled,348cd506525f,200,8.163813
2026-09-17T05:35:09.743949143Z,book,scaled,660681595a5e,200,19.989964
2026-09-17T05:35:09.792648912Z,book,scaled,a1cb37b7da6b,200,9.117365
2026-09-17T05:35:09.851194101Z,book,scaled,660681595a5e,200,7.925587
2026-09-17T05:35:09.912544185Z,book,scaled,a1cb37b7da6b,200,8.548028
2026-09-17T05:35:09.972259633Z,book,scaled,348cd506525f,200,8.201955
2026-09-17T05:35:10.033407388Z,book,scaled,a1cb37b7da6b,200,9.583311
2026-09-17T05:35:10.09186552Z,book,scaled,348cd506525f,200,7.906056
2026-09-17T05:35:10.151392451Z,book,scaled,660681595a5e,200,7.887985
2026-09-17T05:35:10.212960564Z,book,scaled,348cd506525f,200,8.790763
2026-09-17T05:35:10.27233853Z,book,scaled,660681595a5e,200,9.109974
2026-09-17T05:35:10.331343532Z,book,scaled,a1cb37b7da6b,200,7.429169
2026-09-17T05:35:10.392765605Z,book,scaled,660681595a5e,200,8.831752
2026-09-17T05:35:10.451541537Z,book,scaled,a1cb37b7da6b,200,8.196615
2026-09-17T05:35:10.512333625Z,book,scaled,348cd506525f,200,8.26952
2026-09-17T05:35:10.572838595Z,book,scaled,a1cb37b7da6b,200,8.788263
2026-09-17T05:35:10.631990006Z,book,scaled,348cd506525f,200,8.50288
2026-09-17T05:35:10.692616123Z,book,scaled,660681595a5e,200,9.094205
2026-09-17T05:35:10.755824019Z,book,scaled,348cd506525f,200,11.597887
2026-09-17T05:35:10.811295179Z,book,scaled,660681595a5e,200,7.832441
2026-09-17T05:35:10.872824406Z,book,scaled,a1cb37b7da6b,200,8.762222
2026-09-17T05:35:10.932137467Z,book,scaled,660681595a5e,200,8.804675
2026-09-17T05:35:10.992403931Z,book,scaled,a1cb37b7da6b,200,8.695467
2026-09-17T05:35:11.051980205Z,book,scaled,348cd506525f,200,7.988088
2026-09-17T05:35:11.111206255Z,book,scaled,a1cb37b7da6b,200,7.612447
2026-09-17T05:35:11.172057057Z,book,scaled,348cd506525f,200,8.808555
2026-09-17T05:35:11.2318386Z,book,scaled,660681595a5e,200,8.093538
2026-09-17T05:35:11.292072481Z,book,scaled,348cd506525f,200,8.43558
2026-09-17T05:35:11.352533037Z,book,scaled,660681595a5e,200,8.641614
2026-09-17T05:35:11.412914978Z,book,scaled,a1cb37b7da6b,200,8.823887
2026-09-17T05:35:11.471557566Z,book,scaled,660681595a5e,200,8.035204
2026-09-17T05:35:11.53259279Z,book,scaled,a1cb37b7da6b,200,8.472803
2026-09-17T05:35:11.5924913Z,book,scaled,348cd506525f,200,8.277931
2026-09-17T05:35:11.65271926Z,book,scaled,a1cb37b7da6b,200,8.73187
2026-09-17T05:35:11.71241303Z,book,scaled,348cd506525f,200,8.839012
2026-09-17T05:35:11.772972167Z,book,scaled,660681595a5e,200,8.935304
2026-09-17T05:35:11.831903386Z,book,scaled,348cd506525f,200,8.075087
2026-09-17T05:35:11.891827783Z,book,scaled,660681595a5e,200,8.316138
2026-09-17T05:35:11.952052879Z,book,scaled,a1cb37b7da6b,200,8.574599
2026-09-17T05:35:12.011798299Z,book,scaled,660681595a5e,200,7.969869
2026-09-17T05:35:12.071543469Z,book,scaled,a1cb37b7da6b,200,8.042985
2026-09-17T05:35:12.132883081Z,book,scaled,348cd506525f,200,8.72658
2026-09-17T05:35:12.192043703Z,book,scaled,a1cb37b7da6b,200,8.284401
2026-09-17T05:35:12.252407713Z,book,scaled,348cd506525f,200,8.74118
2026-09-17T05:35:12.312589211Z,book,scaled,660681595a5e,200,8.525956
2026-09-17T05:35:12.372389735Z,book,scaled,348cd506525f,200,8.172803
2026-09-17T05:35:12.432207474Z,book,scaled,660681595a5e,200,8.008119
2026-09-17T05:35:12.492460591Z,book,scaled,a1cb37b7da6b,200,8.748441
2026-09-17T05:35:12.551827446Z,book,scaled,660681595a5e,200,7.770697
2026-09-17T05:35:12.610623394Z,book,scaled,a1cb37b7da6b,200,7.397273
2026-09-17T05:35:12.672006541Z,book,scaled,348cd506525f,200,7.856458
2026-09-17T05:35:12.732031929Z,book,scaled,a1cb37b7da6b,200,8.492714
2026-09-17T05:35:12.791847613Z,book,scaled,348cd506525f,200,8.254229
2026-09-17T05:35:12.851263199Z,book,scaled,660681595a5e,200,7.807267
2026-09-17T05:35:12.913148502Z,book,scaled,348cd506525f,200,9.334919
2026-09-17T05:35:12.972774036Z,book,scaled,660681595a5e,200,9.028318
2026-09-17T05:35:13.032823867Z,book,scaled,a1cb37b7da6b,200,9.608966
2026-09-17T05:35:13.091517531Z,book,scaled,660681595a5e,200,8.214067
2026-09-17T05:35:13.152270047Z,book,scaled,a1cb37b7da6b,200,8.200136
2026-09-17T05:35:13.212318318Z,book,scaled,348cd506525f,200,8.351875
2026-09-17T05:35:13.271724358Z,book,scaled,a1cb37b7da6b,200,7.835437
2026-09-17T05:35:13.331726766Z,book,scaled,348cd506525f,200,8.500005
2026-09-17T05:35:13.393187157Z,book,scaled,660681595a5e,200,9.924146
2026-09-17T05:35:13.451739527Z,book,scaled,348cd506525f,200,7.8837
2026-09-17T05:35:13.512374067Z,book,scaled,660681595a5e,200,8.16405
2026-09-17T05:35:13.571986074Z,book,scaled,a1cb37b7da6b,200,8.075692
2026-09-17T05:35:13.631585572Z,book,scaled,660681595a5e,200,8.00483
2026-09-17T05:35:13.692204799Z,book,scaled,a1cb37b7da6b,200,8.192871
2026-09-17T05:35:13.780149053Z,book,scaled,348cd506525f,200,36.348361
2026-09-17T05:35:13.811331693Z,book,scaled,a1cb37b7da6b,200,7.894936
2026-09-17T05:35:13.872008024Z,book,scaled,348cd506525f,200,7.976332
2026-09-17T05:35:13.931734044Z,book,scaled,660681595a5e,200,8.145842
2026-09-17T05:35:13.991625305Z,book,scaled,348cd506525f,200,8.304783
2026-09-17T05:35:14.051279121Z,book,scaled,660681595a5e,200,7.973431
2026-09-17T05:35:14.112254461Z,book,scaled,a1cb37b7da6b,200,8.308513
2026-09-17T05:35:14.172076928Z,book,scaled,660681595a5e,200,8.072878
2026-09-17T05:35:14.231748604Z,book,scaled,a1cb37b7da6b,200,8.026914
2026-09-17T05:35:14.290844329Z,book,scaled,348cd506525f,200,7.583866
2026-09-17T05:35:14.351250888Z,book,scaled,a1cb37b7da6b,200,7.730065
2026-09-17T05:35:14.41262409Z,book,scaled,348cd506525f,200,8.678178
2026-09-17T05:35:14.47243468Z,book,scaled,660681595a5e,200,8.232088
2026-09-17T05:35:14.531977694Z,book,scaled,348cd506525f,200,7.971837
2026-09-17T05:35:14.591540478Z,book,scaled,660681595a5e,200,7.815651
2026-09-17T05:35:14.652434823Z,book,scaled,a1cb37b7da6b,200,8.472064
2026-09-17T05:35:14.712797655Z,book,scaled,660681595a5e,200,8.793684
2026-09-17T05:35:14.788263814Z,book,scaled,a1cb37b7da6b,200,24.599907
2026-09-17T05:35:14.832683793Z,book,scaled,348cd506525f,200,8.822246
2026-09-17T05:35:14.892224431Z,book,scaled,a1cb37b7da6b,200,7.968421
2026-09-17T05:35:14.951832274Z,book,scaled,348cd506525f,200,8.087038
2026-09-17T05:35:15.011616288Z,book,scaled,660681595a5e,200,8.136916
2026-09-17T05:35:15.072107147Z,book,scaled,348cd506525f,200,7.988682
2026-09-17T05:35:15.131937184Z,book,scaled,660681595a5e,200,8.238459
2026-09-17T05:35:15.191674835Z,book,scaled,a1cb37b7da6b,200,7.919008
2026-09-17T05:35:15.251588977Z,book,scaled,660681595a5e,200,8.182649
2026-09-17T05:35:15.312131176Z,book,scaled,a1cb37b7da6b,200,8.07959
2026-09-17T05:35:15.371722282Z,book,scaled,348cd506525f,200,8.010204
2026-09-17T05:35:15.433166834Z,book,scaled,a1cb37b7da6b,200,8.88231
2026-09-17T05:35:15.49127252Z,book,scaled,348cd506525f,200,7.573625
2026-09-17T05:35:15.551824313Z,book,scaled,660681595a5e,200,8.059626
2026-09-17T05:35:15.611326649Z,book,scaled,348cd506525f,200,7.986782
2026-09-17T05:35:15.671810028Z,book,scaled,660681595a5e,200,8.072837
2026-09-17T05:35:15.732266761Z,book,scaled,a1cb37b7da6b,200,8.804461
2026-09-17T05:35:15.792541881Z,book,scaled,660681595a5e,200,8.666816
2026-09-17T05:35:15.851946441Z,book,scaled,a1cb37b7da6b,200,7.880346
2026-09-17T05:35:15.912923891Z,book,scaled,348cd506525f,200,9.439075
2026-09-17T05:35:15.971569067Z,book,scaled,a1cb37b7da6b,200,8.079943
2026-09-17T05:35:16.031837272Z,book,scaled,348cd506525f,200,8.354561
2026-09-17T05:35:16.092592738Z,book,scaled,660681595a5e,200,9.100969
2026-09-17T05:35:16.151550244Z,book,scaled,348cd506525f,200,8.006474
2026-09-17T05:35:16.211230626Z,book,scaled,660681595a5e,200,7.973826
2026-09-17T05:35:16.272051792Z,book,scaled,a1cb37b7da6b,200,8.308873
2026-09-17T05:35:16.331836536Z,book,scaled,660681595a5e,200,8.11299
2026-09-17T05:35:16.392660427Z,book,scaled,a1cb37b7da6b,200,9.239352
2026-09-17T05:35:16.451803209Z,book,scaled,348cd506525f,200,8.345485
2026-09-17T05:35:16.512136939Z,book,scaled,a1cb37b7da6b,200,8.798534
2026-09-17T05:35:16.571911222Z,book,scaled,348cd506525f,200,8.053086
2026-09-17T05:35:16.633453859Z,book,scaled,660681595a5e,200,9.809259
2026-09-17T05:35:16.693557953Z,book,scaled,348cd506525f,200,9.550263
2026-09-17T05:35:16.752803753Z,book,scaled,660681595a5e,200,8.670306
2026-09-17T05:35:16.811625835Z,book,scaled,a1cb37b7da6b,200,7.942359
2026-09-17T05:35:16.873513214Z,book,scaled,660681595a5e,200,9.412684
2026-09-17T05:35:16.931797612Z,book,scaled,a1cb37b7da6b,200,7.830237
2026-09-17T05:35:16.991558394Z,book,scaled,348cd506525f,200,8.100899
2026-09-17T05:35:17.051461836Z,book,scaled,a1cb37b7da6b,200,7.435737
2026-09-17T05:35:17.111957335Z,book,scaled,348cd506525f,200,7.846283
2026-09-17T05:35:17.171612796Z,book,scaled,660681595a5e,200,7.938963
2026-09-17T05:35:17.233167394Z,book,scaled,348cd506525f,200,9.001712
2026-09-17T05:35:17.291635833Z,book,scaled,660681595a5e,200,7.777204
2026-09-17T05:35:17.352487501Z,book,scaled,a1cb37b7da6b,200,8.220757
2026-09-17T05:35:17.412831121Z,book,scaled,660681595a5e,200,8.743871
2026-09-17T05:35:17.471365095Z,book,scaled,a1cb37b7da6b,200,7.854574
2026-09-17T05:35:17.533183859Z,book,scaled,348cd506525f,200,9.18569
2026-09-17T05:35:17.592209074Z,book,scaled,a1cb37b7da6b,200,8.095139
2026-09-17T05:35:17.652406605Z,book,scaled,348cd506525f,200,8.592382
2026-09-17T05:35:17.712466156Z,book,scaled,660681595a5e,200,8.529087
2026-09-17T05:35:17.773094731Z,book,scaled,348cd506525f,200,8.936524
2026-09-17T05:35:17.832061141Z,book,scaled,660681595a5e,200,8.282496
2026-09-17T05:35:17.891791417Z,book,scaled,a1cb37b7da6b,200,8.223687
2026-09-17T05:35:17.95125201Z,book,scaled,660681595a5e,200,7.970101
2026-09-17T05:35:18.013217864Z,book,scaled,a1cb37b7da6b,200,9.390323
2026-09-17T05:35:18.072165624Z,book,scaled,348cd506525f,200,8.266695
2026-09-17T05:35:18.132459721Z,book,scaled,a1cb37b7da6b,200,8.705819
2026-09-17T05:35:18.192206293Z,book,scaled,348cd506525f,200,8.081359
2026-09-17T05:35:18.252410694Z,book,scaled,660681595a5e,200,8.656996
2026-09-17T05:35:18.312125595Z,book,scaled,348cd506525f,200,8.11757
2026-09-17T05:35:18.373615688Z,book,scaled,660681595a5e,200,9.934327
2026-09-17T05:35:18.433062546Z,book,scaled,a1cb37b7da6b,200,8.722665
2026-09-17T05:35:18.492249131Z,book,scaled,660681595a5e,200,8.590266
2026-09-17T05:35:18.551983117Z,book,scaled,a1cb37b7da6b,200,8.225468
2026-09-17T05:35:18.613615154Z,book,scaled,348cd506525f,200,9.931986
2026-09-17T05:35:18.672899337Z,book,scaled,a1cb37b7da6b,200,8.695104
2026-09-17T05:35:18.732704697Z,book,scaled,348cd506525f,200,9.188079
2026-09-17T05:35:18.792295238Z,book,scaled,660681595a5e,200,8.969026
2026-09-17T05:35:18.853234926Z,book,scaled,348cd506525f,200,9.282615
2026-09-17T05:35:18.911669839Z,book,scaled,660681595a5e,200,8.827456
2026-09-17T05:35:18.972210351Z,book,scaled,a1cb37b7da6b,200,8.971935
2026-09-17T05:35:19.031662854Z,book,scaled,660681595a5e,200,8.775752
2026-09-17T05:35:19.090780286Z,book,scaled,a1cb37b7da6b,200,8.522976
2026-09-17T05:35:19.151294206Z,book,scaled,348cd506525f,200,8.904372
2026-09-17T05:35:19.210878978Z,book,scaled,a1cb37b7da6b,200,7.921693
2026-09-17T05:35:19.270965146Z,book,scaled,348cd506525f,200,8.355381
2026-09-17T05:35:19.33176853Z,book,scaled,660681595a5e,200,9.092553
2026-09-17T05:35:19.391391019Z,book,scaled,348cd506525f,200,9.072457
2026-09-17T05:35:19.451417453Z,book,scaled,660681595a5e,200,8.231738
2026-09-17T05:35:19.511836748Z,book,scaled,a1cb37b7da6b,200,8.8146
2026-09-17T05:35:19.570868444Z,book,scaled,660681595a5e,200,8.347965
2026-09-17T05:35:19.632115531Z,book,scaled,a1cb37b7da6b,200,9.681461
2026-09-17T05:35:19.690959775Z,book,scaled,348cd506525f,200,8.249224
2026-09-17T05:35:19.750665224Z,book,scaled,a1cb37b7da6b,200,8.080619
2026-09-17T05:35:19.811272961Z,book,scaled,348cd506525f,200,8.037936
2026-09-17T05:35:19.87067522Z,book,scaled,660681595a5e,200,7.807921
2026-09-17T05:35:19.930093561Z,book,scaled,348cd506525f,200,7.809261
2026-09-17T05:35:19.990608502Z,book,scaled,660681595a5e,200,7.64485
2026-09-17T05:35:20.0518575Z,book,scaled,a1cb37b7da6b,200,8.659505
2026-09-17T05:35:20.112179368Z,book,scaled,660681595a5e,200,9.531171
2026-09-17T05:35:20.171447309Z,book,scaled,a1cb37b7da6b,200,8.510087
2026-09-17T05:35:20.231635694Z,book,scaled,348cd506525f,200,8.558714
2026-09-17T05:35:20.291698466Z,book,scaled,a1cb37b7da6b,200,8.437286
2026-09-17T05:35:20.352534783Z,book,scaled,348cd506525f,200,9.247243
2026-09-17T05:35:20.411971789Z,book,scaled,660681595a5e,200,8.930397
2026-09-17T05:35:20.470665878Z,book,scaled,348cd506525f,200,8.197725
2026-09-17T05:35:20.530245619Z,book,scaled,660681595a5e,200,8.032235
2026-09-17T05:35:20.590801733Z,book,scaled,a1cb37b7da6b,200,8.066918
2026-09-17T05:35:20.650505041Z,book,scaled,660681595a5e,200,8.215067
2026-09-17T05:35:20.711338033Z,book,scaled,a1cb37b7da6b,200,8.377097
2026-09-17T05:35:20.77108282Z,book,scaled,348cd506525f,200,8.103126
2026-09-17T05:35:20.830615573Z,book,scaled,a1cb37b7da6b,200,7.925727
2026-09-17T05:35:20.890550506Z,book,scaled,348cd506525f,200,8.245299
2026-09-17T05:35:20.950866646Z,book,scaled,660681595a5e,200,7.697622
2026-09-17T05:35:21.011124021Z,book,scaled,348cd506525f,200,8.667822
2026-09-17T05:35:21.071385827Z,book,scaled,660681595a5e,200,8.704076
2026-09-17T05:35:21.130949312Z,book,scaled,a1cb37b7da6b,200,8.020876
2026-09-17T05:35:21.191325199Z,book,scaled,660681595a5e,200,8.587447
2026-09-17T05:35:21.250959625Z,book,scaled,a1cb37b7da6b,200,7.82471
2026-09-17T05:35:21.310691316Z,book,scaled,348cd506525f,200,8.216305
2026-09-17T05:35:21.371578867Z,book,scaled,a1cb37b7da6b,200,9.372772
2026-09-17T05:35:21.43297178Z,book,scaled,348cd506525f,200,9.822167
2026-09-17T05:35:21.490880104Z,book,scaled,660681595a5e,200,8.388235
2026-09-17T05:35:21.550799599Z,book,scaled,348cd506525f,200,8.352044
2026-09-17T05:35:21.610551041Z,book,scaled,660681595a5e,200,8.089137
2026-09-17T05:35:21.671281947Z,book,scaled,a1cb37b7da6b,200,8.330891
2026-09-17T05:35:21.730780105Z,book,scaled,660681595a5e,200,7.858538
2026-09-17T05:35:21.79058103Z,book,scaled,a1cb37b7da6b,200,8.296468
2026-09-17T05:35:21.851053169Z,book,scaled,348cd506525f,200,7.866491
2026-09-17T05:35:21.911584932Z,book,scaled,a1cb37b7da6b,200,8.964983
2026-09-17T05:35:21.970816532Z,book,scaled,348cd506525f,200,7.641607
2026-09-17T05:35:22.031950858Z,book,scaled,660681595a5e,200,9.552685
2026-09-17T05:35:22.09051804Z,book,scaled,348cd506525f,200,8.063503
2026-09-17T05:35:22.151528904Z,book,scaled,660681595a5e,200,8.403435
2026-09-17T05:35:22.21150058Z,book,scaled,a1cb37b7da6b,200,8.371864
2026-09-17T05:35:22.270885038Z,book,scaled,660681595a5e,200,7.882082
2026-09-17T05:35:22.330488153Z,book,scaled,a1cb37b7da6b,200,7.98656
2026-09-17T05:35:22.392232341Z,book,scaled,348cd506525f,200,9.153464
2026-09-17T05:35:22.450583706Z,book,scaled,a1cb37b7da6b,200,7.500079
2026-09-17T05:35:22.511290169Z,book,scaled,348cd506525f,200,8.313061
2026-09-17T05:35:22.571526892Z,book,scaled,660681595a5e,200,8.544295
2026-09-17T05:35:22.631258694Z,book,scaled,348cd506525f,200,8.157731
2026-09-17T05:35:22.691246422Z,book,scaled,660681595a5e,200,8.432277
2026-09-17T05:35:22.750996435Z,book,scaled,a1cb37b7da6b,200,8.158789
2026-09-17T05:35:22.812175333Z,book,scaled,660681595a5e,200,9.57383
2026-09-17T05:35:22.870501289Z,book,scaled,a1cb37b7da6b,200,7.700915
2026-09-17T05:35:22.930764726Z,book,scaled,348cd506525f,200,7.81134
2026-09-17T05:35:22.992171113Z,book,scaled,a1cb37b7da6b,200,9.702469
2026-09-17T05:35:23.050754793Z,book,scaled,348cd506525f,200,7.868155
2026-09-17T05:35:23.110241367Z,book,scaled,660681595a5e,200,7.97983
