timestamp,endpoint,deployment,instance,status,response_time_ms
2026-09-17T03:39:23.181465788Z,search,full,a42d74844cf7,200,43.662806
2026-09-17T03:39:23.244823562Z,search,full,a42d74844cf7,200,37.390965
2026-09-17T03:39:23.293550592Z,search,full,a42d74844cf7,200,32.049209
2026-09-17T03:39:23.342923944Z,search,full,a42d74844cf7,200,21.908251
2026-09-17T03:39:23.400470741Z,search,full,a42d74844cf7,200,22.098379
2026-09-17T03:39:23.470646195Z,search,full,a42d74844cf7,200,27.096532
2026-09-17T03:39:23.515666405Z,search,full,a42d74844cf7,200,21.44972
2026-09-17T03:39:23.57324919Z,search,full,a42d74844cf7,200,19.159123
2026-09-17T03:39:23.629833555Z,search,full,a42d74844cf7,200,16.134103
2026-09-17T03:39:23.689031429Z,search,full,a42d74844cf7,200,15.577151
2026-09-17T03:39:23.750631432Z,search,full,a42d74844cf7,200,17.297411
2026-09-17T03:39:23.809854463Z,search,full,a42d74844cf7,200,16.936893
2026-09-17T03:39:23.867817222Z,search,full,a42d74844cf7,200,15.306097
2026-09-17T03:39:23.928271052Z,search,full,a42d74844cf7,200,15.689058
2026-09-17T03:39:23.98876985Z,search,full,a42d74844cf7,200,15.073612
2026-09-17T03:39:24.050041619Z,search,full,a42d74844cf7,200,15.89742
2026-09-17T03:39:24.108627318Z,search,full,a42d74844cf7,200,16.073702
2026-09-17T03:39:24.167914393Z,search,full,a42d74844cf7,200,15.216087
2026-09-17T03:39:24.228920359Z,search,full,a42d74844cf7,200,16.149748
2026-09-17T03:39:24.287953717Z,search,full,a42d74844cf7,200,14.856264
2026-09-17T03:39:24.342390373Z,search,full,a42d74844cf7,200,14.917653
2026-09-17T03:39:24.40286825Z,search,full,a42d74844cf7,200,15.528158
2026-09-17T03:39:24.463083365Z,search,full,a42d74844cf7,200,15.380623
2026-09-17T03:39:24.524369088Z,search,full,a42d74844cf7,200,16.300957
2026-09-17T03:39:24.584543951Z,search,full,a42d74844cf7,200,16.752677
2026-09-17T03:39:24.642126345Z,search,full,a42d74844cf7,200,14.906897
2026-09-17T03:39:24.703815555Z,search,full,a42d74844cf7,200,15.72608
2026-09-17T03:39:24.765681332Z,search,full,a42d74844cf7,200,18.085693
2026-09-17T03:39:24.824752608Z,search,full,a42d74844cf7,200,17.27636
2026-09-17T03:39:24.883248122Z,search,full,a42d74844cf7,200,15.864549
2026-09-17T03:39:24.949303345Z,search,full,a42d74844cf7,200,20.549373
2026-09-17T03:39:25.003739606Z,search,full,a42d74844cf7,200,16.672192
2026-09-17T03:39:25.068435171Z,search,full,a42d74844cf7,200,20.911037
2026-09-17T03:39:25.123685613Z,search,full,a42d74844cf7,200,16.709973
2026-09-17T03:39:25.182460975Z,search,full,a42d74844cf7,200,15.360036
2026-09-17T03:39:25.242238702Z,search,full,a42d74844cf7,200,15.265222
2026-09-17T03:39:25.303582656Z,search,full,a42d74844cf7,200,15.596168
2026-09-17T03:39:25.364104374Z,search,full,a42d74844cf7,200,16.5863
2026-09-17T03:39:25.425244935Z,search,full,a42d74844cf7,200,17.531313
2026-09-17T03:39:25.48354931Z,search,full,a42d74844cf7,200,15.972226
2026-09-17T03:39:25.543952437Z,search,full,a42d74844cf7,200,16.730725
2026-09-17T03:39:25.603149135Z,search,full,a42d74844cf7,200,15.422444
2026-09-17T03:39:25.662853767Z,search,full,a42d74844cf7,200,15.843187
2026-09-17T03:39:25.72164158Z,search,full,a42d74844cf7,200,14.142538
2026-09-17T03:39:25.781489881Z,search,full,a42d74844cf7,200,14.42621
2026-09-17T03:39:25.842863792Z,search,full,a42d74844cf7,200,15.420021
2026-09-17T03:39:25.905742794Z,search,full,a42d74844cf7,200,18.020674
2026-09-17T03:39:25.96282324Z,search,full,a42d74844cf7,200,15.26832
2026-09-17T03:39:26.024230812Z,search,full,a42d74844cf7,200,16.604397
2026-09-17T03:39:26.084673572Z,search,full,a42d74844cf7,200,17.064407
2026-09-17T03:39:26.154834326Z,search,full,a42d74844cf7,200,27.420648
2026-09-17T03:39:26.204636391Z,search,full,a42d74844cf7,200,16.81914
2026-09-17T03:39:26.267857801Z,search,full,a42d74844cf7,200,20.117859
2026-09-17T03:39:26.324785038Z,search,full,a42d74844cf7,200,17.139658
2026-09-17T03:39:26.385306472Z,search,full,a42d74844cf7,200,18.107619
2026-09-17T03:39:26.445206212Z,search,full,a42d74844cf7,200,17.28719
2026-09-17T03:39:26.508258602Z,search,full,a42d74844cf7,200,20.370382
2026-09-17T03:39:26.565614082Z,search,full,a42d74844cf7,200,18.262129
2026-09-17T03:39:26.623931648Z,search,full,a42d74844cf7,200,16.56549
2026-09-17T03:39:26.682315565Z,search,full,a42d74844cf7,200,14.873221
2026-09-17T03:39:26.742302509Z,search,full,a42d74844cf7,200,15.291631
2026-09-17T03:39:26.803996595Z,search,full,a42d74844cf7,200,16.985996
2026-09-17T03:39:26.862704442Z,search,full,a42d74844cf7,200,14.970436
2026-09-17T03:39:26.922946034Z,search,full,a42d74844cf7,200,15.616274
2026-09-17T03:39:26.983598321Z,search,full,a42d74844cf7,200,16.26735
2026-09-17T03:39:27.042588802Z,search,full,a42d74844cf7,200,15.052461
2026-09-17T03:39:27.103439779Z,search,full,a42d74844cf7,200,16.105395
2026-09-17T03:39:27.162717433Z,search,full,a42d74844cf7,200,15.351837
2026-09-17T03:39:27.223309782Z,search,full,a42d74844cf7,200,15.720245
2026-09-17T03:39:27.293723228Z,search,full,a42d74844cf7,200,25.877628
2026-09-17T03:39:27.344067773Z,search,full,a42d74844cf7,200,16.762287
2026-09-17T03:39:27.404912938Z,search,full,a42d74844cf7,200,17.296091
2026-09-17T03:39:27.462279639Z,search,full,a42d74844cf7,200,14.722606
2026-09-17T03:39:27.524021662Z,search,full,a42d74844cf7,200,16.010518
2026-09-17T03:39:27.582325573Z,search,full,a42d74844cf7,200,14.910375
2026-09-17T03:39:27.641496892Z,search,full,a42d74844cf7,200,13.501163
2026-09-17T03:39:27.703347181Z,search,full,a42d74844cf7,200,16.169361
2026-09-17T03:39:27.764119033Z,search,full,a42d74844cf7,200,17.042929
2026-09-17T03:39:27.822773609Z,search,full,a42d74844cf7,200,14.803269
2026-09-17T03:39:27.882518322Z,search,full,a42d74844cf7,200,15.29191
2026-09-17T03:39:27.942191878Z,search,full,a42d74844cf7,200,14.978248
2026-09-17T03:39:28.003197001Z,search,full,a42d74844cf7,200,15.33498
2026-09-17T03:39:28.066447789Z,search,full,a42d74844cf7,200,19.454814
2026-09-17T03:39:28.125768896Z,search,full,a42d74844cf7,200,18.735196
2026-09-17T03:39:28.182457057Z,search,full,a42d74844cf7,200,15.29899
2026-09-17T03:39:28.243501995Z,search,full,a42d74844cf7,200,16.248686
2026-09-17T03:39:28.304277384Z,search,full,a42d74844cf7,200,16.932244
2026-09-17T03:39:28.367780814Z,search,full,a42d74844cf7,200,20.805817
2026-09-17T03:39:28.427967729Z,search,full,a42d74844cf7,200,20.092966
2026-09-17T03:39:28.481807856Z,search,full,a42d74844cf7,200,14.341101
2026-09-17T03:39:28.541761418Z,search,full,a42d74844cf7,200,14.268912
2026-09-17T03:39:28.602303355Z,search,full,a42d74844cf7,200,14.747681
2026-09-17T03:39:28.664198945Z,search,full,a42d74844cf7,200,17.099853
2026-09-17T03:39:28.724509897Z,search,full,a42d74844cf7,200,16.446033
2026-09-17T03:39:28.783609267Z,search,full,a42d74844cf7,200,15.780809
2026-09-17T03:39:28.841859656Z,search,full,a42d74844cf7,200,14.420284
2026-09-17T03:39:28.902250181Z,search,full,a42d74844cf7,200,14.435867
2026-09-17T03:39:28.962276524Z,search,full,a42d74844cf7,200,15.342467
2026-09-17T03:39:29.02261245Z,search,full,a42d74844cf7,200,14.540111
2026-09-17T03:39:29.081811503Z,search,full,a42d74844cf7,200,13.816937
2026-09-17T03:39:29.142442782Z,search,full,a42d74844cf7,200,14.908114
2026-09-17T03:39:29.201607781Z,search,full,a42d74844cf7,200,14.31691
2026-09-17T03:39:29.262325453Z,search,full,a42d74844cf7,200,15.038053
2026-09-17T03:39:29.321303175Z,search,full,a42d74844cf7,200,13.388996
2026-09-17T03:39:29.382780435Z,search,full,a42d74844cf7,200,15.048603
2026-09-17T03:39:29.475265263Z,search,full,a42d74844cf7,200,47.590902
2026-09-17T03:39:29.5130339Z,search,full,a42d74844cf7,200,25.350419
2026-09-17T03:39:29.572804376Z,search,full,a42d74844cf7,200,25.080781
2026-09-17T03:39:29.62445605Z,search,full,a42d74844cf7,200,17.300386
2026-09-17T03:39:29.683975909Z,search,full,a42d74844cf7,200,16.146021
2026-09-17T03:39:29.744140241Z,search,full,a42d74844cf7,200,16.316814
2026-09-17T03:39:29.810471842Z,search,full,a42d74844cf7,200,22.614488
2026-09-17T03:39:29.868733797Z,search,full,a42d74844cf7,200,21.540274
2026-09-17T03:39:29.926737961Z,search,full,a42d74844cf7,200,19.375025
2026-09-17T03:39:30.004429062Z,search,full,a42d74844cf7,200,30.624989
2026-09-17T03:39:30.046658983Z,search,full,a42d74844cf7,200,19.440728
2026-09-17T03:39:30.10291602Z,search,full,a42d74844cf7,200,15.635448
2026-09-17T03:39:30.16683918Z,search,full,a42d74844cf7,200,19.072395
2026-09-17T03:39:30.240867513Z,search,full,a42d74844cf7,200,33.238117
2026-09-17T03:39:30.285233439Z,search,full,a42d74844cf7,200,18.041362
2026-09-17T03:39:30.35035613Z,search,full,a42d74844cf7,200,22.886525
2026-09-17T03:39:30.402570555Z,search,full,a42d74844cf7,200,15.542878
2026-09-17T03:39:30.464756118Z,search,full,a42d74844cf7,200,17.483123
2026-09-17T03:39:30.524525344Z,search,full,a42d74844cf7,200,17.116676
2026-09-17T03:39:30.584155609Z,search,full,a42d74844cf7,200,16.317111
2026-09-17T03:39:30.643258209Z,search,full,a42d74844cf7,200,16.265304
2026-09-17T03:39:30.70236685Z,search,full,a42d74844cf7,200,14.452073
2026-09-17T03:39:30.761211693Z,search,full,a42d74844cf7,200,14.096308
2026-09-17T03:39:30.822768155Z,search,full,a42d74844cf7,200,14.914945
2026-09-17T03:39:30.881963699Z,search,full,a42d74844cf7,200,14.892212
2026-09-17T03:39:30.942367856Z,search,full,a42d74844cf7,200,14.759823
2026-09-17T03:39:31.00318654Z,search,full,a42d74844cf7,200,16.109684
2026-09-17T03:39:31.070135948Z,search,full,a42d74844cf7,200,21.40498
2026-09-17T03:39:31.126026535Z,search,full,a42d74844cf7,200,18.953224
2026-09-17T03:39:31.185698323Z,search,full,a42d74844cf7,200,18.223545
2026-09-17T03:39:31.244926363Z,search,full,a42d74844cf7,200,17.360268
2026-09-17T03:39:31.306892183Z,search,full,a42d74844cf7,200,19.213099
2026-09-17T03:39:31.364008235Z,search,full,a42d74844cf7,200,16.264373
2026-09-17T03:39:31.426722367Z,search,full,a42d74844cf7,200,19.026593
2026-09-17T03:39:31.482903529Z,search,full,a42d74844cf7,200,15.720141
2026-09-17T03:39:31.559028035Z,search,full,a42d74844cf7,200,31.326154
2026-09-17T03:39:31.607225885Z,search,full,a42d74844cf7,200,19.240894
2026-09-17T03:39:31.663250775Z,search,full,a42d74844cf7,200,15.250472
2026-09-17T03:39:31.723451032Z,search,full,a42d74844cf7,200,15.527923
2026-09-17T03:39:31.782546891Z,search,full,a42d74844cf7,200,14.610561
2026-09-17T03:39:31.842455267Z,search,full,a42d74844cf7,200,15.135207
2026-09-17T03:39:31.902940344Z,search,full,a42d74844cf7,200,15.628377
2026-09-17T03:39:31.963189078Z,search,full,a42d74844cf7,200,15.407185
2026-09-17T03:39:32.022917768Z,search,full,a42d74844cf7,200,15.072322
2026-09-17T03:39:32.081337891Z,search,full,a42d74844cf7,200,13.632363
2026-09-17T03:39:32.141522666Z,search,full,a42d74844cf7,200,14.604751
2026-09-17T03:39:32.202257286Z,search,full,a42d74844cf7,200,14.868825
2026-09-17T03:39:32.262174675Z,search,full,a42d74844cf7,200,15.255823
2026-09-17T03:39:32.323371096Z,search,full,a42d74844cf7,200,15.629236
2026-09-17T03:39:32.384309479Z,search,full,a42d74844cf7,200,16.602266
2026-09-17T03:39:32.443065335Z,search,full,a42d74844cf7,200,15.071073
2026-09-17T03:39:32.502513019Z,search,full,a42d74844cf7,200,14.781816
2026-09-17T03:39:32.563517406Z,search,full,a42d74844cf7,200,16.24699
2026-09-17T03:39:32.623035421Z,search,full,a42d74844cf7,200,15.68286
2026-09-17T03:39:32.68205781Z,search,full,a42d74844cf7,200,14.324901
2026-09-17T03:39:32.743692553Z,search,full,a42d74844cf7,200,16.722973
2026-09-17T03:39:32.802271949Z,search,full,a42d74844cf7,200,14.796704
2026-09-17T03:39:32.862572406Z,search,full,a42d74844cf7,200,15.446297
2026-09-17T03:39:32.922329853Z,search,full,a42d74844cf7,200,15.000866
2026-09-17T03:39:32.982629234Z,search,full,a42d74844cf7,200,14.970489
2026-09-17T03:39:33.042059995Z,search,full,a42d74844cf7,200,14.57476
2026-09-17T03:39:33.10691921Z,search,full,a42d74844cf7,200,19.397386
2026-09-17T03:39:33.162031963Z,search,full,a42d74844cf7,200,14.38013
2026-09-17T03:39:33.222781176Z,search,full,a42d74844cf7,200,15.133746
2026-09-17T03:39:33.285117206Z,search,full,a42d74844cf7,200,17.10433
2026-09-17T03:39:33.344120193Z,search,full,a42d74844cf7,200,16.286873
2026-09-17T03:39:33.402864994Z,search,full,a42d74844cf7,200,14.875224
2026-09-17T03:39:33.462265366Z,search,full,a42d74844cf7,200,14.569499
2026-09-17T03:39:33.521907232Z,search,full,a42d74844cf7,200,14.0499
2026-09-17T03:39:33.582920597Z,search,full,a42d74844cf7,200,15.461772
2026-09-17T03:39:33.641728256Z,search,full,a42d74844cf7,200,14.092809
2026-09-17T03:39:33.701771868Z,search,full,a42d74844cf7,200,14.34864
2026-09-17T03:39:33.761992612Z,search,full,a42d74844cf7,200,14.628148
2026-09-17T03:39:33.822523909Z,search,full,a42d74844cf7,200,14.785856
2026-09-17T03:39:33.882993243Z,search,full,a42d74844cf7,200,15.807607
2026-09-17T03:39:33.942562879Z,search,full,a42d74844cf7,200,14.830383
2026-09-17T03:39:34.001105379Z,search,full,a42d74844cf7,200,13.851833
2026-09-17T03:39:34.062567346Z,search,full,a42d74844cf7,200,14.920091
2026-09-17T03:39:34.122514519Z,search,full,a42d74844cf7,200,15.356938
2026-09-17T03:39:34.183444178Z,search,full,a42d74844cf7,200,15.567589
2026-09-17T03:39:34.241938033Z,search,full,a42d74844cf7,200,14.826213
2026-09-17T03:39:34.303282192Z,search,full,a42d74844cf7,200,15.736323
2026-09-17T03:39:34.361244328Z,search,full,a42d74844cf7,200,14.355078
2026-09-17T03:39:34.422276182Z,search,full,a42d74844cf7,200,14.37156
2026-09-17T03:39:34.485373371Z,search,full,a42d74844cf7,200,17.590091
2026-09-17T03:39:34.544967538Z,search,full,a42d74844cf7,200,17.898042
2026-09-17T03:39:34.603734553Z,search,full,a42d74844cf7,200,16.132692
2026-09-17T03:39:34.661119588Z,search,full,a42d74844cf7,200,13.668549
2026-09-17T03:39:34.723061818Z,search,full,a42d74844cf7,200,15.244031
2026-09-17T03:39:34.781745315Z,search,full,a42d74844cf7,200,14.34689
2026-09-17T03:39:34.842012162Z,search,full,a42d74844cf7,200,14.490459
2026-09-17T03:39:34.90225772Z,search,full,a42d74844cf7,200,14.717731
2026-09-17T03:39:34.963076738Z,search,full,a42d74844cf7,200,15.918475
2026-09-17T03:39:35.022626124Z,search,full,a42d74844cf7,200,14.943805
2026-09-17T03:39:35.082965057Z,search,full,a42d74844cf7,200,14.971675
2026-09-17T03:39:35.148376807Z,search,full,a42d74844cf7,200,21.345803
2026-09-17T03:39:35.203131132Z,search,full,a42d74844cf7,200,15.856741
2026-09-17T03:39:35.263195539Z,search,full,a42d74844cf7,200,15.174099
2026-09-17T03:39:35.322857668Z,search,full,a42d74844cf7,200,15.078404
2026-09-17T03:39:35.382075967Z,search,full,a42d74844cf7,200,14.832424
2026-09-17T03:39:35.444298181Z,search,full,a42d74844cf7,200,16.095318
2026-09-17T03:39:35.503336328Z,search,full,a42d74844cf7,200,15.901364
2026-09-17T03:39:35.561329716Z,search,full,a42d74844cf7,200,14.162484
2026-09-17T03:39:35.62233333Z,search,full,a42d74844cf7,200,15.134348
2026-09-17T03:39:35.686936944Z,search,full,a42d74844cf7,200,19.250745
2026-09-17T03:39:35.744066469Z,search,full,a42d74844cf7,200,16.409917
2026-09-17T03:39:35.802732018Z,search,full,a42d74844cf7,200,15.027425
2026-09-17T03:39:35.863370242Z,search,full,a42d74844cf7,200,15.857092
2026-09-17T03:39:35.922093476Z,search,full,a42d74844cf7,200,14.846257
2026-09-17T03:39:35.982227091Z,search,full,a42d74844cf7,200,14.350027
2026-09-17T03:39:36.04361797Z,search,full,a42d74844cf7,200,16.706072
2026-09-17T03:39:36.102335154Z,search,full,a42d74844cf7,200,14.963769
2026-09-17T03:39:36.164472077Z,search,full,a42d74844cf7,200,16.945445
2026-09-17T03:39:36.222011519Z,search,full,a42d74844cf7,200,14.681665
2026-09-17T03:39:36.281706015Z,search,full,a42d74844cf7,200,14.206603
2026-09-17T03:39:36.342567552Z,search,full,a42d74844cf7,200,14.953007
2026-09-17T03:39:36.401851181Z,search,full,a42d74844cf7,200,14.623794
2026-09-17T03:39:36.461840438Z,search,full,a42d74844cf7,200,14.242472
2026-09-17T03:39:36.523397738Z,search,full,a42d74844cf7,200,15.651147
2026-09-17T03:39:36.581912514Z,search,full,a42d74844cf7,200,14.091763
2026-09-17T03:39:36.642242168Z,search,full,a42d74844cf7,200,13.95821
2026-09-17T03:39:36.702129526Z,search,full,a42d74844cf7,200,15.261971
2026-09-17T03:39:36.762839272Z,search,full,a42d74844cf7,200,15.078522
2026-09-17T03:39:36.823354954Z,search,full,a42d74844cf7,200,15.701324
2026-09-17T03:39:36.883230593Z,search,full,a42d74844cf7,200,15.324326
2026-09-17T03:39:36.945175387Z,search,full,a42d74844cf7,200,17.271714
2026-09-17T03:39:37.003404952Z,search,full,a42d74844cf7,200,16.459039
2026-09-17T03:39:37.063101713Z,search,full,a42d74844cf7,200,15.955428
2026-09-17T03:39:37.123179642Z,search,full,a42d74844cf7,200,15.422356
2026-09-17T03:39:37.185097395Z,search,full,a42d74844cf7,200,17.458999
2026-09-17T03:39:37.243141362Z,search,full,a42d74844cf7,200,15.489512
2026-09-17T03:39:37.301909702Z,search,full,a42d74844cf7,200,14.760921
2026-09-17T03:39:37.362936466Z,search,full,a42d74844cf7,200,15.277591
2026-09-17T03:39:37.422215295Z,search,full,a42d74844cf7,200,14.631397
2026-09-17T03:39:37.481435145Z,search,full,a42d74844cf7,200,13.581669
2026-09-17T03:39:37.54234015Z,search,full,a42d74844cf7,200,15.363089
2026-09-17T03:39:37.600854063Z,search,full,a42d74844cf7,200,13.931137
2026-09-17T03:39:37.661724431Z,search,full,a42d74844cf7,200,14.06435
2026-09-17T03:39:37.721286449Z,search,full,a42d74844cf7,200,13.86411
2026-09-17T03:39:37.783618607Z,search,full,a42d74844cf7,200,15.899628
2026-09-17T03:39:37.84339656Z,search,full,a42d74844cf7,200,16.0681
2026-09-17T03:39:37.910291908Z,search,full,a42d74844cf7,200,22.256674
2026-09-17T03:39:37.963424515Z,search,full,a42d74844cf7,200,16.106412
2026-09-17T03:39:38.02386226Z,search,full,a42d74844cf7,200,16.69308
2026-09-17T03:39:38.085503424Z,search,full,a42d74844cf7,200,17.742954
2026-09-17T03:39:38.144226728Z,search,full,a42d74844cf7,200,16.955916
2026-09-17T03:39:38.201351434Z,search,full,a42d74844cf7,200,14.375885
2026-09-17T03:39:38.262402569Z,search,full,a42d74844cf7,200,15.479279
2026-09-17T03:39:38.331660462Z,search,full,a42d74844cf7,200,23.944132
2026-09-17T03:39:38.388576037Z,search,full,a42d74844cf7,200,21.635013
2026-09-17T03:39:38.448546305Z,search,full,a42d74844cf7,200,21.186068
2026-09-17T03:39:38.502703978Z,search,full,a42d74844cf7,200,15.52612
2026-09-17T03:39:38.563213244Z,search,full,a42d74844cf7,200,15.691736
2026-09-17T03:39:38.624702383Z,search,full,a42d74844cf7,200,16.823423
2026-09-17T03:39:38.68113428Z,search,full,a42d74844cf7,200,14.229455
2026-09-17T03:39:38.741762663Z,search,full,a42d74844cf7,200,13.907884
2026-09-17T03:39:38.803467585Z,search,full,a42d74844cf7,200,16.068979
2026-09-17T03:39:38.861822932Z,search,full,a42d74844cf7,200,14.618954
2026-09-17T03:39:38.924829913Z,search,full,a42d74844cf7,200,17.010688
2026-09-17T03:39:38.982225844Z,search,full,a42d74844cf7,200,15.062318
2026-09-17T03:39:39.042573662Z,search,full,a42d74844cf7,200,15.620266
2026-09-17T03:39:39.101885204Z,search,full,a42d74844cf7,200,14.643438
2026-09-17T03:39:39.16153381Z,search,full,a42d74844cf7,200,13.873541
2026-09-17T03:39:39.221989747Z,search,full,a42d74844cf7,200,14.86149
2026-09-17T03:39:39.282187594Z,search,full,a42d74844cf7,200,14.597769
2026-09-17T03:39:39.343177067Z,search,full,a42d74844cf7,200,15.249908
2026-09-17T03:39:39.4035988Z,search,full,a42d74844cf7,200,15.721045
2026-09-17T03:39:39.462834625Z,search,full,a42d74844cf7,200,15.497283
2026-09-17T03:39:39.52236994Z,search,full,a42d74844cf7,200,14.834517
2026-09-17T03:39:39.585739266Z,search,full,a42d74844cf7,200,17.844867
2026-09-17T03:39:39.643017857Z,search,full,a42d74844cf7,200,15.774874
2026-09-17T03:39:39.70203711Z,search,full,a42d74844cf7,200,14.426327
2026-09-17T03:39:39.765516658Z,search,full,a42d74844cf7,200,17.610849
2026-09-17T03:39:39.823714439Z,search,full,a42d74844cf7,200,16.616475
2026-09-17T03:39:39.883848079Z,search,full,a42d74844cf7,200,16.800917
2026-09-17T03:39:39.942198282Z,search,full,a42d74844cf7,200,14.754249
2026-09-17T03:39:40.003262529Z,search,full,a42d74844cf7,200,16.081206
2026-09-17T03:39:40.063241548Z,search,full,a42d74844cf7,200,15.303123
2026-09-17T03:39:40.12178799Z,search,full,a42d74844cf7,200,13.881416
2026-09-17T03:39:40.183688095Z,search,full,a42d74844cf7,200,16.458409
2026-09-17T03:39:40.243157279Z,search,full,a42d74844cf7,200,15.478587
2026-09-17T03:39:40.303626331Z,search,full,a42d74844cf7,200,15.374559
2026-09-17T03:39:40.364487028Z,search,full,a42d74844cf7,200,16.674948
2026-09-17T03:39:40.423439155Z,search,full,a42d74844cf7,200,16.209712
2026-09-17T03:39:40.483749928Z,search,full,a42d74844cf7,200,15.693621
2026-09-17T03:39:40.543894733Z,search,full,a42d74844cf7,200,16.361757
2026-09-17T03:39:40.602474133Z,search,full,a42d74844cf7,200,14.801262
2026-09-17T03:39:40.665337419Z,search,full,a42d74844cf7,200,17.902066
2026-09-17T03:39:40.72563867Z,search,full,a42d74844cf7,200,18.389229
2026-09-17T03:39:40.783857604Z,search,full,a42d74844cf7,200,16.815942
2026-09-17T03:39:40.845185368Z,search,full,a42d74844cf7,200,16.962698
2026-09-17T03:39:40.90363809Z,search,full,a42d74844cf7,200,16.376039
2026-09-17T03:39:40.963499932Z,search,full,a42d74844cf7,200,16.074934
2026-09-17T03:39:41.02226364Z,search,full,a42d74844cf7,200,14.926545
2026-09-17T03:39:41.086605035Z,search,full,a42d74844cf7,200,18.875595
2026-09-17T03:39:41.142757177Z,search,full,a42d74844cf7,200,15.471154
2026-09-17T03:39:41.210136188Z,search,full,a42d74844cf7,200,22.273672
2026-09-17T03:39:41.264277006Z,search,full,a42d74844cf7,200,16.555572
2026-09-17T03:39:41.320144561Z,search,full,a42d74844cf7,200,13.267906
2026-09-17T03:39:41.382850096Z,search,full,a42d74844cf7,200,15.136169
2026-09-17T03:39:41.441506574Z,search,full,a42d74844cf7,200,13.766881
2026-09-17T03:39:41.503336858Z,search,full,a42d74844cf7,200,16.105383
2026-09-17T03:39:41.561518818Z,search,full,a42d74844cf7,200,14.369161
2026-09-17T03:39:41.633686189Z,search,full,a42d74844cf7,200,23.095379
2026-09-17T03:39:41.684661913Z,search,full,a42d74844cf7,200,16.953748
2026-09-17T03:39:41.742971186Z,search,full,a42d74844cf7,200,15.633087
2026-09-17T03:39:41.802829583Z,search,full,a42d74844cf7,200,15.169161
2026-09-17T03:39:41.862909932Z,search,full,a42d74844cf7,200,15.16472
2026-09-17T03:39:41.926227773Z,search,full,a42d74844cf7,200,18.599717
2026-09-17T03:39:41.982683852Z,search,full,a42d74844cf7,200,15.117125
2026-09-17T03:39:42.04325575Z,search,full,a42d74844cf7,200,15.889646
2026-09-17T03:39:42.103930898Z,search,full,a42d74844cf7,200,15.892053
2026-09-17T03:39:42.163451852Z,search,full,a42d74844cf7,200,15.750258
2026-09-17T03:39:42.223495927Z,search,full,a42d74844cf7,200,16.422445
2026-09-17T03:39:42.282039673Z,search,full,a42d74844cf7,200,14.15404
2026-09-17T03:39:42.341255536Z,search,full,a42d74844cf7,200,13.491454
2026-09-17T03:39:42.401652227Z,search,full,a42d74844cf7,200,14.413825
2026-09-17T03:39:42.461763719Z,search,full,a42d74844cf7,200,14.407625
2026-09-17T03:39:42.523014145Z,search,full,a42d74844cf7,200,15.610214
2026-09-17T03:39:42.583260121Z,search,full,a42d74844cf7,200,15.831196
2026-09-17T03:39:42.641121069Z,search,full,a42d74844cf7,200,14.157569
2026-09-17T03:39:42.701396097Z,search,full,a42d74844cf7,200,14.426346
2026-09-17T03:39:42.762076136Z,search,full,a42d74844cf7,200,14.772159
2026-09-17T03:39:42.82592549Z,search,full,a42d74844cf7,200,18.186189
2026-09-17T03:39:42.883452636Z,search,full,a42d74844cf7,200,16.227264
2026-09-17T03:39:42.941973535Z,search,full,a42d74844cf7,200,14.857413
2026-09-17T03:39:43.003660449Z,search,full,a42d74844cf7,200,16.122924
2026-09-17T03:39:43.061898626Z,search,full,a42d74844cf7,200,14.28545
2026-09-17T03:39:43.122882581Z,search,full,a42d74844cf7,200,15.383836
2026-09-17T03:39:43.182337282Z,search,full,a42d74844cf7,200,15.115633
2026-09-17T03:39:43.240856896Z,search,full,a42d74844cf7,200,13.968389
2026-09-17T03:39:43.306331372Z,search,full,a42d74844cf7,200,18.704031
2026-09-17T03:39:43.361575469Z,search,full,a42d74844cf7,200,14.551337
2026-09-17T03:39:43.423770169Z,search,full,a42d74844cf7,200,16.501111
2026-09-17T03:39:43.482472951Z,search,full,a42d74844cf7,200,15.276169
2026-09-17T03:39:43.545136379Z,search,full,a42d74844cf7,200,18.000372
2026-09-17T03:39:43.602454602Z,search,full,a42d74844cf7,200,14.594262
2026-09-17T03:39:43.662846897Z,search,full,a42d74844cf7,200,15.668347
2026-09-17T03:39:43.727950291Z,search,full,a42d74844cf7,200,19.509838
2026-09-17T03:39:43.783096455Z,search,full,a42d74844cf7,200,15.510358
2026-09-17T03:39:43.844193509Z,search,full,a42d74844cf7,200,16.395787
2026-09-17T03:39:43.90200092Z,search,full,a42d74844cf7,200,14.09928
2026-09-17T03:39:43.961476789Z,search,full,a42d74844cf7,200,13.735357
2026-09-17T03:39:44.022546361Z,search,full,a42d74844cf7,200,15.465281
2026-09-17T03:39:44.081957361Z,search,full,a42d74844cf7,200,15.063047
2026-09-17T03:39:44.142902362Z,search,full,a42d74844cf7,200,15.278276
2026-09-17T03:39:44.202142831Z,search,full,a42d74844cf7,200,14.625175
2026-09-17T03:39:44.262729401Z,search,full,a42d74844cf7,200,14.638961
2026-09-17T03:39:44.322187549Z,search,full,a42d74844cf7,200,14.786238
2026-09-17T03:39:44.385013727Z,search,full,a42d74844cf7,200,17.551929
2026-09-17T03:39:44.441470653Z,search,full,a42d74844cf7,200,14.497482
2026-09-17T03:39:44.502041987Z,search,full,a42d74844cf7,200,14.754451
2026-09-17T03:39:44.562356895Z,search,full,a42d74844cf7,200,14.497586
2026-09-17T03:39:44.625124897Z,search,full,a42d74844cf7,200,17.161411
2026-09-17T03:39:44.683320517Z,search,full,a42d74844cf7,200,15.781944
2026-09-17T03:39:44.74058574Z,search,full,a42d74844cf7,200,13.694668
2026-09-17T03:39:44.802293832Z,search,full,a42d74844cf7,200,14.822407
2026-09-17T03:39:44.862736522Z,search,full,a42d74844cf7,200,14.749348
2026-09-17T03:39:44.923514485Z,search,full,a42d74844cf7,200,15.976296
2026-09-17T03:39:44.984257072Z,search,full,a42d74844cf7,200,16.335964
2026-09-17T03:39:45.040457717Z,search,full,a42d74844cf7,200,13.377429
2026-09-17T03:39:45.101102916Z,search,full,a42d74844cf7,200,14.1056
2026-09-17T03:39:45.16154331Z,search,full,a42d74844cf7,200,14.317396
2026-09-17T03:39:45.221607094Z,search,full,a42d74844cf7,200,14.420605
2026-09-17T03:39:45.283219048Z,search,full,a42d74844cf7,200,16.310812
2026-09-17T03:39:45.350764861Z,search,full,a42d74844cf7,200,22.460702
2026-09-17T03:39:45.404347654Z,search,full,a42d74844cf7,200,17.244064
2026-09-17T03:39:45.461417147Z,search,full,a42d74844cf7,200,14.229361
2026-09-17T03:39:45.530535751Z,search,full,a42d74844cf7,200,23.230716
2026-09-17T03:39:45.583510296Z,search,full,a42d74844cf7,200,15.66513
2026-09-17T03:39:45.642245928Z,search,full,a42d74844cf7,200,15.051203
2026-09-17T03:39:45.702964103Z,search,full,a42d74844cf7,200,14.919933
2026-09-17T03:39:45.762962773Z,search,full,a42d74844cf7,200,15.330526
2026-09-17T03:39:45.822764957Z,search,full,a42d74844cf7,200,15.203346
2026-09-17T03:39:45.882889401Z,search,full,a42d74844cf7,200,15.649526
2026-09-17T03:39:45.942052216Z,search,full,a42d74844cf7,200,14.553905
2026-09-17T03:39:46.002669116Z,search,full,a42d74844cf7,200,15.423612
2026-09-17T03:39:46.062697613Z,search,full,a42d74844cf7,200,15.375262
2026-09-17T03:39:46.121764786Z,search,full,a42d74844cf7,200,14.337018
2026-09-17T03:39:46.182281275Z,search,full,a42d74844cf7,200,15.344237
2026-09-17T03:39:46.2468828Z,search,full,a42d74844cf7,200,18.936645
2026-09-17T03:39:46.301914296Z,search,full,a42d74844cf7,200,14.968029
2026-09-17T03:39:46.364036504Z,search,full,a42d74844cf7,200,16.136263
2026-09-17T03:39:46.423439331Z,search,full,a42d74844cf7,200,15.843035
2026-09-17T03:39:46.48382332Z,search,full,a42d74844cf7,200,15.938102
2026-09-17T03:39:46.543330052Z,search,full,a42d74844cf7,200,15.805441
2026-09-17T03:39:46.602227966Z,search,full,a42d74844cf7,200,15.239517
2026-09-17T03:39:46.667256174Z,search,full,a42d74844cf7,200,19.985935
2026-09-17T03:39:46.724892041Z,search,full,a42d74844cf7,200,17.693553
2026-09-17T03:39:46.782012758Z,search,full,a42d74844cf7,200,14.785188
2026-09-17T03:39:46.841869246Z,search,full,a42d74844cf7,200,14.252223
2026-09-17T03:39:46.902545006Z,search,full,a42d74844cf7,200,14.913562
2026-09-17T03:39:46.960997766Z,search,full,a42d74844cf7,200,13.576619
2026-09-17T03:39:47.023157603Z,search,full,a42d74844cf7,200,15.553021
2026-09-17T03:39:47.083226278Z,search,full,a42d74844cf7,200,15.670744
2026-09-17T03:39:47.144510636Z,search,full,a42d74844cf7,200,17.279841
2026-09-17T03:39:47.202895557Z,search,full,a42d74844cf7,200,15.631406
2026-09-17T03:39:47.262549114Z,search,full,a42d74844cf7,200,14.753646
2026-09-17T03:39:47.321246393Z,search,full,a42d74844cf7,200,14.02747
2026-09-17T03:39:47.382969544Z,search,full,a42d74844cf7,200,15.380508
2026-09-17T03:39:47.442827212Z,search,full,a42d74844cf7,200,15.217395
2026-09-17T03:39:47.502815791Z,search,full,a42d74844cf7,200,15.432092
2026-09-17T03:39:47.562146479Z,search,full,a42d74844cf7,200,14.524408
2026-09-17T03:39:47.622218244Z,search,full,a42d74844cf7,200,15.278472
2026-09-17T03:39:47.683352741Z,search,full,a42d74844cf7,200,15.761265
2026-09-17T03:39:47.741681352Z,search,full,a42d74844cf7,200,14.678076
2026-09-17T03:39:47.800862997Z,search,full,a42d74844cf7,200,13.423062
2026-09-17T03:39:47.863403752Z,search,full,a42d74844cf7,200,15.66001
2026-09-17T03:39:47.920959148Z,search,full,a42d74844cf7,200,14.018498
2026-09-17T03:39:47.982013474Z,search,full,a42d74844cf7,200,14.570485
2026-09-17T03:39:48.04404274Z,search,full,a42d74844cf7,200,16.251787
2026-09-17T03:39:48.103311283Z,search,full,a42d74844cf7,200,15.668057
2026-09-17T03:39:48.163589624Z,search,full,a42d74844cf7,200,16.407739
2026-09-17T03:39:48.221982089Z,search,full,a42d74844cf7,200,14.667345
2026-09-17T03:39:48.283180571Z,search,full,a42d74844cf7,200,15.747581
2026-09-17T03:39:48.345334696Z,search,full,a42d74844cf7,200,18.112804
2026-09-17T03:39:48.410266687Z,search,full,a42d74844cf7,200,23.273748
2026-09-17T03:39:48.463562058Z,search,full,a42d74844cf7,200,15.626407
2026-09-17T03:39:48.522742354Z,search,full,a42d74844cf7,200,15.220437
2026-09-17T03:39:48.581304449Z,search,full,a42d74844cf7,200,14.181903
2026-09-17T03:39:48.642555539Z,search,full,a42d74844cf7,200,14.690657
2026-09-17T03:39:48.700485165Z,search,full,a42d74844cf7,200,14.590457
2026-09-17T03:39:48.7615953Z,search,full,a42d74844cf7,200,15.199545
2026-09-17T03:39:48.823213925Z,search,full,a42d74844cf7,200,17.392079
2026-09-17T03:39:48.880193981Z,search,full,a42d74844cf7,200,14.300146
2026-09-17T03:39:48.940222133Z,search,full,a42d74844cf7,200,14.352691
2026-09-17T03:39:49.002005246Z,search,full,a42d74844cf7,200,16.705638
2026-09-17T03:39:49.062814422Z,search,full,a42d74844cf7,200,16.857275
2026-09-17T03:39:49.12125243Z,search,full,a42d74844cf7,200,15.711854
2026-09-17T03:39:49.179464031Z,search,full,a42d74844cf7,200,13.652854
2026-09-17T03:39:49.242096654Z,search,full,a42d74844cf7,200,15.92357
2026-09-17T03:39:49.300521407Z,search,full,a42d74844cf7,200,14.608954
2026-09-17T03:39:49.360069966Z,search,full,a42d74844cf7,200,14.907094
2026-09-17T03:39:49.424432443Z,search,full,a42d74844cf7,200,18.22333
2026-09-17T03:39:49.480833244Z,search,full,a42d74844cf7,200,15.310765
2026-09-17T03:39:49.540277261Z,search,full,a42d74844cf7,200,14.721449
2026-09-17T03:39:49.601164558Z,search,full,a42d74844cf7,200,15.028321
2026-09-17T03:39:49.661327039Z,search,full,a42d74844cf7,200,15.362627
2026-09-17T03:39:49.720766396Z,search,full,a42d74844cf7,200,14.726208
2026-09-17T03:39:49.779832433Z,search,full,a42d74844cf7,200,13.96899
2026-09-17T03:39:49.839879036Z,search,full,a42d74844cf7,200,14.407365
2026-09-17T03:39:49.903724303Z,search,full,a42d74844cf7,200,18.025625
2026-09-17T03:39:49.961470398Z,search,full,a42d74844cf7,200,15.926362
2026-09-17T03:39:50.0202128Z,search,full,a42d74844cf7,200,15.109999
2026-09-17T03:39:50.080860349Z,search,full,a42d74844cf7,200,15.076115
2026-09-17T03:39:50.140835686Z,search,full,a42d74844cf7,200,15.138909
2026-09-17T03:39:50.200327576Z,search,full,a42d74844cf7,200,14.879735
2026-09-17T03:39:50.260865283Z,search,full,a42d74844cf7,200,14.80116
2026-09-17T03:39:50.321695931Z,search,full,a42d74844cf7,200,16.120637
2026-09-17T03:39:50.380298713Z,search,full,a42d74844cf7,200,14.222981
2026-09-17T03:39:50.440630648Z,search,full,a42d74844cf7,200,14.743122
2026-09-17T03:39:50.500146128Z,search,full,a42d74844cf7,200,14.716327
2026-09-17T03:39:50.56095431Z,search,full,a42d74844cf7,200,15.103627
2026-09-17T03:39:50.62070206Z,search,full,a42d74844cf7,200,15.059659
2026-09-17T03:39:50.679917009Z,search,full,a42d74844cf7,200,13.71343
2026-09-17T03:39:50.741109261Z,search,full,a42d74844cf7,200,15.421823
2026-09-17T03:39:50.800803557Z,search,full,a42d74844cf7,200,14.873411
2026-09-17T03:39:50.861945435Z,search,full,a42d74844cf7,200,16.513918
2026-09-17T03:39:50.920496202Z,search,full,a42d74844cf7,200,14.886276
2026-09-17T03:39:50.980789803Z,search,full,a42d74844cf7,200,14.933524
2026-09-17T03:39:51.038935529Z,search,full,a42d74844cf7,200,13.46316
2026-09-17T03:39:51.099245813Z,search,full,a42d74844cf7,200,13.616217
2026-09-17T03:39:51.161593573Z,search,full,a42d74844cf7,200,15.612121
2026-09-17T03:39:51.220746067Z,search,full,a42d74844cf7,200,15.19257
2026-09-17T03:39:51.281940824Z,search,full,a42d74844cf7,200,15.751413
2026-09-17T03:39:51.340499213Z,search,full,a42d74844cf7,200,14.760377
2026-09-17T03:39:51.399161989Z,search,full,a42d74844cf7,200,14.091719
2026-09-17T03:39:51.461810327Z,search,full,a42d74844cf7,200,15.914811
2026-09-17T03:39:51.518399297Z,search,full,a42d74844cf7,200,12.891341
2026-09-17T03:39:51.57953906Z,search,full,a42d74844cf7,200,13.579349
2026-09-17T03:39:51.64012941Z,search,full,a42d74844cf7,200,14.034699
2026-09-17T03:39:51.702490168Z,search,full,a42d74844cf7,200,16.593618
2026-09-17T03:39:51.767033683Z,search,full,a42d74844cf7,200,20.928771
2026-09-17T03:39:51.821297681Z,search,full,a42d74844cf7,200,15.403275
2026-09-17T03:39:51.880796323Z,search,full,a42d74844cf7,200,15.054669
2026-09-17T03:39:51.939075971Z,search,full,a42d74844cf7,200,13.552553
2026-09-17T03:39:51.999493774Z,search,full,a42d74844cf7,200,13.599378
2026-09-17T03:39:52.061048154Z,search,full,a42d74844cf7,200,14.925679
2026-09-17T03:39:52.119205651Z,search,full,a42d74844cf7,200,13.360183
2026-09-17T03:39:52.179670258Z,search,full,a42d74844cf7,200,13.864468
2026-09-17T03:39:52.239783787Z,search,full,a42d74844cf7,200,14.382257
2026-09-17T03:39:52.299470334Z,search,full,a42d74844cf7,200,14.005119
2026-09-17T03:39:52.359016929Z,search,full,a42d74844cf7,200,13.827306
2026-09-17T03:39:52.419523417Z,search,full,a42d74844cf7,200,13.824614
2026-09-17T03:39:52.481275213Z,search,full,a42d74844cf7,200,15.389689
2026-09-17T03:39:52.540815798Z,search,full,a42d74844cf7,200,14.721542
2026-09-17T03:39:52.599561188Z,search,full,a42d74844cf7,200,13.883316
2026-09-17T03:39:52.659889658Z,search,full,a42d74844cf7,200,13.954315
2026-09-17T03:39:52.723843123Z,search,full,a42d74844cf7,200,18.284519
2026-09-17T03:39:52.782736783Z,search,full,a42d74844cf7,200,16.440752
2026-09-17T03:39:52.840923513Z,search,full,a42d74844cf7,200,15.590554
2026-09-17T03:39:52.900082834Z,search,full,a42d74844cf7,200,14.568627
2026-09-17T03:39:52.961311549Z,search,full,a42d74844cf7,200,15.44478
2026-09-17T03:39:53.019766681Z,search,full,a42d74844cf7,200,13.874894
2026-09-17T03:39:53.080552701Z,search,full,a42d74844cf7,200,15.357513
2026-09-17T03:39:53.13955274Z,search,full,a42d74844cf7,200,14.460168
2026-09-17T03:39:53.199830067Z,search,full,a42d74844cf7,200,13.701286
2026-09-17T03:39:53.260198275Z,search,full,a42d74844cf7,200,14.679906
2026-09-17T03:39:53.320022588Z,search,full,a42d74844cf7,200,14.240893
2026-09-17T03:39:53.380572855Z,search,full,a42d74844cf7,200,15.170739
2026-09-17T03:39:53.438917402Z,search,full,a42d74844cf7,200,13.816458
2026-09-17T03:39:53.49972115Z,search,full,a42d74844cf7,200,14.122198
2026-09-17T03:39:53.558965312Z,search,full,a42d74844cf7,200,13.306386
2026-09-17T03:39:53.621966579Z,search,full,a42d74844cf7,200,16.237096
2026-09-17T03:39:53.6816606Z,search,full,a42d74844cf7,200,16.257192
2026-09-17T03:39:53.739679207Z,search,full,a42d74844cf7,200,14.216123
2026-09-17T03:39:53.799330082Z,search,full,a42d74844cf7,200,13.798633
2026-09-17T03:39:53.862843793Z,search,full,a42d74844cf7,200,16.335808
2026-09-17T03:39:53.922065573Z,search,full,a42d74844cf7,200,16.024315
2026-09-17T03:39:53.980408045Z,search,full,a42d74844cf7,200,14.990954
2026-09-17T03:39:54.041067566Z,search,full,a42d74844cf7,200,15.070015
2026-09-17T03:39:54.100580939Z,search,full,a42d74844cf7,200,14.616825
2026-09-17T03:39:54.16149755Z,search,full,a42d74844cf7,200,15.450181
2026-09-17T03:39:54.220819439Z,search,full,a42d74844cf7,200,14.633953
2026-09-17T03:39:54.280227299Z,search,full,a42d74844cf7,200,15.082008
2026-09-17T03:39:54.341211969Z,search,full,a42d74844cf7,200,15.379117
2026-09-17T03:39:54.400233834Z,search,full,a42d74844cf7,200,14.311452
2026-09-17T03:39:54.462225008Z,search,full,a42d74844cf7,200,16.198517
2026-09-17T03:39:54.525435625Z,search,full,a42d74844cf7,200,19.444468
2026-09-17T03:39:54.580705646Z,search,full,a42d74844cf7,200,14.703893
2026-09-17T03:39:54.641956943Z,search,full,a42d74844cf7,200,16.524926
2026-09-17T03:39:54.700536534Z,search,full,a42d74844cf7,200,14.569346
2026-09-17T03:39:54.759820483Z,search,full,a42d74844cf7,200,14.624605
2026-09-17T03:39:54.821196521Z,search,full,a42d74844cf7,200,15.678608
2026-09-17T03:39:54.879674433Z,search,full,a42d74844cf7,200,14.028051
2026-09-17T03:39:54.938999731Z,search,full,a42d74844cf7,200,13.566073
2026-09-17T03:39:55.000019891Z,search,full,a42d74844cf7,200,14.102846
2026-09-17T03:39:55.059893101Z,search,full,a42d74844cf7,200,14.097285
2026-09-17T03:39:55.120811428Z,search,full,a42d74844cf7,200,15.227508
2026-09-17T03:39:55.180845595Z,search,full,a42d74844cf7,200,14.67381
2026-09-17T03:39:55.239970437Z,search,full,a42d74844cf7,200,14.244191
2026-09-17T03:39:55.299758557Z,search,full,a42d74844cf7,200,14.194298
2026-09-17T03:39:55.359590959Z,search,full,a42d74844cf7,200,14.130507
2026-09-17T03:39:55.421208175Z,search,full,a42d74844cf7,200,14.981545
2026-09-17T03:39:55.484109089Z,search,full,a42d74844cf7,200,18.389537
2026-09-17T03:39:55.547103469Z,search,full,a42d74844cf7,200,21.193021
2026-09-17T03:39:55.601484817Z,search,full,a42d74844cf7,200,15.977681
2026-09-17T03:39:55.660891561Z,search,full,a42d74844cf7,200,14.705892
2026-09-17T03:39:55.721460326Z,search,full,a42d74844cf7,200,15.669708
2026-09-17T03:39:55.781262271Z,search,full,a42d74844cf7,200,15.414952
2026-09-17T03:39:55.84123988Z,search,full,a42d74844cf7,200,15.337621
2026-09-17T03:39:55.901529767Z,search,full,a42d74844cf7,200,15.592446
2026-09-17T03:39:55.95968613Z,search,full,a42d74844cf7,200,14.362975
2026-09-17T03:39:56.020563829Z,search,full,a42d74844cf7,200,15.169999
2026-09-17T03:39:56.080287157Z,search,full,a42d74844cf7,200,14.253548
2026-09-17T03:39:56.140899961Z,search,full,a42d74844cf7,200,14.972359
2026-09-17T03:39:56.200417208Z,search,full,a42d74844cf7,200,14.726154
2026-09-17T03:39:56.26142065Z,search,full,a42d74844cf7,200,15.247113
2026-09-17T03:39:56.322496999Z,search,full,a42d74844cf7,200,16.381183
2026-09-17T03:39:56.382960971Z,search,full,a42d74844cf7,200,17.116073
2026-09-17T03:39:56.441574629Z,search,full,a42d74844cf7,200,15.872308
2026-09-17T03:39:56.5016398Z,search,full,a42d74844cf7,200,15.468557
2026-09-17T03:39:56.559407952Z,search,full,a42d74844cf7,200,13.977145
2026-09-17T03:39:56.620846939Z,search,full,a42d74844cf7,200,14.666325
2026-09-17T03:39:56.680132339Z,search,full,a42d74844cf7,200,15.038398
2026-09-17T03:39:56.74199619Z,search,full,a42d74844cf7,200,16.024431
2026-09-17T03:39:56.799581027Z,search,full,a42d74844cf7,200,14.194993
2026-09-17T03:39:56.858797597Z,search,full,a42d74844cf7,200,13.569875
2026-09-17T03:39:56.920503544Z,search,full,a42d74844cf7,200,14.920109
2026-09-17T03:39:56.980705355Z,search,full,a42d74844cf7,200,14.868414
2026-09-17T03:39:57.03971598Z,search,full,a42d74844cf7,200,14.084855
2026-09-17T03:39:57.099285298Z,search,full,a42d74844cf7,200,13.703076
2026-09-17T03:39:57.161851025Z,search,full,a42d74844cf7,200,15.822988
2026-09-17T03:39:57.219905096Z,search,full,a42d74844cf7,200,14.270163
2026-09-17T03:39:57.280186462Z,search,full,a42d74844cf7,200,14.796233
2026-09-17T03:39:57.343327Z,search,full,a42d74844cf7,200,17.587405
2026-09-17T03:39:57.401578445Z,search,full,a42d74844cf7,200,16.448207
2026-09-17T03:39:57.460507233Z,search,full,a42d74844cf7,200,15.095942
2026-09-17T03:39:57.521869589Z,search,full,a42d74844cf7,200,15.685357
2026-09-17T03:39:57.580865031Z,search,full,a42d74844cf7,200,15.743121
2026-09-17T03:39:57.639552962Z,search,full,a42d74844cf7,200,13.948914
2026-09-17T03:39:57.701344909Z,search,full,a42d74844cf7,200,15.150086
2026-09-17T03:39:57.760661456Z,search,full,a42d74844cf7,200,14.529838
2026-09-17T03:39:57.819706644Z,search,full,a42d74844cf7,200,14.253927
2026-09-17T03:39:57.880552459Z,search,full,a42d74844cf7,200,14.43143
2026-09-17T03:39:57.940317502Z,search,full,a42d74844cf7,200,14.738275
2026-09-17T03:39:58.000076403Z,search,full,a42d74844cf7,200,14.300512
2026-09-17T03:39:58.061381734Z,search,full,a42d74844cf7,200,15.355202
2026-09-17T03:39:58.121070611Z,search,full,a42d74844cf7,200,14.9255
2026-09-17T03:39:58.180963232Z,search,full,a42d74844cf7,200,15.534986
2026-09-17T03:39:58.243194105Z,search,full,a42d74844cf7,200,17.453144
2026-09-17T03:39:58.303363915Z,search,full,a42d74844cf7,200,17.238113
2026-09-17T03:39:58.364845568Z,search,full,a42d74844cf7,200,18.669138
2026-09-17T03:39:58.482303608Z,search,full,a42d74844cf7,200,76.390243
2026-09-17T03:39:58.496589458Z,search,full,a42d74844cf7,200,31.29903
2026-09-17T03:39:58.551930846Z,search,full,a42d74844cf7,200,26.089061
2026-09-17T03:39:58.600203607Z,search,full,a42d74844cf7,200,14.589464
2026-09-17T03:39:58.660297015Z,search,full,a42d74844cf7,200,14.141433
2026-09-17T03:39:58.721743522Z,search,full,a42d74844cf7,200,15.605263
2026-09-17T03:39:58.780562095Z,search,full,a42d74844cf7,200,15.133685
2026-09-17T03:39:58.839509685Z,search,full,a42d74844cf7,200,14.317273
2026-09-17T03:39:58.899632655Z,search,full,a42d74844cf7,200,14.473275
2026-09-17T03:39:58.960126889Z,search,full,a42d74844cf7,200,14.669765
2026-09-17T03:39:59.019775227Z,search,full,a42d74844cf7,200,13.993778
2026-09-17T03:39:59.080420641Z,search,full,a42d74844cf7,200,15.028157
2026-09-17T03:39:59.141934134Z,search,full,a42d74844cf7,200,15.859982
2026-09-17T03:39:59.200155687Z,search,full,a42d74844cf7,200,14.557961
2026-09-17T03:39:59.260301119Z,search,full,a42d74844cf7,200,14.461264
2026-09-17T03:39:59.320126875Z,search,full,a42d74844cf7,200,14.272474
2026-09-17T03:39:59.380294608Z,search,full,a42d74844cf7,200,14.724423
2026-09-17T03:39:59.440180841Z,search,full,a42d74844cf7,200,14.191333
2026-09-17T03:39:59.499630853Z,search,full,a42d74844cf7,200,13.778606
2026-09-17T03:39:59.55950987Z,search,full,a42d74844cf7,200,14.336608
2026-09-17T03:39:59.624036418Z,search,full,a42d74844cf7,200,18.627054
2026-09-17T03:39:59.693101725Z,search,full,a42d74844cf7,200,27.548699
2026-09-17T03:39:59.742918866Z,search,full,a42d74844cf7,200,17.013804
2026-09-17T03:39:59.799453098Z,search,full,a42d74844cf7,200,13.699298
2026-09-17T03:39:59.861632897Z,search,full,a42d74844cf7,200,15.41127
2026-09-17T03:39:59.921010185Z,search,full,a42d74844cf7,200,15.540231
2026-09-17T03:39:59.979141966Z,search,full,a42d74844cf7,200,13.740427
2026-09-17T03:40:00.040316352Z,search,full,a42d74844cf7,200,14.427698
2026-09-17T03:40:00.103084697Z,search,full,a42d74844cf7,200,17.19356
2026-09-17T03:40:00.160462725Z,search,full,a42d74844cf7,200,14.774476
2026-09-17T03:40:00.221568026Z,search,full,a42d74844cf7,200,15.469201
2026-09-17T03:40:00.279617621Z,search,full,a42d74844cf7,200,13.639333
2026-09-17T03:40:00.339360242Z,search,full,a42d74844cf7,200,14.064276
2026-09-17T03:40:00.399827569Z,search,full,a42d74844cf7,200,14.469616
2026-09-17T03:40:00.46054481Z,search,full,a42d74844cf7,200,14.793608
2026-09-17T03:40:00.522752648Z,search,full,a42d74844cf7,200,16.549464
2026-09-17T03:40:00.583851698Z,search,full,a42d74844cf7,200,17.79468
2026-09-17T03:40:00.642017102Z,search,full,a42d74844cf7,200,15.933637
2026-09-17T03:40:00.699702394Z,search,full,a42d74844cf7,200,14.452508
2026-09-17T03:40:00.760518896Z,search,full,a42d74844cf7,200,15.107296
2026-09-17T03:40:00.820570751Z,search,full,a42d74844cf7,200,15.396728
2026-09-17T03:40:00.880603334Z,search,full,a42d74844cf7,200,14.661378
2026-09-17T03:40:00.93891394Z,search,full,a42d74844cf7,200,13.557302
2026-09-17T03:40:01.001027789Z,search,full,a42d74844cf7,200,15.315708
2026-09-17T03:40:01.063610896Z,search,full,a42d74844cf7,200,17.580634
2026-09-17T03:40:01.120230559Z,search,full,a42d74844cf7,200,14.854723
2026-09-17T03:40:01.179425352Z,search,full,a42d74844cf7,200,13.788865
2026-09-17T03:40:01.242067433Z,search,full,a42d74844cf7,200,15.995831
2026-09-17T03:40:01.300677671Z,search,full,a42d74844cf7,200,14.980803
2026-09-17T03:40:01.361279983Z,search,full,a42d74844cf7,200,15.856185
2026-09-17T03:40:01.420677027Z,search,full,a42d74844cf7,200,14.799994
2026-09-17T03:40:01.482714616Z,search,full,a42d74844cf7,200,16.568979
2026-09-17T03:40:01.54159591Z,search,full,a42d74844cf7,200,16.109835
2026-09-17T03:40:01.602178885Z,search,full,a42d74844cf7,200,16.805664
2026-09-17T03:40:01.663634584Z,search,full,a42d74844cf7,200,17.847521
2026-09-17T03:40:01.719686054Z,search,full,a42d74844cf7,200,14.343253
2026-09-17T03:40:01.785809486Z,search,full,a42d74844cf7,200,19.422117
2026-09-17T03:40:01.84657621Z,search,full,a42d74844cf7,200,20.973511
2026-09-17T03:40:01.901356947Z,search,full,a42d74844cf7,200,15.066035
2026-09-17T03:40:01.963473181Z,search,full,a42d74844cf7,200,17.449254
2026-09-17T03:40:02.022148928Z,search,full,a42d74844cf7,200,16.091833
2026-09-17T03:40:02.08151496Z,search,full,a42d74844cf7,200,15.974539
2026-09-17T03:40:02.140823969Z,search,full,a42d74844cf7,200,15.703424
2026-09-17T03:40:02.20277584Z,search,full,a42d74844cf7,200,17.311914
2026-09-17T03:40:02.261164679Z,search,full,a42d74844cf7,200,15.525814
2026-09-17T03:40:02.320502404Z,search,full,a42d74844cf7,200,14.602733
2026-09-17T03:40:02.380233179Z,search,full,a42d74844cf7,200,14.489454
2026-09-17T03:40:02.440594303Z,search,full,a42d74844cf7,200,15.217346
2026-09-17T03:40:02.500151889Z,search,full,a42d74844cf7,200,14.926068
2026-09-17T03:40:02.561526497Z,search,full,a42d74844cf7,200,15.768354
2026-09-17T03:40:02.620004069Z,search,full,a42d74844cf7,200,14.44365
2026-09-17T03:40:02.680583045Z,search,full,a42d74844cf7,200,15.139495
2026-09-17T03:40:02.739117967Z,search,full,a42d74844cf7,200,13.895819
2026-09-17T03:40:02.800191657Z,search,full,a42d74844cf7,200,14.311611
2026-09-17T03:40:02.86183967Z,search,full,a42d74844cf7,200,15.871912
2026-09-17T03:40:02.921371149Z,search,full,a42d74844cf7,200,15.734091
2026-09-17T03:40:02.979881879Z,search,full,a42d74844cf7,200,14.185935
2026-09-17T03:40:03.04079054Z,search,full,a42d74844cf7,200,15.189218
2026-09-17T03:40:03.0997513Z,search,full,a42d74844cf7,200,14.136297
2026-09-17T03:40:03.160728602Z,search,full,a42d74844cf7,200,15.127574
2026-09-17T03:40:03.222017223Z,search,full,a42d74844cf7,200,16.522133
2026-09-17T03:40:03.281123304Z,search,full,a42d74844cf7,200,15.577248
2026-09-17T03:40:03.349333746Z,search,full,a42d74844cf7,200,23.313073
2026-09-17T03:40:03.399550373Z,search,full,a42d74844cf7,200,13.380078
2026-09-17T03:40:03.460226767Z,search,full,a42d74844cf7,200,14.861998
2026-09-17T03:40:03.520424223Z,search,full,a42d74844cf7,200,14.472718
2026-09-17T03:40:03.580272587Z,search,full,a42d74844cf7,200,14.54566
2026-09-17T03:40:03.641118248Z,search,full,a42d74844cf7,200,15.155866
2026-09-17T03:40:03.701155796Z,search,full,a42d74844cf7,200,15.394084
2026-09-17T03:40:03.76319655Z,search,full,a42d74844cf7,200,17.32328
2026-09-17T03:40:03.821134476Z,search,full,a42d74844cf7,200,15.419387
2026-09-17T03:40:03.88084907Z,search,full,a42d74844cf7,200,15.326659
2026-09-17T03:40:03.939322407Z,search,full,a42d74844cf7,200,13.66786
2026-09-17T03:40:04.000973221Z,search,full,a42d74844cf7,200,15.143405
2026-09-17T03:40:04.060648781Z,search,full,a42d74844cf7,200,14.942109
2026-09-17T03:40:04.119707864Z,search,full,a42d74844cf7,200,14.192451
2026-09-17T03:40:04.179878413Z,search,full,a42d74844cf7,200,13.754147
2026-09-17T03:40:04.240683592Z,search,full,a42d74844cf7,200,15.105343
2026-09-17T03:40:04.297919399Z,search,full,a42d74844cf7,200,12.521362
2026-09-17T03:40:04.360820954Z,search,full,a42d74844cf7,200,15.14403
2026-09-17T03:40:04.419930569Z,search,full,a42d74844cf7,200,14.553548
2026-09-17T03:40:04.479161856Z,search,full,a42d74844cf7,200,13.830934
2026-09-17T03:40:04.540654587Z,search,full,a42d74844cf7,200,14.962201
2026-09-17T03:40:04.600452077Z,search,full,a42d74844cf7,200,14.939609
2026-09-17T03:40:04.661042659Z,search,full,a42d74844cf7,200,14.903296
2026-09-17T03:40:04.724706069Z,search,full,a42d74844cf7,200,18.9381
2026-09-17T03:40:04.779938335Z,search,full,a42d74844cf7,200,13.85818
2026-09-17T03:40:04.841669575Z,search,full,a42d74844cf7,200,15.693578
2026-09-17T03:40:04.901228957Z,search,full,a42d74844cf7,200,15.813517
2026-09-17T03:40:04.962451397Z,search,full,a42d74844cf7,200,16.696155
2026-09-17T03:40:05.020937536Z,search,full,a42d74844cf7,200,15.644625
2026-09-17T03:40:05.07994311Z,search,full,a42d74844cf7,200,14.602109
2026-09-17T03:40:05.141700345Z,search,full,a42d74844cf7,200,15.766662
2026-09-17T03:40:05.200767104Z,search,full,a42d74844cf7,200,15.355493
2026-09-17T03:40:05.260691424Z,search,full,a42d74844cf7,200,15.167863
2026-09-17T03:40:05.319769003Z,search,full,a42d74844cf7,200,14.3029
2026-09-17T03:40:05.379762334Z,search,full,a42d74844cf7,200,13.572109
2026-09-17T03:40:05.441940168Z,search,full,a42d74844cf7,200,16.37006
2026-09-17T03:40:05.499786701Z,search,full,a42d74844cf7,200,14.147868
2026-09-17T03:40:05.560526025Z,search,full,a42d74844cf7,200,14.733193
2026-09-17T03:40:05.621820061Z,search,full,a42d74844cf7,200,15.759753
2026-09-17T03:40:05.68088549Z,search,full,a42d74844cf7,200,14.605024
2026-09-17T03:40:05.74179236Z,search,full,a42d74844cf7,200,16.080788
2026-09-17T03:40:05.799897654Z,search,full,a42d74844cf7,200,14.2383
2026-09-17T03:40:05.860134654Z,search,full,a42d74844cf7,200,14.453011
2026-09-17T03:40:05.919796392Z,search,full,a42d74844cf7,200,14.039243
2026-09-17T03:40:05.980802315Z,search,full,a42d74844cf7,200,14.614893
2026-09-17T03:40:06.0409086Z,search,full,a42d74844cf7,200,15.539206
2026-09-17T03:40:06.10039434Z,search,full,a42d74844cf7,200,14.602982
2026-09-17T03:40:06.161552882Z,search,full,a42d74844cf7,200,15.511164
2026-09-17T03:40:06.220621845Z,search,full,a42d74844cf7,200,15.507024
2026-09-17T03:40:06.280319687Z,search,full,a42d74844cf7,200,14.37974
2026-09-17T03:40:06.34142876Z,search,full,a42d74844cf7,200,15.32512
2026-09-17T03:40:06.405199056Z,search,full,a42d74844cf7,200,19.182707
2026-09-17T03:40:06.465913712Z,search,full,a42d74844cf7,200,20.020777
2026-09-17T03:40:06.519816476Z,search,full,a42d74844cf7,200,14.23749
2026-09-17T03:40:06.585239257Z,search,full,a42d74844cf7,200,18.999933
2026-09-17T03:40:06.641035116Z,search,full,a42d74844cf7,200,15.112672
2026-09-17T03:40:06.700802214Z,search,full,a42d74844cf7,200,14.940499
2026-09-17T03:40:06.760064742Z,search,full,a42d74844cf7,200,14.50012
2026-09-17T03:40:06.820706474Z,search,full,a42d74844cf7,200,15.024212
2026-09-17T03:40:06.884243428Z,search,full,a42d74844cf7,200,18.235185
2026-09-17T03:40:06.939737714Z,search,full,a42d74844cf7,200,13.933651
2026-09-17T03:40:07.000083502Z,search,full,a42d74844cf7,200,14.580127
2026-09-17T03:40:07.059872036Z,search,full,a42d74844cf7,200,14.036619
2026-09-17T03:40:07.120710763Z,search,full,a42d74844cf7,200,15.07327
2026-09-17T03:40:07.181070801Z,search,full,a42d74844cf7,200,15.101272
2026-09-17T03:40:07.241668743Z,search,full,a42d74844cf7,200,15.79332
2026-09-17T03:40:07.301220504Z,search,full,a42d74844cf7,200,15.801366
2026-09-17T03:40:07.361481324Z,search,full,a42d74844cf7,200,15.472044
2026-09-17T03:40:07.428008467Z,search,full,a42d74844cf7,200,22.442887
2026-09-17T03:40:07.483544227Z,search,full,a42d74844cf7,200,18.08722
2026-09-17T03:40:07.541607636Z,search,full,a42d74844cf7,200,15.503663
2026-09-17T03:40:07.601560093Z,search,full,a42d74844cf7,200,15.884152
2026-09-17T03:40:07.661215847Z,search,full,a42d74844cf7,200,15.84994
2026-09-17T03:40:07.721700039Z,search,full,a42d74844cf7,200,15.793997
2026-09-17T03:40:07.783881568Z,search,full,a42d74844cf7,200,17.62952
2026-09-17T03:40:07.839612356Z,search,full,a42d74844cf7,200,14.0331
2026-09-17T03:40:07.901342457Z,search,full,a42d74844cf7,200,16.12966
2026-09-17T03:40:07.961376835Z,search,full,a42d74844cf7,200,15.899313
2026-09-17T03:40:08.020954337Z,search,full,a42d74844cf7,200,14.863825
2026-09-17T03:40:08.080497976Z,search,full,a42d74844cf7,200,14.998906
2026-09-17T03:40:08.154404682Z,search,full,a42d74844cf7,200,28.925108
2026-09-17T03:40:08.201221758Z,search,full,a42d74844cf7,200,15.197912
2026-09-17T03:40:08.260494041Z,search,full,a42d74844cf7,200,14.54241
2026-09-17T03:40:08.320922801Z,search,full,a42d74844cf7,200,15.435996
2026-09-17T03:40:08.385594009Z,search,full,a42d74844cf7,200,20.233524
2026-09-17T03:40:08.440710404Z,search,full,a42d74844cf7,200,15.060154
2026-09-17T03:40:08.501459572Z,search,full,a42d74844cf7,200,16.058153
2026-09-17T03:40:08.559559514Z,search,full,a42d74844cf7,200,14.371687
2026-09-17T03:40:08.620436338Z,search,full,a42d74844cf7,200,15.064646
2026-09-17T03:40:08.680712226Z,search,full,a42d74844cf7,200,14.799902
2026-09-17T03:40:08.740566869Z,search,full,a42d74844cf7,200,15.174241
2026-09-17T03:40:08.801007418Z,search,full,a42d74844cf7,200,14.715134
2026-09-17T03:40:08.859299841Z,search,full,a42d74844cf7,200,13.513531
2026-09-17T03:40:08.921033541Z,search,full,a42d74844cf7,200,14.889317
2026-09-17T03:40:08.981811536Z,search,full,a42d74844cf7,200,16.386088
2026-09-17T03:40:09.041240247Z,search,full,a42d74844cf7,200,15.790818
2026-09-17T03:40:09.099444504Z,search,full,a42d74844cf7,200,13.496621
2026-09-17T03:40:09.160801344Z,search,full,a42d74844cf7,200,14.772709
2026-09-17T03:40:09.219651389Z,search,full,a42d74844cf7,200,14.218545
2026-09-17T03:40:09.280484589Z,search,full,a42d74844cf7,200,14.357126
2026-09-17T03:40:09.344028179Z,search,full,a42d74844cf7,200,17.762905
2026-09-17T03:40:09.40127308Z,search,full,a42d74844cf7,200,15.474223
2026-09-17T03:40:09.462236791Z,search,full,a42d74844cf7,200,16.274195
2026-09-17T03:40:09.522217105Z,search,full,a42d74844cf7,200,16.294858
2026-09-17T03:40:09.580056332Z,search,full,a42d74844cf7,200,14.412106
2026-09-17T03:40:09.641588706Z,search,full,a42d74844cf7,200,15.947463
2026-09-17T03:40:09.698512482Z,search,full,a42d74844cf7,200,13.266126
2026-09-17T03:40:09.761308234Z,search,full,a42d74844cf7,200,16.122492
2026-09-17T03:40:09.821296888Z,search,full,a42d74844cf7,200,15.424329
2026-09-17T03:40:09.880598771Z,search,full,a42d74844cf7,200,14.707154
2026-09-17T03:40:09.944837515Z,search,full,a42d74844cf7,200,18.63197
2026-09-17T03:40:10.002611967Z,search,full,a42d74844cf7,200,17.150663
2026-09-17T03:40:10.068799843Z,search,full,a42d74844cf7,200,22.691584
2026-09-17T03:40:10.119759775Z,search,full,a42d74844cf7,200,14.121317
2026-09-17T03:40:10.18245439Z,search,full,a42d74844cf7,200,16.421746
2026-09-17T03:40:10.244801669Z,search,full,a42d74844cf7,200,19.226886
2026-09-17T03:40:10.301878646Z,search,full,a42d74844cf7,200,16.354148
2026-09-17T03:40:10.362928793Z,search,full,a42d74844cf7,200,17.389173
2026-09-17T03:40:10.419371401Z,search,full,a42d74844cf7,200,13.877158
2026-09-17T03:40:10.480913966Z,search,full,a42d74844cf7,200,15.032789
2026-09-17T03:40:10.540414932Z,search,full,a42d74844cf7,200,14.917749
2026-09-17T03:40:10.599595133Z,search,full,a42d74844cf7,200,14.497677
2026-09-17T03:40:10.662090694Z,search,full,a42d74844cf7,200,16.329571
2026-09-17T03:40:10.720627436Z,search,full,a42d74844cf7,200,14.735607
2026-09-17T03:40:10.780826952Z,search,full,a42d74844cf7,200,14.703168
2026-09-17T03:40:10.840142194Z,search,full,a42d74844cf7,200,14.660675
2026-09-17T03:40:10.901213351Z,search,full,a42d74844cf7,200,15.235929
2026-09-17T03:40:10.960704171Z,search,full,a42d74844cf7,200,14.758392
2026-09-17T03:40:11.021000809Z,search,full,a42d74844cf7,200,15.44846
2026-09-17T03:40:11.079655811Z,search,full,a42d74844cf7,200,13.967558
2026-09-17T03:40:11.1394459Z,search,full,a42d74844cf7,200,14.13714
2026-09-17T03:40:11.201298729Z,search,full,a42d74844cf7,200,16.136094
2026-09-17T03:40:11.260576968Z,search,full,a42d74844cf7,200,14.581797
2026-09-17T03:40:11.319991467Z,search,full,a42d74844cf7,200,14.840494
2026-09-17T03:40:11.379121484Z,search,full,a42d74844cf7,200,13.698795
2026-09-17T03:40:11.440374863Z,search,full,a42d74844cf7,200,14.488387
2026-09-17T03:40:11.501179236Z,search,full,a42d74844cf7,200,15.051212
2026-09-17T03:40:11.560431723Z,search,full,a42d74844cf7,200,14.438006
2026-09-17T03:40:11.620679027Z,search,full,a42d74844cf7,200,14.661254
2026-09-17T03:40:11.680873587Z,search,full,a42d74844cf7,200,14.412526
2026-09-17T03:40:11.741728458Z,search,full,a42d74844cf7,200,16.103122
2026-09-17T03:40:11.798968239Z,search,full,a42d74844cf7,200,13.46349
2026-09-17T03:40:11.859430987Z,search,full,a42d74844cf7,200,13.41048
2026-09-17T03:40:11.927318769Z,search,full,a42d74844cf7,200,20.924029
2026-09-17T03:40:11.980690689Z,search,full,a42d74844cf7,200,15.050089
2026-09-17T03:40:12.040119269Z,search,full,a42d74844cf7,200,14.626587
2026-09-17T03:40:12.102066476Z,search,full,a42d74844cf7,200,16.088941
2026-09-17T03:40:12.160332656Z,search,full,a42d74844cf7,200,14.515333
2026-09-17T03:40:12.221267794Z,search,full,a42d74844cf7,200,15.190496
2026-09-17T03:40:12.281499098Z,search,full,a42d74844cf7,200,15.769708
2026-09-17T03:40:12.341465521Z,search,full,a42d74844cf7,200,15.372096
2026-09-17T03:40:12.399841195Z,search,full,a42d74844cf7,200,14.405995
2026-09-17T03:40:12.459148896Z,search,full,a42d74844cf7,200,13.411818
2026-09-17T03:40:12.519961188Z,search,full,a42d74844cf7,200,14.138819
2026-09-17T03:40:12.579910109Z,search,full,a42d74844cf7,200,14.488656
2026-09-17T03:40:12.639980551Z,search,full,a42d74844cf7,200,14.215146
2026-09-17T03:40:12.699918397Z,search,full,a42d74844cf7,200,14.186109
2026-09-17T03:40:12.759914036Z,search,full,a42d74844cf7,200,14.268068
2026-09-17T03:40:12.820196779Z,search,full,a42d74844cf7,200,14.597556
2026-09-17T03:40:12.881494199Z,search,full,a42d74844cf7,200,15.849512
2026-09-17T03:40:12.940534089Z,search,full,a42d74844cf7,200,15.307615
2026-09-17T03:40:13.002236727Z,search,full,a42d74844cf7,200,16.246853
2026-09-17T03:40:13.061254267Z,search,full,a42d74844cf7,200,15.345694
2026-09-17T03:40:13.121240791Z,search,full,a42d74844cf7,200,15.31041
2026-09-17T03:40:13.180148991Z,search,full,a42d74844cf7,200,14.690757
2026-09-17T03:40:13.239966196Z,search,full,a42d74844cf7,200,14.222611
2026-09-17T03:40:13.299461247Z,search,full,a42d74844cf7,200,13.550743
2026-09-17T03:40:13.359082689Z,search,full,a42d74844cf7,200,13.881514
2026-09-17T03:40:13.420861978Z,search,full,a42d74844cf7,200,15.112671
2026-09-17T03:40:13.47852044Z,search,full,a42d74844cf7,200,13.246721
2026-09-17T03:40:13.541419941Z,search,full,a42d74844cf7,200,16.321059
2026-09-17T03:40:13.602200002Z,search,full,a42d74844cf7,200,16.759448
2026-09-17T03:40:13.661321873Z,search,full,a42d74844cf7,200,15.377135
2026-09-17T03:40:13.720391636Z,search,full,a42d74844cf7,200,14.166321
2026-09-17T03:40:13.779305066Z,search,full,a42d74844cf7,200,13.518781
2026-09-17T03:40:13.840834642Z,search,full,a42d74844cf7,200,14.890139
2026-09-17T03:40:13.904285765Z,search,full,a42d74844cf7,200,18.797932
2026-09-17T03:40:13.965440129Z,search,full,a42d74844cf7,200,19.580801
2026-09-17T03:40:14.020278413Z,search,full,a42d74844cf7,200,14.143389
2026-09-17T03:40:14.080150018Z,search,full,a42d74844cf7,200,14.469839
2026-09-17T03:40:14.140206857Z,search,full,a42d74844cf7,200,14.283184
2026-09-17T03:40:14.199852635Z,search,full,a42d74844cf7,200,14.114147
2026-09-17T03:40:14.261234889Z,search,full,a42d74844cf7,200,15.384477
2026-09-17T03:40:14.321059155Z,search,full,a42d74844cf7,200,15.048626
2026-09-17T03:40:14.380801815Z,search,full,a42d74844cf7,200,15.477998
2026-09-17T03:40:14.440312782Z,search,full,a42d74844cf7,200,14.904489
2026-09-17T03:40:14.501375515Z,search,full,a42d74844cf7,200,15.858463
2026-09-17T03:40:14.560952952Z,search,full,a42d74844cf7,200,14.908979
2026-09-17T03:40:14.621664694Z,search,full,a42d74844cf7,200,16.047249
2026-09-17T03:40:14.681393448Z,search,full,a42d74844cf7,200,15.350565
2026-09-17T03:40:14.740809467Z,search,full,a42d74844cf7,200,14.59987
2026-09-17T03:40:14.801444902Z,search,full,a42d74844cf7,200,15.948059
2026-09-17T03:40:14.863450782Z,search,full,a42d74844cf7,200,17.070181
2026-09-17T03:40:14.922427843Z,search,full,a42d74844cf7,200,16.337705
2026-09-17T03:40:14.980537486Z,search,full,a42d74844cf7,200,14.668053
2026-09-17T03:40:15.039932615Z,search,full,a42d74844cf7,200,14.830024
2026-09-17T03:40:15.103976495Z,search,full,a42d74844cf7,200,18.472872
2026-09-17T03:40:15.159470779Z,search,full,a42d74844cf7,200,13.785276
2026-09-17T03:40:15.220230129Z,search,full,a42d74844cf7,200,14.840599
2026-09-17T03:40:15.281437822Z,search,full,a42d74844cf7,200,15.838291
2026-09-17T03:40:15.33929285Z,search,full,a42d74844cf7,200,14.234657
2026-09-17T03:40:15.400960697Z,search,full,a42d74844cf7,200,14.956134
2026-09-17T03:40:15.468239977Z,search,full,a42d74844cf7,200,22.296289
2026-09-17T03:40:15.52268492Z,search,full,a42d74844cf7,200,16.21425
2026-09-17T03:40:15.580871794Z,search,full,a42d74844cf7,200,14.682426
2026-09-17T03:40:15.639768274Z,search,full,a42d74844cf7,200,14.146849
2026-09-17T03:40:15.700068486Z,search,full,a42d74844cf7,200,14.456458
2026-09-17T03:40:15.760177916Z,search,full,a42d74844cf7,200,14.310659
2026-09-17T03:40:15.823188807Z,search,full,a42d74844cf7,200,17.322311
2026-09-17T03:40:15.880045017Z,search,full,a42d74844cf7,200,14.401191
2026-09-17T03:40:15.941628386Z,search,full,a42d74844cf7,200,15.721681
2026-09-17T03:40:16.004099985Z,search,full,a42d74844cf7,200,18.294801
2026-09-17T03:40:16.061072439Z,search,full,a42d74844cf7,200,15.065446
2026-09-17T03:40:16.121453947Z,search,full,a42d74844cf7,200,15.598283
2026-09-17T03:40:16.180482353Z,search,full,a42d74844cf7,200,14.494327
2026-09-17T03:40:16.241007168Z,search,full,a42d74844cf7,200,14.860526
2026-09-17T03:40:16.299490908Z,search,full,a42d74844cf7,200,13.527414
2026-09-17T03:40:16.360961309Z,search,full,a42d74844cf7,200,15.799823
2026-09-17T03:40:16.420300832Z,search,full,a42d74844cf7,200,14.407228
2026-09-17T03:40:16.481199693Z,search,full,a42d74844cf7,200,15.387782
2026-09-17T03:40:16.542235826Z,search,full,a42d74844cf7,200,16.368828
2026-09-17T03:40:16.598766127Z,search,full,a42d74844cf7,200,13.297062
2026-09-17T03:40:16.660810706Z,search,full,a42d74844cf7,200,15.349664
2026-09-17T03:40:16.723185757Z,search,full,a42d74844cf7,200,17.671393
2026-09-17T03:40:16.782381973Z,search,full,a42d74844cf7,200,16.729556
2026-09-17T03:40:16.842815808Z,search,full,a42d74844cf7,200,16.695962
2026-09-17T03:40:16.903482514Z,search,full,a42d74844cf7,200,17.825445
2026-09-17T03:40:16.965622336Z,search,full,a42d74844cf7,200,19.310599
2026-09-17T03:40:17.020020492Z,search,full,a42d74844cf7,200,14.731037
2026-09-17T03:40:17.081837179Z,search,full,a42d74844cf7,200,16.381313
2026-09-17T03:40:17.140453661Z,search,full,a42d74844cf7,200,14.670077
2026-09-17T03:40:17.202179307Z,search,full,a42d74844cf7,200,15.880374
2026-09-17T03:40:17.260982982Z,search,full,a42d74844cf7,200,15.154184
2026-09-17T03:40:17.321815448Z,search,full,a42d74844cf7,200,16.031972
2026-09-17T03:40:17.380704061Z,search,full,a42d74844cf7,200,14.498269
2026-09-17T03:40:17.440906524Z,search,full,a42d74844cf7,200,15.288259
2026-09-17T03:40:17.501708514Z,search,full,a42d74844cf7,200,16.123519
2026-09-17T03:40:17.562258384Z,search,full,a42d74844cf7,200,16.815507
2026-09-17T03:40:17.623272129Z,search,full,a42d74844cf7,200,17.383254
2026-09-17T03:40:17.682796221Z,search,full,a42d74844cf7,200,17.133032
2026-09-17T03:40:17.744213028Z,search,full,a42d74844cf7,200,18.610495
2026-09-17T03:40:17.80134047Z,search,full,a42d74844cf7,200,15.142454
2026-09-17T03:40:17.862039061Z,search,full,a42d74844cf7,200,16.011335
2026-09-17T03:40:17.919875636Z,search,full,a42d74844cf7,200,14.38285
2026-09-17T03:40:17.981049034Z,search,full,a42d74844cf7,200,14.877222
2026-09-17T03:40:18.053637274Z,search,full,a42d74844cf7,200,27.856119
2026-09-17T03:40:18.101396397Z,search,full,a42d74844cf7,200,15.942668
2026-09-17T03:40:18.167011188Z,search,full,a42d74844cf7,200,20.882991
2026-09-17T03:40:18.221168775Z,search,full,a42d74844cf7,200,16.054932
2026-09-17T03:40:18.287519478Z,search,full,a42d74844cf7,200,21.825854
2026-09-17T03:40:18.343849927Z,search,full,a42d74844cf7,200,17.660283
2026-09-17T03:40:18.409735639Z,search,full,a42d74844cf7,200,23.982699
2026-09-17T03:40:18.467711167Z,search,full,a42d74844cf7,200,20.453569
2026-09-17T03:40:18.521153513Z,search,full,a42d74844cf7,200,16.052819
2026-09-17T03:40:18.583571667Z,search,full,a42d74844cf7,200,18.123078
2026-09-17T03:40:18.641129043Z,search,full,a42d74844cf7,200,15.228294
2026-09-17T03:40:18.699626584Z,search,full,a42d74844cf7,200,15.17787
2026-09-17T03:40:18.758404119Z,search,full,a42d74844cf7,200,14.030902
2026-09-17T03:40:18.818889703Z,search,full,a42d74844cf7,200,14.685051
2026-09-17T03:40:18.88069396Z,search,full,a42d74844cf7,200,16.252443
2026-09-17T03:40:18.940751043Z,search,full,a42d74844cf7,200,16.389454
2026-09-17T03:40:18.999348729Z,search,full,a42d74844cf7,200,14.659987
2026-09-17T03:40:19.058990412Z,search,full,a42d74844cf7,200,15.084584
2026-09-17T03:40:19.120421296Z,search,full,a42d74844cf7,200,15.873429
2026-09-17T03:40:19.179368587Z,search,full,a42d74844cf7,200,14.566513
2026-09-17T03:40:19.238837861Z,search,full,a42d74844cf7,200,14.937288
2026-09-17T03:40:19.29855304Z,search,full,a42d74844cf7,200,14.067596
2026-09-17T03:40:19.35779266Z,search,full,a42d74844cf7,200,13.48479
2026-09-17T03:40:19.418672774Z,search,full,a42d74844cf7,200,14.12172
2026-09-17T03:40:19.479323233Z,search,full,a42d74844cf7,200,15.393838
2026-09-17T03:40:19.538511027Z,search,full,a42d74844cf7,200,14.655761
2026-09-17T03:40:19.601829131Z,search,full,a42d74844cf7,200,17.348071
2026-09-17T03:40:19.660226305Z,search,full,a42d74844cf7,200,15.694771
2026-09-17T03:40:19.720463446Z,search,full,a42d74844cf7,200,15.552003
2026-09-17T03:40:19.779249636Z,search,full,a42d74844cf7,200,14.327566
2026-09-17T03:40:19.839284685Z,search,full,a42d74844cf7,200,14.387649
2026-09-17T03:40:19.899867849Z,search,full,a42d74844cf7,200,14.987026
2026-09-17T03:40:19.959050433Z,search,full,a42d74844cf7,200,14.300593
2026-09-17T03:40:20.020764733Z,search,full,a42d74844cf7,200,16.125793
2026-09-17T03:40:20.079230002Z,search,full,a42d74844cf7,200,14.991492
2026-09-17T03:40:20.142437547Z,search,full,a42d74844cf7,200,17.51608
2026-09-17T03:40:20.200965462Z,search,full,a42d74844cf7,200,16.889083
2026-09-17T03:40:20.259658049Z,search,full,a42d74844cf7,200,15.050861
2026-09-17T03:40:20.318861375Z,search,full,a42d74844cf7,200,14.099168
2026-09-17T03:40:20.37881775Z,search,full,a42d74844cf7,200,14.510279
2026-09-17T03:40:20.441176549Z,search,full,a42d74844cf7,200,16.586269
2026-09-17T03:40:20.50004619Z,search,full,a42d74844cf7,200,15.281589
2026-09-17T03:40:20.560958328Z,search,full,a42d74844cf7,200,16.255945
2026-09-17T03:40:20.619879391Z,search,full,a42d74844cf7,200,14.926284
2026-09-17T03:40:20.679732229Z,search,full,a42d74844cf7,200,15.29837
2026-09-17T03:40:20.739094736Z,search,full,a42d74844cf7,200,15.082973
2026-09-17T03:40:20.797693787Z,search,full,a42d74844cf7,200,13.774802
2026-09-17T03:40:20.85828505Z,search,full,a42d74844cf7,200,13.808364
2026-09-17T03:40:20.917637764Z,search,full,a42d74844cf7,200,13.779389
2026-09-17T03:40:20.978010914Z,search,full,a42d74844cf7,200,13.631461
2026-09-17T03:40:21.038388801Z,search,full,a42d74844cf7,200,13.598449
2026-09-17T03:40:21.098345865Z,search,full,a42d74844cf7,200,14.25076
2026-09-17T03:40:21.159906654Z,search,full,a42d74844cf7,200,15.515036
2026-09-17T03:40:21.218271715Z,search,full,a42d74844cf7,200,13.704418
2026-09-17T03:40:21.278658864Z,search,full,a42d74844cf7,200,13.86696
2026-09-17T03:40:21.340561248Z,search,full,a42d74844cf7,200,16.07011
2026-09-17T03:40:21.399687058Z,search,full,a42d74844cf7,200,15.438361
2026-09-17T03:40:21.459993199Z,search,full,a42d74844cf7,200,15.353885
2026-09-17T03:40:21.520157986Z,search,full,a42d74844cf7,200,15.33376
2026-09-17T03:40:21.579740715Z,search,full,a42d74844cf7,200,15.325872
2026-09-17T03:40:21.638577772Z,search,full,a42d74844cf7,200,14.219355
2026-09-17T03:40:21.698806169Z,search,full,a42d74844cf7,200,14.460866
2026-09-17T03:40:21.758610941Z,search,full,a42d74844cf7,200,13.980698
2026-09-17T03:40:21.819321454Z,search,full,a42d74844cf7,200,15.03339
2026-09-17T03:40:21.879120571Z,search,full,a42d74844cf7,200,14.294598
2026-09-17T03:40:21.940655008Z,search,full,a42d74844cf7,200,15.678056
2026-09-17T03:40:21.998505274Z,search,full,a42d74844cf7,200,14.370627
2026-09-17T03:40:22.058959373Z,search,full,a42d74844cf7,200,14.509995
2026-09-17T03:40:22.118731746Z,search,full,a42d74844cf7,200,14.220497
2026-09-17T03:40:22.179202647Z,search,full,a42d74844cf7,200,15.042747
2026-09-17T03:40:22.245152748Z,search,full,a42d74844cf7,200,20.234242
2026-09-17T03:40:22.299327136Z,search,full,a42d74844cf7,200,15.218528
2026-09-17T03:40:22.358002701Z,search,full,a42d74844cf7,200,14.050829
2026-09-17T03:40:22.418459875Z,search,full,a42d74844cf7,200,13.770433
2026-09-17T03:40:22.479006144Z,search,full,a42d74844cf7,200,14.065115
2026-09-17T03:40:22.538420487Z,search,full,a42d74844cf7,200,13.864214
2026-09-17T03:40:22.598425345Z,search,full,a42d74844cf7,200,14.26584
2026-09-17T03:40:22.658356658Z,search,full,a42d74844cf7,200,14.218558
2026-09-17T03:40:22.718898807Z,search,full,a42d74844cf7,200,14.991616
2026-09-17T03:40:22.778443079Z,search,full,a42d74844cf7,200,14.231262
2026-09-17T03:40:22.838986579Z,search,full,a42d74844cf7,200,14.452735
2026-09-17T03:40:22.899772197Z,search,full,a42d74844cf7,200,15.081997
2026-09-17T03:40:22.960165286Z,search,full,a42d74844cf7,200,15.658998
2026-09-17T03:40:23.01870235Z,search,full,a42d74844cf7,200,13.796808
2026-09-17T03:40:23.077851563Z,search,full,a42d74844cf7,200,13.840728
2026-09-17T03:40:23.137695208Z,search,full,a42d74844cf7,200,13.154435
2026-09-17T03:40:23.202527208Z,search,full,a42d74844cf7,200,18.074643
2026-09-17T03:40:23.258178361Z,search,full,a42d74844cf7,200,13.992399
2026-09-17T03:40:23.321512305Z,search,full,a42d74844cf7,200,16.676905
2026-09-17T03:40:23.378677074Z,search,full,a42d74844cf7,200,13.811005
2026-09-17T03:40:23.439185227Z,search,full,a42d74844cf7,200,14.503428
2026-09-17T03:40:23.499892734Z,search,full,a42d74844cf7,200,14.984636
2026-09-17T03:40:23.565863232Z,search,full,a42d74844cf7,200,21.181493
2026-09-17T03:40:23.622162165Z,search,full,a42d74844cf7,200,17.674974
2026-09-17T03:40:23.680089413Z,search,full,a42d74844cf7,200,15.434641
2026-09-17T03:40:23.739405574Z,search,full,a42d74844cf7,200,14.551352
2026-09-17T03:40:23.798194507Z,search,full,a42d74844cf7,200,14.067449
2026-09-17T03:40:23.861249517Z,search,full,a42d74844cf7,200,16.289159
2026-09-17T03:40:23.929046695Z,search,full,a42d74844cf7,200,24.07112
2026-09-17T03:40:23.987928439Z,search,full,a42d74844cf7,200,23.549509
2026-09-17T03:40:24.051163504Z,search,full,a42d74844cf7,200,26.297315
2026-09-17T03:40:24.105873427Z,search,full,a42d74844cf7,200,20.865386
2026-09-17T03:40:24.162015762Z,search,full,a42d74844cf7,200,17.211005
2026-09-17T03:40:24.218594839Z,search,full,a42d74844cf7,200,14.096676
2026-09-17T03:40:24.27833086Z,search,full,a42d74844cf7,200,14.421571
2026-09-17T03:40:24.338258536Z,search,full,a42d74844cf7,200,14.144719
2026-09-17T03:40:24.400061346Z,search,full,a42d74844cf7,200,15.193971
2026-09-17T03:40:24.458991864Z,search,full,a42d74844cf7,200,14.235305
2026-09-17T03:40:24.519473602Z,search,full,a42d74844cf7,200,14.708227
2026-09-17T03:40:24.578743127Z,search,full,a42d74844cf7,200,13.884759
2026-09-17T03:40:24.638749699Z,search,full,a42d74844cf7,200,14.179562
2026-09-17T03:40:24.700058412Z,search,full,a42d74844cf7,200,15.346492
2026-09-17T03:40:24.759177753Z,search,full,a42d74844cf7,200,14.201922
2026-09-17T03:40:24.819077357Z,search,full,a42d74844cf7,200,14.257542
2026-09-17T03:40:24.879585487Z,search,full,a42d74844cf7,200,15.041353
2026-09-17T03:40:24.938859623Z,search,full,a42d74844cf7,200,14.449094
2026-09-17T03:40:24.999676947Z,search,full,a42d74844cf7,200,15.062685
2026-09-17T03:40:25.060139943Z,search,full,a42d74844cf7,200,15.768414
2026-09-17T03:40:25.12020618Z,search,full,a42d74844cf7,200,15.425442
2026-09-17T03:40:25.179331328Z,search,full,a42d74844cf7,200,14.712263
2026-09-17T03:40:25.243472343Z,search,full,a42d74844cf7,200,18.632578
2026-09-17T03:40:25.300266938Z,search,full,a42d74844cf7,200,15.652976
2026-09-17T03:40:25.358975329Z,search,full,a42d74844cf7,200,13.893079
2026-09-17T03:40:25.420192035Z,search,full,a42d74844cf7,200,15.500185
2026-09-17T03:40:25.480724708Z,search,full,a42d74844cf7,200,16.113688
2026-09-17T03:40:25.53872662Z,search,full,a42d74844cf7,200,14.822038
2026-09-17T03:40:25.600074727Z,search,full,a42d74844cf7,200,15.528644
2026-09-17T03:40:25.660188296Z,search,full,a42d74844cf7,200,15.393345
2026-09-17T03:40:25.719576722Z,search,full,a42d74844cf7,200,14.685141
2026-09-17T03:40:25.780881664Z,search,full,a42d74844cf7,200,16.571306
2026-09-17T03:40:25.841478298Z,search,full,a42d74844cf7,200,16.662527
2026-09-17T03:40:25.907899616Z,search,full,a42d74844cf7,200,23.656363
2026-09-17T03:40:25.988536593Z,search,full,a42d74844cf7,200,43.74942
2026-09-17T03:40:26.02666995Z,search,full,a42d74844cf7,200,21.577823
2026-09-17T03:40:26.079807Z,search,full,a42d74844cf7,200,15.32993
2026-09-17T03:40:26.140839186Z,search,full,a42d74844cf7,200,16.261252
2026-09-17T03:40:26.200647118Z,search,full,a42d74844cf7,200,15.999268
2026-09-17T03:40:26.260834137Z,search,full,a42d74844cf7,200,16.403234
2026-09-17T03:40:26.325288653Z,search,full,a42d74844cf7,200,20.699184
2026-09-17T03:40:26.379530147Z,search,full,a42d74844cf7,200,14.67223
2026-09-17T03:40:26.440967283Z,search,full,a42d74844cf7,200,17.062868
2026-09-17T03:40:26.503358391Z,search,full,a42d74844cf7,200,18.935891
2026-09-17T03:40:26.562341778Z,search,full,a42d74844cf7,200,18.11143
2026-09-17T03:40:26.633125669Z,search,full,a42d74844cf7,200,28.052419
2026-09-17T03:40:26.680537022Z,search,full,a42d74844cf7,200,16.186478
2026-09-17T03:40:26.740815918Z,search,full,a42d74844cf7,200,16.550494
2026-09-17T03:40:26.799968096Z,search,full,a42d74844cf7,200,15.31672
2026-09-17T03:40:26.859577386Z,search,full,a42d74844cf7,200,14.856264
2026-09-17T03:40:26.922348551Z,search,full,a42d74844cf7,200,18.088188
2026-09-17T03:40:26.980420039Z,search,full,a42d74844cf7,200,15.679913
2026-09-17T03:40:27.041244788Z,search,full,a42d74844cf7,200,17.130218
2026-09-17T03:40:27.101718998Z,search,full,a42d74844cf7,200,17.213476
2026-09-17T03:40:27.160914596Z,search,full,a42d74844cf7,200,15.972569
2026-09-17T03:40:27.219964345Z,search,full,a42d74844cf7,200,15.415227
2026-09-17T03:40:27.279282204Z,search,full,a42d74844cf7,200,14.555806
2026-09-17T03:40:27.340566284Z,search,full,a42d74844cf7,200,15.650041
2026-09-17T03:40:27.398598944Z,search,full,a42d74844cf7,200,14.47341
2026-09-17T03:40:27.459501725Z,search,full,a42d74844cf7,200,14.887082
2026-09-17T03:40:27.51799009Z,search,full,a42d74844cf7,200,13.740392
2026-09-17T03:40:27.578387322Z,search,full,a42d74844cf7,200,13.81979
2026-09-17T03:40:27.637837014Z,search,full,a42d74844cf7,200,13.706
2026-09-17T03:40:27.699346087Z,search,full,a42d74844cf7,200,14.776298
2026-09-17T03:40:27.76006906Z,search,full,a42d74844cf7,200,15.990367
2026-09-17T03:40:27.846165794Z,search,full,a42d74844cf7,200,41.445801
2026-09-17T03:40:27.884540409Z,search,full,a42d74844cf7,200,20.00257
2026-09-17T03:40:27.939169086Z,search,full,a42d74844cf7,200,14.956821
2026-09-17T03:40:27.999959539Z,search,full,a42d74844cf7,200,15.465161
2026-09-17T03:40:28.059042915Z,search,full,a42d74844cf7,200,14.33934
2026-09-17T03:40:28.119870995Z,search,full,a42d74844cf7,200,15.303929
2026-09-17T03:40:28.178873519Z,search,full,a42d74844cf7,200,14.281374
2026-09-17T03:40:28.240226703Z,search,full,a42d74844cf7,200,15.735195
2026-09-17T03:40:28.302218039Z,search,full,a42d74844cf7,200,17.277071
2026-09-17T03:40:28.361393631Z,search,full,a42d74844cf7,200,16.502011
2026-09-17T03:40:28.428292905Z,search,full,a42d74844cf7,200,23.322958
2026-09-17T03:40:28.482221633Z,search,full,a42d74844cf7,200,17.547127
2026-09-17T03:40:28.541117159Z,search,full,a42d74844cf7,200,16.318526
2026-09-17T03:40:28.600319599Z,search,full,a42d74844cf7,200,15.458916
2026-09-17T03:40:28.660219662Z,search,full,a42d74844cf7,200,15.179279
2026-09-17T03:40:28.720901436Z,search,full,a42d74844cf7,200,16.15226
2026-09-17T03:40:28.778632012Z,search,full,a42d74844cf7,200,14.394779
2026-09-17T03:40:28.83768627Z,search,full,a42d74844cf7,200,13.369758
2026-09-17T03:40:28.899306392Z,search,full,a42d74844cf7,200,14.678041
2026-09-17T03:40:28.958946029Z,search,full,a42d74844cf7,200,14.079984
2026-09-17T03:40:29.019529046Z,search,full,a42d74844cf7,200,14.851959
2026-09-17T03:40:29.078667631Z,search,full,a42d74844cf7,200,13.681034
2026-09-17T03:40:29.137811065Z,search,full,a42d74844cf7,200,13.471038
2026-09-17T03:40:29.197842169Z,search,full,a42d74844cf7,200,13.270438
2026-09-17T03:40:29.259044102Z,search,full,a42d74844cf7,200,14.426231
2026-09-17T03:40:29.31887068Z,search,full,a42d74844cf7,200,14.286441
2026-09-17T03:40:29.379306565Z,search,full,a42d74844cf7,200,14.987105
2026-09-17T03:40:29.439451966Z,search,full,a42d74844cf7,200,14.511807
2026-09-17T03:40:29.498195241Z,search,full,a42d74844cf7,200,13.943344
2026-09-17T03:40:29.559096998Z,search,full,a42d74844cf7,200,14.146596
2026-09-17T03:40:29.619806248Z,search,full,a42d74844cf7,200,15.274317
2026-09-17T03:40:29.680509773Z,search,full,a42d74844cf7,200,16.187227
2026-09-17T03:40:29.739784727Z,search,full,a42d74844cf7,200,15.670032
2026-09-17T03:40:29.801210329Z,search,full,a42d74844cf7,200,16.718538
2026-09-17T03:40:29.859241728Z,search,full,a42d74844cf7,200,14.292431
2026-09-17T03:40:29.921006815Z,search,full,a42d74844cf7,200,16.17041
2026-09-17T03:40:29.979668324Z,search,full,a42d74844cf7,200,14.424457
2026-09-17T03:40:30.038509265Z,search,full,a42d74844cf7,200,14.120303
2026-09-17T03:40:30.098653477Z,search,full,a42d74844cf7,200,14.509208
2026-09-17T03:40:30.159597321Z,search,full,a42d74844cf7,200,14.766117
2026-09-17T03:40:30.219375515Z,search,full,a42d74844cf7,200,15.194301
2026-09-17T03:40:30.286697639Z,search,full,a42d74844cf7,200,21.816829
2026-09-17T03:40:30.35301164Z,search,full,a42d74844cf7,200,28.162123
2026-09-17T03:40:30.398658691Z,search,full,a42d74844cf7,200,13.933548
2026-09-17T03:40:30.457992816Z,search,full,a42d74844cf7,200,13.434495
2026-09-17T03:40:30.518183142Z,search,full,a42d74844cf7,200,13.461402
2026-09-17T03:40:30.580578448Z,search,full,a42d74844cf7,200,15.95651
2026-09-17T03:40:30.639028898Z,search,full,a42d74844cf7,200,14.678356
2026-09-17T03:40:30.698943123Z,search,full,a42d74844cf7,200,14.323447
2026-09-17T03:40:30.759670921Z,search,full,a42d74844cf7,200,14.67281
2026-09-17T03:40:30.819418138Z,search,full,a42d74844cf7,200,15.10266
2026-09-17T03:40:30.880036802Z,search,full,a42d74844cf7,200,15.067636
2026-09-17T03:40:30.937485675Z,search,full,a42d74844cf7,200,12.735411
2026-09-17T03:40:30.99883062Z,search,full,a42d74844cf7,200,14.481461
2026-09-17T03:40:31.058162719Z,search,full,a42d74844cf7,200,13.313875
2026-09-17T03:40:31.119677248Z,search,full,a42d74844cf7,200,14.871916
2026-09-17T03:40:31.178004156Z,search,full,a42d74844cf7,200,14.055419
2026-09-17T03:40:31.238053874Z,search,full,a42d74844cf7,200,13.481368
2026-09-17T03:40:31.299254258Z,search,full,a42d74844cf7,200,14.532349
2026-09-17T03:40:31.359384129Z,search,full,a42d74844cf7,200,14.353006
2026-09-17T03:40:31.417270893Z,search,full,a42d74844cf7,200,13.360775
2026-09-17T03:40:31.480212496Z,search,full,a42d74844cf7,200,15.368734
2026-09-17T03:40:31.539630097Z,search,full,a42d74844cf7,200,15.567796
2026-09-17T03:40:31.598939979Z,search,full,a42d74844cf7,200,14.841893
2026-09-17T03:40:31.660637031Z,search,full,a42d74844cf7,200,15.868021
2026-09-17T03:40:31.718685382Z,search,full,a42d74844cf7,200,14.521069
2026-09-17T03:40:31.779472658Z,search,full,a42d74844cf7,200,15.563351
2026-09-17T03:40:31.838588995Z,search,full,a42d74844cf7,200,14.405445
2026-09-17T03:40:31.899023984Z,search,full,a42d74844cf7,200,14.707995
2026-09-17T03:40:31.95943953Z,search,full,a42d74844cf7,200,14.59969
2026-09-17T03:40:32.018220851Z,search,full,a42d74844cf7,200,14.26071
2026-09-17T03:40:32.082102877Z,search,full,a42d74844cf7,200,16.437231
2026-09-17T03:40:32.142564292Z,search,full,a42d74844cf7,200,18.104355
2026-09-17T03:40:32.197863299Z,search,full,a42d74844cf7,200,13.607878
2026-09-17T03:40:32.258753553Z,search,full,a42d74844cf7,200,14.002949
2026-09-17T03:40:32.31955582Z,search,full,a42d74844cf7,200,15.17746
2026-09-17T03:40:32.379165942Z,search,full,a42d74844cf7,200,14.298439
2026-09-17T03:40:32.440948819Z,search,full,a42d74844cf7,200,16.22377
2026-09-17T03:40:32.500421893Z,search,full,a42d74844cf7,200,15.57034
2026-09-17T03:40:32.559324074Z,search,full,a42d74844cf7,200,15.139507
2026-09-17T03:40:32.620362089Z,search,full,a42d74844cf7,200,15.375805
2026-09-17T03:40:32.678692956Z,search,full,a42d74844cf7,200,14.013991
2026-09-17T03:40:32.738050981Z,search,full,a42d74844cf7,200,13.549434
2026-09-17T03:40:32.79952234Z,search,full,a42d74844cf7,200,14.725984
2026-09-17T03:40:32.859398331Z,search,full,a42d74844cf7,200,14.821617
2026-09-17T03:40:32.919540271Z,search,full,a42d74844cf7,200,15.660561
2026-09-17T03:40:32.980304035Z,search,full,a42d74844cf7,200,15.437729
2026-09-17T03:40:33.038376453Z,search,full,a42d74844cf7,200,14.38719
2026-09-17T03:40:33.098596295Z,search,full,a42d74844cf7,200,14.449439
2026-09-17T03:40:33.158258109Z,search,full,a42d74844cf7,200,13.704792
2026-09-17T03:40:33.21937437Z,search,full,a42d74844cf7,200,14.395645
2026-09-17T03:40:33.279252681Z,search,full,a42d74844cf7,200,14.447645
2026-09-17T03:40:33.339558369Z,search,full,a42d74844cf7,200,15.636167
2026-09-17T03:40:33.400150055Z,search,full,a42d74844cf7,200,15.867549
2026-09-17T03:40:33.458827033Z,search,full,a42d74844cf7,200,14.198746
2026-09-17T03:40:33.518751148Z,search,full,a42d74844cf7,200,14.259036
2026-09-17T03:40:33.579685445Z,search,full,a42d74844cf7,200,15.319657
2026-09-17T03:40:33.637192002Z,search,full,a42d74844cf7,200,13.069198
2026-09-17T03:40:33.698494233Z,search,full,a42d74844cf7,200,14.479295
2026-09-17T03:40:33.757976973Z,search,full,a42d74844cf7,200,13.864959
2026-09-17T03:40:33.818960624Z,search,full,a42d74844cf7,200,14.420076
2026-09-17T03:40:33.879954906Z,search,full,a42d74844cf7,200,15.312211
2026-09-17T03:40:33.940558547Z,search,full,a42d74844cf7,200,15.76624
2026-09-17T03:40:33.998724271Z,search,full,a42d74844cf7,200,14.568232
2026-09-17T03:40:34.059026789Z,search,full,a42d74844cf7,200,14.569692
2026-09-17T03:40:34.119011663Z,search,full,a42d74844cf7,200,14.332604
2026-09-17T03:40:34.178788721Z,search,full,a42d74844cf7,200,14.413431
2026-09-17T03:40:34.239017273Z,search,full,a42d74844cf7,200,14.659439
2026-09-17T03:40:34.301949505Z,search,full,a42d74844cf7,200,17.413532
2026-09-17T03:40:34.364038562Z,search,full,a42d74844cf7,200,19.416347
2026-09-17T03:40:34.4249938Z,search,full,a42d74844cf7,200,20.286684
2026-09-17T03:40:34.477781599Z,search,full,a42d74844cf7,200,13.477953
2026-09-17T03:40:34.541259202Z,search,full,a42d74844cf7,200,17.275671
2026-09-17T03:40:34.598456741Z,search,full,a42d74844cf7,200,13.538413
2026-09-17T03:40:34.658862929Z,search,full,a42d74844cf7,200,14.64898
2026-09-17T03:40:34.72102291Z,search,full,a42d74844cf7,200,16.567338
2026-09-17T03:40:34.778948115Z,search,full,a42d74844cf7,200,14.455989
2026-09-17T03:40:34.839933816Z,search,full,a42d74844cf7,200,15.265097
2026-09-17T03:40:34.898989709Z,search,full,a42d74844cf7,200,14.335086
2026-09-17T03:40:34.958993054Z,search,full,a42d74844cf7,200,14.216476
2026-09-17T03:40:35.018774452Z,search,full,a42d74844cf7,200,14.112033
2026-09-17T03:40:35.07809348Z,search,full,a42d74844cf7,200,13.79697
2026-09-17T03:40:35.139616137Z,search,full,a42d74844cf7,200,14.662831
2026-09-17T03:40:35.200680849Z,search,full,a42d74844cf7,200,16.370187
2026-09-17T03:40:35.260564485Z,search,full,a42d74844cf7,200,16.153381
2026-09-17T03:40:35.317766729Z,search,full,a42d74844cf7,200,13.437645
2026-09-17T03:40:35.379457905Z,search,full,a42d74844cf7,200,14.720409
2026-09-17T03:40:35.440140823Z,search,full,a42d74844cf7,200,16.121847
2026-09-17T03:40:35.499797532Z,search,full,a42d74844cf7,200,14.872846
2026-09-17T03:40:35.55932537Z,search,full,a42d74844cf7,200,14.723965
2026-09-17T03:40:35.618236792Z,search,full,a42d74844cf7,200,14.097886
2026-09-17T03:40:35.678594094Z,search,full,a42d74844cf7,200,13.876119
2026-09-17T03:40:35.738813786Z,search,full,a42d74844cf7,200,14.327774
2026-09-17T03:40:35.799090553Z,search,full,a42d74844cf7,200,14.345066
2026-09-17T03:40:35.86054591Z,search,full,a42d74844cf7,200,15.655462
2026-09-17T03:40:35.920194838Z,search,full,a42d74844cf7,200,15.977391
2026-09-17T03:40:35.97704093Z,search,full,a42d74844cf7,200,12.335631
2026-09-17T03:40:36.038450148Z,search,full,a42d74844cf7,200,13.721447
2026-09-17T03:40:36.098741161Z,search,full,a42d74844cf7,200,14.66348
2026-09-17T03:40:36.160241822Z,search,full,a42d74844cf7,200,15.804741
2026-09-17T03:40:36.21963834Z,search,full,a42d74844cf7,200,14.67246
2026-09-17T03:40:36.278295933Z,search,full,a42d74844cf7,200,14.249039
2026-09-17T03:40:36.337419351Z,search,full,a42d74844cf7,200,13.533544
2026-09-17T03:40:36.399716463Z,search,full,a42d74844cf7,200,15.43026
2026-09-17T03:40:36.463015341Z,search,full,a42d74844cf7,200,18.479518
2026-09-17T03:40:36.518227988Z,search,full,a42d74844cf7,200,13.669495
2026-09-17T03:40:36.579022784Z,search,full,a42d74844cf7,200,14.297467
2026-09-17T03:40:36.639198953Z,search,full,a42d74844cf7,200,14.411271
2026-09-17T03:40:36.699499017Z,search,full,a42d74844cf7,200,15.457908
2026-09-17T03:40:36.758072167Z,search,full,a42d74844cf7,200,13.852499
2026-09-17T03:40:36.817752477Z,search,full,a42d74844cf7,200,13.006123
2026-09-17T03:40:36.879268499Z,search,full,a42d74844cf7,200,14.99041
2026-09-17T03:40:36.938864443Z,search,full,a42d74844cf7,200,14.941641
2026-09-17T03:40:36.998731317Z,search,full,a42d74844cf7,200,14.040682
2026-09-17T03:40:37.064739866Z,search,full,a42d74844cf7,200,20.178746
2026-09-17T03:40:37.121918544Z,search,full,a42d74844cf7,200,17.475087
2026-09-17T03:40:37.17952232Z,search,full,a42d74844cf7,200,15.267683
2026-09-17T03:40:37.238510851Z,search,full,a42d74844cf7,200,14.271445
2026-09-17T03:40:37.299257133Z,search,full,a42d74844cf7,200,15.010252
2026-09-17T03:40:37.359077635Z,search,full,a42d74844cf7,200,14.162111
2026-09-17T03:40:37.418618934Z,search,full,a42d74844cf7,200,13.861628
2026-09-17T03:40:37.478143323Z,search,full,a42d74844cf7,200,13.934874
2026-09-17T03:40:37.538716548Z,search,full,a42d74844cf7,200,13.773651
2026-09-17T03:40:37.598969227Z,search,full,a42d74844cf7,200,14.005578
2026-09-17T03:40:37.658728213Z,search,full,a42d74844cf7,200,14.104026
2026-09-17T03:40:37.718687985Z,search,full,a42d74844cf7,200,13.947164
2026-09-17T03:40:37.778403158Z,search,full,a42d74844cf7,200,14.426501
2026-09-17T03:40:37.838302486Z,search,full,a42d74844cf7,200,14.160811
2026-09-17T03:40:37.900814351Z,search,full,a42d74844cf7,200,16.848106
2026-09-17T03:40:37.959494789Z,search,full,a42d74844cf7,200,15.120766
2026-09-17T03:40:38.019081192Z,search,full,a42d74844cf7,200,14.90441
2026-09-17T03:40:38.079751929Z,search,full,a42d74844cf7,200,15.219604
2026-09-17T03:40:38.139221863Z,search,full,a42d74844cf7,200,14.498749
2026-09-17T03:40:38.19924364Z,search,full,a42d74844cf7,200,14.307453
2026-09-17T03:40:38.25820624Z,search,full,a42d74844cf7,200,13.378487
2026-09-17T03:40:38.320429811Z,search,full,a42d74844cf7,200,15.596442
2026-09-17T03:40:38.383413286Z,search,full,a42d74844cf7,200,18.618845
2026-09-17T03:40:38.440611115Z,search,full,a42d74844cf7,200,16.661095
2026-09-17T03:40:38.511267063Z,search,full,a42d74844cf7,200,27.048386
2026-09-17T03:40:38.567980844Z,search,full,a42d74844cf7,200,23.993363
2026-09-17T03:40:38.619258087Z,search,full,a42d74844cf7,200,14.8037
2026-09-17T03:40:38.678326245Z,search,full,a42d74844cf7,200,13.645597
2026-09-17T03:40:38.737202293Z,search,full,a42d74844cf7,200,13.123296
2026-09-17T03:40:38.798599962Z,search,full,a42d74844cf7,200,13.729608
2026-09-17T03:40:38.858934112Z,search,full,a42d74844cf7,200,14.514533
2026-09-17T03:40:38.922000684Z,search,full,a42d74844cf7,200,17.407952
2026-09-17T03:40:38.979649828Z,search,full,a42d74844cf7,200,15.234444
2026-09-17T03:40:39.039494277Z,search,full,a42d74844cf7,200,14.911959
2026-09-17T03:40:39.099049862Z,search,full,a42d74844cf7,200,14.822323
2026-09-17T03:40:39.161137628Z,search,full,a42d74844cf7,200,16.291396
2026-09-17T03:40:39.219248607Z,search,full,a42d74844cf7,200,14.496436
2026-09-17T03:40:39.279389433Z,search,full,a42d74844cf7,200,14.757056
2026-09-17T03:40:39.338090764Z,search,full,a42d74844cf7,200,14.091247
2026-09-17T03:40:39.398598228Z,search,full,a42d74844cf7,200,13.874604
2026-09-17T03:40:39.45928288Z,search,full,a42d74844cf7,200,14.502497
2026-09-17T03:40:39.517844486Z,search,full,a42d74844cf7,200,13.856299
2026-09-17T03:40:39.578284394Z,search,full,a42d74844cf7,200,13.629321
2026-09-17T03:40:39.643772072Z,search,full,a42d74844cf7,200,19.365673
2026-09-17T03:40:39.69887966Z,search,full,a42d74844cf7,200,14.443044
2026-09-17T03:40:39.760518221Z,search,full,a42d74844cf7,200,15.840978
2026-09-17T03:40:39.821503112Z,search,full,a42d74844cf7,200,17.465389
2026-09-17T03:40:39.879769379Z,search,full,a42d74844cf7,200,14.963267
2026-09-17T03:40:39.938832257Z,search,full,a42d74844cf7,200,14.208149
2026-09-17T03:40:39.999660312Z,search,full,a42d74844cf7,200,15.13302
2026-09-17T03:40:40.057699541Z,search,full,a42d74844cf7,200,13.402012
2026-09-17T03:40:40.119464836Z,search,full,a42d74844cf7,200,14.982257
2026-09-17T03:40:40.178329451Z,search,full,a42d74844cf7,200,13.702501
2026-09-17T03:40:40.236788852Z,search,full,a42d74844cf7,200,12.844945
2026-09-17T03:40:40.298398256Z,search,full,a42d74844cf7,200,13.891945
2026-09-17T03:40:40.360098797Z,search,full,a42d74844cf7,200,15.122363
2026-09-17T03:40:40.418320991Z,search,full,a42d74844cf7,200,13.675449
2026-09-17T03:40:40.482906202Z,search,full,a42d74844cf7,200,18.097427
2026-09-17T03:40:40.538391948Z,search,full,a42d74844cf7,200,13.870044
2026-09-17T03:40:40.598616014Z,search,full,a42d74844cf7,200,14.521459
2026-09-17T03:40:40.657814984Z,search,full,a42d74844cf7,200,13.621015
2026-09-17T03:40:40.717386791Z,search,full,a42d74844cf7,200,12.807592
2026-09-17T03:40:40.781165711Z,search,full,a42d74844cf7,200,16.109719
2026-09-17T03:40:40.84376012Z,search,full,a42d74844cf7,200,18.860511
2026-09-17T03:40:40.904393699Z,search,full,a42d74844cf7,200,19.992194
2026-09-17T03:40:40.957311477Z,search,full,a42d74844cf7,200,13.167104
2026-09-17T03:40:41.018340932Z,search,full,a42d74844cf7,200,13.359061
2026-09-17T03:40:41.078763338Z,search,full,a42d74844cf7,200,14.065682
2026-09-17T03:40:41.140500371Z,search,full,a42d74844cf7,200,16.020098
2026-09-17T03:40:41.197594296Z,search,full,a42d74844cf7,200,13.499491
2026-09-17T03:40:41.257536031Z,search,full,a42d74844cf7,200,13.206458
2026-09-17T03:40:41.319548579Z,search,full,a42d74844cf7,200,15.241087
2026-09-17T03:40:41.378307405Z,search,full,a42d74844cf7,200,13.41981
2026-09-17T03:40:41.437918405Z,search,full,a42d74844cf7,200,13.782947
2026-09-17T03:40:41.499890886Z,search,full,a42d74844cf7,200,15.15187
2026-09-17T03:40:41.559809061Z,search,full,a42d74844cf7,200,15.164203
2026-09-17T03:40:41.622663891Z,search,full,a42d74844cf7,200,17.812216
2026-09-17T03:40:41.679818122Z,search,full,a42d74844cf7,200,15.900248
2026-09-17T03:40:41.744612995Z,search,full,a42d74844cf7,200,20.126341
2026-09-17T03:40:41.805955963Z,search,full,a42d74844cf7,200,21.415202
2026-09-17T03:40:41.86439528Z,search,full,a42d74844cf7,200,19.588912
2026-09-17T03:40:41.929397793Z,search,full,a42d74844cf7,200,24.357347
2026-09-17T03:40:41.979664391Z,search,full,a42d74844cf7,200,14.80506
2026-09-17T03:40:42.038855739Z,search,full,a42d74844cf7,200,14.305671
2026-09-17T03:40:42.098481201Z,search,full,a42d74844cf7,200,14.238636
2026-09-17T03:40:42.164118173Z,search,full,a42d74844cf7,200,19.542459
2026-09-17T03:40:42.221416166Z,search,full,a42d74844cf7,200,16.683182
2026-09-17T03:40:42.280279474Z,search,full,a42d74844cf7,200,15.518065
2026-09-17T03:40:42.342469398Z,search,full,a42d74844cf7,200,17.525329
2026-09-17T03:40:42.398444289Z,search,full,a42d74844cf7,200,14.493781
2026-09-17T03:40:42.458257396Z,search,full,a42d74844cf7,200,14.031406
2026-09-17T03:40:42.518282407Z,search,full,a42d74844cf7,200,14.280285
2026-09-17T03:40:42.583076835Z,search,full,a42d74844cf7,200,18.326174
2026-09-17T03:40:42.640302993Z,search,full,a42d74844cf7,200,15.543516
2026-09-17T03:40:42.700091377Z,search,full,a42d74844cf7,200,16.16856
2026-09-17T03:40:42.758190001Z,search,full,a42d74844cf7,200,13.260761
2026-09-17T03:40:42.819197474Z,search,full,a42d74844cf7,200,14.319852
2026-09-17T03:40:42.880592306Z,search,full,a42d74844cf7,200,15.974915
2026-09-17T03:40:42.93958918Z,search,full,a42d74844cf7,200,15.460281
2026-09-17T03:40:42.998067209Z,search,full,a42d74844cf7,200,13.34511
2026-09-17T03:40:43.058331844Z,search,full,a42d74844cf7,200,13.719978
2026-09-17T03:40:43.118094702Z,search,full,a42d74844cf7,200,14.219085
2026-09-17T03:40:43.178361007Z,search,full,a42d74844cf7,200,13.646336
2026-09-17T03:40:43.236584881Z,search,full,a42d74844cf7,200,12.615538
2026-09-17T03:40:43.29865167Z,search,full,a42d74844cf7,200,14.177927
2026-09-17T03:40:43.357446397Z,search,full,a42d74844cf7,200,12.963644
2026-09-17T03:40:43.418732536Z,search,full,a42d74844cf7,200,14.421585
2026-09-17T03:40:43.478578656Z,search,full,a42d74844cf7,200,14.507923
2026-09-17T03:40:43.540702078Z,search,full,a42d74844cf7,200,16.349824
2026-09-17T03:40:43.597788055Z,search,full,a42d74844cf7,200,13.55916
2026-09-17T03:40:43.659262769Z,search,full,a42d74844cf7,200,14.652584
2026-09-17T03:40:43.71836319Z,search,full,a42d74844cf7,200,13.404387
2026-09-17T03:40:43.779454753Z,search,full,a42d74844cf7,200,14.400953
2026-09-17T03:40:43.838538404Z,search,full,a42d74844cf7,200,13.598883
2026-09-17T03:40:43.900222633Z,search,full,a42d74844cf7,200,15.929562
2026-09-17T03:40:43.957735229Z,search,full,a42d74844cf7,200,13.75276
2026-09-17T03:40:44.018910234Z,search,full,a42d74844cf7,200,14.271564
2026-09-17T03:40:44.080416549Z,search,full,a42d74844cf7,200,16.067418
2026-09-17T03:40:44.139837469Z,search,full,a42d74844cf7,200,15.581549
2026-09-17T03:40:44.198834859Z,search,full,a42d74844cf7,200,14.314318
2026-09-17T03:40:44.260470434Z,search,full,a42d74844cf7,200,15.38271
2026-09-17T03:40:44.318247794Z,search,full,a42d74844cf7,200,13.922477
2026-09-17T03:40:44.379192617Z,search,full,a42d74844cf7,200,14.506402
2026-09-17T03:40:44.440233977Z,search,full,a42d74844cf7,200,15.225573
2026-09-17T03:40:44.500085926Z,search,full,a42d74844cf7,200,15.085636
2026-09-17T03:40:44.55960128Z,search,full,a42d74844cf7,200,14.72763
2026-09-17T03:40:44.622669195Z,search,full,a42d74844cf7,200,18.402866
2026-09-17T03:40:44.677443264Z,search,full,a42d74844cf7,200,13.425519
2026-09-17T03:40:44.74299795Z,search,full,a42d74844cf7,200,18.835703
2026-09-17T03:40:44.799105562Z,search,full,a42d74844cf7,200,14.432807
2026-09-17T03:40:44.858226855Z,search,full,a42d74844cf7,200,13.454151
2026-09-17T03:40:44.919885803Z,search,full,a42d74844cf7,200,14.977702
2026-09-17T03:40:44.979240763Z,search,full,a42d74844cf7,200,14.99809
2026-09-17T03:40:45.03982629Z,search,full,a42d74844cf7,200,15.940533
2026-09-17T03:40:45.1000932Z,search,full,a42d74844cf7,200,15.26184
2026-09-17T03:40:45.158888608Z,search,full,a42d74844cf7,200,13.961276
2026-09-17T03:40:45.217899263Z,search,full,a42d74844cf7,200,13.251987
2026-09-17T03:40:45.279631086Z,search,full,a42d74844cf7,200,14.815596
2026-09-17T03:40:45.337352221Z,search,full,a42d74844cf7,200,13.214974
2026-09-17T03:40:45.398992868Z,search,full,a42d74844cf7,200,14.850163
2026-09-17T03:40:45.459921869Z,search,full,a42d74844cf7,200,15.187955
2026-09-17T03:40:45.52046581Z,search,full,a42d74844cf7,200,15.865291
2026-09-17T03:40:45.579857304Z,search,full,a42d74844cf7,200,15.073205
2026-09-17T03:40:45.63789618Z,search,full,a42d74844cf7,200,13.363361
2026-09-17T03:40:45.697791941Z,search,full,a42d74844cf7,200,13.221138
2026-09-17T03:40:45.757871443Z,search,full,a42d74844cf7,200,13.396497
2026-09-17T03:40:45.819415002Z,search,full,a42d74844cf7,200,14.460009
2026-09-17T03:40:45.878492791Z,search,full,a42d74844cf7,200,13.727075
2026-09-17T03:40:45.939683463Z,search,full,a42d74844cf7,200,15.431563
2026-09-17T03:40:45.997704111Z,search,full,a42d74844cf7,200,13.211987
2026-09-17T03:40:46.058197849Z,search,full,a42d74844cf7,200,13.868523
2026-09-17T03:40:46.119259572Z,search,full,a42d74844cf7,200,14.406615
2026-09-17T03:40:46.177779958Z,search,full,a42d74844cf7,200,13.203743
2026-09-17T03:40:46.238368643Z,search,full,a42d74844cf7,200,13.70017
2026-09-17T03:40:46.299306806Z,search,full,a42d74844cf7,200,15.203856
2026-09-17T03:40:46.358234854Z,search,full,a42d74844cf7,200,14.308067
2026-09-17T03:40:46.418996782Z,search,full,a42d74844cf7,200,14.078499
2026-09-17T03:40:46.478729463Z,search,full,a42d74844cf7,200,14.366991
2026-09-17T03:40:46.538581761Z,search,full,a42d74844cf7,200,14.254637
2026-09-17T03:40:46.59811097Z,search,full,a42d74844cf7,200,13.64083
2026-09-17T03:40:46.660668802Z,search,full,a42d74844cf7,200,15.450864
2026-09-17T03:40:46.718964188Z,search,full,a42d74844cf7,200,14.017471
2026-09-17T03:40:46.778041971Z,search,full,a42d74844cf7,200,13.777636
2026-09-17T03:40:46.838256813Z,search,full,a42d74844cf7,200,13.630186
2026-09-17T03:40:46.898108077Z,search,full,a42d74844cf7,200,14.125093
2026-09-17T03:40:46.958378827Z,search,full,a42d74844cf7,200,13.750963
2026-09-17T03:40:47.017005773Z,search,full,a42d74844cf7,200,12.824063
2026-09-17T03:40:47.079418368Z,search,full,a42d74844cf7,200,14.73596
2026-09-17T03:40:47.137034007Z,search,full,a42d74844cf7,200,12.987066
2026-09-17T03:40:47.198713846Z,search,full,a42d74844cf7,200,13.829031
2026-09-17T03:40:47.260223517Z,search,full,a42d74844cf7,200,15.820229
2026-09-17T03:40:47.321975986Z,search,full,a42d74844cf7,200,17.140235
2026-09-17T03:40:47.378977146Z,search,full,a42d74844cf7,200,14.638942
2026-09-17T03:40:47.44123187Z,search,full,a42d74844cf7,200,16.579702
2026-09-17T03:40:47.498409089Z,search,full,a42d74844cf7,200,14.475375
2026-09-17T03:40:47.558319842Z,search,full,a42d74844cf7,200,14.061393
2026-09-17T03:40:47.617326671Z,search,full,a42d74844cf7,200,13.432911
2026-09-17T03:40:47.678596339Z,search,full,a42d74844cf7,200,13.335857
2026-09-17T03:40:47.73732575Z,search,full,a42d74844cf7,200,13.154658
2026-09-17T03:40:47.797644549Z,search,full,a42d74844cf7,200,13.730036
2026-09-17T03:40:47.858026623Z,search,full,a42d74844cf7,200,13.535495
2026-09-17T03:40:47.918391451Z,search,full,a42d74844cf7,200,13.708131
2026-09-17T03:40:47.979021097Z,search,full,a42d74844cf7,200,14.306982
2026-09-17T03:40:48.038349676Z,search,full,a42d74844cf7,200,13.67984
2026-09-17T03:40:48.098218823Z,search,full,a42d74844cf7,200,14.263926
2026-09-17T03:40:48.16048062Z,search,full,a42d74844cf7,200,15.546665
2026-09-17T03:40:48.220238086Z,search,full,a42d74844cf7,200,16.071405
2026-09-17T03:40:48.279690288Z,search,full,a42d74844cf7,200,14.983912
2026-09-17T03:40:48.338441777Z,search,full,a42d74844cf7,200,13.878098
2026-09-17T03:40:48.402946705Z,search,full,a42d74844cf7,200,18.734958
2026-09-17T03:40:48.459198774Z,search,full,a42d74844cf7,200,14.521162
2026-09-17T03:40:48.520089136Z,search,full,a42d74844cf7,200,15.014775
2026-09-17T03:40:48.579646796Z,search,full,a42d74844cf7,200,15.092971
2026-09-17T03:40:48.642694909Z,search,full,a42d74844cf7,200,17.667517
2026-09-17T03:40:48.69799451Z,search,full,a42d74844cf7,200,14.8276
2026-09-17T03:40:48.757588383Z,search,full,a42d74844cf7,200,14.948469
2026-09-17T03:40:48.816934538Z,search,full,a42d74844cf7,200,14.570161
2026-09-17T03:40:48.875762683Z,search,full,a42d74844cf7,200,13.36887
2026-09-17T03:40:48.936074941Z,search,full,a42d74844cf7,200,13.522351
2026-09-17T03:40:48.997937297Z,search,full,a42d74844cf7,200,15.018525
2026-09-17T03:40:49.059786081Z,search,full,a42d74844cf7,200,17.19629
2026-09-17T03:40:49.118445433Z,search,full,a42d74844cf7,200,15.940485
2026-09-17T03:40:49.178265973Z,search,full,a42d74844cf7,200,15.43661
2026-09-17T03:40:49.237705405Z,search,full,a42d74844cf7,200,14.81172
2026-09-17T03:40:49.29784443Z,search,full,a42d74844cf7,200,15.329589
2026-09-17T03:40:49.357191995Z,search,full,a42d74844cf7,200,14.548229
2026-09-17T03:40:49.417302657Z,search,full,a42d74844cf7,200,14.415458
2026-09-17T03:40:49.476761881Z,search,full,a42d74844cf7,200,14.10368
2026-09-17T03:40:49.537420065Z,search,full,a42d74844cf7,200,14.884315
2026-09-17T03:40:49.596458846Z,search,full,a42d74844cf7,200,14.248906
2026-09-17T03:40:49.658898256Z,search,full,a42d74844cf7,200,15.852348
2026-09-17T03:40:49.719284474Z,search,full,a42d74844cf7,200,16.262439
2026-09-17T03:40:49.776887092Z,search,full,a42d74844cf7,200,14.336499
2026-09-17T03:40:49.844016848Z,search,full,a42d74844cf7,200,21.204536
2026-09-17T03:40:49.897908476Z,search,full,a42d74844cf7,200,15.091283
2026-09-17T03:40:49.958294086Z,search,full,a42d74844cf7,200,15.665161
2026-09-17T03:40:50.019706262Z,search,full,a42d74844cf7,200,17.432093
2026-09-17T03:40:50.079807305Z,search,full,a42d74844cf7,200,16.708034
2026-09-17T03:40:50.139200002Z,search,full,a42d74844cf7,200,16.612126
2026-09-17T03:40:50.199421374Z,search,full,a42d74844cf7,200,16.671742
2026-09-17T03:40:50.25749203Z,search,full,a42d74844cf7,200,14.533378
2026-09-17T03:40:50.316745298Z,search,full,a42d74844cf7,200,13.675903
2026-09-17T03:40:50.378933699Z,search,full,a42d74844cf7,200,16.873411
2026-09-17T03:40:50.437122025Z,search,full,a42d74844cf7,200,14.461613
2026-09-17T03:40:50.497866076Z,search,full,a42d74844cf7,200,15.003278
2026-09-17T03:40:50.556957991Z,search,full,a42d74844cf7,200,14.339134
2026-09-17T03:40:50.61859442Z,search,full,a42d74844cf7,200,15.685636
2026-09-17T03:40:50.67618417Z,search,full,a42d74844cf7,200,13.889158
2026-09-17T03:40:50.736569083Z,search,full,a42d74844cf7,200,13.817994
2026-09-17T03:40:50.798246295Z,search,full,a42d74844cf7,200,15.462549
2026-09-17T03:40:50.856498556Z,search,full,a42d74844cf7,200,13.744418
2026-09-17T03:40:50.918254595Z,search,full,a42d74844cf7,200,16.171763
2026-09-17T03:40:50.978167972Z,search,full,a42d74844cf7,200,15.668665
2026-09-17T03:40:51.038103112Z,search,full,a42d74844cf7,200,15.247633
2026-09-17T03:40:51.09670862Z,search,full,a42d74844cf7,200,13.991221
2026-09-17T03:40:51.157383471Z,search,full,a42d74844cf7,200,14.818125
2026-09-17T03:40:51.216340436Z,search,full,a42d74844cf7,200,14.34606
2026-09-17T03:40:51.276659794Z,search,full,a42d74844cf7,200,13.827429
2026-09-17T03:40:51.337261959Z,search,full,a42d74844cf7,200,14.799232
2026-09-17T03:40:51.396936578Z,search,full,a42d74844cf7,200,13.952294
2026-09-17T03:40:51.457222695Z,search,full,a42d74844cf7,200,14.56047
2026-09-17T03:40:51.51895505Z,search,full,a42d74844cf7,200,16.063179
2026-09-17T03:40:51.577585119Z,search,full,a42d74844cf7,200,15.21008
2026-09-17T03:40:51.636460704Z,search,full,a42d74844cf7,200,14.131834
2026-09-17T03:40:51.697874886Z,search,full,a42d74844cf7,200,14.783963
2026-09-17T03:40:51.757484434Z,search,full,a42d74844cf7,200,14.827
2026-09-17T03:40:51.816540297Z,search,full,a42d74844cf7,200,13.457536
2026-09-17T03:40:51.879694297Z,search,full,a42d74844cf7,200,16.86336
2026-09-17T03:40:51.936761913Z,search,full,a42d74844cf7,200,14.249206
2026-09-17T03:40:51.996779778Z,search,full,a42d74844cf7,200,14.206383
2026-09-17T03:40:52.056390953Z,search,full,a42d74844cf7,200,13.781441
2026-09-17T03:40:52.117320308Z,search,full,a42d74844cf7,200,14.936549
2026-09-17T03:40:52.176734728Z,search,full,a42d74844cf7,200,13.969675
2026-09-17T03:40:52.236704995Z,search,full,a42d74844cf7,200,14.204474
2026-09-17T03:40:52.296524606Z,search,full,a42d74844cf7,200,14.08694
2026-09-17T03:40:52.358937332Z,search,full,a42d74844cf7,200,16.730144
2026-09-17T03:40:52.41616043Z,search,full,a42d74844cf7,200,13.543903
2026-09-17T03:40:52.476265472Z,search,full,a42d74844cf7,200,13.431034
2026-09-17T03:40:52.536727396Z,search,full,a42d74844cf7,200,13.717971
2026-09-17T03:40:52.596734906Z,search,full,a42d74844cf7,200,14.261927
2026-09-17T03:40:52.656515234Z,search,full,a42d74844cf7,200,13.90402
2026-09-17T03:40:52.716359431Z,search,full,a42d74844cf7,200,14.315376
2026-09-17T03:40:52.780894857Z,search,full,a42d74844cf7,200,18.156649
2026-09-17T03:40:52.836929578Z,search,full,a42d74844cf7,200,14.648837
2026-09-17T03:40:52.898123614Z,search,full,a42d74844cf7,200,15.568287
2026-09-17T03:40:52.957738488Z,search,full,a42d74844cf7,200,14.82414
2026-09-17T03:40:53.017345623Z,search,full,a42d74844cf7,200,14.733234
2026-09-17T03:40:53.076802726Z,search,full,a42d74844cf7,200,14.635146
2026-09-17T03:40:53.136114908Z,search,full,a42d74844cf7,200,13.620694
2026-09-17T03:40:53.19799774Z,search,full,a42d74844cf7,200,15.136619
2026-09-17T03:40:53.256902415Z,search,full,a42d74844cf7,200,14.042841
2026-09-17T03:40:53.319526759Z,search,full,a42d74844cf7,200,16.78835
2026-09-17T03:40:53.378452327Z,search,full,a42d74844cf7,200,15.639488
2026-09-17T03:40:53.436174301Z,search,full,a42d74844cf7,200,13.884218
2026-09-17T03:40:53.498116734Z,search,full,a42d74844cf7,200,15.295627
2026-09-17T03:40:53.557534674Z,search,full,a42d74844cf7,200,14.62693
2026-09-17T03:40:53.616727987Z,search,full,a42d74844cf7,200,14.141828
2026-09-17T03:40:53.680583671Z,search,full,a42d74844cf7,200,17.492129
2026-09-17T03:40:53.736951887Z,search,full,a42d74844cf7,200,14.505851
2026-09-17T03:40:53.796970718Z,search,full,a42d74844cf7,200,14.315971
2026-09-17T03:40:53.856721283Z,search,full,a42d74844cf7,200,13.519822
2026-09-17T03:40:53.917258199Z,search,full,a42d74844cf7,200,14.923393
2026-09-17T03:40:53.977043057Z,search,full,a42d74844cf7,200,14.335333
2026-09-17T03:40:54.038258177Z,search,full,a42d74844cf7,200,15.633225
2026-09-17T03:40:54.096054859Z,search,full,a42d74844cf7,200,13.687224
2026-09-17T03:40:54.158265901Z,search,full,a42d74844cf7,200,15.360421
2026-09-17T03:40:54.218232843Z,search,full,a42d74844cf7,200,15.171146
2026-09-17T03:40:54.277178843Z,search,full,a42d74844cf7,200,14.569912
2026-09-17T03:40:54.337257137Z,search,full,a42d74844cf7,200,14.556084
2026-09-17T03:40:54.398172681Z,search,full,a42d74844cf7,200,15.311798
2026-09-17T03:40:54.456312564Z,search,full,a42d74844cf7,200,13.547077
2026-09-17T03:40:54.515434571Z,search,full,a42d74844cf7,200,12.305048
2026-09-17T03:40:54.577865291Z,search,full,a42d74844cf7,200,14.975056
2026-09-17T03:40:54.638840449Z,search,full,a42d74844cf7,200,16.017311
2026-09-17T03:40:54.697602855Z,search,full,a42d74844cf7,200,14.906363
2026-09-17T03:40:54.756380256Z,search,full,a42d74844cf7,200,14.098011
2026-09-17T03:40:54.824150946Z,search,full,a42d74844cf7,200,20.930986
2026-09-17T03:40:54.877304503Z,search,full,a42d74844cf7,200,14.734708
2026-09-17T03:40:54.936253037Z,search,full,a42d74844cf7,200,13.425959
2026-09-17T03:40:54.997624047Z,search,full,a42d74844cf7,200,14.751295
2026-09-17T03:40:55.056608127Z,search,full,a42d74844cf7,200,13.866258
2026-09-17T03:40:55.116270666Z,search,full,a42d74844cf7,200,13.889869
2026-09-17T03:40:55.176961343Z,search,full,a42d74844cf7,200,14.106205
2026-09-17T03:40:55.236821396Z,search,full,a42d74844cf7,200,14.002118
2026-09-17T03:40:55.296330474Z,search,full,a42d74844cf7,200,13.575845
2026-09-17T03:40:55.355997862Z,search,full,a42d74844cf7,200,13.232688
2026-09-17T03:40:55.417572617Z,search,full,a42d74844cf7,200,14.710212
2026-09-17T03:40:55.47821673Z,search,full,a42d74844cf7,200,15.198974
2026-09-17T03:40:55.542492885Z,search,full,a42d74844cf7,200,19.697387
2026-09-17T03:40:55.597663687Z,search,full,a42d74844cf7,200,14.600754
2026-09-17T03:40:55.661133994Z,search,full,a42d74844cf7,200,18.842905
2026-09-17T03:40:55.72010884Z,search,full,a42d74844cf7,200,17.339901
2026-09-17T03:40:55.776364103Z,search,full,a42d74844cf7,200,13.806854
2026-09-17T03:40:55.836531186Z,search,full,a42d74844cf7,200,13.400741
2026-09-17T03:40:55.8964598Z,search,full,a42d74844cf7,200,14.390297
2026-09-17T03:40:55.955916708Z,search,full,a42d74844cf7,200,13.809083
2026-09-17T03:40:56.016399406Z,search,full,a42d74844cf7,200,13.798574
2026-09-17T03:40:56.076999248Z,search,full,a42d74844cf7,200,14.099882
2026-09-17T03:40:56.137605818Z,search,full,a42d74844cf7,200,15.034358
2026-09-17T03:40:56.199719Z,search,full,a42d74844cf7,200,17.232781
2026-09-17T03:40:56.256143755Z,search,full,a42d74844cf7,200,13.861587
2026-09-17T03:40:56.315456752Z,search,full,a42d74844cf7,200,12.693077
2026-09-17T03:40:56.377326181Z,search,full,a42d74844cf7,200,14.321252
2026-09-17T03:40:56.437537393Z,search,full,a42d74844cf7,200,14.675201
2026-09-17T03:40:56.498196393Z,search,full,a42d74844cf7,200,16.185027
2026-09-17T03:40:56.556982965Z,search,full,a42d74844cf7,200,14.111793
2026-09-17T03:40:56.616235342Z,search,full,a42d74844cf7,200,13.663723
2026-09-17T03:40:56.676756261Z,search,full,a42d74844cf7,200,13.96403
2026-09-17T03:40:56.737555372Z,search,full,a42d74844cf7,200,15.107393
2026-09-17T03:40:56.796674934Z,search,full,a42d74844cf7,200,13.985191
2026-09-17T03:40:56.857889618Z,search,full,a42d74844cf7,200,15.209571
2026-09-17T03:40:56.920919301Z,search,full,a42d74844cf7,200,17.004943
2026-09-17T03:40:56.976014803Z,search,full,a42d74844cf7,200,13.661712
2026-09-17T03:40:57.040056214Z,search,full,a42d74844cf7,200,17.496687
2026-09-17T03:40:57.096512751Z,search,full,a42d74844cf7,200,13.901631
2026-09-17T03:40:57.155813177Z,search,full,a42d74844cf7,200,13.424034
2026-09-17T03:40:57.216538612Z,search,full,a42d74844cf7,200,14.007553
2026-09-17T03:40:57.280040292Z,search,full,a42d74844cf7,200,17.108367
2026-09-17T03:40:57.336838015Z,search,full,a42d74844cf7,200,14.246496
2026-09-17T03:40:57.399321427Z,search,full,a42d74844cf7,200,16.837907
2026-09-17T03:40:57.458452725Z,search,full,a42d74844cf7,200,15.352707
2026-09-17T03:40:57.517475174Z,search,full,a42d74844cf7,200,14.377987
2026-09-17T03:40:57.578056028Z,search,full,a42d74844cf7,200,15.260735
2026-09-17T03:40:57.637517247Z,search,full,a42d74844cf7,200,14.819692
2026-09-17T03:40:57.698756162Z,search,full,a42d74844cf7,200,15.632043
2026-09-17T03:40:57.756737757Z,search,full,a42d74844cf7,200,14.212274
2026-09-17T03:40:57.819917782Z,search,full,a42d74844cf7,200,17.493838
2026-09-17T03:40:57.878344401Z,search,full,a42d74844cf7,200,16.057501
2026-09-17T03:40:57.938181058Z,search,full,a42d74844cf7,200,15.094002
2026-09-17T03:40:57.99782813Z,search,full,a42d74844cf7,200,14.961138
2026-09-17T03:40:58.058144755Z,search,full,a42d74844cf7,200,15.295788
2026-09-17T03:40:58.117217843Z,search,full,a42d74844cf7,200,14.941235
2026-09-17T03:40:58.176754447Z,search,full,a42d74844cf7,200,13.978905
2026-09-17T03:40:58.240000353Z,search,full,a42d74844cf7,200,17.532876
2026-09-17T03:40:58.300343963Z,search,full,a42d74844cf7,200,17.688558
2026-09-17T03:40:58.360931368Z,search,full,a42d74844cf7,200,18.723712
2026-09-17T03:40:58.427935517Z,search,full,a42d74844cf7,200,25.453979
2026-09-17T03:40:58.478599918Z,search,full,a42d74844cf7,200,16.015118
2026-09-17T03:40:58.537344961Z,search,full,a42d74844cf7,200,15.008835
2026-09-17T03:40:58.59889216Z,search,full,a42d74844cf7,200,15.794821
2026-09-17T03:40:58.657392444Z,search,full,a42d74844cf7,200,14.525188
2026-09-17T03:40:58.717024235Z,search,full,a42d74844cf7,200,13.974195
2026-09-17T03:40:58.776192462Z,search,full,a42d74844cf7,200,13.809494
2026-09-17T03:40:58.837956188Z,search,full,a42d74844cf7,200,15.035998
2026-09-17T03:40:58.896573591Z,search,full,a42d74844cf7,200,14.005378
2026-09-17T03:40:58.955921831Z,search,full,a42d74844cf7,200,13.88253
2026-09-17T03:40:59.017244998Z,search,full,a42d74844cf7,200,14.652874
2026-09-17T03:40:59.076668827Z,search,full,a42d74844cf7,200,13.85134
2026-09-17T03:40:59.138771205Z,search,full,a42d74844cf7,200,16.435581
2026-09-17T03:40:59.198091091Z,search,full,a42d74844cf7,200,15.554411
2026-09-17T03:40:59.260437183Z,search,full,a42d74844cf7,200,17.522406
2026-09-17T03:40:59.318434553Z,search,full,a42d74844cf7,200,15.307109
2026-09-17T03:40:59.378257219Z,search,full,a42d74844cf7,200,15.430448
2026-09-17T03:40:59.438816322Z,search,full,a42d74844cf7,200,16.054497
2026-09-17T03:40:59.497738204Z,search,full,a42d74844cf7,200,15.13425
2026-09-17T03:40:59.55737494Z,search,full,a42d74844cf7,200,14.502696
2026-09-17T03:40:59.622524927Z,search,full,a42d74844cf7,200,19.521833
2026-09-17T03:40:59.678172053Z,search,full,a42d74844cf7,200,15.286178
2026-09-17T03:40:59.738486096Z,search,full,a42d74844cf7,200,15.750824
2026-09-17T03:40:59.795192232Z,search,full,a42d74844cf7,200,13.160904
2026-09-17T03:40:59.857035289Z,search,full,a42d74844cf7,200,14.278819
2026-09-17T03:40:59.918313401Z,search,full,a42d74844cf7,200,15.438179
2026-09-17T03:40:59.977196045Z,search,full,a42d74844cf7,200,14.418669
2026-09-17T03:41:00.038885155Z,search,full,a42d74844cf7,200,15.350341
2026-09-17T03:41:00.098367325Z,search,full,a42d74844cf7,200,15.640203
2026-09-17T03:41:00.159315318Z,search,full,a42d74844cf7,200,16.175116
2026-09-17T03:41:00.218970732Z,search,full,a42d74844cf7,200,16.040926
2026-09-17T03:41:00.27681236Z,search,full,a42d74844cf7,200,14.217695
2026-09-17T03:41:00.337462135Z,search,full,a42d74844cf7,200,15.005091
2026-09-17T03:41:00.396481859Z,search,full,a42d74844cf7,200,14.380213
2026-09-17T03:41:00.459233041Z,search,full,a42d74844cf7,200,16.092329
2026-09-17T03:41:00.516749699Z,search,full,a42d74844cf7,200,14.015148
2026-09-17T03:41:00.575902144Z,search,full,a42d74844cf7,200,13.802032
2026-09-17T03:41:00.636380221Z,search,full,a42d74844cf7,200,13.836086
2026-09-17T03:41:00.696706267Z,search,full,a42d74844cf7,200,13.673813
2026-09-17T03:41:00.759262212Z,search,full,a42d74844cf7,200,16.840256
2026-09-17T03:41:00.817823971Z,search,full,a42d74844cf7,200,14.864885
2026-09-17T03:41:00.875510103Z,search,full,a42d74844cf7,200,13.282563
2026-09-17T03:41:00.93664924Z,search,full,a42d74844cf7,200,14.535133
2026-09-17T03:41:01.000043721Z,search,full,a42d74844cf7,200,17.833193
2026-09-17T03:41:01.05767893Z,search,full,a42d74844cf7,200,14.840433
2026-09-17T03:41:01.119523531Z,search,full,a42d74844cf7,200,17.089646
2026-09-17T03:41:01.177214578Z,search,full,a42d74844cf7,200,14.409174
2026-09-17T03:41:01.237510336Z,search,full,a42d74844cf7,200,14.541255
2026-09-17T03:41:01.298128633Z,search,full,a42d74844cf7,200,15.004846
2026-09-17T03:41:01.358183717Z,search,full,a42d74844cf7,200,15.332099
2026-09-17T03:41:01.41796634Z,search,full,a42d74844cf7,200,14.938469
2026-09-17T03:41:01.476075034Z,search,full,a42d74844cf7,200,13.737802
2026-09-17T03:41:01.537670658Z,search,full,a42d74844cf7,200,14.896828
2026-09-17T03:41:01.59757165Z,search,full,a42d74844cf7,200,15.079926
2026-09-17T03:41:01.656714794Z,search,full,a42d74844cf7,200,14.66234
2026-09-17T03:41:01.716098136Z,search,full,a42d74844cf7,200,13.642041
2026-09-17T03:41:01.776428071Z,search,full,a42d74844cf7,200,13.778051
2026-09-17T03:41:01.836968482Z,search,full,a42d74844cf7,200,13.950483
2026-09-17T03:41:01.897797482Z,search,full,a42d74844cf7,200,15.086657
2026-09-17T03:41:01.957479061Z,search,full,a42d74844cf7,200,15.070999
2026-09-17T03:41:02.018429615Z,search,full,a42d74844cf7,200,16.033919
2026-09-17T03:41:02.080533086Z,search,full,a42d74844cf7,200,17.687663
2026-09-17T03:41:02.136342444Z,search,full,a42d74844cf7,200,14.186808
2026-09-17T03:41:02.197535825Z,search,full,a42d74844cf7,200,14.385118
2026-09-17T03:41:02.2569473Z,search,full,a42d74844cf7,200,13.867388
2026-09-17T03:41:02.319434636Z,search,full,a42d74844cf7,200,16.789207
2026-09-17T03:41:02.377408255Z,search,full,a42d74844cf7,200,14.453482
2026-09-17T03:41:02.437783455Z,search,full,a42d74844cf7,200,14.736426
2026-09-17T03:41:02.497409556Z,search,full,a42d74844cf7,200,14.932191
2026-09-17T03:41:02.556474569Z,search,full,a42d74844cf7,200,14.290387
2026-09-17T03:41:02.617581228Z,search,full,a42d74844cf7,200,14.477785
2026-09-17T03:41:02.678369058Z,search,full,a42d74844cf7,200,15.359488
2026-09-17T03:41:02.737198348Z,search,full,a42d74844cf7,200,14.092374
2026-09-17T03:41:02.797312436Z,search,full,a42d74844cf7,200,14.420599
2026-09-17T03:41:02.856565799Z,search,full,a42d74844cf7,200,13.539812
2026-09-17T03:41:02.918190235Z,search,full,a42d74844cf7,200,15.877673
2026-09-17T03:41:02.977761647Z,search,full,a42d74844cf7,200,15.103168
2026-09-17T03:41:03.039409684Z,search,full,a42d74844cf7,200,16.881301
2026-09-17T03:41:03.098267965Z,search,full,a42d74844cf7,200,15.112849
2026-09-17T03:41:03.158057883Z,search,full,a42d74844cf7,200,15.088772
2026-09-17T03:41:03.217520762Z,search,full,a42d74844cf7,200,14.652051
2026-09-17T03:41:03.278689982Z,search,full,a42d74844cf7,200,15.654255
2026-09-17T03:41:03.336540105Z,search,full,a42d74844cf7,200,14.144848
2026-09-17T03:41:03.397016713Z,search,full,a42d74844cf7,200,14.831953
2026-09-17T03:41:03.459340542Z,search,full,a42d74844cf7,200,16.519412
2026-09-17T03:41:03.52141247Z,search,full,a42d74844cf7,200,19.234081
2026-09-17T03:41:03.578631406Z,search,full,a42d74844cf7,200,15.755154
2026-09-17T03:41:03.636581529Z,search,full,a42d74844cf7,200,14.429782
2026-09-17T03:41:03.696414366Z,search,full,a42d74844cf7,200,14.125337
2026-09-17T03:41:03.758485005Z,search,full,a42d74844cf7,200,15.407706
2026-09-17T03:41:03.816869568Z,search,full,a42d74844cf7,200,14.555609
2026-09-17T03:41:03.879392435Z,search,full,a42d74844cf7,200,17.107568
2026-09-17T03:41:03.936522492Z,search,full,a42d74844cf7,200,13.530282
2026-09-17T03:41:03.996946655Z,search,full,a42d74844cf7,200,14.666684
2026-09-17T03:41:04.056386312Z,search,full,a42d74844cf7,200,13.682174
2026-09-17T03:41:04.117684213Z,search,full,a42d74844cf7,200,15.640126
2026-09-17T03:41:04.176405988Z,search,full,a42d74844cf7,200,13.450108
2026-09-17T03:41:04.236904863Z,search,full,a42d74844cf7,200,13.821294
2026-09-17T03:41:04.297212076Z,search,full,a42d74844cf7,200,14.619485
2026-09-17T03:41:04.357056475Z,search,full,a42d74844cf7,200,14.28642
2026-09-17T03:41:04.418862525Z,search,full,a42d74844cf7,200,15.916331
2026-09-17T03:41:04.475405946Z,search,full,a42d74844cf7,200,13.255159
2026-09-17T03:41:04.536526939Z,search,full,a42d74844cf7,200,14.3551
2026-09-17T03:41:04.595520936Z,search,full,a42d74844cf7,200,13.415502
2026-09-17T03:41:04.655606462Z,search,full,a42d74844cf7,200,13.514259
2026-09-17T03:41:04.718021086Z,search,full,a42d74844cf7,200,15.714456
2026-09-17T03:41:04.778615166Z,search,full,a42d74844cf7,200,16.229521
2026-09-17T03:41:04.838736936Z,search,full,a42d74844cf7,200,16.467078
2026-09-17T03:41:04.899389063Z,search,full,a42d74844cf7,200,16.971615
2026-09-17T03:41:04.958101407Z,search,full,a42d74844cf7,200,15.087731
2026-09-17T03:41:05.016694119Z,search,full,a42d74844cf7,200,13.910671
2026-09-17T03:41:05.078431423Z,search,full,a42d74844cf7,200,15.346893
2026-09-17T03:41:05.137564755Z,search,full,a42d74844cf7,200,14.493689
2026-09-17T03:41:05.196133125Z,search,full,a42d74844cf7,200,13.842426
2026-09-17T03:41:05.257917703Z,search,full,a42d74844cf7,200,15.034004
2026-09-17T03:41:05.318023487Z,search,full,a42d74844cf7,200,15.38342
2026-09-17T03:41:05.376544477Z,search,full,a42d74844cf7,200,14.062678
2026-09-17T03:41:05.436287507Z,search,full,a42d74844cf7,200,14.019139
2026-09-17T03:41:05.497707493Z,search,full,a42d74844cf7,200,14.859713
2026-09-17T03:41:05.556259286Z,search,full,a42d74844cf7,200,13.796973
2026-09-17T03:41:05.61696052Z,search,full,a42d74844cf7,200,13.976186
2026-09-17T03:41:05.67722826Z,search,full,a42d74844cf7,200,14.863453
2026-09-17T03:41:05.747409593Z,search,full,a42d74844cf7,200,24.692639
2026-09-17T03:41:05.79857076Z,search,full,a42d74844cf7,200,16.400087
2026-09-17T03:41:05.857500558Z,search,full,a42d74844cf7,200,15.278653
2026-09-17T03:41:05.917560397Z,search,full,a42d74844cf7,200,15.322232
2026-09-17T03:41:05.978476017Z,search,full,a42d74844cf7,200,15.548297
2026-09-17T03:41:06.038411874Z,search,full,a42d74844cf7,200,16.041446
2026-09-17T03:41:06.098413583Z,search,full,a42d74844cf7,200,15.296999
2026-09-17T03:41:06.157668815Z,search,full,a42d74844cf7,200,15.577209
2026-09-17T03:41:06.223086782Z,search,full,a42d74844cf7,200,20.834214
2026-09-17T03:41:06.279241823Z,search,full,a42d74844cf7,200,16.709252
2026-09-17T03:41:06.341758723Z,search,full,a42d74844cf7,200,19.306039
2026-09-17T03:41:06.398354785Z,search,full,a42d74844cf7,200,15.850696
2026-09-17T03:41:06.461241324Z,search,full,a42d74844cf7,200,19.102363
2026-09-17T03:41:06.520471243Z,search,full,a42d74844cf7,200,17.331275
2026-09-17T03:41:06.579363229Z,search,full,a42d74844cf7,200,16.499752
2026-09-17T03:41:06.638203318Z,search,full,a42d74844cf7,200,15.173317
2026-09-17T03:41:06.69835187Z,search,full,a42d74844cf7,200,15.537177
2026-09-17T03:41:06.757227983Z,search,full,a42d74844cf7,200,14.142264
2026-09-17T03:41:06.817785425Z,search,full,a42d74844cf7,200,14.686229
2026-09-17T03:41:06.876985695Z,search,full,a42d74844cf7,200,14.74237
2026-09-17T03:41:06.936540619Z,search,full,a42d74844cf7,200,13.78113
2026-09-17T03:41:06.997481392Z,search,full,a42d74844cf7,200,15.493483
2026-09-17T03:41:07.05621557Z,search,full,a42d74844cf7,200,14.007093
2026-09-17T03:41:07.124838905Z,search,full,a42d74844cf7,200,21.607212
2026-09-17T03:41:07.177547739Z,search,full,a42d74844cf7,200,14.505591
2026-09-17T03:41:07.236668501Z,search,full,a42d74844cf7,200,14.328223
2026-09-17T03:41:07.296233606Z,search,full,a42d74844cf7,200,13.778469
2026-09-17T03:41:07.358055739Z,search,full,a42d74844cf7,200,15.156428
2026-09-17T03:41:07.416965884Z,search,full,a42d74844cf7,200,13.974926
2026-09-17T03:41:07.478514124Z,search,full,a42d74844cf7,200,16.119701
2026-09-17T03:41:07.539378867Z,search,full,a42d74844cf7,200,17.098244
2026-09-17T03:41:07.598350772Z,search,full,a42d74844cf7,200,15.01915
2026-09-17T03:41:07.658124694Z,search,full,a42d74844cf7,200,15.016805
2026-09-17T03:41:07.718198951Z,search,full,a42d74844cf7,200,15.357603
2026-09-17T03:41:07.77921989Z,search,full,a42d74844cf7,200,16.101565
2026-09-17T03:41:07.836570415Z,search,full,a42d74844cf7,200,14.440842
2026-09-17T03:41:07.897532019Z,search,full,a42d74844cf7,200,15.390296
2026-09-17T03:41:07.956569974Z,search,full,a42d74844cf7,200,14.165679
2026-09-17T03:41:08.016305249Z,search,full,a42d74844cf7,200,13.847561
2026-09-17T03:41:08.077857365Z,search,full,a42d74844cf7,200,15.006496
2026-09-17T03:41:08.137429241Z,search,full,a42d74844cf7,200,14.908077
2026-09-17T03:41:08.196002937Z,search,full,a42d74844cf7,200,13.652417
2026-09-17T03:41:08.257003209Z,search,full,a42d74844cf7,200,14.401898
2026-09-17T03:41:08.316840775Z,search,full,a42d74844cf7,200,14.05117
2026-09-17T03:41:08.376595378Z,search,full,a42d74844cf7,200,14.513298
2026-09-17T03:41:08.438796853Z,search,full,a42d74844cf7,200,16.651718
2026-09-17T03:41:08.498590203Z,search,full,a42d74844cf7,200,16.041236
2026-09-17T03:41:08.558007504Z,search,full,a42d74844cf7,200,15.606088
2026-09-17T03:41:08.617712664Z,search,full,a42d74844cf7,200,14.998223
2026-09-17T03:41:08.676315833Z,search,full,a42d74844cf7,200,13.135787
2026-09-17T03:41:08.737309334Z,search,full,a42d74844cf7,200,14.443963
2026-09-17T03:41:08.796821325Z,search,full,a42d74844cf7,200,13.717404
2026-09-17T03:41:08.855757164Z,search,full,a42d74844cf7,200,13.313994
2026-09-17T03:41:08.91674867Z,search,full,a42d74844cf7,200,14.341633
2026-09-17T03:41:08.976508892Z,search,full,a42d74844cf7,200,14.247176
2026-09-17T03:41:09.036553336Z,search,full,a42d74844cf7,200,14.355866
2026-09-17T03:41:09.09634921Z,search,full,a42d74844cf7,200,14.226864
2026-09-17T03:41:09.159091673Z,search,full,a42d74844cf7,200,16.026795
2026-09-17T03:41:09.216278485Z,search,full,a42d74844cf7,200,13.490489
2026-09-17T03:41:09.277201916Z,search,full,a42d74844cf7,200,14.336312
2026-09-17T03:41:09.337644532Z,search,full,a42d74844cf7,200,14.832653
2026-09-17T03:41:09.398474406Z,search,full,a42d74844cf7,200,16.077349
2026-09-17T03:41:09.46071669Z,search,full,a42d74844cf7,200,17.611657
2026-09-17T03:41:09.516557998Z,search,full,a42d74844cf7,200,14.214425
2026-09-17T03:41:09.577691346Z,search,full,a42d74844cf7,200,14.747645
2026-09-17T03:41:09.635721503Z,search,full,a42d74844cf7,200,13.402521
2026-09-17T03:41:09.697016794Z,search,full,a42d74844cf7,200,14.67099
2026-09-17T03:41:09.758132695Z,search,full,a42d74844cf7,200,15.430513
2026-09-17T03:41:09.816615983Z,search,full,a42d74844cf7,200,13.841415
2026-09-17T03:41:09.877082349Z,search,full,a42d74844cf7,200,14.02834
2026-09-17T03:41:09.936668796Z,search,full,a42d74844cf7,200,13.912999
2026-09-17T03:41:09.997525364Z,search,full,a42d74844cf7,200,15.114775
2026-09-17T03:41:10.055656699Z,search,full,a42d74844cf7,200,13.572145
2026-09-17T03:41:10.11658135Z,search,full,a42d74844cf7,200,14.3095
2026-09-17T03:41:10.179118354Z,search,full,a42d74844cf7,200,15.966797
2026-09-17T03:41:10.236695614Z,search,full,a42d74844cf7,200,13.819888
2026-09-17T03:41:10.296345382Z,search,full,a42d74844cf7,200,13.798011
2026-09-17T03:41:10.359114298Z,search,full,a42d74844cf7,200,16.159026
2026-09-17T03:41:10.417786885Z,search,full,a42d74844cf7,200,15.168297
2026-09-17T03:41:10.476525898Z,search,full,a42d74844cf7,200,14.448953
2026-09-17T03:41:10.539613137Z,search,full,a42d74844cf7,200,17.322876
2026-09-17T03:41:10.596509045Z,search,full,a42d74844cf7,200,13.486866
2026-09-17T03:41:10.657175128Z,search,full,a42d74844cf7,200,14.820682
2026-09-17T03:41:10.717185799Z,search,full,a42d74844cf7,200,14.271789
2026-09-17T03:41:10.775935961Z,search,full,a42d74844cf7,200,13.391259
2026-09-17T03:41:10.837604972Z,search,full,a42d74844cf7,200,14.883841
2026-09-17T03:41:10.897867577Z,search,full,a42d74844cf7,200,15.630998
2026-09-17T03:41:10.956896776Z,search,full,a42d74844cf7,200,14.218388
2026-09-17T03:41:11.016349535Z,search,full,a42d74844cf7,200,13.833905
2026-09-17T03:41:11.076631056Z,search,full,a42d74844cf7,200,13.799271
2026-09-17T03:41:11.135962456Z,search,full,a42d74844cf7,200,13.717467
2026-09-17T03:41:11.197326981Z,search,full,a42d74844cf7,200,14.554621
2026-09-17T03:41:11.259163663Z,search,full,a42d74844cf7,200,16.014376
2026-09-17T03:41:11.317487884Z,search,full,a42d74844cf7,200,14.66318
2026-09-17T03:41:11.377922378Z,search,full,a42d74844cf7,200,15.107918
2026-09-17T03:41:11.442807677Z,search,full,a42d74844cf7,200,20.704637
2026-09-17T03:41:11.497242676Z,search,full,a42d74844cf7,200,14.679361
2026-09-17T03:41:11.556847494Z,search,full,a42d74844cf7,200,13.936182
2026-09-17T03:41:11.618132114Z,search,full,a42d74844cf7,200,15.58573
2026-09-17T03:41:11.676641429Z,search,full,a42d74844cf7,200,14.105496
2026-09-17T03:41:11.735788097Z,search,full,a42d74844cf7,200,13.504838
2026-09-17T03:41:11.797384985Z,search,full,a42d74844cf7,200,14.854966
2026-09-17T03:41:11.856890858Z,search,full,a42d74844cf7,200,13.794365
2026-09-17T03:41:11.91601212Z,search,full,a42d74844cf7,200,13.338515
2026-09-17T03:41:11.976280391Z,search,full,a42d74844cf7,200,13.572688
2026-09-17T03:41:12.037650606Z,search,full,a42d74844cf7,200,14.448689
2026-09-17T03:41:12.095328638Z,search,full,a42d74844cf7,200,12.931363
2026-09-17T03:41:12.159595144Z,search,full,a42d74844cf7,200,17.453625
2026-09-17T03:41:12.217135107Z,search,full,a42d74844cf7,200,14.789811
2026-09-17T03:41:12.277088594Z,search,full,a42d74844cf7,200,14.346019
2026-09-17T03:41:12.33821806Z,search,full,a42d74844cf7,200,15.381202
2026-09-17T03:41:12.399352956Z,search,full,a42d74844cf7,200,16.517063
2026-09-17T03:41:12.456598431Z,search,full,a42d74844cf7,200,13.552582
2026-09-17T03:41:12.517640345Z,search,full,a42d74844cf7,200,15.468313
2026-09-17T03:41:12.577977942Z,search,full,a42d74844cf7,200,14.916105
2026-09-17T03:41:12.637474384Z,search,full,a42d74844cf7,200,14.833096
2026-09-17T03:41:12.698114652Z,search,full,a42d74844cf7,200,16.051663
2026-09-17T03:41:12.757257436Z,search,full,a42d74844cf7,200,14.367699
2026-09-17T03:41:12.817440641Z,search,full,a42d74844cf7,200,14.407112
2026-09-17T03:41:12.87743997Z,search,full,a42d74844cf7,200,14.685943
2026-09-17T03:41:12.938185838Z,search,full,a42d74844cf7,200,15.082348
2026-09-17T03:41:12.997638487Z,search,full,a42d74844cf7,200,14.737022
2026-09-17T03:41:13.057658477Z,search,full,a42d74844cf7,200,15.17646
2026-09-17T03:41:13.120534557Z,search,full,a42d74844cf7,200,18.118675
2026-09-17T03:41:13.179470241Z,search,full,a42d74844cf7,200,16.39842
2026-09-17T03:41:13.239060565Z,search,full,a42d74844cf7,200,16.906227
2026-09-17T03:41:13.304316897Z,search,full,a42d74844cf7,200,21.460412
2026-09-17T03:41:13.357324368Z,search,full,a42d74844cf7,200,14.067627
2026-09-17T03:41:13.416634278Z,search,full,a42d74844cf7,200,14.517254
2026-09-17T03:41:13.478292186Z,search,full,a42d74844cf7,200,15.228289
2026-09-17T03:41:13.538042867Z,search,full,a42d74844cf7,200,14.977256
2026-09-17T03:41:13.596260666Z,search,full,a42d74844cf7,200,13.406661
2026-09-17T03:41:13.658175827Z,search,full,a42d74844cf7,200,15.284319
2026-09-17T03:41:13.717939919Z,search,full,a42d74844cf7,200,14.798052
2026-09-17T03:41:13.777002007Z,search,full,a42d74844cf7,200,14.914451
2026-09-17T03:41:13.836471107Z,search,full,a42d74844cf7,200,13.788055
2026-09-17T03:41:13.897180671Z,search,full,a42d74844cf7,200,15.029304
2026-09-17T03:41:13.957638107Z,search,full,a42d74844cf7,200,14.840236
2026-09-17T03:41:14.021414636Z,search,full,a42d74844cf7,200,18.913028
2026-09-17T03:41:14.079196836Z,search,full,a42d74844cf7,200,16.431717
2026-09-17T03:41:14.139312595Z,search,full,a42d74844cf7,200,16.533296
2026-09-17T03:41:14.199879448Z,search,full,a42d74844cf7,200,16.865141
2026-09-17T03:41:14.261515963Z,search,full,a42d74844cf7,200,18.912576
2026-09-17T03:41:14.321841498Z,search,full,a42d74844cf7,200,18.745264
2026-09-17T03:41:14.377158789Z,search,full,a42d74844cf7,200,14.844146
2026-09-17T03:41:14.437586893Z,search,full,a42d74844cf7,200,14.814603
2026-09-17T03:41:14.497648048Z,search,full,a42d74844cf7,200,15.286621
2026-09-17T03:41:14.560405889Z,search,full,a42d74844cf7,200,15.783059
2026-09-17T03:41:14.620674129Z,search,full,a42d74844cf7,200,17.630958
2026-09-17T03:41:14.67780794Z,search,full,a42d74844cf7,200,14.791622
2026-09-17T03:41:14.737074608Z,search,full,a42d74844cf7,200,14.615103
2026-09-17T03:41:14.798824017Z,search,full,a42d74844cf7,200,15.977371
2026-09-17T03:41:14.85701983Z,search,full,a42d74844cf7,200,14.382326
2026-09-17T03:41:14.917669369Z,search,full,a42d74844cf7,200,14.881248
2026-09-17T03:41:14.978684427Z,search,full,a42d74844cf7,200,15.584162
2026-09-17T03:41:15.037616972Z,search,full,a42d74844cf7,200,15.229951
2026-09-17T03:41:15.098458029Z,search,full,a42d74844cf7,200,15.225884
2026-09-17T03:41:15.156935703Z,search,full,a42d74844cf7,200,13.504967
2026-09-17T03:41:15.21891441Z,search,full,a42d74844cf7,200,16.319683
2026-09-17T03:41:15.277690311Z,search,full,a42d74844cf7,200,15.295654
2026-09-17T03:41:15.336510961Z,search,full,a42d74844cf7,200,14.245414
2026-09-17T03:41:15.395799517Z,search,full,a42d74844cf7,200,13.756232
2026-09-17T03:41:15.456421845Z,search,full,a42d74844cf7,200,13.889083
2026-09-17T03:41:15.516145984Z,search,full,a42d74844cf7,200,13.100943
2026-09-17T03:41:15.576863889Z,search,full,a42d74844cf7,200,14.184325
2026-09-17T03:41:15.635878284Z,search,full,a42d74844cf7,200,13.308309
2026-09-17T03:41:15.695859116Z,search,full,a42d74844cf7,200,13.396539
2026-09-17T03:41:15.755317371Z,search,full,a42d74844cf7,200,12.670889
2026-09-17T03:41:15.816921314Z,search,full,a42d74844cf7,200,13.833529
2026-09-17T03:41:15.877700733Z,search,full,a42d74844cf7,200,15.55755
2026-09-17T03:41:15.938212962Z,search,full,a42d74844cf7,200,15.654007
2026-09-17T03:41:15.997950667Z,search,full,a42d74844cf7,200,15.157995
2026-09-17T03:41:16.056863218Z,search,full,a42d74844cf7,200,13.954187
2026-09-17T03:41:16.116710948Z,search,full,a42d74844cf7,200,14.664307
2026-09-17T03:41:16.177374079Z,search,full,a42d74844cf7,200,15.174371
2026-09-17T03:41:16.237384538Z,search,full,a42d74844cf7,200,14.361168
2026-09-17T03:41:16.29784808Z,search,full,a42d74844cf7,200,14.709786
2026-09-17T03:41:16.356776013Z,search,full,a42d74844cf7,200,14.150713
2026-09-17T03:41:16.417462585Z,search,full,a42d74844cf7,200,14.762009
2026-09-17T03:41:16.476512893Z,search,full,a42d74844cf7,200,13.634843
2026-09-17T03:41:16.535612524Z,search,full,a42d74844cf7,200,13.422166
2026-09-17T03:41:16.595818459Z,search,full,a42d74844cf7,200,13.494482
2026-09-17T03:41:16.655913033Z,search,full,a42d74844cf7,200,13.355678
2026-09-17T03:41:16.716448978Z,search,full,a42d74844cf7,200,13.438261
2026-09-17T03:41:16.77714489Z,search,full,a42d74844cf7,200,14.272261
2026-09-17T03:41:16.837998396Z,search,full,a42d74844cf7,200,15.0456
2026-09-17T03:41:16.896950137Z,search,full,a42d74844cf7,200,14.488058
2026-09-17T03:41:16.956636619Z,search,full,a42d74844cf7,200,13.822724
2026-09-17T03:41:17.015704711Z,search,full,a42d74844cf7,200,13.174458
2026-09-17T03:41:17.079119607Z,search,full,a42d74844cf7,200,16.951565
2026-09-17T03:41:17.13646948Z,search,full,a42d74844cf7,200,13.436878
2026-09-17T03:41:17.197327275Z,search,full,a42d74844cf7,200,14.860236
2026-09-17T03:41:17.25705506Z,search,full,a42d74844cf7,200,14.080022
2026-09-17T03:41:17.316622932Z,search,full,a42d74844cf7,200,14.031734
2026-09-17T03:41:17.377089117Z,search,full,a42d74844cf7,200,14.162223
2026-09-17T03:41:17.43529552Z,search,full,a42d74844cf7,200,12.592278
2026-09-17T03:41:17.495920318Z,search,full,a42d74844cf7,200,13.917319
2026-09-17T03:41:17.568923702Z,search,full,a42d74844cf7,200,26.328164
2026-09-17T03:41:17.617694224Z,search,full,a42d74844cf7,200,15.374141
2026-09-17T03:41:17.677671477Z,search,full,a42d74844cf7,200,14.526521
2026-09-17T03:41:17.737918706Z,search,full,a42d74844cf7,200,15.504661
2026-09-17T03:41:17.797140831Z,search,full,a42d74844cf7,200,14.984646
2026-09-17T03:41:17.858308641Z,search,full,a42d74844cf7,200,15.399969
2026-09-17T03:41:17.916967998Z,search,full,a42d74844cf7,200,14.741067
2026-09-17T03:41:17.976400165Z,search,full,a42d74844cf7,200,13.932546
2026-09-17T03:41:18.036813617Z,search,full,a42d74844cf7,200,13.685528
2026-09-17T03:41:18.096673425Z,search,full,a42d74844cf7,200,14.147802
2026-09-17T03:41:18.157392841Z,search,full,a42d74844cf7,200,15.007928
2026-09-17T03:41:18.217434324Z,search,full,a42d74844cf7,200,14.38983
2026-09-17T03:41:18.278153955Z,search,full,a42d74844cf7,200,15.325203
2026-09-17T03:41:18.337935542Z,search,full,a42d74844cf7,200,15.079218
2026-09-17T03:41:18.397343428Z,search,full,a42d74844cf7,200,14.754988
2026-09-17T03:41:18.463624708Z,search,full,a42d74844cf7,200,20.704448
2026-09-17T03:41:18.515582198Z,search,full,a42d74844cf7,200,13.344401
2026-09-17T03:41:18.577046435Z,search,full,a42d74844cf7,200,13.960063
2026-09-17T03:41:18.637734358Z,search,full,a42d74844cf7,200,14.844411
2026-09-17T03:41:18.696931019Z,search,full,a42d74844cf7,200,15.95708
2026-09-17T03:41:18.754224733Z,search,full,a42d74844cf7,200,13.46741
2026-09-17T03:41:18.814333851Z,search,full,a42d74844cf7,200,13.464481
2026-09-17T03:41:18.874240914Z,search,full,a42d74844cf7,200,13.411776
2026-09-17T03:41:18.935025464Z,search,full,a42d74844cf7,200,14.014172
2026-09-17T03:41:18.994427583Z,search,full,a42d74844cf7,200,13.941021
2026-09-17T03:41:19.054468631Z,search,full,a42d74844cf7,200,13.160816
2026-09-17T03:41:19.114217958Z,search,full,a42d74844cf7,200,13.023451
2026-09-17T03:41:19.175156495Z,search,full,a42d74844cf7,200,14.2583
2026-09-17T03:41:19.235593707Z,search,full,a42d74844cf7,200,14.745507
2026-09-17T03:41:19.294723891Z,search,full,a42d74844cf7,200,13.416586
2026-09-17T03:41:19.355608999Z,search,full,a42d74844cf7,200,14.221348
2026-09-17T03:41:19.414877729Z,search,full,a42d74844cf7,200,13.775859
2026-09-17T03:41:19.475286654Z,search,full,a42d74844cf7,200,13.904454
2026-09-17T03:41:19.534719342Z,search,full,a42d74844cf7,200,13.789069
2026-09-17T03:41:19.595913864Z,search,full,a42d74844cf7,200,15.391473
2026-09-17T03:41:19.655839843Z,search,full,a42d74844cf7,200,15.042966
2026-09-17T03:41:19.715981468Z,search,full,a42d74844cf7,200,14.483468
2026-09-17T03:41:19.774813649Z,search,full,a42d74844cf7,200,13.399411
2026-09-17T03:41:19.838933548Z,search,full,a42d74844cf7,200,17.408151
2026-09-17T03:41:19.896228715Z,search,full,a42d74844cf7,200,14.69558
2026-09-17T03:41:19.956648853Z,search,full,a42d74844cf7,200,15.615877
2026-09-17T03:41:20.01538013Z,search,full,a42d74844cf7,200,14.14231
2026-09-17T03:41:20.075565864Z,search,full,a42d74844cf7,200,14.669811
2026-09-17T03:41:20.136338093Z,search,full,a42d74844cf7,200,15.010752
2026-09-17T03:41:20.194623607Z,search,full,a42d74844cf7,200,13.614551
2026-09-17T03:41:20.257904722Z,search,full,a42d74844cf7,200,16.282135
2026-09-17T03:41:20.316764968Z,search,full,a42d74844cf7,200,15.217703
2026-09-17T03:41:20.375066013Z,search,full,a42d74844cf7,200,13.956077
2026-09-17T03:41:20.434835524Z,search,full,a42d74844cf7,200,13.996174
2026-09-17T03:41:20.498783391Z,search,full,a42d74844cf7,200,18.207129
2026-09-17T03:41:20.559111217Z,search,full,a42d74844cf7,200,18.458361
2026-09-17T03:41:20.616150716Z,search,full,a42d74844cf7,200,14.940663
2026-09-17T03:41:20.676536117Z,search,full,a42d74844cf7,200,15.084843
2026-09-17T03:41:20.735572575Z,search,full,a42d74844cf7,200,14.010091
2026-09-17T03:41:20.795733395Z,search,full,a42d74844cf7,200,14.452322
2026-09-17T03:41:20.855960312Z,search,full,a42d74844cf7,200,14.5053
2026-09-17T03:41:20.913789194Z,search,full,a42d74844cf7,200,13.221743
2026-09-17T03:41:20.97473833Z,search,full,a42d74844cf7,200,13.993613
2026-09-17T03:41:21.034444172Z,search,full,a42d74844cf7,200,13.870221
2026-09-17T03:41:21.095058664Z,search,full,a42d74844cf7,200,14.183283
2026-09-17T03:41:21.155227304Z,search,full,a42d74844cf7,200,14.385408
2026-09-17T03:41:21.21477889Z,search,full,a42d74844cf7,200,13.880162
2026-09-17T03:41:21.274722492Z,search,full,a42d74844cf7,200,13.418618
2026-09-17T03:41:21.335736223Z,search,full,a42d74844cf7,200,14.256548
2026-09-17T03:41:21.396434451Z,search,full,a42d74844cf7,200,15.92905
2026-09-17T03:41:21.457356326Z,search,full,a42d74844cf7,200,16.20866
2026-09-17T03:41:21.517102385Z,search,full,a42d74844cf7,200,16.108902
2026-09-17T03:41:21.57525445Z,search,full,a42d74844cf7,200,13.745622
2026-09-17T03:41:21.639373084Z,search,full,a42d74844cf7,200,18.45336
2026-09-17T03:41:21.695164678Z,search,full,a42d74844cf7,200,14.080875
2026-09-17T03:41:21.759122887Z,search,full,a42d74844cf7,200,18.218401
2026-09-17T03:41:21.814636465Z,search,full,a42d74844cf7,200,13.731364
2026-09-17T03:41:21.876823926Z,search,full,a42d74844cf7,200,15.586419
2026-09-17T03:41:21.935298739Z,search,full,a42d74844cf7,200,14.888865
2026-09-17T03:41:21.994975068Z,search,full,a42d74844cf7,200,14.088601
2026-09-17T03:41:22.055164888Z,search,full,a42d74844cf7,200,13.74271
2026-09-17T03:41:22.115507586Z,search,full,a42d74844cf7,200,14.844679
2026-09-17T03:41:22.175095924Z,search,full,a42d74844cf7,200,13.712229
2026-09-17T03:41:22.235097077Z,search,full,a42d74844cf7,200,14.380523
2026-09-17T03:41:22.295178076Z,search,full,a42d74844cf7,200,14.410765
2026-09-17T03:41:22.355370508Z,search,full,a42d74844cf7,200,14.507697
2026-09-17T03:41:22.415130377Z,search,full,a42d74844cf7,200,13.904678
2026-09-17T03:41:22.480330535Z,search,full,a42d74844cf7,200,19.395759
2026-09-17T03:41:22.534424542Z,search,full,a42d74844cf7,200,13.914134
2026-09-17T03:41:22.59539107Z,search,full,a42d74844cf7,200,14.248999
2026-09-17T03:41:22.656632987Z,search,full,a42d74844cf7,200,15.37697
2026-09-17T03:41:22.715717615Z,search,full,a42d74844cf7,200,14.33201
2026-09-17T03:41:22.775775239Z,search,full,a42d74844cf7,200,14.655537
2026-09-17T03:41:22.835361397Z,search,full,a42d74844cf7,200,13.994139
2026-09-17T03:41:22.896202146Z,search,full,a42d74844cf7,200,15.164343
2026-09-17T03:41:22.954306747Z,search,full,a42d74844cf7,200,13.346833
2026-09-17T03:41:23.015610079Z,search,full,a42d74844cf7,200,14.600353
2026-09-17T03:41:23.0766244Z,search,full,a42d74844cf7,200,15.65103
2026-09-17T03:41:23.134371906Z,search,full,a42d74844cf7,200,13.091354
2026-09-17T03:41:23.195212683Z,search,full,a42d74844cf7,200,14.032422
2026-09-17T03:41:23.256965507Z,search,full,a42d74844cf7,200,15.976162
2026-09-17T03:41:23.314975491Z,search,full,a42d74844cf7,200,14.226666
2026-09-17T03:41:23.376320952Z,search,full,a42d74844cf7,200,15.080144
2026-09-17T03:41:23.436143961Z,search,full,a42d74844cf7,200,15.145123
2026-09-17T03:41:23.494987206Z,search,full,a42d74844cf7,200,14.284711
2026-09-17T03:41:23.554704322Z,search,full,a42d74844cf7,200,13.938444
2026-09-17T03:41:23.614476594Z,search,full,a42d74844cf7,200,14.006719
2026-09-17T03:41:23.675122992Z,search,full,a42d74844cf7,200,13.970812
2026-09-17T03:41:23.739413352Z,search,full,a42d74844cf7,200,18.42784
2026-09-17T03:41:23.795009265Z,search,full,a42d74844cf7,200,13.975348
2026-09-17T03:41:23.854318983Z,search,full,a42d74844cf7,200,13.787866
2026-09-17T03:41:23.91423465Z,search,full,a42d74844cf7,200,13.18005
2026-09-17T03:41:23.974059889Z,search,full,a42d74844cf7,200,13.182851
2026-09-17T03:41:24.03493955Z,search,full,a42d74844cf7,200,14.055887
2026-09-17T03:41:24.094329934Z,search,full,a42d74844cf7,200,13.769334
2026-09-17T03:41:24.156033055Z,search,full,a42d74844cf7,200,14.910516
2026-09-17T03:41:24.218210789Z,search,full,a42d74844cf7,200,17.562017
2026-09-17T03:41:24.276225785Z,search,full,a42d74844cf7,200,15.546732
2026-09-17T03:41:24.33911782Z,search,full,a42d74844cf7,200,18.1617
2026-09-17T03:41:24.395909066Z,search,full,a42d74844cf7,200,15.176576
2026-09-17T03:41:24.454075541Z,search,full,a42d74844cf7,200,13.58551
2026-09-17T03:41:24.513638218Z,search,full,a42d74844cf7,200,12.841011
2026-09-17T03:41:24.575335048Z,search,full,a42d74844cf7,200,14.057884
2026-09-17T03:41:24.635437564Z,search,full,a42d74844cf7,200,14.417331
2026-09-17T03:41:24.695603292Z,search,full,a42d74844cf7,200,14.545008
2026-09-17T03:41:24.755385384Z,search,full,a42d74844cf7,200,14.114928
2026-09-17T03:41:24.81438833Z,search,full,a42d74844cf7,200,13.389469
2026-09-17T03:41:24.874717941Z,search,full,a42d74844cf7,200,13.86026
2026-09-17T03:41:24.934825067Z,search,full,a42d74844cf7,200,13.44082
2026-09-17T03:41:24.995152959Z,search,full,a42d74844cf7,200,13.71495
2026-09-17T03:41:25.054682733Z,search,full,a42d74844cf7,200,13.705969
2026-09-17T03:41:25.116282385Z,search,full,a42d74844cf7,200,14.866247
2026-09-17T03:41:25.176188416Z,search,full,a42d74844cf7,200,15.469455
2026-09-17T03:41:25.235088179Z,search,full,a42d74844cf7,200,14.261204
2026-09-17T03:41:25.296450061Z,search,full,a42d74844cf7,200,15.648049
2026-09-17T03:41:25.354446104Z,search,full,a42d74844cf7,200,13.170701
2026-09-17T03:41:25.414886733Z,search,full,a42d74844cf7,200,13.546938
2026-09-17T03:41:25.473871027Z,search,full,a42d74844cf7,200,12.49051
2026-09-17T03:41:25.534038087Z,search,full,a42d74844cf7,200,13.299289
2026-09-17T03:41:25.594862444Z,search,full,a42d74844cf7,200,13.985868
2026-09-17T03:41:25.653863449Z,search,full,a42d74844cf7,200,13.451656
2026-09-17T03:41:25.715403509Z,search,full,a42d74844cf7,200,14.55115
2026-09-17T03:41:25.775266147Z,search,full,a42d74844cf7,200,14.036833
2026-09-17T03:41:25.834543303Z,search,full,a42d74844cf7,200,13.425579
2026-09-17T03:41:25.895104919Z,search,full,a42d74844cf7,200,13.996509
2026-09-17T03:41:25.954258457Z,search,full,a42d74844cf7,200,13.339532
2026-09-17T03:41:26.014186889Z,search,full,a42d74844cf7,200,12.988278
2026-09-17T03:41:26.079186218Z,search,full,a42d74844cf7,200,18.366466
2026-09-17T03:41:26.136510192Z,search,full,a42d74844cf7,200,15.458855
2026-09-17T03:41:26.195834456Z,search,full,a42d74844cf7,200,14.395214
2026-09-17T03:41:26.256025821Z,search,full,a42d74844cf7,200,14.929996
2026-09-17T03:41:26.315273615Z,search,full,a42d74844cf7,200,14.493859
2026-09-17T03:41:26.375432485Z,search,full,a42d74844cf7,200,14.582378
2026-09-17T03:41:26.435014972Z,search,full,a42d74844cf7,200,13.900573
2026-09-17T03:41:26.494416707Z,search,full,a42d74844cf7,200,13.243646
2026-09-17T03:41:26.556161101Z,search,full,a42d74844cf7,200,14.997822
2026-09-17T03:41:26.616254749Z,search,full,a42d74844cf7,200,15.044999
2026-09-17T03:41:26.673924164Z,search,full,a42d74844cf7,200,13.403465
2026-09-17T03:41:26.734337061Z,search,full,a42d74844cf7,200,13.73189
2026-09-17T03:41:26.794690685Z,search,full,a42d74844cf7,200,13.641435
2026-09-17T03:41:26.855478778Z,search,full,a42d74844cf7,200,14.066487
2026-09-17T03:41:26.914998256Z,search,full,a42d74844cf7,200,13.839443
2026-09-17T03:41:26.976440603Z,search,full,a42d74844cf7,200,15.049309
2026-09-17T03:41:27.03629152Z,search,full,a42d74844cf7,200,15.051014
2026-09-17T03:41:27.095994419Z,search,full,a42d74844cf7,200,14.622205
2026-09-17T03:41:27.156010566Z,search,full,a42d74844cf7,200,15.200287
2026-09-17T03:41:27.215163555Z,search,full,a42d74844cf7,200,14.537318
2026-09-17T03:41:27.27510607Z,search,full,a42d74844cf7,200,14.644277
2026-09-17T03:41:27.336481887Z,search,full,a42d74844cf7,200,15.891907
2026-09-17T03:41:27.397441484Z,search,full,a42d74844cf7,200,16.294065
2026-09-17T03:41:27.456403733Z,search,full,a42d74844cf7,200,15.2314
2026-09-17T03:41:27.518012905Z,search,full,a42d74844cf7,200,16.900447
2026-09-17T03:41:27.577623183Z,search,full,a42d74844cf7,200,16.22071
2026-09-17T03:41:27.636260811Z,search,full,a42d74844cf7,200,15.065116
2026-09-17T03:41:27.695811572Z,search,full,a42d74844cf7,200,14.523408
2026-09-17T03:41:27.756320539Z,search,full,a42d74844cf7,200,14.879403
2026-09-17T03:41:27.814424932Z,search,full,a42d74844cf7,200,13.517364
2026-09-17T03:41:27.876622477Z,search,full,a42d74844cf7,200,15.631953
2026-09-17T03:41:27.937169499Z,search,full,a42d74844cf7,200,15.99721
2026-09-17T03:41:27.996373697Z,search,full,a42d74844cf7,200,15.502521
2026-09-17T03:41:28.05505886Z,search,full,a42d74844cf7,200,13.922909
2026-09-17T03:41:28.115807692Z,search,full,a42d74844cf7,200,14.139676
2026-09-17T03:41:28.176256096Z,search,full,a42d74844cf7,200,14.988992
2026-09-17T03:41:28.234601388Z,search,full,a42d74844cf7,200,13.68758
2026-09-17T03:41:28.296258335Z,search,full,a42d74844cf7,200,15.079619
2026-09-17T03:41:28.356116084Z,search,full,a42d74844cf7,200,15.075118
2026-09-17T03:41:28.416970591Z,search,full,a42d74844cf7,200,16.019811
2026-09-17T03:41:28.486719317Z,search,full,a42d74844cf7,200,25.299381
2026-09-17T03:41:28.535498314Z,search,full,a42d74844cf7,200,14.083558
2026-09-17T03:41:28.594815095Z,search,full,a42d74844cf7,200,13.752506
2026-09-17T03:41:28.654271529Z,search,full,a42d74844cf7,200,13.646863
2026-09-17T03:41:28.713739343Z,search,full,a42d74844cf7,200,12.839336
2026-09-17T03:41:28.775355148Z,search,full,a42d74844cf7,200,14.089656
2026-09-17T03:41:28.837814978Z,search,full,a42d74844cf7,200,16.726036
2026-09-17T03:41:28.896005498Z,search,full,a42d74844cf7,200,15.479305
2026-09-17T03:41:28.957273986Z,search,full,a42d74844cf7,200,16.702699
2026-09-17T03:41:29.020501186Z,search,full,a42d74844cf7,200,19.395747
2026-09-17T03:41:29.078964186Z,search,full,a42d74844cf7,200,17.796004
2026-09-17T03:41:29.134681914Z,search,full,a42d74844cf7,200,14.014346
2026-09-17T03:41:29.196159668Z,search,full,a42d74844cf7,200,14.905596
2026-09-17T03:41:29.254608257Z,search,full,a42d74844cf7,200,13.748806
2026-09-17T03:41:29.315827647Z,search,full,a42d74844cf7,200,14.548614
2026-09-17T03:41:29.376252893Z,search,full,a42d74844cf7,200,15.037005
2026-09-17T03:41:29.434578364Z,search,full,a42d74844cf7,200,13.426245
2026-09-17T03:41:29.495789198Z,search,full,a42d74844cf7,200,14.633119
2026-09-17T03:41:29.560140834Z,search,full,a42d74844cf7,200,18.607822
2026-09-17T03:41:29.619968666Z,search,full,a42d74844cf7,200,18.689323
2026-09-17T03:41:29.675123664Z,search,full,a42d74844cf7,200,14.664546
2026-09-17T03:41:29.737499488Z,search,full,a42d74844cf7,200,16.822893
2026-09-17T03:41:29.796708826Z,search,full,a42d74844cf7,200,15.472119
2026-09-17T03:41:29.857253738Z,search,full,a42d74844cf7,200,15.802755
2026-09-17T03:41:29.918115525Z,search,full,a42d74844cf7,200,16.549573
2026-09-17T03:41:29.978018516Z,search,full,a42d74844cf7,200,16.336146
2026-09-17T03:41:30.043287635Z,search,full,a42d74844cf7,200,22.770774
2026-09-17T03:41:30.096508299Z,search,full,a42d74844cf7,200,15.09845
2026-09-17T03:41:30.157550849Z,search,full,a42d74844cf7,200,16.20789
2026-09-17T03:41:30.216097686Z,search,full,a42d74844cf7,200,14.610843
2026-09-17T03:41:30.276831723Z,search,full,a42d74844cf7,200,15.277069
2026-09-17T03:41:30.334432414Z,search,full,a42d74844cf7,200,13.862044
2026-09-17T03:41:30.396271637Z,search,full,a42d74844cf7,200,14.828289
2026-09-17T03:41:30.456233223Z,search,full,a42d74844cf7,200,15.277183
2026-09-17T03:41:30.514596577Z,search,full,a42d74844cf7,200,13.631437
2026-09-17T03:41:30.575203514Z,search,full,a42d74844cf7,200,14.135805
2026-09-17T03:41:30.636152131Z,search,full,a42d74844cf7,200,15.189352
2026-09-17T03:41:30.698739576Z,search,full,a42d74844cf7,200,17.831902
2026-09-17T03:41:30.756349146Z,search,full,a42d74844cf7,200,14.978306
2026-09-17T03:41:30.816593794Z,search,full,a42d74844cf7,200,15.405149
2026-09-17T03:41:30.876344139Z,search,full,a42d74844cf7,200,15.255672
2026-09-17T03:41:30.934380307Z,search,full,a42d74844cf7,200,13.718383
2026-09-17T03:41:30.995362147Z,search,full,a42d74844cf7,200,14.037282
2026-09-17T03:41:31.05533182Z,search,full,a42d74844cf7,200,14.157687
2026-09-17T03:41:31.114316951Z,search,full,a42d74844cf7,200,13.129327
2026-09-17T03:41:31.174777736Z,search,full,a42d74844cf7,200,13.902707
2026-09-17T03:41:31.236341236Z,search,full,a42d74844cf7,200,14.975075
2026-09-17T03:41:31.295385001Z,search,full,a42d74844cf7,200,14.319559
2026-09-17T03:41:31.356501387Z,search,full,a42d74844cf7,200,15.286985
2026-09-17T03:41:31.415886079Z,search,full,a42d74844cf7,200,14.726251
2026-09-17T03:41:31.475062585Z,search,full,a42d74844cf7,200,13.873026
2026-09-17T03:41:31.53501139Z,search,full,a42d74844cf7,200,14.302989
2026-09-17T03:41:31.595673902Z,search,full,a42d74844cf7,200,14.724541
2026-09-17T03:41:31.658245971Z,search,full,a42d74844cf7,200,16.668931
2026-09-17T03:41:31.71475681Z,search,full,a42d74844cf7,200,13.93258
2026-09-17T03:41:31.775804351Z,search,full,a42d74844cf7,200,14.525156
2026-09-17T03:41:31.835272479Z,search,full,a42d74844cf7,200,13.656608
2026-09-17T03:41:31.895553381Z,search,full,a42d74844cf7,200,14.526126
2026-09-17T03:41:31.954869336Z,search,full,a42d74844cf7,200,13.597534
2026-09-17T03:41:32.014885498Z,search,full,a42d74844cf7,200,14.338711
2026-09-17T03:41:32.076415185Z,search,full,a42d74844cf7,200,15.001862
2026-09-17T03:41:32.135494059Z,search,full,a42d74844cf7,200,14.377539
2026-09-17T03:41:32.195539078Z,search,full,a42d74844cf7,200,14.218072
2026-09-17T03:41:32.257985987Z,search,full,a42d74844cf7,200,16.859097
2026-09-17T03:41:32.315181089Z,search,full,a42d74844cf7,200,14.548918
2026-09-17T03:41:32.374733268Z,search,full,a42d74844cf7,200,14.189114
2026-09-17T03:41:32.436713807Z,search,full,a42d74844cf7,200,15.324998
2026-09-17T03:41:32.497121348Z,search,full,a42d74844cf7,200,15.672929
2026-09-17T03:41:32.558133756Z,search,full,a42d74844cf7,200,17.283684
2026-09-17T03:41:32.615971188Z,search,full,a42d74844cf7,200,15.265983
2026-09-17T03:41:32.675992519Z,search,full,a42d74844cf7,200,14.648094
2026-09-17T03:41:32.736092937Z,search,full,a42d74844cf7,200,15.325128
2026-09-17T03:41:32.79381871Z,search,full,a42d74844cf7,200,13.120487
2026-09-17T03:41:32.854870932Z,search,full,a42d74844cf7,200,14.377054
2026-09-17T03:41:32.914956167Z,search,full,a42d74844cf7,200,14.140966
2026-09-17T03:41:32.976330329Z,search,full,a42d74844cf7,200,15.063272
2026-09-17T03:41:33.035334565Z,search,full,a42d74844cf7,200,14.295062
2026-09-17T03:41:33.095047548Z,search,full,a42d74844cf7,200,14.159087
2026-09-17T03:41:33.155040878Z,search,full,a42d74844cf7,200,14.143396
2026-09-17T03:41:33.214908092Z,search,full,a42d74844cf7,200,14.166238
2026-09-17T03:41:33.274875405Z,search,full,a42d74844cf7,200,13.574718
2026-09-17T03:41:33.335080784Z,search,full,a42d74844cf7,200,14.601851
2026-09-17T03:41:33.394381175Z,search,full,a42d74844cf7,200,13.256872
2026-09-17T03:41:33.457707147Z,search,full,a42d74844cf7,200,16.502664
2026-09-17T03:41:33.516559878Z,search,full,a42d74844cf7,200,15.036636
2026-09-17T03:41:33.575852752Z,search,full,a42d74844cf7,200,15.017653
2026-09-17T03:41:33.634936811Z,search,full,a42d74844cf7,200,13.470614
2026-09-17T03:41:33.696552877Z,search,full,a42d74844cf7,200,15.414036
2026-09-17T03:41:33.75545005Z,search,full,a42d74844cf7,200,14.135305
2026-09-17T03:41:33.814719904Z,search,full,a42d74844cf7,200,13.688551
2026-09-17T03:41:33.875248024Z,search,full,a42d74844cf7,200,13.989244
2026-09-17T03:41:33.934930689Z,search,full,a42d74844cf7,200,13.802979
2026-09-17T03:41:33.995390614Z,search,full,a42d74844cf7,200,14.897995
2026-09-17T03:41:34.055792105Z,search,full,a42d74844cf7,200,14.436498
2026-09-17T03:41:34.115291946Z,search,full,a42d74844cf7,200,14.100542
2026-09-17T03:41:34.173797519Z,search,full,a42d74844cf7,200,13.255406
2026-09-17T03:41:34.234067051Z,search,full,a42d74844cf7,200,13.300731
2026-09-17T03:41:34.295143113Z,search,full,a42d74844cf7,200,14.180769
2026-09-17T03:41:34.356723181Z,search,full,a42d74844cf7,200,15.884066
2026-09-17T03:41:34.423162024Z,search,full,a42d74844cf7,200,21.756295
2026-09-17T03:41:34.487915363Z,search,full,a42d74844cf7,200,27.460679
2026-09-17T03:41:34.534678257Z,search,full,a42d74844cf7,200,14.160308
2026-09-17T03:41:34.59548905Z,search,full,a42d74844cf7,200,14.151697
2026-09-17T03:41:34.654744641Z,search,full,a42d74844cf7,200,13.964072
2026-09-17T03:41:34.715354304Z,search,full,a42d74844cf7,200,13.814386
2026-09-17T03:41:34.775353929Z,search,full,a42d74844cf7,200,14.468992
2026-09-17T03:41:34.835931947Z,search,full,a42d74844cf7,200,14.566644
2026-09-17T03:41:34.896271159Z,search,full,a42d74844cf7,200,14.684808
2026-09-17T03:41:34.95544743Z,search,full,a42d74844cf7,200,14.419013
2026-09-17T03:41:35.015126759Z,search,full,a42d74844cf7,200,13.780518
2026-09-17T03:41:35.075577163Z,search,full,a42d74844cf7,200,14.049189
2026-09-17T03:41:35.13515418Z,search,full,a42d74844cf7,200,13.977833
2026-09-17T03:41:35.195267938Z,search,full,a42d74844cf7,200,14.277467
2026-09-17T03:41:35.255797699Z,search,full,a42d74844cf7,200,14.819378
2026-09-17T03:41:35.318719756Z,search,full,a42d74844cf7,200,18.07574
2026-09-17T03:41:35.377702557Z,search,full,a42d74844cf7,200,16.402381
2026-09-17T03:41:35.437141133Z,search,full,a42d74844cf7,200,16.030532
2026-09-17T03:41:35.495088753Z,search,full,a42d74844cf7,200,14.529236
2026-09-17T03:41:35.554690492Z,search,full,a42d74844cf7,200,13.870955
2026-09-17T03:41:35.616976508Z,search,full,a42d74844cf7,200,15.603189
2026-09-17T03:41:35.675680428Z,search,full,a42d74844cf7,200,14.253794
2026-09-17T03:41:35.739257335Z,search,full,a42d74844cf7,200,17.511357
2026-09-17T03:41:35.795370313Z,search,full,a42d74844cf7,200,14.231073
2026-09-17T03:41:35.855638855Z,search,full,a42d74844cf7,200,14.537829
2026-09-17T03:41:35.914949882Z,search,full,a42d74844cf7,200,13.704135
2026-09-17T03:41:35.975127797Z,search,full,a42d74844cf7,200,13.740298
2026-09-17T03:41:36.034402871Z,search,full,a42d74844cf7,200,13.653567
2026-09-17T03:41:36.094890233Z,search,full,a42d74844cf7,200,13.554268
2026-09-17T03:41:36.155591742Z,search,full,a42d74844cf7,200,15.068651
2026-09-17T03:41:36.217230007Z,search,full,a42d74844cf7,200,15.937558
2026-09-17T03:41:36.275993712Z,search,full,a42d74844cf7,200,15.386388
2026-09-17T03:41:36.335281292Z,search,full,a42d74844cf7,200,14.613529
2026-09-17T03:41:36.395953858Z,search,full,a42d74844cf7,200,14.611344
2026-09-17T03:41:36.454894968Z,search,full,a42d74844cf7,200,14.107487
2026-09-17T03:41:36.514834923Z,search,full,a42d74844cf7,200,13.323387
2026-09-17T03:41:36.575810168Z,search,full,a42d74844cf7,200,14.473034
2026-09-17T03:41:36.635426494Z,search,full,a42d74844cf7,200,13.951181
2026-09-17T03:41:36.694791439Z,search,full,a42d74844cf7,200,13.635891
2026-09-17T03:41:36.754836822Z,search,full,a42d74844cf7,200,14.280999
2026-09-17T03:41:36.816105219Z,search,full,a42d74844cf7,200,14.644532
2026-09-17T03:41:36.875385293Z,search,full,a42d74844cf7,200,13.911
2026-09-17T03:41:36.934639627Z,search,full,a42d74844cf7,200,13.610009
2026-09-17T03:41:36.993997347Z,search,full,a42d74844cf7,200,12.522305
2026-09-17T03:41:37.053738737Z,search,full,a42d74844cf7,200,13.128561
2026-09-17T03:41:37.117139528Z,search,full,a42d74844cf7,200,15.681197
2026-09-17T03:41:37.175323418Z,search,full,a42d74844cf7,200,13.854277
2026-09-17T03:41:37.235668251Z,search,full,a42d74844cf7,200,14.525693
2026-09-17T03:41:37.297283559Z,search,full,a42d74844cf7,200,15.950878
2026-09-17T03:41:37.355082039Z,search,full,a42d74844cf7,200,14.232735
2026-09-17T03:41:37.415999407Z,search,full,a42d74844cf7,200,15.214178
2026-09-17T03:41:37.475345575Z,search,full,a42d74844cf7,200,13.833531
2026-09-17T03:41:37.537329402Z,search,full,a42d74844cf7,200,16.737479
2026-09-17T03:41:37.5973062Z,search,full,a42d74844cf7,200,16.369796
2026-09-17T03:41:37.660474255Z,search,full,a42d74844cf7,200,19.59045
2026-09-17T03:41:37.725660058Z,search,full,a42d74844cf7,200,24.315667
2026-09-17T03:41:37.782412674Z,search,full,a42d74844cf7,200,20.578699
2026-09-17T03:41:37.839902711Z,search,full,a42d74844cf7,200,18.149908
2026-09-17T03:41:37.895485321Z,search,full,a42d74844cf7,200,14.373698
2026-09-17T03:41:37.957750525Z,search,full,a42d74844cf7,200,16.534092
2026-09-17T03:41:38.015473529Z,search,full,a42d74844cf7,200,14.128677
2026-09-17T03:41:38.079873203Z,search,full,a42d74844cf7,200,19.127409
2026-09-17T03:41:38.135169915Z,search,full,a42d74844cf7,200,14.651564
2026-09-17T03:41:38.196620937Z,search,full,a42d74844cf7,200,15.677986
2026-09-17T03:41:38.256669102Z,search,full,a42d74844cf7,200,15.406676
2026-09-17T03:41:38.319357049Z,search,full,a42d74844cf7,200,17.866966
2026-09-17T03:41:38.377337744Z,search,full,a42d74844cf7,200,16.617725
2026-09-17T03:41:38.439407703Z,search,full,a42d74844cf7,200,18.057951
2026-09-17T03:41:38.50235495Z,search,full,a42d74844cf7,200,20.917781
2026-09-17T03:41:38.555239081Z,search,full,a42d74844cf7,200,14.27726
2026-09-17T03:41:38.617201292Z,search,full,a42d74844cf7,200,16.261691
2026-09-17T03:41:38.674549528Z,search,full,a42d74844cf7,200,14.02727
2026-09-17T03:41:38.735911812Z,search,full,a42d74844cf7,200,14.659622
2026-09-17T03:41:38.795143804Z,search,full,a42d74844cf7,200,13.632751
2026-09-17T03:41:38.855113522Z,search,full,a42d74844cf7,200,14.334095
2026-09-17T03:41:38.914737588Z,search,full,a42d74844cf7,200,13.695776
2026-09-17T03:41:38.976610556Z,search,full,a42d74844cf7,200,15.465671
2026-09-17T03:41:39.036669706Z,search,full,a42d74844cf7,200,15.265362
2026-09-17T03:41:39.095783687Z,search,full,a42d74844cf7,200,14.538978
2026-09-17T03:41:39.155947524Z,search,full,a42d74844cf7,200,14.513167
2026-09-17T03:41:39.215442635Z,search,full,a42d74844cf7,200,13.672712
2026-09-17T03:41:39.274406796Z,search,full,a42d74844cf7,200,13.791842
2026-09-17T03:41:39.335418934Z,search,full,a42d74844cf7,200,14.266545
2026-09-17T03:41:39.395596742Z,search,full,a42d74844cf7,200,14.34835
2026-09-17T03:41:39.455660342Z,search,full,a42d74844cf7,200,14.40986
2026-09-17T03:41:39.5159506Z,search,full,a42d74844cf7,200,14.583949
2026-09-17T03:41:39.576390037Z,search,full,a42d74844cf7,200,14.958801
2026-09-17T03:41:39.634775833Z,search,full,a42d74844cf7,200,13.682932
2026-09-17T03:41:39.695420892Z,search,full,a42d74844cf7,200,14.609644
2026-09-17T03:41:39.755536903Z,search,full,a42d74844cf7,200,14.426231
2026-09-17T03:41:39.815717626Z,search,full,a42d74844cf7,200,14.574103
2026-09-17T03:41:39.875736097Z,search,full,a42d74844cf7,200,14.071884
2026-09-17T03:41:39.937525964Z,search,full,a42d74844cf7,200,16.019533
2026-09-17T03:41:39.996020278Z,search,full,a42d74844cf7,200,14.840943
2026-09-17T03:41:40.054557985Z,search,full,a42d74844cf7,200,13.819883
2026-09-17T03:41:40.115175942Z,search,full,a42d74844cf7,200,14.008008
2026-09-17T03:41:40.17424165Z,search,full,a42d74844cf7,200,13.5175
2026-09-17T03:41:40.234783863Z,search,full,a42d74844cf7,200,13.821545
2026-09-17T03:41:40.293921151Z,search,full,a42d74844cf7,200,13.400397
2026-09-17T03:41:40.35411171Z,search,full,a42d74844cf7,200,13.586857
2026-09-17T03:41:40.417071648Z,search,full,a42d74844cf7,200,16.198287
2026-09-17T03:41:40.476482879Z,search,full,a42d74844cf7,200,14.997831
2026-09-17T03:41:40.53559554Z,search,full,a42d74844cf7,200,14.405525
2026-09-17T03:41:40.59567565Z,search,full,a42d74844cf7,200,14.55764
2026-09-17T03:41:40.655369836Z,search,full,a42d74844cf7,200,13.985666
2026-09-17T03:41:40.714987368Z,search,full,a42d74844cf7,200,13.952835
2026-09-17T03:41:40.776453165Z,search,full,a42d74844cf7,200,15.034144
2026-09-17T03:41:40.837021634Z,search,full,a42d74844cf7,200,15.824249
2026-09-17T03:41:40.896602711Z,search,full,a42d74844cf7,200,15.887464
2026-09-17T03:41:40.955096305Z,search,full,a42d74844cf7,200,14.064919
2026-09-17T03:41:41.014763465Z,search,full,a42d74844cf7,200,13.935258
2026-09-17T03:41:41.074804462Z,search,full,a42d74844cf7,200,13.615182
2026-09-17T03:41:41.136193928Z,search,full,a42d74844cf7,200,14.733624
2026-09-17T03:41:41.195088845Z,search,full,a42d74844cf7,200,14.219536
2026-09-17T03:41:41.254824313Z,search,full,a42d74844cf7,200,13.952775
2026-09-17T03:41:41.318011988Z,search,full,a42d74844cf7,200,16.509751
2026-09-17T03:41:41.374709439Z,search,full,a42d74844cf7,200,13.256496
2026-09-17T03:41:41.436761492Z,search,full,a42d74844cf7,200,15.522815
2026-09-17T03:41:41.495545354Z,search,full,a42d74844cf7,200,14.116812
2026-09-17T03:41:41.554578113Z,search,full,a42d74844cf7,200,13.349897
2026-09-17T03:41:41.613977041Z,search,full,a42d74844cf7,200,12.831933
2026-09-17T03:41:41.674029531Z,search,full,a42d74844cf7,200,13.589496
2026-09-17T03:41:41.737634728Z,search,full,a42d74844cf7,200,16.917197
2026-09-17T03:41:41.795947533Z,search,full,a42d74844cf7,200,14.73457
2026-09-17T03:41:41.858205267Z,search,full,a42d74844cf7,200,17.564022
2026-09-17T03:41:41.917336666Z,search,full,a42d74844cf7,200,16.225131
2026-09-17T03:41:41.974896847Z,search,full,a42d74844cf7,200,14.1737
2026-09-17T03:41:42.036779847Z,search,full,a42d74844cf7,200,16.212532
2026-09-17T03:41:42.097817231Z,search,full,a42d74844cf7,200,16.309505
2026-09-17T03:41:42.155534367Z,search,full,a42d74844cf7,200,14.861115
2026-09-17T03:41:42.214572802Z,search,full,a42d74844cf7,200,13.37861
2026-09-17T03:41:42.274735829Z,search,full,a42d74844cf7,200,13.551448
2026-09-17T03:41:42.337852654Z,search,full,a42d74844cf7,200,16.332327
2026-09-17T03:41:42.396680478Z,search,full,a42d74844cf7,200,16.179222
2026-09-17T03:41:42.45624772Z,search,full,a42d74844cf7,200,15.001934
2026-09-17T03:41:42.514644986Z,search,full,a42d74844cf7,200,13.693574
2026-09-17T03:41:42.576226477Z,search,full,a42d74844cf7,200,15.134245
2026-09-17T03:41:42.637017549Z,search,full,a42d74844cf7,200,15.965541
2026-09-17T03:41:42.697006248Z,search,full,a42d74844cf7,200,16.174856
2026-09-17T03:41:42.754693909Z,search,full,a42d74844cf7,200,13.90044
2026-09-17T03:41:42.814996829Z,search,full,a42d74844cf7,200,13.654008
2026-09-17T03:41:42.880520938Z,search,full,a42d74844cf7,200,17.52459
2026-09-17T03:41:42.934826649Z,search,full,a42d74844cf7,200,13.629949
2026-09-17T03:41:42.995486484Z,search,full,a42d74844cf7,200,13.941698
2026-09-17T03:41:43.055955417Z,search,full,a42d74844cf7,200,14.681881
2026-09-17T03:41:43.116173149Z,search,full,a42d74844cf7,200,14.59722
2026-09-17T03:41:43.176622887Z,search,full,a42d74844cf7,200,15.041259
2026-09-17T03:41:43.236121779Z,search,full,a42d74844cf7,200,14.951951
2026-09-17T03:41:43.294204227Z,search,full,a42d74844cf7,200,13.330903
2026-09-17T03:41:43.355679664Z,search,full,a42d74844cf7,200,14.578771
2026-09-17T03:41:43.416414761Z,search,full,a42d74844cf7,200,15.059308
2026-09-17T03:41:43.477233174Z,search,full,a42d74844cf7,200,16.467397
2026-09-17T03:41:43.536453534Z,search,full,a42d74844cf7,200,15.562739
2026-09-17T03:41:43.597515846Z,search,full,a42d74844cf7,200,16.424455
2026-09-17T03:41:43.657151697Z,search,full,a42d74844cf7,200,15.896234
2026-09-17T03:41:43.714542381Z,search,full,a42d74844cf7,200,13.587642
2026-09-17T03:41:43.775768971Z,search,full,a42d74844cf7,200,14.837503
2026-09-17T03:41:43.835210439Z,search,full,a42d74844cf7,200,13.829031
2026-09-17T03:41:43.895641162Z,search,full,a42d74844cf7,200,14.64302
2026-09-17T03:41:43.955198783Z,search,full,a42d74844cf7,200,13.89145
2026-09-17T03:41:44.014873792Z,search,full,a42d74844cf7,200,13.807649
2026-09-17T03:41:44.075324527Z,search,full,a42d74844cf7,200,13.81523
2026-09-17T03:41:44.135163298Z,search,full,a42d74844cf7,200,14.080019
2026-09-17T03:41:44.194504923Z,search,full,a42d74844cf7,200,13.452314
2026-09-17T03:41:44.254763014Z,search,full,a42d74844cf7,200,13.590837
2026-09-17T03:41:44.315383771Z,search,full,a42d74844cf7,200,13.935557
2026-09-17T03:41:44.375046369Z,search,full,a42d74844cf7,200,13.985115
2026-09-17T03:41:44.435442665Z,search,full,a42d74844cf7,200,14.73814
2026-09-17T03:41:44.496351328Z,search,full,a42d74844cf7,200,15.096605
2026-09-17T03:41:44.555451786Z,search,full,a42d74844cf7,200,14.38316
2026-09-17T03:41:44.615631151Z,search,full,a42d74844cf7,200,14.501338
2026-09-17T03:41:44.675376805Z,search,full,a42d74844cf7,200,14.445114
2026-09-17T03:41:44.735238828Z,search,full,a42d74844cf7,200,14.10501
2026-09-17T03:41:44.793607112Z,search,full,a42d74844cf7,200,12.695568
2026-09-17T03:41:44.854224355Z,search,full,a42d74844cf7,200,12.964703
2026-09-17T03:41:44.914367573Z,search,full,a42d74844cf7,200,13.357477
2026-09-17T03:41:44.974553199Z,search,full,a42d74844cf7,200,13.515358
2026-09-17T03:41:45.033857761Z,search,full,a42d74844cf7,200,12.615903
2026-09-17T03:41:45.094655952Z,search,full,a42d74844cf7,200,14.020675
2026-09-17T03:41:45.155146329Z,search,full,a42d74844cf7,200,13.858013
2026-09-17T03:41:45.214720731Z,search,full,a42d74844cf7,200,13.91118
2026-09-17T03:41:45.275455497Z,search,full,a42d74844cf7,200,14.0794
2026-09-17T03:41:45.334853176Z,search,full,a42d74844cf7,200,13.640897
2026-09-17T03:41:45.395593012Z,search,full,a42d74844cf7,200,14.185317
2026-09-17T03:41:45.458073969Z,search,full,a42d74844cf7,200,16.757039
2026-09-17T03:41:45.515201683Z,search,full,a42d74844cf7,200,14.539197
2026-09-17T03:41:45.575045924Z,search,full,a42d74844cf7,200,14.612373
2026-09-17T03:41:45.640167892Z,search,full,a42d74844cf7,200,19.191063
2026-09-17T03:41:45.695785008Z,search,full,a42d74844cf7,200,14.880147
2026-09-17T03:41:45.755443746Z,search,full,a42d74844cf7,200,14.00136
2026-09-17T03:41:45.81705661Z,search,full,a42d74844cf7,200,15.691841
2026-09-17T03:41:45.876789648Z,search,full,a42d74844cf7,200,15.296698
2026-09-17T03:41:45.936072898Z,search,full,a42d74844cf7,200,15.644683
2026-09-17T03:41:45.997970995Z,search,full,a42d74844cf7,200,17.133996
2026-09-17T03:41:46.054026737Z,search,full,a42d74844cf7,200,13.378349
2026-09-17T03:41:46.115214361Z,search,full,a42d74844cf7,200,14.245967
2026-09-17T03:41:46.174391457Z,search,full,a42d74844cf7,200,13.763557
2026-09-17T03:41:46.236335841Z,search,full,a42d74844cf7,200,15.199881
2026-09-17T03:41:46.294423245Z,search,full,a42d74844cf7,200,13.294003
2026-09-17T03:41:46.357191933Z,search,full,a42d74844cf7,200,15.935279
2026-09-17T03:41:46.41830133Z,search,full,a42d74844cf7,200,17.447392
2026-09-17T03:41:46.475283824Z,search,full,a42d74844cf7,200,14.5922
2026-09-17T03:41:46.534607564Z,search,full,a42d74844cf7,200,13.768783
2026-09-17T03:41:46.59459953Z,search,full,a42d74844cf7,200,13.412501
2026-09-17T03:41:46.655058635Z,search,full,a42d74844cf7,200,13.931519
2026-09-17T03:41:46.71508724Z,search,full,a42d74844cf7,200,14.36494
2026-09-17T03:41:46.775089572Z,search,full,a42d74844cf7,200,13.575077
2026-09-17T03:41:46.834835346Z,search,full,a42d74844cf7,200,13.991332
2026-09-17T03:41:46.895858943Z,search,full,a42d74844cf7,200,14.37217
2026-09-17T03:41:46.955495379Z,search,full,a42d74844cf7,200,14.777828
2026-09-17T03:41:47.014938621Z,search,full,a42d74844cf7,200,13.809498
2026-09-17T03:41:47.074588443Z,search,full,a42d74844cf7,200,13.150356
2026-09-17T03:41:47.135197675Z,search,full,a42d74844cf7,200,14.042405
2026-09-17T03:41:47.194839421Z,search,full,a42d74844cf7,200,13.902586
2026-09-17T03:41:47.254591456Z,search,full,a42d74844cf7,200,14.141042
2026-09-17T03:41:47.317594606Z,search,full,a42d74844cf7,200,16.369488
2026-09-17T03:41:47.377147933Z,search,full,a42d74844cf7,200,16.236652
2026-09-17T03:41:47.435465624Z,search,full,a42d74844cf7,200,14.783196
2026-09-17T03:41:47.495997455Z,search,full,a42d74844cf7,200,14.721582
2026-09-17T03:41:47.55583443Z,search,full,a42d74844cf7,200,14.958104
2026-09-17T03:41:47.615058146Z,search,full,a42d74844cf7,200,14.392441
2026-09-17T03:41:47.676896231Z,search,full,a42d74844cf7,200,16.259737
2026-09-17T03:41:47.734140024Z,search,full,a42d74844cf7,200,13.730444
2026-09-17T03:41:47.794952305Z,search,full,a42d74844cf7,200,13.918548
2026-09-17T03:41:47.855619026Z,search,full,a42d74844cf7,200,14.812597
2026-09-17T03:41:47.917115037Z,search,full,a42d74844cf7,200,15.568997
2026-09-17T03:41:47.975596239Z,search,full,a42d74844cf7,200,14.348779
2026-09-17T03:41:48.035352444Z,search,full,a42d74844cf7,200,14.164606
2026-09-17T03:41:48.095219777Z,search,full,a42d74844cf7,200,14.188748
2026-09-17T03:41:48.155658791Z,search,full,a42d74844cf7,200,14.711576
2026-09-17T03:41:48.217282461Z,search,full,a42d74844cf7,200,15.911512
2026-09-17T03:41:48.284229601Z,search,full,a42d74844cf7,200,23.631928
2026-09-17T03:41:48.334680758Z,search,full,a42d74844cf7,200,13.783568
2026-09-17T03:41:48.395215494Z,search,full,a42d74844cf7,200,14.748552
2026-09-17T03:41:48.457789588Z,search,full,a42d74844cf7,200,16.960008
2026-09-17T03:41:48.517545872Z,search,full,a42d74844cf7,200,16.246956
2026-09-17T03:41:48.57540318Z,search,full,a42d74844cf7,200,14.071489
2026-09-17T03:41:48.6349462Z,search,full,a42d74844cf7,200,13.974612
2026-09-17T03:41:48.692018985Z,search,full,a42d74844cf7,200,13.417741
2026-09-17T03:41:48.752353257Z,search,full,a42d74844cf7,200,13.533654
2026-09-17T03:41:48.813558837Z,search,full,a42d74844cf7,200,14.558909
2026-09-17T03:41:48.872728214Z,search,full,a42d74844cf7,200,13.469125
2026-09-17T03:41:48.934131858Z,search,full,a42d74844cf7,200,14.736156
2026-09-17T03:41:48.992758651Z,search,full,a42d74844cf7,200,13.771302
2026-09-17T03:41:49.052184692Z,search,full,a42d74844cf7,200,13.595578
2026-09-17T03:41:49.114644043Z,search,full,a42d74844cf7,200,15.575698
2026-09-17T03:41:49.172460386Z,search,full,a42d74844cf7,200,13.430732
2026-09-17T03:41:49.235398552Z,search,full,a42d74844cf7,200,16.262557
2026-09-17T03:41:49.294330527Z,search,full,a42d74844cf7,200,15.05163
2026-09-17T03:41:49.353011224Z,search,full,a42d74844cf7,200,13.791199
2026-09-17T03:41:49.412585876Z,search,full,a42d74844cf7,200,13.964466
2026-09-17T03:41:49.47330458Z,search,full,a42d74844cf7,200,14.08997
2026-09-17T03:41:49.53305151Z,search,full,a42d74844cf7,200,14.187933
2026-09-17T03:41:49.592395089Z,search,full,a42d74844cf7,200,13.67721
2026-09-17T03:41:49.652910459Z,search,full,a42d74844cf7,200,13.535151
2026-09-17T03:41:49.714627146Z,search,full,a42d74844cf7,200,15.044759
2026-09-17T03:41:49.773299207Z,search,full,a42d74844cf7,200,14.035156
2026-09-17T03:41:49.833179027Z,search,full,a42d74844cf7,200,14.202029
2026-09-17T03:41:49.895206786Z,search,full,a42d74844cf7,200,16.149369
2026-09-17T03:41:49.953447291Z,search,full,a42d74844cf7,200,14.51039
2026-09-17T03:41:50.013792478Z,search,full,a42d74844cf7,200,14.702634
2026-09-17T03:41:50.075133197Z,search,full,a42d74844cf7,200,15.977727
2026-09-17T03:41:50.134144828Z,search,full,a42d74844cf7,200,15.380043
2026-09-17T03:41:50.193539837Z,search,full,a42d74844cf7,200,14.631263
2026-09-17T03:41:50.252981729Z,search,full,a42d74844cf7,200,13.831535
2026-09-17T03:41:50.312707102Z,search,full,a42d74844cf7,200,13.923198
2026-09-17T03:41:50.372313966Z,search,full,a42d74844cf7,200,12.868271
2026-09-17T03:41:50.433409458Z,search,full,a42d74844cf7,200,14.499234
2026-09-17T03:41:50.493557361Z,search,full,a42d74844cf7,200,14.50742
2026-09-17T03:41:50.552887284Z,search,full,a42d74844cf7,200,13.603654
2026-09-17T03:41:50.612419083Z,search,full,a42d74844cf7,200,13.830021
2026-09-17T03:41:50.672794093Z,search,full,a42d74844cf7,200,13.816526
2026-09-17T03:41:50.733524868Z,search,full,a42d74844cf7,200,14.10681
2026-09-17T03:41:50.793234204Z,search,full,a42d74844cf7,200,13.971285
2026-09-17T03:41:50.853287606Z,search,full,a42d74844cf7,200,14.406351
2026-09-17T03:41:50.912149586Z,search,full,a42d74844cf7,200,13.220056
2026-09-17T03:41:50.974949461Z,search,full,a42d74844cf7,200,16.293528
2026-09-17T03:41:51.034358021Z,search,full,a42d74844cf7,200,15.607959
2026-09-17T03:41:51.093821539Z,search,full,a42d74844cf7,200,14.811716
2026-09-17T03:41:51.154235007Z,search,full,a42d74844cf7,200,14.791979
2026-09-17T03:41:51.213532554Z,search,full,a42d74844cf7,200,14.272678
2026-09-17T03:41:51.272421507Z,search,full,a42d74844cf7,200,13.435359
2026-09-17T03:41:51.333828212Z,search,full,a42d74844cf7,200,14.908575
2026-09-17T03:41:51.394692741Z,search,full,a42d74844cf7,200,14.984455
2026-09-17T03:41:51.453442573Z,search,full,a42d74844cf7,200,14.399042
2026-09-17T03:41:51.513905634Z,search,full,a42d74844cf7,200,14.795736
2026-09-17T03:41:51.572811562Z,search,full,a42d74844cf7,200,13.547961
2026-09-17T03:41:51.632972346Z,search,full,a42d74844cf7,200,13.389479
2026-09-17T03:41:51.692177185Z,search,full,a42d74844cf7,200,13.665634
2026-09-17T03:41:51.75364823Z,search,full,a42d74844cf7,200,14.762634
2026-09-17T03:41:51.812580265Z,search,full,a42d74844cf7,200,13.315265
2026-09-17T03:41:51.872845261Z,search,full,a42d74844cf7,200,13.728697
2026-09-17T03:41:51.936224167Z,search,full,a42d74844cf7,200,16.582489
2026-09-17T03:41:51.993357442Z,search,full,a42d74844cf7,200,14.502538
2026-09-17T03:41:52.054481807Z,search,full,a42d74844cf7,200,15.387351
2026-09-17T03:41:52.113414651Z,search,full,a42d74844cf7,200,14.139526
2026-09-17T03:41:52.172723094Z,search,full,a42d74844cf7,200,13.90997
2026-09-17T03:41:52.232971232Z,search,full,a42d74844cf7,200,13.617662
2026-09-17T03:41:52.294755376Z,search,full,a42d74844cf7,200,16.026043
2026-09-17T03:41:52.353231986Z,search,full,a42d74844cf7,200,13.720224
2026-09-17T03:41:52.413931468Z,search,full,a42d74844cf7,200,15.062541
2026-09-17T03:41:52.473703831Z,search,full,a42d74844cf7,200,14.247014
2026-09-17T03:41:52.533930193Z,search,full,a42d74844cf7,200,14.667707
2026-09-17T03:41:52.593614593Z,search,full,a42d74844cf7,200,13.734696
2026-09-17T03:41:52.65363843Z,search,full,a42d74844cf7,200,14.277642
2026-09-17T03:41:52.716176194Z,search,full,a42d74844cf7,200,16.957352
2026-09-17T03:41:52.772432299Z,search,full,a42d74844cf7,200,13.950853
2026-09-17T03:41:52.833600556Z,search,full,a42d74844cf7,200,14.50464
2026-09-17T03:41:52.895283161Z,search,full,a42d74844cf7,200,15.985505
2026-09-17T03:41:52.952662695Z,search,full,a42d74844cf7,200,13.672547
2026-09-17T03:41:53.014326629Z,search,full,a42d74844cf7,200,15.000421
2026-09-17T03:41:53.072857823Z,search,full,a42d74844cf7,200,14.237124
2026-09-17T03:41:53.131920323Z,search,full,a42d74844cf7,200,12.455676
2026-09-17T03:41:53.192622005Z,search,full,a42d74844cf7,200,14.034569
2026-09-17T03:41:53.253104181Z,search,full,a42d74844cf7,200,13.688858
2026-09-17T03:41:53.31242813Z,search,full,a42d74844cf7,200,13.925422
2026-09-17T03:41:53.37356263Z,search,full,a42d74844cf7,200,14.590101
2026-09-17T03:41:53.43310105Z,search,full,a42d74844cf7,200,13.790181
2026-09-17T03:41:53.492878718Z,search,full,a42d74844cf7,200,13.951463
2026-09-17T03:41:53.55324809Z,search,full,a42d74844cf7,200,14.648455
2026-09-17T03:41:53.613299367Z,search,full,a42d74844cf7,200,13.689502
2026-09-17T03:41:53.675741815Z,search,full,a42d74844cf7,200,17.026858
2026-09-17T03:41:53.735006084Z,search,full,a42d74844cf7,200,15.684972
2026-09-17T03:41:53.794040467Z,search,full,a42d74844cf7,200,15.163393
2026-09-17T03:41:53.853999278Z,search,full,a42d74844cf7,200,14.765563
2026-09-17T03:41:53.915696125Z,search,full,a42d74844cf7,200,16.697423
2026-09-17T03:41:53.973601644Z,search,full,a42d74844cf7,200,14.700893
2026-09-17T03:41:54.034620649Z,search,full,a42d74844cf7,200,15.194135
2026-09-17T03:41:54.09871759Z,search,full,a42d74844cf7,200,19.322279
2026-09-17T03:41:54.153201632Z,search,full,a42d74844cf7,200,13.757558
2026-09-17T03:41:54.216291658Z,search,full,a42d74844cf7,200,17.143531
2026-09-17T03:41:54.272371779Z,search,full,a42d74844cf7,200,13.714435
2026-09-17T03:41:54.333914039Z,search,full,a42d74844cf7,200,14.602534
2026-09-17T03:41:54.391079682Z,search,full,a42d74844cf7,200,12.549258
2026-09-17T03:41:54.452513364Z,search,full,a42d74844cf7,200,13.424337
2026-09-17T03:41:54.515909782Z,search,full,a42d74844cf7,200,16.575629
2026-09-17T03:41:54.573178698Z,search,full,a42d74844cf7,200,13.863791
2026-09-17T03:41:54.632894427Z,search,full,a42d74844cf7,200,14.087003
2026-09-17T03:41:54.694813615Z,search,full,a42d74844cf7,200,16.301789
2026-09-17T03:41:54.753430616Z,search,full,a42d74844cf7,200,13.817068
2026-09-17T03:41:54.813643116Z,search,full,a42d74844cf7,200,14.568583
2026-09-17T03:41:54.872245191Z,search,full,a42d74844cf7,200,13.147088
2026-09-17T03:41:54.932454667Z,search,full,a42d74844cf7,200,13.550953
2026-09-17T03:41:54.992927207Z,search,full,a42d74844cf7,200,13.612708
2026-09-17T03:41:55.052272702Z,search,full,a42d74844cf7,200,13.492769
2026-09-17T03:41:55.110535547Z,search,full,a42d74844cf7,200,11.755874
2026-09-17T03:41:55.173601716Z,search,full,a42d74844cf7,200,14.345412
2026-09-17T03:41:55.234681645Z,search,full,a42d74844cf7,200,15.54051
2026-09-17T03:41:55.294244398Z,search,full,a42d74844cf7,200,14.957428
2026-09-17T03:41:55.351880676Z,search,full,a42d74844cf7,200,12.830349
2026-09-17T03:41:55.413604039Z,search,full,a42d74844cf7,200,14.087077
2026-09-17T03:41:55.471796889Z,search,full,a42d74844cf7,200,12.874032
2026-09-17T03:41:55.534407039Z,search,full,a42d74844cf7,200,14.98086
2026-09-17T03:41:55.594408293Z,search,full,a42d74844cf7,200,15.27219
2026-09-17T03:41:55.654187872Z,search,full,a42d74844cf7,200,15.033464
2026-09-17T03:41:55.713412618Z,search,full,a42d74844cf7,200,14.468321
2026-09-17T03:41:55.772622964Z,search,full,a42d74844cf7,200,13.816246
2026-09-17T03:41:55.833525486Z,search,full,a42d74844cf7,200,14.212776
2026-09-17T03:41:55.894110164Z,search,full,a42d74844cf7,200,14.671212
2026-09-17T03:41:55.952775729Z,search,full,a42d74844cf7,200,13.902378
2026-09-17T03:41:56.012895969Z,search,full,a42d74844cf7,200,13.406328
2026-09-17T03:41:56.074169268Z,search,full,a42d74844cf7,200,14.86082
2026-09-17T03:41:56.13360315Z,search,full,a42d74844cf7,200,15.117455
2026-09-17T03:41:56.193464879Z,search,full,a42d74844cf7,200,14.098394
2026-09-17T03:41:56.25367003Z,search,full,a42d74844cf7,200,14.554898
2026-09-17T03:41:56.313282474Z,search,full,a42d74844cf7,200,14.121166
2026-09-17T03:41:56.372947011Z,search,full,a42d74844cf7,200,14.052972
2026-09-17T03:41:56.433426755Z,search,full,a42d74844cf7,200,14.44161
2026-09-17T03:41:56.495052051Z,search,full,a42d74844cf7,200,15.99055
2026-09-17T03:41:56.558249685Z,search,full,a42d74844cf7,200,18.655306
2026-09-17T03:41:56.615000602Z,search,full,a42d74844cf7,200,15.664186
2026-09-17T03:41:56.673244789Z,search,full,a42d74844cf7,200,13.784101
2026-09-17T03:41:56.73317893Z,search,full,a42d74844cf7,200,14.262466
2026-09-17T03:41:56.79379635Z,search,full,a42d74844cf7,200,14.957712
2026-09-17T03:41:56.854547407Z,search,full,a42d74844cf7,200,15.177381
2026-09-17T03:41:56.913286441Z,search,full,a42d74844cf7,200,13.946303
2026-09-17T03:41:56.972087626Z,search,full,a42d74844cf7,200,13.52523
2026-09-17T03:41:57.032789673Z,search,full,a42d74844cf7,200,13.996697
2026-09-17T03:41:57.093262822Z,search,full,a42d74844cf7,200,13.848424
2026-09-17T03:41:57.152456497Z,search,full,a42d74844cf7,200,13.402402
2026-09-17T03:41:57.212447881Z,search,full,a42d74844cf7,200,13.314674
2026-09-17T03:41:57.273047721Z,search,full,a42d74844cf7,200,14.009967
2026-09-17T03:41:57.33431755Z,search,full,a42d74844cf7,200,15.605985
2026-09-17T03:41:57.393075522Z,search,full,a42d74844cf7,200,14.167229
2026-09-17T03:41:57.455014412Z,search,full,a42d74844cf7,200,16.437088
2026-09-17T03:41:57.512684282Z,search,full,a42d74844cf7,200,14.100575
2026-09-17T03:41:57.574426177Z,search,full,a42d74844cf7,200,15.196999
2026-09-17T03:41:57.632894877Z,search,full,a42d74844cf7,200,13.821339
2026-09-17T03:41:57.692567657Z,search,full,a42d74844cf7,200,13.841724
2026-09-17T03:41:57.755170553Z,search,full,a42d74844cf7,200,16.347658
2026-09-17T03:41:57.812151215Z,search,full,a42d74844cf7,200,13.289003
2026-09-17T03:41:57.872157371Z,search,full,a42d74844cf7,200,13.38248
2026-09-17T03:41:57.93195085Z,search,full,a42d74844cf7,200,13.163504
2026-09-17T03:41:57.9952362Z,search,full,a42d74844cf7,200,15.469018
2026-09-17T03:41:58.051840551Z,search,full,a42d74844cf7,200,13.160514
2026-09-17T03:41:58.112525907Z,search,full,a42d74844cf7,200,13.0308
2026-09-17T03:41:58.172352508Z,search,full,a42d74844cf7,200,13.24064
2026-09-17T03:41:58.23151092Z,search,full,a42d74844cf7,200,12.432589
2026-09-17T03:41:58.292156883Z,search,full,a42d74844cf7,200,13.044506
2026-09-17T03:41:58.35285392Z,search,full,a42d74844cf7,200,13.860306
2026-09-17T03:41:58.415002395Z,search,full,a42d74844cf7,200,15.51266
2026-09-17T03:41:58.479170221Z,search,full,a42d74844cf7,200,19.66986
2026-09-17T03:41:58.532722314Z,search,full,a42d74844cf7,200,13.77526
2026-09-17T03:41:58.593606383Z,search,full,a42d74844cf7,200,14.095033
2026-09-17T03:41:58.652557821Z,search,full,a42d74844cf7,200,13.416403
2026-09-17T03:41:58.712584637Z,search,full,a42d74844cf7,200,13.926285
2026-09-17T03:41:58.773320847Z,search,full,a42d74844cf7,200,14.197606
2026-09-17T03:41:58.833157129Z,search,full,a42d74844cf7,200,14.141306
2026-09-17T03:41:58.892142798Z,search,full,a42d74844cf7,200,13.269597
2026-09-17T03:41:58.952202947Z,search,full,a42d74844cf7,200,13.325285
2026-09-17T03:41:59.011766259Z,search,full,a42d74844cf7,200,12.914186
2026-09-17T03:41:59.072847874Z,search,full,a42d74844cf7,200,14.271025
2026-09-17T03:41:59.132209707Z,search,full,a42d74844cf7,200,12.680612
2026-09-17T03:41:59.194376588Z,search,full,a42d74844cf7,200,15.376083
2026-09-17T03:41:59.252376924Z,search,full,a42d74844cf7,200,13.421813
2026-09-17T03:41:59.316036112Z,search,full,a42d74844cf7,200,17.290672
2026-09-17T03:41:59.374584118Z,search,full,a42d74844cf7,200,15.207067
2026-09-17T03:41:59.435018495Z,search,full,a42d74844cf7,200,15.786831
2026-09-17T03:41:59.492697746Z,search,full,a42d74844cf7,200,13.935582
2026-09-17T03:41:59.552630956Z,search,full,a42d74844cf7,200,13.371989
2026-09-17T03:41:59.614067228Z,search,full,a42d74844cf7,200,14.870152
2026-09-17T03:41:59.671887254Z,search,full,a42d74844cf7,200,13.198483
2026-09-17T03:41:59.733627865Z,search,full,a42d74844cf7,200,14.105539
2026-09-17T03:41:59.793900019Z,search,full,a42d74844cf7,200,14.696768
2026-09-17T03:41:59.852739957Z,search,full,a42d74844cf7,200,14.129909
2026-09-17T03:41:59.912771782Z,search,full,a42d74844cf7,200,13.33491
2026-09-17T03:41:59.972505872Z,search,full,a42d74844cf7,200,13.037886
2026-09-17T03:42:00.032936566Z,search,full,a42d74844cf7,200,13.759611
2026-09-17T03:42:00.092672932Z,search,full,a42d74844cf7,200,14.149407
2026-09-17T03:42:00.153324562Z,search,full,a42d74844cf7,200,13.828761
2026-09-17T03:42:00.215713539Z,search,full,a42d74844cf7,200,16.778569
2026-09-17T03:42:00.275060175Z,search,full,a42d74844cf7,200,15.648009
2026-09-17T03:42:00.333605172Z,search,full,a42d74844cf7,200,14.853214
2026-09-17T03:42:00.393415297Z,search,full,a42d74844cf7,200,14.192294
2026-09-17T03:42:00.45249393Z,search,full,a42d74844cf7,200,13.324819
2026-09-17T03:42:00.512961076Z,search,full,a42d74844cf7,200,13.726429
2026-09-17T03:42:00.573816066Z,search,full,a42d74844cf7,200,14.373692
2026-09-17T03:42:00.634148978Z,search,full,a42d74844cf7,200,14.686322
2026-09-17T03:42:00.693348835Z,search,full,a42d74844cf7,200,14.417517
2026-09-17T03:42:00.753153894Z,search,full,a42d74844cf7,200,14.067484
2026-09-17T03:42:00.815238053Z,search,full,a42d74844cf7,200,16.182295
2026-09-17T03:42:00.872936309Z,search,full,a42d74844cf7,200,14.09107
2026-09-17T03:42:00.93192535Z,search,full,a42d74844cf7,200,13.334745
2026-09-17T03:42:00.993200452Z,search,full,a42d74844cf7,200,13.81404
2026-09-17T03:42:01.052359309Z,search,full,a42d74844cf7,200,13.370032
2026-09-17T03:42:01.112114402Z,search,full,a42d74844cf7,200,13.062479
2026-09-17T03:42:01.174653804Z,search,full,a42d74844cf7,200,15.952241
2026-09-17T03:42:01.234786452Z,search,full,a42d74844cf7,200,15.498959
2026-09-17T03:42:01.294633102Z,search,full,a42d74844cf7,200,15.228238
2026-09-17T03:42:01.352724602Z,search,full,a42d74844cf7,200,13.340279
2026-09-17T03:42:01.413857629Z,search,full,a42d74844cf7,200,14.508523
2026-09-17T03:42:01.473781795Z,search,full,a42d74844cf7,200,14.559943
2026-09-17T03:42:01.534720686Z,search,full,a42d74844cf7,200,15.295632
2026-09-17T03:42:01.595064493Z,search,full,a42d74844cf7,200,15.577144
2026-09-17T03:42:01.65711955Z,search,full,a42d74844cf7,200,18.125172
2026-09-17T03:42:01.713925729Z,search,full,a42d74844cf7,200,15.247434
2026-09-17T03:42:01.776672438Z,search,full,a42d74844cf7,200,17.362083
2026-09-17T03:42:01.834403237Z,search,full,a42d74844cf7,200,14.977264
2026-09-17T03:42:01.89455177Z,search,full,a42d74844cf7,200,15.587629
2026-09-17T03:42:01.952931638Z,search,full,a42d74844cf7,200,13.689986
2026-09-17T03:42:02.01321429Z,search,full,a42d74844cf7,200,14.497277
2026-09-17T03:42:02.076489319Z,search,full,a42d74844cf7,200,17.028759
2026-09-17T03:42:02.135545908Z,search,full,a42d74844cf7,200,16.528081
2026-09-17T03:42:02.194503216Z,search,full,a42d74844cf7,200,15.219407
2026-09-17T03:42:02.255392538Z,search,full,a42d74844cf7,200,16.825273
2026-09-17T03:42:02.319122569Z,search,full,a42d74844cf7,200,19.952166
2026-09-17T03:42:02.378020499Z,search,full,a42d74844cf7,200,18.463397
2026-09-17T03:42:02.432008862Z,search,full,a42d74844cf7,200,13.339015
2026-09-17T03:42:02.494256877Z,search,full,a42d74844cf7,200,14.757887
2026-09-17T03:42:02.553204259Z,search,full,a42d74844cf7,200,14.206176
2026-09-17T03:42:02.613324098Z,search,full,a42d74844cf7,200,14.421982
2026-09-17T03:42:02.673528726Z,search,full,a42d74844cf7,200,15.002776
2026-09-17T03:42:02.73227082Z,search,full,a42d74844cf7,200,13.376832
2026-09-17T03:42:02.795791199Z,search,full,a42d74844cf7,200,16.25571
2026-09-17T03:42:02.852449113Z,search,full,a42d74844cf7,200,13.517808
2026-09-17T03:42:02.913586473Z,search,full,a42d74844cf7,200,14.330034
2026-09-17T03:42:02.974257905Z,search,full,a42d74844cf7,200,15.441058
2026-09-17T03:42:03.034098173Z,search,full,a42d74844cf7,200,14.971993
2026-09-17T03:42:03.092501235Z,search,full,a42d74844cf7,200,13.860029
2026-09-17T03:42:03.153968927Z,search,full,a42d74844cf7,200,14.617476
2026-09-17T03:42:03.213387413Z,search,full,a42d74844cf7,200,13.774832
2026-09-17T03:42:03.27267464Z,search,full,a42d74844cf7,200,13.804105
2026-09-17T03:42:03.333818179Z,search,full,a42d74844cf7,200,14.401571
2026-09-17T03:42:03.393126847Z,search,full,a42d74844cf7,200,13.691206
2026-09-17T03:42:03.452500321Z,search,full,a42d74844cf7,200,13.784017
2026-09-17T03:42:03.512650702Z,search,full,a42d74844cf7,200,13.16195
2026-09-17T03:42:03.57352432Z,search,full,a42d74844cf7,200,14.273291
2026-09-17T03:42:03.632515325Z,search,full,a42d74844cf7,200,13.16333
2026-09-17T03:42:03.693841816Z,search,full,a42d74844cf7,200,14.330434
2026-09-17T03:42:03.755011806Z,search,full,a42d74844cf7,200,15.416322
2026-09-17T03:42:03.813199519Z,search,full,a42d74844cf7,200,13.989113
2026-09-17T03:42:03.873389025Z,search,full,a42d74844cf7,200,13.837757
2026-09-17T03:42:03.935516657Z,search,full,a42d74844cf7,200,16.440805
2026-09-17T03:42:03.994718647Z,search,full,a42d74844cf7,200,15.358842
2026-09-17T03:42:04.052997649Z,search,full,a42d74844cf7,200,13.60103
2026-09-17T03:42:04.114697737Z,search,full,a42d74844cf7,200,15.027217
2026-09-17T03:42:04.173177754Z,search,full,a42d74844cf7,200,13.774042
2026-09-17T03:42:04.232530987Z,search,full,a42d74844cf7,200,13.530694
2026-09-17T03:42:04.294005554Z,search,full,a42d74844cf7,200,14.732561
2026-09-17T03:42:04.355646564Z,search,full,a42d74844cf7,200,17.058591
2026-09-17T03:42:04.412638148Z,search,full,a42d74844cf7,200,13.840162
2026-09-17T03:42:04.47266572Z,search,full,a42d74844cf7,200,13.576017
2026-09-17T03:42:04.53304675Z,search,full,a42d74844cf7,200,13.825166
2026-09-17T03:42:04.592398182Z,search,full,a42d74844cf7,200,13.604969
2026-09-17T03:42:04.653650148Z,search,full,a42d74844cf7,200,14.618927
2026-09-17T03:42:04.713515549Z,search,full,a42d74844cf7,200,14.13933
2026-09-17T03:42:04.771733835Z,search,full,a42d74844cf7,200,12.830131
2026-09-17T03:42:04.83355871Z,search,full,a42d74844cf7,200,14.259795
2026-09-17T03:42:04.893722917Z,search,full,a42d74844cf7,200,14.511978
2026-09-17T03:42:04.95219933Z,search,full,a42d74844cf7,200,13.509409
2026-09-17T03:42:05.013250919Z,search,full,a42d74844cf7,200,14.302427
2026-09-17T03:42:05.072448304Z,search,full,a42d74844cf7,200,13.735434
2026-09-17T03:42:05.132932202Z,search,full,a42d74844cf7,200,13.793864
2026-09-17T03:42:05.19414247Z,search,full,a42d74844cf7,200,14.483562
2026-09-17T03:42:05.252715148Z,search,full,a42d74844cf7,200,13.855679
2026-09-17T03:42:05.313866776Z,search,full,a42d74844cf7,200,14.347736
2026-09-17T03:42:05.373466446Z,search,full,a42d74844cf7,200,14.356796
2026-09-17T03:42:05.433262572Z,search,full,a42d74844cf7,200,14.023091
2026-09-17T03:42:05.492539654Z,search,full,a42d74844cf7,200,13.457063
2026-09-17T03:42:05.552819931Z,search,full,a42d74844cf7,200,13.515513
2026-09-17T03:42:05.614103499Z,search,full,a42d74844cf7,200,14.557082
2026-09-17T03:42:05.672772753Z,search,full,a42d74844cf7,200,13.301766
2026-09-17T03:42:05.744532911Z,search,full,a42d74844cf7,200,24.942833
2026-09-17T03:42:05.794672846Z,search,full,a42d74844cf7,200,15.45358
2026-09-17T03:42:05.854165208Z,search,full,a42d74844cf7,200,14.81171
2026-09-17T03:42:05.91350658Z,search,full,a42d74844cf7,200,14.66664
2026-09-17T03:42:05.97190126Z,search,full,a42d74844cf7,200,12.958251
2026-09-17T03:42:06.032326963Z,search,full,a42d74844cf7,200,13.471285
2026-09-17T03:42:06.093693688Z,search,full,a42d74844cf7,200,14.310253
2026-09-17T03:42:06.154774304Z,search,full,a42d74844cf7,200,15.299733
2026-09-17T03:42:06.2177477Z,search,full,a42d74844cf7,200,18.337782
2026-09-17T03:42:06.272789672Z,search,full,a42d74844cf7,200,13.705367
2026-09-17T03:42:06.334510343Z,search,full,a42d74844cf7,200,15.032163
2026-09-17T03:42:06.395148823Z,search,full,a42d74844cf7,200,15.782284
2026-09-17T03:42:06.452539586Z,search,full,a42d74844cf7,200,13.627776
2026-09-17T03:42:06.512569079Z,search,full,a42d74844cf7,200,13.401824
2026-09-17T03:42:06.57268812Z,search,full,a42d74844cf7,200,13.597954
2026-09-17T03:42:06.633372592Z,search,full,a42d74844cf7,200,14.083906
2026-09-17T03:42:06.696433639Z,search,full,a42d74844cf7,200,17.24066
2026-09-17T03:42:06.764606443Z,search,full,a42d74844cf7,200,22.970094
2026-09-17T03:42:06.81371443Z,search,full,a42d74844cf7,200,14.816891
2026-09-17T03:42:06.872944733Z,search,full,a42d74844cf7,200,13.859229
2026-09-17T03:42:06.934286975Z,search,full,a42d74844cf7,200,15.570388
2026-09-17T03:42:06.993548871Z,search,full,a42d74844cf7,200,14.617737
2026-09-17T03:42:07.053396501Z,search,full,a42d74844cf7,200,13.897666
2026-09-17T03:42:07.112496773Z,search,full,a42d74844cf7,200,13.419985
2026-09-17T03:42:07.173082888Z,search,full,a42d74844cf7,200,14.144971
2026-09-17T03:42:07.232255547Z,search,full,a42d74844cf7,200,13.449528
2026-09-17T03:42:07.293634822Z,search,full,a42d74844cf7,200,14.511718
2026-09-17T03:42:07.354159448Z,search,full,a42d74844cf7,200,14.640553
2026-09-17T03:42:07.414358979Z,search,full,a42d74844cf7,200,15.464404
2026-09-17T03:42:07.476136564Z,search,full,a42d74844cf7,200,17.04106
2026-09-17T03:42:07.536979349Z,search,full,a42d74844cf7,200,18.066598
2026-09-17T03:42:07.597092721Z,search,full,a42d74844cf7,200,17.756125
2026-09-17T03:42:07.653454996Z,search,full,a42d74844cf7,200,14.435683
2026-09-17T03:42:07.714219094Z,search,full,a42d74844cf7,200,14.999711
2026-09-17T03:42:07.773400783Z,search,full,a42d74844cf7,200,13.907472
2026-09-17T03:42:07.835302769Z,search,full,a42d74844cf7,200,16.170169
2026-09-17T03:42:07.894845614Z,search,full,a42d74844cf7,200,15.699314
2026-09-17T03:42:07.954100092Z,search,full,a42d74844cf7,200,14.505431
2026-09-17T03:42:08.014019098Z,search,full,a42d74844cf7,200,14.647152
2026-09-17T03:42:08.074786289Z,search,full,a42d74844cf7,200,15.257148
2026-09-17T03:42:08.136327766Z,search,full,a42d74844cf7,200,16.761468
2026-09-17T03:42:08.192691787Z,search,full,a42d74844cf7,200,13.621819
2026-09-17T03:42:08.253290605Z,search,full,a42d74844cf7,200,13.880774
2026-09-17T03:42:08.314310555Z,search,full,a42d74844cf7,200,15.256921
2026-09-17T03:42:08.372858144Z,search,full,a42d74844cf7,200,14.23448
2026-09-17T03:42:08.441031752Z,search,full,a42d74844cf7,200,21.493392
2026-09-17T03:42:08.505123246Z,search,full,a42d74844cf7,200,25.981931
2026-09-17T03:42:08.554414847Z,search,full,a42d74844cf7,200,15.187212
2026-09-17T03:42:08.615057718Z,search,full,a42d74844cf7,200,15.856014
2026-09-17T03:42:08.675244055Z,search,full,a42d74844cf7,200,15.112632
2026-09-17T03:42:08.732633336Z,search,full,a42d74844cf7,200,13.356859
2026-09-17T03:42:08.793353588Z,search,full,a42d74844cf7,200,14.03252
2026-09-17T03:42:08.853215281Z,search,full,a42d74844cf7,200,14.048947
2026-09-17T03:42:08.912016412Z,search,full,a42d74844cf7,200,13.042878
2026-09-17T03:42:08.973082453Z,search,full,a42d74844cf7,200,14.457248
2026-09-17T03:42:09.031505545Z,search,full,a42d74844cf7,200,12.71226
2026-09-17T03:42:09.093293209Z,search,full,a42d74844cf7,200,14.170615
2026-09-17T03:42:09.152712549Z,search,full,a42d74844cf7,200,13.726882
2026-09-17T03:42:09.214463084Z,search,full,a42d74844cf7,200,15.201634
2026-09-17T03:42:09.272554268Z,search,full,a42d74844cf7,200,13.669563
2026-09-17T03:42:09.331890055Z,search,full,a42d74844cf7,200,12.619166
2026-09-17T03:42:09.393030675Z,search,full,a42d74844cf7,200,13.44004
2026-09-17T03:42:09.454872628Z,search,full,a42d74844cf7,200,16.106708
2026-09-17T03:42:09.51196404Z,search,full,a42d74844cf7,200,13.521247
2026-09-17T03:42:09.572807128Z,search,full,a42d74844cf7,200,14.022765
2026-09-17T03:42:09.633350097Z,search,full,a42d74844cf7,200,13.947369
2026-09-17T03:42:09.694509292Z,search,full,a42d74844cf7,200,15.511918
2026-09-17T03:42:09.756395278Z,search,full,a42d74844cf7,200,16.812455
2026-09-17T03:42:09.814871622Z,search,full,a42d74844cf7,200,15.734849
2026-09-17T03:42:09.875191194Z,search,full,a42d74844cf7,200,15.924778
2026-09-17T03:42:09.93445333Z,search,full,a42d74844cf7,200,15.66879
2026-09-17T03:42:09.99426441Z,search,full,a42d74844cf7,200,15.085815
2026-09-17T03:42:10.054250197Z,search,full,a42d74844cf7,200,15.300767
2026-09-17T03:42:10.116411293Z,search,full,a42d74844cf7,200,17.296938
2026-09-17T03:42:10.17389363Z,search,full,a42d74844cf7,200,15.147507
2026-09-17T03:42:10.233092964Z,search,full,a42d74844cf7,200,13.575521
2026-09-17T03:42:10.295361848Z,search,full,a42d74844cf7,200,16.545945
2026-09-17T03:42:10.356066594Z,search,full,a42d74844cf7,200,16.604261
2026-09-17T03:42:10.415082494Z,search,full,a42d74844cf7,200,16.410066
2026-09-17T03:42:10.47715693Z,search,full,a42d74844cf7,200,18.35441
2026-09-17T03:42:10.533655651Z,search,full,a42d74844cf7,200,14.994728
2026-09-17T03:42:10.593275735Z,search,full,a42d74844cf7,200,13.891233
2026-09-17T03:42:10.65459684Z,search,full,a42d74844cf7,200,15.679241
2026-09-17T03:42:10.715199048Z,search,full,a42d74844cf7,200,15.999689
2026-09-17T03:42:10.772040886Z,search,full,a42d74844cf7,200,13.395896
2026-09-17T03:42:10.835505968Z,search,full,a42d74844cf7,200,16.902102
2026-09-17T03:42:10.895776341Z,search,full,a42d74844cf7,200,17.252969
2026-09-17T03:42:10.954269549Z,search,full,a42d74844cf7,200,14.834506
2026-09-17T03:42:11.011944976Z,search,full,a42d74844cf7,200,12.945942
2026-09-17T03:42:11.07233484Z,search,full,a42d74844cf7,200,12.760569
2026-09-17T03:42:11.135460115Z,search,full,a42d74844cf7,200,16.38292
2026-09-17T03:42:11.193483782Z,search,full,a42d74844cf7,200,14.265897
2026-09-17T03:42:11.252437407Z,search,full,a42d74844cf7,200,13.164634
2026-09-17T03:42:11.315400815Z,search,full,a42d74844cf7,200,16.19682
2026-09-17T03:42:11.373034338Z,search,full,a42d74844cf7,200,14.309017
2026-09-17T03:42:11.434499571Z,search,full,a42d74844cf7,200,15.779586
2026-09-17T03:42:11.493590697Z,search,full,a42d74844cf7,200,14.114222
2026-09-17T03:42:11.554620497Z,search,full,a42d74844cf7,200,15.309382
2026-09-17T03:42:11.612275252Z,search,full,a42d74844cf7,200,13.120225
2026-09-17T03:42:11.673310405Z,search,full,a42d74844cf7,200,14.411454
2026-09-17T03:42:11.733882761Z,search,full,a42d74844cf7,200,14.902121
2026-09-17T03:42:11.793722907Z,search,full,a42d74844cf7,200,14.987654
2026-09-17T03:42:11.853971248Z,search,full,a42d74844cf7,200,14.640205
2026-09-17T03:42:11.912978188Z,search,full,a42d74844cf7,200,14.235911
2026-09-17T03:42:11.974116481Z,search,full,a42d74844cf7,200,14.731198
2026-09-17T03:42:12.031601683Z,search,full,a42d74844cf7,200,12.729885
2026-09-17T03:42:12.093652163Z,search,full,a42d74844cf7,200,14.365781
2026-09-17T03:42:12.15358649Z,search,full,a42d74844cf7,200,14.242861
2026-09-17T03:42:12.214313948Z,search,full,a42d74844cf7,200,14.994274
2026-09-17T03:42:12.279614378Z,search,full,a42d74844cf7,200,20.860656
2026-09-17T03:42:12.335640286Z,search,full,a42d74844cf7,200,16.127614
2026-09-17T03:42:12.392949774Z,search,full,a42d74844cf7,200,13.56722
2026-09-17T03:42:12.45246824Z,search,full,a42d74844cf7,200,13.754617
2026-09-17T03:42:12.513941606Z,search,full,a42d74844cf7,200,14.773471
2026-09-17T03:42:12.572714306Z,search,full,a42d74844cf7,200,13.504275
2026-09-17T03:42:12.63366357Z,search,full,a42d74844cf7,200,14.321667
2026-09-17T03:42:12.694011131Z,search,full,a42d74844cf7,200,14.705252
2026-09-17T03:42:12.752078767Z,search,full,a42d74844cf7,200,13.244155
2026-09-17T03:42:12.812036187Z,search,full,a42d74844cf7,200,13.331952
2026-09-17T03:42:12.874122668Z,search,full,a42d74844cf7,200,14.607257
2026-09-17T03:42:12.9319936Z,search,full,a42d74844cf7,200,13.387046
2026-09-17T03:42:12.992234841Z,search,full,a42d74844cf7,200,13.31534
2026-09-17T03:42:13.053054636Z,search,full,a42d74844cf7,200,14.08754
2026-09-17T03:42:13.117544219Z,search,full,a42d74844cf7,200,18.377588
2026-09-17T03:42:13.176060431Z,search,full,a42d74844cf7,200,17.038943
2026-09-17T03:42:13.232575639Z,search,full,a42d74844cf7,200,13.812303
2026-09-17T03:42:13.294002086Z,search,full,a42d74844cf7,200,14.70034
2026-09-17T03:42:13.353255708Z,search,full,a42d74844cf7,200,14.591898
2026-09-17T03:42:13.412609441Z,search,full,a42d74844cf7,200,13.727162
2026-09-17T03:42:13.472887775Z,search,full,a42d74844cf7,200,13.763765
2026-09-17T03:42:13.533247597Z,search,full,a42d74844cf7,200,13.69982
2026-09-17T03:42:13.593681192Z,search,full,a42d74844cf7,200,14.777576
2026-09-17T03:42:13.653284665Z,search,full,a42d74844cf7,200,14.727338
2026-09-17T03:42:13.713605022Z,search,full,a42d74844cf7,200,14.732907
2026-09-17T03:42:13.773047474Z,search,full,a42d74844cf7,200,14.025955
2026-09-17T03:42:13.831268641Z,search,full,a42d74844cf7,200,12.437858
2026-09-17T03:42:13.893602431Z,search,full,a42d74844cf7,200,14.427745
2026-09-17T03:42:13.952331989Z,search,full,a42d74844cf7,200,13.051711
2026-09-17T03:42:14.013076648Z,search,full,a42d74844cf7,200,13.992773
2026-09-17T03:42:14.075136137Z,search,full,a42d74844cf7,200,15.474989
2026-09-17T03:42:14.135313803Z,search,full,a42d74844cf7,200,16.440957
2026-09-17T03:42:14.193864027Z,search,full,a42d74844cf7,200,14.739549
2026-09-17T03:42:14.252685001Z,search,full,a42d74844cf7,200,13.233634
2026-09-17T03:42:14.312975175Z,search,full,a42d74844cf7,200,13.720251
2026-09-17T03:42:14.378426304Z,search,full,a42d74844cf7,200,18.973251
2026-09-17T03:42:14.440179485Z,search,full,a42d74844cf7,200,20.991453
2026-09-17T03:42:14.495175552Z,search,full,a42d74844cf7,200,16.284927
2026-09-17T03:42:14.55246983Z,search,full,a42d74844cf7,200,13.519745
2026-09-17T03:42:14.667635809Z,search,full,a42d74844cf7,200,68.292682
2026-09-17T03:42:14.682651719Z,search,full,a42d74844cf7,200,23.752163
2026-09-17T03:42:14.735073702Z,search,full,a42d74844cf7,200,15.685191
2026-09-17T03:42:14.793253022Z,search,full,a42d74844cf7,200,14.443926
2026-09-17T03:42:14.852739366Z,search,full,a42d74844cf7,200,13.866823
2026-09-17T03:42:14.912634611Z,search,full,a42d74844cf7,200,13.83948
2026-09-17T03:42:14.975344359Z,search,full,a42d74844cf7,200,16.248681
2026-09-17T03:42:15.034477418Z,search,full,a42d74844cf7,200,15.515857
2026-09-17T03:42:15.093669199Z,search,full,a42d74844cf7,200,14.479819
2026-09-17T03:42:15.154589221Z,search,full,a42d74844cf7,200,15.264253
2026-09-17T03:42:15.214430934Z,search,full,a42d74844cf7,200,15.164286
2026-09-17T03:42:15.273935369Z,search,full,a42d74844cf7,200,15.074105
2026-09-17T03:42:15.331845419Z,search,full,a42d74844cf7,200,13.287634
2026-09-17T03:42:15.394058253Z,search,full,a42d74844cf7,200,14.597526
2026-09-17T03:42:15.452480098Z,search,full,a42d74844cf7,200,13.662357
2026-09-17T03:42:15.514174899Z,search,full,a42d74844cf7,200,14.993718
2026-09-17T03:42:15.576863346Z,search,full,a42d74844cf7,200,17.34719
2026-09-17T03:42:15.63422796Z,search,full,a42d74844cf7,200,14.15933
2026-09-17T03:42:15.692266524Z,search,full,a42d74844cf7,200,12.867217
2026-09-17T03:42:15.753270272Z,search,full,a42d74844cf7,200,14.228664
2026-09-17T03:42:15.81370867Z,search,full,a42d74844cf7,200,14.614929
2026-09-17T03:42:15.874000291Z,search,full,a42d74844cf7,200,14.862665
2026-09-17T03:42:15.934612098Z,search,full,a42d74844cf7,200,15.964459
2026-09-17T03:42:15.994814714Z,search,full,a42d74844cf7,200,15.519465
2026-09-17T03:42:16.053866883Z,search,full,a42d74844cf7,200,14.308282
2026-09-17T03:42:16.11394502Z,search,full,a42d74844cf7,200,14.516929
2026-09-17T03:42:16.17367378Z,search,full,a42d74844cf7,200,14.290721
2026-09-17T03:42:16.231853023Z,search,full,a42d74844cf7,200,12.603339
2026-09-17T03:42:16.293669233Z,search,full,a42d74844cf7,200,14.963529
2026-09-17T03:42:16.354271308Z,search,full,a42d74844cf7,200,15.074375
2026-09-17T03:42:16.413867415Z,search,full,a42d74844cf7,200,14.938532
2026-09-17T03:42:16.473699922Z,search,full,a42d74844cf7,200,14.273229
2026-09-17T03:42:16.533323686Z,search,full,a42d74844cf7,200,13.951622
2026-09-17T03:42:16.595650166Z,search,full,a42d74844cf7,200,16.569375
2026-09-17T03:42:16.653390976Z,search,full,a42d74844cf7,200,13.904532
2026-09-17T03:42:16.712181625Z,search,full,a42d74844cf7,200,13.088531
2026-09-17T03:42:16.772746415Z,search,full,a42d74844cf7,200,14.158267
2026-09-17T03:42:16.837338183Z,search,full,a42d74844cf7,200,17.947253
2026-09-17T03:42:16.899903793Z,search,full,a42d74844cf7,200,20.849543
2026-09-17T03:42:16.954538428Z,search,full,a42d74844cf7,200,14.973924
2026-09-17T03:42:17.014617145Z,search,full,a42d74844cf7,200,14.647458
2026-09-17T03:42:17.0756072Z,search,full,a42d74844cf7,200,16.887207
2026-09-17T03:42:17.132667339Z,search,full,a42d74844cf7,200,13.503592
2026-09-17T03:42:17.193608196Z,search,full,a42d74844cf7,200,14.360842
2026-09-17T03:42:17.253481173Z,search,full,a42d74844cf7,200,13.971061
2026-09-17T03:42:17.312815403Z,search,full,a42d74844cf7,200,13.43388
2026-09-17T03:42:17.374333879Z,search,full,a42d74844cf7,200,15.000765
2026-09-17T03:42:17.43288705Z,search,full,a42d74844cf7,200,13.668264
2026-09-17T03:42:17.494202961Z,search,full,a42d74844cf7,200,15.531076
2026-09-17T03:42:17.551619196Z,search,full,a42d74844cf7,200,12.685911
2026-09-17T03:42:17.615206724Z,search,full,a42d74844cf7,200,15.607917
2026-09-17T03:42:17.679080673Z,search,full,a42d74844cf7,200,19.666353
2026-09-17T03:42:17.736140438Z,search,full,a42d74844cf7,200,17.304756
2026-09-17T03:42:17.794187345Z,search,full,a42d74844cf7,200,15.334631
2026-09-17T03:42:17.856968286Z,search,full,a42d74844cf7,200,17.617268
2026-09-17T03:42:17.917140009Z,search,full,a42d74844cf7,200,17.468056
2026-09-17T03:42:17.98004469Z,search,full,a42d74844cf7,200,20.384153
2026-09-17T03:42:18.034556106Z,search,full,a42d74844cf7,200,15.604901
2026-09-17T03:42:18.095318675Z,search,full,a42d74844cf7,200,16.133062
2026-09-17T03:42:18.156412209Z,search,full,a42d74844cf7,200,17.255841
2026-09-17T03:42:18.225519358Z,search,full,a42d74844cf7,200,26.492824
2026-09-17T03:42:18.276348655Z,search,full,a42d74844cf7,200,17.428349
2026-09-17T03:42:18.334850397Z,search,full,a42d74844cf7,200,15.873661
2026-09-17T03:42:18.394492081Z,search,full,a42d74844cf7,200,15.043219
2026-09-17T03:42:18.456352037Z,search,full,a42d74844cf7,200,16.891108
2026-09-17T03:42:18.517136888Z,search,full,a42d74844cf7,200,18.069843
2026-09-17T03:42:18.585059239Z,search,full,a42d74844cf7,200,26.254757
2026-09-17T03:42:18.641773501Z,search,full,a42d74844cf7,200,22.688547
2026-09-17T03:42:18.694968147Z,search,full,a42d74844cf7,200,17.100483
2026-09-17T03:42:18.752286745Z,search,full,a42d74844cf7,200,14.652119
2026-09-17T03:42:18.813668161Z,search,full,a42d74844cf7,200,15.679017
2026-09-17T03:42:18.871955971Z,search,full,a42d74844cf7,200,14.895837
2026-09-17T03:42:18.932189081Z,search,full,a42d74844cf7,200,14.646369
2026-09-17T03:42:18.992193721Z,search,full,a42d74844cf7,200,14.394749
2026-09-17T03:42:19.052675579Z,search,full,a42d74844cf7,200,14.772578
2026-09-17T03:42:19.111938633Z,search,full,a42d74844cf7,200,14.593655
2026-09-17T03:42:19.171162616Z,search,full,a42d74844cf7,200,13.74813
2026-09-17T03:42:19.232033124Z,search,full,a42d74844cf7,200,14.256853
2026-09-17T03:42:19.292452866Z,search,full,a42d74844cf7,200,14.79133
2026-09-17T03:42:19.352563905Z,search,full,a42d74844cf7,200,14.422132
2026-09-17T03:42:19.41091152Z,search,full,a42d74844cf7,200,13.757161
2026-09-17T03:42:19.470288544Z,search,full,a42d74844cf7,200,12.735634
2026-09-17T03:42:19.531454393Z,search,full,a42d74844cf7,200,13.487621
2026-09-17T03:42:19.593082048Z,search,full,a42d74844cf7,200,16.040114
2026-09-17T03:42:19.652966681Z,search,full,a42d74844cf7,200,15.347291
2026-09-17T03:42:19.713647091Z,search,full,a42d74844cf7,200,15.807947
2026-09-17T03:42:19.772104306Z,search,full,a42d74844cf7,200,15.031233
2026-09-17T03:42:19.83181532Z,search,full,a42d74844cf7,200,14.013747
2026-09-17T03:42:19.891997769Z,search,full,a42d74844cf7,200,13.94832
2026-09-17T03:42:19.9522748Z,search,full,a42d74844cf7,200,14.241557
2026-09-17T03:42:20.011770894Z,search,full,a42d74844cf7,200,14.311173
2026-09-17T03:42:20.071015268Z,search,full,a42d74844cf7,200,13.760601
2026-09-17T03:42:20.13882632Z,search,full,a42d74844cf7,200,21.096351
2026-09-17T03:42:20.198703792Z,search,full,a42d74844cf7,200,21.062254
2026-09-17T03:42:20.252239173Z,search,full,a42d74844cf7,200,14.879946
2026-09-17T03:42:20.311579309Z,search,full,a42d74844cf7,200,13.729694
2026-09-17T03:42:20.371876463Z,search,full,a42d74844cf7,200,13.815221
2026-09-17T03:42:20.430611002Z,search,full,a42d74844cf7,200,13.054038
2026-09-17T03:42:20.492077516Z,search,full,a42d74844cf7,200,14.667926
2026-09-17T03:42:20.553266596Z,search,full,a42d74844cf7,200,15.456539
2026-09-17T03:42:20.614064587Z,search,full,a42d74844cf7,200,16.014812
2026-09-17T03:42:20.672931502Z,search,full,a42d74844cf7,200,15.518224
2026-09-17T03:42:20.731542658Z,search,full,a42d74844cf7,200,13.865859
2026-09-17T03:42:20.792397273Z,search,full,a42d74844cf7,200,15.305438
2026-09-17T03:42:20.852017456Z,search,full,a42d74844cf7,200,14.910789
2026-09-17T03:42:20.913270067Z,search,full,a42d74844cf7,200,15.5201
2026-09-17T03:42:20.973226129Z,search,full,a42d74844cf7,200,15.569618
2026-09-17T03:42:21.03242226Z,search,full,a42d74844cf7,200,14.484177
2026-09-17T03:42:21.092395698Z,search,full,a42d74844cf7,200,14.380522
2026-09-17T03:42:21.153212601Z,search,full,a42d74844cf7,200,15.130405
2026-09-17T03:42:21.213568228Z,search,full,a42d74844cf7,200,15.67528
2026-09-17T03:42:21.273212683Z,search,full,a42d74844cf7,200,15.260046
2026-09-17T03:42:21.331439559Z,search,full,a42d74844cf7,200,13.695867
2026-09-17T03:42:21.391802998Z,search,full,a42d74844cf7,200,14.457605
2026-09-17T03:42:21.45326323Z,search,full,a42d74844cf7,200,15.803216
2026-09-17T03:42:21.514135877Z,search,full,a42d74844cf7,200,16.214557
2026-09-17T03:42:21.571718685Z,search,full,a42d74844cf7,200,14.253944
2026-09-17T03:42:21.63059114Z,search,full,a42d74844cf7,200,13.117833
2026-09-17T03:42:21.692503546Z,search,full,a42d74844cf7,200,15.04891
2026-09-17T03:42:21.753319538Z,search,full,a42d74844cf7,200,15.795435
2026-09-17T03:42:21.812897837Z,search,full,a42d74844cf7,200,14.907488
2026-09-17T03:42:21.872218754Z,search,full,a42d74844cf7,200,14.966589
2026-09-17T03:42:21.935462284Z,search,full,a42d74844cf7,200,17.634924
2026-09-17T03:42:21.991465901Z,search,full,a42d74844cf7,200,14.011465
2026-09-17T03:42:22.051482033Z,search,full,a42d74844cf7,200,14.378598
2026-09-17T03:42:22.111180561Z,search,full,a42d74844cf7,200,14.109248
2026-09-17T03:42:22.171480544Z,search,full,a42d74844cf7,200,13.704597
2026-09-17T03:42:22.230643152Z,search,full,a42d74844cf7,200,13.302781
2026-09-17T03:42:22.291737221Z,search,full,a42d74844cf7,200,14.276986
2026-09-17T03:42:22.353042456Z,search,full,a42d74844cf7,200,15.594785
2026-09-17T03:42:22.411942013Z,search,full,a42d74844cf7,200,14.200324
2026-09-17T03:42:22.471571146Z,search,full,a42d74844cf7,200,14.166462
2026-09-17T03:42:22.531432557Z,search,full,a42d74844cf7,200,14.128859
2026-09-17T03:42:22.591414195Z,search,full,a42d74844cf7,200,14.237628
2026-09-17T03:42:22.651904564Z,search,full,a42d74844cf7,200,13.783773
2026-09-17T03:42:22.714553155Z,search,full,a42d74844cf7,200,16.618558
2026-09-17T03:42:22.772395413Z,search,full,a42d74844cf7,200,14.442793
2026-09-17T03:42:22.832195684Z,search,full,a42d74844cf7,200,14.085651
2026-09-17T03:42:22.89332318Z,search,full,a42d74844cf7,200,15.612167
2026-09-17T03:42:22.958421332Z,search,full,a42d74844cf7,200,20.290496
2026-09-17T03:42:23.011562383Z,search,full,a42d74844cf7,200,14.13507
2026-09-17T03:42:23.072307506Z,search,full,a42d74844cf7,200,14.177959
2026-09-17T03:42:23.131083369Z,search,full,a42d74844cf7,200,13.328839
2026-09-17T03:42:23.191537104Z,search,full,a42d74844cf7,200,13.74359
2026-09-17T03:42:23.252356368Z,search,full,a42d74844cf7,200,15.048749
2026-09-17T03:42:23.313775436Z,search,full,a42d74844cf7,200,16.442364
2026-09-17T03:42:23.371628745Z,search,full,a42d74844cf7,200,14.544181
2026-09-17T03:42:23.432138673Z,search,full,a42d74844cf7,200,14.725065
2026-09-17T03:42:23.495220118Z,search,full,a42d74844cf7,200,17.298023
2026-09-17T03:42:23.552362317Z,search,full,a42d74844cf7,200,14.53735
2026-09-17T03:42:23.612807823Z,search,full,a42d74844cf7,200,14.827223
2026-09-17T03:42:23.673595788Z,search,full,a42d74844cf7,200,15.63407
2026-09-17T03:42:23.734440989Z,search,full,a42d74844cf7,200,17.008823
2026-09-17T03:42:23.791842118Z,search,full,a42d74844cf7,200,14.79191
2026-09-17T03:42:23.849163025Z,search,full,a42d74844cf7,200,11.705386
2026-09-17T03:42:23.912875472Z,search,full,a42d74844cf7,200,14.931812
2026-09-17T03:42:23.971060033Z,search,full,a42d74844cf7,200,13.840284
2026-09-17T03:42:24.03102909Z,search,full,a42d74844cf7,200,12.837142
2026-09-17T03:42:24.091517107Z,search,full,a42d74844cf7,200,13.697574
2026-09-17T03:42:24.151711081Z,search,full,a42d74844cf7,200,14.422314
2026-09-17T03:42:24.21295532Z,search,full,a42d74844cf7,200,15.200188
2026-09-17T03:42:24.271850589Z,search,full,a42d74844cf7,200,14.716349
2026-09-17T03:42:24.331993919Z,search,full,a42d74844cf7,200,14.478397
2026-09-17T03:42:24.391467959Z,search,full,a42d74844cf7,200,13.685198
2026-09-17T03:42:24.452216074Z,search,full,a42d74844cf7,200,14.747091
2026-09-17T03:42:24.511709896Z,search,full,a42d74844cf7,200,13.923267
2026-09-17T03:42:24.570875302Z,search,full,a42d74844cf7,200,13.526236
2026-09-17T03:42:24.633081465Z,search,full,a42d74844cf7,200,15.194608
2026-09-17T03:42:24.692169589Z,search,full,a42d74844cf7,200,14.297174
2026-09-17T03:42:24.751665469Z,search,full,a42d74844cf7,200,14.004711
2026-09-17T03:42:24.812300876Z,search,full,a42d74844cf7,200,14.981766
2026-09-17T03:42:24.872562375Z,search,full,a42d74844cf7,200,14.818398
2026-09-17T03:42:24.929840065Z,search,full,a42d74844cf7,200,12.628604
2026-09-17T03:42:24.990807192Z,search,full,a42d74844cf7,200,13.243544
2026-09-17T03:42:25.052309024Z,search,full,a42d74844cf7,200,14.822994
2026-09-17T03:42:25.112288167Z,search,full,a42d74844cf7,200,14.359573
2026-09-17T03:42:25.171372671Z,search,full,a42d74844cf7,200,13.814037
2026-09-17T03:42:25.232083775Z,search,full,a42d74844cf7,200,14.004636
2026-09-17T03:42:25.2926045Z,search,full,a42d74844cf7,200,14.665359
2026-09-17T03:42:25.351203707Z,search,full,a42d74844cf7,200,13.819659
2026-09-17T03:42:25.411455221Z,search,full,a42d74844cf7,200,13.484038
2026-09-17T03:42:25.472442559Z,search,full,a42d74844cf7,200,14.379824
2026-09-17T03:42:25.531557401Z,search,full,a42d74844cf7,200,14.268142
2026-09-17T03:42:25.591807339Z,search,full,a42d74844cf7,200,14.650976
2026-09-17T03:42:25.651281289Z,search,full,a42d74844cf7,200,13.801871
2026-09-17T03:42:25.712391873Z,search,full,a42d74844cf7,200,14.301365
2026-09-17T03:42:25.771903555Z,search,full,a42d74844cf7,200,14.115362
2026-09-17T03:42:25.834585777Z,search,full,a42d74844cf7,200,16.863619
2026-09-17T03:42:25.893217123Z,search,full,a42d74844cf7,200,15.839435
2026-09-17T03:42:25.951530254Z,search,full,a42d74844cf7,200,13.668999
2026-09-17T03:42:26.012121038Z,search,full,a42d74844cf7,200,14.688623
2026-09-17T03:42:26.074817497Z,search,full,a42d74844cf7,200,17.226642
2026-09-17T03:42:26.134335244Z,search,full,a42d74844cf7,200,16.698987
2026-09-17T03:42:26.193884295Z,search,full,a42d74844cf7,200,15.816734
2026-09-17T03:42:26.254137708Z,search,full,a42d74844cf7,200,16.649063
2026-09-17T03:42:26.311740901Z,search,full,a42d74844cf7,200,13.77941
2026-09-17T03:42:26.379644084Z,search,full,a42d74844cf7,200,22.503717
2026-09-17T03:42:26.431835901Z,search,full,a42d74844cf7,200,14.476917
2026-09-17T03:42:26.494512082Z,search,full,a42d74844cf7,200,16.36554
2026-09-17T03:42:26.552597308Z,search,full,a42d74844cf7,200,15.103346
2026-09-17T03:42:26.611772494Z,search,full,a42d74844cf7,200,14.568194
2026-09-17T03:42:26.671629582Z,search,full,a42d74844cf7,200,14.493359
2026-09-17T03:42:26.732708503Z,search,full,a42d74844cf7,200,15.284188
2026-09-17T03:42:26.792902457Z,search,full,a42d74844cf7,200,15.616793
2026-09-17T03:42:26.858776413Z,search,full,a42d74844cf7,200,21.490222
2026-09-17T03:42:26.910855958Z,search,full,a42d74844cf7,200,13.296678
2026-09-17T03:42:26.975520404Z,search,full,a42d74844cf7,200,18.120093
2026-09-17T03:42:27.037552679Z,search,full,a42d74844cf7,200,20.36277
2026-09-17T03:42:27.092722786Z,search,full,a42d74844cf7,200,15.616899
2026-09-17T03:42:27.15259103Z,search,full,a42d74844cf7,200,15.055321
2026-09-17T03:42:27.210763911Z,search,full,a42d74844cf7,200,13.285552
2026-09-17T03:42:27.272025756Z,search,full,a42d74844cf7,200,14.415256
2026-09-17T03:42:27.33274359Z,search,full,a42d74844cf7,200,14.755954
2026-09-17T03:42:27.391371485Z,search,full,a42d74844cf7,200,13.75607
2026-09-17T03:42:27.452162125Z,search,full,a42d74844cf7,200,14.122671
2026-09-17T03:42:27.511666186Z,search,full,a42d74844cf7,200,13.630728
2026-09-17T03:42:27.571955477Z,search,full,a42d74844cf7,200,13.950987
2026-09-17T03:42:27.631952996Z,search,full,a42d74844cf7,200,14.263841
2026-09-17T03:42:27.690628841Z,search,full,a42d74844cf7,200,13.347328
2026-09-17T03:42:27.752136959Z,search,full,a42d74844cf7,200,14.434256
2026-09-17T03:42:27.812854998Z,search,full,a42d74844cf7,200,15.5731
2026-09-17T03:42:27.871577981Z,search,full,a42d74844cf7,200,14.444706
2026-09-17T03:42:27.933887489Z,search,full,a42d74844cf7,200,16.515032
2026-09-17T03:42:27.995088699Z,search,full,a42d74844cf7,200,17.437181
2026-09-17T03:42:28.051353585Z,search,full,a42d74844cf7,200,13.482843
2026-09-17T03:42:28.114570628Z,search,full,a42d74844cf7,200,17.269669
2026-09-17T03:42:28.176179425Z,search,full,a42d74844cf7,200,18.167313
2026-09-17T03:42:28.232646381Z,search,full,a42d74844cf7,200,14.844709
2026-09-17T03:42:28.293001532Z,search,full,a42d74844cf7,200,15.725657
2026-09-17T03:42:28.351193095Z,search,full,a42d74844cf7,200,13.352778
2026-09-17T03:42:28.414604277Z,search,full,a42d74844cf7,200,16.876179
2026-09-17T03:42:28.476295214Z,search,full,a42d74844cf7,200,18.261015
2026-09-17T03:42:28.53690766Z,search,full,a42d74844cf7,200,18.92112
2026-09-17T03:42:28.590262536Z,search,full,a42d74844cf7,200,12.725851
2026-09-17T03:42:28.65190186Z,search,full,a42d74844cf7,200,13.774048
2026-09-17T03:42:28.711820532Z,search,full,a42d74844cf7,200,14.17947
2026-09-17T03:42:28.771257253Z,search,full,a42d74844cf7,200,13.93475
2026-09-17T03:42:28.834352313Z,search,full,a42d74844cf7,200,16.396553
2026-09-17T03:42:28.898987813Z,search,full,a42d74844cf7,200,20.955459
2026-09-17T03:42:28.953417741Z,search,full,a42d74844cf7,200,15.630866
2026-09-17T03:42:29.01209845Z,search,full,a42d74844cf7,200,14.797927
2026-09-17T03:42:29.072753489Z,search,full,a42d74844cf7,200,15.060462
2026-09-17T03:42:29.130684866Z,search,full,a42d74844cf7,200,13.473236
2026-09-17T03:42:29.191614505Z,search,full,a42d74844cf7,200,13.960012
2026-09-17T03:42:29.25122694Z,search,full,a42d74844cf7,200,13.932776
2026-09-17T03:42:29.313235571Z,search,full,a42d74844cf7,200,15.396487
2026-09-17T03:42:29.372035241Z,search,full,a42d74844cf7,200,14.387207
2026-09-17T03:42:29.430408787Z,search,full,a42d74844cf7,200,12.539906
2026-09-17T03:42:29.491363448Z,search,full,a42d74844cf7,200,14.3099
2026-09-17T03:42:29.552156737Z,search,full,a42d74844cf7,200,14.146912
2026-09-17T03:42:29.610443526Z,search,full,a42d74844cf7,200,12.682226
2026-09-17T03:42:29.673612895Z,search,full,a42d74844cf7,200,15.57645
2026-09-17T03:42:29.73553806Z,search,full,a42d74844cf7,200,18.277446
2026-09-17T03:42:29.792466498Z,search,full,a42d74844cf7,200,15.296701
2026-09-17T03:42:29.855375653Z,search,full,a42d74844cf7,200,17.290026
2026-09-17T03:42:29.913853712Z,search,full,a42d74844cf7,200,15.75196
2026-09-17T03:42:29.971067959Z,search,full,a42d74844cf7,200,13.838279
2026-09-17T03:42:30.032178742Z,search,full,a42d74844cf7,200,14.420533
2026-09-17T03:42:30.091337228Z,search,full,a42d74844cf7,200,13.525155
2026-09-17T03:42:30.151861058Z,search,full,a42d74844cf7,200,13.807408
2026-09-17T03:42:30.211975146Z,search,full,a42d74844cf7,200,14.467903
2026-09-17T03:42:30.270964324Z,search,full,a42d74844cf7,200,13.612307
2026-09-17T03:42:30.332515509Z,search,full,a42d74844cf7,200,14.828268
2026-09-17T03:42:30.390142543Z,search,full,a42d74844cf7,200,13.109143
2026-09-17T03:42:30.451058182Z,search,full,a42d74844cf7,200,13.32919
2026-09-17T03:42:30.511725742Z,search,full,a42d74844cf7,200,13.951728
2026-09-17T03:42:30.5728805Z,search,full,a42d74844cf7,200,15.782978
2026-09-17T03:42:30.631228574Z,search,full,a42d74844cf7,200,13.707694
2026-09-17T03:42:30.694108967Z,search,full,a42d74844cf7,200,16.181507
2026-09-17T03:42:30.751773683Z,search,full,a42d74844cf7,200,13.966179
2026-09-17T03:42:30.812222016Z,search,full,a42d74844cf7,200,14.484441
2026-09-17T03:42:30.873351886Z,search,full,a42d74844cf7,200,15.612313
2026-09-17T03:42:30.932786717Z,search,full,a42d74844cf7,200,15.513266
2026-09-17T03:42:30.990520502Z,search,full,a42d74844cf7,200,12.893304
2026-09-17T03:42:31.050997392Z,search,full,a42d74844cf7,200,13.071662
2026-09-17T03:42:31.113110031Z,search,full,a42d74844cf7,200,15.468143
2026-09-17T03:42:31.172196686Z,search,full,a42d74844cf7,200,14.555768
2026-09-17T03:42:31.232500273Z,search,full,a42d74844cf7,200,14.834044
2026-09-17T03:42:31.290275634Z,search,full,a42d74844cf7,200,13.267566
2026-09-17T03:42:31.351746854Z,search,full,a42d74844cf7,200,13.688037
2026-09-17T03:42:31.411620935Z,search,full,a42d74844cf7,200,14.269303
2026-09-17T03:42:31.472973986Z,search,full,a42d74844cf7,200,14.896544
2026-09-17T03:42:31.531899304Z,search,full,a42d74844cf7,200,14.257401
2026-09-17T03:42:31.593272487Z,search,full,a42d74844cf7,200,15.788277
2026-09-17T03:42:31.653949647Z,search,full,a42d74844cf7,200,15.906925
2026-09-17T03:42:31.715405337Z,search,full,a42d74844cf7,200,18.290206
2026-09-17T03:42:31.779487036Z,search,full,a42d74844cf7,200,21.207819
2026-09-17T03:42:31.832449208Z,search,full,a42d74844cf7,200,14.781293
2026-09-17T03:42:31.891892962Z,search,full,a42d74844cf7,200,13.801387
2026-09-17T03:42:31.951969818Z,search,full,a42d74844cf7,200,14.322429
2026-09-17T03:42:32.013835178Z,search,full,a42d74844cf7,200,15.905623
2026-09-17T03:42:32.075254365Z,search,full,a42d74844cf7,200,18.128958
2026-09-17T03:42:32.131054404Z,search,full,a42d74844cf7,200,13.657063
2026-09-17T03:42:32.192576098Z,search,full,a42d74844cf7,200,14.614599
2026-09-17T03:42:32.252030502Z,search,full,a42d74844cf7,200,14.65909
2026-09-17T03:42:32.311391926Z,search,full,a42d74844cf7,200,13.950011
2026-09-17T03:42:32.372025012Z,search,full,a42d74844cf7,200,13.992492
2026-09-17T03:42:32.430787668Z,search,full,a42d74844cf7,200,12.946155
2026-09-17T03:42:32.49201997Z,search,full,a42d74844cf7,200,14.394429
2026-09-17T03:42:32.55349832Z,search,full,a42d74844cf7,200,15.812951
2026-09-17T03:42:32.611051144Z,search,full,a42d74844cf7,200,13.870115
2026-09-17T03:42:32.671642112Z,search,full,a42d74844cf7,200,14.031951
2026-09-17T03:42:32.731653197Z,search,full,a42d74844cf7,200,14.22921
2026-09-17T03:42:32.796397315Z,search,full,a42d74844cf7,200,18.931402
2026-09-17T03:42:32.850864273Z,search,full,a42d74844cf7,200,13.864022
2026-09-17T03:42:32.912112388Z,search,full,a42d74844cf7,200,14.548866
2026-09-17T03:42:32.971261111Z,search,full,a42d74844cf7,200,13.797862
2026-09-17T03:42:33.035182199Z,search,full,a42d74844cf7,200,16.925166
2026-09-17T03:42:33.093469477Z,search,full,a42d74844cf7,200,15.749172
2026-09-17T03:42:33.152514013Z,search,full,a42d74844cf7,200,15.397079
2026-09-17T03:42:33.211123967Z,search,full,a42d74844cf7,200,13.835042
2026-09-17T03:42:33.271795596Z,search,full,a42d74844cf7,200,14.013645
2026-09-17T03:42:33.332456856Z,search,full,a42d74844cf7,200,14.807346
2026-09-17T03:42:33.391072579Z,search,full,a42d74844cf7,200,13.061143
2026-09-17T03:42:33.456686433Z,search,full,a42d74844cf7,200,18.817984
2026-09-17T03:42:33.513497311Z,search,full,a42d74844cf7,200,16.148773
2026-09-17T03:42:33.57298632Z,search,full,a42d74844cf7,200,15.200476
2026-09-17T03:42:33.632283721Z,search,full,a42d74844cf7,200,14.484216
2026-09-17T03:42:33.691789457Z,search,full,a42d74844cf7,200,13.929019
2026-09-17T03:42:33.752538958Z,search,full,a42d74844cf7,200,14.829396
2026-09-17T03:42:33.811495022Z,search,full,a42d74844cf7,200,13.588112
2026-09-17T03:42:33.879325431Z,search,full,a42d74844cf7,200,21.542617
2026-09-17T03:42:33.932237255Z,search,full,a42d74844cf7,200,14.255922
2026-09-17T03:42:33.995113033Z,search,full,a42d74844cf7,200,17.321516
2026-09-17T03:42:34.053534571Z,search,full,a42d74844cf7,200,15.53858
2026-09-17T03:42:34.115448306Z,search,full,a42d74844cf7,200,18.390563
2026-09-17T03:42:34.172729018Z,search,full,a42d74844cf7,200,14.94285
2026-09-17T03:42:34.23265073Z,search,full,a42d74844cf7,200,15.297211
2026-09-17T03:42:34.291292467Z,search,full,a42d74844cf7,200,14.07044
2026-09-17T03:42:34.354036753Z,search,full,a42d74844cf7,200,15.951532
2026-09-17T03:42:34.412481173Z,search,full,a42d74844cf7,200,14.727328
2026-09-17T03:42:34.473512801Z,search,full,a42d74844cf7,200,15.711115
2026-09-17T03:42:34.530908712Z,search,full,a42d74844cf7,200,13.885295
2026-09-17T03:42:34.601159029Z,search,full,a42d74844cf7,200,23.046391
2026-09-17T03:42:34.656597351Z,search,full,a42d74844cf7,200,18.636776
2026-09-17T03:42:34.723143888Z,search,full,a42d74844cf7,200,25.93021
2026-09-17T03:42:34.772777469Z,search,full,a42d74844cf7,200,15.25469
2026-09-17T03:42:34.832016269Z,search,full,a42d74844cf7,200,14.695361
2026-09-17T03:42:34.894513305Z,search,full,a42d74844cf7,200,16.534113
2026-09-17T03:42:34.952824589Z,search,full,a42d74844cf7,200,15.702644
2026-09-17T03:42:35.012775523Z,search,full,a42d74844cf7,200,15.326614
2026-09-17T03:42:35.072820371Z,search,full,a42d74844cf7,200,15.413986
2026-09-17T03:42:35.132335097Z,search,full,a42d74844cf7,200,14.516158
2026-09-17T03:42:35.193022564Z,search,full,a42d74844cf7,200,14.92707
2026-09-17T03:42:35.252780939Z,search,full,a42d74844cf7,200,14.895268
2026-09-17T03:42:35.315296683Z,search,full,a42d74844cf7,200,17.768924
2026-09-17T03:42:35.372282479Z,search,full,a42d74844cf7,200,14.604961
2026-09-17T03:42:35.43192884Z,search,full,a42d74844cf7,200,14.111817
2026-09-17T03:42:35.493947817Z,search,full,a42d74844cf7,200,15.991375
2026-09-17T03:42:35.552007864Z,search,full,a42d74844cf7,200,14.516538
2026-09-17T03:42:35.612530312Z,search,full,a42d74844cf7,200,14.609409
2026-09-17T03:42:35.671875522Z,search,full,a42d74844cf7,200,14.017771
2026-09-17T03:42:35.730901146Z,search,full,a42d74844cf7,200,13.477469
2026-09-17T03:42:35.790833329Z,search,full,a42d74844cf7,200,13.285408
2026-09-17T03:42:35.852642736Z,search,full,a42d74844cf7,200,15.071036
2026-09-17T03:42:35.912596295Z,search,full,a42d74844cf7,200,14.77143
2026-09-17T03:42:35.971097896Z,search,full,a42d74844cf7,200,13.021054
2026-09-17T03:42:36.031620194Z,search,full,a42d74844cf7,200,13.972752
2026-09-17T03:42:36.091142886Z,search,full,a42d74844cf7,200,13.798938
2026-09-17T03:42:36.151615312Z,search,full,a42d74844cf7,200,13.746325
2026-09-17T03:42:36.214183215Z,search,full,a42d74844cf7,200,16.955608
2026-09-17T03:42:36.272573777Z,search,full,a42d74844cf7,200,14.95133
2026-09-17T03:42:36.332532337Z,search,full,a42d74844cf7,200,15.287162
2026-09-17T03:42:36.390076169Z,search,full,a42d74844cf7,200,12.813103
2026-09-17T03:42:36.452483091Z,search,full,a42d74844cf7,200,14.663145
2026-09-17T03:42:36.510755878Z,search,full,a42d74844cf7,200,13.550305
2026-09-17T03:42:36.571735761Z,search,full,a42d74844cf7,200,14.282258
2026-09-17T03:42:36.632339906Z,search,full,a42d74844cf7,200,14.418581
2026-09-17T03:42:36.690582721Z,search,full,a42d74844cf7,200,13.411598
2026-09-17T03:42:36.751802243Z,search,full,a42d74844cf7,200,14.273665
2026-09-17T03:42:36.811382044Z,search,full,a42d74844cf7,200,13.978457
2026-09-17T03:42:36.872576808Z,search,full,a42d74844cf7,200,14.535197
2026-09-17T03:42:36.93207892Z,search,full,a42d74844cf7,200,14.753962
2026-09-17T03:42:36.993797044Z,search,full,a42d74844cf7,200,15.856548
2026-09-17T03:42:37.052063417Z,search,full,a42d74844cf7,200,14.566862
2026-09-17T03:42:37.114340344Z,search,full,a42d74844cf7,200,16.580826
2026-09-17T03:42:37.176515391Z,search,full,a42d74844cf7,200,18.701633
2026-09-17T03:42:37.231951149Z,search,full,a42d74844cf7,200,13.959626
2026-09-17T03:42:37.291661246Z,search,full,a42d74844cf7,200,13.723052
2026-09-17T03:42:37.351966682Z,search,full,a42d74844cf7,200,14.479824
2026-09-17T03:42:37.412710398Z,search,full,a42d74844cf7,200,15.033738
2026-09-17T03:42:37.472540663Z,search,full,a42d74844cf7,200,14.445976
2026-09-17T03:42:37.531237523Z,search,full,a42d74844cf7,200,13.875985
2026-09-17T03:42:37.591758761Z,search,full,a42d74844cf7,200,13.757015
2026-09-17T03:42:37.651615373Z,search,full,a42d74844cf7,200,14.003368
2026-09-17T03:42:37.713173577Z,search,full,a42d74844cf7,200,15.654605
2026-09-17T03:42:37.773461916Z,search,full,a42d74844cf7,200,15.889406
2026-09-17T03:42:37.833219693Z,search,full,a42d74844cf7,200,16.045538
2026-09-17T03:42:37.893420426Z,search,full,a42d74844cf7,200,15.541017
2026-09-17T03:42:37.952792128Z,search,full,a42d74844cf7,200,14.687931
2026-09-17T03:42:38.01172165Z,search,full,a42d74844cf7,200,14.296558
2026-09-17T03:42:38.076217435Z,search,full,a42d74844cf7,200,19.190527
2026-09-17T03:42:38.130991362Z,search,full,a42d74844cf7,200,13.818024
2026-09-17T03:42:38.191604907Z,search,full,a42d74844cf7,200,13.632206
2026-09-17T03:42:38.253802302Z,search,full,a42d74844cf7,200,16.401495
2026-09-17T03:42:38.310560996Z,search,full,a42d74844cf7,200,13.126519
2026-09-17T03:42:38.37670142Z,search,full,a42d74844cf7,200,18.68884
2026-09-17T03:42:38.435952399Z,search,full,a42d74844cf7,200,18.130134
2026-09-17T03:42:38.496585339Z,search,full,a42d74844cf7,200,18.510237
2026-09-17T03:42:38.556910762Z,search,full,a42d74844cf7,200,19.09873
2026-09-17T03:42:38.611988668Z,search,full,a42d74844cf7,200,14.485645
2026-09-17T03:42:38.671471747Z,search,full,a42d74844cf7,200,14.096212
2026-09-17T03:42:38.730843947Z,search,full,a42d74844cf7,200,13.796347
2026-09-17T03:42:38.791326194Z,search,full,a42d74844cf7,200,13.711993
2026-09-17T03:42:38.85148234Z,search,full,a42d74844cf7,200,13.417244
2026-09-17T03:42:38.913155041Z,search,full,a42d74844cf7,200,14.873801
2026-09-17T03:42:38.97238058Z,search,full,a42d74844cf7,200,15.085522
2026-09-17T03:42:39.032354816Z,search,full,a42d74844cf7,200,14.195333
2026-09-17T03:42:39.095960894Z,search,full,a42d74844cf7,200,17.929398
2026-09-17T03:42:39.152106895Z,search,full,a42d74844cf7,200,14.122548
2026-09-17T03:42:39.211237727Z,search,full,a42d74844cf7,200,13.404343
2026-09-17T03:42:39.273653285Z,search,full,a42d74844cf7,200,15.788265
2026-09-17T03:42:39.330687803Z,search,full,a42d74844cf7,200,13.420568
2026-09-17T03:42:39.391425714Z,search,full,a42d74844cf7,200,13.845132
2026-09-17T03:42:39.451542465Z,search,full,a42d74844cf7,200,14.190649
2026-09-17T03:42:39.510560995Z,search,full,a42d74844cf7,200,13.29522
2026-09-17T03:42:39.572352715Z,search,full,a42d74844cf7,200,15.2546
2026-09-17T03:42:39.633866438Z,search,full,a42d74844cf7,200,15.739815
2026-09-17T03:42:39.69191953Z,search,full,a42d74844cf7,200,14.389724
2026-09-17T03:42:39.75174378Z,search,full,a42d74844cf7,200,14.119578
2026-09-17T03:42:39.811511785Z,search,full,a42d74844cf7,200,14.066767
2026-09-17T03:42:39.87539137Z,search,full,a42d74844cf7,200,17.44427
2026-09-17T03:42:39.935456761Z,search,full,a42d74844cf7,200,17.407147
2026-09-17T03:42:39.990937284Z,search,full,a42d74844cf7,200,13.719803
2026-09-17T03:42:40.051182452Z,search,full,a42d74844cf7,200,13.567194
2026-09-17T03:42:40.111733505Z,search,full,a42d74844cf7,200,13.943348
2026-09-17T03:42:40.170974354Z,search,full,a42d74844cf7,200,13.936358
2026-09-17T03:42:40.230808933Z,search,full,a42d74844cf7,200,13.132658
2026-09-17T03:42:40.291995582Z,search,full,a42d74844cf7,200,14.592372
2026-09-17T03:42:40.350844807Z,search,full,a42d74844cf7,200,12.767424
2026-09-17T03:42:40.411348175Z,search,full,a42d74844cf7,200,13.963075
2026-09-17T03:42:40.471113488Z,search,full,a42d74844cf7,200,13.23487
2026-09-17T03:42:40.531750168Z,search,full,a42d74844cf7,200,13.985938
2026-09-17T03:42:40.592367489Z,search,full,a42d74844cf7,200,14.873408
2026-09-17T03:42:40.651032684Z,search,full,a42d74844cf7,200,13.011728
2026-09-17T03:42:40.713571803Z,search,full,a42d74844cf7,200,15.795275
2026-09-17T03:42:40.772516219Z,search,full,a42d74844cf7,200,14.658224
2026-09-17T03:42:40.833527551Z,search,full,a42d74844cf7,200,16.175438
2026-09-17T03:42:40.892154652Z,search,full,a42d74844cf7,200,15.099916
2026-09-17T03:42:40.954289101Z,search,full,a42d74844cf7,200,16.46066
2026-09-17T03:42:41.013865785Z,search,full,a42d74844cf7,200,16.001576
2026-09-17T03:42:41.070914435Z,search,full,a42d74844cf7,200,13.662367
2026-09-17T03:42:41.134131625Z,search,full,a42d74844cf7,200,16.502073
2026-09-17T03:42:41.192589605Z,search,full,a42d74844cf7,200,14.54889
2026-09-17T03:42:41.2521771Z,search,full,a42d74844cf7,200,14.152316
2026-09-17T03:42:41.312971491Z,search,full,a42d74844cf7,200,15.099243
2026-09-17T03:42:41.372505375Z,search,full,a42d74844cf7,200,15.118453
2026-09-17T03:42:41.431435046Z,search,full,a42d74844cf7,200,14.255288
2026-09-17T03:42:41.491155211Z,search,full,a42d74844cf7,200,14.01853
2026-09-17T03:42:41.55278443Z,search,full,a42d74844cf7,200,14.966793
2026-09-17T03:42:41.612568763Z,search,full,a42d74844cf7,200,14.981982
2026-09-17T03:42:41.672223453Z,search,full,a42d74844cf7,200,14.146444
2026-09-17T03:42:41.740182533Z,search,full,a42d74844cf7,200,22.384859
2026-09-17T03:42:41.79142034Z,search,full,a42d74844cf7,200,14.39352
2026-09-17T03:42:41.852430856Z,search,full,a42d74844cf7,200,14.963106
2026-09-17T03:42:41.914222198Z,search,full,a42d74844cf7,200,17.030542
2026-09-17T03:42:41.972945787Z,search,full,a42d74844cf7,200,15.366097
2026-09-17T03:42:42.032464697Z,search,full,a42d74844cf7,200,14.694217
2026-09-17T03:42:42.091969654Z,search,full,a42d74844cf7,200,14.922367
2026-09-17T03:42:42.161887898Z,search,full,a42d74844cf7,200,24.101985
2026-09-17T03:42:42.212008589Z,search,full,a42d74844cf7,200,14.754015
2026-09-17T03:42:42.271260918Z,search,full,a42d74844cf7,200,13.740543
2026-09-17T03:42:42.333077921Z,search,full,a42d74844cf7,200,15.038338
2026-09-17T03:42:42.394338043Z,search,full,a42d74844cf7,200,16.681816
2026-09-17T03:42:42.452785311Z,search,full,a42d74844cf7,200,14.726878
2026-09-17T03:42:42.511997088Z,search,full,a42d74844cf7,200,14.647172
2026-09-17T03:42:42.57366018Z,search,full,a42d74844cf7,200,15.64425
2026-09-17T03:42:42.63163174Z,search,full,a42d74844cf7,200,14.243052
2026-09-17T03:42:42.693770699Z,search,full,a42d74844cf7,200,16.352416
2026-09-17T03:42:42.753735467Z,search,full,a42d74844cf7,200,16.125949
2026-09-17T03:42:42.811965664Z,search,full,a42d74844cf7,200,14.646813
2026-09-17T03:42:42.875176343Z,search,full,a42d74844cf7,200,17.754738
2026-09-17T03:42:42.932200293Z,search,full,a42d74844cf7,200,14.475629
2026-09-17T03:42:42.992682215Z,search,full,a42d74844cf7,200,14.857168
2026-09-17T03:42:43.050776927Z,search,full,a42d74844cf7,200,13.312672
2026-09-17T03:42:43.119085813Z,search,full,a42d74844cf7,200,21.72923
2026-09-17T03:42:43.193109379Z,search,full,a42d74844cf7,200,35.610279
2026-09-17T03:42:43.232773385Z,search,full,a42d74844cf7,200,14.506951
2026-09-17T03:42:43.291377226Z,search,full,a42d74844cf7,200,13.989087
2026-09-17T03:42:43.351347378Z,search,full,a42d74844cf7,200,13.184921
2026-09-17T03:42:43.411493335Z,search,full,a42d74844cf7,200,13.434219
2026-09-17T03:42:43.47253044Z,search,full,a42d74844cf7,200,14.62427
2026-09-17T03:42:43.53232042Z,search,full,a42d74844cf7,200,15.062633
2026-09-17T03:42:43.594119709Z,search,full,a42d74844cf7,200,16.187937
2026-09-17T03:42:43.651813373Z,search,full,a42d74844cf7,200,14.035519
2026-09-17T03:42:43.712108851Z,search,full,a42d74844cf7,200,14.509391
2026-09-17T03:42:43.771725988Z,search,full,a42d74844cf7,200,13.96094
2026-09-17T03:42:43.831724214Z,search,full,a42d74844cf7,200,14.302308
2026-09-17T03:42:43.891885866Z,search,full,a42d74844cf7,200,14.424749
2026-09-17T03:42:43.952620093Z,search,full,a42d74844cf7,200,15.007049
2026-09-17T03:42:44.011783851Z,search,full,a42d74844cf7,200,14.511921
2026-09-17T03:42:44.070892754Z,search,full,a42d74844cf7,200,13.767451
2026-09-17T03:42:44.132702986Z,search,full,a42d74844cf7,200,15.128778
2026-09-17T03:42:44.191202438Z,search,full,a42d74844cf7,200,13.875963
2026-09-17T03:42:44.251162902Z,search,full,a42d74844cf7,200,13.460592
2026-09-17T03:42:44.312101129Z,search,full,a42d74844cf7,200,14.278544
2026-09-17T03:42:44.371237719Z,search,full,a42d74844cf7,200,13.710051
2026-09-17T03:42:44.431833389Z,search,full,a42d74844cf7,200,13.89008
2026-09-17T03:42:44.494938981Z,search,full,a42d74844cf7,200,17.368209
2026-09-17T03:42:44.55312625Z,search,full,a42d74844cf7,200,15.194764
2026-09-17T03:42:44.61322759Z,search,full,a42d74844cf7,200,15.544078
2026-09-17T03:42:44.671560607Z,search,full,a42d74844cf7,200,13.938343
2026-09-17T03:42:44.730461464Z,search,full,a42d74844cf7,200,13.134947
2026-09-17T03:42:44.791858607Z,search,full,a42d74844cf7,200,14.74557
2026-09-17T03:42:44.851966221Z,search,full,a42d74844cf7,200,14.423397
2026-09-17T03:42:44.911427585Z,search,full,a42d74844cf7,200,13.695759
2026-09-17T03:42:44.972125004Z,search,full,a42d74844cf7,200,14.206658
2026-09-17T03:42:45.032236003Z,search,full,a42d74844cf7,200,14.468178
2026-09-17T03:42:45.093814164Z,search,full,a42d74844cf7,200,15.897223
2026-09-17T03:42:45.15211907Z,search,full,a42d74844cf7,200,14.48467
2026-09-17T03:42:45.213755171Z,search,full,a42d74844cf7,200,15.88355
2026-09-17T03:42:45.275198866Z,search,full,a42d74844cf7,200,17.12131
2026-09-17T03:42:45.33239452Z,search,full,a42d74844cf7,200,14.741099
2026-09-17T03:42:45.39179798Z,search,full,a42d74844cf7,200,14.73872
2026-09-17T03:42:45.453503105Z,search,full,a42d74844cf7,200,16.013396
2026-09-17T03:42:45.512522786Z,search,full,a42d74844cf7,200,15.173312
2026-09-17T03:42:45.572402013Z,search,full,a42d74844cf7,200,14.412214
2026-09-17T03:42:45.632005319Z,search,full,a42d74844cf7,200,13.876275
2026-09-17T03:42:45.692033106Z,search,full,a42d74844cf7,200,14.435965
2026-09-17T03:42:45.751329224Z,search,full,a42d74844cf7,200,13.446906
2026-09-17T03:42:45.811844824Z,search,full,a42d74844cf7,200,13.600142
2026-09-17T03:42:45.872057176Z,search,full,a42d74844cf7,200,14.803875
2026-09-17T03:42:45.931830843Z,search,full,a42d74844cf7,200,13.947809
2026-09-17T03:42:45.994024857Z,search,full,a42d74844cf7,200,16.373343
2026-09-17T03:42:46.052208335Z,search,full,a42d74844cf7,200,14.334084
2026-09-17T03:42:46.111759557Z,search,full,a42d74844cf7,200,13.900165
2026-09-17T03:42:46.171367471Z,search,full,a42d74844cf7,200,13.925457
2026-09-17T03:42:46.232177939Z,search,full,a42d74844cf7,200,14.022754
2026-09-17T03:42:46.292556174Z,search,full,a42d74844cf7,200,14.719947
2026-09-17T03:42:46.35215214Z,search,full,a42d74844cf7,200,14.708097
2026-09-17T03:42:46.414557458Z,search,full,a42d74844cf7,200,16.734567
2026-09-17T03:42:46.473587089Z,search,full,a42d74844cf7,200,15.319303
2026-09-17T03:42:46.531741421Z,search,full,a42d74844cf7,200,14.696162
2026-09-17T03:42:46.592176185Z,search,full,a42d74844cf7,200,14.789332
2026-09-17T03:42:46.652003268Z,search,full,a42d74844cf7,200,14.140255
2026-09-17T03:42:46.711745132Z,search,full,a42d74844cf7,200,14.082929
2026-09-17T03:42:46.773278855Z,search,full,a42d74844cf7,200,14.96869
2026-09-17T03:42:46.832660434Z,search,full,a42d74844cf7,200,14.630075
2026-09-17T03:42:46.891783644Z,search,full,a42d74844cf7,200,14.270085
2026-09-17T03:42:46.952352718Z,search,full,a42d74844cf7,200,14.590144
2026-09-17T03:42:47.011491722Z,search,full,a42d74844cf7,200,13.798617
2026-09-17T03:42:47.071913001Z,search,full,a42d74844cf7,200,14.053157
2026-09-17T03:42:47.13235106Z,search,full,a42d74844cf7,200,14.806709
2026-09-17T03:42:47.19083668Z,search,full,a42d74844cf7,200,13.707411
2026-09-17T03:42:47.252716129Z,search,full,a42d74844cf7,200,15.090176
2026-09-17T03:42:47.319925222Z,search,full,a42d74844cf7,200,22.503639
2026-09-17T03:42:47.3718443Z,search,full,a42d74844cf7,200,14.780137
2026-09-17T03:42:47.431652816Z,search,full,a42d74844cf7,200,14.136584
2026-09-17T03:42:47.491205267Z,search,full,a42d74844cf7,200,13.887468
2026-09-17T03:42:47.551285369Z,search,full,a42d74844cf7,200,13.366725
2026-09-17T03:42:47.611925284Z,search,full,a42d74844cf7,200,14.675304
2026-09-17T03:42:47.672419618Z,search,full,a42d74844cf7,200,14.587609
2026-09-17T03:42:47.731164217Z,search,full,a42d74844cf7,200,13.212013
2026-09-17T03:42:47.792419978Z,search,full,a42d74844cf7,200,14.669233
2026-09-17T03:42:47.85214788Z,search,full,a42d74844cf7,200,14.050933
2026-09-17T03:42:47.913085828Z,search,full,a42d74844cf7,200,15.197182
2026-09-17T03:42:47.9726182Z,search,full,a42d74844cf7,200,14.947918
2026-09-17T03:42:48.031187708Z,search,full,a42d74844cf7,200,13.890728
2026-09-17T03:42:48.091613205Z,search,full,a42d74844cf7,200,13.678561
2026-09-17T03:42:48.151588176Z,search,full,a42d74844cf7,200,14.287885
2026-09-17T03:42:48.214990642Z,search,full,a42d74844cf7,200,17.506301
2026-09-17T03:42:48.27287627Z,search,full,a42d74844cf7,200,15.524151
2026-09-17T03:42:48.332173178Z,search,full,a42d74844cf7,200,14.129082
2026-09-17T03:42:48.394100373Z,search,full,a42d74844cf7,200,16.547557
2026-09-17T03:42:48.452674613Z,search,full,a42d74844cf7,200,14.771115
2026-09-17T03:42:48.521683818Z,search,full,a42d74844cf7,200,24.282973
2026-09-17T03:42:48.573206062Z,search,full,a42d74844cf7,200,15.010498
2026-09-17T03:42:48.631375123Z,search,full,a42d74844cf7,200,13.595276
2026-09-17T03:42:48.689945459Z,search,full,a42d74844cf7,200,13.627477
2026-09-17T03:42:48.750466671Z,search,full,a42d74844cf7,200,14.742527
2026-09-17T03:42:48.810047429Z,search,full,a42d74844cf7,200,13.846874
2026-09-17T03:42:48.8694366Z,search,full,a42d74844cf7,200,14.111684
2026-09-17T03:42:48.93014493Z,search,full,a42d74844cf7,200,14.081162
2026-09-17T03:42:48.99193574Z,search,full,a42d74844cf7,200,15.837569
2026-09-17T03:42:49.049677153Z,search,full,a42d74844cf7,200,14.076178
2026-09-17T03:42:49.113105411Z,search,full,a42d74844cf7,200,16.705981
2026-09-17T03:42:49.170562834Z,search,full,a42d74844cf7,200,15.232008
2026-09-17T03:42:49.229299676Z,search,full,a42d74844cf7,200,13.739957
2026-09-17T03:42:49.289521368Z,search,full,a42d74844cf7,200,13.52115
2026-09-17T03:42:49.350817159Z,search,full,a42d74844cf7,200,14.412509
2026-09-17T03:42:49.410193912Z,search,full,a42d74844cf7,200,14.127856
2026-09-17T03:42:49.469872323Z,search,full,a42d74844cf7,200,14.291097
2026-09-17T03:42:49.529353941Z,search,full,a42d74844cf7,200,13.78132
2026-09-17T03:42:49.589811556Z,search,full,a42d74844cf7,200,13.613502
2026-09-17T03:42:49.650399923Z,search,full,a42d74844cf7,200,14.855386
2026-09-17T03:42:49.712160761Z,search,full,a42d74844cf7,200,16.118426
2026-09-17T03:42:49.770105186Z,search,full,a42d74844cf7,200,14.495607
2026-09-17T03:42:49.829907764Z,search,full,a42d74844cf7,200,14.03656
2026-09-17T03:42:49.891057326Z,search,full,a42d74844cf7,200,15.515531
2026-09-17T03:42:49.949796178Z,search,full,a42d74844cf7,200,13.986981
2026-09-17T03:42:50.01134865Z,search,full,a42d74844cf7,200,15.740087
2026-09-17T03:42:50.075501009Z,search,full,a42d74844cf7,200,19.675894
2026-09-17T03:42:50.13329643Z,search,full,a42d74844cf7,200,17.158404
2026-09-17T03:42:50.191520557Z,search,full,a42d74844cf7,200,15.370946
2026-09-17T03:42:50.253886976Z,search,full,a42d74844cf7,200,17.706775
2026-09-17T03:42:50.310696762Z,search,full,a42d74844cf7,200,15.133492
2026-09-17T03:42:50.370461739Z,search,full,a42d74844cf7,200,14.364314
2026-09-17T03:42:50.432644381Z,search,full,a42d74844cf7,200,16.325102
2026-09-17T03:42:50.489652721Z,search,full,a42d74844cf7,200,13.561078
2026-09-17T03:42:50.551813079Z,search,full,a42d74844cf7,200,15.157971
2026-09-17T03:42:50.611213861Z,search,full,a42d74844cf7,200,14.788666
2026-09-17T03:42:50.668967223Z,search,full,a42d74844cf7,200,13.337252
2026-09-17T03:42:50.731394838Z,search,full,a42d74844cf7,200,15.773895
2026-09-17T03:42:50.790181702Z,search,full,a42d74844cf7,200,13.895348
2026-09-17T03:42:50.849699771Z,search,full,a42d74844cf7,200,13.558922
2026-09-17T03:42:50.911326871Z,search,full,a42d74844cf7,200,14.894394
2026-09-17T03:42:50.970951158Z,search,full,a42d74844cf7,200,15.274843
2026-09-17T03:42:51.033310833Z,search,full,a42d74844cf7,200,17.63215
2026-09-17T03:42:51.089742669Z,search,full,a42d74844cf7,200,13.674531
2026-09-17T03:42:51.149905377Z,search,full,a42d74844cf7,200,14.244723
2026-09-17T03:42:51.210702735Z,search,full,a42d74844cf7,200,15.119022
2026-09-17T03:42:51.270407938Z,search,full,a42d74844cf7,200,14.177269
2026-09-17T03:42:51.330406225Z,search,full,a42d74844cf7,200,14.260446
2026-09-17T03:42:51.390608315Z,search,full,a42d74844cf7,200,14.297492
2026-09-17T03:42:51.450537795Z,search,full,a42d74844cf7,200,14.484925
2026-09-17T03:42:51.510079158Z,search,full,a42d74844cf7,200,13.591769
2026-09-17T03:42:51.568792047Z,search,full,a42d74844cf7,200,13.389761
2026-09-17T03:42:51.628886281Z,search,full,a42d74844cf7,200,13.435754
2026-09-17T03:42:51.689127304Z,search,full,a42d74844cf7,200,13.817343
2026-09-17T03:42:51.749054404Z,search,full,a42d74844cf7,200,13.225947
2026-09-17T03:42:51.809478563Z,search,full,a42d74844cf7,200,13.716829
2026-09-17T03:42:51.871941925Z,search,full,a42d74844cf7,200,16.03286
2026-09-17T03:42:51.929360697Z,search,full,a42d74844cf7,200,13.3832
2026-09-17T03:42:51.99105263Z,search,full,a42d74844cf7,200,15.014343
2026-09-17T03:42:52.049878627Z,search,full,a42d74844cf7,200,14.134307
2026-09-17T03:42:52.109611174Z,search,full,a42d74844cf7,200,14.076447
2026-09-17T03:42:52.169610899Z,search,full,a42d74844cf7,200,13.430853
2026-09-17T03:42:52.22900364Z,search,full,a42d74844cf7,200,12.728919
2026-09-17T03:42:52.289344772Z,search,full,a42d74844cf7,200,13.714245
2026-09-17T03:42:52.352669978Z,search,full,a42d74844cf7,200,16.633145
2026-09-17T03:42:52.411853879Z,search,full,a42d74844cf7,200,15.492889
2026-09-17T03:42:52.469227311Z,search,full,a42d74844cf7,200,13.157937
2026-09-17T03:42:52.529079056Z,search,full,a42d74844cf7,200,13.153406
2026-09-17T03:42:52.589538203Z,search,full,a42d74844cf7,200,13.749963
2026-09-17T03:42:52.649083108Z,search,full,a42d74844cf7,200,12.871291
2026-09-17T03:42:52.707710508Z,search,full,a42d74844cf7,200,12.069176
2026-09-17T03:42:52.770271101Z,search,full,a42d74844cf7,200,13.950722
2026-09-17T03:42:52.830775304Z,search,full,a42d74844cf7,200,14.854723
2026-09-17T03:42:52.890313006Z,search,full,a42d74844cf7,200,14.699859
2026-09-17T03:42:52.950138475Z,search,full,a42d74844cf7,200,14.173695
2026-09-17T03:42:53.008209946Z,search,full,a42d74844cf7,200,12.578275
2026-09-17T03:42:53.079213636Z,search,full,a42d74844cf7,200,23.449339
2026-09-17T03:42:53.13110946Z,search,full,a42d74844cf7,200,15.172453
2026-09-17T03:42:53.188779141Z,search,full,a42d74844cf7,200,13.076787
2026-09-17T03:42:53.24922281Z,search,full,a42d74844cf7,200,13.495918
2026-09-17T03:42:53.307417831Z,search,full,a42d74844cf7,200,11.527609
2026-09-17T03:42:53.369265936Z,search,full,a42d74844cf7,200,13.191945
2026-09-17T03:42:53.432300831Z,search,full,a42d74844cf7,200,14.916877
2026-09-17T03:42:53.488256853Z,search,full,a42d74844cf7,200,12.558257
2026-09-17T03:42:53.549950446Z,search,full,a42d74844cf7,200,13.951203
2026-09-17T03:42:53.608839829Z,search,full,a42d74844cf7,200,13.038744
2026-09-17T03:42:53.669826709Z,search,full,a42d74844cf7,200,13.565523
2026-09-17T03:42:53.730527948Z,search,full,a42d74844cf7,200,14.947878
2026-09-17T03:42:53.790485552Z,search,full,a42d74844cf7,200,14.262876
2026-09-17T03:42:53.850766248Z,search,full,a42d74844cf7,200,14.630465
2026-09-17T03:42:53.909432694Z,search,full,a42d74844cf7,200,13.841728
2026-09-17T03:42:53.969719252Z,search,full,a42d74844cf7,200,13.702129
2026-09-17T03:42:54.029498841Z,search,full,a42d74844cf7,200,14.160568
2026-09-17T03:42:54.096559371Z,search,full,a42d74844cf7,200,20.26739
2026-09-17T03:42:54.150479367Z,search,full,a42d74844cf7,200,14.304434
2026-09-17T03:42:54.209930291Z,search,full,a42d74844cf7,200,13.821115
2026-09-17T03:42:54.270422136Z,search,full,a42d74844cf7,200,14.150738
2026-09-17T03:42:54.332020512Z,search,full,a42d74844cf7,200,15.91029
2026-09-17T03:42:54.389283237Z,search,full,a42d74844cf7,200,13.671811
2026-09-17T03:42:54.449698769Z,search,full,a42d74844cf7,200,13.785605
2026-09-17T03:42:54.509598527Z,search,full,a42d74844cf7,200,13.424461
2026-09-17T03:42:54.569505617Z,search,full,a42d74844cf7,200,13.388961
2026-09-17T03:42:54.630429058Z,search,full,a42d74844cf7,200,14.243881
2026-09-17T03:42:54.690011668Z,search,full,a42d74844cf7,200,14.025038
2026-09-17T03:42:54.750655832Z,search,full,a42d74844cf7,200,14.896254
2026-09-17T03:42:54.809354235Z,search,full,a42d74844cf7,200,13.750183
2026-09-17T03:42:54.86939377Z,search,full,a42d74844cf7,200,13.575535
2026-09-17T03:42:54.928481076Z,search,full,a42d74844cf7,200,12.224932
2026-09-17T03:42:54.989445396Z,search,full,a42d74844cf7,200,13.299259
2026-09-17T03:42:55.049001288Z,search,full,a42d74844cf7,200,12.878952
2026-09-17T03:42:55.111520073Z,search,full,a42d74844cf7,200,15.813033
2026-09-17T03:42:55.169425112Z,search,full,a42d74844cf7,200,13.051459
2026-09-17T03:42:55.229958998Z,search,full,a42d74844cf7,200,13.845384
2026-09-17T03:42:55.289941973Z,search,full,a42d74844cf7,200,14.136995
2026-09-17T03:42:55.35020747Z,search,full,a42d74844cf7,200,14.359253
2026-09-17T03:42:55.410559597Z,search,full,a42d74844cf7,200,14.659726
2026-09-17T03:42:55.472475378Z,search,full,a42d74844cf7,200,16.490349
2026-09-17T03:42:55.531633795Z,search,full,a42d74844cf7,200,15.661011
2026-09-17T03:42:55.595443228Z,search,full,a42d74844cf7,200,18.948702
2026-09-17T03:42:55.649819791Z,search,full,a42d74844cf7,200,13.809392
2026-09-17T03:42:55.710677061Z,search,full,a42d74844cf7,200,15.136282
2026-09-17T03:42:55.769552564Z,search,full,a42d74844cf7,200,13.38782
2026-09-17T03:42:55.830830535Z,search,full,a42d74844cf7,200,14.367234
2026-09-17T03:42:55.889547829Z,search,full,a42d74844cf7,200,13.905842
2026-09-17T03:42:55.950645515Z,search,full,a42d74844cf7,200,14.212492
2026-09-17T03:42:56.009019177Z,search,full,a42d74844cf7,200,13.542941
2026-09-17T03:42:56.09028217Z,search,full,a42d74844cf7,200,34.663038
2026-09-17T03:42:56.138612118Z,search,full,a42d74844cf7,200,22.431437
2026-09-17T03:42:56.191095201Z,search,full,a42d74844cf7,200,14.650515
2026-09-17T03:42:56.249149217Z,search,full,a42d74844cf7,200,13.201805
2026-09-17T03:42:56.308486547Z,search,full,a42d74844cf7,200,12.580597
2026-09-17T03:42:56.369841939Z,search,full,a42d74844cf7,200,13.751416
2026-09-17T03:42:56.430129987Z,search,full,a42d74844cf7,200,14.238272
2026-09-17T03:42:56.492227288Z,search,full,a42d74844cf7,200,16.101201
2026-09-17T03:42:56.550310341Z,search,full,a42d74844cf7,200,14.569718
2026-09-17T03:42:56.610087499Z,search,full,a42d74844cf7,200,14.19855
2026-09-17T03:42:56.66870536Z,search,full,a42d74844cf7,200,13.341344
2026-09-17T03:42:56.72810563Z,search,full,a42d74844cf7,200,12.796369
2026-09-17T03:42:56.790565862Z,search,full,a42d74844cf7,200,14.70875
2026-09-17T03:42:56.849015758Z,search,full,a42d74844cf7,200,12.723707
2026-09-17T03:42:56.915234817Z,search,full,a42d74844cf7,200,19.601751
2026-09-17T03:42:56.968561084Z,search,full,a42d74844cf7,200,12.971357
2026-09-17T03:42:57.029020214Z,search,full,a42d74844cf7,200,12.583857
2026-09-17T03:42:57.091166493Z,search,full,a42d74844cf7,200,15.585797
2026-09-17T03:42:57.150779279Z,search,full,a42d74844cf7,200,14.855261
2026-09-17T03:42:57.208761579Z,search,full,a42d74844cf7,200,13.40644
2026-09-17T03:42:57.269769881Z,search,full,a42d74844cf7,200,13.435276
2026-09-17T03:42:57.329429941Z,search,full,a42d74844cf7,200,14.091182
2026-09-17T03:42:57.389920089Z,search,full,a42d74844cf7,200,13.840669
2026-09-17T03:42:57.45334392Z,search,full,a42d74844cf7,200,17.789294
2026-09-17T03:42:57.51807359Z,search,full,a42d74844cf7,200,21.953937
2026-09-17T03:42:57.571017162Z,search,full,a42d74844cf7,200,14.595411
2026-09-17T03:42:57.62973324Z,search,full,a42d74844cf7,200,14.081721
2026-09-17T03:42:57.690221032Z,search,full,a42d74844cf7,200,14.495783
2026-09-17T03:42:57.750721336Z,search,full,a42d74844cf7,200,14.746556
2026-09-17T03:42:57.811617479Z,search,full,a42d74844cf7,200,15.290844
2026-09-17T03:42:57.87076765Z,search,full,a42d74844cf7,200,14.755554
2026-09-17T03:42:57.93097134Z,search,full,a42d74844cf7,200,14.599652
2026-09-17T03:42:57.991185585Z,search,full,a42d74844cf7,200,15.503404
2026-09-17T03:42:58.061712418Z,search,full,a42d74844cf7,200,24.562229
2026-09-17T03:42:58.117687322Z,search,full,a42d74844cf7,200,21.518112
2026-09-17T03:42:58.176030256Z,search,full,a42d74844cf7,200,19.17787
2026-09-17T03:42:58.231149304Z,search,full,a42d74844cf7,200,13.816106
2026-09-17T03:42:58.290401658Z,search,full,a42d74844cf7,200,14.619707
2026-09-17T03:42:58.353734056Z,search,full,a42d74844cf7,200,17.647573
2026-09-17T03:42:58.414742378Z,search,full,a42d74844cf7,200,18.313417
2026-09-17T03:42:58.493904191Z,search,full,a42d74844cf7,200,35.879769
2026-09-17T03:42:58.536396584Z,search,full,a42d74844cf7,200,20.829495
2026-09-17T03:42:58.594242955Z,search,full,a42d74844cf7,200,18.027122
2026-09-17T03:42:58.657756567Z,search,full,a42d74844cf7,200,21.676353
2026-09-17T03:42:58.709917327Z,search,full,a42d74844cf7,200,14.180639
2026-09-17T03:42:58.771212975Z,search,full,a42d74844cf7,200,14.718355
2026-09-17T03:42:58.830491339Z,search,full,a42d74844cf7,200,14.541426
2026-09-17T03:42:58.890677859Z,search,full,a42d74844cf7,200,14.317073
2026-09-17T03:42:58.949286739Z,search,full,a42d74844cf7,200,13.778908
2026-09-17T03:42:59.008867307Z,search,full,a42d74844cf7,200,12.981242
2026-09-17T03:42:59.068839145Z,search,full,a42d74844cf7,200,13.508639
2026-09-17T03:42:59.138198083Z,search,full,a42d74844cf7,200,22.839389
2026-09-17T03:42:59.189305401Z,search,full,a42d74844cf7,200,13.389445
2026-09-17T03:42:59.251230693Z,search,full,a42d74844cf7,200,15.229294
2026-09-17T03:42:59.314215434Z,search,full,a42d74844cf7,200,18.204984
2026-09-17T03:42:59.372622384Z,search,full,a42d74844cf7,200,17.036022
2026-09-17T03:42:59.432061201Z,search,full,a42d74844cf7,200,15.798418
2026-09-17T03:42:59.492137842Z,search,full,a42d74844cf7,200,16.394493
2026-09-17T03:42:59.554595384Z,search,full,a42d74844cf7,200,18.528014
2026-09-17T03:42:59.612680493Z,search,full,a42d74844cf7,200,16.248666
2026-09-17T03:42:59.678030005Z,search,full,a42d74844cf7,200,21.651091
2026-09-17T03:42:59.732674033Z,search,full,a42d74844cf7,200,16.620499
2026-09-17T03:42:59.790816207Z,search,full,a42d74844cf7,200,14.850609
2026-09-17T03:42:59.850312823Z,search,full,a42d74844cf7,200,14.926356
2026-09-17T03:42:59.910910644Z,search,full,a42d74844cf7,200,14.643974
2026-09-17T03:42:59.969313368Z,search,full,a42d74844cf7,200,12.988969
2026-09-17T03:43:00.032582232Z,search,full,a42d74844cf7,200,16.409458
2026-09-17T03:43:00.090763469Z,search,full,a42d74844cf7,200,14.497173
2026-09-17T03:43:00.15611116Z,search,full,a42d74844cf7,200,20.694194
2026-09-17T03:43:00.212595118Z,search,full,a42d74844cf7,200,16.68568
2026-09-17T03:43:00.271517592Z,search,full,a42d74844cf7,200,15.309496
2026-09-17T03:43:00.331847681Z,search,full,a42d74844cf7,200,15.64701
2026-09-17T03:43:00.391945824Z,search,full,a42d74844cf7,200,16.492084
2026-09-17T03:43:00.452599819Z,search,full,a42d74844cf7,200,16.817539
2026-09-17T03:43:00.513146116Z,search,full,a42d74844cf7,200,16.781177
2026-09-17T03:43:00.571722862Z,search,full,a42d74844cf7,200,16.288069
2026-09-17T03:43:00.630386336Z,search,full,a42d74844cf7,200,14.013327
2026-09-17T03:43:00.690342913Z,search,full,a42d74844cf7,200,14.253925
2026-09-17T03:43:00.750491064Z,search,full,a42d74844cf7,200,14.236438
2026-09-17T03:43:00.81115385Z,search,full,a42d74844cf7,200,14.998592
2026-09-17T03:43:00.870997938Z,search,full,a42d74844cf7,200,15.397587
2026-09-17T03:43:00.929781866Z,search,full,a42d74844cf7,200,14.031948
2026-09-17T03:43:00.991193178Z,search,full,a42d74844cf7,200,14.712234
2026-09-17T03:43:01.049273147Z,search,full,a42d74844cf7,200,13.33764
2026-09-17T03:43:01.110989828Z,search,full,a42d74844cf7,200,14.983196
2026-09-17T03:43:01.178810728Z,search,full,a42d74844cf7,200,22.521118
2026-09-17T03:43:01.228575149Z,search,full,a42d74844cf7,200,13.177102
2026-09-17T03:43:01.29061962Z,search,full,a42d74844cf7,200,14.45351
2026-09-17T03:43:01.350070533Z,search,full,a42d74844cf7,200,13.767487
2026-09-17T03:43:01.409445161Z,search,full,a42d74844cf7,200,13.616602
2026-09-17T03:43:01.470475155Z,search,full,a42d74844cf7,200,14.510205
2026-09-17T03:43:01.53074049Z,search,full,a42d74844cf7,200,14.531211
2026-09-17T03:43:01.590096986Z,search,full,a42d74844cf7,200,14.565939
2026-09-17T03:43:01.649508006Z,search,full,a42d74844cf7,200,13.717944
2026-09-17T03:43:01.709943575Z,search,full,a42d74844cf7,200,13.777733
2026-09-17T03:43:01.769626026Z,search,full,a42d74844cf7,200,13.358357
2026-09-17T03:43:01.830281431Z,search,full,a42d74844cf7,200,14.815088
2026-09-17T03:43:01.889864453Z,search,full,a42d74844cf7,200,13.867285
2026-09-17T03:43:01.949392073Z,search,full,a42d74844cf7,200,13.80724
2026-09-17T03:43:02.011591615Z,search,full,a42d74844cf7,200,15.446615
2026-09-17T03:43:02.07040994Z,search,full,a42d74844cf7,200,14.290971
2026-09-17T03:43:02.132388197Z,search,full,a42d74844cf7,200,16.261567
2026-09-17T03:43:02.191491343Z,search,full,a42d74844cf7,200,15.399811
2026-09-17T03:43:02.24960075Z,search,full,a42d74844cf7,200,13.523774
2026-09-17T03:43:02.309617671Z,search,full,a42d74844cf7,200,13.293622
2026-09-17T03:43:02.370498654Z,search,full,a42d74844cf7,200,14.44316
2026-09-17T03:43:02.430408967Z,search,full,a42d74844cf7,200,14.098537
2026-09-17T03:43:02.491991732Z,search,full,a42d74844cf7,200,15.938888
2026-09-17T03:43:02.565789517Z,search,full,a42d74844cf7,200,19.103867
2026-09-17T03:43:02.609208376Z,search,full,a42d74844cf7,200,13.079056
2026-09-17T03:43:02.669483781Z,search,full,a42d74844cf7,200,13.582913
2026-09-17T03:43:02.729156761Z,search,full,a42d74844cf7,200,13.012104
2026-09-17T03:43:02.789738269Z,search,full,a42d74844cf7,200,13.97936
2026-09-17T03:43:02.848705701Z,search,full,a42d74844cf7,200,13.308323
2026-09-17T03:43:02.909847726Z,search,full,a42d74844cf7,200,13.49459
2026-09-17T03:43:02.971952864Z,search,full,a42d74844cf7,200,16.549285
2026-09-17T03:43:03.030542448Z,search,full,a42d74844cf7,200,14.892639
2026-09-17T03:43:03.092029494Z,search,full,a42d74844cf7,200,15.31536
2026-09-17T03:43:03.150447847Z,search,full,a42d74844cf7,200,14.214801
2026-09-17T03:43:03.213122477Z,search,full,a42d74844cf7,200,16.862593
2026-09-17T03:43:03.272909586Z,search,full,a42d74844cf7,200,17.550823
2026-09-17T03:43:03.329576775Z,search,full,a42d74844cf7,200,14.027502
2026-09-17T03:43:03.388891994Z,search,full,a42d74844cf7,200,12.705942
2026-09-17T03:43:03.449482544Z,search,full,a42d74844cf7,200,13.837914
2026-09-17T03:43:03.511134894Z,search,full,a42d74844cf7,200,15.157874
2026-09-17T03:43:03.57127413Z,search,full,a42d74844cf7,200,15.753569
2026-09-17T03:43:03.632157563Z,search,full,a42d74844cf7,200,16.535218
2026-09-17T03:43:03.693587215Z,search,full,a42d74844cf7,200,17.725897
2026-09-17T03:43:03.749232957Z,search,full,a42d74844cf7,200,13.077092
2026-09-17T03:43:03.809690643Z,search,full,a42d74844cf7,200,13.908389
2026-09-17T03:43:03.872381353Z,search,full,a42d74844cf7,200,16.321672
2026-09-17T03:43:03.930516651Z,search,full,a42d74844cf7,200,14.451307
2026-09-17T03:43:03.989898175Z,search,full,a42d74844cf7,200,13.868515
2026-09-17T03:43:04.050364388Z,search,full,a42d74844cf7,200,14.538606
2026-09-17T03:43:04.109067346Z,search,full,a42d74844cf7,200,13.106262
2026-09-17T03:43:04.1708427Z,search,full,a42d74844cf7,200,15.23131
2026-09-17T03:43:04.22966577Z,search,full,a42d74844cf7,200,14.070563
2026-09-17T03:43:04.290289064Z,search,full,a42d74844cf7,200,14.094969
2026-09-17T03:43:04.350244929Z,search,full,a42d74844cf7,200,14.144817
2026-09-17T03:43:04.410853393Z,search,full,a42d74844cf7,200,14.958525
2026-09-17T03:43:04.470616112Z,search,full,a42d74844cf7,200,14.142037
2026-09-17T03:43:04.530897671Z,search,full,a42d74844cf7,200,14.701709
2026-09-17T03:43:04.589018456Z,search,full,a42d74844cf7,200,13.189284
2026-09-17T03:43:04.649604218Z,search,full,a42d74844cf7,200,13.845224
2026-09-17T03:43:04.71321338Z,search,full,a42d74844cf7,200,16.891936
2026-09-17T03:43:04.771478835Z,search,full,a42d74844cf7,200,15.803513
2026-09-17T03:43:04.831059302Z,search,full,a42d74844cf7,200,14.919446
2026-09-17T03:43:04.890869919Z,search,full,a42d74844cf7,200,14.90303
2026-09-17T03:43:04.950819538Z,search,full,a42d74844cf7,200,15.136862
2026-09-17T03:43:05.011112947Z,search,full,a42d74844cf7,200,15.464181
2026-09-17T03:43:05.069787285Z,search,full,a42d74844cf7,200,14.082943
2026-09-17T03:43:05.128695819Z,search,full,a42d74844cf7,200,13.252439
2026-09-17T03:43:05.190499725Z,search,full,a42d74844cf7,200,14.009378
2026-09-17T03:43:05.250172987Z,search,full,a42d74844cf7,200,13.947792
2026-09-17T03:43:05.310061488Z,search,full,a42d74844cf7,200,14.224323
2026-09-17T03:43:05.370458525Z,search,full,a42d74844cf7,200,15.097629
2026-09-17T03:43:05.430725163Z,search,full,a42d74844cf7,200,14.512105
2026-09-17T03:43:05.489643292Z,search,full,a42d74844cf7,200,13.296532
2026-09-17T03:43:05.550390803Z,search,full,a42d74844cf7,200,14.002496
2026-09-17T03:43:05.609311228Z,search,full,a42d74844cf7,200,12.986719
2026-09-17T03:43:05.670145245Z,search,full,a42d74844cf7,200,14.142392
2026-09-17T03:43:05.741806024Z,search,full,a42d74844cf7,200,25.831262
2026-09-17T03:43:05.790037086Z,search,full,a42d74844cf7,200,14.545427
2026-09-17T03:43:05.8553818Z,search,full,a42d74844cf7,200,19.678888
2026-09-17T03:43:05.910823506Z,search,full,a42d74844cf7,200,14.6297
2026-09-17T03:43:05.970331708Z,search,full,a42d74844cf7,200,14.398994
2026-09-17T03:43:06.030002416Z,search,full,a42d74844cf7,200,13.891617
2026-09-17T03:43:06.092611277Z,search,full,a42d74844cf7,200,16.814686
2026-09-17T03:43:06.151659366Z,search,full,a42d74844cf7,200,15.344978
2026-09-17T03:43:06.211663074Z,search,full,a42d74844cf7,200,15.263067
2026-09-17T03:43:06.271261081Z,search,full,a42d74844cf7,200,15.173175
2026-09-17T03:43:06.330173656Z,search,full,a42d74844cf7,200,14.540237
2026-09-17T03:43:06.393565992Z,search,full,a42d74844cf7,200,17.549206
2026-09-17T03:43:06.4505643Z,search,full,a42d74844cf7,200,14.470491
2026-09-17T03:43:06.511814934Z,search,full,a42d74844cf7,200,15.49833
2026-09-17T03:43:06.570736769Z,search,full,a42d74844cf7,200,14.591461
2026-09-17T03:43:06.633054058Z,search,full,a42d74844cf7,200,16.559886
2026-09-17T03:43:06.691298226Z,search,full,a42d74844cf7,200,15.571484
2026-09-17T03:43:06.75124221Z,search,full,a42d74844cf7,200,15.229559
2026-09-17T03:43:06.810785622Z,search,full,a42d74844cf7,200,14.633338
2026-09-17T03:43:06.871481703Z,search,full,a42d74844cf7,200,15.301975
2026-09-17T03:43:06.929918151Z,search,full,a42d74844cf7,200,13.874766
2026-09-17T03:43:06.991989747Z,search,full,a42d74844cf7,200,16.386737
2026-09-17T03:43:07.053755118Z,search,full,a42d74844cf7,200,17.669725
2026-09-17T03:43:07.111653986Z,search,full,a42d74844cf7,200,15.557464
2026-09-17T03:43:07.170757645Z,search,full,a42d74844cf7,200,14.599901
2026-09-17T03:43:07.228701077Z,search,full,a42d74844cf7,200,13.153121
2026-09-17T03:43:07.288849765Z,search,full,a42d74844cf7,200,13.491666
2026-09-17T03:43:07.349383128Z,search,full,a42d74844cf7,200,13.708439
2026-09-17T03:43:07.410921477Z,search,full,a42d74844cf7,200,14.875913
2026-09-17T03:43:07.471055336Z,search,full,a42d74844cf7,200,14.728086
2026-09-17T03:43:07.529179465Z,search,full,a42d74844cf7,200,13.350931
2026-09-17T03:43:07.594075401Z,search,full,a42d74844cf7,200,18.184905
2026-09-17T03:43:07.653996938Z,search,full,a42d74844cf7,200,18.030403
2026-09-17T03:43:07.708932473Z,search,full,a42d74844cf7,200,13.197324
2026-09-17T03:43:07.773759692Z,search,full,a42d74844cf7,200,18.109629
2026-09-17T03:43:07.830245928Z,search,full,a42d74844cf7,200,13.915429
2026-09-17T03:43:07.88979175Z,search,full,a42d74844cf7,200,13.847914
2026-09-17T03:43:07.950937196Z,search,full,a42d74844cf7,200,15.557845
2026-09-17T03:43:08.01049921Z,search,full,a42d74844cf7,200,14.774115
2026-09-17T03:43:08.071364923Z,search,full,a42d74844cf7,200,15.547993
2026-09-17T03:43:08.131513412Z,search,full,a42d74844cf7,200,15.416372
2026-09-17T03:43:08.190932572Z,search,full,a42d74844cf7,200,14.694595
2026-09-17T03:43:08.250007263Z,search,full,a42d74844cf7,200,14.640754
2026-09-17T03:43:08.308396028Z,search,full,a42d74844cf7,200,12.73608
2026-09-17T03:43:08.368888112Z,search,full,a42d74844cf7,200,12.858489
2026-09-17T03:43:08.43078454Z,search,full,a42d74844cf7,200,15.131517
2026-09-17T03:43:08.493097907Z,search,full,a42d74844cf7,200,17.659054
2026-09-17T03:43:08.557271863Z,search,full,a42d74844cf7,200,21.410634
2026-09-17T03:43:08.610293519Z,search,full,a42d74844cf7,200,14.32986
2026-09-17T03:43:08.670704469Z,search,full,a42d74844cf7,200,15.025434
2026-09-17T03:43:08.730740725Z,search,full,a42d74844cf7,200,15.109276
2026-09-17T03:43:08.789789783Z,search,full,a42d74844cf7,200,14.130545
2026-09-17T03:43:08.850806424Z,search,full,a42d74844cf7,200,14.438104
2026-09-17T03:43:08.909888643Z,search,full,a42d74844cf7,200,14.49111
2026-09-17T03:43:08.970967996Z,search,full,a42d74844cf7,200,14.781435
2026-09-17T03:43:09.030246348Z,search,full,a42d74844cf7,200,14.503674
2026-09-17T03:43:09.090450662Z,search,full,a42d74844cf7,200,14.476013
2026-09-17T03:43:09.150734921Z,search,full,a42d74844cf7,200,14.531526
2026-09-17T03:43:09.210143723Z,search,full,a42d74844cf7,200,14.696559
2026-09-17T03:43:09.270513419Z,search,full,a42d74844cf7,200,14.834469
2026-09-17T03:43:09.330702432Z,search,full,a42d74844cf7,200,14.38803
2026-09-17T03:43:09.392624195Z,search,full,a42d74844cf7,200,16.380797
2026-09-17T03:43:09.45193845Z,search,full,a42d74844cf7,200,15.654852
2026-09-17T03:43:09.510689282Z,search,full,a42d74844cf7,200,14.434719
2026-09-17T03:43:09.571444463Z,search,full,a42d74844cf7,200,15.334862
2026-09-17T03:43:09.631097725Z,search,full,a42d74844cf7,200,14.613414
2026-09-17T03:43:09.691587444Z,search,full,a42d74844cf7,200,15.10464
2026-09-17T03:43:09.750997226Z,search,full,a42d74844cf7,200,14.642174
2026-09-17T03:43:09.810529614Z,search,full,a42d74844cf7,200,14.831368
2026-09-17T03:43:09.869749997Z,search,full,a42d74844cf7,200,13.869956
2026-09-17T03:43:09.928630839Z,search,full,a42d74844cf7,200,13.119339
2026-09-17T03:43:09.99000128Z,search,full,a42d74844cf7,200,13.678892
2026-09-17T03:43:10.050959061Z,search,full,a42d74844cf7,200,15.336867
2026-09-17T03:43:10.110386205Z,search,full,a42d74844cf7,200,14.7104
2026-09-17T03:43:10.170596698Z,search,full,a42d74844cf7,200,14.559378
2026-09-17T03:43:10.229842438Z,search,full,a42d74844cf7,200,13.433942
2026-09-17T03:43:10.289108076Z,search,full,a42d74844cf7,200,13.431521
2026-09-17T03:43:10.351168245Z,search,full,a42d74844cf7,200,15.449846
2026-09-17T03:43:10.410657153Z,search,full,a42d74844cf7,200,14.791996
2026-09-17T03:43:10.470824783Z,search,full,a42d74844cf7,200,14.605032
2026-09-17T03:43:10.529615319Z,search,full,a42d74844cf7,200,13.992975
2026-09-17T03:43:10.590268506Z,search,full,a42d74844cf7,200,13.92229
2026-09-17T03:43:10.650195978Z,search,full,a42d74844cf7,200,14.229453
2026-09-17T03:43:10.710023032Z,search,full,a42d74844cf7,200,13.951582
2026-09-17T03:43:10.770029811Z,search,full,a42d74844cf7,200,13.687222
2026-09-17T03:43:10.829439743Z,search,full,a42d74844cf7,200,13.65804
2026-09-17T03:43:10.890387383Z,search,full,a42d74844cf7,200,14.204461
2026-09-17T03:43:10.950497868Z,search,full,a42d74844cf7,200,14.376384
2026-09-17T03:43:11.009793564Z,search,full,a42d74844cf7,200,13.804451
2026-09-17T03:43:11.070338202Z,search,full,a42d74844cf7,200,14.138786
2026-09-17T03:43:11.131344976Z,search,full,a42d74844cf7,200,14.84443
2026-09-17T03:43:11.189751442Z,search,full,a42d74844cf7,200,13.92569
2026-09-17T03:43:11.252814973Z,search,full,a42d74844cf7,200,16.399469
2026-09-17T03:43:11.31122632Z,search,full,a42d74844cf7,200,14.796276
2026-09-17T03:43:11.369477104Z,search,full,a42d74844cf7,200,13.92513
2026-09-17T03:43:11.430536687Z,search,full,a42d74844cf7,200,14.339188
2026-09-17T03:43:11.491291398Z,search,full,a42d74844cf7,200,15.085159
2026-09-17T03:43:11.551046936Z,search,full,a42d74844cf7,200,14.893544
2026-09-17T03:43:11.611699489Z,search,full,a42d74844cf7,200,15.894496
2026-09-17T03:43:11.672243672Z,search,full,a42d74844cf7,200,16.227685
2026-09-17T03:43:11.731668086Z,search,full,a42d74844cf7,200,15.562545
2026-09-17T03:43:11.791347519Z,search,full,a42d74844cf7,200,14.935717
2026-09-17T03:43:11.850710898Z,search,full,a42d74844cf7,200,14.407691
2026-09-17T03:43:11.909977819Z,search,full,a42d74844cf7,200,13.808791
2026-09-17T03:43:11.971591621Z,search,full,a42d74844cf7,200,15.202984
2026-09-17T03:43:12.030242373Z,search,full,a42d74844cf7,200,13.982642
2026-09-17T03:43:12.089754291Z,search,full,a42d74844cf7,200,13.8291
2026-09-17T03:43:12.1520252Z,search,full,a42d74844cf7,200,16.379823
2026-09-17T03:43:12.2156653Z,search,full,a42d74844cf7,200,19.811064
2026-09-17T03:43:12.271977543Z,search,full,a42d74844cf7,200,15.924154
2026-09-17T03:43:12.330661613Z,search,full,a42d74844cf7,200,14.969717
2026-09-17T03:43:12.390194071Z,search,full,a42d74844cf7,200,13.753839
2026-09-17T03:43:12.449917331Z,search,full,a42d74844cf7,200,14.006508
2026-09-17T03:43:12.513651685Z,search,full,a42d74844cf7,200,17.998187
2026-09-17T03:43:12.572649574Z,search,full,a42d74844cf7,200,16.618212
2026-09-17T03:43:12.633052969Z,search,full,a42d74844cf7,200,16.648973
2026-09-17T03:43:12.690935038Z,search,full,a42d74844cf7,200,15.164056
2026-09-17T03:43:12.752864786Z,search,full,a42d74844cf7,200,17.088807
2026-09-17T03:43:12.811128123Z,search,full,a42d74844cf7,200,15.327683
2026-09-17T03:43:12.870562602Z,search,full,a42d74844cf7,200,15.138889
2026-09-17T03:43:12.930862689Z,search,full,a42d74844cf7,200,14.672369
2026-09-17T03:43:12.991495002Z,search,full,a42d74844cf7,200,15.93808
2026-09-17T03:43:13.051372103Z,search,full,a42d74844cf7,200,15.219074
2026-09-17T03:43:13.115739924Z,search,full,a42d74844cf7,200,19.547473
2026-09-17T03:43:13.171360238Z,search,full,a42d74844cf7,200,15.275744
2026-09-17T03:43:13.233528843Z,search,full,a42d74844cf7,200,17.171054
2026-09-17T03:43:13.295608715Z,search,full,a42d74844cf7,200,19.418663
2026-09-17T03:43:13.352061932Z,search,full,a42d74844cf7,200,15.674826
2026-09-17T03:43:13.410125159Z,search,full,a42d74844cf7,200,14.350224
2026-09-17T03:43:13.470642339Z,search,full,a42d74844cf7,200,15.190133
2026-09-17T03:43:13.530298237Z,search,full,a42d74844cf7,200,13.891194
2026-09-17T03:43:13.591049459Z,search,full,a42d74844cf7,200,15.047912
2026-09-17T03:43:13.650383174Z,search,full,a42d74844cf7,200,14.583667
2026-09-17T03:43:13.712354013Z,search,full,a42d74844cf7,200,16.191224
2026-09-17T03:43:13.770885503Z,search,full,a42d74844cf7,200,15.185222
2026-09-17T03:43:13.830452555Z,search,full,a42d74844cf7,200,14.511685
2026-09-17T03:43:13.895038597Z,search,full,a42d74844cf7,200,18.723387
2026-09-17T03:43:13.951336577Z,search,full,a42d74844cf7,200,15.037416
2026-09-17T03:43:14.011984076Z,search,full,a42d74844cf7,200,16.009855
2026-09-17T03:43:14.072081594Z,search,full,a42d74844cf7,200,15.621531
2026-09-17T03:43:14.130696309Z,search,full,a42d74844cf7,200,14.981641
2026-09-17T03:43:14.191824259Z,search,full,a42d74844cf7,200,15.517878
2026-09-17T03:43:14.251502897Z,search,full,a42d74844cf7,200,15.85989
2026-09-17T03:43:14.311018238Z,search,full,a42d74844cf7,200,14.133403
2026-09-17T03:43:14.369191196Z,search,full,a42d74844cf7,200,13.879504
2026-09-17T03:43:14.431470983Z,search,full,a42d74844cf7,200,15.396449
2026-09-17T03:43:14.490886643Z,search,full,a42d74844cf7,200,14.667884
2026-09-17T03:43:14.555005367Z,search,full,a42d74844cf7,200,19.584071
2026-09-17T03:43:14.609307784Z,search,full,a42d74844cf7,200,13.536497
2026-09-17T03:43:14.669220274Z,search,full,a42d74844cf7,200,13.42936
2026-09-17T03:43:14.731461148Z,search,full,a42d74844cf7,200,15.431381
2026-09-17T03:43:14.790225739Z,search,full,a42d74844cf7,200,14.186251
2026-09-17T03:43:14.849480758Z,search,full,a42d74844cf7,200,13.578581
2026-09-17T03:43:14.911329353Z,search,full,a42d74844cf7,200,15.076075
2026-09-17T03:43:14.969508561Z,search,full,a42d74844cf7,200,13.816679
2026-09-17T03:43:15.030829782Z,search,full,a42d74844cf7,200,14.68393
2026-09-17T03:43:15.089183885Z,search,full,a42d74844cf7,200,13.749618
2026-09-17T03:43:15.151235287Z,search,full,a42d74844cf7,200,15.208885
2026-09-17T03:43:15.209275883Z,search,full,a42d74844cf7,200,13.30809
2026-09-17T03:43:15.270503483Z,search,full,a42d74844cf7,200,14.534969
2026-09-17T03:43:15.331178313Z,search,full,a42d74844cf7,200,14.907607
2026-09-17T03:43:15.389280338Z,search,full,a42d74844cf7,200,13.416479
2026-09-17T03:43:15.450386204Z,search,full,a42d74844cf7,200,14.385928
2026-09-17T03:43:15.509914197Z,search,full,a42d74844cf7,200,13.739673
2026-09-17T03:43:15.570631548Z,search,full,a42d74844cf7,200,14.23133
2026-09-17T03:43:15.628752869Z,search,full,a42d74844cf7,200,13.398632
2026-09-17T03:43:15.688113435Z,search,full,a42d74844cf7,200,12.522541
2026-09-17T03:43:15.749414155Z,search,full,a42d74844cf7,200,13.468127
2026-09-17T03:43:15.809023205Z,search,full,a42d74844cf7,200,12.860037
2026-09-17T03:43:15.871701431Z,search,full,a42d74844cf7,200,15.898662
2026-09-17T03:43:15.932092549Z,search,full,a42d74844cf7,200,15.780758
2026-09-17T03:43:15.989794619Z,search,full,a42d74844cf7,200,14.163475
2026-09-17T03:43:16.048396709Z,search,full,a42d74844cf7,200,13.021138
2026-09-17T03:43:16.10888071Z,search,full,a42d74844cf7,200,12.889398
2026-09-17T03:43:16.168828612Z,search,full,a42d74844cf7,200,13.449346
2026-09-17T03:43:16.229559342Z,search,full,a42d74844cf7,200,13.930117
2026-09-17T03:43:16.303083895Z,search,full,a42d74844cf7,200,26.924671
2026-09-17T03:43:16.350750123Z,search,full,a42d74844cf7,200,14.944554
2026-09-17T03:43:16.410534101Z,search,full,a42d74844cf7,200,15.15633
2026-09-17T03:43:16.470139207Z,search,full,a42d74844cf7,200,14.219199
2026-09-17T03:43:16.530153763Z,search,full,a42d74844cf7,200,14.066898
2026-09-17T03:43:16.589147731Z,search,full,a42d74844cf7,200,13.17222
2026-09-17T03:43:16.649793241Z,search,full,a42d74844cf7,200,14.03795
2026-09-17T03:43:16.709297943Z,search,full,a42d74844cf7,200,13.56638
2026-09-17T03:43:16.771781814Z,search,full,a42d74844cf7,200,16.014472
2026-09-17T03:43:16.829849355Z,search,full,a42d74844cf7,200,14.511541
2026-09-17T03:43:16.890083697Z,search,full,a42d74844cf7,200,14.49972
2026-09-17T03:43:16.949798188Z,search,full,a42d74844cf7,200,13.964201
2026-09-17T03:43:17.009068851Z,search,full,a42d74844cf7,200,13.677949
2026-09-17T03:43:17.069384411Z,search,full,a42d74844cf7,200,13.815318
2026-09-17T03:43:17.130258067Z,search,full,a42d74844cf7,200,13.978546
2026-09-17T03:43:17.189593976Z,search,full,a42d74844cf7,200,13.600602
2026-09-17T03:43:17.251116618Z,search,full,a42d74844cf7,200,14.809824
2026-09-17T03:43:17.310441031Z,search,full,a42d74844cf7,200,14.43798
2026-09-17T03:43:17.389905551Z,search,full,a42d74844cf7,200,33.868257
2026-09-17T03:43:17.432385179Z,search,full,a42d74844cf7,200,15.986973
2026-09-17T03:43:17.490956455Z,search,full,a42d74844cf7,200,14.83289
2026-09-17T03:43:17.548615184Z,search,full,a42d74844cf7,200,12.977476
2026-09-17T03:43:17.60969557Z,search,full,a42d74844cf7,200,13.360369
2026-09-17T03:43:17.668758465Z,search,full,a42d74844cf7,200,12.604716
2026-09-17T03:43:17.732425888Z,search,full,a42d74844cf7,200,16.144795
2026-09-17T03:43:17.792292983Z,search,full,a42d74844cf7,200,16.133595
2026-09-17T03:43:17.851159042Z,search,full,a42d74844cf7,200,15.213405
2026-09-17T03:43:17.912679052Z,search,full,a42d74844cf7,200,16.916784
2026-09-17T03:43:17.971931601Z,search,full,a42d74844cf7,200,15.832221
2026-09-17T03:43:18.038674488Z,search,full,a42d74844cf7,200,22.901483
2026-09-17T03:43:18.092773411Z,search,full,a42d74844cf7,200,16.393371
2026-09-17T03:43:18.150207031Z,search,full,a42d74844cf7,200,14.811299
2026-09-17T03:43:18.227294797Z,search,full,a42d74844cf7,200,31.319182
2026-09-17T03:43:18.27038509Z,search,full,a42d74844cf7,200,14.733478
2026-09-17T03:43:18.32953944Z,search,full,a42d74844cf7,200,13.410438
2026-09-17T03:43:18.389466839Z,search,full,a42d74844cf7,200,13.114405
2026-09-17T03:43:18.44978946Z,search,full,a42d74844cf7,200,13.70074
2026-09-17T03:43:18.511732412Z,search,full,a42d74844cf7,200,16.182168
2026-09-17T03:43:18.58169612Z,search,full,a42d74844cf7,200,25.588568
2026-09-17T03:43:18.633004414Z,search,full,a42d74844cf7,200,17.621452
2026-09-17T03:43:18.689987845Z,search,full,a42d74844cf7,200,16.204947
2026-09-17T03:43:18.747643011Z,search,full,a42d74844cf7,200,13.977841
2026-09-17T03:43:18.808544274Z,search,full,a42d74844cf7,200,14.322077
2026-09-17T03:43:18.873795824Z,search,full,a42d74844cf7,200,19.730943
2026-09-17T03:43:18.933011264Z,search,full,a42d74844cf7,200,18.401797
2026-09-17T03:43:18.987851898Z,search,full,a42d74844cf7,200,14.282305
2026-09-17T03:43:19.048859479Z,search,full,a42d74844cf7,200,13.941978
2026-09-17T03:43:19.107940634Z,search,full,a42d74844cf7,200,13.908216
2026-09-17T03:43:19.168660905Z,search,full,a42d74844cf7,200,14.117582
2026-09-17T03:43:19.228206685Z,search,full,a42d74844cf7,200,13.787956
2026-09-17T03:43:19.287648909Z,search,full,a42d74844cf7,200,13.682834
2026-09-17T03:43:19.347727919Z,search,full,a42d74844cf7,200,13.415313
2026-09-17T03:43:19.407479005Z,search,full,a42d74844cf7,200,12.965068
2026-09-17T03:43:19.468242503Z,search,full,a42d74844cf7,200,13.989217
2026-09-17T03:43:19.529027352Z,search,full,a42d74844cf7,200,15.125268
2026-09-17T03:43:19.587537792Z,search,full,a42d74844cf7,200,13.721589
2026-09-17T03:43:19.650184757Z,search,full,a42d74844cf7,200,16.142026
2026-09-17T03:43:19.709480062Z,search,full,a42d74844cf7,200,15.564796
2026-09-17T03:43:19.767908509Z,search,full,a42d74844cf7,200,13.95882
2026-09-17T03:43:19.82878803Z,search,full,a42d74844cf7,200,14.273849
2026-09-17T03:43:19.888612803Z,search,full,a42d74844cf7,200,13.944799
2026-09-17T03:43:19.948013425Z,search,full,a42d74844cf7,200,13.692998
2026-09-17T03:43:20.00670066Z,search,full,a42d74844cf7,200,12.662684
2026-09-17T03:43:20.068937911Z,search,full,a42d74844cf7,200,14.407271
2026-09-17T03:43:20.127627735Z,search,full,a42d74844cf7,200,13.896544
2026-09-17T03:43:20.186861941Z,search,full,a42d74844cf7,200,12.588499
2026-09-17T03:43:20.248366728Z,search,full,a42d74844cf7,200,13.866832
2026-09-17T03:43:20.307908785Z,search,full,a42d74844cf7,200,13.927836
2026-09-17T03:43:20.367881213Z,search,full,a42d74844cf7,200,13.507216
2026-09-17T03:43:20.428110259Z,search,full,a42d74844cf7,200,13.546359
2026-09-17T03:43:20.48881295Z,search,full,a42d74844cf7,200,14.847707
2026-09-17T03:43:20.548247859Z,search,full,a42d74844cf7,200,13.840909
2026-09-17T03:43:20.607249657Z,search,full,a42d74844cf7,200,13.393937
2026-09-17T03:43:20.666887971Z,search,full,a42d74844cf7,200,13.100405
2026-09-17T03:43:20.728397019Z,search,full,a42d74844cf7,200,13.854651
2026-09-17T03:43:20.787793854Z,search,full,a42d74844cf7,200,13.597002
2026-09-17T03:43:20.848508055Z,search,full,a42d74844cf7,200,14.143011
2026-09-17T03:43:20.908067584Z,search,full,a42d74844cf7,200,13.730442
2026-09-17T03:43:20.968042352Z,search,full,a42d74844cf7,200,13.521987
2026-09-17T03:43:21.025928851Z,search,full,a42d74844cf7,200,12.211034
2026-09-17T03:43:21.087067572Z,search,full,a42d74844cf7,200,13.258488
2026-09-17T03:43:21.148932895Z,search,full,a42d74844cf7,200,15.079098
2026-09-17T03:43:21.207548086Z,search,full,a42d74844cf7,200,13.934686
2026-09-17T03:43:21.267872659Z,search,full,a42d74844cf7,200,13.752697
2026-09-17T03:43:21.329979089Z,search,full,a42d74844cf7,200,15.366943
2026-09-17T03:43:21.391080447Z,search,full,a42d74844cf7,200,17.480281
2026-09-17T03:43:21.449185751Z,search,full,a42d74844cf7,200,14.992822
2026-09-17T03:43:21.508007786Z,search,full,a42d74844cf7,200,14.192194
2026-09-17T03:43:21.568366532Z,search,full,a42d74844cf7,200,13.938652
2026-09-17T03:43:21.627833714Z,search,full,a42d74844cf7,200,13.724781
2026-09-17T03:43:21.688033458Z,search,full,a42d74844cf7,200,13.7818
2026-09-17T03:43:21.7470871Z,search,full,a42d74844cf7,200,13.185283
2026-09-17T03:43:21.808540974Z,search,full,a42d74844cf7,200,14.914966
2026-09-17T03:43:21.869853517Z,search,full,a42d74844cf7,200,15.94044
2026-09-17T03:43:21.930662785Z,search,full,a42d74844cf7,200,16.302881
2026-09-17T03:43:21.989040469Z,search,full,a42d74844cf7,200,14.563086
2026-09-17T03:43:22.048193902Z,search,full,a42d74844cf7,200,13.621839
2026-09-17T03:43:22.115892318Z,search,full,a42d74844cf7,200,21.75676
2026-09-17T03:43:22.169391882Z,search,full,a42d74844cf7,200,14.734273
2026-09-17T03:43:22.228857854Z,search,full,a42d74844cf7,200,14.925197
2026-09-17T03:43:22.290238242Z,search,full,a42d74844cf7,200,16.542623
2026-09-17T03:43:22.350189119Z,search,full,a42d74844cf7,200,16.160175
2026-09-17T03:43:22.41063213Z,search,full,a42d74844cf7,200,16.106051
2026-09-17T03:43:22.469177616Z,search,full,a42d74844cf7,200,15.107176
2026-09-17T03:43:22.529879216Z,search,full,a42d74844cf7,200,16.000719
2026-09-17T03:43:22.589263412Z,search,full,a42d74844cf7,200,15.314269
2026-09-17T03:43:22.649986104Z,search,full,a42d74844cf7,200,15.923819
2026-09-17T03:43:22.710291144Z,search,full,a42d74844cf7,200,16.498294
2026-09-17T03:43:22.767693973Z,search,full,a42d74844cf7,200,14.085772
2026-09-17T03:43:22.829882614Z,search,full,a42d74844cf7,200,15.721934
2026-09-17T03:43:22.887786339Z,search,full,a42d74844cf7,200,14.004091
2026-09-17T03:43:22.948265298Z,search,full,a42d74844cf7,200,13.813987
2026-09-17T03:43:23.008064494Z,search,full,a42d74844cf7,200,14.032124
2026-09-17T03:43:23.068735682Z,search,full,a42d74844cf7,200,14.293157
2026-09-17T03:43:23.128946367Z,search,full,a42d74844cf7,200,14.341135
2026-09-17T03:43:23.187589479Z,search,full,a42d74844cf7,200,13.463903
2026-09-17T03:43:23.251212678Z,search,full,a42d74844cf7,200,16.952662
2026-09-17T03:43:23.308711159Z,search,full,a42d74844cf7,200,14.713002
2026-09-17T03:43:23.368997888Z,search,full,a42d74844cf7,200,14.907736
2026-09-17T03:43:23.428008017Z,search,full,a42d74844cf7,200,13.813951
2026-09-17T03:43:23.488379894Z,search,full,a42d74844cf7,200,13.798976
2026-09-17T03:43:23.548248424Z,search,full,a42d74844cf7,200,14.052314
2026-09-17T03:43:23.608098403Z,search,full,a42d74844cf7,200,14.059675
2026-09-17T03:43:23.6674232Z,search,full,a42d74844cf7,200,12.797765
2026-09-17T03:43:23.727729747Z,search,full,a42d74844cf7,200,13.611004
2026-09-17T03:43:23.788373743Z,search,full,a42d74844cf7,200,14.028033
2026-09-17T03:43:23.848661743Z,search,full,a42d74844cf7,200,14.397649
2026-09-17T03:43:23.910831749Z,search,full,a42d74844cf7,200,16.527453
2026-09-17T03:43:23.966719624Z,search,full,a42d74844cf7,200,12.338772
2026-09-17T03:43:24.031223556Z,search,full,a42d74844cf7,200,16.743247
2026-09-17T03:43:24.087500479Z,search,full,a42d74844cf7,200,13.42678
2026-09-17T03:43:24.150779099Z,search,full,a42d74844cf7,200,16.577912
2026-09-17T03:43:24.208730406Z,search,full,a42d74844cf7,200,14.26579
2026-09-17T03:43:24.270246064Z,search,full,a42d74844cf7,200,16.060358
2026-09-17T03:43:24.328875876Z,search,full,a42d74844cf7,200,15.021808
2026-09-17T03:43:24.387553052Z,search,full,a42d74844cf7,200,12.988173
2026-09-17T03:43:24.448081339Z,search,full,a42d74844cf7,200,13.632135
2026-09-17T03:43:24.507462385Z,search,full,a42d74844cf7,200,13.145449
2026-09-17T03:43:24.568022405Z,search,full,a42d74844cf7,200,13.496929
2026-09-17T03:43:24.627653058Z,search,full,a42d74844cf7,200,13.735562
2026-09-17T03:43:24.688574838Z,search,full,a42d74844cf7,200,14.115634
2026-09-17T03:43:24.748374348Z,search,full,a42d74844cf7,200,14.082687
2026-09-17T03:43:24.80742498Z,search,full,a42d74844cf7,200,13.259657
2026-09-17T03:43:24.86896606Z,search,full,a42d74844cf7,200,14.865226
2026-09-17T03:43:24.932832506Z,search,full,a42d74844cf7,200,19.125187
2026-09-17T03:43:24.98818756Z,search,full,a42d74844cf7,200,14.484951
2026-09-17T03:43:25.047968009Z,search,full,a42d74844cf7,200,14.108629
2026-09-17T03:43:25.107670847Z,search,full,a42d74844cf7,200,13.712751
2026-09-17T03:43:25.168702811Z,search,full,a42d74844cf7,200,14.429031
2026-09-17T03:43:25.228494246Z,search,full,a42d74844cf7,200,14.045704
2026-09-17T03:43:25.288649957Z,search,full,a42d74844cf7,200,14.557906
2026-09-17T03:43:25.347908778Z,search,full,a42d74844cf7,200,13.431516
2026-09-17T03:43:25.408202043Z,search,full,a42d74844cf7,200,14.55068
2026-09-17T03:43:25.469608683Z,search,full,a42d74844cf7,200,15.008743
2026-09-17T03:43:25.527268846Z,search,full,a42d74844cf7,200,13.095207
2026-09-17T03:43:25.587805474Z,search,full,a42d74844cf7,200,13.738282
2026-09-17T03:43:25.648062473Z,search,full,a42d74844cf7,200,13.490415
2026-09-17T03:43:25.70831211Z,search,full,a42d74844cf7,200,14.467285
2026-09-17T03:43:25.766095832Z,search,full,a42d74844cf7,200,12.130267
2026-09-17T03:43:25.828057361Z,search,full,a42d74844cf7,200,14.12951
2026-09-17T03:43:25.887258909Z,search,full,a42d74844cf7,200,13.585581
2026-09-17T03:43:25.947745009Z,search,full,a42d74844cf7,200,13.680448
2026-09-17T03:43:26.011613225Z,search,full,a42d74844cf7,200,17.292947
2026-09-17T03:43:26.068046559Z,search,full,a42d74844cf7,200,13.949557
2026-09-17T03:43:26.127113982Z,search,full,a42d74844cf7,200,13.230366
2026-09-17T03:43:26.188412345Z,search,full,a42d74844cf7,200,14.619515
2026-09-17T03:43:26.249559967Z,search,full,a42d74844cf7,200,15.51536
2026-09-17T03:43:26.307797391Z,search,full,a42d74844cf7,200,13.583412
2026-09-17T03:43:26.368009926Z,search,full,a42d74844cf7,200,13.603042
2026-09-17T03:43:26.42757769Z,search,full,a42d74844cf7,200,13.70633
2026-09-17T03:43:26.487200603Z,search,full,a42d74844cf7,200,12.985934
2026-09-17T03:43:26.548736637Z,search,full,a42d74844cf7,200,14.870643
2026-09-17T03:43:26.609979206Z,search,full,a42d74844cf7,200,15.571924
2026-09-17T03:43:26.666937657Z,search,full,a42d74844cf7,200,12.533366
2026-09-17T03:43:26.727473875Z,search,full,a42d74844cf7,200,12.824456
2026-09-17T03:43:26.786854331Z,search,full,a42d74844cf7,200,12.748972
2026-09-17T03:43:26.848338417Z,search,full,a42d74844cf7,200,13.70258
2026-09-17T03:43:26.908264261Z,search,full,a42d74844cf7,200,14.306713
2026-09-17T03:43:26.967745164Z,search,full,a42d74844cf7,200,13.859191
2026-09-17T03:43:27.029731835Z,search,full,a42d74844cf7,200,15.359568
2026-09-17T03:43:27.088350347Z,search,full,a42d74844cf7,200,13.898909
2026-09-17T03:43:27.150122343Z,search,full,a42d74844cf7,200,15.996393
2026-09-17T03:43:27.209051117Z,search,full,a42d74844cf7,200,14.983032
2026-09-17T03:43:27.269817761Z,search,full,a42d74844cf7,200,15.300024
2026-09-17T03:43:27.327964417Z,search,full,a42d74844cf7,200,13.660036
2026-09-17T03:43:27.390185376Z,search,full,a42d74844cf7,200,15.488287
2026-09-17T03:43:27.449062315Z,search,full,a42d74844cf7,200,15.10191
2026-09-17T03:43:27.51612352Z,search,full,a42d74844cf7,200,22.321131
2026-09-17T03:43:27.57361108Z,search,full,a42d74844cf7,200,19.402147
2026-09-17T03:43:27.629328774Z,search,full,a42d74844cf7,200,14.897925
2026-09-17T03:43:27.686177789Z,search,full,a42d74844cf7,200,12.09702
2026-09-17T03:43:27.748785415Z,search,full,a42d74844cf7,200,14.801323
2026-09-17T03:43:27.808251621Z,search,full,a42d74844cf7,200,13.901293
2026-09-17T03:43:27.872312226Z,search,full,a42d74844cf7,200,17.658627
2026-09-17T03:43:27.928599051Z,search,full,a42d74844cf7,200,14.586533
2026-09-17T03:43:27.993778915Z,search,full,a42d74844cf7,200,19.2757
2026-09-17T03:43:28.047646211Z,search,full,a42d74844cf7,200,13.168431
2026-09-17T03:43:28.123636568Z,search,full,a42d74844cf7,200,29.210953
2026-09-17T03:43:28.177024377Z,search,full,a42d74844cf7,200,22.905239
2026-09-17T03:43:28.22944852Z,search,full,a42d74844cf7,200,15.23845
2026-09-17T03:43:28.28905414Z,search,full,a42d74844cf7,200,14.529081
2026-09-17T03:43:28.348650448Z,search,full,a42d74844cf7,200,14.916526
2026-09-17T03:43:28.41040385Z,search,full,a42d74844cf7,200,16.507556
2026-09-17T03:43:28.46743093Z,search,full,a42d74844cf7,200,13.541545
2026-09-17T03:43:28.531650993Z,search,full,a42d74844cf7,200,17.816368
2026-09-17T03:43:28.589460522Z,search,full,a42d74844cf7,200,15.177316
2026-09-17T03:43:28.64763302Z,search,full,a42d74844cf7,200,13.499647
2026-09-17T03:43:28.709191017Z,search,full,a42d74844cf7,200,15.413349
2026-09-17T03:43:28.771602616Z,search,full,a42d74844cf7,200,16.953138
2026-09-17T03:43:28.829922839Z,search,full,a42d74844cf7,200,15.520481
2026-09-17T03:43:28.887391703Z,search,full,a42d74844cf7,200,13.509918
2026-09-17T03:43:28.94944646Z,search,full,a42d74844cf7,200,15.178616
2026-09-17T03:43:29.00766549Z,search,full,a42d74844cf7,200,13.699493
2026-09-17T03:43:29.07015695Z,search,full,a42d74844cf7,200,15.799704
2026-09-17T03:43:29.128990148Z,search,full,a42d74844cf7,200,15.118431
2026-09-17T03:43:29.190159251Z,search,full,a42d74844cf7,200,15.351134
2026-09-17T03:43:29.24933965Z,search,full,a42d74844cf7,200,15.427825
2026-09-17T03:43:29.308751763Z,search,full,a42d74844cf7,200,14.657036
2026-09-17T03:43:29.369110108Z,search,full,a42d74844cf7,200,14.86415
2026-09-17T03:43:29.427120384Z,search,full,a42d74844cf7,200,13.261009
2026-09-17T03:43:29.489397278Z,search,full,a42d74844cf7,200,15.604239
2026-09-17T03:43:29.549022702Z,search,full,a42d74844cf7,200,14.816174
2026-09-17T03:43:29.608159618Z,search,full,a42d74844cf7,200,14.261649
2026-09-17T03:43:29.675241189Z,search,full,a42d74844cf7,200,20.718741
2026-09-17T03:43:29.728565405Z,search,full,a42d74844cf7,200,14.563009
2026-09-17T03:43:29.789173999Z,search,full,a42d74844cf7,200,14.996042
2026-09-17T03:43:29.849461244Z,search,full,a42d74844cf7,200,15.577602
2026-09-17T03:43:29.911542406Z,search,full,a42d74844cf7,200,17.325779
2026-09-17T03:43:29.968482825Z,search,full,a42d74844cf7,200,14.692554
2026-09-17T03:43:30.028707406Z,search,full,a42d74844cf7,200,14.430459
2026-09-17T03:43:30.088577823Z,search,full,a42d74844cf7,200,14.313479
2026-09-17T03:43:30.148897636Z,search,full,a42d74844cf7,200,14.486812
2026-09-17T03:43:30.20800941Z,search,full,a42d74844cf7,200,13.47092
2026-09-17T03:43:30.269429713Z,search,full,a42d74844cf7,200,14.995262
2026-09-17T03:43:30.330384658Z,search,full,a42d74844cf7,200,15.89532
2026-09-17T03:43:30.390552925Z,search,full,a42d74844cf7,200,16.354006
2026-09-17T03:43:30.461818947Z,search,full,a42d74844cf7,200,27.619223
2026-09-17T03:43:30.522568589Z,search,full,a42d74844cf7,200,28.202232
2026-09-17T03:43:30.568598925Z,search,full,a42d74844cf7,200,14.620859
2026-09-17T03:43:30.631410482Z,search,full,a42d74844cf7,200,16.995591
2026-09-17T03:43:30.689250321Z,search,full,a42d74844cf7,200,15.154125
2026-09-17T03:43:30.749580347Z,search,full,a42d74844cf7,200,15.494051
2026-09-17T03:43:30.807658838Z,search,full,a42d74844cf7,200,13.341585
2026-09-17T03:43:30.867212811Z,search,full,a42d74844cf7,200,12.987736
2026-09-17T03:43:30.92773559Z,search,full,a42d74844cf7,200,13.856534
2026-09-17T03:43:30.987894411Z,search,full,a42d74844cf7,200,13.66408
2026-09-17T03:43:31.047572113Z,search,full,a42d74844cf7,200,14.00137
2026-09-17T03:43:31.107494896Z,search,full,a42d74844cf7,200,13.061573
2026-09-17T03:43:31.16784918Z,search,full,a42d74844cf7,200,13.631041
2026-09-17T03:43:31.22812882Z,search,full,a42d74844cf7,200,13.629247
2026-09-17T03:43:31.286865275Z,search,full,a42d74844cf7,200,13.002233
2026-09-17T03:43:31.346603169Z,search,full,a42d74844cf7,200,12.821514
2026-09-17T03:43:31.408698407Z,search,full,a42d74844cf7,200,14.459479
2026-09-17T03:43:31.467262945Z,search,full,a42d74844cf7,200,13.130448
2026-09-17T03:43:31.529467673Z,search,full,a42d74844cf7,200,15.48772
2026-09-17T03:43:31.588376767Z,search,full,a42d74844cf7,200,14.282497
2026-09-17T03:43:31.647763638Z,search,full,a42d74844cf7,200,13.60839
2026-09-17T03:43:31.708738414Z,search,full,a42d74844cf7,200,14.348339
2026-09-17T03:43:31.768200356Z,search,full,a42d74844cf7,200,13.66544
2026-09-17T03:43:31.827700576Z,search,full,a42d74844cf7,200,13.886872
2026-09-17T03:43:31.889127534Z,search,full,a42d74844cf7,200,14.864162
2026-09-17T03:43:31.946542764Z,search,full,a42d74844cf7,200,12.872093
2026-09-17T03:43:32.007630455Z,search,full,a42d74844cf7,200,13.437598
2026-09-17T03:43:32.067506954Z,search,full,a42d74844cf7,200,13.326493
2026-09-17T03:43:32.128295092Z,search,full,a42d74844cf7,200,13.967153
2026-09-17T03:43:32.187796182Z,search,full,a42d74844cf7,200,13.689801
2026-09-17T03:43:32.248159237Z,search,full,a42d74844cf7,200,13.80795
2026-09-17T03:43:32.308924134Z,search,full,a42d74844cf7,200,15.069237
2026-09-17T03:43:32.368057245Z,search,full,a42d74844cf7,200,13.68598
2026-09-17T03:43:32.428413711Z,search,full,a42d74844cf7,200,14.840859
2026-09-17T03:43:32.488596109Z,search,full,a42d74844cf7,200,14.278536
2026-09-17T03:43:32.548894684Z,search,full,a42d74844cf7,200,14.476952
2026-09-17T03:43:32.606803872Z,search,full,a42d74844cf7,200,13.202309
2026-09-17T03:43:32.669105786Z,search,full,a42d74844cf7,200,14.774235
2026-09-17T03:43:32.726668432Z,search,full,a42d74844cf7,200,12.913972
2026-09-17T03:43:32.787818202Z,search,full,a42d74844cf7,200,13.522249
2026-09-17T03:43:32.847782628Z,search,full,a42d74844cf7,200,14.102873
2026-09-17T03:43:32.907543238Z,search,full,a42d74844cf7,200,13.054807
2026-09-17T03:43:32.968319265Z,search,full,a42d74844cf7,200,14.238654
2026-09-17T03:43:33.031680192Z,search,full,a42d74844cf7,200,17.565783
2026-09-17T03:43:33.088471272Z,search,full,a42d74844cf7,200,14.024237
2026-09-17T03:43:33.148606412Z,search,full,a42d74844cf7,200,14.495343
2026-09-17T03:43:33.208669359Z,search,full,a42d74844cf7,200,14.313976
2026-09-17T03:43:33.267127384Z,search,full,a42d74844cf7,200,13.065879
2026-09-17T03:43:33.327743378Z,search,full,a42d74844cf7,200,13.675889
2026-09-17T03:43:33.390029543Z,search,full,a42d74844cf7,200,15.584077
2026-09-17T03:43:33.450250008Z,search,full,a42d74844cf7,200,15.689815
2026-09-17T03:43:33.507178539Z,search,full,a42d74844cf7,200,13.291671
2026-09-17T03:43:33.566446691Z,search,full,a42d74844cf7,200,12.644536
2026-09-17T03:43:33.626551127Z,search,full,a42d74844cf7,200,12.830416
2026-09-17T03:43:33.687764838Z,search,full,a42d74844cf7,200,13.576893
2026-09-17T03:43:33.748251643Z,search,full,a42d74844cf7,200,13.772614
2026-09-17T03:43:33.807902925Z,search,full,a42d74844cf7,200,14.077201
2026-09-17T03:43:33.868477571Z,search,full,a42d74844cf7,200,13.962521
2026-09-17T03:43:33.92776431Z,search,full,a42d74844cf7,200,13.778999
2026-09-17T03:43:33.989056358Z,search,full,a42d74844cf7,200,14.657565
2026-09-17T03:43:34.046651795Z,search,full,a42d74844cf7,200,12.778406
2026-09-17T03:43:34.107533797Z,search,full,a42d74844cf7,200,13.198084
2026-09-17T03:43:34.167691976Z,search,full,a42d74844cf7,200,13.574353
2026-09-17T03:43:34.22794721Z,search,full,a42d74844cf7,200,13.520514
2026-09-17T03:43:34.288187354Z,search,full,a42d74844cf7,200,14.493618
2026-09-17T03:43:34.349272841Z,search,full,a42d74844cf7,200,15.265757
2026-09-17T03:43:34.407671196Z,search,full,a42d74844cf7,200,13.664078
2026-09-17T03:43:34.468666821Z,search,full,a42d74844cf7,200,14.505975
2026-09-17T03:43:34.527102444Z,search,full,a42d74844cf7,200,12.834061
2026-09-17T03:43:34.587532695Z,search,full,a42d74844cf7,200,13.883813
2026-09-17T03:43:34.648069879Z,search,full,a42d74844cf7,200,13.767387
2026-09-17T03:43:34.708350948Z,search,full,a42d74844cf7,200,14.612853
2026-09-17T03:43:34.769092543Z,search,full,a42d74844cf7,200,15.364545
2026-09-17T03:43:34.827249729Z,search,full,a42d74844cf7,200,13.417559
2026-09-17T03:43:34.88715158Z,search,full,a42d74844cf7,200,13.232096
2026-09-17T03:43:34.946547532Z,search,full,a42d74844cf7,200,12.676613
2026-09-17T03:43:35.007312758Z,search,full,a42d74844cf7,200,12.799703
2026-09-17T03:43:35.067271174Z,search,full,a42d74844cf7,200,13.352961
2026-09-17T03:43:35.127752178Z,search,full,a42d74844cf7,200,13.832073
2026-09-17T03:43:35.188740107Z,search,full,a42d74844cf7,200,15.085904
2026-09-17T03:43:35.248575837Z,search,full,a42d74844cf7,200,14.259485
2026-09-17T03:43:35.310688978Z,search,full,a42d74844cf7,200,16.390589
2026-09-17T03:43:35.370098029Z,search,full,a42d74844cf7,200,16.096825
2026-09-17T03:43:35.428903842Z,search,full,a42d74844cf7,200,15.104846
2026-09-17T03:43:35.487163211Z,search,full,a42d74844cf7,200,13.528779
2026-09-17T03:43:35.547440239Z,search,full,a42d74844cf7,200,13.459564
2026-09-17T03:43:35.609459864Z,search,full,a42d74844cf7,200,15.474479
2026-09-17T03:43:35.667575185Z,search,full,a42d74844cf7,200,13.616806
2026-09-17T03:43:35.726468839Z,search,full,a42d74844cf7,200,12.252651
2026-09-17T03:43:35.788321939Z,search,full,a42d74844cf7,200,14.131735
2026-09-17T03:43:35.851296386Z,search,full,a42d74844cf7,200,17.086867
2026-09-17T03:43:35.90917867Z,search,full,a42d74844cf7,200,15.12641
2026-09-17T03:43:35.9674242Z,search,full,a42d74844cf7,200,12.876374
2026-09-17T03:43:36.027257226Z,search,full,a42d74844cf7,200,13.036055
2026-09-17T03:43:36.087188979Z,search,full,a42d74844cf7,200,13.28772
2026-09-17T03:43:36.150411549Z,search,full,a42d74844cf7,200,16.476406
2026-09-17T03:43:36.208551244Z,search,full,a42d74844cf7,200,14.433807
2026-09-17T03:43:36.267830226Z,search,full,a42d74844cf7,200,14.017771
2026-09-17T03:43:36.329293168Z,search,full,a42d74844cf7,200,15.726154
2026-09-17T03:43:36.389247309Z,search,full,a42d74844cf7,200,15.252668
2026-09-17T03:43:36.448186829Z,search,full,a42d74844cf7,200,14.400789
2026-09-17T03:43:36.507092834Z,search,full,a42d74844cf7,200,13.178175
2026-09-17T03:43:36.566251308Z,search,full,a42d74844cf7,200,12.626003
2026-09-17T03:43:36.62719869Z,search,full,a42d74844cf7,200,13.166915
2026-09-17T03:43:36.687126613Z,search,full,a42d74844cf7,200,13.268382
2026-09-17T03:43:36.747542244Z,search,full,a42d74844cf7,200,13.621079
2026-09-17T03:43:36.806739551Z,search,full,a42d74844cf7,200,12.518598
2026-09-17T03:43:36.867499339Z,search,full,a42d74844cf7,200,13.136953
2026-09-17T03:43:36.927414101Z,search,full,a42d74844cf7,200,13.300285
2026-09-17T03:43:36.988232073Z,search,full,a42d74844cf7,200,13.946165
2026-09-17T03:43:37.048236564Z,search,full,a42d74844cf7,200,14.375399
2026-09-17T03:43:37.107351254Z,search,full,a42d74844cf7,200,13.425465
2026-09-17T03:43:37.168372372Z,search,full,a42d74844cf7,200,14.511549
2026-09-17T03:43:37.227651454Z,search,full,a42d74844cf7,200,13.650982
2026-09-17T03:43:37.288842695Z,search,full,a42d74844cf7,200,14.467626
2026-09-17T03:43:37.348118599Z,search,full,a42d74844cf7,200,13.539843
2026-09-17T03:43:37.40685736Z,search,full,a42d74844cf7,200,13.035875
2026-09-17T03:43:37.46958071Z,search,full,a42d74844cf7,200,15.187812
2026-09-17T03:43:37.527604905Z,search,full,a42d74844cf7,200,13.465922
2026-09-17T03:43:37.587673979Z,search,full,a42d74844cf7,200,13.419463
2026-09-17T03:43:37.647486919Z,search,full,a42d74844cf7,200,13.117295
2026-09-17T03:43:37.709621889Z,search,full,a42d74844cf7,200,15.469604
2026-09-17T03:43:37.769339676Z,search,full,a42d74844cf7,200,15.269809
2026-09-17T03:43:37.827075839Z,search,full,a42d74844cf7,200,13.067137
2026-09-17T03:43:37.887320116Z,search,full,a42d74844cf7,200,13.672813
2026-09-17T03:43:37.949337844Z,search,full,a42d74844cf7,200,15.247097
2026-09-17T03:43:38.012042052Z,search,full,a42d74844cf7,200,17.930315
2026-09-17T03:43:38.070915233Z,search,full,a42d74844cf7,200,16.530687
2026-09-17T03:43:38.136396899Z,search,full,a42d74844cf7,200,22.621011
2026-09-17T03:43:38.189377001Z,search,full,a42d74844cf7,200,15.432193
2026-09-17T03:43:38.248990391Z,search,full,a42d74844cf7,200,14.943143
2026-09-17T03:43:38.308671195Z,search,full,a42d74844cf7,200,15.03081
2026-09-17T03:43:38.369113618Z,search,full,a42d74844cf7,200,15.088504
2026-09-17T03:43:38.434804299Z,search,full,a42d74844cf7,200,20.951011
2026-09-17T03:43:38.494099285Z,search,full,a42d74844cf7,200,18.825915
2026-09-17T03:43:38.561944194Z,search,full,a42d74844cf7,200,26.262334
2026-09-17T03:43:38.614214696Z,search,full,a42d74844cf7,200,20.549433
2026-09-17T03:43:38.667675441Z,search,full,a42d74844cf7,200,13.243646
2026-09-17T03:43:38.730068006Z,search,full,a42d74844cf7,200,15.631492
2026-09-17T03:43:38.787781917Z,search,full,a42d74844cf7,200,13.199208
2026-09-17T03:43:38.848300916Z,search,full,a42d74844cf7,200,13.710052
2026-09-17T03:43:38.910008348Z,search,full,a42d74844cf7,200,16.003596
2026-09-17T03:43:38.968922662Z,search,full,a42d74844cf7,200,14.380959
2026-09-17T03:43:39.029024979Z,search,full,a42d74844cf7,200,14.470136
2026-09-17T03:43:39.087297504Z,search,full,a42d74844cf7,200,13.550214
2026-09-17T03:43:39.14841567Z,search,full,a42d74844cf7,200,14.311764
2026-09-17T03:43:39.208331972Z,search,full,a42d74844cf7,200,14.162926
2026-09-17T03:43:39.269008093Z,search,full,a42d74844cf7,200,14.296622
2026-09-17T03:43:39.327213062Z,search,full,a42d74844cf7,200,13.475418
2026-09-17T03:43:39.387692529Z,search,full,a42d74844cf7,200,13.523006
2026-09-17T03:43:39.448548801Z,search,full,a42d74844cf7,200,14.146562
2026-09-17T03:43:39.508331457Z,search,full,a42d74844cf7,200,14.115969
2026-09-17T03:43:39.568696604Z,search,full,a42d74844cf7,200,13.998259
2026-09-17T03:43:39.627595877Z,search,full,a42d74844cf7,200,13.204472
2026-09-17T03:43:39.688165951Z,search,full,a42d74844cf7,200,13.815186
2026-09-17T03:43:39.748988009Z,search,full,a42d74844cf7,200,14.934218
2026-09-17T03:43:39.809444198Z,search,full,a42d74844cf7,200,14.953669
2026-09-17T03:43:39.868095982Z,search,full,a42d74844cf7,200,14.055374
2026-09-17T03:43:39.926399913Z,search,full,a42d74844cf7,200,12.781258
2026-09-17T03:43:39.988429906Z,search,full,a42d74844cf7,200,14.392871
2026-09-17T03:43:40.047706709Z,search,full,a42d74844cf7,200,13.490425
2026-09-17T03:43:40.108015021Z,search,full,a42d74844cf7,200,13.686576
2026-09-17T03:43:40.168056933Z,search,full,a42d74844cf7,200,13.49095
2026-09-17T03:43:40.22816692Z,search,full,a42d74844cf7,200,13.305604
2026-09-17T03:43:40.286809494Z,search,full,a42d74844cf7,200,13.104429
2026-09-17T03:43:40.347962263Z,search,full,a42d74844cf7,200,13.35548
2026-09-17T03:43:40.407255837Z,search,full,a42d74844cf7,200,13.577537
2026-09-17T03:43:40.467473722Z,search,full,a42d74844cf7,200,13.830137
2026-09-17T03:43:40.531200101Z,search,full,a42d74844cf7,200,16.599021
2026-09-17T03:43:40.587652894Z,search,full,a42d74844cf7,200,13.784313
2026-09-17T03:43:40.647792294Z,search,full,a42d74844cf7,200,13.4248
2026-09-17T03:43:40.707607369Z,search,full,a42d74844cf7,200,13.251782
2026-09-17T03:43:40.769722782Z,search,full,a42d74844cf7,200,15.668835
2026-09-17T03:43:40.835576857Z,search,full,a42d74844cf7,200,21.147545
2026-09-17T03:43:40.888055191Z,search,full,a42d74844cf7,200,13.6177
2026-09-17T03:43:40.947426015Z,search,full,a42d74844cf7,200,13.787342
2026-09-17T03:43:41.007268147Z,search,full,a42d74844cf7,200,13.223114
2026-09-17T03:43:41.066952201Z,search,full,a42d74844cf7,200,13.13188
2026-09-17T03:43:41.127273895Z,search,full,a42d74844cf7,200,13.480604
2026-09-17T03:43:41.186939198Z,search,full,a42d74844cf7,200,12.97281
2026-09-17T03:43:41.248101317Z,search,full,a42d74844cf7,200,13.521243
2026-09-17T03:43:41.307437624Z,search,full,a42d74844cf7,200,13.510432
2026-09-17T03:43:41.367639533Z,search,full,a42d74844cf7,200,13.538217
2026-09-17T03:43:41.42753996Z,search,full,a42d74844cf7,200,13.1241
2026-09-17T03:43:41.491221412Z,search,full,a42d74844cf7,200,16.818935
2026-09-17T03:43:41.548043752Z,search,full,a42d74844cf7,200,13.980804
2026-09-17T03:43:41.6077054Z,search,full,a42d74844cf7,200,14.083666
2026-09-17T03:43:41.670363226Z,search,full,a42d74844cf7,200,16.085936
2026-09-17T03:43:41.729895259Z,search,full,a42d74844cf7,200,15.799839
2026-09-17T03:43:41.788169493Z,search,full,a42d74844cf7,200,13.596983
2026-09-17T03:43:41.847574355Z,search,full,a42d74844cf7,200,13.685134
2026-09-17T03:43:41.910437657Z,search,full,a42d74844cf7,200,16.193629
2026-09-17T03:43:41.966945924Z,search,full,a42d74844cf7,200,13.270682
2026-09-17T03:43:42.027257503Z,search,full,a42d74844cf7,200,13.452502
2026-09-17T03:43:42.087343214Z,search,full,a42d74844cf7,200,13.380547
2026-09-17T03:43:42.147349613Z,search,full,a42d74844cf7,200,13.259892
2026-09-17T03:43:42.207926092Z,search,full,a42d74844cf7,200,13.751316
2026-09-17T03:43:42.267696733Z,search,full,a42d74844cf7,200,13.30662
2026-09-17T03:43:42.32799291Z,search,full,a42d74844cf7,200,13.74685
2026-09-17T03:43:42.387056556Z,search,full,a42d74844cf7,200,13.452607
2026-09-17T03:43:42.447733152Z,search,full,a42d74844cf7,200,13.968048
2026-09-17T03:43:42.507722995Z,search,full,a42d74844cf7,200,13.820065
2026-09-17T03:43:42.571092307Z,search,full,a42d74844cf7,200,16.518436
2026-09-17T03:43:42.628684478Z,search,full,a42d74844cf7,200,14.288162
2026-09-17T03:43:42.688126874Z,search,full,a42d74844cf7,200,13.782383
2026-09-17T03:43:42.747377074Z,search,full,a42d74844cf7,200,13.449767
2026-09-17T03:43:42.807947307Z,search,full,a42d74844cf7,200,13.810433
2026-09-17T03:43:42.868283523Z,search,full,a42d74844cf7,200,13.902842
2026-09-17T03:43:42.928230938Z,search,full,a42d74844cf7,200,14.068636
2026-09-17T03:43:42.98840881Z,search,full,a42d74844cf7,200,14.443154
2026-09-17T03:43:43.048524968Z,search,full,a42d74844cf7,200,14.238088
2026-09-17T03:43:43.107719374Z,search,full,a42d74844cf7,200,13.437284
2026-09-17T03:43:43.170336627Z,search,full,a42d74844cf7,200,16.086432
2026-09-17T03:43:43.227006387Z,search,full,a42d74844cf7,200,12.984061
2026-09-17T03:43:43.288222905Z,search,full,a42d74844cf7,200,14.407307
2026-09-17T03:43:43.348747014Z,search,full,a42d74844cf7,200,14.605736
2026-09-17T03:43:43.407315937Z,search,full,a42d74844cf7,200,12.956267
2026-09-17T03:43:43.467790873Z,search,full,a42d74844cf7,200,13.828226
2026-09-17T03:43:43.531439446Z,search,full,a42d74844cf7,200,16.983156
2026-09-17T03:43:43.588691701Z,search,full,a42d74844cf7,200,14.483388
2026-09-17T03:43:43.648917237Z,search,full,a42d74844cf7,200,14.596886
2026-09-17T03:43:43.707527878Z,search,full,a42d74844cf7,200,12.964542
2026-09-17T03:43:43.769650933Z,search,full,a42d74844cf7,200,15.35024
2026-09-17T03:43:43.82757422Z,search,full,a42d74844cf7,200,13.204068
2026-09-17T03:43:43.888124637Z,search,full,a42d74844cf7,200,13.695886
2026-09-17T03:43:43.947467479Z,search,full,a42d74844cf7,200,13.766562
2026-09-17T03:43:44.00748454Z,search,full,a42d74844cf7,200,13.128899
2026-09-17T03:43:44.067596818Z,search,full,a42d74844cf7,200,13.632767
2026-09-17T03:43:44.127910476Z,search,full,a42d74844cf7,200,13.113033
2026-09-17T03:43:44.187041507Z,search,full,a42d74844cf7,200,12.398595
2026-09-17T03:43:44.247775142Z,search,full,a42d74844cf7,200,14.039354
2026-09-17T03:43:44.307666563Z,search,full,a42d74844cf7,200,13.15163
2026-09-17T03:43:44.367155166Z,search,full,a42d74844cf7,200,12.897972
2026-09-17T03:43:44.444077391Z,search,full,a42d74844cf7,200,29.987689
2026-09-17T03:43:44.488304503Z,search,full,a42d74844cf7,200,14.46025
2026-09-17T03:43:44.547858079Z,search,full,a42d74844cf7,200,13.966577
2026-09-17T03:43:44.611026837Z,search,full,a42d74844cf7,200,16.581619
2026-09-17T03:43:44.667630222Z,search,full,a42d74844cf7,200,13.171023
2026-09-17T03:43:44.728326084Z,search,full,a42d74844cf7,200,13.955656
2026-09-17T03:43:44.787885321Z,search,full,a42d74844cf7,200,13.710812
2026-09-17T03:43:44.845864603Z,search,full,a42d74844cf7,200,12.193063
2026-09-17T03:43:44.908583943Z,search,full,a42d74844cf7,200,14.080651
2026-09-17T03:43:44.96767434Z,search,full,a42d74844cf7,200,13.619721
2026-09-17T03:43:45.028156871Z,search,full,a42d74844cf7,200,13.711853
2026-09-17T03:43:45.088125689Z,search,full,a42d74844cf7,200,14.223011
2026-09-17T03:43:45.147555266Z,search,full,a42d74844cf7,200,13.600269
2026-09-17T03:43:45.207775383Z,search,full,a42d74844cf7,200,13.487176
2026-09-17T03:43:45.267831927Z,search,full,a42d74844cf7,200,13.506198
2026-09-17T03:43:45.330203575Z,search,full,a42d74844cf7,200,15.756167
2026-09-17T03:43:45.38826791Z,search,full,a42d74844cf7,200,14.395565
2026-09-17T03:43:45.448454754Z,search,full,a42d74844cf7,200,14.438143
2026-09-17T03:43:45.508383448Z,search,full,a42d74844cf7,200,14.079131
2026-09-17T03:43:45.56706232Z,search,full,a42d74844cf7,200,13.208395
2026-09-17T03:43:45.627803066Z,search,full,a42d74844cf7,200,14.110254
2026-09-17T03:43:45.688631644Z,search,full,a42d74844cf7,200,14.189805
2026-09-17T03:43:45.748053311Z,search,full,a42d74844cf7,200,13.695048
2026-09-17T03:43:45.807834198Z,search,full,a42d74844cf7,200,14.282256
2026-09-17T03:43:45.869073762Z,search,full,a42d74844cf7,200,14.665235
2026-09-17T03:43:45.940219621Z,search,full,a42d74844cf7,200,26.432555
2026-09-17T03:43:45.989609542Z,search,full,a42d74844cf7,200,15.640718
2026-09-17T03:43:46.049122826Z,search,full,a42d74844cf7,200,14.774173
2026-09-17T03:43:46.109159848Z,search,full,a42d74844cf7,200,15.253974
2026-09-17T03:43:46.170290114Z,search,full,a42d74844cf7,200,15.775444
2026-09-17T03:43:46.229076212Z,search,full,a42d74844cf7,200,15.013635
2026-09-17T03:43:46.289919826Z,search,full,a42d74844cf7,200,16.294158
2026-09-17T03:43:46.35156803Z,search,full,a42d74844cf7,200,16.514765
2026-09-17T03:43:46.409007737Z,search,full,a42d74844cf7,200,15.00386
2026-09-17T03:43:46.468701294Z,search,full,a42d74844cf7,200,14.14625
2026-09-17T03:43:46.530872567Z,search,full,a42d74844cf7,200,16.412847
2026-09-17T03:43:46.629040263Z,search,full,a42d74844cf7,200,55.098152
2026-09-17T03:43:46.669065328Z,search,full,a42d74844cf7,200,34.723636
2026-09-17T03:43:46.718073311Z,search,full,a42d74844cf7,200,23.601478
2026-09-17T03:43:46.768357045Z,search,full,a42d74844cf7,200,13.950697
2026-09-17T03:43:46.827666108Z,search,full,a42d74844cf7,200,13.637238
2026-09-17T03:43:46.887817919Z,search,full,a42d74844cf7,200,13.595255
2026-09-17T03:43:46.948828185Z,search,full,a42d74844cf7,200,14.379543
2026-09-17T03:43:47.008016964Z,search,full,a42d74844cf7,200,13.460273
2026-09-17T03:43:47.068294305Z,search,full,a42d74844cf7,200,13.983893
2026-09-17T03:43:47.128546434Z,search,full,a42d74844cf7,200,14.351581
2026-09-17T03:43:47.188975801Z,search,full,a42d74844cf7,200,14.606056
2026-09-17T03:43:47.247991772Z,search,full,a42d74844cf7,200,14.412826
2026-09-17T03:43:47.307710741Z,search,full,a42d74844cf7,200,14.146876
2026-09-17T03:43:47.369248437Z,search,full,a42d74844cf7,200,14.831447
2026-09-17T03:43:47.426936242Z,search,full,a42d74844cf7,200,13.14251
2026-09-17T03:43:47.486708485Z,search,full,a42d74844cf7,200,13.087571
2026-09-17T03:43:47.547919506Z,search,full,a42d74844cf7,200,14.180053
2026-09-17T03:43:47.607492335Z,search,full,a42d74844cf7,200,13.00408
2026-09-17T03:43:47.667371316Z,search,full,a42d74844cf7,200,13.198014
2026-09-17T03:43:47.726315016Z,search,full,a42d74844cf7,200,12.355195
2026-09-17T03:43:47.787609364Z,search,full,a42d74844cf7,200,13.559852
2026-09-17T03:43:47.848674988Z,search,full,a42d74844cf7,200,14.371167
2026-09-17T03:43:47.908466638Z,search,full,a42d74844cf7,200,13.935179
2026-09-17T03:43:47.967665989Z,search,full,a42d74844cf7,200,13.751566
2026-09-17T03:43:48.0287385Z,search,full,a42d74844cf7,200,14.353207
2026-09-17T03:43:48.089123909Z,search,full,a42d74844cf7,200,14.679086
2026-09-17T03:43:48.148612936Z,search,full,a42d74844cf7,200,14.137782
2026-09-17T03:43:48.210146416Z,search,full,a42d74844cf7,200,15.978217
2026-09-17T03:43:48.269168692Z,search,full,a42d74844cf7,200,14.793354
2026-09-17T03:43:48.327289741Z,search,full,a42d74844cf7,200,13.331898
2026-09-17T03:43:48.388548595Z,search,full,a42d74844cf7,200,14.369682
2026-09-17T03:43:48.448710338Z,search,full,a42d74844cf7,200,14.466579
2026-09-17T03:43:48.525239338Z,search,full,a42d74844cf7,200,30.86729
2026-09-17T03:43:48.596484579Z,search,full,a42d74844cf7,200,42.36611
2026-09-17T03:43:48.648843695Z,search,full,a42d74844cf7,200,34.851896
2026-09-17T03:43:48.689138747Z,search,full,a42d74844cf7,200,15.524619
2026-09-17T03:43:48.745951758Z,search,full,a42d74844cf7,200,12.894451
2026-09-17T03:43:48.806051185Z,search,full,a42d74844cf7,200,12.960956
2026-09-17T03:43:48.865402756Z,search,full,a42d74844cf7,200,12.847968
2026-09-17T03:43:48.929853352Z,search,full,a42d74844cf7,200,17.835123
2026-09-17T03:43:48.986390921Z,search,full,a42d74844cf7,200,13.646858
2026-09-17T03:43:49.051139149Z,search,full,a42d74844cf7,200,18.048655
2026-09-17T03:43:49.106089848Z,search,full,a42d74844cf7,200,13.244398
2026-09-17T03:43:49.170398593Z,search,full,a42d74844cf7,200,17.757628
2026-09-17T03:43:49.226455095Z,search,full,a42d74844cf7,200,13.123943
2026-09-17T03:43:49.287103554Z,search,full,a42d74844cf7,200,13.944305
2026-09-17T03:43:49.348440595Z,search,full,a42d74844cf7,200,15.498498
2026-09-17T03:43:49.408317986Z,search,full,a42d74844cf7,200,15.172393
2026-09-17T03:43:49.467488293Z,search,full,a42d74844cf7,200,14.647674
2026-09-17T03:43:49.527626054Z,search,full,a42d74844cf7,200,14.619382
2026-09-17T03:43:49.587755479Z,search,full,a42d74844cf7,200,15.423336
2026-09-17T03:43:49.650988127Z,search,full,a42d74844cf7,200,18.476052
2026-09-17T03:43:49.706569685Z,search,full,a42d74844cf7,200,14.014336
2026-09-17T03:43:49.76675785Z,search,full,a42d74844cf7,200,13.728705
2026-09-17T03:43:49.826337133Z,search,full,a42d74844cf7,200,13.971258
2026-09-17T03:43:49.884900159Z,search,full,a42d74844cf7,200,11.93829
2026-09-17T03:43:49.94875552Z,search,full,a42d74844cf7,200,16.143116
2026-09-17T03:43:50.009021741Z,search,full,a42d74844cf7,200,16.438718
2026-09-17T03:43:50.067389697Z,search,full,a42d74844cf7,200,14.989054
2026-09-17T03:43:50.127513106Z,search,full,a42d74844cf7,200,14.413136
2026-09-17T03:43:50.186803353Z,search,full,a42d74844cf7,200,14.502312
2026-09-17T03:43:50.245276268Z,search,full,a42d74844cf7,200,12.74593
2026-09-17T03:43:50.306264382Z,search,full,a42d74844cf7,200,13.367597
2026-09-17T03:43:50.367568381Z,search,full,a42d74844cf7,200,14.651718
2026-09-17T03:43:50.425883529Z,search,full,a42d74844cf7,200,13.562387
2026-09-17T03:43:50.485864652Z,search,full,a42d74844cf7,200,13.327398
2026-09-17T03:43:50.547079064Z,search,full,a42d74844cf7,200,14.563457
2026-09-17T03:43:50.605550189Z,search,full,a42d74844cf7,200,12.747271
2026-09-17T03:43:50.668511762Z,search,full,a42d74844cf7,200,16.091623
2026-09-17T03:43:50.726521862Z,search,full,a42d74844cf7,200,13.463604
2026-09-17T03:43:50.784593317Z,search,full,a42d74844cf7,200,12.579697
2026-09-17T03:43:50.846155906Z,search,full,a42d74844cf7,200,13.739785
2026-09-17T03:43:50.910932414Z,search,full,a42d74844cf7,200,18.080481
2026-09-17T03:43:50.967970322Z,search,full,a42d74844cf7,200,15.652753
2026-09-17T03:43:51.028252773Z,search,full,a42d74844cf7,200,15.563263
2026-09-17T03:43:51.087046649Z,search,full,a42d74844cf7,200,13.843209
2026-09-17T03:43:51.147542875Z,search,full,a42d74844cf7,200,14.75046
2026-09-17T03:43:51.206006094Z,search,full,a42d74844cf7,200,13.884596
2026-09-17T03:43:51.26653985Z,search,full,a42d74844cf7,200,14.119739
2026-09-17T03:43:51.32568199Z,search,full,a42d74844cf7,200,13.509728
2026-09-17T03:43:51.386137904Z,search,full,a42d74844cf7,200,13.806071
2026-09-17T03:43:51.448217041Z,search,full,a42d74844cf7,200,15.385379
2026-09-17T03:43:51.506689892Z,search,full,a42d74844cf7,200,13.962388
2026-09-17T03:43:51.567381463Z,search,full,a42d74844cf7,200,15.242923
2026-09-17T03:43:51.625135878Z,search,full,a42d74844cf7,200,12.137174
2026-09-17T03:43:51.686996029Z,search,full,a42d74844cf7,200,14.242212
2026-09-17T03:43:51.745924004Z,search,full,a42d74844cf7,200,12.943861
2026-09-17T03:43:51.80754808Z,search,full,a42d74844cf7,200,15.036703
2026-09-17T03:43:51.869714854Z,search,full,a42d74844cf7,200,16.712509
2026-09-17T03:43:51.926725428Z,search,full,a42d74844cf7,200,14.172013
2026-09-17T03:43:51.98807602Z,search,full,a42d74844cf7,200,15.438812
2026-09-17T03:43:52.047117656Z,search,full,a42d74844cf7,200,14.274774
2026-09-17T03:43:52.120261444Z,search,full,a42d74844cf7,200,27.381846
2026-09-17T03:43:52.177397776Z,search,full,a42d74844cf7,200,24.688129
2026-09-17T03:43:52.224834348Z,search,full,a42d74844cf7,200,12.47686
2026-09-17T03:43:52.285252177Z,search,full,a42d74844cf7,200,12.74659
2026-09-17T03:43:52.345790961Z,search,full,a42d74844cf7,200,12.798638
2026-09-17T03:43:52.405822387Z,search,full,a42d74844cf7,200,13.396859
2026-09-17T03:43:52.466450902Z,search,full,a42d74844cf7,200,14.114408
2026-09-17T03:43:52.527231729Z,search,full,a42d74844cf7,200,14.156916
2026-09-17T03:43:52.586239771Z,search,full,a42d74844cf7,200,13.475384
2026-09-17T03:43:52.645710986Z,search,full,a42d74844cf7,200,12.776538
2026-09-17T03:43:52.708286948Z,search,full,a42d74844cf7,200,15.871571
2026-09-17T03:43:52.768586353Z,search,full,a42d74844cf7,200,15.94414
2026-09-17T03:43:52.82618839Z,search,full,a42d74844cf7,200,13.773377
2026-09-17T03:43:52.886061754Z,search,full,a42d74844cf7,200,13.101983
2026-09-17T03:43:52.945363274Z,search,full,a42d74844cf7,200,12.62108
2026-09-17T03:43:53.005663225Z,search,full,a42d74844cf7,200,13.452784
2026-09-17T03:43:53.065697435Z,search,full,a42d74844cf7,200,13.480889
2026-09-17T03:43:53.124632223Z,search,full,a42d74844cf7,200,12.143855
2026-09-17T03:43:53.185913358Z,search,full,a42d74844cf7,200,13.576202
2026-09-17T03:43:53.247468864Z,search,full,a42d74844cf7,200,14.918794
2026-09-17T03:43:53.308051995Z,search,full,a42d74844cf7,200,14.820586
2026-09-17T03:43:53.36562334Z,search,full,a42d74844cf7,200,13.184512
2026-09-17T03:43:53.426574139Z,search,full,a42d74844cf7,200,13.704121
2026-09-17T03:43:53.484934254Z,search,full,a42d74844cf7,200,12.672665
2026-09-17T03:43:53.546698325Z,search,full,a42d74844cf7,200,13.993533
2026-09-17T03:43:53.607652975Z,search,full,a42d74844cf7,200,15.165912
2026-09-17T03:43:53.674650449Z,search,full,a42d74844cf7,200,21.522061
2026-09-17T03:43:53.728429419Z,search,full,a42d74844cf7,200,15.660804
2026-09-17T03:43:53.786665274Z,search,full,a42d74844cf7,200,14.509133
2026-09-17T03:43:53.847410579Z,search,full,a42d74844cf7,200,14.884921
2026-09-17T03:43:53.90951907Z,search,full,a42d74844cf7,200,17.446508
2026-09-17T03:43:53.968488616Z,search,full,a42d74844cf7,200,15.483896
2026-09-17T03:43:54.027785872Z,search,full,a42d74844cf7,200,15.670905
2026-09-17T03:43:54.090128965Z,search,full,a42d74844cf7,200,17.248129
2026-09-17T03:43:54.149052878Z,search,full,a42d74844cf7,200,16.133249
2026-09-17T03:43:54.209507003Z,search,full,a42d74844cf7,200,16.751535
2026-09-17T03:43:54.267696455Z,search,full,a42d74844cf7,200,14.709476
2026-09-17T03:43:54.326138056Z,search,full,a42d74844cf7,200,13.783488
2026-09-17T03:43:54.388439058Z,search,full,a42d74844cf7,200,15.722284
2026-09-17T03:43:54.447154599Z,search,full,a42d74844cf7,200,14.828631
2026-09-17T03:43:54.513915476Z,search,full,a42d74844cf7,200,20.988231
2026-09-17T03:43:54.570169583Z,search,full,a42d74844cf7,200,17.251503
2026-09-17T03:43:54.636692061Z,search,full,a42d74844cf7,200,23.746438
2026-09-17T03:43:54.688271816Z,search,full,a42d74844cf7,200,15.947091
2026-09-17T03:43:54.748388082Z,search,full,a42d74844cf7,200,15.474865
2026-09-17T03:43:54.808119861Z,search,full,a42d74844cf7,200,15.79259
2026-09-17T03:43:54.867067Z,search,full,a42d74844cf7,200,14.278616
2026-09-17T03:43:54.925290884Z,search,full,a42d74844cf7,200,12.43289
2026-09-17T03:43:54.986363822Z,search,full,a42d74844cf7,200,13.34779
2026-09-17T03:43:55.047188441Z,search,full,a42d74844cf7,200,14.116193
2026-09-17T03:43:55.105667831Z,search,full,a42d74844cf7,200,12.852472
2026-09-17T03:43:55.165683395Z,search,full,a42d74844cf7,200,13.55943
2026-09-17T03:43:55.226898264Z,search,full,a42d74844cf7,200,14.556821
2026-09-17T03:43:55.287425612Z,search,full,a42d74844cf7,200,14.744851
2026-09-17T03:43:55.346608238Z,search,full,a42d74844cf7,200,13.551691
2026-09-17T03:43:55.405550897Z,search,full,a42d74844cf7,200,13.218216
2026-09-17T03:43:55.466691551Z,search,full,a42d74844cf7,200,14.684541
2026-09-17T03:43:55.52749553Z,search,full,a42d74844cf7,200,14.987639
2026-09-17T03:43:55.587221218Z,search,full,a42d74844cf7,200,15.00971
2026-09-17T03:43:55.646695556Z,search,full,a42d74844cf7,200,13.832437
2026-09-17T03:43:55.707537407Z,search,full,a42d74844cf7,200,15.195095
2026-09-17T03:43:55.766652868Z,search,full,a42d74844cf7,200,13.69459
2026-09-17T03:43:55.826547988Z,search,full,a42d74844cf7,200,14.163146
2026-09-17T03:43:55.885997095Z,search,full,a42d74844cf7,200,13.909647
2026-09-17T03:43:55.947389347Z,search,full,a42d74844cf7,200,14.710037
2026-09-17T03:43:56.006574694Z,search,full,a42d74844cf7,200,13.598579
2026-09-17T03:43:56.066522808Z,search,full,a42d74844cf7,200,13.62764
2026-09-17T03:43:56.12962307Z,search,full,a42d74844cf7,200,17.199106
2026-09-17T03:43:56.184877935Z,search,full,a42d74844cf7,200,12.493081
2026-09-17T03:43:56.245846808Z,search,full,a42d74844cf7,200,13.186569
2026-09-17T03:43:56.305429728Z,search,full,a42d74844cf7,200,13.031162
2026-09-17T03:43:56.367483612Z,search,full,a42d74844cf7,200,15.100183
2026-09-17T03:43:56.428908402Z,search,full,a42d74844cf7,200,15.887611
2026-09-17T03:43:56.486677787Z,search,full,a42d74844cf7,200,13.964582
2026-09-17T03:43:56.546203868Z,search,full,a42d74844cf7,200,13.82542
2026-09-17T03:43:56.606882318Z,search,full,a42d74844cf7,200,13.998564
2026-09-17T03:43:56.666827741Z,search,full,a42d74844cf7,200,14.550345
2026-09-17T03:43:56.726177601Z,search,full,a42d74844cf7,200,13.603983
2026-09-17T03:43:56.786111414Z,search,full,a42d74844cf7,200,13.320338
2026-09-17T03:43:56.846544474Z,search,full,a42d74844cf7,200,13.668149
2026-09-17T03:43:56.909016378Z,search,full,a42d74844cf7,200,16.528065
2026-09-17T03:43:56.96508344Z,search,full,a42d74844cf7,200,13.042282
2026-09-17T03:43:57.025924801Z,search,full,a42d74844cf7,200,13.20865
2026-09-17T03:43:57.086419667Z,search,full,a42d74844cf7,200,13.348979
2026-09-17T03:43:57.148904092Z,search,full,a42d74844cf7,200,15.878846
2026-09-17T03:43:57.20691146Z,search,full,a42d74844cf7,200,14.332775
2026-09-17T03:43:57.26534564Z,search,full,a42d74844cf7,200,13.249738
2026-09-17T03:43:57.328664757Z,search,full,a42d74844cf7,200,15.634356
2026-09-17T03:43:57.387111028Z,search,full,a42d74844cf7,200,14.55209
2026-09-17T03:43:57.447717122Z,search,full,a42d74844cf7,200,14.924623
2026-09-17T03:43:57.507401376Z,search,full,a42d74844cf7,200,14.914572
2026-09-17T03:43:57.569358842Z,search,full,a42d74844cf7,200,16.706748
2026-09-17T03:43:57.626507831Z,search,full,a42d74844cf7,200,13.349006
2026-09-17T03:43:57.685503488Z,search,full,a42d74844cf7,200,13.439378
2026-09-17T03:43:57.746659088Z,search,full,a42d74844cf7,200,14.40137
2026-09-17T03:43:57.805015277Z,search,full,a42d74844cf7,200,12.905872
2026-09-17T03:43:57.866586434Z,search,full,a42d74844cf7,200,13.730404
2026-09-17T03:43:57.926431936Z,search,full,a42d74844cf7,200,14.112179
2026-09-17T03:43:57.985626168Z,search,full,a42d74844cf7,200,13.468939
2026-09-17T03:43:58.046929504Z,search,full,a42d74844cf7,200,14.45801
2026-09-17T03:43:58.106485167Z,search,full,a42d74844cf7,200,13.775376
2026-09-17T03:43:58.166969697Z,search,full,a42d74844cf7,200,13.924333
2026-09-17T03:43:58.227894355Z,search,full,a42d74844cf7,200,15.254552
2026-09-17T03:43:58.287578994Z,search,full,a42d74844cf7,200,14.874433
2026-09-17T03:43:58.348823256Z,search,full,a42d74844cf7,200,16.461159
2026-09-17T03:43:58.409896975Z,search,full,a42d74844cf7,200,16.968758
2026-09-17T03:43:58.467586764Z,search,full,a42d74844cf7,200,14.938415
2026-09-17T03:43:58.52682869Z,search,full,a42d74844cf7,200,14.145009
2026-09-17T03:43:58.593283729Z,search,full,a42d74844cf7,200,20.314911
2026-09-17T03:43:58.648165907Z,search,full,a42d74844cf7,200,15.2673
2026-09-17T03:43:58.705519036Z,search,full,a42d74844cf7,200,12.850957
2026-09-17T03:43:58.766628498Z,search,full,a42d74844cf7,200,13.563191
2026-09-17T03:43:58.82648426Z,search,full,a42d74844cf7,200,14.101107
2026-09-17T03:43:58.884905179Z,search,full,a42d74844cf7,200,12.733193
2026-09-17T03:43:58.947492121Z,search,full,a42d74844cf7,200,14.898347
2026-09-17T03:43:59.012385783Z,search,full,a42d74844cf7,200,20.212071
2026-09-17T03:43:59.06687584Z,search,full,a42d74844cf7,200,14.192528
2026-09-17T03:43:59.125767951Z,search,full,a42d74844cf7,200,13.194683
2026-09-17T03:43:59.188901349Z,search,full,a42d74844cf7,200,16.399051
2026-09-17T03:43:59.24800906Z,search,full,a42d74844cf7,200,15.438448
2026-09-17T03:43:59.305525676Z,search,full,a42d74844cf7,200,12.765242
2026-09-17T03:43:59.367245774Z,search,full,a42d74844cf7,200,14.20998
2026-09-17T03:43:59.427393593Z,search,full,a42d74844cf7,200,14.353671
2026-09-17T03:43:59.485716255Z,search,full,a42d74844cf7,200,12.819345
2026-09-17T03:43:59.546313918Z,search,full,a42d74844cf7,200,13.841507
2026-09-17T03:43:59.606482309Z,search,full,a42d74844cf7,200,13.40712
2026-09-17T03:43:59.667418788Z,search,full,a42d74844cf7,200,14.495367
2026-09-17T03:43:59.726918506Z,search,full,a42d74844cf7,200,14.723648
2026-09-17T03:43:59.789053456Z,search,full,a42d74844cf7,200,16.452588
2026-09-17T03:43:59.847193034Z,search,full,a42d74844cf7,200,14.433197
2026-09-17T03:43:59.907347163Z,search,full,a42d74844cf7,200,14.431696
2026-09-17T03:43:59.96912559Z,search,full,a42d74844cf7,200,16.41922
2026-09-17T03:44:00.028347602Z,search,full,a42d74844cf7,200,15.557715
2026-09-17T03:44:00.090845859Z,search,full,a42d74844cf7,200,18.810907
2026-09-17T03:44:00.148329731Z,search,full,a42d74844cf7,200,15.845647
2026-09-17T03:44:00.203172969Z,search,full,a42d74844cf7,200,11.16803
2026-09-17T03:44:00.266875287Z,search,full,a42d74844cf7,200,14.048909
2026-09-17T03:44:00.325702305Z,search,full,a42d74844cf7,200,13.153202
2026-09-17T03:44:00.386068685Z,search,full,a42d74844cf7,200,13.741881
2026-09-17T03:44:00.445235809Z,search,full,a42d74844cf7,200,12.492206
2026-09-17T03:44:00.506808396Z,search,full,a42d74844cf7,200,13.941947
2026-09-17T03:44:00.565599395Z,search,full,a42d74844cf7,200,13.46493
2026-09-17T03:44:00.625850837Z,search,full,a42d74844cf7,200,13.58455
2026-09-17T03:44:00.686429346Z,search,full,a42d74844cf7,200,14.018051
2026-09-17T03:44:00.746143786Z,search,full,a42d74844cf7,200,14.079476
2026-09-17T03:44:00.805986241Z,search,full,a42d74844cf7,200,13.043283
2026-09-17T03:44:00.866914399Z,search,full,a42d74844cf7,200,14.30807
2026-09-17T03:44:00.926309358Z,search,full,a42d74844cf7,200,13.719383
2026-09-17T03:44:00.992283445Z,search,full,a42d74844cf7,200,19.282499
2026-09-17T03:44:01.047675046Z,search,full,a42d74844cf7,200,14.820064
2026-09-17T03:44:01.106868752Z,search,full,a42d74844cf7,200,14.580589
2026-09-17T03:44:01.166797474Z,search,full,a42d74844cf7,200,14.549363
2026-09-17T03:44:01.225521005Z,search,full,a42d74844cf7,200,13.080536
2026-09-17T03:44:01.285943816Z,search,full,a42d74844cf7,200,13.845441
2026-09-17T03:44:01.346678359Z,search,full,a42d74844cf7,200,13.940611
2026-09-17T03:44:01.40830316Z,search,full,a42d74844cf7,200,15.926553
2026-09-17T03:44:01.466315801Z,search,full,a42d74844cf7,200,13.601311
2026-09-17T03:44:01.526605231Z,search,full,a42d74844cf7,200,13.506047
2026-09-17T03:44:01.586670553Z,search,full,a42d74844cf7,200,14.551123
2026-09-17T03:44:01.648366935Z,search,full,a42d74844cf7,200,16.014555
2026-09-17T03:44:01.707114452Z,search,full,a42d74844cf7,200,14.732135
2026-09-17T03:44:01.766686946Z,search,full,a42d74844cf7,200,14.151558
2026-09-17T03:44:01.827223694Z,search,full,a42d74844cf7,200,14.822237
2026-09-17T03:44:01.889730102Z,search,full,a42d74844cf7,200,16.612594
2026-09-17T03:44:01.949448208Z,search,full,a42d74844cf7,200,17.07428
2026-09-17T03:44:02.007492138Z,search,full,a42d74844cf7,200,14.441149
2026-09-17T03:44:02.068133388Z,search,full,a42d74844cf7,200,15.366974
2026-09-17T03:44:02.126081614Z,search,full,a42d74844cf7,200,13.277471
2026-09-17T03:44:02.186486991Z,search,full,a42d74844cf7,200,13.667465
2026-09-17T03:44:02.246619076Z,search,full,a42d74844cf7,200,14.345962
2026-09-17T03:44:02.308324861Z,search,full,a42d74844cf7,200,15.426263
2026-09-17T03:44:02.366659541Z,search,full,a42d74844cf7,200,13.910498
2026-09-17T03:44:02.431597965Z,search,full,a42d74844cf7,200,19.124677
2026-09-17T03:44:02.488152499Z,search,full,a42d74844cf7,200,16.002473
2026-09-17T03:44:02.546650031Z,search,full,a42d74844cf7,200,13.827286
2026-09-17T03:44:02.606169062Z,search,full,a42d74844cf7,200,13.677471
2026-09-17T03:44:02.666259216Z,search,full,a42d74844cf7,200,14.0514
2026-09-17T03:44:02.726351945Z,search,full,a42d74844cf7,200,13.422627
2026-09-17T03:44:02.786641047Z,search,full,a42d74844cf7,200,13.494565
2026-09-17T03:44:02.846601712Z,search,full,a42d74844cf7,200,14.258486
2026-09-17T03:44:02.907331916Z,search,full,a42d74844cf7,200,15.128683
2026-09-17T03:44:02.966667572Z,search,full,a42d74844cf7,200,13.812921
2026-09-17T03:44:03.026656988Z,search,full,a42d74844cf7,200,14.214151
2026-09-17T03:44:03.085549416Z,search,full,a42d74844cf7,200,13.024181
2026-09-17T03:44:03.147120518Z,search,full,a42d74844cf7,200,14.652031
2026-09-17T03:44:03.205252042Z,search,full,a42d74844cf7,200,12.344444
2026-09-17T03:44:03.266608072Z,search,full,a42d74844cf7,200,13.717317
2026-09-17T03:44:03.325830675Z,search,full,a42d74844cf7,200,13.240655
2026-09-17T03:44:03.385902632Z,search,full,a42d74844cf7,200,13.342186
2026-09-17T03:44:03.446621794Z,search,full,a42d74844cf7,200,14.085972
2026-09-17T03:44:03.505477023Z,search,full,a42d74844cf7,200,13.018002
2026-09-17T03:44:03.566097968Z,search,full,a42d74844cf7,200,12.983953
2026-09-17T03:44:03.62743872Z,search,full,a42d74844cf7,200,14.656841
2026-09-17T03:44:03.686960784Z,search,full,a42d74844cf7,200,13.957456
2026-09-17T03:44:03.746533499Z,search,full,a42d74844cf7,200,13.786648
2026-09-17T03:44:03.808381935Z,search,full,a42d74844cf7,200,16.084185
2026-09-17T03:44:03.868752551Z,search,full,a42d74844cf7,200,15.923326
2026-09-17T03:44:03.926442947Z,search,full,a42d74844cf7,200,13.93027
2026-09-17T03:44:03.984913562Z,search,full,a42d74844cf7,200,12.81712
2026-09-17T03:44:04.04532425Z,search,full,a42d74844cf7,200,12.524263
2026-09-17T03:44:04.106773246Z,search,full,a42d74844cf7,200,13.718479
2026-09-17T03:44:04.165475379Z,search,full,a42d74844cf7,200,13.26127
2026-09-17T03:44:04.224929889Z,search,full,a42d74844cf7,200,12.850389
2026-09-17T03:44:04.289311079Z,search,full,a42d74844cf7,200,16.423544
2026-09-17T03:44:04.348938627Z,search,full,a42d74844cf7,200,15.967686
2026-09-17T03:44:04.405326684Z,search,full,a42d74844cf7,200,12.604085
2026-09-17T03:44:04.466067382Z,search,full,a42d74844cf7,200,13.153191
2026-09-17T03:44:04.526227996Z,search,full,a42d74844cf7,200,13.581199
2026-09-17T03:44:04.586869787Z,search,full,a42d74844cf7,200,13.928071
2026-09-17T03:44:04.64933142Z,search,full,a42d74844cf7,200,16.484154
2026-09-17T03:44:04.710783388Z,search,full,a42d74844cf7,200,17.690268
2026-09-17T03:44:04.765879472Z,search,full,a42d74844cf7,200,13.835573
2026-09-17T03:44:04.826429565Z,search,full,a42d74844cf7,200,13.951573
2026-09-17T03:44:04.888738253Z,search,full,a42d74844cf7,200,16.661118
2026-09-17T03:44:04.946226418Z,search,full,a42d74844cf7,200,14.017907
2026-09-17T03:44:05.006869205Z,search,full,a42d74844cf7,200,13.903168
2026-09-17T03:44:05.067559523Z,search,full,a42d74844cf7,200,14.784858
2026-09-17T03:44:05.125620812Z,search,full,a42d74844cf7,200,13.345288
2026-09-17T03:44:05.187036207Z,search,full,a42d74844cf7,200,14.741102
2026-09-17T03:44:05.247201887Z,search,full,a42d74844cf7,200,14.31087
2026-09-17T03:44:05.305122066Z,search,full,a42d74844cf7,200,12.280825
2026-09-17T03:44:05.365903572Z,search,full,a42d74844cf7,200,13.098057
2026-09-17T03:44:05.426605967Z,search,full,a42d74844cf7,200,13.948061
2026-09-17T03:44:05.486919854Z,search,full,a42d74844cf7,200,14.779505
2026-09-17T03:44:05.546583323Z,search,full,a42d74844cf7,200,13.993093
2026-09-17T03:44:05.6073719Z,search,full,a42d74844cf7,200,15.206721
2026-09-17T03:44:05.666520533Z,search,full,a42d74844cf7,200,13.685756
2026-09-17T03:44:05.727657801Z,search,full,a42d74844cf7,200,15.424229
2026-09-17T03:44:05.786458718Z,search,full,a42d74844cf7,200,14.153658
2026-09-17T03:44:05.845831663Z,search,full,a42d74844cf7,200,13.766969
2026-09-17T03:44:05.906204568Z,search,full,a42d74844cf7,200,13.682882
2026-09-17T03:44:05.966220137Z,search,full,a42d74844cf7,200,13.484046
2026-09-17T03:44:06.027357654Z,search,full,a42d74844cf7,200,14.369708
2026-09-17T03:44:06.09199464Z,search,full,a42d74844cf7,200,19.904675
2026-09-17T03:44:06.152889621Z,search,full,a42d74844cf7,200,20.148674
2026-09-17T03:44:06.209341777Z,search,full,a42d74844cf7,200,16.208449
2026-09-17T03:44:06.267385539Z,search,full,a42d74844cf7,200,14.508564
2026-09-17T03:44:06.326569194Z,search,full,a42d74844cf7,200,13.463145
2026-09-17T03:44:06.385793022Z,search,full,a42d74844cf7,200,13.741796
2026-09-17T03:44:06.445578213Z,search,full,a42d74844cf7,200,13.009531
2026-09-17T03:44:06.50520581Z,search,full,a42d74844cf7,200,13.119328
2026-09-17T03:44:06.570138423Z,search,full,a42d74844cf7,200,17.258635
2026-09-17T03:44:06.627524211Z,search,full,a42d74844cf7,200,14.740557
2026-09-17T03:44:06.685425558Z,search,full,a42d74844cf7,200,13.367048
2026-09-17T03:44:06.74588846Z,search,full,a42d74844cf7,200,13.633908
2026-09-17T03:44:06.806704029Z,search,full,a42d74844cf7,200,14.047739
2026-09-17T03:44:06.867238587Z,search,full,a42d74844cf7,200,14.164129
2026-09-17T03:44:06.92602102Z,search,full,a42d74844cf7,200,13.158316
2026-09-17T03:44:06.985479926Z,search,full,a42d74844cf7,200,12.684954
2026-09-17T03:44:07.045871033Z,search,full,a42d74844cf7,200,13.544076
2026-09-17T03:44:07.107948798Z,search,full,a42d74844cf7,200,15.263853
2026-09-17T03:44:07.16631028Z,search,full,a42d74844cf7,200,13.233677
2026-09-17T03:44:07.227447024Z,search,full,a42d74844cf7,200,14.473112
2026-09-17T03:44:07.284849273Z,search,full,a42d74844cf7,200,12.83219
2026-09-17T03:44:07.346465688Z,search,full,a42d74844cf7,200,13.880131
2026-09-17T03:44:07.405835151Z,search,full,a42d74844cf7,200,12.769881
2026-09-17T03:44:07.467356564Z,search,full,a42d74844cf7,200,14.897374
2026-09-17T03:44:07.528864746Z,search,full,a42d74844cf7,200,15.922592
2026-09-17T03:44:07.586922145Z,search,full,a42d74844cf7,200,14.676707
2026-09-17T03:44:07.646950094Z,search,full,a42d74844cf7,200,14.240508
2026-09-17T03:44:07.708698134Z,search,full,a42d74844cf7,200,15.804628
2026-09-17T03:44:07.766484662Z,search,full,a42d74844cf7,200,13.474436
2026-09-17T03:44:07.82530637Z,search,full,a42d74844cf7,200,13.022321
2026-09-17T03:44:07.886238166Z,search,full,a42d74844cf7,200,13.200724
2026-09-17T03:44:07.946507224Z,search,full,a42d74844cf7,200,13.600675
2026-09-17T03:44:08.00603927Z,search,full,a42d74844cf7,200,13.649914
2026-09-17T03:44:08.068458041Z,search,full,a42d74844cf7,200,15.897952
2026-09-17T03:44:08.124921682Z,search,full,a42d74844cf7,200,12.790409
2026-09-17T03:44:08.185790539Z,search,full,a42d74844cf7,200,13.189334
2026-09-17T03:44:08.24564739Z,search,full,a42d74844cf7,200,13.151922
2026-09-17T03:44:08.305638156Z,search,full,a42d74844cf7,200,13.094564
2026-09-17T03:44:08.36785114Z,search,full,a42d74844cf7,200,14.710987
2026-09-17T03:44:08.427414768Z,search,full,a42d74844cf7,200,14.932444
2026-09-17T03:44:08.48978853Z,search,full,a42d74844cf7,200,17.762288
2026-09-17T03:44:08.550773176Z,search,full,a42d74844cf7,200,17.749483
2026-09-17T03:44:08.608856657Z,search,full,a42d74844cf7,200,16.341179
2026-09-17T03:44:08.668725804Z,search,full,a42d74844cf7,200,16.427868
2026-09-17T03:44:08.727491211Z,search,full,a42d74844cf7,200,15.025335
2026-09-17T03:44:08.786207523Z,search,full,a42d74844cf7,200,14.180381
2026-09-17T03:44:08.846689551Z,search,full,a42d74844cf7,200,13.965963
2026-09-17T03:44:08.906346421Z,search,full,a42d74844cf7,200,14.047515
2026-09-17T03:44:08.966336056Z,search,full,a42d74844cf7,200,13.547502
2026-09-17T03:44:09.027387268Z,search,full,a42d74844cf7,200,14.444752
2026-09-17T03:44:09.084485357Z,search,full,a42d74844cf7,200,12.34027
2026-09-17T03:44:09.152445346Z,search,full,a42d74844cf7,200,19.452962
2026-09-17T03:44:09.207771081Z,search,full,a42d74844cf7,200,14.70805
2026-09-17T03:44:09.267316507Z,search,full,a42d74844cf7,200,14.169004
2026-09-17T03:44:09.328480524Z,search,full,a42d74844cf7,200,15.53571
2026-09-17T03:44:09.3869133Z,search,full,a42d74844cf7,200,14.489055
2026-09-17T03:44:09.446169623Z,search,full,a42d74844cf7,200,13.328685
2026-09-17T03:44:09.505984041Z,search,full,a42d74844cf7,200,13.207106
2026-09-17T03:44:09.56622958Z,search,full,a42d74844cf7,200,13.755747
2026-09-17T03:44:09.626289616Z,search,full,a42d74844cf7,200,13.515741
2026-09-17T03:44:09.688188257Z,search,full,a42d74844cf7,200,15.247897
2026-09-17T03:44:09.748464964Z,search,full,a42d74844cf7,200,15.645817
2026-09-17T03:44:09.808858275Z,search,full,a42d74844cf7,200,15.782512
2026-09-17T03:44:09.865777171Z,search,full,a42d74844cf7,200,13.571978
2026-09-17T03:44:09.926577294Z,search,full,a42d74844cf7,200,14.48547
2026-09-17T03:44:09.985696328Z,search,full,a42d74844cf7,200,13.398022
2026-09-17T03:44:10.047368076Z,search,full,a42d74844cf7,200,14.95517
2026-09-17T03:44:10.109447475Z,search,full,a42d74844cf7,200,16.494762
2026-09-17T03:44:10.167150076Z,search,full,a42d74844cf7,200,14.346308
2026-09-17T03:44:10.227634278Z,search,full,a42d74844cf7,200,14.858241
2026-09-17T03:44:10.287019644Z,search,full,a42d74844cf7,200,14.694835
2026-09-17T03:44:10.347149864Z,search,full,a42d74844cf7,200,14.418463
2026-09-17T03:44:10.407075014Z,search,full,a42d74844cf7,200,14.434274
2026-09-17T03:44:10.467656474Z,search,full,a42d74844cf7,200,15.155964
2026-09-17T03:44:10.526543975Z,search,full,a42d74844cf7,200,14.227138
2026-09-17T03:44:10.585252844Z,search,full,a42d74844cf7,200,13.005002
2026-09-17T03:44:10.645623723Z,search,full,a42d74844cf7,200,13.300343
2026-09-17T03:44:10.706903371Z,search,full,a42d74844cf7,200,14.542031
2026-09-17T03:44:10.76660886Z,search,full,a42d74844cf7,200,14.201496
2026-09-17T03:44:10.825653838Z,search,full,a42d74844cf7,200,13.540366
2026-09-17T03:44:10.887117052Z,search,full,a42d74844cf7,200,14.737174
2026-09-17T03:44:10.947056364Z,search,full,a42d74844cf7,200,14.269683
2026-09-17T03:44:11.00642378Z,search,full,a42d74844cf7,200,13.604901
2026-09-17T03:44:11.065545585Z,search,full,a42d74844cf7,200,12.681076
2026-09-17T03:44:11.126338121Z,search,full,a42d74844cf7,200,14.004972
2026-09-17T03:44:11.187710852Z,search,full,a42d74844cf7,200,14.916708
2026-09-17T03:44:11.246464068Z,search,full,a42d74844cf7,200,14.183811
2026-09-17T03:44:11.305592052Z,search,full,a42d74844cf7,200,13.482107
2026-09-17T03:44:11.365179352Z,search,full,a42d74844cf7,200,13.159833
2026-09-17T03:44:11.426425957Z,search,full,a42d74844cf7,200,13.639059
2026-09-17T03:44:11.485537032Z,search,full,a42d74844cf7,200,13.524341
2026-09-17T03:44:11.546661678Z,search,full,a42d74844cf7,200,14.310791
2026-09-17T03:44:11.605853557Z,search,full,a42d74844cf7,200,13.458776
2026-09-17T03:44:11.666430132Z,search,full,a42d74844cf7,200,14.011921
2026-09-17T03:44:11.728120662Z,search,full,a42d74844cf7,200,15.747704
2026-09-17T03:44:11.787310011Z,search,full,a42d74844cf7,200,14.573089
2026-09-17T03:44:11.847036242Z,search,full,a42d74844cf7,200,14.021139
2026-09-17T03:44:11.908137937Z,search,full,a42d74844cf7,200,15.384103
2026-09-17T03:44:11.965045967Z,search,full,a42d74844cf7,200,12.55189
2026-09-17T03:44:12.025627228Z,search,full,a42d74844cf7,200,12.880521
2026-09-17T03:44:12.087857803Z,search,full,a42d74844cf7,200,15.205782
2026-09-17T03:44:12.147139736Z,search,full,a42d74844cf7,200,14.525332
2026-09-17T03:44:12.207737042Z,search,full,a42d74844cf7,200,15.021875
2026-09-17T03:44:12.265438627Z,search,full,a42d74844cf7,200,13.405545
2026-09-17T03:44:12.325934417Z,search,full,a42d74844cf7,200,13.621858
2026-09-17T03:44:12.386569465Z,search,full,a42d74844cf7,200,13.830018
2026-09-17T03:44:12.445209654Z,search,full,a42d74844cf7,200,12.730304
2026-09-17T03:44:12.50731129Z,search,full,a42d74844cf7,200,14.311245
2026-09-17T03:44:12.565493847Z,search,full,a42d74844cf7,200,12.788615
2026-09-17T03:44:12.626468382Z,search,full,a42d74844cf7,200,14.107615
2026-09-17T03:44:12.68576581Z,search,full,a42d74844cf7,200,13.64895
2026-09-17T03:44:12.745605449Z,search,full,a42d74844cf7,200,12.968828
2026-09-17T03:44:12.806262Z,search,full,a42d74844cf7,200,14.124677
2026-09-17T03:44:12.86546984Z,search,full,a42d74844cf7,200,12.783349
2026-09-17T03:44:12.924862255Z,search,full,a42d74844cf7,200,12.732889
2026-09-17T03:44:12.993209122Z,search,full,a42d74844cf7,200,20.211909
2026-09-17T03:44:13.046776602Z,search,full,a42d74844cf7,200,13.849854
2026-09-17T03:44:13.106194695Z,search,full,a42d74844cf7,200,13.679148
2026-09-17T03:44:13.167087659Z,search,full,a42d74844cf7,200,14.25157
2026-09-17T03:44:13.226446391Z,search,full,a42d74844cf7,200,13.751527
2026-09-17T03:44:13.286266428Z,search,full,a42d74844cf7,200,13.099608
2026-09-17T03:44:13.346475035Z,search,full,a42d74844cf7,200,13.454494
2026-09-17T03:44:13.406113574Z,search,full,a42d74844cf7,200,14.033095
2026-09-17T03:44:13.467634786Z,search,full,a42d74844cf7,200,14.948809
2026-09-17T03:44:13.526659262Z,search,full,a42d74844cf7,200,14.324601
2026-09-17T03:44:13.589205538Z,search,full,a42d74844cf7,200,16.872691
2026-09-17T03:44:13.646256454Z,search,full,a42d74844cf7,200,13.409701
2026-09-17T03:44:13.707073433Z,search,full,a42d74844cf7,200,14.138988
2026-09-17T03:44:13.769316808Z,search,full,a42d74844cf7,200,16.831762
2026-09-17T03:44:13.826717847Z,search,full,a42d74844cf7,200,13.702
2026-09-17T03:44:13.885609204Z,search,full,a42d74844cf7,200,13.232634
2026-09-17T03:44:13.949116806Z,search,full,a42d74844cf7,200,16.80979
2026-09-17T03:44:14.007321121Z,search,full,a42d74844cf7,200,14.482604
2026-09-17T03:44:14.065627312Z,search,full,a42d74844cf7,200,12.954268
2026-09-17T03:44:14.125741542Z,search,full,a42d74844cf7,200,13.378
2026-09-17T03:44:14.186538363Z,search,full,a42d74844cf7,200,13.859876
2026-09-17T03:44:14.246994419Z,search,full,a42d74844cf7,200,14.76567
2026-09-17T03:44:14.306775753Z,search,full,a42d74844cf7,200,14.147876
2026-09-17T03:44:14.365210286Z,search,full,a42d74844cf7,200,13.11521
2026-09-17T03:44:14.427169006Z,search,full,a42d74844cf7,200,14.366885
2026-09-17T03:44:14.485426353Z,search,full,a42d74844cf7,200,12.540444
2026-09-17T03:44:14.544594482Z,search,full,a42d74844cf7,200,12.315793
2026-09-17T03:44:14.605848348Z,search,full,a42d74844cf7,200,13.556703
2026-09-17T03:44:14.666704755Z,search,full,a42d74844cf7,200,14.321947
2026-09-17T03:44:14.725356083Z,search,full,a42d74844cf7,200,12.98714
2026-09-17T03:44:14.787661369Z,search,full,a42d74844cf7,200,15.634321
2026-09-17T03:44:14.847836889Z,search,full,a42d74844cf7,200,15.479244
2026-09-17T03:44:14.909477174Z,search,full,a42d74844cf7,200,16.745624
2026-09-17T03:44:14.966640945Z,search,full,a42d74844cf7,200,13.798162
2026-09-17T03:44:15.02655866Z,search,full,a42d74844cf7,200,14.218934
2026-09-17T03:44:15.08641138Z,search,full,a42d74844cf7,200,14.04073
2026-09-17T03:44:15.150497837Z,search,full,a42d74844cf7,200,18.356582
2026-09-17T03:44:15.205423796Z,search,full,a42d74844cf7,200,13.34909
2026-09-17T03:44:15.267826941Z,search,full,a42d74844cf7,200,14.759345
2026-09-17T03:44:15.326187172Z,search,full,a42d74844cf7,200,13.621478
2026-09-17T03:44:15.386824096Z,search,full,a42d74844cf7,200,13.89806
2026-09-17T03:44:15.443831018Z,search,full,a42d74844cf7,200,11.474873
2026-09-17T03:44:15.504489981Z,search,full,a42d74844cf7,200,12.026687
2026-09-17T03:44:15.566386805Z,search,full,a42d74844cf7,200,14.289734
2026-09-17T03:44:15.62760143Z,search,full,a42d74844cf7,200,14.515457
2026-09-17T03:44:15.684958249Z,search,full,a42d74844cf7,200,12.843619
2026-09-17T03:44:15.747250795Z,search,full,a42d74844cf7,200,14.622393
2026-09-17T03:44:15.806948473Z,search,full,a42d74844cf7,200,13.866311
2026-09-17T03:44:15.867149809Z,search,full,a42d74844cf7,200,14.815478
2026-09-17T03:44:15.926860609Z,search,full,a42d74844cf7,200,14.194617
2026-09-17T03:44:15.986455003Z,search,full,a42d74844cf7,200,13.639279
2026-09-17T03:44:16.045556324Z,search,full,a42d74844cf7,200,13.471975
2026-09-17T03:44:16.107032762Z,search,full,a42d74844cf7,200,14.831321
2026-09-17T03:44:16.165244777Z,search,full,a42d74844cf7,200,12.846968
2026-09-17T03:44:16.227406547Z,search,full,a42d74844cf7,200,14.313503
2026-09-17T03:44:16.285619622Z,search,full,a42d74844cf7,200,12.680562
2026-09-17T03:44:16.346874308Z,search,full,a42d74844cf7,200,14.720608
2026-09-17T03:44:16.405594771Z,search,full,a42d74844cf7,200,13.08496
2026-09-17T03:44:16.467310493Z,search,full,a42d74844cf7,200,15.084741
2026-09-17T03:44:16.527160799Z,search,full,a42d74844cf7,200,14.128333
2026-09-17T03:44:16.586315423Z,search,full,a42d74844cf7,200,13.372946
2026-09-17T03:44:16.645747389Z,search,full,a42d74844cf7,200,12.780948
2026-09-17T03:44:16.710161523Z,search,full,a42d74844cf7,200,17.867229
2026-09-17T03:44:16.766718349Z,search,full,a42d74844cf7,200,14.213325
2026-09-17T03:44:16.830345512Z,search,full,a42d74844cf7,200,17.897394
2026-09-17T03:44:16.886937686Z,search,full,a42d74844cf7,200,13.89965
2026-09-17T03:44:16.946628031Z,search,full,a42d74844cf7,200,13.948706
2026-09-17T03:44:17.005777116Z,search,full,a42d74844cf7,200,13.455589
2026-09-17T03:44:17.067451948Z,search,full,a42d74844cf7,200,15.012754
2026-09-17T03:44:17.125450924Z,search,full,a42d74844cf7,200,12.920865
2026-09-17T03:44:17.185623264Z,search,full,a42d74844cf7,200,12.40517
2026-09-17T03:44:17.245432198Z,search,full,a42d74844cf7,200,13.024901
2026-09-17T03:44:17.310166569Z,search,full,a42d74844cf7,200,16.901065
2026-09-17T03:44:17.366217102Z,search,full,a42d74844cf7,200,13.1424
2026-09-17T03:44:17.425723664Z,search,full,a42d74844cf7,200,12.669901
2026-09-17T03:44:17.486571254Z,search,full,a42d74844cf7,200,14.237836
2026-09-17T03:44:17.545259581Z,search,full,a42d74844cf7,200,12.985949
2026-09-17T03:44:17.608400918Z,search,full,a42d74844cf7,200,16.246901
2026-09-17T03:44:17.665671248Z,search,full,a42d74844cf7,200,13.491926
2026-09-17T03:44:17.727696436Z,search,full,a42d74844cf7,200,15.437371
2026-09-17T03:44:17.786845841Z,search,full,a42d74844cf7,200,14.344199
2026-09-17T03:44:17.851679154Z,search,full,a42d74844cf7,200,19.342412
2026-09-17T03:44:17.90836859Z,search,full,a42d74844cf7,200,15.901996
2026-09-17T03:44:17.968133927Z,search,full,a42d74844cf7,200,15.371237
2026-09-17T03:44:18.02705692Z,search,full,a42d74844cf7,200,14.21702
2026-09-17T03:44:18.08795715Z,search,full,a42d74844cf7,200,15.124548
2026-09-17T03:44:18.147552653Z,search,full,a42d74844cf7,200,14.60878
2026-09-17T03:44:18.210504615Z,search,full,a42d74844cf7,200,18.149624
2026-09-17T03:44:18.268956263Z,search,full,a42d74844cf7,200,16.113082
2026-09-17T03:44:18.326256995Z,search,full,a42d74844cf7,200,13.572887
2026-09-17T03:44:18.387426676Z,search,full,a42d74844cf7,200,14.639202
2026-09-17T03:44:18.44744205Z,search,full,a42d74844cf7,200,14.315811
2026-09-17T03:44:18.51469993Z,search,full,a42d74844cf7,200,21.681966
2026-09-17T03:44:18.569128097Z,search,full,a42d74844cf7,200,16.790637
2026-09-17T03:44:18.629793084Z,search,full,a42d74844cf7,200,17.148959
2026-09-17T03:44:18.687523463Z,search,full,a42d74844cf7,200,14.777712
2026-09-17T03:44:18.743911311Z,search,full,a42d74844cf7,200,13.910127
2026-09-17T03:44:18.809309956Z,search,full,a42d74844cf7,200,19.701089
2026-09-17T03:44:18.864176126Z,search,full,a42d74844cf7,200,14.416465
2026-09-17T03:44:18.923032644Z,search,full,a42d74844cf7,200,13.075275
2026-09-17T03:44:18.983593204Z,search,full,a42d74844cf7,200,14.02257
2026-09-17T03:44:19.043802392Z,search,full,a42d74844cf7,200,13.480255
2026-09-17T03:44:19.104625253Z,search,full,a42d74844cf7,200,14.957297
2026-09-17T03:44:19.164169702Z,search,full,a42d74844cf7,200,14.140335
2026-09-17T03:44:19.223342843Z,search,full,a42d74844cf7,200,13.440222
2026-09-17T03:44:19.282633554Z,search,full,a42d74844cf7,200,12.491781
2026-09-17T03:44:19.343972446Z,search,full,a42d74844cf7,200,13.703067
2026-09-17T03:44:19.403553308Z,search,full,a42d74844cf7,200,13.835725
2026-09-17T03:44:19.468396732Z,search,full,a42d74844cf7,200,18.450335
2026-09-17T03:44:19.525080749Z,search,full,a42d74844cf7,200,15.077646
2026-09-17T03:44:19.584015732Z,search,full,a42d74844cf7,200,13.991443
2026-09-17T03:44:19.643071975Z,search,full,a42d74844cf7,200,13.257394
2026-09-17T03:44:19.703915061Z,search,full,a42d74844cf7,200,14.190648
2026-09-17T03:44:19.764322374Z,search,full,a42d74844cf7,200,14.140884
2026-09-17T03:44:19.826532552Z,search,full,a42d74844cf7,200,16.429129
2026-09-17T03:44:19.884270436Z,search,full,a42d74844cf7,200,14.046217
2026-09-17T03:44:19.94373269Z,search,full,a42d74844cf7,200,13.728529
2026-09-17T03:44:20.002980978Z,search,full,a42d74844cf7,200,13.694491
2026-09-17T03:44:20.063285008Z,search,full,a42d74844cf7,200,13.896
2026-09-17T03:44:20.123189869Z,search,full,a42d74844cf7,200,13.246897
2026-09-17T03:44:20.182827729Z,search,full,a42d74844cf7,200,12.929148
2026-09-17T03:44:20.24366175Z,search,full,a42d74844cf7,200,13.733743
2026-09-17T03:44:20.303333924Z,search,full,a42d74844cf7,200,13.212194
2026-09-17T03:44:20.364408203Z,search,full,a42d74844cf7,200,14.776563
2026-09-17T03:44:20.424073371Z,search,full,a42d74844cf7,200,14.007569
2026-09-17T03:44:20.483142594Z,search,full,a42d74844cf7,200,13.185583
2026-09-17T03:44:20.544081037Z,search,full,a42d74844cf7,200,14.238511
2026-09-17T03:44:20.60373893Z,search,full,a42d74844cf7,200,13.87392
2026-09-17T03:44:20.664876302Z,search,full,a42d74844cf7,200,14.712587
2026-09-17T03:44:20.722805991Z,search,full,a42d74844cf7,200,13.350329
2026-09-17T03:44:20.782135546Z,search,full,a42d74844cf7,200,12.554012
2026-09-17T03:44:20.8442385Z,search,full,a42d74844cf7,200,14.454092
2026-09-17T03:44:20.904303823Z,search,full,a42d74844cf7,200,14.317147
2026-09-17T03:44:20.963699091Z,search,full,a42d74844cf7,200,14.019235
2026-09-17T03:44:21.025634168Z,search,full,a42d74844cf7,200,15.402148
2026-09-17T03:44:21.083790509Z,search,full,a42d74844cf7,200,14.421201
2026-09-17T03:44:21.14317064Z,search,full,a42d74844cf7,200,13.572487
2026-09-17T03:44:21.204242114Z,search,full,a42d74844cf7,200,14.253564
2026-09-17T03:44:21.265053043Z,search,full,a42d74844cf7,200,15.422564
2026-09-17T03:44:21.323233635Z,search,full,a42d74844cf7,200,13.508497
2026-09-17T03:44:21.384011966Z,search,full,a42d74844cf7,200,14.191563
2026-09-17T03:44:21.442462918Z,search,full,a42d74844cf7,200,12.562132
2026-09-17T03:44:21.503600401Z,search,full,a42d74844cf7,200,13.487166
2026-09-17T03:44:21.563755835Z,search,full,a42d74844cf7,200,13.660528
2026-09-17T03:44:21.62273121Z,search,full,a42d74844cf7,200,13.256506
2026-09-17T03:44:21.683954978Z,search,full,a42d74844cf7,200,13.647907
2026-09-17T03:44:21.744361287Z,search,full,a42d74844cf7,200,14.765677
2026-09-17T03:44:21.804398081Z,search,full,a42d74844cf7,200,14.346784
2026-09-17T03:44:21.86432127Z,search,full,a42d74844cf7,200,14.680621
2026-09-17T03:44:21.9249073Z,search,full,a42d74844cf7,200,15.003538
2026-09-17T03:44:21.982661571Z,search,full,a42d74844cf7,200,13.102441
2026-09-17T03:44:22.042868181Z,search,full,a42d74844cf7,200,13.033808
2026-09-17T03:44:22.107558708Z,search,full,a42d74844cf7,200,17.999732
2026-09-17T03:44:22.176316344Z,search,full,a42d74844cf7,200,26.168631
2026-09-17T03:44:22.228597191Z,search,full,a42d74844cf7,200,18.257361
2026-09-17T03:44:22.284969444Z,search,full,a42d74844cf7,200,14.583697
2026-09-17T03:44:22.344954206Z,search,full,a42d74844cf7,200,14.747169
2026-09-17T03:44:22.402387547Z,search,full,a42d74844cf7,200,12.80824
2026-09-17T03:44:22.462978566Z,search,full,a42d74844cf7,200,13.00673
2026-09-17T03:44:22.52440553Z,search,full,a42d74844cf7,200,14.669023
2026-09-17T03:44:22.584409808Z,search,full,a42d74844cf7,200,14.302416
2026-09-17T03:44:22.645121845Z,search,full,a42d74844cf7,200,15.055133
2026-09-17T03:44:22.703188543Z,search,full,a42d74844cf7,200,13.259108
2026-09-17T03:44:22.763180255Z,search,full,a42d74844cf7,200,13.452802
2026-09-17T03:44:22.823130284Z,search,full,a42d74844cf7,200,13.181347
2026-09-17T03:44:22.883793019Z,search,full,a42d74844cf7,200,14.026486
2026-09-17T03:44:22.943224439Z,search,full,a42d74844cf7,200,13.932993
2026-09-17T03:44:23.003614187Z,search,full,a42d74844cf7,200,13.376817
2026-09-17T03:44:23.06423049Z,search,full,a42d74844cf7,200,14.238786
